{
  "total_losses": {
    "train": [
      0.2315931307524443,
      0.0359506501972675,
      0.02868792276531458,
      0.02317811536937952,
      0.019116143701225503,
      0.015999071453511707,
      0.013500917852669957,
      0.011682516542077071,
      0.010482887502014647,
      0.009754798015579583,
      0.009217580960690966,
      0.008795778966695075,
      0.008417504658922556,
      0.008093876533582817,
      0.007837936721742137,
      0.007619261249154806,
      0.007407499015331268,
      0.007221312875300646,
      0.007066059868037699,
      0.006928224093839523,
      0.006810498806834221,
      0.006710175366699691,
      0.006614144881442191,
      0.006519781306013465,
      0.006431259625405076,
      0.006351226992905139,
      0.00627595286294818,
      0.006200638716667889,
      0.006137731280922886,
      0.006086086336523301,
      0.00603456289581955,
      0.005983489841967821,
      0.005930508477613325,
      0.005880386751890185,
      0.005831092972680923,
      0.005782657578960066,
      0.005739936245232819,
      0.005703356140106915,
      0.0056643199864774875,
      0.005628245895728469,
      0.005594902454316617,
      0.005557742083072666,
      0.0055224522951990325,
      0.0054899603124707996,
      0.005453785314038396,
      0.005413453296199444,
      0.005383462586253878,
      0.005357125798612828,
      0.005322981724515562,
      0.005297733290120966
    ],
    "val": [
      0.04095759339700263,
      0.03207613168842411,
      0.025876726937574285,
      0.020723349530663134,
      0.01716919298066815,
      0.014467608006773046,
      0.012231028509938081,
      0.01074112307726942,
      0.009807136957015634,
      0.009199376977057428,
      0.008742905411859788,
      0.008376027909271179,
      0.008033095334123986,
      0.0077605449097162766,
      0.00754713752564449,
      0.007347463767316784,
      0.0071633816415690894,
      0.006999536301387688,
      0.006847555384267669,
      0.006722620833867406,
      0.006618057191707177,
      0.006523828316372079,
      0.006431610415172835,
      0.006347213916804253,
      0.006267629753229982,
      0.00620254565737268,
      0.006135839654008771,
      0.006073504338477437,
      0.0060314455388191055,
      0.005995407840975057,
      0.005965197197267827,
      0.005951262280986799,
      0.005947993141715176,
      0.005947914664366249,
      0.005931123324265863,
      0.005893188818506377,
      0.005843757824917048,
      0.005785823207960247,
      0.005720639244065789,
      0.005668917857310725,
      0.005613021054050665,
      0.005558127855610023,
      0.0055103998990571786,
      0.00546221428737361,
      0.005404168929825355,
      0.005349698855965051,
      0.00531681293391541,
      0.00528298420237407,
      0.005245388536152691,
      0.005230673255904459
    ]
  },
  "inference_times": [
    0.43578147888183594,
    0.3497600555419922,
    0.2822399139404297,
    0.3539562225341797,
    0.3192424774169922,
    0.3529548645019531,
    0.36640167236328125,
    0.3161430358886719,
    0.3327369689941406,
    0.39238929748535156,
    0.3815650939941406,
    0.3036975860595703,
    0.3520011901855469,
    0.29311180114746094,
    0.3078460693359375,
    0.3090858459472656,
    0.3518104553222656,
    0.3562450408935547,
    0.35271644592285156,
    0.36640167236328125,
    0.3685474395751953,
    0.30045509338378906,
    0.3590583801269531,
    0.3226757049560547,
    0.3342628479003906,
    0.34775733947753906,
    0.2879142761230469,
    0.34008026123046875,
    0.34656524658203125,
    0.3506183624267578,
    0.34537315368652344,
    0.48279762268066406,
    0.322723388671875,
    0.2835273742675781,
    0.3317832946777344,
    0.3521442413330078,
    0.34942626953125,
    0.3944873809814453,
    0.35147666931152344,
    0.3124713897705078,
    0.286102294921875,
    0.3056526184082031,
    0.3161907196044922,
    0.34384727478027344,
    0.3952503204345703,
    0.4647254943847656,
    0.3730297088623047,
    0.36263465881347656,
    0.30303001403808594,
    0.33431053161621094
  ],
  "learning_rates": [
    0.000985,
    0.000970225,
    0.000955671625,
    0.000941336550625,
    0.0009272165023656249,
    0.0009133082548301405,
    0.0008996086310076885,
    0.0008861145015425731,
    0.0008728227840194345,
    0.000859730442259143,
    0.0008468344856252558,
    0.000834131968340877,
    0.0008216199888157639,
    0.0008092956889835274,
    0.0007971562536487744,
    0.0007851989098440427,
    0.0007734209261963822,
    0.0007618196123034364,
    0.0007503923181188849,
    0.0007391364333471015,
    0.000728049386846895,
    0.0007171286460441916,
    0.0007063717163535287,
    0.0006957761406082259,
    0.0006853394984991023,
    0.0006750594060216158,
    0.0006649335149312917,
    0.0006549595122073222,
    0.0006451351195242124,
    0.0006354580927313492,
    0.0006259262213403789,
    0.0006165373280202732,
    0.0006072892680999691,
    0.0005981799290784695,
    0.0005892072301422925,
    0.0005803691216901581,
    0.0005716635848648057,
    0.0005630886310918336,
    0.0005546423016254561,
    0.0005463226671010743,
    0.0005381278270945582,
    0.0005300559096881398,
    0.0005221050710428177,
    0.0005142734949771754,
    0.0005065593925525178,
    0.00049896100166423,
    0.0004914765866392665,
    0.00048410443783967756,
    0.00047684287127208237,
    0.00046969022820300113
  ],
  "model_config": {
    "MLPConfig": {
      "model_name": "residual_mlp",
      "delay_horizon": 0,
      "hidden_sizes": [
        64
      ],
      "activation": "GELU",
      "use_batch_norm": false,
      "dropout_p": 0.0,
      "num_epochs": 50,
      "batch_size": 64,
      "loss_weight": [
        1.0,
        1.0,
        10.0
      ],
      "optimizer": "Adam",
      "weight_decay": 0.0,
      "l1_lambda": 0.0001,
      "learning_rate": 0.001,
      "lr_scheduler": "LambdaLR",
      "num_workers": 0
    },
    "ModelFitConfig": {
      "label_transform": false,
      "input_transform": false,
      "normalize_by_T_step": false,
      "ds_name": "NMPCTiltQdServo_residual_dataset_neural_sim_nominal_control_05",
      "ds_instance": "dataset_001",
      "state_feats": [
        2,
        3,
        4,
        5
      ],
      "u_feats": [
        0,
        1,
        2,
        3,
        4,
        5,
        6,
        7
      ],
      "y_reg_dims": [
        3,
        4,
        5
      ],
      "prune": true,
      "histogram_n_bins": 10,
      "histogram_thresh": 0.001,
      "vel_cap": 16
    }
  }
}
