{
  "total_losses": {
    "train": [
      0.1301654904428092,
      0.09282519016592561,
      0.08622682677176938,
      0.08230485284823513,
      0.0796169484824209,
      0.07753252331286731,
      0.07583873877294264,
      0.07443914715299683,
      0.0732474752926939,
      0.07222694180099871,
      0.07138628045019738,
      0.0706820698155156,
      0.07003826929523427,
      0.0694342752413254,
      0.06888360142342914,
      0.06839894369319348,
      0.06797313325786086,
      0.06757897931856625,
      0.06722168229547384,
      0.06688027902243987,
      0.0665635874332465,
      0.0662635437717966,
      0.06597851798364014,
      0.06569395544701047,
      0.06540550343401967,
      0.0651318825993785,
      0.06487037266860153,
      0.0646135988824276,
      0.06435612035102839,
      0.06410115422529136,
      0.063853441317751,
      0.06363607633803324,
      0.0634316691065459,
      0.06323304685103405,
      0.06305398385121541,
      0.06288764795447488,
      0.06273174153089468,
      0.06258532317966749,
      0.06244364626982357,
      0.062304283728049005,
      0.062170768726058444,
      0.062037903124445584,
      0.061904132343106,
      0.06177090614180452,
      0.06164034702988053,
      0.061512785604917665,
      0.06138537824202578,
      0.061258197597168385,
      0.061132841750368365,
      0.06100444908699045
    ],
    "val": [
      0.10892102932010314,
      0.10138495203038277,
      0.0975466519921314,
      0.09497802528705952,
      0.09315554761198706,
      0.09164496257156601,
      0.0902889574481283,
      0.08907488661563324,
      0.0880246581067706,
      0.08715922991875048,
      0.08645936614944176,
      0.08588207688337586,
      0.08532188494734352,
      0.084824564692841,
      0.08436844634375462,
      0.08398706543689838,
      0.08363092038799923,
      0.08330442862027912,
      0.082987289220724,
      0.08268379997021978,
      0.08239667504533624,
      0.08212045249132938,
      0.08185555794929177,
      0.08157615245211057,
      0.0813037510817205,
      0.08105736818556354,
      0.08081968584158868,
      0.08058461801273764,
      0.08035159367112318,
      0.08011672326474416,
      0.07991127085510019,
      0.07972273941496638,
      0.079535362793017,
      0.07935179989319976,
      0.0791906527762081,
      0.07904231312003017,
      0.0789061482624232,
      0.07877627183036177,
      0.07864791087567893,
      0.07852513208041349,
      0.07840753145579785,
      0.07828459433842075,
      0.0781572088973058,
      0.07803289065600538,
      0.07790982228036508,
      0.07779109948740179,
      0.07767124670944577,
      0.07755514367489592,
      0.0774379232993765,
      0.07731898670606027
    ]
  },
  "inference_times": [
    0.5283355712890625,
    0.2829233805338542,
    0.3643035888671875,
    0.35508473714192706,
    0.3314812978108724,
    0.2974669138590495,
    0.3096262613932292,
    0.375668207804362,
    0.3052552541097005,
    0.2419153849283854,
    0.2617835998535156,
    0.30986467997233075,
    0.3391106923421224,
    0.4455248514811198,
    0.3686745961507161,
    0.6129741668701172,
    0.2836386362711589,
    0.3063678741455078,
    0.4436175028483073,
    0.35842259724934894,
    0.4070599873860677,
    0.29007593790690106,
    0.3446737925211589,
    0.3345012664794922,
    0.3124078114827474,
    0.3897349039713542,
    0.3323554992675781,
    0.3372033437093099,
    0.44981638590494794,
    0.41929880777994794,
    0.5361239115397135,
    0.27441978454589844,
    0.4398822784423828,
    0.26424725850423175,
    0.3444353739420573,
    0.36017100016276044,
    0.40030479431152344,
    0.3752708435058594,
    0.2644856770833333,
    0.37741661071777344,
    0.40451685587565106,
    0.3132820129394531,
    0.284115473429362,
    0.4459222157796224,
    0.2976258595784505,
    0.38878122965494794,
    0.3197987874348958,
    0.3181298573811849,
    0.4506905873616536,
    0.39649009704589844
  ],
  "learning_rates": [
    0.000985,
    0.000970225,
    0.000955671625,
    0.000941336550625,
    0.0009272165023656249,
    0.0009133082548301405,
    0.0008996086310076885,
    0.0008861145015425731,
    0.0008728227840194345,
    0.000859730442259143,
    0.0008468344856252558,
    0.000834131968340877,
    0.0008216199888157639,
    0.0008092956889835274,
    0.0007971562536487744,
    0.0007851989098440427,
    0.0007734209261963822,
    0.0007618196123034364,
    0.0007503923181188849,
    0.0007391364333471015,
    0.000728049386846895,
    0.0007171286460441916,
    0.0007063717163535287,
    0.0006957761406082259,
    0.0006853394984991023,
    0.0006750594060216158,
    0.0006649335149312917,
    0.0006549595122073222,
    0.0006451351195242124,
    0.0006354580927313492,
    0.0006259262213403789,
    0.0006165373280202732,
    0.0006072892680999691,
    0.0005981799290784695,
    0.0005892072301422925,
    0.0005803691216901581,
    0.0005716635848648057,
    0.0005630886310918336,
    0.0005546423016254561,
    0.0005463226671010743,
    0.0005381278270945582,
    0.0005300559096881398,
    0.0005221050710428177,
    0.0005142734949771754,
    0.0005065593925525178,
    0.00049896100166423,
    0.0004914765866392665,
    0.00048410443783967756,
    0.00047684287127208237,
    0.00046969022820300113
  ],
  "model_config": {
    "MLPConfig": {
      "model_name": "residual_mlp",
      "delay_horizon": 0,
      "hidden_sizes": [
        64
      ],
      "activation": "GELU",
      "use_batch_norm": false,
      "dropout_p": 0.0,
      "num_epochs": 50,
      "batch_size": 64,
      "loss_weight": [
        1.0,
        1.0,
        10.0
      ],
      "optimizer": "Adam",
      "weight_decay": 0.0,
      "l1_lambda": 0.0001,
      "learning_rate": 0.001,
      "lr_scheduler": "LambdaLR",
      "num_workers": 0
    },
    "ModelFitConfig": {
      "label_transform": false,
      "input_transform": false,
      "normalize_by_T_step": false,
      "ds_name": "NMPCTiltQdServo_real_machine_dataset_GROUND_EFFECT_ONLY",
      "ds_instance": "dataset_001",
      "state_feats": [
        2,
        3,
        4,
        5
      ],
      "u_feats": [
        0,
        1,
        2,
        3,
        4,
        5,
        6,
        7
      ],
      "y_reg_dims": [
        3,
        4,
        5
      ],
      "prune": true,
      "histogram_n_bins": 10,
      "histogram_thresh": 0.001,
      "vel_cap": 16
    }
  }
}
