time,target_deg,actual_deg,error_deg,p_term,i_term,d_term,pd_cmd,p1,p2,error_integral
0.0,0.0,-0.10133555703455058,0.10133555703455058,0.09803969378548519,-0.024056824063703554,0.014791643129772181,-0.0211607283532768,0.27625113977023336,0.11850211152808955,0.0020267111406910114
0.06012024048096192,0.0,0.21243418058941066,-0.21243418058941066,-0.0008920475139109615,-0.0030820176555216468,0.015936129534756434,0.14935852886940293,0.2141727663853911,0.15996209328728966,-0.0022219724710972016
0.12024048096192384,0.0,0.9002124504336426,-0.9002124504336426,-0.10384711626673207,-0.00252251818428886,-0.0069253149341619216,-0.2721155517261928,0.3314517862805834,0.20956676473188457,-0.020226221479770056
0.18036072144288576,0.0,-0.14709254279674616,0.14709254279674616,-0.02896845501778103,-0.030660574929507092,-0.006898397438565756,0.2743179689847578,0.3461216455181377,0.26109437185597917,-0.01728437062383513
0.24048096192384769,0.0,3.162722949215576,-3.162722949215576,-0.20122030163198185,-0.028192245824475538,0.004276957856972892,-0.40626367387400464,0.2299188420452667,0.2651500852784953,-0.08053882960814665
0.3006012024048096,0.0,-1.2560836569270437,1.2560836569270437,0.04850887753193338,0.06851813976418424,0.0004776754867661763,-0.2561925746799013,0.27007732304597454,0.19367376194694358,-0.05541715646960577
0.3607214428857715,0.0,2.086753740454834,-2.086753740454834,0.04201372058981557,-0.028459642073022637,0.0009822830018498079,-0.22153340111566974,0.28380712723749774,0.31255422248164394,-0.09715223127870246
0.42084168336673344,0.0,-3.2242944990156883,3.2242944990156883,0.00467956258837179,-0.054134924473107186,-0.002543103355523818,-0.07849257884434696,0.27761647375004217,0.21098124056415624,-0.03266634129838869
0.48096192384769537,0.0,-0.8823973168231065,0.8823973168231065,0.024549615211408648,0.04129524046436262,-0.0012824456761131376,0.18367139118806522,0.332675565325343,0.19820319273139966,-0.015018394961926562
0.5410821643286573,0.0,0.6305500588201026,-0.6305500588201026,0.045153295328245246,-0.015334563703320165,0.0003582447158146111,0.36151149316266495,0.29454274127891134,0.26334702505584257,-0.027629396138328613
0.6012024048096192,0.0,0.9119622994089386,-0.9119622994089386,0.08136154920789146,-0.04013846005097457,-0.004850167969332697,-0.463253785064836,0.33198164310714146,0.25512972160624003,-0.04586864212650738
0.6613226452905812,0.0,0.7144024574555211,-0.7144024574555211,0.08213100202149293,-0.0018211018753321437,0.004891429504379752,-0.24292193105767554,0.3063404549382491,0.2225239285368715,-0.060156691275617805
0.721442885771543,0.0,-0.5981346265920032,0.5981346265920032,-0.03215526645028624,0.05779547490809328,-0.0029749345988141886,0.03815211524561165,0.3668795569666794,0.16272339640383024,-0.04819399874377774
0.781563126252505,0.0,2.4370928634975226,-2.4370928634975226,-0.19895404078943923,0.01451250187995757,0.00019398990303691327,0.19692660266314727,0.35041176094969023,0.2475665275834345,-0.09693585601372821
0.8416833667334669,0.0,0.4080213676337184,-0.4080213676337184,0.025287809800455766,0.023098995572549356,-0.0003780203730178577,0.05413691838527832,0.2781014709912798,0.19276967758562205,-0.10509628336640259
0.9018036072144289,0.0,-0.9044665110381267,0.9044665110381267,0.21549524708367215,-0.039495003190102775,-0.0069242430164358085,-0.18480582180679672,0.19621766073671745,0.220503759143825,-0.08700695314564005
0.9619238476953907,0.0,-0.7200720550966868,0.7200720550966868,0.07965401242728062,-0.01257112011022282,0.008105144587890488,0.20121405885426735,0.34831705529820717,0.15589570497927518,-0.07260551204370631
1.0220440881763526,0.0,-0.8387433559695814,0.8387433559695814,0.061972004068333635,0.06709834826588595,-0.00940293987229793,0.012987470248844625,0.397807907437771,0.2455339214625704,-0.055830644924314686
1.0821643286573146,0.0,-3.5861309826873953,3.5861309826873953,0.01585286632801206,0.061516607903781884,0.00281890486930996,-0.37130829681576116,0.36465578096180795,0.20703443593717044,0.015891974729433222
1.1422845691382766,0.0,0.1688247226521424,-0.1688247226521424,0.05027429765128625,0.033355595781889034,-0.011101134834302622,0.013028677444675112,0.28702473094437897,0.2295637492670049,0.012515480276390375
1.2024048096192383,0.0,-0.7716334171423218,0.7716334171423218,-0.11736635859038758,-0.030437363680789198,0.0077940150320738475,0.09211526291451727,0.32698332650878614,0.19099747159922953,0.02794814861923681
1.2625250501002003,0.0,-3.6808932310900375,3.6808932310900375,-0.15199063158982135,0.09149909437814968,-0.004575824543361727,-0.0708430878852331,0.3322192856321578,0.16957761429279383,0.10156601324103756
1.3226452905811623,0.0,2.814358504775049,-2.814358504775049,-0.04235402854256015,-0.0046300126478597365,-0.006474332754926672,0.4203613305433819,0.3280101313896216,0.2169727230723442,0.04527884314553658
1.3827655310621243,0.0,-0.19606313033149822,0.19606313033149822,-0.05510612636199468,-0.07303908578547576,-0.006767644888328224,-0.13294946122963688,0.4462831491878773,0.23969660790176778,0.049200105752166545
1.442885771543086,0.0,-1.4784779701437625,1.4784779701437625,0.02758519668144932,0.040449164392250436,-0.01313562926599057,-0.6203506920646471,0.26541734425363034,0.19166999477427646,0.07876966515504179
1.503006012024048,0.0,1.6270500734553968,-1.6270500734553968,0.020620950319331588,0.03331659688767399,0.00810363175341009,-0.14858085121625678,0.2711882095993442,0.12614106547585419,0.046228663685933855
1.56312625250501,0.0,-0.33965122296151984,0.33965122296151984,-0.020854256791872756,-0.07759870252129347,-0.0015977780104038416,0.1846562548847599,0.2601277430241629,0.22978363153232245,0.05302168814516425
1.6232464929859718,0.0,0.8089163796103179,-0.8089163796103179,-0.06644900926429773,0.01725452087329418,-0.0032071957782667045,0.00651534867295659,0.259082005495487,0.1697569128754602,0.03684336055295789
1.6833667334669338,0.0,1.0782093580943657,-1.0782093580943657,-0.13188909741989452,0.029633473195386117,-0.001589576351835289,-0.04123854490331913,0.2943526368651209,0.2624326317042975,0.01527917339107058
1.7434869739478958,0.0,1.3436866702390324,-1.3436866702390324,-0.1064062918057957,-0.05655637738146879,0.0014763909538117335,0.022051339390692593,0.29042045341223677,0.15018984851510114,-0.01159456001371007
1.8036072144288577,0.0,0.2700958543619347,-0.2700958543619347,-0.00601819598601114,0.028618526127607066,-0.005671083048118246,0.24446770086873212,0.26022701649443863,0.2051692294871027,-0.016996477100948763
1.8637274549098195,0.0,1.759749856837966,-1.759749856837966,-0.06569948670774937,0.05529708127494487,0.0026753958529183515,0.18988610380718832,0.26519837739228275,0.16983012056255337,-0.052191474237708084
1.9238476953907815,0.0,2.742611020400424,-2.742611020400424,0.06075360448605336,0.035487486408662665,0.00766269100406459,0.29963883633076455,0.32595564318308434,0.2732485445253531,-0.10704369464571656
1.9839679358717435,0.0,-2.056551616840168,2.056551616840168,-0.12816808758125073,0.04368121727246513,0.003267345580402315,0.16028122719313806,0.35549269900353897,0.22714174826141692,-0.0659126623089132
2.0440881763527052,0.0,-4.257137490023452,4.257137490023452,0.012317686704234417,0.10635413788228597,0.0052546349359046144,0.12014684552649638,0.32589813887338825,0.18222413722786557,0.01923008749155585
2.1042084168336674,0.0,0.3262065554990934,-0.3262065554990934,0.03669081294085362,0.03282671466105043,0.005618581297457534,-0.13177462140055426,0.26332462884424723,0.11743393410369575,0.012705956381573982
2.164328657314629,0.0,0.21347155369080317,-0.21347155369080317,0.15032020599539953,0.0018110396636556855,-0.015415579136839651,0.02530440203356137,0.2812199152858123,0.15611310176520266,0.008436525307757918
2.224448897795591,0.0,-1.2428816765675457,1.2428816765675457,-0.09665068356366502,0.032936146112247176,-0.005826717098124218,0.04681857314345789,0.3006595548519674,0.21577508849043936,0.033294158839108835
2.284569138276553,0.0,-2.128224019253361,2.128224019253361,0.02533312813086071,-0.00802093511223956,-0.012006890435613293,-0.025008515688612943,0.41036265755977114,0.18633405168351685,0.07585863922417606
2.344689378757515,0.0,1.243552721219984,-1.243552721219984,-0.028793310098460437,0.0031968655188119757,0.01654987338977133,0.04186071805732818,0.2739778576165477,0.17657566364058985,0.05098758479977637
2.4048096192384767,0.0,2.3682440267507876,-2.3682440267507876,-0.005239219433044293,0.04096335404014081,0.015387596821276153,0.5135032490323934,0.34074937524099524,0.10413650717976992,0.003622704264760621
2.464929859719439,0.0,-4.426223308842957,4.426223308842957,0.005578998149380523,0.07715119026059993,-0.008804591558482842,-0.05702144667506701,0.2762429194311479,0.2328061029884203,0.09214717044161976
2.5250501002004007,0.0,1.9194672170541438,-1.9194672170541438,-0.05898317174867062,0.006809760708238856,0.003097858132277154,0.18660542538965422,0.31886560526737073,0.3100344477945117,0.053757826100536886
2.5851703406813624,0.0,5.373096182363985,-5.373096182363985,0.047633688392959894,-0.06532866721642078,0.010785077123993814,0.07272721856763216,0.21529031429018625,0.15560034395961786,-0.05370409754674281
2.6452905811623246,0.0,-0.5382251684890826,0.5382251684890826,0.14956001228402757,0.06065778670752317,0.003969770961631711,0.35627460639369374,0.28809072276297465,0.19918314004514603,-0.04293959417696115
2.7054108216432864,0.0,-2.440214052839879,2.440214052839879,-0.002043741637760646,-0.0696112423643572,-0.0006458717317705486,-0.007330444973024869,0.34567937666243315,0.15770895322129685,0.005864686879836425
2.7655310621242486,0.0,-0.7229420544425785,0.7229420544425785,-0.07845040812780485,0.00940845785107128,-0.00824589723407612,0.03686799227156812,0.38289826371596714,0.2172727433552062,0.020323527968688
2.8256513026052104,0.0,2.728168589915664,-2.728168589915664,-0.0788139319848789,-0.012455164249994658,0.008828577483380364,-0.03294077984432273,0.2695140165051829,0.18131134234291169,-0.034239843829625284
2.885771543086172,0.0,-1.0410564706394494,1.0410564706394494,0.12953892077704673,0.050515368960541755,-0.01771087538085376,-0.013964942273690512,0.3934617158174714,0.20953824347166236,-0.013418714416836295
2.9458917835671343,0.0,0.3045128338551208,-0.3045128338551208,-0.034425293377360576,0.0085183082370951,-0.0075959563872206185,-0.11819151287457735,0.3189576885080325,0.17635069322650124,-0.01950897109393871
3.006012024048096,0.0,-1.3941622998666574,1.3941622998666574,-0.10436935139186775,0.01289174529268376,-0.00012781742150275358,-0.2821604340647844,0.24324854078795327,0.2078390771141696,0.008374274903394437
3.066132264529058,0.0,-2.905383339980751,2.905383339980751,-0.03705689377385432,-0.005335753138248902,0.024772195985363253,-0.18470279692938577,0.25526153685282243,0.24336159412787323,0.06648194170300946
3.12625250501002,0.0,-1.337320569876122,1.337320569876122,-0.014456389726349933,0.0337466964815069,-0.017152715813032317,0.07015922779610764,0.25843765758157256,0.187209459974331,0.0932283531005319
3.186372745490982,0.0,0.035248750022759685,-0.035248750022759685,0.14366038548259974,0.0018455902985973856,0.002035550278856692,0.0394534397903413,0.32126121969528276,0.3096213435791132,0.0925233781000767
3.2464929859719436,0.0,1.0957830944651088,-1.0957830944651088,0.044523868809031336,-0.024785385151524952,0.023179430320320393,-0.055302426247552605,0.3094807902519839,0.19150533251783938,0.07060771621077454
3.306613226452906,0.0,-1.2985513699557751,1.2985513699557751,-0.019621209558886677,-0.09759722183602558,0.004944766744520148,0.1891488834888725,0.21398338222564064,0.12718882502031897,0.09657874360989004
3.3667334669338675,0.0,-1.9476487206942936,1.9476487206942936,-0.053121704699921696,0.0457768733639778,0.0036195987680480413,0.10207798784476661,0.29241880570045287,0.17962315099205764,0.13553171802377592
3.4268537074148293,0.0,0.36577674453413533,-0.36577674453413533,0.07515150500684642,0.060554130805300366,0.008409071739232351,0.30326183127948847,0.3412240864394491,0.22181837687872258,0.12821618313309321
3.4869739478957915,0.0,0.3415760974248607,-0.3415760974248607,0.01685457738665953,0.016470993060528728,0.010733061573298817,-0.346109560030729,0.266343764571877,0.2257329182570826,0.121384661184596
3.5470941883767533,0.0,-1.3255709446270119,1.3255709446270119,0.07009737123361884,-0.023365635072170318,-0.0021909398465897447,-0.14958652957969595,0.44351442200121205,0.21666566272639792,0.14789608007713623
3.6072144288577155,0.0,3.523381073942162,-3.523381073942162,-0.013173481459396959,0.03948012074822804,-0.0019199591486110258,-0.006827991221274313,0.2846664781747031,0.30431960119947077,0.07742845859829299
3.6673346693386772,0.0,-2.7711877267587703,2.7711877267587703,-0.048563757524040796,-0.03787289545414482,-0.0016979470402164584,0.04808327287786557,0.31597541287133557,0.17767965567964672,0.1328522131334684
3.727454909819639,0.0,-1.094210863122842,1.094210863122842,0.07682809852382777,-0.027725958128128888,0.002728210667639497,0.21725743949993645,0.240571291884058,0.24553558358152253,0.15473643039592525
3.787575150300601,0.0,0.49517402302034574,-0.49517402302034574,-0.008584658149784355,-0.03358573237899806,-7.917941779599989e-05,-0.07398810471159152,0.30935112532307274,0.18635309663303407,0.14483294993551832
3.847695390781563,0.0,-0.5686904994832839,0.5686904994832839,-0.027567106215906696,-0.02913167195236029,0.0014480715360164205,-0.14147637703407004,0.2725352576922795,0.23275571943311035,0.156206759925184
3.9078156312625247,0.0,-1.6114163876415544,1.6114163876415544,-0.002634294822447377,-0.02834046712099483,0.021571157350377956,-0.1890190933103101,0.2588577507177648,0.271849750219357,0.1884350876780151
3.967935871743487,0.0,0.7440327854380338,-0.7440327854380338,0.11974327324605497,-0.04490707988129699,-0.009485963720660677,0.14616983400355218,0.2651009343763593,0.1633019133849882,0.17355443196925444
4.028056112224449,0.0,-5.123752517796351,5.123752517796351,0.1731393099316818,0.01804059494330201,0.012868772043789225,0.2773334572587859,0.24621914461785405,0.15981457524692758,0.27602948232518143
4.0881763527054105,0.0,2.150109793634495,-2.150109793634495,-0.13243304899520322,-0.01549407834787133,-0.004251913026457145,0.16905843954741853,0.2758512262812735,0.19506045168429623,0.23302728645249154
4.148296593186372,0.0,1.8476442537127786,-1.8476442537127786,-0.0016175277821489768,-0.0017323749152764252,-0.012589177470775566,-0.05242525012976487,0.2841131128514373,0.2799738055220683,0.19607440137823595
4.208416833667335,0.0,-1.7399168053967675,1.7399168053967675,-0.04997652133150012,-0.02937965301985725,-0.024072020728882166,-0.381854087264345,0.34434120663259477,0.16250637580267763,0.2308727374861713
4.268537074148297,0.0,-2.598950188047351,2.598950188047351,-0.08750443768609294,-0.0009989325473742049,0.033271681373922835,0.2503982161251274,0.32833375967027195,0.17573466215482422,0.2828517412471183
4.328657314629258,0.0,-1.063827165926621,1.063827165926621,0.09238754613755913,-0.05258294765700793,0.011511778474981214,0.04922985113534112,0.32451348437635946,0.20883749261432033,0.3041282845656507
4.38877755511022,0.0,3.52995956155983,-3.52995956155983,-0.10388364207717452,0.0013472824452470257,0.006107735520959156,0.20438343345328544,0.3073556614436545,0.267331547170379,0.23352909333445415
4.448897795591182,0.0,2.2054937322713886,-2.2054937322713886,0.05262287812272018,0.05303321262337038,-0.011519620451729714,0.07581508117060343,0.2994114797274177,0.1730293216295679,0.18941921868902636
4.509018036072144,0.0,0.8138807326001223,-0.8138807326001223,-0.0266382500450091,0.022237345948360285,-0.007039125635781254,-0.18349028906452255,0.29951875947634893,0.2645864635562405,0.17314160403702392
4.569138276553106,0.0,1.409968067798114,-1.409968067798114,-0.033914784302125064,-0.004716458627761044,0.005995588101749903,0.14451080073179873,0.26354246198214637,0.16460848876055728,0.14494224268106165
4.629258517034068,0.0,0.3491371519161199,-0.3491371519161199,-0.22355144241387157,0.0580526248407366,-0.019858306695361583,0.11920488658608375,0.291745182085457,0.20803113293045056,0.13795949964273926
4.68937875751503,0.0,2.0526358774910647,-2.0526358774910647,-0.08282850386429708,0.019487522915757716,-0.015024204644785438,0.079182864286922,0.35512382208554594,0.22391426488289348,0.09690678209291796
4.749498997995992,0.0,-1.4001484008266927,1.4001484008266927,-0.08059162728814472,0.051551812566528424,0.006738511553083899,0.08039623303222887,0.3193885849255947,0.3312717553552236,0.12490975010945182
4.809619238476953,0.0,0.39556757459991765,-0.39556757459991765,0.1382195246647301,-0.0073764393979397136,0.006637144748240846,0.12806325702954363,0.31663448866658467,0.17900314522971836,0.11699839861745347
4.869739478957916,0.0,3.3457077734907923,-3.3457077734907923,-0.08845142596096806,-0.004669841753010683,0.013748921430277644,-0.133114759877482,0.3333181365557313,0.21012705603216494,0.05008424314763762
4.929859719438878,0.0,-3.587714369457922,3.587714369457922,0.0968350562557195,0.01642427884753616,0.008835302105986039,-0.10983710485843778,0.30605485380733805,0.31498951457928837,0.12183853053679607
4.98997995991984,0.0,0.6178134197742422,-0.6178134197742422,0.1252588212217239,0.06122651636095219,0.013568962089805538,-0.07786114953767354,0.30963682994128,0.20068058322406448,0.10948226214131122
5.050100200400801,0.0,-0.501459472857095,0.501459472857095,-0.04743188181622408,-0.07371072603994115,0.02619639730568663,0.08731262705290269,0.22131516263068768,0.18223482377726152,0.11951145159845313
5.110220440881763,0.0,-3.8723595956449146,3.8723595956449146,0.16917978732392058,0.011523121714103237,0.008686054241073394,0.20295175302413393,0.3284493241428454,0.17171948476762056,0.19695864351135142
5.170340681362725,0.0,-0.4354245065079095,0.4354245065079095,-0.0711140054873256,0.019174877824627113,-0.004871508255834943,0.3562363421777277,0.3070637747897608,0.13213183948289856,0.2056671336415096
5.2304609218436875,0.0,-0.15656151311739958,0.15656151311739958,0.056056259754267715,0.008582060929875573,-0.012632144933507103,0.4012816682743232,0.2940343976998263,0.14611382065618148,0.2087983639038576
5.290581162324649,0.0,1.8480130700506168,-1.8480130700506168,0.029214947790519138,0.015904057016653192,-0.0007804592269726088,0.06933952060833491,0.29368851176240646,0.1937440020702846,0.17183810250284523
5.350701402805611,0.0,0.785435931432627,-0.785435931432627,0.1261007017960093,-0.010504569518332766,-0.012397825570092887,0.0465997520941998,0.2500485334749709,0.2567862616960673,0.1561293838741927
5.410821643286573,0.0,0.18224954509770014,-0.18224954509770014,0.07001804099701837,0.008601566269590168,-0.010070302335290998,0.18261271667203782,0.17662705493387568,0.18800403664635432,0.1524843929722387
5.4709418837675345,0.0,-2.7293627707854493,2.7293627707854493,-0.0001816560782679763,0.05911648736583959,-0.005003591558191284,0.05375611767344806,0.2988617812650082,0.15539534332045835,0.20707164838794767
5.531062124248497,0.0,-1.6279469639866873,1.6279469639866873,0.06906352405298764,-0.014447145456799822,-0.01165770008379562,-0.43961558263995076,0.35671691557413576,0.24272230784928106,0.23963058766768142
5.591182364729459,0.0,1.4724137526427947,-1.4724137526427947,0.10477246760946744,-0.004588567864917496,-0.019762013574553997,0.06550197558551175,0.1655218827286457,0.2647852887203048,0.21018231261482556
5.651302605210421,0.0,1.3182505909377153,-1.3182505909377153,-0.12213420765258963,-0.040098184994789926,-0.02806943183334028,0.14921220487015985,0.3182694174592806,0.18606306197252825,0.18381730079607125
5.7114228456913825,0.0,-0.5386018693417383,0.5386018693417383,-0.1401792941085475,-0.06791543495000436,-0.014664373160078868,0.2469922789285251,0.27756269031721525,0.2178269837025979,0.194589338182906
5.771543086172344,0.0,-3.930869813832487,3.930869813832487,0.1025679044164747,-0.05069730559086774,0.0030494568356963744,-0.030452614901441577,0.3401996712397706,0.17852328702223863,0.27320673445955573
5.831663326653306,0.0,0.4792453456910478,-0.4792453456910478,0.022865308772462588,0.0425960002050278,-0.006541053910651881,-0.12415133538429549,0.3398421072516581,0.1870949618792543,0.26362182754573477
5.891783567134269,0.0,-1.1897226811263801,1.1897226811263801,0.15940754106935995,-0.020612586948104368,0.01654641152663807,-0.08928089661143551,0.3270265257862445,0.22780301779277703,0.2874162811682624
5.95190380761523,0.0,2.179407183145845,-2.179407183145845,0.10925049273460866,0.06382184266714057,-0.004607603130790174,-0.06844713090315253,0.3017007482930599,0.26440143105842123,0.2438281375053455
6.012024048096192,15.0,15.51367040628509,-0.5136704062850903,-0.09335111242103722,-0.04933642195446227,-0.01403231325817714,0.5393089023579946,0.3236253543862199,0.13340123965226147,0.2335547293796437
6.072144288577154,15.0,12.631413421956367,2.368586578043633,0.13526648732401045,-0.005173807326255074,-0.01580972736515118,0.19566089646434298,0.32389033842658677,0.08985450234724252,0.2809264609405164
6.132264529058116,15.0,16.99981088925119,-1.99981088925119,0.08815098972716146,0.016894110592112082,-0.004512752356749184,-0.2359639769762222,0.34718871515001876,0.18906381649230802,0.24093024315549255
6.192384769539078,15.0,15.872135109991211,-0.8721351099912109,0.011620763185352892,0.023598733657098636,-0.007265140394410272,-0.005906129058614247,0.28604651938304587,0.19509528957997616,0.22348754095566833
6.25250501002004,15.0,18.052955723425114,-3.0529557234251143,0.13533417063039963,0.057724781774345396,-0.0065281334690181405,-0.11775584842814156,0.19640715689723437,0.16572359822574165,0.16242842648716604
6.312625250501002,15.0,16.702500023706612,-1.7025000237066124,-0.021258004225572984,-0.0011203517150487681,0.0020183016426361163,0.25642222847300306,0.3299702568448113,0.156972701483775,0.1283784260130338
6.372745490981964,15.0,11.137154151654906,3.862845848345094,-0.035887332548900044,-0.07319960292529865,0.006585289246369962,-0.0016304311492206587,0.3423042424446905,0.18283192192643072,0.20563534297993566
6.432865731462925,15.0,17.970465441405466,-2.970465441405466,-0.04222171606674242,0.024221014109745156,0.0022032219234183023,0.3034302376601184,0.25534059341180954,0.24300536178394203,0.14622603415182636
6.492985971943887,15.0,15.467014010423146,-0.4670140104231457,-0.008031093422089434,-0.07676260758616714,0.019155354888630856,0.12959363135490048,0.3243928407511745,0.1811774341229179,0.13688575394336344
6.55310621242485,15.0,11.1468162876021,3.8531837123979003,-0.12080253909885674,-0.016619936084471845,-0.008107331497203222,-0.6514229870124671,0.3814385394857872,0.12765439618029875,0.21394942819132146
6.613226452905812,15.0,14.017226557221193,0.9827734427788073,-0.03965570442608842,0.02041137969933166,-0.016298101024374848,0.002137665540623153,0.2129603479651866,0.25004183288068965,0.23360489704689757
6.673346693386773,15.0,14.673524619508202,0.32647538049179836,-0.0065892591924134325,-0.05080358575659293,0.0140579136636402,0.22297777770924526,0.2922045866193333,0.23757046885406344,0.24013440465673355
6.733466933867735,15.0,17.048325179668552,-2.048325179668552,0.05656442744182636,0.009698295876534205,-0.0018936175551485927,-0.09877544868466488,0.31666257458824537,0.2545521436690935,0.19916790106336252
6.793587174348697,15.0,14.247689813251103,0.7523101867488968,-0.004964839065103693,0.059816750443088706,-0.0013355197719410637,-0.11457760995345286,0.2917758437462565,0.16348443315481412,0.21421410479834044
6.853707414829659,15.0,14.955599071181775,0.04440092881822544,-0.20103353015583775,0.03644793162135304,0.00901836783649506,0.1681908700685432,0.21321817557876604,0.2882390421442575,0.21510212337470497
6.913827655310621,15.0,16.933730071602685,-1.9337300716026853,0.005084944327965968,0.026460188027709605,-0.0011594122893197937,-0.026362046673937257,0.3173373188048629,0.17416808684488705,0.17642752194265124
6.973947895791583,15.0,17.891528379447415,-2.891528379447415,-0.14631420786888358,-0.032817888588888254,0.007552947547653161,0.19287084251378833,0.21701099800679136,0.23867610704159523,0.11859695435370295
7.034068136272545,15.0,15.895165585590917,-0.8951655855909166,-0.06967618637435928,-0.061855453358361956,0.0032415977207723855,0.09109333153820208,0.26410272148001546,0.24866899677941032,0.10069364264188461
7.0941883767535066,15.0,13.317819148548221,1.682180851451779,0.018760664133080238,-0.06448004118288674,-0.004206482668305939,-0.27979743434350873,0.25349749610404765,0.15596556530663525,0.1343372596709202
7.154308617234468,15.0,18.048676328829718,-3.0486763288297176,0.005435176585133334,0.008794392979159156,0.014141991259130737,-0.12781991844248228,0.303929646464303,0.19923646415381357,0.07336373309432585
7.214428857715431,15.0,12.094884568733507,2.905115431266493,0.18614175982818199,0.06233481702121521,-0.001623519417003518,0.15782863145965884,0.37925670405664125,0.18287524653536372,0.1314660417196557
7.274549098196393,15.0,15.128738399018768,-0.1287383990187685,0.10016748812791916,0.024295826251893967,0.018582622993418663,0.16605340649496736,0.33338881620465183,0.18637224032027658,0.12889127373928033
7.3346693386773545,15.0,13.671220611141203,1.3287793888587967,-0.013394554257472054,-0.006835625095319699,0.020236213504066153,-0.19939929388700833,0.39365554457772167,0.2189171070942667,0.15546686151645628
7.394789579158316,15.0,18.524642229391382,-3.5246422293913824,-0.08558653854537418,-0.034917103105796654,-0.0022826319048418987,0.045485439575198475,0.28229945125323597,0.1125236207094164,0.08497401692862862
7.454909819639278,15.0,17.648812025152672,-2.6488120251526723,-0.15477966799386847,0.03243229842485528,0.013947005548700242,0.04607550875453494,0.3062568353465355,0.20035556570713092,0.03199777642557518
7.51503006012024,15.0,16.793852219613616,-1.7938522196136155,-0.007738093998415386,0.022584795509895228,-0.007988577380190362,-0.5189551274799055,0.3736276116010592,0.21408347567929,-0.003879267966697135
7.575150300601202,15.0,15.383745186907634,-0.3837451869076336,-0.008742872087830828,-0.007938549338548923,-0.002967814483002451,-0.10645867636479665,0.3305650806963351,0.21257746559969054,-0.011554171704849807
7.635270541082164,15.0,13.53757298144645,1.4624270185535497,-0.0076696833793318975,-0.01340593053200688,-0.004808893475391555,-0.1198188355190037,0.2039406517549312,0.23445971239575328,0.017694368666221188
7.695390781563126,15.0,14.3966303292636,0.6033696707364005,0.14920172083354466,-0.02988553793466188,0.0030675666183853853,-0.33198096636613195,0.28512987826209574,0.17725294882464643,0.029761762080949196
7.755511022044088,15.0,12.884497746695832,2.115502253304168,0.07031964960986258,0.05880895856085221,0.0013985262582606028,0.10627520892785991,0.29703511229233875,0.2870083713020168,0.07207180714703255
7.8156312625250495,15.0,10.936356808499834,4.063643191500166,-0.09999673998723546,-0.070795312100513,-0.013703188191881065,-0.4342471909723676,0.3347296591879775,0.22297069142626025,0.15334467097703589
7.875751503006012,15.0,12.286596767680493,2.713403232319507,0.11119646003685907,-0.07599018637345281,0.006649357816994882,-0.09802663003648668,0.3579818883459184,0.3039813538381745,0.20761273562342603
7.935871743486974,15.0,10.970412839432889,4.029587160567111,0.004151975534675773,-0.0009359931115929007,-0.004189255225735057,0.16133898785892165,0.2663485612066815,0.28326020652170786,0.28820447883476824
7.995991983967936,15.0,15.179133817579977,-0.17913381757997726,0.11528279822622267,0.05704757488009507,0.003863759124167857,-0.061339002652036234,0.30539327514751036,0.2274938059133057,0.2846218024831687
8.056112224448897,15.0,12.907920028597777,2.0920799714022227,-0.06386197531541839,0.009598850084913834,0.01234088730937335,0.104709082981613,0.3203746251487226,0.16559239163437606,0.3264634019112131
8.11623246492986,15.0,18.923364940148485,-3.9233649401484847,-0.17497965148626504,-0.009471795824064246,0.0030735508255552396,-0.07245386382031993,0.2519909500592523,0.25517487535535743,0.2479961031082434
8.176352705410821,15.0,12.772267037807406,2.2277329621925936,-0.038810886861660836,-0.0380792122929923,0.014093342534084414,0.17385781144524157,0.3285977922599794,0.1651753183103771,0.2925507623520953
8.236472945891784,15.0,13.377579834213385,1.6224201657866146,0.06356811928137217,-0.05334417469167562,0.010328292421925366,0.016230019325856417,0.3065677410227485,0.09186881988828627,0.3249991656678276
8.296593186372744,15.0,13.641834491095103,1.3581655089048965,0.013699011957738616,0.008886929469786068,-0.022737650232079062,0.32560617378118106,0.35677099687420116,0.22203875867766182,0.3521624758459255
8.356713426853707,15.0,14.17613393583014,0.8238660641698594,0.046759605867195395,-0.032454003900023946,0.0047658827798741366,-0.0341655032358679,0.2988653211107418,0.1851353984353264,0.3686397971293227
8.41683366733467,15.0,13.310412713941652,1.689587286058348,0.11731399138391946,0.06115632318524866,-0.002394335390130159,0.3314071695504998,0.25877440387884765,0.24407577849612727,0.40243154285048965
8.47695390781563,15.0,13.506993268495172,1.4930067315048277,0.050209028543145955,-0.044770315156098306,0.016501468563345254,0.07130878636287379,0.2922052579409265,0.1921633004851136,0.4322916774805862
8.537074148296593,15.0,14.673514449370074,0.32648555062992557,-0.05014994217955089,-0.0022887420171758444,-0.005429040021980926,0.20491860745089646,0.32224092635167617,0.22383057993384103,0.43882138849318475
8.597194388777554,15.0,13.715454800752573,1.284545199247427,-0.045970892014297715,0.009467503159630467,-0.006612082335770906,0.17676476767213742,0.2731737441190687,0.17597995368591196,0.4645122924781333
8.657314629258517,15.0,13.532503363920046,1.4674966360799537,0.10655535239739061,0.05979671571753207,-0.0005209071082934222,0.32485573081446556,0.3480353494432888,0.1369694649094736,0.4938622251997324
8.71743486973948,15.0,14.675528595114063,0.3244714048859372,0.09126615017026461,-0.047634168038002245,0.004188375279945548,-0.12186879495380726,0.3535419631144157,0.12734803782075518,0.5003516532974511
8.77755511022044,15.0,14.583558866217384,0.41644113378261594,-0.07128356379461999,-0.080240760600156,-0.005601529010611619,0.03006742095962166,0.30727538924960557,0.30078476895857853,0.5086804759731034
8.837675350701403,15.0,15.497318257905109,-0.49731825790510875,-0.008045645752954078,-0.03762623459854733,-0.004363532775313087,0.4569408677892935,0.32861464717776123,0.1405076781360146,0.49873411081500124
8.897795591182364,15.0,11.637796309430156,3.362203690569844,0.11402524835506543,0.007084260025300125,0.0014227938906846854,-0.5640130924236647,0.2712571449602133,0.13110733868485414,0.565978184626398
8.957915831663327,15.0,20.569468381550994,-5.569468381550994,0.049375198706870314,0.04245604873104908,-0.00565935524715259,-0.005925046865725232,0.32780802567090184,0.1951674849213465,0.45458881699537823
9.018036072144287,15.0,14.86227567563096,0.13772432436904047,0.0011412743578779658,-0.03983925737413729,-0.008487156358277835,-0.2659550601267639,0.26076406817758346,0.1943317760999881,0.45734330348275903
9.07815631262525,15.0,14.555534815461716,0.4444651845382843,0.02405691233705515,-0.062453704023191815,0.010688270224177475,-0.06361505602628595,0.3086203088707546,0.14720375912511632,0.4662326071735247
9.138276553106213,15.0,13.146459984776838,1.853540015223162,0.10975156742574262,-0.0300853577765601,0.0028723815127797542,0.04728521892636592,0.33144774196311744,0.18032271632089236,0.503303407477988
9.198396793587174,15.0,17.68550853698684,-2.685508536986841,0.03387607479658341,0.006666557458882064,-0.005410467703609022,0.00896739698208019,0.26914107685039634,0.2121930345062848,0.4495932367382512
9.258517034068136,15.0,14.907258705909882,0.09274129409011778,0.1053367088108389,-0.02926340407613584,0.0039514629910712825,-0.05226854025453274,0.3226957867245001,0.22766312868392038,0.45144806262005355
9.318637274549097,15.0,14.891643527212118,0.1083564727878823,0.09481831758215792,-0.052502998186258566,0.008143034189982017,-0.5259687224000331,0.3871085222435084,0.10908971474981555,0.4536151920758112
9.37875751503006,15.0,16.110025776098418,-1.1100257760984178,0.21557425140640804,-0.032733462598148765,-0.0023106906453238306,0.21488340206064788,0.26283331248941455,0.1758820145184568,0.43141467655384286
9.438877755511022,15.0,15.124768011624148,-0.1247680116241483,-0.19602297093369295,-0.02783788706728603,-0.00834151569932889,0.14983016514310887,0.3344732033193092,0.20230113797525373,0.4289193163213599
9.498997995991983,15.0,15.21483128841865,-0.21483128841864918,-0.23947671616974298,-0.003506300479225874,0.009722911001708266,0.06938471385608912,0.22823218070440188,0.06312981702918805,0.4246226905529869
9.559118236472946,15.0,13.402725962437371,1.597274037562629,-0.004484416321056451,0.051533661641582365,0.004961001765652504,0.07531748592588622,0.3208893416857148,0.2358385269322128,0.4565681713042395
9.619238476953907,15.0,15.909795480116586,-0.9097954801165855,-0.14588048595588218,-0.014987934874796062,-0.014987752596429944,-0.36148842003357173,0.418348757275806,0.2129945454325188,0.43837226170190774
9.67935871743487,15.0,16.76046580225341,-1.7604658022534103,-0.012477039373263403,-0.03589042100796379,-0.003372264690147504,0.04877623730607269,0.2367066914894414,0.21098393619697103,0.4031629456568395
9.739478957915832,15.0,16.735371253366544,-1.7353712533665444,-0.007155793957151279,0.04394306463641304,-0.014564338868094027,0.15369566741497936,0.334896819879957,0.23533236932479873,0.36845552058950864
9.799599198396793,15.0,11.167804988537105,3.832195011462895,0.06336442592933846,0.06357739754642541,0.02061289450537311,0.16009125825316117,0.32619240859574405,0.14276659310716647,0.4450994208187666
9.859719438877756,15.0,13.597786381196263,1.4022136188037368,0.057753327134830015,-0.007749011958605782,0.011616406603766607,0.14933933095676727,0.28108282774169696,0.2714221042113881,0.4731436931948413
9.919839679358716,15.0,16.872631109848342,-1.8726311098483421,-0.017165775189991392,0.009191484335330357,-0.0076787834011494225,-0.19185599709045909,0.42126018941302135,0.19314795884477798,0.43569107099787446
9.97995991983968,15.0,16.498875581604356,-1.4988755816043557,0.038026107402049134,0.0859679992113189,0.012166668252911593,0.176695457564673,0.27631987263973723,0.14976543524624497,0.40571355936578735
10.040080160320642,15.0,13.19322033746919,1.8067796625308095,-0.19244053650163467,-0.026264309761489874,0.012412322465834385,-0.3208180390849261,0.294395054736844,0.18567309319287162,0.44184915261640356
10.100200400801603,15.0,17.576577657229237,-2.5765776572292367,-0.10472209844057088,-0.06935229078777101,0.01246974774480705,0.11425718684351145,0.3164074843054133,0.09788169294593325,0.3903175994718188
10.160320641282565,15.0,17.18248717142996,-2.1824871714299583,0.0797122633673642,0.1413861182128521,0.00023871100983718533,-0.1082893701500729,0.28436314599266815,0.11266174322629277,0.34666785604321965
10.220440881763526,15.0,13.895482551854853,1.1045174481451472,0.19218020570951846,0.02392377298656081,0.011555645729548565,0.06289907803553112,0.24670692130896188,0.2640154116389254,0.36875820500612266
10.280561122244489,15.0,17.452832407466115,-2.452832407466115,0.05362166061626714,0.006626907072218169,0.018200942313340844,-0.010829392041112256,0.27246310876269836,0.06453105472290352,0.31970155685680035
10.34068136272545,15.0,13.96328050340621,1.0367194965937898,0.008728614332176147,-0.010654578921544344,-0.004410715165969538,-0.05686778772965234,0.339049366483105,0.24459101045691495,0.3404359467886761
10.400801603206412,15.0,14.355839905844554,0.6441600941554455,-0.1500386562499485,-0.09156313414517836,-0.011809277008402064,0.16282285231439952,0.3051828716111453,0.18898825273286415,0.35331914867178504
10.460921843687375,15.0,15.382895511324937,-0.3828955113249375,0.11284097875133532,0.0015344723937628956,0.0004585081154122573,0.004044573357771859,0.16757096840819777,0.25412734954156097,0.34566123844528635
10.521042084168336,15.0,13.708032688637743,1.2919673113622565,0.06393942220801592,0.05241663294392993,-0.015614958138726511,0.007148832237555559,0.27046912335616036,0.2618846808443118,0.37150058467253144
10.581162324649299,15.0,19.902045848214932,-4.902045848214932,0.07327568460949872,-0.04801448760509148,-0.010593016281583153,-0.14820339291194345,0.3234433777057748,0.12540459990215724,0.2734596677082328
10.64128256513026,15.0,16.009109845887476,-1.009109845887476,-0.09602322941327446,0.01565591320241753,-0.004716313574133461,0.05593543689225136,0.29368555549584463,0.3111781299954844,0.2532774707904833
10.701402805611222,15.0,15.626367884376176,-0.626367884376176,0.1517837349750885,0.0304110199177325,0.005446931531949118,0.023747817882397368,0.32822317667223677,0.18920879206029584,0.24075011310295977
10.761523046092185,15.0,14.879502226566252,0.12049777343374757,-0.11620011098946477,0.010725959888299602,-0.007979051754913712,0.08530226734985175,0.31401044489609925,0.24093340044366898,0.24316006857163472
10.821643286573146,15.0,15.196341790360375,-0.1963417903603748,0.04867331270162183,-0.011259851103155772,0.0001923746140645862,0.22588409299113557,0.3232739853577492,0.178103046955172,0.23923323276442723
10.881763527054108,15.0,13.987351768637732,1.0126482313622684,-0.07242173982066535,0.007287488875158118,-0.008978373895661263,0.34040785207122826,0.2829696167694242,0.23313206184008842,0.2594861973916726
10.941883767535069,15.0,14.84062825987424,0.15937174012575994,0.1272479931404338,0.032704089956351066,-0.016398590901937148,0.32432448230966526,0.37378346685345254,0.09362798130520414,0.2626736321941878
11.002004008016032,15.0,19.235338560817322,-4.235338560817322,0.1288782042562983,0.03858751155194241,-0.0018449121754659235,0.04632664544556514,0.1409037983841916,0.21598539615661266,0.17796686097784137
11.062124248496994,15.0,16.98556093976147,-1.98556093976147,-0.07631438225730906,0.02544245250105301,-0.003497113724612968,0.14404155176565805,0.3104162767804958,0.1372379300906268,0.13825564218261197
11.122244488977955,15.0,12.20969325865266,2.79030674134734,-0.20672174839085533,-0.06312324703054366,-0.0060641446708174385,-0.2081654057258757,0.16049860989285175,0.25372855033796937,0.19406177700955876
11.182364729458918,15.0,14.829792944568617,0.17020705543138348,-0.18202695021162477,0.06827397842997249,-0.013661332634597399,-0.18466037703098293,0.3665752361036152,0.26251623083611947,0.19746591811818642
11.242484969939879,15.0,13.677204838212427,1.3227951617875728,-0.20071456698232662,0.026130803140724218,0.010521011055667256,0.23723596064207123,0.3082987791234345,0.10451141183593037,0.2239218213539379
11.302605210420841,15.0,18.968197044954717,-3.9681970449547173,0.06769284788716083,0.07904813219259983,0.005106156319292853,0.1279181446777221,0.23800657733596364,0.24668115004858182,0.14455788045484355
11.362725450901802,15.0,12.864498578066286,2.1355014219337143,0.19106016672341547,-0.016571626448168814,-0.0012601145644126428,0.07095117083626896,0.34079391954812377,0.3139672550826026,0.18726790889351783
11.422845691382765,15.0,16.054336921505524,-1.0543369215055236,0.06200846123117107,0.04928748379922083,0.01082458745635951,-0.17054382659427236,0.32587955211442055,0.31351720417745416,0.16618117046340736
11.482965931863728,15.0,13.652346600348224,1.3476533996517759,0.07784132617648436,-0.04423904492475517,0.019365186519814517,-0.14986352395158656,0.3055345946187224,0.14745295306242978,0.19313423845644287
11.543086172344688,15.0,17.432250352465637,-2.432250352465637,-0.02019435889947467,-0.005023321303995,0.009213274493233453,0.3154502611744329,0.2658243562792823,0.06985093746502524,0.14448923140713013
11.603206412825651,15.0,14.5243287334073,0.4756712665927001,-0.08229528002678405,0.022477071566035463,0.006489448922923273,-0.005486344722817227,0.23400938527486614,0.16665893101220142,0.15400265673898414
11.663326653306612,15.0,14.321231431098315,0.6787685689016847,-0.041263450875527984,-0.034528484036643846,-0.0040878685437430295,0.03445992175455758,0.2753106914279009,0.17852086992903382,0.16757802811701783
11.723446893787575,15.0,16.01601929094468,-1.01601929094468,0.02079143972811487,-0.018187084345358692,-0.0018333221075720742,0.09389888232944205,0.22385208800031375,0.09888940013935497,0.14725764229812424
11.783567134268537,15.0,15.16261800027066,-0.1626180002706601,-0.11368611133814854,0.047781349362359886,-0.014305166834768117,-0.11968274096022002,0.34473068769568055,0.10941588697855512,0.14400528229271103
11.843687374749498,15.0,13.513738347978764,1.486261652021236,0.11678580747052024,-0.017600957349080616,-0.013885770539441502,-0.24699518768863182,0.24787441487603978,0.19223135486645157,0.17373051533313574
11.90380761523046,15.0,17.55013790197875,-2.5501379019787507,0.23198797291101583,-0.015968183493081604,-0.009066652994803734,0.022772373082273797,0.31499742103555284,0.19026544928977449,0.12272775729356074
11.963927855711422,15.0,15.095888167534314,-0.09588816753431395,0.06856102884257011,-0.02144112100202534,0.01210841633982816,-0.2135397375499558,0.33224070188682664,0.24380977928619024,0.12080999394287446
12.024048096192384,25.0,22.64400941364788,2.355990586352121,-0.015370781551118907,-0.06673080964529701,0.0020832551465471845,0.017090494234060997,0.28376793108501563,0.1608425974101087,0.1679298056699169
12.084168336673347,25.0,22.41542640622783,2.58457359377217,-0.1236036989837146,0.018860078976015604,-0.012577159637848827,0.04672833807231293,0.3442793791976417,0.10446747583362731,0.2196212775453603
12.144288577154308,25.0,27.39538684042878,-2.395386840428781,0.016968431823822346,0.006417378076109053,-0.001794348825215874,-0.16449913896378981,0.26374197468617416,0.12349917386599298,0.17171354073678466
12.20440881763527,25.0,24.333933615758287,0.6660663842417129,-0.0683168317627784,-0.039301006943431124,-0.011618185058630855,-0.018140573602080764,0.3036077680387024,0.26072145144708103,0.18503486842161893
12.264529058116231,25.0,24.052980170704526,0.9470198292954741,0.014573823195681197,-0.08837333414095294,-0.018043564179485393,-0.23971257659162937,0.28283149998693113,0.2696994429993069,0.20397526500752838
12.324649298597194,25.0,22.79970251181491,2.2002974881850896,0.09616084301337616,0.01579292626090812,-0.013411953109693897,-0.07620757178421352,0.2602558066608888,0.148257767474891,0.2479812147712302
12.384769539078157,25.0,26.062345836412945,-1.0623458364129448,-0.1515763880722262,-0.028709831471508525,0.00016683337457074163,0.0030184591917525243,0.18066529360939515,0.16536991132715395,0.2267342980429713
12.444889779559118,25.0,24.59862059870987,0.4013794012901286,-0.060042464634317116,0.03254736484865118,0.0055612766089059695,-0.17366366737437455,0.27073306132225033,0.2761703163704669,0.23476188606877388
12.50501002004008,25.0,22.551691543466287,2.448308456533713,0.13208505743589058,0.08759563163347528,-0.0021212807823969195,-0.045913490649678944,0.2738311887006001,0.23433100944847357,0.2837280551994481
12.565130260521041,25.0,23.81807899799662,1.1819210020033815,-0.2707904402871062,-0.05304770289365101,0.008253505677119256,-0.15173392579732012,0.39457885608959836,0.16161489395627288,0.30736647523951577
12.625250501002004,25.0,28.84153989136612,-3.8415398913661214,-0.0063749595476802305,0.01269218734595295,0.015521600592504322,0.08463199568888535,0.3887484132603273,0.18362969799510312,0.23053567741219333
12.685370741482965,25.0,22.153222364302565,2.8467776356974355,-0.09879750960393514,-0.04714717693720071,-0.0017871480161175096,0.19394466287460826,0.23969015057810558,0.235062248368401,0.28747123012614206
12.745490981963927,25.0,24.039547015148628,0.9604529848513721,-0.1064995990893098,-0.05363969119443121,0.009036999550257952,0.3811031244215563,0.2914822648988495,0.21009535094424053,0.30668028982316947
12.80561122244489,25.0,27.102422361038908,-2.102422361038908,0.05379140083648444,0.13911953188236115,-0.016060792683246953,-0.08646150728602733,0.3559458466381358,0.24144716920605827,0.2646318426023913
12.86573146292585,25.0,25.105094516673418,-0.10509451667341807,-0.02483980784437813,0.039448749335265966,0.0016422948536049798,-0.13377170149341797,0.3117503576087914,0.2277717295421287,0.26252995226892295
12.925851703406813,25.0,23.60724888986084,1.3927511101391588,0.016879844727599787,-0.02555331007133807,0.004432637202397982,0.008521397112606325,0.3427022637775897,0.269098097275447,0.29038497447170614
12.985971943887774,25.0,23.391392972056106,1.6086070279438935,-0.17363409987523948,-0.03988884253653056,0.015171244093495372,-0.06539025139798417,0.21421731469031094,0.18556699379878808,0.322557115030584
13.046092184368737,25.0,23.43768885818566,1.562311141814341,0.0978871083807756,-0.01008945003384638,0.014243998129609097,0.015646310394559777,0.2624412439412038,0.23879394934769455,0.35380333786687085
13.1062124248497,25.0,17.668824487392456,7.331175512607544,-0.2138562254450621,-0.004603872491266048,0.0005956151672648538,0.19830171429027568,0.34180357892988705,0.2617975061358302,0.5004268481190217
13.16633266533066,25.0,23.656477755263076,1.3435222447369242,-0.12054490876420708,-0.044854080835572935,-0.013069765210248226,0.526620463180113,0.18688808707405608,0.20585028736724867,0.5272972930137602
13.226452905811623,25.0,25.955299395840733,-0.9552993958407328,0.22020977967062763,0.02031217945110532,0.009283659515249254,-0.007476949310014084,0.31196592902460213,0.21753246664949127,0.5081913050969455
13.286573146292584,25.0,26.407697379605125,-1.4076973796051249,-0.051433116159827375,0.0032571524839890365,0.00274478624660987,0.21754638213105093,0.3238789573813865,0.10188195418678174,0.48003735750484305
13.346693386773547,25.0,25.641890161940804,-0.641890161940804,0.08101716442388733,-0.07341402973860943,0.006364779680709428,-0.02343228789194133,0.27085593468234803,0.15477170003967083,0.46719955426602694
13.40681362725451,25.0,25.29109613674705,-0.2910961367470506,0.10932531482957204,0.18932418627370826,0.008019246650668374,-0.0636011255012707,0.22382540127902173,0.29685119106248636,0.46137763153108596
13.46693386773547,25.0,22.47620468432715,2.5237953156728494,0.062017783760419325,0.04809497035461932,0.017701808623604837,0.07309606770611775,0.39472701866671894,0.25243162565892807,0.5118535378445429
13.527054108216433,25.0,29.20065242121705,-4.20065242121705,0.032080102767861766,-0.02577278799778865,0.010781268923070781,-0.10757473802724105,0.2814419655339754,0.28918080783867983,0.4278404894202019
13.587174348697394,25.0,27.339012287532533,-2.339012287532533,-0.007427859715441545,-0.09917984984509011,-0.005356720837047995,0.1555546538137845,0.34046702507468823,0.2614919317703749,0.38106024366955127
13.647294589178356,25.0,28.412605978420125,-3.4126059784201246,-0.038393029568907104,0.01103267765850966,0.012367974232422859,-0.021613353888909493,0.20290440793041375,0.20633760245754762,0.3128081241011488
13.707414829659317,25.0,25.508652123993386,-0.5086521239933859,0.03901306493442932,-0.07313822238602603,0.0036926455580838947,0.19461895331700846,0.3080790495461428,0.14873945411016523,0.30263508162128105
13.76753507014028,25.0,25.488644383241475,-0.48864438324147486,-0.062098011254296995,0.03801335564635496,-0.003920443776589583,-0.4466705187196673,0.34825028137813413,0.24770202805300168,0.2928621939564516
13.827655310621243,25.0,24.243828856583022,0.756171143416978,0.04813874464683124,-0.1568849432322948,-0.014272337089007601,-0.08238100799354171,0.3605780684297987,0.23440001243754008,0.30798561682479114
13.887775551102203,25.0,26.197421869029615,-1.1974218690296148,-0.16208911530353415,-0.006067965873666831,0.013101079151604807,-0.09211570565108074,0.3237590020315951,0.1878675614042865,0.2840371794441988
13.947895791583166,25.0,22.115346144150433,2.8846538558495673,0.05309962032287746,-0.04069952734817986,0.017487156467552334,0.10533376327039048,0.34803462329691354,0.27825275848320263,0.34173025656119016
14.008016032064127,25.0,27.77356978706156,-2.773569787061561,-0.04311407836270883,0.04870264343064789,0.006644013848165685,-0.1760496882679489,0.2035421964884423,0.23255548592378866,0.28625886081995894
14.06813627254509,25.0,26.93118116890718,-1.9311811689071803,-0.05044803817453195,0.06307649653925104,0.008959080799862454,0.33156289188762844,0.3570682212583967,0.2410487693954456,0.24763523744181534
14.128256513026052,25.0,27.81958241146956,-2.819582411469561,-0.14876280593504382,-0.07700021565782444,-0.005676939552738409,-0.22724997810977882,0.2981633822118794,0.22984457577197612,0.19124358921242413
14.188376753507013,25.0,23.006737492072006,1.9932625079279944,0.1088324202780928,-0.025227200681270757,0.0004169729630341495,-0.31759896115860076,0.2593026459977717,0.10002211016991819,0.231108839370984
14.248496993987976,25.0,21.97496287311638,3.025037126883621,-0.00899161530956197,-0.02676500665837705,0.0071975449878484065,-0.005138621622582586,0.3787954239926552,0.13025200162883438,0.29160958190865643
14.308617234468937,25.0,25.052456397084725,-0.05245639708472538,-0.033275103035115196,-0.00877074301875275,0.00047477989121766124,-0.1378932114269655,0.2901142665214194,0.20226095963473506,0.2905604539669619
14.3687374749499,25.0,22.186512719288913,2.8134872807110867,0.0052040733919008885,-0.029332855954559225,-0.01007227075470765,-0.07662501913425517,0.24099383836554197,0.15822232143769135,0.34683019958118366
14.428857715430862,25.0,26.85416204298357,-1.854162042983571,0.05058180871672784,0.0272718110919893,-0.005521618507816879,0.2923007516307373,0.26191099487869995,0.18811744951176704,0.30974695872151226
14.488977955911823,25.0,24.10913837541804,0.8908616245819587,0.11947607515933462,0.05710494078276529,-0.009286905237839455,-0.18175126771947617,0.3252700292466509,0.20115222302067648,0.3275641912131514
14.549098196392785,25.0,28.345371906704482,-3.3453719067044823,0.0965255113302738,0.11862544758229265,0.006382064984005936,0.1816741865608858,0.2872678948570877,0.2124768248713703,0.2606567530790618
14.609218436873746,25.0,22.48918460391365,2.5108153960863504,0.1132324542862639,0.062422138751616923,-0.0072584247942132874,-0.18820939348852592,0.28502944684340153,0.11308754277287174,0.31087306100078876
14.669338677354709,25.0,24.746697050836964,0.25330294916303586,0.14789052065951147,0.12938125178021614,-0.0035341009827719056,0.15158670510983183,0.28318617962682674,0.26606934697827633,0.3159391199840495
14.729458917835672,25.0,26.58616317945801,-1.5861631794580084,-0.031633647050573074,0.02575106890509898,-0.008660879719122883,0.06494373110527776,0.32709684798764904,0.192468200709775,0.28421585639488933
14.789579158316633,25.0,27.255632924355655,-2.2556329243556554,-0.010658789973810687,-0.03771760643257742,0.012990466049641493,0.24299980601143442,0.3162555152424779,0.24603819129513166,0.2391031979077762
14.849699398797595,25.0,28.359031790859632,-3.359031790859632,0.11608956436628413,-0.0151023186782284,0.0011199050299388884,0.08124183464291593,0.2630061677708689,0.2571042399376452,0.17192256209058357
14.909819639278556,25.0,25.79479928629016,-0.7947992862901607,-0.03601102072164389,0.013286691539098333,-0.007669284906152924,0.1482708794272281,0.36675632409524184,0.2555078887375991,0.15602657636478034
14.969939879759519,25.0,26.357570937714453,-1.3575709377144527,0.13458935651611534,-0.019677833230253936,-0.0145168799077598,-0.27142896579769993,0.27739716375471496,0.1832769613986333,0.12887515761049131
15.03006012024048,25.0,22.5435636857806,2.456436314219399,0.08168083152417352,0.04792476197147705,0.0055862345892397115,-0.05246486766176422,0.28336846548172784,0.20352885914414756,0.17800388389487928
15.090180360721442,25.0,27.503445082866744,-2.503445082866744,0.27528375257193666,0.08750211549312917,-0.0012145475803059659,0.021748111582437352,0.3064763808469912,0.20274921845811006,0.1279349822375444
15.150300601202405,25.0,26.334808539478278,-1.3348085394782778,0.1921159131764412,0.00777981236089278,-0.000649950137706264,0.3194706242981038,0.3208417694173527,0.15074050600032907,0.10123881144797885
15.210420841683366,25.0,26.81674483895017,-1.8167448389501715,0.07780575382346186,-0.054966377679516044,-0.011326339417132647,-0.05406257081547599,0.3020996930902044,0.2204880152369942,0.06490391466897542
15.270541082164328,25.0,25.939550571939588,-0.9395505719395878,0.048388716458966974,0.01039335692313121,0.008712864868659905,-0.19898619749157184,0.15875051672907226,0.23203532482694544,0.04611290323018366
15.33066132264529,25.0,25.02174420970793,-0.02174420970792923,0.028139749130845073,0.08071631861105795,-0.02008867588605627,-0.11833856661094544,0.35446422158683377,0.11794436069710293,0.04567801903602508
15.390781563126252,25.0,24.292272739211214,0.7077272607887863,0.10286875608638198,-0.005014408569609488,0.017037970089650044,-0.12945972964417912,0.24899488064264425,0.14442904455231179,0.05983256425180081
15.450901803607215,25.0,27.461052288744305,-2.4610522887443054,0.043751981101632434,0.03927775705320508,-0.008133198244320097,-0.1454370818606047,0.25829658275740197,0.20505645635240224,0.010611518476914697
15.511022044088175,25.0,24.168791810934565,0.8312081890654355,0.02556819264531654,0.031917044761285866,-0.012215144989165816,0.1697876505126025,0.30039582420513267,0.2362577567079991,0.027235682258223405
15.571142284569138,25.0,26.90854411340806,-1.908544113408059,0.02922357627386389,0.08300044042324284,0.023785307860129067,-0.06261594634710253,0.354475986314995,0.19799143910127312,-0.010935200009937774
15.631262525050099,25.0,26.79556657568732,-1.795566575687321,0.029665351658671013,-0.09542755197000276,-0.0024422995653035654,-0.1701760859616574,0.34277746298284456,0.11409113511260266,-0.04684653152368419
15.691382765531062,25.0,25.222697925967207,-0.22269792596720706,-0.08391236468011996,-0.02615555998949978,-0.004960785659891038,0.09417239134680207,0.35111845444690604,0.24214582860759978,-0.051300490043028335
15.751503006012024,25.0,23.414981065499862,1.5850189345001375,0.04795664895044618,0.05121332646374695,-0.0015019514031149156,-0.05094726341684883,0.27861849892128665,0.16858214901352647,-0.01960011135302558
15.811623246492985,25.0,25.50442012935558,-0.5044201293555801,-0.01467287046576474,-0.041536671076195825,0.007168484032373329,-0.23683628579581192,0.3454986128465826,0.24026462395781478,-0.029688513940137187
15.871743486973948,25.0,21.403104674141783,3.596895325858217,0.23267185716159597,0.11489670799491845,0.00972058365108324,-0.03929337702012803,0.21676902863397707,0.23769690792034545,0.04224939257702715
15.931863727454909,25.0,22.657267806072202,2.342732193927798,-0.020593853579666515,0.007757849743009468,0.02013404922185521,0.1521707844344968,0.19729297240407684,0.16787211846597502,0.08910403645558311
15.991983967935871,25.0,26.268522171247874,-1.2685221712478736,-0.04994523084624872,0.10153256675754725,0.019889009116300274,-0.11902554071651483,0.3687113818641168,0.2748634628657004,0.06373359303062565
16.052104208416832,25.0,23.53415731647345,1.4658426835265495,-0.00400221468335897,0.042559659105359804,-0.007060617486030244,-0.2839900449674113,0.32586663168817065,0.19446652938160242,0.09305044670115663
16.112224448897795,25.0,27.753849619557773,-2.753849619557773,0.09978575895247711,-0.10665827978915006,0.0004107492769382491,0.009559848012438296,0.3347976372155299,0.2543543446499027,0.037973454310001174
16.172344689378757,25.0,24.34023426078796,0.6597657392120411,-0.16095249660565447,-0.06687702015319653,0.012767050896543904,-0.29675575262540305,0.3013376710937709,0.2892531592450117,0.051168769094242
16.23246492985972,25.0,26.27508403309368,-1.2750840330936803,-0.06603338908946456,0.047848529263033304,-0.001899581641616498,-0.30336111194874626,0.28473336241401265,0.24740812649929014,0.02566708843236839
16.29258517034068,25.0,22.860962038131866,2.1390379618681337,-0.17606432651758241,0.08098972121599005,-0.0012603459241919393,0.19630343776091114,0.29015501816468137,0.28414249448429,0.06844784766973107
16.352705410821642,25.0,23.614201872061674,1.385798127938326,0.131626187946402,-0.06715896397117191,0.001660119817904591,-0.30135201554148466,0.3498327167158247,0.21425285748006614,0.09616381022849758
16.412825651302605,25.0,26.08882720482246,-1.0888272048224614,-0.0723904871405384,0.08232722601423065,0.00020560020829763124,-0.19608170085300017,0.2096263047378677,0.2461004934139904,0.07438726613204835
16.472945891783567,25.0,23.571936924404007,1.4280630755959933,-0.07351426900950611,0.016893430780163848,0.004704469831165827,-0.008352818362306351,0.29921722074489376,0.18191604288531604,0.10294852764396822
16.53306613226453,25.0,21.312866136229033,3.687133863770967,0.10097050500548599,0.06036466301899429,0.009023534148589364,0.08197116950919744,0.28498165870533876,0.1607033332587099,0.17669120491938756
16.59318637274549,25.0,24.28565159715758,0.7143484028424183,0.07551082582798707,-0.016698366826199462,-0.009376343383230158,-0.16878876533603995,0.27633367281880444,0.2154783859248741,0.19097817297623593
16.65330661322645,25.0,25.00277413160111,-0.002774131601110952,-0.07226927145549361,0.04855532086160454,0.010468803268197142,-0.15608801078869433,0.27370851947252095,0.21187336905749513,0.19092269034421372
16.713426853707414,25.0,26.48043310601365,-1.480433106013649,-0.057224497964562554,-0.03883133453934283,-0.010718667388150194,-0.043037376007078736,0.3120298239207895,0.20299076369684405,0.16131402822394073
16.773547094188377,25.0,25.954940057951557,-0.954940057951557,0.1571817947182439,0.008588761843496062,0.009317547910452846,0.2378269955980355,0.307035528633282,0.2942757899542289,0.14221522706490958
16.83366733466934,25.0,29.774044816765734,-4.774044816765734,0.19822564025816303,-0.14392367387262414,0.0059432524334167075,-0.1877221729571769,0.35529346438942244,0.15162894207671565,0.0467343307295949
16.8937875751503,25.0,23.6354232389071,1.3645767610928985,0.10318735129451345,0.025079263071938807,0.005881126495567332,0.284732089625877,0.3431388553329972,0.24533888847329927,0.07402586595145287
16.95390781563126,25.0,21.713544240140916,3.2864557598590842,0.13902819510671213,-0.025316608569532575,0.0005424311769972099,0.03302297922597594,0.3828758426647987,0.13066226128822253,0.13975498114863455
17.014028056112224,25.0,27.496626733860378,-2.496626733860378,0.05291994236797505,-0.03549470767121143,0.013709976737024522,-0.046313840699437246,0.2614590204578948,0.24329958833053675,0.089822446471427
17.074148296593187,25.0,26.205936970049166,-1.2059369700491658,0.010168882275922424,-0.04523354749384284,0.005751191514139615,0.058602466419332123,0.2115191495915013,0.18867938168506707,0.06570370707044368
17.13426853707415,25.0,24.182432493951406,0.8175675060485936,-0.11547985866733364,0.06190968220938812,0.022231247177388575,0.07092749916644119,0.2788370794425112,0.19239436416044292,0.08205505719141556
17.19438877755511,25.0,29.737769680080156,-4.737769680080156,-0.027504684504963003,-0.05450535003357887,-0.011140059030208994,-0.03326994850305147,0.21943965244504998,0.16827329120899082,-0.01270033641018756
17.25450901803607,25.0,25.175630461253004,-0.17563046125300374,0.021640880917585884,-0.020652104991933613,0.004464325651512737,0.08088516332488088,0.2895150934886231,0.20151145717520555,-0.016212945635247635
17.314629258517034,25.0,26.850586067203665,-1.8505860672036647,0.002218502738653275,0.04054795999331602,0.015669012013806244,-0.019315551418606983,0.34677543771367664,0.21079979774509539,-0.053224666979320934
17.374749498997996,25.0,25.24734115824494,-0.2473411582449394,-0.20033373915380204,0.004748126195787405,-0.014257818898284124,-0.16273154529342604,0.2387659827553631,0.13702027846135534,-0.05817149014421972
17.43486973947896,25.0,23.50561440966419,1.4943855903358099,0.047920082802908076,-0.037889956804690136,-0.0007750499325245619,0.2337316941324401,0.28812476926714964,0.21186389074128603,-0.02828377833750352
17.494989979959918,25.0,27.03198321260278,-2.0319832126027784,-0.03439943043961107,0.013860341632451416,-0.01410134069892238,0.15133609126522585,0.24672120825901003,0.09347308665908863,-0.06892344258955908
17.55511022044088,25.0,27.465029145905596,-2.4650291459055964,-0.11669021213736482,0.04705192638063188,-0.012993846651586257,0.003600472500950103,0.40402710072777326,0.3130192018261298,-0.11822402550767101
17.615230460921843,25.0,25.237384077660753,-0.23738407766075298,-0.12004689479360478,0.030869292649406323,-0.0032928130559794194,-0.21983095413688597,0.29752495135960394,0.15052094830688517,-0.12297170706088607
17.675350701402806,25.0,25.600762236773996,-0.6007622367739955,0.19990325746538073,0.006872546226656565,0.0072496540619381945,0.04323611718146911,0.2747820212114706,0.19589303209318257,-0.134986951796366
17.73547094188377,25.0,24.833850251905687,0.1661497480943126,0.04455092831945642,-0.08136915342587053,-0.0007404610097904152,-0.3419318806509702,0.28208489492466676,0.2643927732652417,-0.13166395683447973
17.795591182364728,25.0,24.485263023659886,0.5147369763401137,0.04042398551328369,0.04023391076636643,-0.008834418966521042,-0.4331553210938182,0.2741667721558692,0.27730540100284995,-0.12136921730767747
17.85571142284569,25.0,28.08644748320888,-3.086447483208879,-0.11214378345314618,0.01085860141166619,-0.001834109919705692,-0.05205196349967283,0.2638160006554057,0.12073340742644327,-0.18309816697185505
17.915831663326653,25.0,24.18646878299313,0.8135312170068687,-0.09652487645884726,-0.021106195563744583,0.011884429613500842,0.042374625074732664,0.31486965677049966,0.3030414565348979,-0.16682754263171767
17.975951903807616,25.0,24.705142959569294,0.29485704043070626,-0.04597699521951793,-0.002982270992889429,0.004256512824269459,-0.6011911283851745,0.40701084395024767,0.19009471442616058,-0.16093040182310353
18.036072144288575,-15.0,-15.246114092329917,0.24611409232991655,0.0792058801020564,0.04351361260855682,-0.006887265729118767,-0.20843690946105303,0.31093025119034684,0.20889029991387964,-0.1560081199765052
18.096192384769537,-15.0,-16.65533580124795,1.6553358012479507,0.06704525716632818,0.017079116360480533,0.0012289538639194879,-0.4092785193186993,0.29763053105855064,0.32833975953533445,-0.1229014039515462
18.1563126252505,-15.0,-11.262074074381005,-3.7379259256189954,0.02698411121635624,-0.032986572146196894,-0.0009213234315693478,0.04038916261138698,0.26322105538638835,0.1534137109508366,-0.1976599224639261
18.216432865731463,-15.0,-17.995816171842613,2.9958161718426126,-0.05329088248908556,0.014605001207660763,-0.006000401041402413,0.10674718920604105,0.1955133435826974,0.14811084189931223,-0.13774359902707387
18.276553106212425,-15.0,-16.054410857941843,1.0544108579418427,0.07584988687048971,-0.02907288580626184,0.007005157146784388,-0.17600472336785142,0.33034806052877586,0.20541652141093,-0.116655381868237
18.336673346693384,-15.0,-13.475278852373139,-1.5247211476268614,0.14570733448638062,-0.0662179899497957,0.004768351789356211,-0.2398695510594752,0.342613644282978,0.138199254632977,-0.14714980482077422
18.396793587174347,-15.0,-12.290116608827745,-2.709883391172255,-0.20809638003064773,0.0886538243084009,0.013431879742937103,0.02581397096786094,0.2894525664599525,0.20871646098290092,-0.20134747264421932
18.45691382765531,-15.0,-14.982326956863009,-0.01767304313699114,-0.0002911853251155245,-0.001324222787022646,-0.01073412248025281,-0.23928840771853233,0.3431551577356483,0.2055974077010644,-0.20170093350695914
18.517034068136272,-15.0,-17.000822308059615,2.0008223080596146,0.2357509650385449,-0.07925747759342598,0.006199195129553897,0.05568362851583724,0.3825967556340277,0.16518745077824876,-0.16168448734576685
18.577154308617235,-15.0,-13.445136378903452,-1.5548636210965476,0.01103856225423859,-0.004898326981852038,-0.0015109057345652607,-0.09718919218587137,0.2140995820067167,0.21077069962390527,-0.19278175976769782
18.637274549098194,-15.0,-19.184324240218924,4.184324240218924,0.035181847999963926,-0.023605601961100908,7.768968979684725e-05,0.07984965581367412,0.3404724712822971,0.16759213238609794,-0.10909527496331933
18.697394789579157,-15.0,-12.483132141368975,-2.5168678586310254,-0.05394631700917749,0.022381986858625514,-0.015783839238061263,0.09134307269469233,0.2858206804888347,0.26866751244759035,-0.15943263213593983
18.75751503006012,-15.0,-16.075742475836716,1.0757424758367158,-0.04152668344753053,0.06088052797836105,0.001236032124775944,0.049555821645217546,0.26695005000682187,0.13892881337633523,-0.1379177826192055
18.817635270541082,-15.0,-17.31297398280168,2.3129739828016795,0.08144168494752405,0.011915874584429874,-0.010354585871854482,0.15875506947614954,0.28798286029646303,0.22822662359535212,-0.09165830296317193
18.877755511022045,-15.0,-13.630110822584617,-1.3698891774153825,0.1447758891574232,-0.08020639863748912,-0.0030981878006840135,0.12312506726129052,0.2091204546075979,0.18391187908678258,-0.11905608651147959
18.937875751503004,-15.0,-14.124054932985114,-0.8759450670148858,0.07770679783442365,-0.0746041177464706,0.01780814538566628,0.002727766586768323,0.3765575803324783,0.1695080351161345,-0.1365749878517773
18.997995991983966,-15.0,-14.23491559118625,-0.7650844088137507,0.1327170292652469,0.04104575991588186,-0.0019721799826754437,0.05055001717385944,0.27354542248349645,0.18898329963614682,-0.1518766760280523
19.05811623246493,-15.0,-19.253643126932598,4.253643126932598,0.19058976833503405,-0.015199085316150628,0.007681652288423652,-0.3594307086769267,0.23185066680515926,0.2701435932597117,-0.06680381348940034
19.118236472945892,-15.0,-10.166045348464348,-4.833954651535652,0.02437323654736244,-0.06977916657421689,0.004090682243541774,0.20600743997631238,0.29105307440208555,0.15937881512712343,-0.1634829065201134
19.178356713426854,-15.0,-13.580052265025135,-1.4199477349748655,-0.08151815509269418,0.06123018737249206,0.008884954228937867,-0.13248711823097845,0.26147959590249603,0.20509175941834515,-0.1918818612196107
19.238476953907814,-15.0,-15.382031931519265,0.38203193151926484,0.11079527136942768,-0.023969088198582247,0.00614351208496209,0.2308076468162406,0.32407472218750866,0.1917904030271962,-0.1842412225892254
19.298597194388776,-15.0,-12.749174085741412,-2.250825914258588,-0.059042674966691855,-0.026781546570886907,-0.004189145575670192,0.31346616796243754,0.2874824169517619,0.17713712769739864,-0.22925774087439718
19.35871743486974,-15.0,-13.554917965483057,-1.4450820345169433,-0.11565028149835643,-0.02855742860854891,0.005869537058048769,0.01689627389776424,0.33641555679034996,0.15760098312625967,-0.25815938156473606
19.4188376753507,-15.0,-14.875242305988325,-0.12475769401167547,-0.06193366408610913,-0.013033881891144612,-0.0037635679639395005,0.05069804805846426,0.34677245803846996,0.18879636313130288,-0.2606545354449695
19.478957915831664,-15.0,-12.596386206466743,-2.403613793533257,0.1497981304313967,0.01178773165915898,0.0021650531205676606,0.3208110824612426,0.2739028038630486,0.18536125128193315,-0.3087268113156347
19.539078156312623,-15.0,-11.421878432730658,-3.578121567269342,-0.18213236455782816,-0.07192192934158473,0.010606838024812304,0.31468529179525967,0.3494089327502278,0.27790999616962886,-0.38028924266102154
19.599198396793586,-15.0,-13.895770118059609,-1.104229881940391,-0.053673498779643614,0.025597705485628792,0.008281670065359969,0.16280916723377015,0.3531139003119792,0.21718289147850434,-0.40237384029982937
19.65931863727455,-15.0,-15.309842110023633,0.3098421100236326,-0.09520721646979075,0.03642073036214965,-0.010056697982192154,0.1576945517650777,0.26209700507140876,0.2411844027635152,-0.39617699809935675
19.71943887775551,-15.0,-14.685719264579198,-0.3142807354208017,0.0661431480541735,0.06956823935723422,0.0069022569855279785,0.10529080052539724,0.3351789287989445,0.20244627369901,-0.4024626128077728
19.779559118236474,-15.0,-14.42812734692819,-0.5718726530718108,0.07970752919192887,-0.01966417471180356,0.011812448402443314,0.21438534273993112,0.2942810643080536,0.21715001251656818,-0.41390006586920897
19.839679358717433,-15.0,-18.84287675112379,3.8428767511237893,-0.22055276618635583,0.04974004009100205,-0.020002633964372202,0.13015449440173718,0.32022057823428995,0.21657359140776564,-0.3370425308467332
19.899799599198396,-15.0,-17.090007889904218,2.090007889904218,0.011238297261233373,0.06751642247056536,0.001952326904407108,0.029122217570389304,0.3042023493924012,0.26415475624918394,-0.2952423730486488
19.95991983967936,-15.0,-11.379386322659325,-3.6206136773406747,0.15023575547909462,0.044421692482916254,-0.004719705957454306,0.16122124994021403,0.3030251048989397,0.2631932038283843,-0.3676546465954623
20.02004008016032,-15.0,-11.912600403580882,-3.087399596419118,-0.10328266981829617,0.03176264756324108,-0.010568800646992853,0.06450934297586185,0.31686210620962807,0.11979178526447536,-0.4294026385238447
20.080160320641284,-15.0,-13.021807945484799,-1.9781920545152012,0.06890972041810466,-0.026244632988798422,-0.004072084935990637,-0.08592865917976332,0.27572581919026784,0.17257868692598605,-0.4689664796141487
20.140280561122243,-15.0,-15.157219465603362,0.15721946560336164,0.05000792494269418,-0.023376843703253256,0.00042692397233351823,-0.23201423519252198,0.2994553788800963,0.2147103041057884,-0.4658220903020815
20.200400801603205,-15.0,-11.461527392346397,-3.5384726076536026,0.03561609275924236,0.09239424574468778,0.011273612905799715,0.21326365767342115,0.3080731244735245,0.188997344055232,-0.5365915424551535
20.260521042084168,-15.0,-13.240607640719729,-1.7593923592802714,0.029340962712945014,0.048223162336167774,0.011094404804343079,0.08186881310341587,0.2971964398960139,0.25321961382028807,-0.5717793896407589
20.32064128256513,-15.0,-15.976887959906993,0.9768879599069926,-0.029312187677456414,-0.00921849006031565,0.0065942910651731555,0.6896307760844782,0.3367396245335717,0.2144567252299148,-0.5522416304426191
20.38076152304609,-15.0,-16.569593916529534,1.5695939165295343,-0.05343317336211156,-0.04054649579018259,-0.0065458428256296875,0.041792867147488075,0.39676876916391784,0.1619269933901588,-0.5208497521120284
20.440881763527052,-15.0,-14.348193615243723,-0.6518063847562772,0.009547974538828607,-0.012743334524250215,0.001972300771858317,-0.29907339630070084,0.25781819003086204,0.18276352135121332,-0.533885879807154
20.501002004008015,-15.0,-12.019623101167808,-2.9803768988321924,0.04060558507986811,0.015421187651915375,0.004547150944397531,0.1343937009754718,0.24732062775121466,0.18528293856283165,-0.5934934177837978
20.561122244488978,-15.0,-13.865236373341444,-1.1347636266585557,0.17834567816067132,0.04396779895655902,0.008709703939814739,0.20720722545989978,0.3387845068717397,0.2625337434446883,-0.6161886903169689
20.62124248496994,-15.0,-17.23085805482331,2.2308580548233117,-0.09029076660243039,-0.003715704589152915,0.008899357366914789,0.04879329994881399,0.35788940481956655,0.24827870065300967,-0.5715715292205027
20.6813627254509,-15.0,-14.194272425665238,-0.805727574334762,-0.007169345816491167,0.06886477673425366,0.0038106186614050904,0.3913674710539047,0.2648160697328812,0.20223288856990188,-0.587686080707198
20.741482965931862,-15.0,-16.793721792048846,1.7937217920488457,0.1999404872160037,-0.038786293570940045,0.008414843648748779,0.29910226891803443,0.26594259590205294,0.16358251399710969,-0.551811644866221
20.801603206412825,-15.0,-17.366663268852207,2.366663268852207,0.1834522441984614,0.02142786717056112,0.003524402409047954,-0.3123601643874534,0.21056895642639856,0.27908419295839554,-0.5044783794891768
20.861723446893787,-15.0,-12.346768017333003,-2.6532319826669966,0.03117375358621535,0.0028736443795166827,-0.01696272067265952,0.5982802233649874,0.3082562883526006,0.18158706047040934,-0.5575430191425168
20.92184368737475,-15.0,-14.836657015328916,-0.16334298467108432,0.025705102591760672,0.05263231268800093,-0.0023669201087826363,-0.32096878550395636,0.2885082655404171,0.1988174957424331,-0.5608098788359385
20.98196392785571,-15.0,-13.312448764261102,-1.6875512357388978,-0.11456868662048639,-0.010180511672428054,-0.0011923573530138877,0.1757375039970452,0.3005541219195905,0.223996724901993,-0.5945609035507164
21.04208416833667,-15.0,-11.01925769909001,-3.9807423009099896,-0.013023995451641021,0.002651423933256263,-0.007816578484960009,-0.3861635400220999,0.3226198374487136,0.2720412485402345,-0.6741757495689162
21.102204408817634,-15.0,-14.676930180485222,-0.3230698195147781,0.008464642623672174,-0.0569400836700536,0.0008345761307257464,-0.14934936961167272,0.37194260743785934,0.18827598321961603,-0.6806371459592119
21.162324649298597,-15.0,-15.007450496750216,0.007450496750216473,0.031045501609185556,0.008598066203270955,0.017092598035757047,-0.07497668235042003,0.2842747292588515,0.19651860764655074,-0.6804881360242075
21.22244488977956,-15.0,-15.553934427722815,0.5539344277228153,0.13560411386952362,0.09481459147155884,-0.0009257148131995063,-0.043590161956738406,0.37811981790999527,0.2035739111183161,-0.6694094474697512
21.28256513026052,-15.0,-13.552829000129982,-1.4471709998700177,0.015226307751792872,0.03000809591105222,-0.020704835763034116,-0.30872579489205476,0.34322422478830045,0.15196202052864946,-0.6983528674671515
21.34268537074148,-15.0,-14.641885052384415,-0.3581149476155847,0.07042784582656313,0.04954395682667817,0.00526648315684952,0.12262152698264789,0.2894976880017525,0.29029338957294787,-0.7055151664194632
21.402805611222444,-15.0,-14.151774176043714,-0.8482258239562857,-0.05837329563157158,0.04206815176562578,-0.00043172684082043813,0.1492190278075056,0.33729181664072416,0.21643593646848133,-0.7224796828985889
21.462925851703407,-15.0,-16.846226101882596,1.8462261018825963,0.02516599612502037,-0.03766741707900422,0.023975917117870196,0.2602503815522357,0.31216357716548737,0.12073464959753821,-0.6855551608609369
21.52304609218437,-15.0,-17.227891264481983,2.2278912644819826,-0.29790069639921285,-0.005851380477063199,0.009209813547328884,-0.26861123708105583,0.39285068762860587,0.26177192805957245,-0.6409973355712972
21.58316633266533,-15.0,-15.078278648536454,0.07827864853645394,-0.035781366630135376,0.006235534814662325,0.009427693865895185,0.1878555550997368,0.2389334390118244,0.3085774284498029,-0.6394317626005682
21.64328657314629,-15.0,-13.848365617703953,-1.1516343822960469,-0.13148874080548809,0.033674733200971016,0.0016798050688039826,-0.017760645403510834,0.311443726658378,0.17533118798848868,-0.662464450246489
21.703406813627254,-15.0,-16.61783962424374,1.6178396242437394,0.18000472377692184,0.07000242192406606,0.006345811975691986,-0.07412664173512166,0.23493125940147286,0.2635091925524078,-0.6301076577616143
21.763527054108216,-15.0,-16.179164553355076,1.1791645533550756,0.014982748914127472,-0.0006339706504374469,0.0007416747956564088,-0.2595262667804434,0.29811745528615885,0.19691267867393702,-0.6065243666945128
21.82364729458918,-15.0,-14.22604505892263,-0.7739549410773705,0.2404970881796428,-0.0016701406320971492,0.014530127229988121,0.23339555420850183,0.17606371531867474,0.12463278461768168,-0.6220034655160602
21.883767535070138,-15.0,-18.355005975518914,3.355005975518914,-0.11482780216536562,-0.001263698016453145,0.0088103517661146,-0.20507512465866193,0.3822207284152272,0.218587837017225,-0.5549033460056819
21.9438877755511,-15.0,-14.999704373070179,-0.0002956269298213243,0.07857108622156053,0.007548527192729463,-0.004128878873935954,-0.15585482231390102,0.36605246684803944,0.20122549580482554,-0.5549092585442783
22.004008016032063,-15.0,-11.99741346713434,-3.00258653286566,0.040583278428906584,0.015201776894482169,0.0038597888564398486,-0.40919541151992755,0.30611973128673897,0.22483493468127713,-0.6149609892015915
22.064128256513026,-15.0,-14.360766506473135,-0.6392334935268646,0.08016460664846753,0.0820786778212506,-0.00044898124878153887,0.03547403973649143,0.34475471268091373,0.21947491036549194,-0.6277456590721288
22.12424849699399,-15.0,-15.81465903879476,0.8146590387947601,-0.11233927697532664,0.11021456538377486,-0.007991478086567872,-0.14261787640512624,0.3037353730312812,0.1660159978082272,-0.6114524782962336
22.184368737474948,-15.0,-19.106548723871132,4.106548723871132,-0.10633793592567041,0.06745478850437649,0.006220826520628206,-0.05645843017845771,0.2752098191974378,0.2677238695052954,-0.5293215038188109
22.24448897795591,-15.0,-16.173934127029252,1.173934127029252,-0.05389031290840181,0.01032059618601275,-0.008303934831261793,0.14103082624638774,0.30810595138063473,0.2250364800856881,-0.5058428212782259
22.304609218436873,-15.0,-17.365736763714676,2.3657367637146756,0.24506624296735682,0.03329151601868196,0.011624344231406045,0.16973263982184017,0.2835518482123611,0.23940805171093377,-0.4585280860039324
22.364729458917836,-15.0,-16.08814380456868,1.0881438045686807,0.03426522737337602,0.06575888194685893,0.005009628905306301,0.1138986232457192,0.32896341067382123,0.17686319495847794,-0.4367652099125588
22.4248496993988,-15.0,-14.741015269992616,-0.2589847300073842,0.08088099203012263,0.08429907275358982,-0.012521265835993346,-0.043086784643476705,0.34483867583682404,0.21361883520263908,-0.44194490451270646
22.484969939879758,-15.0,-15.139700704558694,0.13970070455869354,0.3662794610809756,0.07745894811949788,0.002132018701568541,0.042132374043047725,0.24104070939007288,0.20121641049290157,-0.43915089042153255
22.54509018036072,-15.0,-15.753666048619374,0.7536660486193743,-0.07473019054534376,-0.10704650835930794,-0.019418297618753057,-0.14168091327560353,0.3484987365675431,0.16101338592498898,-0.4240775694491451
22.605210420841683,-15.0,-17.38922119302591,2.389221193025911,0.009203753860510994,-0.05369428003194879,0.009539180913030354,0.014653201448248394,0.32455344926928376,0.18046925242815215,-0.3762931455886269
22.665330661322646,-15.0,-17.458408148518938,2.458408148518938,0.07476028944423782,0.03153123137868565,-0.0032036441863726533,-0.22707714283892738,0.3141350402659495,0.19540711993570667,-0.32712498261824813
22.725450901803605,-15.0,-13.604267033917818,-1.395732966082182,-0.08109959137376047,0.02245528229959408,-0.0019129645864913434,0.16961567060024457,0.29332239408023425,0.16114086194923366,-0.3550396419398918
22.785571142284567,-15.0,-14.436572519298482,-0.5634274807015185,-0.0509091395062559,-0.03410164285866366,-0.005390844508103715,-0.3383798861343328,0.22732942820245314,0.1752183445372343,-0.3663081915539222
22.84569138276553,-15.0,-16.18835985014063,1.1883598501406283,0.06372140479509107,-0.10085854975740548,0.016385707908455713,-0.3315927274637059,0.3277123281652632,0.22967540018482366,-0.3425409945511096
22.905811623246493,-15.0,-13.523649101872419,-1.4763508981275812,-0.04273228168711779,-0.017351902866974026,-0.010351475369769167,0.2115196731763982,0.27585287453160323,0.22270695351393777,-0.37206801251366123
22.965931863727455,-15.0,-15.973341998805187,0.9733419988051875,0.02378418549650216,0.004039642415331778,-0.011819612486553194,-0.22687335251683038,0.2890782891493619,0.1829699089181427,-0.3526011725375575
23.026052104208414,-15.0,-15.028937734328839,0.028937734328838616,-0.048976385256430555,-0.02880570821449506,-0.01682820843609838,0.25179145169888895,0.2563289840830307,0.1493757202481171,-0.35202241785098076
23.086172344689377,-15.0,-16.19011780732719,1.1901178073271907,0.12133850826195246,0.024426921303750078,-0.00935354558529715,-0.10558228415212667,0.3294960865620261,0.14112895322215493,-0.32822006170443696
23.14629258517034,-15.0,-14.531524349661597,-0.4684756503384033,-0.1473343772269082,0.0028903226913303357,0.0036961762288074546,-0.040095963196861414,0.341936047897543,0.16143881856232814,-0.337589574711205
23.206412825651302,-15.0,-16.113856830417898,1.1138568304178982,-0.04178856535204698,-0.018720583953029817,0.0031766005293171863,-0.07468460357404308,0.23644817544887448,0.2385663694066993,-0.315312438102847
23.266533066132265,-15.0,-16.082022044435192,1.0820220444351918,-0.047765981767425185,-0.0823668380794839,-0.011492991247760025,0.4396768187349185,0.2617483520938746,0.22620134752240606,-0.29367199721414317
23.326653306613224,-15.0,-14.78585682770816,-0.21414317229183943,0.06976078600116363,0.03202384478864486,-0.023381224978626908,0.24771158886479352,0.2834235394116188,0.19587332320032222,-0.29795486065997995
23.386773547094187,-15.0,-14.525999507339987,-0.47400049266001254,0.20486015198807928,0.028623685459030646,0.005065828222608669,0.14552992926497252,0.3602587124842473,0.1406213131402649,-0.3074348705131802
23.44689378757515,-15.0,-14.139356270877572,-0.8606437291224278,0.057526140373706236,0.028344141690120235,0.009906006427797319,0.3032028366100103,0.33499032834759757,0.1650673711083091,-0.3246477450956287
23.507014028056112,-15.0,-17.609748942185814,2.6097489421858135,0.14103490086181783,-0.044451928493251386,-0.009792593946884379,-0.21454442775930135,0.28471307886352765,0.2276261045319249,-0.27245276625191245
23.567134268537075,-15.0,-11.85332565710639,-3.1466743428936095,-0.05219698031529945,0.029107369200667223,0.0024131054699584814,-0.13821541372708177,0.2067835163593662,0.21382438908330972,-0.3353862531097846
23.627254509018034,-15.0,-14.152472653025185,-0.8475273469748146,-0.047873422330668776,-0.04499410552688423,0.01774977885048487,0.16329328634524737,0.34294776177964653,0.22942169254067257,-0.3523368000492809
23.687374749498996,-15.0,-15.560640433066299,0.5606404330662986,-0.16840645815441435,-0.06349875862498203,0.008482912373784532,-0.12239289694854039,0.31678822565404985,0.20380140052976675,-0.34112399138795496
23.74749498997996,-15.0,-14.713756441561435,-0.2862435584385654,0.18247689963515643,0.031533573593804716,0.007601590694477062,-0.23931863462065836,0.37048476722952506,0.18227537759453172,-0.34684886255672626
23.80761523046092,-15.0,-14.24838421823276,-0.7516157817672404,-0.0501553629935154,-0.02407759444443242,-0.004887572035382673,0.09735954733986657,0.2528594078675334,0.13527959339796286,-0.3618811781920711
23.867735470941884,-15.0,-15.28988420511167,0.28988420511167057,-0.11428601499102353,-0.032445781392038235,0.0038915491825173955,0.3243323323226739,0.2744552094682575,0.19501983215017907,-0.3560834940898377
23.927855711422843,-15.0,-15.04840344139054,0.048403441390540536,-0.08456807130233035,0.00516146371768841,-0.01409321072963087,-0.15007811119410802,0.3382528496170445,0.24772700158814037,-0.3551154252620269
23.987975951903806,-15.0,-9.948369243541576,-5.051630756458424,-0.058747623665541926,-0.05023971823164437,-0.00592536919510968,0.06706062413034412,0.2602983194931842,0.20438358026719994,-0.45614804039119533
24.04809619238477,0.0,1.6824936068211993,-1.6824936068211993,-0.04529341981290452,-0.07106934080626286,0.0034498429204957094,-0.1212699741415797,0.2549480060818059,0.2547962298965619,-0.48979791252761934
24.10821643286573,0.0,-4.7112176149483,4.7112176149483,-0.06734255921153941,0.04132395030368424,-0.01690439565983575,0.2418814913879373,0.23816405966396323,0.18610152487073037,-0.39557356022865336
24.168336673346694,0.0,0.3519495618204181,-0.3519495618204181,0.02307854181861284,0.046331272419236826,-0.011981727835097697,-0.03589006043987044,0.34138343007139316,0.1110878914701187,-0.40261255146506175
24.228456913827653,0.0,1.0129025402310956,-1.0129025402310956,0.1465623737493357,-0.04827211191616521,0.011436945678896075,0.13512952046232046,0.30237023348615,0.13338999553804587,-0.42287060226968365
24.288577154308616,0.0,5.032163966731365,-5.032163966731365,-0.12438055917533453,0.039026651085554157,-0.026298815023763425,-0.43651318431671493,0.32600249980197216,0.14826365837324215,-0.5235138816043109
24.34869739478958,0.0,-1.382620047285948,1.382620047285948,-0.0534747356496249,-0.009433474946697652,-0.006454054029467165,0.05493105640832076,0.30454917458017094,0.2747422889884789,-0.495861480658592
24.40881763527054,0.0,-0.49398598920130654,0.49398598920130654,0.014870439892204665,-0.005092312151913322,-0.0017602498145809608,-0.1848273810314527,0.32554044315895925,0.18704496531581688,-0.48598176087456585
24.468937875751504,0.0,0.2391815611330519,-0.2391815611330519,-0.020987055770240556,0.008708141123969846,-0.006555436956298957,-0.1436239270078088,0.24429319482138584,0.20363164667298883,-0.4907653920972269
24.529058116232463,0.0,0.500222401652813,-0.500222401652813,-0.089112989388373,0.08033690875789673,-0.0071472098942247,-0.11287335373474675,0.2603802495002864,0.16433816620940192,-0.5007698401302831
24.589178356713425,0.0,-0.9438929381163256,0.9438929381163256,0.051477472045634444,-0.007361389636543524,-0.003119943387164265,0.27873028197921296,0.2239879328564659,0.23742411490258153,-0.4818919813679567
24.649298597194388,0.0,2.0673206149582333,-2.0673206149582333,-0.034728070066989206,-0.043221582445945164,0.006613797394843261,0.020633160592818684,0.3233955635602623,0.18654308406475217,-0.5232383936671213
24.70941883767535,0.0,-1.6624236318947658,1.6624236318947658,-0.08725390853382321,-0.020748203426227532,0.01486503839617723,-0.021937903580275697,0.2461854137986076,0.2240915025024001,-0.48998992102922606
24.769539078156313,0.0,1.533668541150479,-1.533668541150479,-0.04288575515468475,0.03970941852432721,-0.01030381040328957,0.3716210672598915,0.30578013343884203,0.19897650787266885,-0.5206632918522357
24.829659318637272,0.0,3.3536034277453894,-3.3536034277453894,-0.09452064527809813,0.0024510495213355844,0.003851014055176141,0.2612966365503029,0.11132751561162887,0.24495988122480705,-0.5877353604071435
24.889779559118235,0.0,1.251579896652019,-1.251579896652019,0.12904721471898672,0.026857143701284076,-0.001702288327060933,0.3813483988411108,0.30143993722649465,0.2768979172425614,-0.6127669583401838
24.949899799599198,0.0,0.7488505273743261,-0.7488505273743261,-0.08320492342507509,0.05343130658410902,0.021365065882077986,0.2799795699897873,0.21751665630992756,0.26737311091058286,-0.6277439688876704
25.01002004008016,0.0,1.5968746432461625,-1.5968746432461625,-0.026330777938207418,0.0210890296832131,-0.007147261401592628,0.0786590069175585,0.22569006549549164,0.2829251686361873,-0.6596814617525937
25.07014028056112,0.0,2.3347565503710013,-2.3347565503710013,0.05366597301638107,0.11966688120350584,0.007282922571049637,-0.06948400712229813,0.23848255624803022,0.2340128209092513,-0.7063765927600137
25.130260521042082,0.0,-2.318252453444364,2.318252453444364,0.13999326729324416,-0.014768020565398386,-0.0033894776507873716,-0.3643743527821315,0.3226767434984472,0.23735763199463913,-0.6600115436911265
25.190380761523045,0.0,0.08348203765858317,-0.08348203765858317,0.15528611156608468,-0.02684895257456163,0.007955638208970876,-0.06491780459574421,0.303560823083526,0.17822380034350307,-0.6616811844442981
25.250501002004007,0.0,-1.3096642724502496,1.3096642724502496,-0.186194677591374,0.014902535609374623,0.005741807290956527,-0.24433053553030307,0.3621063234943793,0.21305697742446683,-0.6354878989952931
25.31062124248497,0.0,-1.9344192735299923,1.9344192735299923,0.020674892697943096,0.04750902385475122,0.011092188028088456,-0.26038460322166496,0.313625699782951,0.09148561514686222,-0.5967995135246933
25.37074148296593,0.0,2.1112399306637717,-2.1112399306637717,-0.2534941182096735,-0.034302588559590105,-0.010647822456551423,0.1114899959051317,0.2576392400747259,0.19963685440519496,-0.6390243121379687
25.430861723446892,0.0,-0.25948876604521864,0.25948876604521864,0.11335321102236702,-0.04421539906421132,0.003958244552522847,0.3453520483322083,0.30898982001625397,0.30544121766322113,-0.6338345368170643
25.490981963927855,0.0,-2.44610053065741,2.44610053065741,-0.013011795734117782,-0.011688187772938997,0.006027848045641052,-0.18827511062741015,0.3422217170286006,0.22426011709645718,-0.5849125262039161
25.551102204408817,0.0,-1.4092871209765516,1.4092871209765516,-0.10927403464850712,0.0036493300331345286,-0.024568811898985517,-0.11560709311686501,0.3475294573165828,0.1853787583645802,-0.5567267837843851
25.61122244488978,0.0,0.0977519770788805,-0.0977519770788805,0.006595192762657781,0.10304184223448726,0.011045329388988182,-0.08694897411223397,0.2560930988183509,0.17935099625977832,-0.5586818233259626
25.67134268537074,0.0,-2.3106352252366307,2.3106352252366307,0.0126262054219328,-0.035802408374950204,0.0053960705417061315,0.06409808544653507,0.23988754748357852,0.21120237144104023,-0.51246911882123
25.7314629258517,0.0,1.273296465198664,-1.273296465198664,0.10942228882525545,-0.05175351022930701,0.00814725294450492,0.14904286384083903,0.31227241672981176,0.21444126443896577,-0.5379350481252033
25.791583166332664,0.0,-1.5297306392428798,1.5297306392428798,-0.005739806251098531,0.05527749507773301,-0.00011521344167255294,0.2797356618589957,0.37720588582066134,0.17588630921457604,-0.5073404353403457
25.851703406813627,0.0,-0.2682233733481862,0.2682233733481862,-0.08110713519478353,0.09130093347077846,0.014591732551471798,0.2797880223265622,0.22792214838640606,0.2608575884685607,-0.501975967873382
25.91182364729459,0.0,2.044402324892219,-2.044402324892219,-0.04096588769290339,0.016185529002509445,0.0017457524360428456,0.10267054253701949,0.28363672466986906,0.18402297339965062,-0.5428640143712263
25.97194388777555,0.0,1.0942050230587808,-1.0942050230587808,0.0905010646643708,0.05132874371497595,0.016435190404916804,-0.056193362157229566,0.32291085046354995,0.18818943975009556,-0.564748114832402
26.03206412825651,0.0,-1.7077865414302846,1.7077865414302846,-0.0960760674199545,-0.01564830801384968,-0.0011918770333638506,-0.1092799576047827,0.26640058887467294,0.08802297306779305,-0.5305923840037963
26.092184368737474,0.0,3.5062115731746357,-3.5062115731746357,0.007255189064917549,0.04350218160054295,-0.006932753217087535,-0.2878871191823257,0.38483189591417033,0.23982304535663862,-0.6007166154672889
26.152304609218437,0.0,-0.030213838497263903,0.030213838497263903,-0.1141583224394705,-0.07273071691078374,-0.003006613105140401,0.10157596055222545,0.24458829870526438,0.18722031531807012,-0.6001123386973437
26.2124248496994,0.0,-2.8943344326540505,2.8943344326540505,0.04839549932739182,-0.01864956951052329,0.003332112764590502,-0.10576246581169424,0.267428586331823,0.23475828949451835,-0.5422256500442627
26.27254509018036,0.0,1.5220424708574751,-1.5220424708574751,0.0335965440729711,-0.03774941550268445,0.0016405616793473583,0.28440247098438043,0.3106102047976366,0.18707006462628015,-0.5726664994614121
26.33266533066132,0.0,0.03268238006487202,-0.03268238006487202,-0.025369003602830727,0.02182744437155658,-0.00016745851636335116,-0.3343320953402839,0.25073590117302963,0.2359971201668151,-0.5733201470627096
26.392785571142284,0.0,-1.2967976854319676,1.2967976854319676,-0.10032533914560103,0.05058426482314918,-0.009475533831819056,0.15399644034221893,0.2687672708240354,0.2939380268226883,-0.5473841933540703
26.452905811623246,0.0,-0.19813894757808437,0.19813894757808437,0.02264200074132516,-0.004513908537503053,0.0005101851989102446,-0.04085416652837989,0.29929185797338853,0.21196040942611383,-0.5434214144025086
26.51302605210421,0.0,0.04904136522778769,-0.04904136522778769,-0.003073373268198215,0.040779696665755365,-0.0005177192261884231,0.22571316832446275,0.2725085081673207,0.1142316124897258,-0.5444022417070643
26.573146292585168,0.0,1.5488732651689063,-1.5488732651689063,0.11984224980108622,-0.01010923986821418,0.008302950962968562,-0.00980833321511762,0.34796097339551596,0.16257953568157157,-0.5753797070104425
26.63326653306613,0.0,1.201337631438557,-1.201337631438557,0.07099949876003776,-0.0259883128329674,-0.0008746067636885982,0.06551911457305715,0.3582443413926357,0.2308090776916764,-0.5994064596392136
26.693386773547093,0.0,-0.7068388138017058,0.7068388138017058,-0.03568912348181196,-0.019107036852157235,0.003515615638987858,0.17417682418907585,0.3562763772971534,0.2686885330995189,-0.5852696833631794
26.753507014028056,0.0,3.672280264565338,-3.672280264565338,-0.042103633690311955,-0.014340085407470136,-0.005529043182212926,-0.014681698805864493,0.28199113517163993,0.2399556204092774,-0.6587152886544863
26.81362725450902,0.0,1.526950211076768,-1.526950211076768,0.004573920345275688,0.0031079148182985173,0.005178235007887152,0.15886490251054453,0.29951242231894165,0.2723020161974571,-0.6892542928760216
26.873747494989978,0.0,-2.1821810950151246,2.1821810950151246,0.045965083140901565,0.03819279309750469,0.002982151840864357,0.14883819841303822,0.22204759050717923,0.18659962855485468,-0.6456106709757191
26.93386773547094,0.0,-5.607429509564257,5.607429509564257,-0.16671481069200103,-0.07725050420673774,-0.005186041480631197,0.4008781743450975,0.3659287816878899,0.2847411884264776,-0.533462080784434
26.993987975951903,0.0,-2.0416722550094937,2.0416722550094937,-0.0926537903241442,0.013585611351891822,0.007800374091329009,-0.01424835059566384,0.2509899008148821,0.34294800074681714,-0.4926286356842441
27.054108216432866,0.0,-4.855091093975252,4.855091093975252,-0.10076349856194194,0.03409765891170532,0.0013939860460443691,0.2373869723951529,0.3103167548884895,0.24140034102262742,-0.395526813804739
27.11422845691383,0.0,0.2439887084801964,-0.2439887084801964,0.03504057535092111,0.0047867844908099,0.0010485340195730268,0.2591781205358222,0.3205307391504627,0.1527353783149718,-0.4004065879743429
27.174348697394787,0.0,-0.3873565496213997,0.3873565496213997,0.08916524949084637,-0.07525734200890837,0.018542995252406914,-0.07128938757953202,0.3445174388395154,0.2567488099031359,-0.3926594569819149
27.23446893787575,0.0,1.601716439711111,-1.601716439711111,0.02750542043076188,-0.0272508187128056,-0.009892955166237326,0.14408416385804715,0.2543447475955154,0.1327872153066626,-0.4246937857761371
27.294589178356713,0.0,-0.8207924397931661,0.8207924397931661,0.03820742608194799,-0.10223315918428902,0.004044261206976407,-0.3335652812841673,0.22787024471570572,0.16947423206795986,-0.4082779369802738
27.354709418837675,0.0,0.770150360080235,-0.770150360080235,-0.016969873373835466,-0.023724706906180854,0.004415890197918594,0.01384676616111579,0.2482621910630646,0.2216375821227106,-0.42368094418187846
27.414829659318634,0.0,1.6630618617199937,-1.6630618617199937,0.056675047995846564,0.07437310922829975,-0.005701452467612749,0.09992664422418324,0.31241481395464393,0.24110498855677864,-0.4569421814162783
27.474949899799597,0.0,-0.32885935501346264,0.32885935501346264,0.051283742741951605,-0.07344404174820067,0.003770484966900001,0.06950551713717895,0.2133486925927713,0.1701469854713676,-0.450364994316009
27.53507014028056,0.0,-0.20686123583563903,0.20686123583563903,-0.1146229367828326,0.05796600118325386,0.0021174648588454244,-0.02644396701658554,0.3062716006774245,0.18815364416445315,-0.4462277695992962
27.595190380761522,0.0,0.7525004301660227,-0.7525004301660227,0.04891348757280889,0.06522158011994976,-0.0003023902100414205,-0.2677333516462586,0.23139793333164516,0.0864805519782272,-0.46127777820261673
27.655310621242485,0.0,-1.6868411212472114,1.6868411212472114,0.05411247899121368,-0.02637475497934825,-0.0013687693521824665,-0.0677485990207652,0.2527808234048107,0.1831896799304757,-0.4275409557776725
27.715430861723444,0.0,1.866484292097223,-1.866484292097223,0.0203325522330895,-0.0385718826557605,-0.0019042110667749105,0.522856147681585,0.29807004456696934,0.20480428268701895,-0.4648706416196169
27.775551102204407,0.0,-0.10509944049921877,0.10509944049921877,-0.2258129362745911,0.03921629186080739,0.016272322491730676,0.13226218363402595,0.2733761860309057,0.18547145200287005,-0.46276865280963253
27.83567134268537,0.0,-1.2332238974413543,1.2332238974413543,-0.06941392948615537,0.018928085630075975,0.0068949458347451285,-0.030575820069540245,0.3151821813328958,0.20313979596933462,-0.4381041748608054
27.895791583166332,0.0,-0.46613940353746663,0.46613940353746663,-0.05060656555903448,0.05742113587556488,-0.0067122157797524905,0.14061211117443742,0.24126714012906034,0.12525061149945957,-0.428781386790056
27.955911823647295,0.0,0.8002366519066975,-0.8002366519066975,0.07371715962104088,0.08300689007026994,0.007936770643199828,-1.732354070769477e-05,0.23882249473476075,0.14772145949772375,-0.44478611982819
28.016032064128254,0.0,-3.243893849510243,3.243893849510243,0.03619207543469572,0.04665507047333542,-0.00010974157641043302,-0.07599462293169577,0.2897065973490789,0.2890615491564763,-0.37990824283798513
28.076152304609217,0.0,-3.2126751370483575,3.2126751370483575,0.20184754034243954,0.09558111963711184,0.007860451503138815,-0.1944216117533133,0.3415697458264579,0.17540611483577312,-0.31565474009701794
28.13627254509018,0.0,-1.9966278088162703,1.9966278088162703,0.17385288174647817,0.05954896554525421,0.0042796923244231,-0.16776584297633365,0.253478151542783,0.20483379656742123,-0.27572218392069253
28.196392785571142,0.0,-5.453387637161794,5.453387637161794,-0.09459694450759461,-0.078827568967818,0.013369121602831505,-0.12001614516477876,0.4017496988534412,0.16873903190480471,-0.16665443117745668
28.256513026052104,0.0,0.4476926305642229,-0.4476926305642229,0.12055363908190334,0.06697481404263884,-0.01434694539389945,-0.02980014106253122,0.3082700990791734,0.20692307883964275,-0.17560828378874113
28.316633266533064,0.0,-0.11878634572050116,0.11878634572050116,0.08577961379360434,0.07801013685543152,0.002896912550535224,-0.11893458395681156,0.30541350822695074,0.18515050576425257,-0.17323255687433112
28.376753507014026,0.0,-0.96767981548792,0.96767981548792,0.08324744242476978,-0.003943014067521377,-0.0092854326794139,-0.07020798511252997,0.32972550954906604,0.1984197792730759,-0.1538789605645727
28.43687374749499,0.0,0.5837413030618299,-0.5837413030618299,-0.13614863679348718,-0.01681168521351892,-0.0033166609445387085,0.2755007647391711,0.3210872811303778,0.1920987278338757,-0.16555378662580933
28.49699398797595,0.0,0.6296572020030651,-0.6296572020030651,-0.015491953417577487,0.035738570126055004,0.010049212992925301,-0.1178298022764507,0.21547031789316234,0.20169023844448838,-0.17814693066587062
28.557114228456914,0.0,-0.5809976931597,0.5809976931597,-0.07250937581387165,-0.07183449647962825,-5.756429122136896e-05,0.019978703571444635,0.189287229841677,0.14779196002076803,-0.1665269768026766
28.617234468937873,0.0,-2.456419904708319,2.456419904708319,-0.1116213438252206,0.10266037280776688,-0.0054687872825334915,0.36176938343016046,0.3118202227835776,0.22731970010091382,-0.11739857870851023
28.677354709418836,0.0,-0.7282410291884018,0.7282410291884018,-0.1479404068483998,-0.0017354839941356318,-0.012455221131506256,0.3966354831748034,0.2893232170103377,0.20294731308395245,-0.10283375812474219
28.7374749498998,0.0,-2.5556822177973406,2.5556822177973406,0.09433852674678647,0.1226375742887238,0.0006051242765768816,0.04005997858464105,0.30761835237971696,0.1335097626513717,-0.05172011376879538
28.79759519038076,0.0,2.683792777235261,-2.683792777235261,0.06309753189069543,0.020723106806294425,-0.006648155355696442,0.2612441294370161,0.3253347729626951,0.24802306069823843,-0.10539596931350059
28.857715430861724,0.0,-2.7987249755602073,2.7987249755602073,0.012782259204566765,-0.002279260053783535,-0.008877928108425871,-0.06148865326217158,0.2564137023165705,0.08822931401435508,-0.049421469802296454
28.917835671342683,0.0,1.532161204591417,-1.532161204591417,0.016573365032421582,-0.05074732626754197,-0.010874168572947618,-0.09890727027310187,0.30969032597680746,0.24307297303779216,-0.08006469389412481
28.977955911823646,0.0,-0.8958452831306126,0.8958452831306126,-0.14087266535435364,0.002853150579629134,0.012411829349860076,0.17378116848703515,0.3769806756478822,0.13545877111585924,-0.06214778823151255
29.03807615230461,0.0,2.2502255736139074,-2.2502255736139074,0.08315220133273944,0.026255792648396073,-0.0008460206421623654,0.08880666643388489,0.3242882547143996,0.2687349314135209,-0.1071522997037907
29.09819639278557,0.0,1.9641505339921794,-1.9641505339921794,0.12207463985782917,-0.06234379386210508,0.004985375686357267,-0.0619738428156907,0.2852495464027717,0.22258039655494458,-0.1464353103836343
29.158316633266534,0.0,2.6239523042635664,-2.6239523042635664,-0.036137166218972026,-0.0296893777148841,-0.0016260113530923612,0.1203221492512351,0.20111173462638443,0.20122205819844777,-0.19891435646890565
29.218436873747493,0.0,-0.43693298757441973,0.43693298757441973,-0.1530192386856166,0.027632319439620023,0.007282456555458079,0.3356561831948683,0.2704144039123444,0.2680065162963618,-0.19017569671741727
29.278557114228455,0.0,-3.5660187891184436,3.5660187891184436,-0.2644738303798884,0.018530390915117892,0.001970399337600528,0.2635769890168242,0.3526792195864624,0.21144150328727318,-0.11885532093504839
29.338677354709418,0.0,-0.5589576123049768,0.5589576123049768,0.10137908408863483,0.07856788092729605,0.0020764055481584743,-0.2569109920448834,0.3426618031981429,0.17614393308430998,-0.10767616868894886
29.39879759519038,0.0,-0.01899048330714543,0.01899048330714543,0.039806217014247684,0.03737318876229617,-0.007383131933760483,-0.10306535688061028,0.24424675846335386,0.11288050947497874,-0.10729635902280596
29.458917835671343,0.0,-4.87325355696568,4.87325355696568,0.1086076369911565,-0.04472459094379536,-0.006711156291280424,0.4379791766162889,0.39014157602352295,0.19635867840847215,-0.009831287883492355
29.519038076152302,0.0,-2.0387627196134632,2.0387627196134632,-0.015413162749997539,0.12570224929430987,0.007967495141514975,0.2536368557261732,0.2566814328227247,0.20920800589479271,0.03094396650877691
29.579158316633265,0.0,0.18606070225186513,-0.18606070225186513,-0.019655435954639956,-0.0748976085368656,-0.0035453270228716733,-0.2018563775639724,0.32604961159507545,0.2120069888707039,0.027222752463739605
29.639278557114228,0.0,-2.0908667446631783,2.0908667446631783,-0.0815210184136585,0.11673556034348086,-0.0007094308855235576,-0.21344137299270743,0.2972448299835633,0.18406640886360284,0.06904008735700318
29.69939879759519,0.0,-0.1908000053090835,0.1908000053090835,0.016626895137571485,-0.06746287056600496,-0.004337019478296231,-0.23319716961201872,0.39365679138426923,0.1991675049284173,0.07285608746318485
29.75951903807615,0.0,0.7407958162809447,-0.7407958162809447,0.0036113633541049617,-0.012017546561243847,0.00895202388393653,0.008269350490778577,0.30799053769600515,0.24923420546343966,0.05804017113756595
29.819639278557112,0.0,1.140029808073417,-1.140029808073417,-0.08959885490159199,0.026867561664656273,-0.002022289695443449,-0.0982595132692779,0.27898075850833975,0.2275414695133962,0.035239574976097615
29.879759519038075,0.0,1.397762057427519,-1.397762057427519,0.018397030595949028,0.019272164621650396,-0.004370683108366152,-0.11609227005959932,0.19971577335887486,0.21163372995584098,0.0072843338275472335
29.939879759519037,0.0,-0.9952068488685035,0.9952068488685035,-0.05157168768984413,-0.05235911018618035,0.008520829648574469,-0.1581003256552489,0.26914896309226427,0.2304311004107399,0.027188470804917306
30.0,0.0,-0.05219839850814277,0.05219839850814277,-0.1036606689080074,-0.00021078233731682398,-0.0003865310445800893,-0.035797531448635324,0.3222015678715551,0.21010084413292193,0.02823243877508016
