time,theta,target,p1_cmd,p2_cmd,error
68.42316746711731,-1.1420071271449597,0.0,0.0,0.0,1.1420071271449597
68.44330644607544,-1.1422953828439428,0.0,0.0,0.0,1.1422953828439428
68.46322274208069,-1.1423926993924163,0.0,0.0,0.0,1.1423926993924163
68.48321008682251,-1.1424422012388864,0.0,0.0,0.0,1.1424422012388864
68.50328087806702,-1.138552989564131,0.0,0.0,0.0,1.138552989564131
68.52301144599915,-1.1228462014742384,0.0,0.0,0.0,1.1228462014742384
68.54314923286438,-1.0863316827252896,0.0,0.0,0.0,1.0863316827252896
68.56318593025208,-1.0224016316922933,0.0,0.0,0.0,1.0224016316922933
68.5831732749939,-0.933631815746157,0.0,0.0,0.0,0.933631815746157
68.60316205024719,-0.8245122255571689,0.0,0.0,0.0,0.8245122255571689
68.62300062179565,-0.7006031578129035,0.0,0.0,0.0,0.7006031578129035
68.64313292503357,-0.5971306977558738,0.0,0.0,0.0,0.5971306977558738
68.66310262680054,-0.48135750213752104,0.0,0.0,0.0,0.48135750213752104
68.68305945396423,-0.36050803599017045,0.0,0.0,0.0,0.36050803599017045
68.70312333106995,-0.24185974951746125,0.0,0.0,0.0,0.24185974951746125
68.72370481491089,-0.13260073421068347,0.0,0.0,0.0,0.13260073421068347
68.74323296546936,-0.03971550452236348,0.0,0.0,0.0,0.03971550452236348
68.7632508277893,0.030103681390490886,0.0,0.0,0.0,-0.030103681390490886
68.78321099281311,0.07286165772088757,0.0,0.0,0.0,-0.07286165772088757
68.80317711830139,0.09350562751375928,0.0,0.0,0.0,-0.09350562751375928
68.82314109802246,0.0983343401687567,0.0,0.0,0.0,-0.0983343401687567
68.84310913085938,0.1025172560030503,0.0,0.0,0.0,-0.1025172560030503
68.86321759223938,0.09573552644071073,0.0,0.0,0.0,-0.09573552644071073
68.88320636749268,0.0815358663148091,0.0,0.0,0.0,-0.0815358663148091
68.90322136878967,0.0625679799011002,0.0,0.0,0.0,-0.0625679799011002
68.92313623428345,0.04079295623539191,0.0,0.0,0.0,-0.04079295623539191
68.94315552711487,0.017644267063274984,0.0,0.0,0.0,-0.017644267063274984
68.96331286430359,-0.005847572880959135,0.0,0.0,0.0,0.005847572880959135
68.9832329750061,-0.02895839866518967,0.0,0.0,0.0,0.02895839866518967
69.00299453735352,-0.05119555133859203,0.0,0.0,0.0,0.05119555133859203
69.02316570281982,-0.07223997212678368,0.0,0.0,0.0,0.07223997212678368
69.043217420578,-0.09190150331978864,0.0,0.0,0.0,0.09190150331978864
69.06311655044556,-0.10897041964096922,0.0,0.0,0.0,0.10897041964096922
69.08324813842773,-0.12490298007285956,0.0,0.0,0.0,0.12490298007285956
69.10314226150513,-0.13962642623260113,0.0,0.0,0.0,0.13962642623260113
69.12318968772888,-0.15312207353637333,0.0,0.0,0.0,0.15312207353637333
69.14314723014832,-0.16540928832094334,0.0,0.0,0.0,0.16540928832094334
69.16312265396118,-0.17653335785670965,0.0,0.0,0.0,0.17653335785670965
69.1832549571991,-0.18655638248797926,0.0,0.0,0.0,0.18655638248797926
69.20326113700867,-0.1955505062614576,0.0,0.0,0.0,0.1955505062614576
69.22319960594177,-0.203592949985854,0.0,0.0,0.0,0.203592949985854
69.24306201934814,-0.2107624270823931,0.0,0.0,0.0,0.2107624270823931
69.26317024230957,-0.21713661439323567,0.0,0.0,0.0,0.21713661439323567
69.28318357467651,-0.2226708215520503,0.0,0.0,0.0,0.2226708215520503
69.30316758155823,-0.2275953457990011,0.0,0.0,0.0,0.2275953457990011
69.32303500175476,-0.23196661287951875,0.0,0.0,0.0,0.23196661287951875
69.34308409690857,-0.23583839542777374,0.0,0.0,0.0,0.23583839542777374
69.36305403709412,-0.2392612062962891,0.0,0.0,0.0,0.2392612062962891
69.38325381278992,-0.24228196302976987,0.0,0.0,0.0,0.24228196302976987
69.40321707725525,-0.24494384952873038,0.0,0.0,0.0,0.24494384952873038
69.42320609092712,-0.24728631833482514,0.0,0.0,0.0,0.24728631833482514
69.44324994087219,-0.24934519053758789,0.0,0.0,0.0,0.24934519053758789
69.46326303482056,-0.2511528208602009,0.0,0.0,0.0,0.2511528208602009
69.4834394454956,-0.2527383036708739,0.0,0.0,0.0,0.2527383036708739
69.50337982177734,-0.25411486004863004,0.0,0.0,0.0,0.25411486004863004
69.52331161499023,-0.255322863203305,0.0,0.0,0.0,0.255322863203305
69.54325819015503,-0.25638195581830914,0.0,0.0,0.0,0.25638195581830914
69.56323385238647,-0.25730970583032803,0.0,0.0,0.0,0.25730970583032803
69.5832085609436,-0.2581217770991841,0.0,0.0,0.0,0.2581217770991841
69.60325860977173,-0.25883209813263686,0.0,0.0,0.0,0.25883209813263686
69.62322211265564,-0.2594530250137457,0.0,0.0,0.0,0.2594530250137457
69.6430275440216,-0.2599954960077094,0.0,0.0,0.0,0.2599954960077094
69.66321754455566,-0.26046917631491895,0.0,0.0,0.0,0.26046917631491895
69.68315386772156,-0.2608825921649009,0.0,0.0,0.0,0.2608825921649009
69.70328974723816,-0.2612432539726812,0.0,0.0,0.0,0.2612432539726812
69.72307634353638,-0.26155638975950746,0.0,0.0,0.0,0.26155638975950746
69.7431890964508,-0.26182964113539314,0.0,0.0,0.0,0.26182964113539314
69.76319026947021,-0.26206798806945675,0.0,0.0,0.0,0.26206798806945675
69.7832727432251,-0.2622758094535325,0.0,0.0,0.0,0.2622758094535325
69.80327534675598,-0.2624569512777401,0.0,0.0,0.0,0.2624569512777401
69.82327246665955,-0.2626147880284588,0.0,0.0,0.0,0.2626147880284588
69.84322953224182,-0.2627522777605822,0.0,0.0,0.0,0.2627522777605822
69.86324381828308,-0.2628720113246323,0.0,0.0,0.0,0.2628720113246323
69.883220911026,-0.2629762562365775,0.0,0.0,0.0,0.2629762562365775
69.90329027175903,-0.26306699567039643,0.0,0.0,0.0,0.26306699567039643
69.92327213287354,-0.2631459630353502,0.0,0.0,0.0,0.2631459630353502
69.94304585456848,-0.2632145245177081,0.0,0.0,0.0,0.2632145245177081
69.96319842338562,-0.26327419940462404,0.0,0.0,0.0,0.26327419940462404
69.98330616950989,-0.2633261291109993,0.0,0.0,0.0,0.2633261291109993
70.00326561927795,-0.26337131056469043,0.0,0.0,0.0,0.26337131056469043
70.0232617855072,-0.26341061406175376,0.0,0.0,0.0,0.26341061406175376
70.04319190979004,-0.2634447990057158,0.0,0.0,0.0,0.2634447990057158
70.0631332397461,-0.26347452776232394,0.0,0.0,0.0,0.26347452776232394
70.08309721946716,-0.2635003778402043,0.0,0.0,0.0,0.2635003778402043
70.10320353507996,-0.2635228525877097,0.0,0.0,0.0,0.2635228525877097
70.12320137023926,-0.2635423905772263,0.0,0.0,0.0,0.2635423905772263
70.14315724372864,-0.263559373830493,0.0,0.0,0.0,0.263559373830493
70.16317939758301,-0.2635741350221342,0.0,0.0,0.0,0.2635741350221342
70.18311786651611,-0.26358695106558805,0.0,0.0,0.0,0.26358695106558805
70.2031602859497,-0.26359809099976556,0.0,0.0,0.0,0.26359809099976556
70.22318267822266,-0.2636077731494678,0.0,0.0,0.0,0.2636077731494678
70.24315476417542,-0.26361618757858307,0.0,0.0,0.0,0.26361618757858307
70.26311874389648,-0.2636234997124089,0.0,0.0,0.0,0.2636234997124089
70.28317451477051,-0.263629853502994,0.0,0.0,0.0,0.263629853502994
70.30317950248718,-0.2636353741936479,0.0,0.0,0.0,0.2636353741936479
70.32324481010437,-0.2636401707321819,0.0,0.0,0.0,0.2636401707321819
70.343425989151,-0.26364433787656516,0.0,0.0,0.0,0.26364433787656516
70.36339139938354,-0.26364795803144436,0.0,0.0,0.0,0.26364795803144436
70.38337302207947,-0.2636511011423374,0.0,0.0,0.0,0.2636511011423374
70.40341806411743,-0.26365383177844887,0.0,0.0,0.0,0.26365383177844887
70.42339396476746,-0.2636562039520266,0.0,0.0,0.0,0.2636562039520266
70.44323754310608,-0.26365826462616276,0.0,0.0,0.0,0.26365826462616276
70.46315622329712,-0.26366005463003644,0.0,0.0,0.0,0.26366005463003644
70.48341369628906,-0.2636616094562823,0.0,0.0,0.0,0.2636616094562823
70.50343346595764,-0.26366295995547095,0.0,0.0,0.0,0.26366295995547095
70.52335786819458,-0.26366413294082275,0.0,0.0,0.0,0.26366413294082275
70.543123960495,-0.26366515171463395,0.0,0.0,0.0,0.26366515171463395
70.56308460235596,-0.2636660365264522,0.0,0.0,0.0,0.2636660365264522
70.58323550224304,-0.263666804971771,0.0,0.0,0.0,0.263666804971771
70.60327053070068,-0.26366747215561614,0.0,0.0,0.0,0.26366747215561614
70.62323784828186,-0.26366805160495077,0.0,0.0,0.0,0.26366805160495077
70.64323544502258,-0.26366855484428625,0.0,0.0,0.0,0.26366855484428625
70.66325402259827,-0.2636689918868288,0.0,0.0,0.0,0.2636689918868288
70.68321800231934,-0.263669371432165,0.0,0.0,0.0,0.263669371432165
70.70317029953003,-0.26366970103819026,0.0,0.0,0.0,0.26366970103819026
70.72318625450134,-0.2636699872706159,0.0,0.0,0.0,0.2636699872706159
70.74320435523987,-0.2636702358329631,0.0,0.0,0.0,0.2636702358329631
70.76321291923523,-0.2636704516795769,0.0,0.0,0.0,0.2636704516795769
70.78313827514648,-0.2636706391138683,0.0,0.0,0.0,0.2636706391138683
70.80316138267517,-0.2636708018737057,0.0,0.0,0.0,0.2636708018737057
70.82327628135681,-0.26367094318595197,0.0,0.0,0.0,0.26367094318595197
70.84326672554016,-0.2636710658965323,0.0,0.0,0.0,0.2636710658965323
70.8632481098175,-0.2636711724527353,0.0,0.0,0.0,0.2636711724527353
70.88321876525879,-0.26367126498014654,0.0,0.0,0.0,0.26367126498014654
70.90319895744324,-0.26367134532488357,0.0,0.0,0.0,0.26367134532488357
70.92367601394653,-0.2636714150902966,0.0,0.0,0.0,0.2636714150902966
70.9436776638031,-0.26367147566885824,0.0,0.0,0.0,0.26367147566885824
70.9636743068695,-0.26367152826987106,0.0,0.0,0.0,0.26367152826987106
70.98358535766602,-0.2636715739435407,0.0,0.0,0.0,0.2636715739435407
71.00354290008545,-0.2636716136018885,0.0,0.0,0.0,0.2636716136018885
71.02334427833557,-0.26367164803692006,0.0,0.0,0.0,0.26367164803692006
71.04358839988708,-0.26367167793429364,0.0,0.0,0.0,0.26367167793429364
71.06331157684326,-0.26367170389406985,0.0,0.0,0.0,0.26367170389406985
71.08320164680481,-0.2636717264347008,0.0,0.0,0.0,0.2636717264347008
71.10334539413452,-0.2636717460064046,0.0,0.0,0.0,0.2636717460064046
71.12330961227417,-0.26367176300013945,0.0,0.0,0.0,0.26367176300013945
71.143235206604,-0.26367177775539935,0.0,0.0,0.0,0.26367177775539935
71.16317701339722,-0.2636717905669852,0.0,0.0,0.0,0.2636717905669852
71.18324780464172,-0.2636718016908851,0.0,0.0,0.0,0.2636718016908851
71.20320916175842,-0.26367181134938217,0.0,0.0,0.0,0.26367181134938217
71.22320246696472,-0.2636718197354904,0.0,0.0,0.0,0.2636718197354904
71.24316382408142,-0.26367182701680736,0.0,0.0,0.0,0.26367182701680736
71.26318717002869,-0.2636718333386326,0.0,0.0,0.0,0.2636718333386326
71.28317165374756,-0.26367183882762957,0.0,0.0,0.0,0.26367183882762957
71.30321598052979,-0.2636718435934984,0.0,0.0,0.0,0.2636718435934984
71.3230926990509,-0.2636718477314926,0.0,0.0,0.0,0.2636718477314926
71.34310150146484,-0.263671851324321,0.0,0.0,0.0,0.263671851324321
71.3630473613739,-0.2636718544437993,0.0,0.0,0.0,0.2636718544437993
71.38318204879761,-0.26367185715228436,0.0,0.0,0.0,0.26367185715228436
71.40324425697327,-0.2636718595039197,0.0,0.0,0.0,0.2636718595039197
0.01389932632446289,-0.26367186154571715,-1.158854647576807e-07,0.0,0.0,0.26367174566025237
0.03531646728515625,-0.26367186331849585,-7.3888456705787126e-06,0.01236933283507824,0.0,0.26366447447282526
0.05282402038574219,-0.26367186485769806,-1.4413248782270744e-05,0.01236933283507824,0.0,0.2636574516089158
0.07290077209472656,-0.2636718661940727,-3.9450774106390246e-05,0.0,0.004274413920938969,0.2636324154199663
0.09292387962341309,-0.26367186735437165,-8.363675968729831e-05,0.009084642864763737,0.06858418229967356,0.26358823059468434
0.11304807662963867,-0.2636718683617923,-0.00015231921955565286,0.0,0.0,0.26351954914223663
0.13306379318237305,-0.2636718692364763,-0.0002507912634291776,0.0,0.0,0.2634210779730471
0.1529550552368164,-0.2636718699959117,-0.00038429128267138536,0.0,0.0,0.2632875787132403
0.172715425491333,-0.26367187065528286,-0.0005580031362502997,0.0031435401178896427,0.0,0.26311386751903254
0.1926743984222412,-0.2636718712277737,-0.0007770563366971806,0.040066874120384455,0.0,0.2628948148910765
0.2130875587463379,-0.26367187172483125,-0.0010465262360652425,0.0,0.0,0.26262534548876604
0.23279404640197754,-0.2636718721563945,-0.0013714342118883835,0.023716283962130547,0.0,0.2623004379445061
0.25261950492858887,-0.26367187253109275,-0.0017567478531399026,0.07008394412696362,0.05511171743273735,0.26191512467795286
0.2733144760131836,-0.26367187285641863,-0.002207381146191226,0.03456761874258518,0.04072945564985275,0.2614644917102274
0.29300498962402344,-0.2636718731388748,-0.002728194660770627,0.024213437922298908,0.07736383005976677,0.2609436784781042
0.31296753883361816,-0.26367187338411313,-0.0033239957359219555,0.017251445911824703,0.042035914957523346,0.2603478776481912
0.33299922943115234,-0.2636718735970374,-0.00399953866596335,0.0029184138402342796,0.07248636893928051,0.25967233493107406
0.35298657417297363,-0.2636718737819054,-0.0047595248864459715,0.05770843382924795,0.015039985999464989,0.2589123488954594
0.3729684352874756,-0.26367187394241376,-0.0056086031601127176,0.005845117382705212,0.039665745571255684,0.25806327078230107
0.39293909072875977,-0.2636718740817724,-0.006551369762856954,0.0,0.0,0.2571205043189154
0.4129664897918701,-0.26367187420276794,-0.007592368669681233,0.03537043556571007,0.0,0.2560795055330867
0.4329965114593506,-0.26367187430782,-0.008736091740656007,0.0869632326066494,0.0,0.25493578256716404
0.4529430866241455,-0.26367187439902945,-0.009986978906878368,0.07595012988895178,0.0,0.25368489549215106
0.47295188903808594,-0.2636718744782203,-0.011349418356430767,0.07912895176559687,0.07,0.25232245612178955
0.49297475814819336,-0.26367187454697616,-0.01282774672033973,0.09601471666246653,0.09093913033604623,0.25084412782663645
0.5129680633544922,-0.26367187460667174,-0.014426249258534573,0.11258556228131056,0.04106768190860749,0.24924562534813716
0.5329267978668213,-0.2636718746585013,-0.016149160045806146,0.1571270665153861,0.059287486299872405,0.24752271461269515
0.5529727935791016,-0.2636718747035012,-0.018000662157765544,0.19276042561978102,0.1292874862998724,0.24567121254573562
0.5730183124542236,-0.2636718747425715,-0.019984887856802847,0.2130919313058257,0.19928748629987242,0.24368698688576862
0.5930454730987549,-0.26367187477649345,-0.02210591877804579,0.1665919041261077,0.22660263165831568,0.24156595599844766
0.6129279136657715,-0.26367187480594545,-0.024367786115318563,0.13242873083800077,0.2500403589010239,0.2393040886906269
0.6329081058502197,-0.26367187483151655,-0.026774470807100458,0.08858781587332487,0.2634738786518574,0.2368974040244161
0.6528952121734619,-0.263671874853718,-0.029329903722484674,0.14133701380342245,0.2651053988747299,0.23434197113123334
0.6729800701141357,-0.2659882229571507,-0.03203796584713694,0.21133701380342246,0.19510539887472989,0.23395025711001374
0.692927360534668,-0.2930158948286183,-0.034902488469254325,0.2143729866296053,0.19249319365248085,0.258113406359364
0.7129554748535156,-0.3781895225585914,-0.03792725336552393,0.1736106999963522,0.2166866463236511,0.34026226919306746
0.7328782081604004,-0.45213944073973633,-0.0411159929870816,0.2436106999963522,0.14668664632365108,0.41102344775265476
0.7529125213623047,-0.6166703159566689,-0.04447239064547064,0.28899939484894277,0.18637215642258526,0.5721979253111983
0.7728796005249023,-0.8490461494061556,-0.0480000806986006,0.29845965407788755,0.13001389352604747,0.801046068707555
0.7930011749267578,-1.1131561300378758,-0.051702648736705874,0.26049524672329427,0.15009443758055568,1.06145348130117
0.8130311965942383,-1.3784493491207013,-0.055583631768304595,0.2111196716874838,0.18193761928007007,1.3228657173523968
0.8328783512115479,-1.635256299782063,-0.059646518406157166,0.2016713147610426,0.22034413291141391,1.5756097813759058
0.8528995513916016,-1.8794007346159636,-0.06389474905322516,0.21600946072489025,0.1643512017838657,1.8155059855627385
0.8729746341705322,-2.108315633183701,-0.06833171608862997,0.19284144636243583,0.22669361455366016,2.0399839170950713
0.8929848670959473,-2.3206193661483274,-0.07296076405361136,0.21028441969305278,0.18933851195499302,2.2476586020947162
0.913001298904419,-2.518106414406648,-0.07778518983748663,0.17036209661513568,0.21424507459625602,2.4403212245691615
0.9330649375915527,-2.707046377582155,-0.08280824286360884,0.1754735190048814,0.24013139231130481,2.624238134718546
0.952979326248169,-2.8710888774774643,-0.08803312527532581,0.14711898598819972,0.18164974002167583,2.7830557522021384
0.9730584621429443,-3.027496096725565,-0.09346299212193883,0.1360305290296674,0.25164974002167584,2.934033104603626
0.9929540157318115,-3.17447790385077,-0.09910095154466125,0.11833205666393043,0.20027164636179806,3.075376952306109
1.012742280960083,-3.311039314307066,-0.10495006496257744,0.11374384989961983,0.14573697639629246,3.2060892493444886
1.0325872898101807,-3.436763859752763,-0.11101334725860132,0.10093555865809323,0.10041042683646084,3.325750512494162
1.0532548427581787,-3.551647873856123,-0.1172937669654349,0.05773544577881695,0.14443564308807255,3.434354106890688
1.073028326034546,-3.6559745111066917,-0.12379424645152765,0.04543117141351105,0.21443564308807256,3.532180264655164
1.0929844379425049,-3.750218683615463,-0.13051766210703444,0.07423979869112374,0.24274695342406633,3.619701021508429
1.113074541091919,-3.834975978325399,-0.13746684452977473,0.14423979869112374,0.17274695342406632,3.697509133795624
1.1331250667572021,-3.910910103924927,-0.14464457871119138,0.13402857216075065,0.24274695342406633,3.766265525213736
1.1530728340148926,-3.9717655489089516,-0.15205360422230885,0.1576517257280648,0.2513924832828343,3.8197119446866425
1.1728758811950684,-4.024601799957375,-0.1596966153996926,0.1970804552920163,0.30242621110752227,3.8649051845576823
1.1929712295532227,-4.050203144260646,-0.16757626153140723,0.18122743399813773,0.23857606159523131,3.8826268827292387
1.2130022048950195,-4.037682150080438,-0.17569514704297542,0.20238946335390212,0.1685760615952313,3.861987003037463
1.2330045700073242,-3.980481330633632,-0.18405583168333697,0.18575686173513534,0.16483350085094572,3.796425498950295
1.2530078887939453,-3.8868052564324636,-0.19266083071080697,0.199173851441592,0.10197635727003218,3.6941444257216567
1.2730295658111572,-3.7609976149296895,-0.2015126150790347,0.20083978286944332,0.1575943789072335,3.559484999850655
1.2930488586425781,-3.604605922360522,-0.21061361162296272,0.16769548392854633,0.2056750653870404,3.393992310737559
1.3130841255187988,-3.4264601368782612,-0.219966203244785,0.18525037429295482,0.15994482101872565,3.2064939336334763
1.3331458568572998,-3.2378993975453234,-0.2295727290999064,0.11525037429295482,0.14129389809444548,3.008326668445417
1.3530323505401611,-3.0493904814768547,-0.23943548478290033,0.12236625432036818,0.07129389809444547,2.8099549966939543
1.3728985786437988,-2.8658856932887735,-0.24955672251346858,0.0639315853919834,0.06160879151895643,2.616328970775305
1.393019199371338,-2.7065621510841535,-0.2599386513223994,0.011324019273743047,0.01332533003762365,2.446623499761754
1.412975788116455,-2.5546805045860532,-0.2705834372375263,0.0,0.0,2.284097067348527
1.433011531829834,-2.4189197220800134,-0.2814932034696868,0.0,0.0356348380446434,2.1374265186103267
1.4530439376831055,-2.314148573724942,-0.29267003059868146,0.044229719787836075,0.0846245288848877,2.0214785431262605
1.4729130268096924,-2.259143280037587,-0.304115956759232,0.07739410921931267,0.12322848662734032,1.9550273232783548
1.4931185245513916,-2.2610011662629677,-0.31583297782694064,0.09989336878061295,0.09438798576593399,1.945168188436027
1.5130364894866943,-2.3115715320998214,-0.3278230476042484,0.10345306107774377,0.12000786885619164,1.9837484844955728
1.5329008102416992,-2.396960204191799,-0.34008807800639407,0.0767909181304276,0.1180476937443018,2.056872126185405
1.553083896636963,-2.5019662327739582,-0.3526299392473725,0.08457679068669677,0.13304805010557175,2.1493362935265856
1.573089599609375,-2.62014701852083,-0.36545046002589426,0.04364200821146369,0.08981648087501526,2.2546965584949357
1.5929479598999023,-2.7443640906455045,-0.37855142771134337,0.1136420082114637,0.1424551121890545,2.365812662934161
1.6129615306854248,-2.8522125240766014,-0.3919345885297364,0.09217251947149635,0.11637182906270027,2.460277935546865
1.6330835819244385,-2.96313688479514,-0.405601647749681,0.11238070501014591,0.1318926541134715,2.557535237045459
1.6532549858093262,-3.0709579765701513,-0.41955426986833544,0.13095557427033783,0.13994958251714706,2.651403706701816
1.673022747039795,-3.1760983331491794,-0.4337940787973659,0.15659445261582733,0.12271121703088284,2.7423042543518137
1.6930677890777588,-3.2766057406092814,-0.44832265804890703,0.15693154723732733,0.09914069436490536,2.8282830825603744
1.712975263595581,-3.3712463302560414,-0.463141550921519,0.15440905445604586,0.09765550261363387,2.9081047793345225
1.7330818176269531,-3.4570013523233434,-0.4782522606861468,0.16288297416060232,0.027655502613633864,2.9787490916371966
1.7531673908233643,-3.5366409166736057,-0.4936562507720793,0.1664152469241526,0.013150251302868121,3.0429846659015265
1.7730491161346436,-3.607617563462379,-0.5093549449529072,0.14900416766642594,0.025633610617369407,3.0982626185094717
1.793027400970459,-3.6707065353044297,-0.5253497275324834,0.10539250334142708,0.09563361061736941,3.1453568077719463
1.8130228519439697,-3.7266541793797936,-0.5416419435308796,0.043688657482853166,0.09372533299028873,3.185012235848914
1.833022117614746,-3.77522935237721,-0.5582328988703463,0.07145499323843979,0.10662086866796017,3.2169964535068636
1.853017807006836,-3.820657656228107,-0.5751238605612712,0.11215054129599594,0.09868472348898649,3.245533795666836
1.873154878616333,-3.871968340584942,-0.5923160568881377,0.047644852449884645,0.07269302662461996,3.2796522836968043
1.8930697441101074,-3.951492352584299,-0.6098106775954847,0.01134456952451729,0.11999787669628859,3.3416816749888145
1.9129512310028076,-4.080945815978194,-0.6276088740738635,0.0,0.13389753457158804,3.4533369419043307
1.9330930709838867,-4.267147395591659,-0.6457117595457985,0.010066675022244453,0.17675075959414244,3.62143563604586
1.9531023502349854,-4.492490479205272,-0.664120409251744,0.08006667502224446,0.21572488080710173,3.828370069953528
1.9730427265167236,-4.739081592273646,-0.6828358606360447,0.15006667502224447,0.21904627978801727,4.056245731637601
1.9930217266082764,-4.9939322880840145,-0.7018591135328928,0.22006667502224447,0.19112713262438774,4.292073174551121
2.013200044631958,-5.247803365373282,-0.721191130352288,0.23513241674751045,0.26112713262438775,4.526612235020994
2.033010482788086,-5.485037881207163,-0.7408328362659964,0.28344389241188767,0.23602345183491708,4.744205044941167
2.0530974864959717,-5.691010944738957,-0.7607851193935067,0.32165333818644287,0.18308156698942185,4.93022582534545
2.072936773300171,-5.862448616397837,-0.7810488309879926,0.25165333818644287,0.1840553402947262,5.081399785409845
2.093066692352295,-5.968318889924016,-0.8016247856222685,0.32165333818644287,0.17806251515168697,5.166694104301747
2.1128733158111572,-5.977213822612857,-0.8225137613747509,0.32824751738458874,0.19623074662405998,5.154700061238106
2.132922887802124,-5.895353676003735,-0.8437165000154141,0.36096208918839695,0.23018631693441421,5.05163717598832
2.1530003547668457,-5.752614243314511,-0.8652337071917514,0.43096208918839696,0.24404797312337906,4.88738053612276
2.17303204536438,-5.573667480895592,-0.887066052614732,0.40772447708994153,0.28692617621738464,4.68660142828086
2.19374942779541,-5.383553331254426,-0.9092141702447615,0.3861187954619527,0.3127924090297893,4.474339161009664
2.2135744094848633,-5.223121844444412,-0.9316786584776395,0.39128160590305927,0.3406553937168792,4.291443185966773
2.233107566833496,-5.140811514923741,-0.9544600803305192,0.36416596846655014,0.3353002293081954,4.186351434593222
2.253506898880005,-5.161258853705041,-0.9775589636278641,0.38601414786651733,0.3933621419640258,4.183699890077177
2.2736432552337646,-5.179011755280315,-1.000975801187409,0.37781036293134096,0.3714350888552144,4.1780359540929055
2.2936642169952393,-5.279536032784777,-1.0247110510061177,0.3304455394111574,0.3788741578394547,4.254824981778659
2.313524007797241,-5.434902381103798,-1.048765136446141,0.3788357118330896,0.4354438197845593,4.386137244657657
2.3331844806671143,-5.624266294671987,-1.0731384464207787,0.4488357118330896,0.43942736350465567,4.551127848251208
2.3530304431915283,-5.832253585735288,-1.0978313355804332,0.4420375874266029,0.47760803886223585,4.734422250154855
2.3728175163269043,-6.047694827294634,-1.1228441244985732,0.4428185336524621,0.46826024894136936,4.924850702796061
2.392801284790039,-6.262635505924943,-1.1481770998576877,0.5128185336524621,0.5088999996008352,5.114458406067255
2.4136085510253906,-6.471563764593808,-1.1738305146352488,0.5269710698211566,0.5107439442584292,5.29773324995856
2.4336302280426025,-6.670809631990593,-1.199804588289669,0.5217451017396525,0.48312414279673255,5.4710050437009246
2.4536550045013428,-6.858079196276028,-1.2260995069462592,0.4844356041448191,0.5037285744259135,5.63197968932977
2.472728967666626,-7.027462089217739,-1.252715423583188,0.5544356041448191,0.487402662918903,5.7747466656345505
2.492779016494751,-7.174524641420352,-1.2796524582174396,0.6244356041448191,0.4854525839257986,5.894872183202913
2.5137007236480713,-7.30532429665182,-1.306910698090774,0.5948943296121434,0.456717624263838,5.998413598561046
2.5329647064208984,-7.42369719906084,-1.3344901978556865,0.5248943296121433,0.5103494552243502,6.089207001205153
2.5528299808502197,-7.530319016946688,-1.362390979761362,0.4768553477572277,0.44034945522435015,6.167928037185326
2.572840452194214,-7.62596875486796,-1.3906130338396385,0.41388824850786476,0.39363790233619517,6.235355721028322
2.593672275543213,-7.71379301022794,-1.419156318090964,0.37196339190471917,0.41086842608638113,6.294636692136976
2.613623857498169,-7.793867239665558,-1.4480207586703546,0.3888999492721632,0.35239888844080275,6.3458464809952035
2.6332671642303467,-7.866448104994951,-1.4772062500733534,0.3564086974458769,0.3697825942654163,6.389241854921597
2.6530356407165527,-7.934227713387166,-1.5067126553219914,0.28996164806652813,0.2997825942654163,6.4275150580651745
2.672823429107666,-7.994569790233311,-1.5365398061507425,0.29490157997701316,0.34342628491111105,6.458029984082568
2.692779064178467,-8.04815559423307,-1.5666875031924856,0.26189974358770995,0.27342628491111104,6.4814680910405835
2.7136218547821045,-8.094680157376207,-1.5971555161644613,0.26268427656963467,0.253478597747162,6.497524641211745
2.7333662509918213,-8.133713840661867,-1.6279435840542305,0.25256386982277035,0.23002168153412644,6.5057702566076365
2.7532577514648438,-8.164199428772612,-1.6590514153056355,0.22101110802963375,0.1690842657256872,6.505148013466977
2.7728371620178223,-8.185627884784127,-1.6904786880047569,0.15101110802963374,0.2006077132094652,6.49514919677937
2.7930703163146973,-8.197884341367423,-1.7222250500658705,0.08101110802963374,0.22166257900185887,6.475659291301553
2.812683343887329,-8.203447089078947,-1.75429011941741,0.15101110802963374,0.19805579994805161,6.449156969661537
2.8326094150543213,-8.204213912012753,-1.7866734841879228,0.11449394615367053,0.1280557999480516,6.41754042782483
2.8534295558929443,-8.201629369939377,-1.8193747028920315,0.16555154936388133,0.12171486924402419,6.382254667047346
2.8733456134796143,-8.196785150666837,-1.8523933046163874,0.09555154936388133,0.09367701011709872,6.34439184605045
2.893190622329712,-8.190499072729276,-1.885728789205636,0.16555154936388133,0.023677010117098718,6.30477028352364
2.913013458251953,-8.18337717690361,-1.9193806274483707,0.09555154936388133,0.06322699415497485,6.263996549455239
2.932898759841919,-8.177193765117133,-1.9533482612630926,0.07036486538127062,0.08534685152582827,6.22384550385404
2.9533181190490723,-8.172810187243003,-1.9876311038841707,0.12365605952218173,0.1423301287274808,6.1851790833588325
2.9733285903930664,-8.16979226750174,-2.0222285400478004,0.12731585479341445,0.14662550020031634,6.147563727453939
2.9934396743774414,-8.170118792205072,-2.0571399261779604,0.057315854793414445,0.21662550020031635,6.112978866027111
3.012819766998291,-8.17507604511231,-2.0923645905723727,0.12731585479341445,0.1821099591534585,6.082711454539936
3.032973051071167,-8.183119063309638,-2.127901833588462,0.17628275430761275,0.20354539315216247,6.055217229721176
3.0529518127441406,-8.193093420783434,-2.1637509278293123,0.2334467006381601,0.18835164300166074,6.029342492954122
3.0730485916137695,-8.20414637558112,-2.1999111183296276,0.3034467006381601,0.1827342968527228,6.0042352572514925
3.092820405960083,-8.211024507348691,-2.236381622741691,0.2334467006381601,0.16942252238281075,5.974642884607
3.112807512283325,-8.212505268245689,-2.2731616315213197,0.2260965832043439,0.1718966844119132,5.939343636724369
3.1330959796905518,-8.198616355272781,-2.31025030811383,0.219816837599501,0.19497234510257844,5.888366047158952
3.152785062789917,-8.186557646428914,-2.347646789139989,0.20518136317841706,0.12497234510257843,5.8389108572889254
3.1729907989501953,-8.1569992853733,-2.385350184581979,0.1592934906017035,0.06269170882180336,5.771649100791322
3.1930673122406006,-8.116065015912891,-2.4233595779693524,0.1554524029139429,0.04715568738058212,5.692705437943539
3.213111400604248,-8.06830808148093,-2.461674026564993,0.1308673458639532,0.0384676109813154,5.606634054915938
3.2331316471099854,-8.014754538362586,-2.500292561551074,0.07753654816187916,0.0391379653871991,5.514461976811512
3.2531204223632812,-7.958586182258689,-2.5392141882150177,0.007536548161879153,0.09726673210272568,5.419371994043672
3.2732717990875244,-7.9043982873818806,-2.578437886135447,0.0,0.06151884267339486,5.325960401246434
3.292836904525757,-7.8530140983182415,-2.617962609368158,0.0,0.03235691631445664,5.235051488950083
3.3130149841308594,-7.814196925610019,-2.6577872866320655,0.028648152947425842,0.10235691631445665,5.156409638977953
3.3329153060913086,-7.796713319346021,-2.6979108214951686,0.0,0.11010422745952386,5.098802497850853
3.3527660369873047,-7.801457413567033,-2.7383320925605075,0.07,0.1669685784936883,5.063125321006526
3.3733227252960205,-7.8055763572921935,-2.7790499536521245,0.0,0.11300753245363016,5.026526403640069
3.3928346633911133,-7.827407923525824,-2.8200632340010183,0.02237498015165329,0.04300753245363015,5.007344689524805
3.4131011962890625,-7.8609669620200755,-2.8613707384311047,0.013306009583175182,0.04999947672942656,4.999596223588971
3.4328291416168213,-7.9017872282868105,-2.902971247545179,0.08330600958317519,0.0,4.9988159807416315
3.453047513961792,-7.939626143192477,-2.94486351791087,0.09868563774973155,0.06949160248041153,4.9947626252816075
3.4729504585266113,-7.96049894071561,-2.9870462822466006,0.09462327247485519,0.0,4.973452658469009
3.4928581714630127,-7.948190172098538,-3.0295182496075452,0.032572527583688504,0.0,4.918671922490994
3.5130584239959717,-7.896944096870728,-3.0722781055715886,0.04403866099193693,0.0,4.824665991299139
3.5333449840545654,-7.810738123201538,-3.1153245124252886,0.0,0.06758790463209152,4.695413610776249
3.553011655807495,-7.700205289609186,-3.1586561093498307,0.030792929232120514,0.02431514486670494,4.541549180259356
3.5730843544006348,-7.575688576399264,-3.202271512606984,0.06845616549253464,0.04757337085902691,4.37341706379228
3.593061923980713,-7.467579986927754,-3.246169315725071,0.11335514113306999,0.04675396461971104,4.221410671202683
3.613126516342163,-7.350877921366998,-3.2903480896849113,0.1776331104338169,0.10319719766266644,4.0605298316820875
3.6330862045288086,-7.23128266607134,-3.334806383105792,0.15468896552920341,0.1490402885247022,3.8964762829655477
3.6530861854553223,-7.112829778067313,-3.3795427224314256,0.22468896552920342,0.08056607027538121,3.7332870556358877
3.673238754272461,-6.9982921693007984,-3.424555612115899,0.1872199435532093,0.07176200044341385,3.5737365571848994
3.6930058002471924,-6.8894926633612315,-3.469843534809644,0.1172199435532093,0.0749101338442415,3.4196491285515873
3.7132575511932373,-6.787546130741634,-3.515404951545389,0.15246601775288582,0.08005546894855797,3.2721411791962454
3.7330989837646484,-6.693046329279066,-3.561238301924117,0.17272361740469933,0.10287108574993908,3.131808027354949
3.7530500888824463,-6.606209413735837,-3.6073420043010316,0.13088491559028625,0.10065788892097771,2.998867409434806
3.772958517074585,-6.52698356643433,-3.6537144559715085,0.11575437523424625,0.17065788892097772,2.8732691104628216
3.7931323051452637,-6.457448555019271,-3.700354033357055,0.18575437523424626,0.18114573222585023,2.757094521662216
3.8129971027374268,-6.397076482795569,-3.7472590921912765,0.16978772141039372,0.11114573222585022,2.6498173906042926
3.8331634998321533,-6.360275058463085,-3.7944279677058224,0.20905484788119794,0.12171861180104315,2.5658470907572624
3.8529350757598877,-6.373244115566299,-3.841858974816353,0.23548976674675942,0.18021186091937125,2.531385140749946
3.8732852935791016,-6.4621352422088085,-3.8895504083085033,0.2027383853495121,0.19178008032031357,2.5725848339003052
3.8930716514587402,-6.6315301610719075,-3.9375005430238286,0.22954710729420186,0.14452178147621453,2.694029618048079
3.9129624366760254,-6.857009749225886,-3.9857076340457684,0.2785093539208174,0.21452178147621453,2.871302115180118
3.9330902099609375,-7.113185812135781,-4.034169916885614,0.25870991840958596,0.16418200445361436,3.0790158952501674
3.952986478805542,-7.38393155260551,-4.0828856076684525,0.30361535742878915,0.23418200445361437,3.3010459449370577
3.973158359527588,-7.655345282596886,-4.131852903319137,0.33823849976062775,0.22368475758470596,3.523492379277749
3.9928979873657227,-7.920069905015831,-4.181069981748243,0.356844938993454,0.20134190619923176,3.7389999232675883
4.013275623321533,-8.17085526687144,-4.230535002038018,0.30009275645017625,0.21500221324153246,3.9403202648334217
4.033401250839233,-8.388593520888826,-4.280246104628355,0.2863775032386184,0.2734776629228145,4.108347416260471
4.052971363067627,-8.594395180893066,-4.330201411502738,0.2886587864998728,0.2034776629228145,4.264193769390328
4.073243618011475,-8.786482035470428,-4.38039902637421,0.3467894754651934,0.26721448165364564,4.406083009096218
4.092909336090088,-8.963980426021411,-4.430837034871333,0.3865599631611258,0.23097819549031556,4.5331433911500785
4.113194942474365,-9.12666800380419,-4.48151350472413,0.32456839450635017,0.30097819549031557,4.64515449908006
4.1330037117004395,-9.274780667132145,-4.532426485950063,0.3405555579159409,0.2889389438647777,4.7423541811820815
4.153114557266235,-9.408866386678019,-4.583574011039987,0.2705555579159409,0.24539466631598772,4.825292375638032
4.173079967498779,-9.529675450757676,-4.634954095144098,0.2501019632909447,0.27187384908087553,4.894721355613577
4.193231582641602,-9.63807889979266,-4.686564736257907,0.29416507692076266,0.2165263990033418,4.951514163534753
4.213034629821777,-9.735008690075638,-4.738403915408188,0.2587355843279511,0.23312985581345858,4.99660477466745
4.233394622802734,-9.821414527261842,-4.790469596838943,0.3282924091909081,0.2551906338054687,5.0309449304228995
4.252942085266113,-9.89643428115269,-4.842759728197353,0.28899263800121844,0.2026814861316234,5.053674552955337
4.273157596588135,-9.96336748164796,-4.895272240719745,0.3370884789619595,0.2726814861316234,5.068095240928216
4.29325008392334,-10.022919903061288,-4.9480050494175485,0.27846887544728816,0.2506111136544496,5.074914853643739
4.312959671020508,-10.075776282063918,-5.000956053263252,0.34846887544728816,0.2461580348107964,5.074820228800666
4.333087682723999,-10.122588696830286,-5.054123135376364,0.41846887544728817,0.2671996050421149,5.068465561453922
4.3530590534210205,-10.163969356131231,-5.107504163209367,0.41382557443343104,0.33274637096561493,5.056465192921864
4.372999906539917,-10.200486641533173,-5.161096988733684,0.4300830244179815,0.3464598770160228,5.039389652799489
4.392987012863159,-10.23266351344848,-5.21489944862563,0.40102292514406146,0.2773604358453304,5.017764064822851
4.413190841674805,-10.260977601078919,-5.268909364452373,0.3910395178105682,0.3473604358453304,4.992068236626546
4.43315052986145,-10.285862459587861,-5.3231245428579,0.4422914545144886,0.40026399117894473,4.962737916729961
4.453007459640503,-10.307709604874105,-5.377542775748964,0.4432568573835306,0.3961176257301122,4.930166829125142
4.472991228103638,-10.32667785419573,-5.432161840481041,0.42470919019309805,0.37393753414042297,4.894516013714688
4.493066310882568,-10.343339753169701,-5.4869795000443125,0.49470919019309806,0.42172833343036475,4.856360253125389
4.5130650997161865,-10.357960583761816,-5.541993503249596,0.4806837376463227,0.43412490838207307,4.81596708051222
4.533114194869995,-10.370778397772963,-5.597201584914313,0.5057804689067416,0.36412490838207306,4.77357681285865
4.553227186203003,-10.382006059634607,-5.652601466048461,0.44585047217784446,0.3947879628185183,4.729404593586146
4.572950839996338,-10.391833329104974,-5.708190854040548,0.48171271684346717,0.4647879628185183,4.683642475064427
4.593147039413452,-10.402745264874424,-5.7639674428435725,0.5159408256667666,0.4713438059855253,4.6387778220308515
4.613021612167358,-10.414123005714945,-5.819928913160972,0.5542979829269461,0.49881274250335994,4.594194092553973
4.632933616638184,-10.425524426488634,-5.876072932632585,0.6242979829269462,0.45640369129367175,4.549451493856049
4.65347146987915,-10.438958159731346,-5.932397156020608,0.660713515158277,0.42577677776105705,4.506561003710738
4.672992944717407,-10.453449452820086,-5.9888992253955475,0.6628509456361644,0.41688390539027753,4.464550227424539
4.693016529083252,-10.466031163460013,-6.045576770322198,0.6497390087763779,0.44811392852105203,4.420454393137815
4.71298885345459,-10.481533500274415,-6.1024274080455765,0.6308693870971911,0.5032794354204089,4.379106092228838
4.73305869102478,-10.498655884418527,-6.159448743676906,0.5993471801350825,0.4869122979883105,4.339207140741621
4.753030061721802,-10.51645226311039,-6.216638370379553,0.6029397558025085,0.4879108481993899,4.299813892730836
4.773050546646118,-10.53424776355196,-6.273993869554997,0.5775530982366763,0.5079489481588826,4.260253893996963
4.793046951293945,-10.553890003538728,-6.3315128110287855,0.5824649647413753,0.44210958303418013,4.222377192509942
4.813049554824829,-10.574297283515596,-6.389192753236498,0.5714147292613052,0.41592671172227713,4.185104530279099
4.833049774169922,-10.594698113598238,-6.447031243409698,0.5603942718892359,0.44250380815472456,4.14766687018854
4.853179693222046,-10.614556802001214,-6.505025817761894,0.5349825785099529,0.5023190435906872,4.109530984239321
4.872966527938843,-10.63351555578291,-6.563174001674497,0.604982578509953,0.4475761298974976,4.070341554108413
4.893139362335205,-10.653665924735376,-6.6214733098827905,0.593612353631761,0.45690675833728167,4.032192614852586
4.912964105606079,-10.671160989523258,-6.679921246661868,0.5487379164784216,0.5269067583372817,3.9912397428613904
4.933130264282227,-10.689302567345695,-6.738515306012614,0.5842406892566943,0.4569067583372817,3.9507872613330814
4.953059911727905,-10.707415081110318,-6.797252971847643,0.5988094316213393,0.44535880358424046,3.910162109262675
4.972882986068726,-10.725030054173365,-6.856131718177273,0.6307358549325728,0.37535880358424045,3.868898335996092
4.993411540985107,-10.741835204460852,-6.91514900929548,0.595186486223247,0.39211482965853073,3.8266861951653715
5.012939453125,-10.757634969750336,-6.974302299965853,0.6100442133261823,0.3801879309257493,3.7833326697844836
5.032907009124756,-10.77232001316505,-7.033589035607557,0.5610343314125203,0.4025699146231637,3.738730977557493
5.053083181381226,-10.785843769827245,-7.093006652481277,0.49103433141252034,0.4369341828068719,3.6928371173459684
5.073065280914307,-10.798204502273327,-7.152552577875212,0.523979245366063,0.5069341828068719,3.6456519243981154
5.09291672706604,-10.809431655074752,-7.212224230291,0.5895234631909989,0.4598454703530297,3.597207424783752
5.112933397293091,-10.819575555225569,-7.272019019629682,0.6420975575759076,0.4389158525457606,3.547556535595887
5.132997751235962,-10.828382748322579,-7.331934347377674,0.613224950300064,0.38481580474879595,3.496448400944905
5.152930498123169,-10.83634633778436,-7.391967606792722,0.5893767668469809,0.45481580474879596,3.4443787309916374
5.173249959945679,-10.843514097120483,-7.452116183089849,0.659376766846981,0.47134912738110873,3.391397914030634
5.192942380905151,-10.849940182893942,-7.512377453627329,0.6296971406205558,0.46484976753126833,3.3375627292666126
5.213146448135376,-10.855681757921218,-7.572748788092634,0.6104852262302303,0.48910712942015383,3.2829329698285843
5.232954978942871,-10.860796566583671,-7.633227548688395,0.6099688193877228,0.48524951797444377,3.2275690178952763
5.253239393234253,-10.865341235359198,-7.69381109031837,0.6247083914582618,0.41524951797444376,3.171530145040828
5.273071527481079,-10.86937012186703,-7.7544967607733915,0.6320498867076823,0.4445639726193622,3.1148733610936388
5.2931225299835205,-10.875250923316457,-7.815281900917332,0.6422858948004433,0.5145639726193623,3.059969022399125
5.313088417053223,-10.882263040735616,-7.87616384487306,0.7,0.5303360470803455,3.0060991958625554
5.332980394363403,-10.889876144472208,-7.937139920208396,0.6564427323639392,0.5119483140530066,2.9527362242638118
5.3529887199401855,-10.896486035508087,-7.998207448122079,0.6784884862601757,0.44194831405300655,2.8982785873860077
5.373074769973755,-10.903444915156307,-8.059363743629714,0.699211536720395,0.4370680966833607,2.844081171526593
5.3930017948150635,-10.910462794929392,-8.120606115749744,0.7,0.4482458916911856,2.789856679179648
5.41322660446167,-10.917336699558462,-8.1819318676894,0.6645444825291633,0.5021849510679022,2.7354048318690616
5.433288097381592,-10.923929440844613,-8.243338297030654,0.7,0.4997460971074179,2.6805911438139596
5.452944993972778,-10.93015314058039,-8.304822695916199,0.6978836907539516,0.4974034604104236,2.6253304446641916
5.4731199741363525,-10.935956486333962,-8.366382351235389,0.6949992294423282,0.4953985273325816,2.5695741350985735
5.492889165878296,-10.943631263963317,-8.428014544810186,0.6933565550018101,0.4253985273325816,2.5156167191531313
5.513118505477905,-10.950087285507065,-8.489716553581168,0.6966878187842667,0.4856793979788199,2.460370731925897
5.53307843208313,-10.957842983253213,-8.551485649793428,0.7,0.46964185560587796,2.406357333459786
5.553063631057739,-10.966297010058232,-8.61331910118257,0.7,0.4091939503932372,2.352977908875662
5.573005676269531,-10.973637011971903,-8.67521417116066,0.7,0.44405912856105717,2.2984228408112433
5.593010187149048,-10.981386054640058,-8.737168119002177,0.7,0.4465468820789829,2.244217935637881
5.612947702407837,-10.989214983813051,-8.799178200029987,0.7,0.4436904887342826,2.1900367837830643
5.633119583129883,-10.996893069991932,-8.861241665801273,0.7,0.410380913564004,2.135651404190659
5.653048038482666,-11.0019476803502,-8.923355764293529,0.7,0.3404449063027278,2.0785919160566717
5.674015522003174,-11.005046862039109,-8.985517740090502,0.7,0.3414172378042713,2.0195291219486062
5.692972421646118,-11.00670616264771,-9.047724834568143,0.6910417543724179,0.4065131765464321,1.9589813280795667
5.713116884231567,-11.007321619352393,-9.109974286080577,0.6882903906982392,0.4297664367267862,1.8973473332718154
5.733054161071777,-11.014144866471096,-9.172263330146054,0.7,0.43047187795396896,1.841881536325042
5.753042697906494,-11.041314533929896,-9.23458919963293,0.7,0.41268378441687675,1.8067253342969654
5.772943019866943,-11.09811480956493,-9.296949124945579,0.7,0.40133156107272955,1.8011656846193507
5.793073654174805,-11.147430259051168,-9.359340334210412,0.7,0.45071727634873243,1.7880899248407562
5.813196659088135,-11.216815892716538,-9.421760053461778,0.6809901714324951,0.47404325047042223,1.7950558392547595
5.832951545715332,-11.298313232434726,-9.484205506827964,0.6573673903942108,0.48058063435833903,1.8141077256067621
5.853316068649292,-11.386075272360399,-9.546673916717133,0.7,0.41230329770129176,1.8394013556432665
5.873729228973389,-11.475875691180311,-9.609162504003294,0.7,0.36943334985058757,1.8667131871770177
5.893147945404053,-11.567041595665613,-9.671668488212244,0.6621283710002899,0.38808366741519423,1.8953731074533682
5.9136035442352295,-11.656753272037651,-9.734189087707556,0.7,0.41923130575101825,1.9225641843300956
5.9329469203948975,-11.743090528329182,-9.7967215198765,0.7,0.34923130575101824,1.946369008452681
5.953335285186768,-11.824808569270289,-9.859263001316036,0.7,0.29539631235878916,1.965545567954253
5.972915410995483,-11.901164523363196,-9.921810748018753,0.7,0.36539631235878917,1.9793537753444426
5.993157386779785,-11.971783723836483,-9.984361975558828,0.6751391075551509,0.37876651614438744,1.9874217482776544
6.012938499450684,-12.033097116681198,-10.046913899278005,0.7,0.43279082506429406,1.9861832174031928
6.033120393753052,-12.08979097909003,-10.109463734471515,0.6659272916615009,0.41325571752619,1.9803272446185147
6.053153991699219,-12.141782045365055,-10.172008696574073,0.6914616905152797,0.4722532293898985,1.9697733487909819
6.073161602020264,-12.186820074390738,-10.23454600134583,0.6915312551238457,0.4136987215979025,1.952274073044908
6.0930562019348145,-12.225841687378924,-10.297072865058304,0.7,0.39419364362489434,1.9287688223206203
6.112964153289795,-12.259656005094437,-10.359586504680362,0.6555859602987766,0.3583977761818096,1.9000695004140749
6.132946014404297,-12.288962264695638,-10.422084138064196,0.6415394552052021,0.3880725781572983,1.8668781266314411
6.152942419052124,-12.31436495201779,-10.48456298413123,0.6685199335217475,0.3482747431052849,1.82980196788656
6.172950506210327,-12.336386809321931,-10.547020263058126,0.6781016204506158,0.4182747431052849,1.789366546263805
6.193000555038452,-12.357796372649974,-10.609453196462727,0.7,0.3975979104591534,1.7483431761872463
6.21295166015625,-12.375900053716826,-10.671859007590022,0.7,0.34809828325640413,1.7040410461268038
6.233094692230225,-12.391618131827997,-10.734234921498079,0.6299999999999999,0.3862242713524029,1.6573832103299182
6.25295615196228,-12.404877249804375,-10.796578165244025,0.626278594713658,0.37183401975315067,1.6082990845603504
6.27293062210083,-12.418395327643921,-10.858885968070018,0.6246827384410425,0.34090296979527923,1.5595093595739034
6.292945861816406,-12.429420658345848,-10.92115556158917,0.5609041294036432,0.3191303746728227,1.508265096756677
6.312941074371338,-12.438424004262295,-10.983384179971534,0.6309041294036433,0.3462057826993987,1.4550398242907612
6.333059549331665,-12.445785636902071,-11.045569060130074,0.5647600057302042,0.3969120053527877,1.4002165767719976
6.353350400924683,-12.451812952590355,-11.107707441906562,0.5335087726591154,0.3296995131252334,1.344105510683793
6.373074531555176,-12.459070976662977,-11.169796568257617,0.5265905677108094,0.27965778912883255,1.28927440840536
6.392942190170288,-12.48320697882398,-11.231833685440602,0.5338261883473023,0.3439163198648021,1.2513732933833772
6.413056135177612,-12.527695384742183,-11.29381604319962,0.5893134895479306,0.3340627593873069,1.233879341542563
6.433355093002319,-12.582831336615651,-11.355740894951456,0.5748209815239533,0.2854032596526668,1.2270904416641955
6.453124284744263,-12.630701777719896,-11.417605497971518,0.6220576550578698,0.326256301808171,1.2130962797483775
6.473008871078491,-12.685472102486877,-11.479407113579851,0.6161825365154072,0.3843728868244216,1.2060649889070252
6.4929726123809814,-12.743591485290267,-11.54114300732703,0.6861825365154073,0.4212250342546031,1.2024484779632374
6.5129382610321045,-12.802505328088795,-11.602810449180176,0.6800052177673206,0.36894127781968566,1.1996948789086197
6.532965421676636,-12.860418319180567,-11.664406713708875,0.6871696145785973,0.3268698273180053,1.1960116054716927
6.5529351234436035,-12.916109847541128,-11.725929080271133,0.679080468933098,0.2927889829454944,1.1901807672699949
6.5730767250061035,-12.968790647060649,-11.787374833199395,0.6978107554418966,0.34646749551873657,1.1814158138612534
6.593013763427734,-13.017991856387898,-11.848741261986415,0.6278107554418966,0.3849588526366279,1.1692505944014826
6.612947702407837,-13.063479517836113,-11.910025661471293,0.6440780234290286,0.3235111502883956,1.1534538563648198
6.63318657875061,-13.105188999135617,-11.971225332025375,0.6054759804857894,0.33286628648173067,1.1339636671102422
6.653054237365723,-13.145491329597645,-12.032337579738272,0.6126762569649145,0.3235109826503322,1.1131537498593733
6.672887325286865,-13.180482841872138,-12.093359716603738,0.5964875106466934,0.3036832628725097,1.0871231252684002
6.693110942840576,-13.214134641327922,-12.154289060705722,0.6589091044617816,0.30262912294827404,1.0598455806222002
6.712949991226196,-13.245969012885343,-12.215122936404246,0.6306182869477197,0.3381403670366854,1.0308460764810974
6.73296594619751,-13.275702043120534,-12.275858674521414,0.7,0.3546089031454176,0.9998433685991195
6.752953767776489,-13.303191911954185,-12.336493612527358,0.6867860004305839,0.37609169862233105,0.9666982994268274
6.773145914077759,-13.330715580299918,-12.397025094726164,0.7,0.4218078949209303,0.933690485573754
6.7931067943573,-13.366802734106672,-12.457450472441904,0.6850787529721856,0.4277787445764989,0.9093522616647682
6.812950134277344,-13.410203192263737,-12.517767104204527,0.7,0.46302906560711565,0.8924360880592097
6.833175897598267,-13.45985586208477,-12.577972355935824,0.7,0.39302906560711565,0.881883506148947
6.852995157241821,-13.51254260490246,-12.63806360113544,0.7,0.3338314236979932,0.8744790037670196
6.873154878616333,-13.565948201922167,-12.698038221066776,0.6984898631228134,0.35132533106021585,0.8679099808553907
6.892927408218384,-13.612316304764317,-12.757893604942954,0.7,0.407313355980441,0.8544226998213631
6.913275241851807,-13.658703572884924,-12.817627150112841,0.6299999999999999,0.37800257819704713,0.8410764227720833
6.932850122451782,-13.70388162130977,-12.877236262246882,0.6629533889889716,0.3799333792785183,0.8266453590628888
6.953237295150757,-13.747029106738044,-12.936718355523205,0.6143301698565482,0.35899984060321005,0.8103107512148391
6.973102569580078,-13.78762905546286,-12.996070852813475,0.6843301698565483,0.28899984060321005,0.7915582026493855
6.992950916290283,-13.825389527726362,-13.055291185868874,0.6645986109972,0.3120642825821415,0.7700983418574872
7.013033866882324,-13.860182581987933,-13.114376795506107,0.6495176840573549,0.31753930075559766,0.7458057864818262
7.033055543899536,-13.891997558544098,-13.173325131793286,0.6998341742902994,0.34521281904075296,0.7186724267508122
7.052899599075317,-13.920905540295012,-13.232133654235954,0.7,0.36600329539272936,0.6887718860590581
7.073016881942749,-13.94703251357092,-13.290799831963021,0.7,0.32975497281644495,0.6562326816078983
7.0928955078125,-13.97053927919352,-13.349321143912691,0.7,0.34564699231181295,0.621218135280829
7.113073110580444,-13.990948453263288,-13.407695079018486,0.6436180591583252,0.3030126392701641,0.5832533742448014
7.132950067520142,-14.013959043726855,-13.46591913639515,0.6574323967099189,0.31972943058703096,0.5480399073317042
7.153431177139282,-14.045119129680256,-13.523990825524614,0.6627982974052429,0.3297798167774454,0.521128304155642
7.172908544540405,-14.081118474919498,-13.581907666441985,0.6204682819545269,0.37609544208738954,0.4992108084775122
7.1929285526275635,-14.11953031601092,-13.639667189921486,0.6578642211854457,0.3196544963726774,0.47986312608943393
7.213006496429443,-14.163238185673906,-13.697266937662395,0.6861108250916004,0.32617010035086424,0.46597124801151146
7.2331702709198,-14.22105439727223,-13.754704462475049,0.7,0.322630799128674,0.4663499347971811
7.252948760986328,-14.28946259497764,-13.81197732846676,0.6685836248099803,0.3333789852773771,0.47748526651088063
7.273205280303955,-14.365741236196076,-13.869083111227807,0.6747839076444506,0.38467861314769836,0.49665812496826867
7.292903900146484,-14.445476217929212,-13.926019398017361,0.6650544291362166,0.345445934436284,0.5194568199118503
7.313145399093628,-14.525510499153555,-13.982783787949478,0.6100588364526629,0.275445934436284,0.542726711204077
7.333085298538208,-14.594998305484761,-14.039373892179007,0.6600465362891554,0.24938402888830752,0.555624413305754
7.352928876876831,-14.663974460531763,-14.095787334087644,0.6103925107046961,0.3052554596727714,0.5681871264441192
7.373091459274292,-14.730777373374277,-14.152021749469782,0.6500343119725585,0.2352554596727714,0.5787556239044953
7.392899751663208,-14.794310211052178,-14.208074786718505,0.677618440054357,0.3001905850833282,0.5862354243336725
7.413105010986328,-14.85158096926129,-14.263944107011636,0.6661783948540687,0.2991743653547019,0.5876368622496546
7.4329283237457275,-14.905309192987918,-14.319627384497522,0.6519375683739781,0.2794753878843039,0.5856818084903956
7.453094482421875,-14.955160839980133,-14.375122306481153,0.6478821940720081,0.2492321792524308,0.5800385334989802
7.472861289978027,-15.012587798217398,-14.430426573610035,0.6357025679200887,0.25042773806490004,0.5821612246073631
7.493180274963379,-15.089977374564468,-14.485537900060182,0.7,0.27429394819773734,0.6044394745042858
7.512942552566528,-15.193091089124131,-14.54045401372204,0.6982297270325943,0.24634934798814356,0.6526370754020903
7.533111810684204,-15.31830377979579,-14.595172656386515,0.6959800188662484,0.30338258133269846,0.7231311234092761
7.5529091358184814,-15.427016634668728,-14.649691583930853,0.7,0.30009882734157145,0.7773250507378755
7.573124647140503,-15.56385138420359,-14.704008566504607,0.7,0.37009882734157146,0.8598428176989827
7.592905282974243,-15.730510874502302,-14.758121388715683,0.7,0.3339785392675549,0.9723894857866195
7.61333155632019,-15.922759145091511,-14.81202784981618,0.7,0.3841266277525574,1.1107312952753308
7.632887840270996,-16.12771419882291,-14.86572576388845,0.6642981365323066,0.3141266277525574,1.2619884349344606
7.653041124343872,-16.33609356672306,-14.91921296003099,0.6638345050916541,0.3020691324491054,1.4168806066920716
7.673115491867065,-16.541359580111504,-14.97248728254441,0.6365402660623658,0.23723213863559067,1.5688722975670935
7.692896604537964,-16.739053354425238,-15.025546591117422,0.69384658926283,0.3059101898688823,1.7135067633078158
7.713085174560547,-16.926277401285933,-15.078388761012793,0.6706248971924651,0.32921329443342984,1.8478886402731405
7.732893466949463,-17.101295110539105,-15.131011683253258,0.6791195015714038,0.32598928827792406,1.9702834272858478
7.75331711769104,-17.26322196349647,-15.18341326480753,0.6704612535715568,0.3268001656397246,2.0798086986889395
7.773056507110596,-17.40381099142293,-15.23559142877624,0.6647051710926462,0.28987155290087685,2.168219562646689
7.793075323104858,-17.53385158237258,-15.287544114577933,0.7,0.32698162080487236,2.2463074677946473
7.813093900680542,-17.65313822952546,-15.3392692781349,0.6878543652594089,0.2794964480563067,2.3138689513905604
7.8331522941589355,-17.761811610913476,-15.390764892059332,0.652162891626358,0.23446979554137215,2.371046718854144
7.853276968002319,-17.86024915023546,-15.442028945839104,0.6828490428626537,0.20320243196329102,2.4182202043963574
7.8729424476623535,-17.948982763134715,-15.493059446023821,0.646601778268814,0.2532184216543101,2.4559233171108943
7.892919540405273,-18.028637653754714,-15.543854416410772,0.6763876013457775,0.21261428477009758,2.484783237343942
7.913107872009277,-18.099887345416242,-15.594411898230875,0.6063876013457774,0.2826142847700976,2.5054754471853666
7.933071136474609,-18.163421172359246,-15.644729950334613,0.6164688655361532,0.21261428477009758,2.518691222024634
7.953105211257935,-18.21992128344796,-15.694806649378066,0.5986112785711883,0.2549113649292849,2.525114634069894
7.97309422492981,-18.27931225110107,-15.744640090008739,0.6686112785711884,0.1849113649292849,2.534672161092333
7.993213415145874,-18.330877005540913,-15.794228385051689,0.7,0.202691493795719,2.536648620489224
8.012973070144653,-18.397813833312867,-15.843569665695355,0.6299999999999999,0.22915042960783466,2.5542441676175116
8.033019304275513,-18.47829638549643,-15.89266208167757,0.66732430934906,0.1869798826589249,2.5856343038188623
8.053094625473022,-18.5660664235862,-15.941503801471484,0.6534310692176222,0.23289401480695232,2.6245626221147162
8.072931051254272,-18.665850429041342,-15.990093012471556,0.6783200671151279,0.16289401480695231,2.6757574165697857
8.093072414398193,-18.7945127850338,-16.038427921179522,0.6960448977723717,0.23289401480695232,2.7560848638542765
8.113062858581543,-18.956057031881215,-16.08650675339034,0.6260448977723716,0.2726909557892941,2.869550278490877
8.133066415786743,-19.140815611158,-16.134327754378127,0.5582199305668472,0.3426909557892941,3.0064878567798736
8.153040885925293,-19.339145466675493,-16.181889189082135,0.6282199305668472,0.2726909557892941,3.1572562775933584
8.17299509048462,-19.546307398908848,-16.229189342292695,0.6960319188609718,0.2840431670262478,3.3171180566161524
8.19311785697937,-19.75646053611042,-16.27622651883723,0.6539035496488212,0.23498440185328945,3.4802340172731903
8.213021755218506,-19.938920855293212,-16.32299904376614,0.6487485506758093,0.244684055687394,3.6159218115270733
8.233187198638916,-20.11925310158974,-16.369505262538823,0.6763756108656525,0.2314707769616507,3.7497478390509187
8.252912998199463,-20.293354592924366,-16.415743541209558,0.6693840810284017,0.22887882358161732,3.8776110517148084
8.273032188415527,-20.458539897522517,-16.461712266613585,0.7,0.2621441981825046,3.996827630908932
8.292849779129028,-20.613178752195154,-16.50740984655293,0.7,0.2517377962428145,4.105768905642222
8.312921047210693,-20.756416758610918,-16.552834709982427,0.6380125105381012,0.3080235612648539,4.2035820486284905
8.332927465438843,-20.88796093655828,-16.597985307195685,0.626602135412395,0.2615521145123057,4.289975629362594
8.353320837020874,-21.00791597732431,-16.64286011001106,0.6439958436414599,0.19924874651012942,4.365055867313249
8.373037815093994,-21.116660027906832,-16.687457611957576,0.7,0.24327513995347544,4.429202415949256
8.392958641052246,-21.214751206263493,-16.731776328460846,0.7,0.19682934554992243,4.482974877802647
8.413027048110962,-21.302857925518225,-16.775814797029177,0.6954325454309582,0.2642059964197688,4.527043128489048
8.433106660842896,-21.379354428646547,-16.819571577439323,0.6254325454309582,0.3330962401884608,4.559782851207224
8.453064680099487,-21.448123808766045,-16.86304525192265,0.6954325454309582,0.2872496699052863,4.585078556843396
8.473104238510132,-21.509713670795453,-16.906234425350945,0.7,0.21724966990528627,4.6034792454445075
8.493425607681274,-21.564693585828447,-16.949137725422446,0.7,0.254920602615457,4.615555860406001
8.513651847839355,-21.61363337124815,-16.991753802847775,0.7,0.2783946458506398,4.621879568400374
8.533839702606201,-21.657087998028924,-17.034081331535887,0.6770719781517982,0.20839464585063977,4.623006666493037
8.552919387817383,-21.69558749891917,-17.097028752454815,0.6734422352630645,0.16847285548923535,4.598558746464356
8.576064109802246,-21.72963061610691,-17.138629261568894,0.6506544147152453,0.1135297223436646,4.591001354538015
8.596206188201904,-21.759681213672078,-17.17993676599898,0.5806544147152453,0.15107829044340176,4.579744447673097
8.61334228515625,-21.78616670495492,-17.20048025945195,0.5806544147152453,0.15107829044340176,4.585686445502969
8.633310794830322,-21.809477920892245,-17.241345978048127,0.5957888666260986,0.18564407820580525,4.5681319428441185
8.653188943862915,-21.829717313732633,-17.28191568894001,0.5542573336232453,0.15603426019428296,4.547801624792623
8.672934532165527,-21.847542340291984,-17.32218823363189,0.5928567465115337,0.20771539876936002,4.525354106660092
8.69301152229309,-21.865536966696776,-17.38203739063184,0.6574789475370197,0.21850940412608905,4.483499576064936
8.713398694992065,-21.8878078435355,-17.421562113864564,0.6807916931528597,0.17421334064332766,4.466245729670938
8.735034465789795,-21.930992758298185,-17.460785811784987,0.640644019814208,0.1608970064180903,4.470206946513198
8.755406856536865,-22.010729501411,-17.460785811784987,0.640644019814208,0.1608970064180903,4.549943689626012
8.777076244354248,-22.11838567176768,-17.538325973435004,0.7,0.3008970064180903,4.580059698332676
8.793198347091675,-22.24259686283223,-17.557521269691833,0.7,0.3008970064180903,4.685075593140397
8.813901662826538,-22.375033274471438,-17.595683310159878,0.7,0.2885104627418332,4.77934996431156
8.833435773849487,-22.509692415754486,-17.652353210859996,0.651096311211586,0.3315929272281937,4.85733920489449
8.854037284851074,-22.642346494176156,-17.68974969188617,0.7,0.2615929272281937,4.952596802289985
8.875041246414185,-22.7575201518813,-17.72683836847868,0.7,0.19420317078707738,5.0306817834026205
8.897279024124146,-22.86779217309874,-17.763618377258325,0.6448064118623733,0.23021913955686613,5.104173795840413
8.913503170013428,-22.971753406157887,-17.78189236874203,0.6448064118623733,0.23021913955686613,5.189861037415856
8.932777643203735,-23.066275053959817,-17.818207815695818,0.7,0.2748654920863919,5.2480672382639995
8.953591346740723,-23.149432694552495,-17.872098166411533,0.6939309009350836,0.21105578432558103,5.277334528140962
8.974668979644775,-23.224821855489612,-17.907635409427623,0.7,0.1980825530621223,5.317186446061989
8.996732950210571,-23.292828309199244,-17.94286007382204,0.7,0.18403341046301647,5.3499682353772045
9.01292109489441,-23.35159822803887,-17.94286007382204,0.7,0.18403341046301647,5.408738154216831
9.032911777496338,-23.40240375559609,-17.995109462664722,0.6299999999999999,0.1517827788623981,5.407294292931368
9.053231716156006,-23.448654746674833,-18.046651738736898,0.6062819651514291,0.17615879683522506,5.402003007937935
9.074172496795654,-23.490523305914763,-18.08061937255163,0.6171246693655847,0.11447320489911361,5.4099039333631325
9.095189571380615,-23.526874658001947,-18.114271210794364,0.6258663135766982,0.10479940551100297,5.412603447207584
9.112967252731323,-23.562121992415477,-18.114271210794364,0.6258663135766982,0.10479940551100297,5.4478507816211135
9.133947134017944,-23.59567355801036,-18.147606695383615,0.6460336196422576,0.09385994898853822,5.448066862626746
9.152915477752686,-23.629479375916045,-18.213326515812078,0.6500503976084291,0.05848654436646028,5.416152860103967
9.173841953277588,-23.66257084376052,-18.24570988058258,0.6301275413669645,0.1284865443664603,5.416860963177939
9.196406602859497,-23.705875756337367,-18.277774949934123,0.6401396539248525,0.17529690312920138,5.428100806403243
9.212820053100586,-23.780613260252416,-18.277774949934123,0.6401396539248525,0.17529690312920138,5.5028383103182925
9.233044147491455,-23.90300970485155,-18.309521311995223,0.6249743174947797,0.22525549727259203,5.593488392856326
9.253336191177368,-24.078446852272517,-18.372056415945764,0.6234177537215873,0.29525549727259204,5.706390436326753
9.273363828659058,-24.293050450471245,-18.402844483835523,0.565715376283042,0.22525549727259203,5.8902059666357225
9.297425985336304,-24.529202443665245,-18.433312496807524,0.5589145347429438,0.15525549727259202,6.095889946857721
9.312949180603027,-24.734235633402978,-18.433312496807524,0.5589145347429438,0.15525549727259202,6.300923136595454
9.333575248718262,-24.95211281959745,-18.463460193849265,0.5979573540342971,0.18062030228553339,6.488652625748184
9.353983163833618,-25.170852716130657,-18.52279374992665,0.6385806463612242,0.13602963539538904,6.648058966204008
9.3771333694458,-25.38211061955975,-18.551979241329654,0.6253885356662794,0.12745796221075578,6.830131378230096
9.393940448760986,-25.580287649354496,-18.551979241329654,0.6253885356662794,0.12745796221075578,7.0283084080248415
9.413306474685669,-25.764156025815904,-18.580843681909016,0.5786017803428694,0.13567097934661432,7.183312343906888
9.433691263198853,-25.93324006023728,-18.623538150344654,0.6101874662516638,0.1619930368172936,7.3097019098926275
9.452954292297363,-26.08759898831833,-18.65159957158899,0.5401874662516637,0.22311622167704626,7.4359994167293415
9.473459482192993,-26.227662032629684,-18.665509802144314,0.5401874662516637,0.22311622167704626,7.5621522304853706
9.493057012557983,-26.35642043734894,-18.693089301909236,0.5461508494941516,0.15311622167704625,7.663331135439705
9.513643264770508,-26.47393344661942,-18.73385620506795,0.6161508494941517,0.1316321093100123,7.740077241551468
9.532976865768433,-26.575961241517653,-18.760632667754223,0.5753287272481247,0.1838098924118094,7.815328573763431
9.553289890289307,-26.669121717889638,-18.773900493053738,0.5753287272481247,0.1838098924118094,7.8952212248359
9.573902130126953,-26.753667893934132,-18.80019541171034,0.5943205421743913,0.224515968139749,7.953472482223791
9.593172788619995,-26.83231888819324,-18.839036262180393,0.5669736722437664,0.20257027740357442,7.993282626012846
9.613934516906738,-26.904802365984956,-18.86452942772587,0.5979500962374731,0.19195215883431954,8.040272938259086
9.632793188095093,-26.97109171321137,-18.8897022761401,0.5941806971048935,0.19263650420820339,8.08138943707127
9.653632164001465,-27.031331689894003,-18.902168664419563,0.5941806971048935,0.19263650420820339,8.12916302547444
9.674088716506958,-27.08578227402812,-18.939088134599853,0.6014541969588025,0.18040364179527385,8.146694139428266
9.693660736083984,-27.132460271981515,-18.963301785838837,0.537211267738603,0.11040364179527384,8.169158486142678
9.712928533554077,-27.17250939004552,-18.987196402705344,0.5336394910654052,0.13654269624268633,8.185312987340176
9.732859134674072,-27.206898727647214,-19.022441036372122,0.5328738350607454,0.06654269624268633,8.184457691275092
9.753858804702759,-27.23675642855449,-19.03403019232078,0.5328738350607454,0.06654269624268633,8.202726236233708
9.773645401000977,-27.26237378342228,-19.056970281110097,0.4999188926257192,0.08299095932161432,8.205403502312183
9.793368101119995,-27.284370734270055,-19.079593167979727,0.5242542490549384,0.0608806591830216,8.204777566290328
9.812840938568115,-27.303273296052463,-19.112933947385287,0.5266360471677034,0.1308806591830216,8.190339348667177
9.833742618560791,-27.319528380755308,-19.12388955283585,0.5266360471677034,0.1308806591830216,8.19563882791946
9.853078365325928,-27.335832526756924,-19.145564247660374,0.5126448374893515,0.11722855150466782,8.19026827909655
9.873633861541748,-27.354057403824765,-19.166924134613357,0.5670217823889105,0.1764470289624296,8.187133269211408
9.892855405807495,-27.375452416478133,-19.198375214377723,0.5457791042234748,0.1704980933270417,8.17707720210041
9.912920236587524,-27.398485479968283,-19.218951169012016,0.5303048713784664,0.18042695495998484,8.179534310956267
9.932966470718384,-27.42436561564773,-19.229122005135917,0.5303048713784664,0.18042695495998484,8.195243610511813
9.953516244888306,-27.44922485562793,-19.249229898387163,0.5026629249285905,0.17280513534089548,8.199994957240765
9.973068714141846,-27.470808282465267,-19.269026784201344,0.510622170632705,0.10280513534089547,8.201781498263923
9.994001865386963,-27.491459121042148,-19.2981408864671,0.548633181368932,0.09068856717785817,8.193318234575049
10.0158212184906,-27.510917951412058,-19.317164139363943,0.5347476926352828,0.06359613271197301,8.193753812048115
10.033920764923096,-27.5267196527238,-19.326560278634854,0.5347476926352828,0.06359613271197301,8.200159374088944
10.053350448608398,-27.539564731620892,-19.34512220185443,0.551286737313494,0.051695216947700795,8.194442529766462
10.074365139007568,-27.5500176677751,-19.372391125926136,0.4970290352310984,0.1054993761121295,8.177626541848966
10.097201108932495,-27.56084993046873,-19.390189322404503,0.5111836873646824,0.1602062774240039,8.170660608064228
10.113898992538452,-27.569343834734706,-19.398974508664395,0.5111836873646824,0.1602062774240039,8.170369326070311
10.132988929748535,-27.578306053149916,-19.42487613943871,0.5323256672080605,0.09020627742400389,8.153429913711207
10.15509295463562,-27.58735735509175,-19.44176710112968,0.5721851930674164,0.13953925376525145,8.14559025396207
10.177285432815552,-27.596231986606327,-19.458358056469123,0.6109226801153271,0.20953925376525145,8.137873930137204
10.192830324172974,-27.603937168267382,-19.466541426179997,0.6109226801153271,0.20953925376525145,8.137395742087385
10.21312928199768,-27.611439851770513,-19.49064505504709,0.6094826989527791,0.21769378384342414,8.120794796723423
10.23381495475769,-27.62092049967459,-19.49064505504709,0.6094826989527791,0.21769378384342414,8.1302754446275
10.25300121307373,-27.631525141464582,-19.506343749227895,0.6603574798163026,0.14769378384342413,8.125181392236687
10.273828983306885,-27.640314655113652,-19.529339663703595,0.6336061999853699,0.21769378384342414,8.110974991410057
10.293255090713501,-27.647611769588824,-19.551677341951077,0.6004330486711114,0.227599095122423,8.095934427637747
10.315364122390747,-27.651363630050678,-19.566205921202673,0.5658779226895421,0.20494643183192235,8.085157708848005
10.333840131759644,-27.65255414658947,-19.566205921202673,0.5658779226895421,0.20494643183192235,8.086348225386796
10.353060007095337,-27.649617879756633,-19.58745783899685,0.580970493024215,0.2170877340598963,8.062160040759782
10.373567581176758,-27.643892614976203,-19.608065411470257,0.6355213866289704,0.2591712135239504,8.035827203505946
10.396902084350586,-27.63406470747695,-19.62144857228865,0.6356962886737891,0.1891712135239504,8.0126161351883
10.413569927215576,-27.6255318672677,-19.62144857228865,0.6356962886737891,0.1891712135239504,8.00408329497905
10.433013677597046,-27.611921420304974,-19.647370060752625,0.655773520945222,0.19259680468356233,7.964551359552349
10.455215215682983,-27.595142868969283,-19.65991192199363,0.6826919880794593,0.16163276169216256,7.935230946975654
10.477520227432251,-27.576606011289726,-19.67217695239576,0.6913676490174838,0.19119790043449025,7.904429058893967
10.493786573410034,-27.555020057273204,-19.67217695239576,0.6913676490174838,0.19119790043449025,7.882843104877445
10.513161420822144,-27.531885156151944,-19.695884043240774,0.6994521659897872,0.20817777361487966,7.83600111291117
10.535345077514648,-27.508284104553553,-19.70732996940132,0.6798084327118703,0.18221168439602475,7.800954135152232
10.554014921188354,-27.4849812771661,-19.70732996940132,0.6798084327118703,0.18221168439602475,7.777651307764778
10.572794198989868,-27.462499734017868,-19.71850679653029,0.7,0.16889964449917894,7.7439929374875796
10.59280776977539,-27.44349748559086,-19.734771946560326,0.6966219298075884,0.1738019221066497,7.708725539030535
10.612796545028687,-27.42741268940837,-19.740061348677624,0.6966219298075884,0.1738019221066497,7.687351340730746
10.632782936096191,-27.413447458698382,-19.750443277486525,0.7,0.19359866423299532,7.663004181211857
10.653385400772095,-27.40165324168852,-19.76552806356521,0.6299999999999999,0.17258550679078322,7.6361251781233115
10.672816753387451,-27.391677803633357,-19.775262420100226,0.6208903026953339,0.11242394974222403,7.6164153835331305
10.693528652191162,-27.383228555447598,-19.780033796755205,0.6208903026953339,0.11242394974222403,7.603194758692393
10.713300466537476,-27.37606204790819,-19.79396818812985,0.5618891623988747,0.13754052934935312,7.58209385977834
10.733074426651001,-27.37229172754101,-19.80294427798171,0.5284950268641113,0.12759003309300165,7.569347449559302
10.752954959869385,-27.370979698695912,-19.811672363572164,0.48949683282524337,0.15668333029141646,7.559307335123748
10.77341341972351,-27.373726077485895,-19.815944168316637,0.48949683282524337,0.15668333029141646,7.5577819091692575
10.793224096298218,-27.379218966254523,-19.828394361664525,0.5594968328252434,0.08668333029141645,7.550824604589998
10.813949346542358,-27.388791110675545,-19.836393304729647,0.579989025183022,0.12151824792614202,7.552397805945898
10.832940816879272,-27.400944353371912,-19.844154305031452,0.6029357535764575,0.165984817945864,7.55679004834046
10.852970838546753,-27.411496108967924,-19.847946395777704,0.6029357535764575,0.165984817945864,7.56354971319022
10.87296724319458,-27.423731382592766,-19.858973029634946,0.5507521925494074,0.2038142990111373,7.564758352957821
10.8929922580719,-27.439129883633196,-19.866036142656185,0.48075219254940743,0.2110376196703873,7.573093740977011
10.912841558456421,-27.456319674657273,-19.87620575354846,0.5507521925494074,0.22192903671180825,7.580113921108811
10.933072090148926,-27.47430062552329,-19.879483681613763,0.5507521925494074,0.22192903671180825,7.594816943909528
10.953200101852417,-27.492357214478805,-19.88587376879215,0.48075219254940743,0.19539428006624798,7.606483445686656
10.972997188568115,-27.507674112602963,-19.892045251616626,0.5507521925494074,0.265394280066248,7.615628860986337
10.992997884750366,-27.518368051798276,-19.900899048455294,0.5663296941667795,0.19539428006624798,7.617469003342983
11.012972593307495,-27.52325278850068,-19.903744232170233,0.5663296941667795,0.19539428006624798,7.619508556330448
11.034003257751465,-27.521657482065837,-19.9092777597118,0.6363296941667795,0.12539428006624798,7.612379722354039
11.052891731262207,-27.50402156822572,-19.917191757136372,0.646743046566844,0.15197199862217525,7.586829811089348
11.07532000541687,-27.48870961756347,-19.922214810162533,0.6953405351191759,0.1460694838291965,7.566494807400936
11.093775272369385,-27.45083298819443,-19.924651649481095,0.6953405351191759,0.1460694838291965,7.526181338713336
11.113529205322266,-27.39828160924284,-19.931668283911357,0.6623274297267199,0.14603026865865099,7.466613325331483
11.135839223861694,-27.336922422498944,-19.936105250946756,0.5923274297267198,0.216030268658651,7.4008171715521875
11.153835773468018,-27.271062619723306,-19.938252747418534,0.5923274297267198,0.216030268658651,7.332809872304772
11.173770427703857,-27.20612885334091,-19.942407879016493,0.6270363878458738,0.2370969659730326,7.263720974324418
11.195143222808838,-27.143549616224355,-19.948297351263307,0.6441784489899873,0.2128427594050299,7.195252264961049
11.217417240142822,-27.084255058191506,-19.95199991930141,0.6898957069963216,0.19723174693877804,7.132255138890095
11.23287844657898,-27.02880467572986,-19.953785401117514,0.6898957069963216,0.19723174693877804,7.075019274612345
11.253781795501709,-26.977485771308707,-19.958884007012934,0.6515709783881902,0.26723174693877805,7.018601764295774
11.276003122329712,-26.930389014934452,-19.962072746634476,0.7,0.23331214058096517,6.968316268299976
11.293044328689575,-26.88949840861303,-19.962072746634476,0.7,0.23331214058096517,6.927425661978553
11.313857555389404,-26.851963841560444,-19.966549567923266,0.7,0.17951824086601842,6.885414273637178
11.33338737487793,-26.817749533216325,-19.970670096277523,0.7,0.14491243230993855,6.847079436938802
11.355528116226196,-26.786743126038342,-19.973225529192895,0.6593100696802139,0.12393726165289987,6.813517596845447
11.372835397720337,-26.75646568669842,-19.973225529192895,0.6593100696802139,0.12393726165289987,6.783240157505524
11.393614292144775,-26.727492532846295,-19.97678100208967,0.6080332033336162,0.09486878420109857,6.750711530756625
11.41329050064087,-26.70018889455416,-19.980015112143192,0.5637618273496627,0.05424087623949159,6.720173782410967
11.438184022903442,-26.674764453575563,-19.98199933784223,0.5430974781513214,0.09119275714154351,6.692765115733334
11.452831029891968,-26.651315324706438,-19.98199933784223,0.5430974781513214,0.09119275714154351,6.669315986864209
11.473362445831299,-26.632172556345967,-19.98557375074144,0.5173188138753175,0.09016041493858207,6.646598805604526
11.494253635406494,-26.618841755408194,-19.98717225327967,0.5008622881025075,0.12504304236616004,6.631669502128524
11.518986225128174,-26.607267613682506,-19.988650581643572,0.5250577412545681,0.16626481375540603,6.618617032038934
11.533573627471924,-26.604482895935405,-19.988650581643572,0.5250577412545681,0.16626481375540603,6.615832314291833
11.553083181381226,-26.6217746194759,-19.991263908259338,0.49508243128657337,0.13728147781337607,6.630510711216562
11.577111721038818,-26.659504368853494,-19.992407631330327,0.4355429828166961,0.0979454632743727,6.667096737523167
11.593011617660522,-26.71043560736622,-19.992407631330327,0.4355429828166961,0.0979454632743727,6.718027976035895
11.613122463226318,-26.769194054432727,-19.993448630237154,0.48720869123935695,0.027945463274372695,6.7757454241955735
11.632919073104858,-26.834156902797204,-19.99482736097857,0.4858912616502493,0.0,6.8393295418186355
11.652955770492554,-26.901717117885077,-19.995240475113576,0.4858912616502493,0.0,6.906476642771501
11.674076318740845,-26.96930087076462,-19.996000461334056,0.5558912616502494,0.0,6.973300409430564
11.69300651550293,-27.03743615799078,-19.996983576631155,0.4867547910939902,0.03134230524301529,7.040452581359624
11.712999105453491,-27.106475180005972,-19.997541286328282,0.4854488873202354,0.09535446017980576,7.1089338936776905
11.733072519302368,-27.166416621569496,-19.99779261885383,0.4854488873202354,0.09535446017980576,7.168624002715667
11.75282096862793,-27.23331413662026,-19.998443768053935,0.5376772412378341,0.0907468250952661,7.234870368566323
11.772789478302002,-27.331076304257984,-19.998798261268398,0.4676772412378341,0.15258146589621902,7.332278042989586
11.792872667312622,-27.494026905547646,-19.999094825899917,0.5376772412378341,0.15578521764837205,7.494932079647729
11.813024759292603,-27.739655836516498,-19.99922294366332,0.5376772412378341,0.15578521764837205,7.740432892853178
11.83336853981018,-28.043187036722745,-19.999534201135916,0.4676772412378341,0.08578521764837205,8.04365283558683
11.85341501235962,-28.3789364871691,-19.999687162491,0.5026734453160315,0.01578521764837204,8.3792493246781
11.872827529907227,-28.725899114379196,-19.999847680780434,0.4860541373956948,0.0,8.726051433598762
11.892831325531006,-29.069189683409014,-19.999885416173644,0.4860541373956948,0.0,9.06930426723537
11.912811756134033,-29.39856597814856,-19.999941185330492,0.42346272622235115,0.055182937532663345,9.398624792818069
11.9336678981781,-29.707280665000162,-19.999975125145397,0.41935873548500235,0.04150132741779089,9.707305539854765
11.952923059463501,-29.97531463798497,-19.99999687892057,0.47582423086278136,0.05496079474687576,9.9753177590644
11.972841501235962,-30.228538347352902,-19.99999907407643,0.47582423086278136,0.05496079474687576,10.228539273276471
11.99281930923462,-30.46480145356663,-20.0,0.4422203987371176,0.02680247090756893,10.46480145356663
12.012852668762207,-30.683057367770683,-20.0,0.39393562222830947,0.07455314509570599,10.683057367770683
12.033790588378906,-30.883053727465338,-20.0,0.413304093806073,0.047953758388757706,10.883053727465338
12.053061962127686,-31.067412823301613,-20.0,0.413304093806073,0.047953758388757706,11.067412823301613
12.072818279266357,-31.236051817377774,-20.0,0.48330409380607303,0.03354994114488363,11.236051817377774
12.093832969665527,-31.391643821804724,-20.0,0.413304093806073,0.0,11.391643821804724
12.115052223205566,-31.534073031870356,-20.0,0.343304093806073,0.0,11.534073031870356
12.133020162582397,-31.66592226401962,-20.0,0.343304093806073,0.0,11.66592226401962
12.153034448623657,-31.78039713364237,-20.0,0.273304093806073,0.0,11.78039713364237
12.174433708190918,-31.88633798259495,-20.0,0.22709748911671335,0.0,11.886337982594949
12.196816682815552,-31.98355920802501,-20.0,0.29709748911671335,0.0,11.98355920802501
12.213496923446655,-32.0744780466602,-20.0,0.29709748911671335,0.0,12.074478046660197
12.233115196228027,-32.16093956254844,-20.0,0.36709748911671336,0.03816330060362816,12.160939562548442
12.25550389289856,-32.244342773327695,-20.0,0.33391911494545634,0.05063004232943058,12.244342773327695
12.273350238800049,-32.323423662485546,-20.0,0.33391911494545634,0.05063004232943058,12.323423662485546
12.294164896011353,-32.397418183222726,-20.0,0.40009619998745616,0.0,12.397418183222726
12.315900087356567,-32.465929694288064,-20.0,0.40009619998745616,0.0,12.465929694288064
12.333794593811035,-32.52882720057013,-20.0,0.3647196623962372,0.052365172654390335,12.528827200570127
12.353010177612305,-32.586167671928365,-20.0,0.3370360616128891,0.0,12.586167671928365
12.373064994812012,-32.638137133576976,-20.0,0.40703606161288913,0.0,12.638137133576976
12.394909381866455,-32.683258347023674,-20.0,0.40703606161288913,0.0,12.683258347023674
12.413625955581665,-32.72418173689229,-20.0,0.47703606161288914,0.0,12.724181736892291
12.432982206344604,-32.761110869083915,-20.0,0.40703606161288913,0.0,12.761110869083915
12.452997922897339,-32.79429240472534,-20.0,0.40897532690316435,0.04694844409823418,12.79429240472534
12.475854396820068,-32.823996437315785,-20.0,0.4068176103569567,0.02745019644498825,12.823996437315785
12.499149799346924,-32.85050221773615,-20.0,0.4141675694659352,0.020635333843529224,12.85050221773615
12.513765573501587,-32.871771649693954,-20.0,0.4141675694659352,0.020635333843529224,12.871771649693954
12.532968759536743,-32.88884346289182,-20.0,0.4610168612375855,0.09063533384352923,12.88884346289182
12.554643392562866,-32.90718246261279,-20.0,0.47769623946398493,0.16063533384352924,12.907182462612788
12.577301979064941,-32.93286734715069,-20.0,0.5398988122865558,0.21643577549606563,12.93286734715069
12.593787908554077,-32.97224300941996,-20.0,0.5398988122865558,0.21643577549606563,12.972243009419962
12.613479137420654,-33.00642996471054,-20.0,0.6098988122865558,0.18719938430935146,13.006429964710541
12.632852554321289,-33.054404960094345,-20.0,0.5700984589383007,0.20351539585739375,13.054404960094345
12.658170223236084,-33.11069248231924,-20.0,0.5574042789265514,0.21087038271129133,13.110692482319237
12.673911094665527,-33.166637575133564,-20.0,0.5574042789265514,0.21087038271129133,13.166637575133564
12.693431377410889,-33.21855404812084,-20.0,0.6032623305544258,0.28087038271129133,13.218554048120843
12.713104009628296,-33.25935502325431,-20.0,0.6732623305544259,0.2985803680866957,13.259355023254308
12.733647584915161,-33.27746199729492,-20.0,0.6732623305544259,0.2985803680866957,13.277461997294921
12.753597974777222,-33.25384912610936,-20.0,0.6032623305544258,0.22858036808669568,13.253849126109358
12.773348569869995,-33.16945190863013,-20.0,0.6401704430207611,0.2688710851222277,13.16945190863013
12.792935132980347,-33.01031413250848,-20.0,0.6744255639240146,0.22102547563612462,13.010314132508483
12.813223361968994,-32.77797725765925,-20.0,0.6744255639240146,0.22102547563612462,12.777977257659252
12.833961009979248,-32.57625645107305,-20.0,0.6987898304685951,0.27624531216919423,12.57625645107305
12.853594541549683,-32.314200040485325,-20.0,0.7,0.2656410861387849,12.314200040485325
12.872987508773804,-32.01482582120477,-20.0,0.6912831326946616,0.3356410861387849,12.014825821204766
12.893958568572998,-31.697421358246274,-20.0,0.6912831326946616,0.3356410861387849,11.697421358246274
12.913917779922485,-31.37585860187108,-20.0,0.6410731894895434,0.3281673989631236,11.37585860187108
12.933553218841553,-31.059882328568,-20.0,0.693492922745645,0.32265227384865286,11.059882328568001
12.953036785125732,-30.756113838164044,-20.0,0.6821531791239976,0.3735995414108038,10.756113838164044
12.973690271377563,-30.468830421085574,-20.0,0.6821531791239976,0.3735995414108038,10.468830421085574
12.993323564529419,-30.198252189094422,-20.0,0.7,0.3035995414108038,10.198252189094422
13.013024091720581,-29.934826371796863,-20.0,0.7,0.2335995414108038,9.934826371796863
13.03269910812378,-29.667096604575512,-20.0,0.7,0.2080292121320963,9.667096604575512
13.053275108337402,-29.434646785208376,-20.0,0.7,0.2080292121320963,9.434646785208376
13.073871612548828,-29.18076738690021,-20.0,0.6694835301488637,0.21739838987588883,9.18076738690021
13.093609094619751,-28.9024799505248,-20.0,0.7,0.25297718465328217,8.9024799505248
13.112815141677856,-28.61225705643152,-20.0,0.7,0.26166418071836234,8.61225705643152
13.132859468460083,-28.321392820584183,-20.0,0.7,0.26166418071836234,8.321392820584183
13.153782606124878,-28.03774881734238,-20.0,0.6709161911159753,0.19166418071836233,8.03774881734238
13.173572063446045,-27.76891160198666,-20.0,0.7,0.18016992043703794,7.768911601986659
13.192798137664795,-27.517444067902062,-20.0,0.6825312346220016,0.2147224983200431,7.517444067902062
13.212942123413086,-27.28466857456062,-20.0,0.6825312346220016,0.2147224983200431,7.2846685745606194
13.233932733535767,-27.071010980218475,-20.0,0.6428206384181976,0.19581463281065226,7.071010980218475
13.253607511520386,-26.880895923655483,-20.0,0.7,0.15915839467197657,6.880895923655483
13.273305892944336,-26.715833177679603,-20.0,0.7,0.1398760722950101,6.7158331776796025
13.293784141540527,-26.56883182479714,-20.0,0.7,0.1398760722950101,6.56883182479714
13.313529968261719,-26.44056611512664,-20.0,0.6672983065247535,0.07857704255729914,6.440566115126639
13.33324146270752,-26.335643289883958,-20.0,0.6006548523902893,0.08992256689816713,6.335643289883958
13.35396432876587,-26.261280945559967,-20.0,0.6218057673424482,0.06688444036990404,6.261280945559967
13.373035430908203,-26.224003213248924,-20.0,0.6218057673424482,0.06688444036990404,6.224003213248924
13.393409252166748,-26.22504791760504,-20.0,0.5814442735165357,0.0037883492186665535,6.225047917605039
13.413105010986328,-26.2688975398241,-20.0,0.5940562959760427,0.03807588014751673,6.268897539824099
13.43483567237854,-26.36448644878988,-20.0,0.5872430743649601,0.0302295945584774,6.364486448789879
13.457196474075317,-26.51434035074906,-20.0,0.6365576999261975,0.0768388956785202,6.514340350749059
13.47376537322998,-26.72109975177887,-20.0,0.6365576999261975,0.0768388956785202,6.721099751778869
13.493052244186401,-26.900613542571136,-20.0,0.644571073167026,0.11699388176202774,6.900613542571136
13.515263795852661,-27.14559010986923,-20.0,0.6370548049919307,0.15456755459308624,7.145590109869229
13.537891149520874,-27.455059337813946,-20.0,0.5670548049919306,0.12949792109429836,7.455059337813946
13.552961826324463,-27.81738231336343,-20.0,0.5670548049919306,0.12949792109429836,7.8173823133634315
13.573558330535889,-28.216132876195605,-20.0,0.5790624764002859,0.19602532498538494,8.216132876195605
13.594151973724365,-28.631992647448183,-20.0,0.5683734562434255,0.16578035987913609,8.631992647448183
13.618395566940308,-29.048776199866914,-20.0,0.5926451679505407,0.14506085589528084,9.048776199866914
13.633851051330566,-29.45521710635674,-20.0,0.5926451679505407,0.14506085589528084,9.455217106356741
13.653141736984253,-29.841446158448548,-20.0,0.5482562143541871,0.21506085589528084,9.841446158448548
13.673524141311646,-30.19882473032089,-20.0,0.6182562143541872,0.2844926004111767,10.19882473032089
13.696274757385254,-30.524429301004748,-20.0,0.6182562143541872,0.2844926004111767,10.524429301004748
13.712851524353027,-30.807127502351925,-20.0,0.581756926421076,0.2736705678328872,10.807127502351925
13.733635425567627,-31.06019609844191,-20.0,0.6517569264210761,0.20367056783288717,11.06019609844191
13.75395655632019,-31.26748417008408,-20.0,0.7,0.13367056783288717,11.267484170084082
13.775577068328857,-31.41434744965306,-20.0,0.7,0.17401248898357152,11.41434744965306
13.793436527252197,-31.489890456409473,-20.0,0.7,0.17401248898357152,11.489890456409473
13.813740730285645,-31.49537408517632,-20.0,0.7,0.24401248898357153,11.49537408517632
13.832979679107666,-31.44741862478417,-20.0,0.6975774690974503,0.18135430570691824,11.44741862478417
13.852961540222168,-31.363609280197693,-20.0,0.6275774690974503,0.25135430570691825,11.363609280197693
13.878528594970703,-31.257105315863154,-20.0,0.6044408179540186,0.2543349651899189,11.257105315863154
13.892895221710205,-31.137645013564274,-20.0,0.6044408179540186,0.2543349651899189,11.137645013564274
13.913426876068115,-31.012333856111393,-20.0,0.6171826258022337,0.18433496518991888,11.012333856111393
13.932969331741333,-30.903535509865023,-20.0,0.5471826258022336,0.17452469817362726,10.903535509865023
13.952969312667847,-30.79179986947572,-20.0,0.5954843188542871,0.19398202537558973,10.791799869475721
13.9738450050354,-30.68096882300375,-20.0,0.5954843188542871,0.19398202537558973,10.680968823003749
13.99325156211853,-30.573687030214103,-20.0,0.5438745791930704,0.19555250881239772,10.573687030214103
14.013633251190186,-30.47169787980654,-20.0,0.48410959792323394,0.1255525088123977,10.471697879806541
14.032771825790405,-30.376072808417355,-20.0,0.5268381821829824,0.12405755889602005,10.376072808417355
14.052935600280762,-30.28738829033431,-20.0,0.5958236071188001,0.1062070667464286,10.28738829033431
14.073845624923706,-30.208178163852338,-20.0,0.5958236071188001,0.1062070667464286,10.208178163852338
14.093186616897583,-30.137636338782926,-20.0,0.6391948859114198,0.05251919251866638,10.137636338782926
14.113765478134155,-30.077290816581737,-20.0,0.5691948859114198,0.12251919251866639,10.077290816581737
14.132925033569336,-30.027934194670394,-20.0,0.49919488591141975,0.12824655720032752,10.027934194670394
14.15290117263794,-29.985081515392565,-20.0,0.4948640035744754,0.08901656069792807,9.985081515392565
14.173686981201172,-29.950305246089158,-20.0,0.4948640035744754,0.08901656069792807,9.950305246089158
14.193834781646729,-29.92437156602495,-20.0,0.5454140322562304,0.09671138250268996,9.924371566024949
14.212979793548584,-29.912212298987633,-20.0,0.4849011058267203,0.08339798473753035,9.912212298987633
14.23316502571106,-29.91920631813182,-20.0,0.46120563506148726,0.08622103929519653,9.91920631813182
14.253413677215576,-29.9416358563842,-20.0,0.46120563506148726,0.08622103929519653,9.941635856384199
14.27376914024353,-29.976511824044856,-20.0,0.39120563506148726,0.029739368706941605,9.976511824044856
14.293022632598877,-30.02143003359505,-20.0,0.46120563506148726,0.07085064798593521,10.021430033595049
14.313042402267456,-30.074455921228207,-20.0,0.4339699240680781,0.14085064798593522,10.074455921228207
14.334812641143799,-30.13403209979894,-20.0,0.5039699240680782,0.07085064798593521,10.13403209979894
14.353755235671997,-30.198904206460213,-20.0,0.5039699240680782,0.07085064798593521,10.198904206460213
14.373019456863403,-30.255227825727065,-20.0,0.4499483681377021,0.10511590540409088,10.255227825727065
14.393580913543701,-30.31464666788411,-20.0,0.42228773004375375,0.06434688717126846,10.314646667884109
14.415692567825317,-30.374649413999354,-20.0,0.49228773004375376,0.037640541791915894,10.374649413999354
14.433751821517944,-30.433476362375004,-20.0,0.49228773004375376,0.037640541791915894,10.433476362375004
14.453662157058716,-30.489936246682493,-20.0,0.5531557809468357,0.0167920533567667,10.489936246682493
14.474914073944092,-30.54326402037109,-20.0,0.4831557809468357,0.074301952496171,10.54326402037109
14.497108221054077,-30.59301084352509,-20.0,0.5330038941558448,0.034691108390688896,10.59301084352509
14.513782262802124,-30.641275684380123,-20.0,0.5330038941558448,0.034691108390688896,10.641275684380123
14.533860445022583,-30.691871850755497,-20.0,0.5274363970477132,0.04346823040395975,10.691871850755497
14.553637504577637,-30.749702897864644,-20.0,0.4899949012417344,0.09773735422641039,10.749702897864644
14.574667692184448,-30.8226167608268,-20.0,0.5599949012417345,0.1677373542264104,10.8226167608268
14.596910238265991,-30.885922438229873,-20.0,0.5615206079697235,0.14548290956765414,10.885922438229873
14.612918615341187,-30.968314213050736,-20.0,0.5615206079697235,0.14548290956765414,10.968314213050736
14.633011817932129,-31.071056783391796,-20.0,0.547842680304311,0.09329839859157801,11.071056783391796
14.652949333190918,-31.192175892660515,-20.0,0.47784268030431104,0.023298398591578007,11.192175892660515
14.675363302230835,-31.322866904890294,-20.0,0.4907925698300822,0.0,11.322866904890294
14.696444034576416,-31.45212932963585,-20.0,0.47774384462740255,0.0,11.452129329635849
14.713547229766846,-31.574676439924342,-20.0,0.47774384462740255,0.0,11.574676439924342
14.735080003738403,-31.689329508171497,-20.0,0.40774384462740254,0.07,11.689329508171497
14.756247520446777,-31.795477859910218,-20.0,0.33774384462740253,0.036049078851938254,11.795477859910218
14.773599624633789,-31.895237821593813,-20.0,0.33774384462740253,0.036049078851938254,11.895237821593813
14.793781995773315,-31.997196761743247,-20.0,0.32141801507677864,0.0,11.997196761743247
14.814131259918213,-32.085720116716345,-20.0,0.39141801507677865,0.0,12.085720116716345
14.838183641433716,-32.18875227765587,-20.0,0.46141801507677865,0.0,12.188752277655873
14.8535475730896,-32.30841196189084,-20.0,0.46141801507677865,0.0,12.30841196189084
14.873658657073975,-32.438783528141634,-20.0,0.39141801507677865,0.07,12.438783528141634
14.89283013343811,-32.573159429177664,-20.0,0.46141801507677865,0.049900522157549865,12.573159429177664
14.918487787246704,-32.70909154825933,-20.0,0.39141801507677865,0.05675983957946301,12.70909154825933
14.933127880096436,-32.84252210937584,-20.0,0.39141801507677865,0.05675983957946301,12.842522109375842
14.952970743179321,-32.97069858903561,-20.0,0.41211590678896737,0.0,12.970698589035607
14.972976922988892,-33.089531260976514,-20.0,0.4821159067889674,0.0,13.089531260976514
14.992883443832397,-33.20105843262145,-20.0,0.4821159067889674,0.0,13.201058432621451
15.01292371749878,-33.304572060006414,-20.0,0.4755447601294143,0.07,13.304572060006414
15.0329008102417,-33.39444523413045,-20.0,0.49363570114132,0.10491426259279252,13.394445234130451
15.053585767745972,-33.475505382023016,-20.0,0.49363570114132,0.10491426259279252,13.475505382023016
15.072954654693604,-33.55062419090894,-20.0,0.42363570114132,0.17491426259279252,13.550624190908941
15.093358278274536,-33.61963651379535,-20.0,0.49363570114132,0.19957823619246484,13.61963651379535
15.113586664199829,-33.68027223051937,-20.0,0.56363570114132,0.26957823619246485,13.680272230519371
15.132876634597778,-33.73349167270313,-20.0,0.6336357011413201,0.19957823619246484,13.733491672703131
15.153482437133789,-33.77784097493628,-20.0,0.618266180618666,0.26957823619246485,13.777840974936282
15.172911643981934,-33.81022773427611,-20.0,0.598796289875172,0.19957823619246484,13.810227734276111
15.193230390548706,-33.826502951635355,-20.0,0.598796289875172,0.19957823619246484,13.826502951635355
15.213672637939453,-33.81494403910532,-20.0,0.5489205797156318,0.19626501911319794,13.81494403910532
15.233460903167725,-33.75656054170993,-20.0,0.5303619210561736,0.18134263400919737,13.75656054170993
15.252781629562378,-33.70587049866977,-20.0,0.5225196280470117,0.1695699911657721,13.705870498669768
15.272999286651611,-33.59538572857515,-20.0,0.5225196280470117,0.1695699911657721,13.595385728575152
15.293052434921265,-33.430066089340656,-20.0,0.5456478823861106,0.17486144659109415,13.430066089340656
15.313826322555542,-33.22869985683972,-20.0,0.5167491105338557,0.1947784131485969,13.228699856839718
15.333533763885498,-33.00991970001712,-20.0,0.5083781531965359,0.1816036837268621,13.009919700017122
15.353118181228638,-32.7848101000281,-20.0,0.555021957955323,0.2516036837268621,12.784810100028103
15.372786045074463,-32.561236932306244,-20.0,0.5706969699775799,0.19190189455635848,12.561236932306244
15.392812728881836,-32.34462318744378,-20.0,0.5706969699775799,0.19190189455635848,12.34462318744378
15.413859128952026,-32.13855215370081,-20.0,0.6391784227406605,0.2552918813098222,12.138552153700807
15.433790445327759,-31.94523486092834,-20.0,0.6357181738084181,0.27858532247133555,11.945234860928341
15.452973127365112,-31.765870923691647,-20.0,0.632772204694338,0.20858532247133554,11.765870923691647
15.473001718521118,-31.610142574003966,-20.0,0.5867236119182779,0.22109398395754398,11.610142574003966
15.493581295013428,-31.46571850245012,-20.0,0.5867236119182779,0.22109398395754398,11.46571850245012
15.512807846069336,-31.332952442268283,-20.0,0.5435117271216585,0.23439141885377468,11.332952442268283
15.533217191696167,-31.21178284399021,-20.0,0.5434310141816967,0.16439141885377467,11.21178284399021
15.553558826446533,-31.099544984954512,-20.0,0.5923366401210659,0.1440156921092421,11.099544984954512
15.573944330215454,-30.99646895400796,-20.0,0.5762629549816483,0.10254266851581634,10.996468954007959
15.59298825263977,-30.902473107353607,-20.0,0.5762629549816483,0.10254266851581634,10.902473107353607
15.61373257637024,-30.81726142951596,-20.0,0.6275995414570206,0.14558579393662513,10.817261429515959
15.633013248443604,-30.74039680810434,-20.0,0.6356390606478088,0.1482530871219933,10.74039680810434
15.6532142162323,-30.67135564762337,-20.0,0.5656390606478088,0.12126764671877027,10.671355647623368
15.676697731018066,-30.611884430493877,-20.0,0.5807868695870273,0.14932410622015596,10.611884430493877
15.693129062652588,-30.56025000140977,-20.0,0.5807868695870273,0.14932410622015596,10.56025000140977
15.713678359985352,-30.515797336673067,-20.0,0.5442726246133678,0.18606071749702097,10.515797336673067
15.734552145004272,-30.479820878209352,-20.0,0.6142726246133678,0.11606071749702096,10.479820878209352
15.757144451141357,-30.450679982441436,-20.0,0.6142726246133678,0.11606071749702096,10.450679982441436
15.773053646087646,-30.429371288011797,-20.0,0.6167311304114991,0.15997158968821168,10.429371288011797
15.795043468475342,-30.414064275693963,-20.0,0.6167311304114991,0.15997158968821168,10.414064275693963
15.812976121902466,-30.403329328971253,-20.0,0.629892675099545,0.1942769163288176,10.403329328971253
15.833351850509644,-30.39605296789297,-20.0,0.5891771669365697,0.2088574985973537,10.39605296789297
15.853667974472046,-30.39137064042454,-20.0,0.6054083294101291,0.1544328103773296,10.39137064042454
15.873876571655273,-30.390929828250357,-20.0,0.6545500269957119,0.11605150206014514,10.390929828250357
15.897855043411255,-30.391130359045633,-20.0,0.6251496708818012,0.14428854500874877,10.391130359045633
15.913225889205933,-30.391304465001888,-20.0,0.6251496708818012,0.14428854500874877,10.391304465001888
15.933476686477661,-30.391922232381734,-20.0,0.6563614736177259,0.08475153660401702,10.391922232381734
15.953666687011719,-30.392831877108062,-20.0,0.7,0.06166811613366008,10.392831877108062
15.97658109664917,-30.39392028053563,-20.0,0.7,0.0944630797021091,10.393920280535632
15.992945671081543,-30.395104161501177,-20.0,0.7,0.0944630797021091,10.395104161501177
16.013718605041504,-30.396323158238555,-20.0,0.7,0.1644630797021091,10.396323158238555
16.032962560653687,-30.39753441917415,-20.0,0.6890055945143103,0.1844104520790279,10.39753441917415
16.05446434020996,-30.39870838431998,-20.0,0.7,0.2414833783917129,10.398708384319981
16.072972536087036,-30.40445820098194,-20.0,0.7,0.2414833783917129,10.404458200981939
16.09282159805298,-30.415551126811465,-20.0,0.7,0.2757490344159305,10.415551126811465
16.113399982452393,-30.430062918795564,-20.0,0.6579719193279743,0.21925094647333027,10.430062918795564
16.13623833656311,-30.442662427099805,-20.0,0.5879719193279742,0.24404198227450252,10.442662427099805
16.153151273727417,-30.457506146340716,-20.0,0.5879719193279742,0.24404198227450252,10.457506146340716
16.172858476638794,-30.47120109784003,-20.0,0.6579719193279743,0.22306494710966945,10.47120109784003
16.193758010864258,-30.481420860677254,-20.0,0.7,0.22378127445001156,10.481420860677254
16.212836742401123,-30.486641136648753,-20.0,0.6299999999999999,0.1893638724507764,10.486641136648753
16.233924627304077,-30.488251287089813,-20.0,0.6299999999999999,0.1893638724507764,10.488251287089813
16.25368905067444,-30.484995131577783,-20.0,0.6190803471207618,0.2593638724507764,10.484995131577783
16.2734112739563,-30.478444750841398,-20.0,0.6080465699732303,0.1893638724507764,10.478444750841398
16.292785167694092,-30.469778900337115,-20.0,0.6028529877029358,0.25268456135410816,10.469778900337115
16.313607215881348,-30.45987207351179,-20.0,0.6028529877029358,0.25268456135410816,10.45987207351179
16.333406448364258,-30.449364382194474,-20.0,0.5559636267088353,0.18268456135410815,10.449364382194474
16.353058338165283,-30.440241336318685,-20.0,0.6237536134384571,0.1910560840042308,10.440241336318685
16.373659133911133,-30.430795409899485,-20.0,0.6237536134384571,0.1910560840042308,10.430795409899485
16.393773794174194,-30.42137416336245,-20.0,0.588743946161121,0.17075817484874278,10.42137416336245
16.41370415687561,-30.412218354940006,-20.0,0.6316213408671318,0.2407581748487428,10.412218354940006
16.432801246643066,-30.405804563078394,-20.0,0.6086770376376807,0.22215281036216766,10.405804563078394
16.452988862991333,-30.401464357047967,-20.0,0.6086770376376807,0.22215281036216766,10.401464357047967
16.473050117492676,-30.398678808814203,-20.0,0.6786770376376807,0.15215281036216766,10.398678808814203
16.492963075637817,-30.397046508281278,-20.0,0.6636158342473208,0.11045279738027602,10.397046508281278
16.51300287246704,-30.396258250133627,-20.0,0.5958443398587405,0.13639021676499397,10.396258250133627
16.532962322235107,-30.396077021764366,-20.0,0.5958443398587405,0.13639021676499397,10.396077021764366
16.55391550064087,-30.396322200650964,-20.0,0.5939381004311144,0.1284693666966632,10.396322200650964
16.57381582260132,-30.396535071220022,-20.0,0.5283290327526629,0.12092685245443135,10.396535071220022
16.59286141395569,-30.39704191166994,-20.0,0.4945278384722769,0.17092876427341253,10.397041911669941
16.61310076713562,-30.400055928202583,-20.0,0.4945278384722769,0.17092876427341253,10.400055928202583
16.632763147354126,-30.40704829416289,-20.0,0.5645278384722769,0.16403181303758174,10.407048294162891
16.6540846824646,-30.416619660697354,-20.0,0.49452783847227694,0.1307021101238206,10.416619660697354
16.67293405532837,-30.430046446282635,-20.0,0.49452783847227694,0.1307021101238206,10.430046446282635
16.69429039955139,-30.445797268963066,-20.0,0.49452783847227694,0.1307021101238206,10.445797268963066
16.713678121566772,-30.46274721105835,-20.0,0.5373115458525717,0.17277265537995845,10.46274721105835
16.732841730117798,-30.480083324103283,-20.0,0.6073115458525717,0.14035575662273914,10.480083324103283
16.753175258636475,-30.49954712059722,-20.0,0.6073115458525717,0.14035575662273914,10.49954712059722
16.776208877563477,-30.51997579807665,-20.0,0.6631267058290542,0.17131173296365887,10.51997579807665
16.792805671691895,-30.5377124974332,-20.0,0.6631267058290542,0.17131173296365887,10.537712497433201
16.81300377845764,-30.55593572259725,-20.0,0.5931267058290541,0.10569825454149395,10.555935722597251
16.832817792892456,-30.574016607900322,-20.0,0.5407303971983493,0.11381135194096714,10.574016607900322
16.856354236602783,-30.591522106911057,-20.0,0.4917429862357676,0.04898228554520756,10.591522106911057
16.872884511947632,-30.608166598299736,-20.0,0.4917429862357676,0.04898228554520756,10.608166598299736
16.893619060516357,-30.623774386846193,-20.0,0.4763778932206333,0.01291787310037762,10.623774386846193
16.91328763961792,-30.640567108367158,-20.0,0.431607604008168,0.0,10.640567108367158
16.936613082885742,-30.65774029074553,-20.0,0.5016076040081681,0.03792471066117287,10.65774029074553
16.953250885009766,-30.67704148447502,-20.0,0.5016076040081681,0.03792471066117287,10.67704148447502
16.973021507263184,-30.71121016082792,-20.0,0.5480912883393467,0.09914296120405197,10.711210160827921
16.994081020355225,-30.740876278005242,-20.0,0.5378839342482389,0.16914296120405198,10.740876278005242
17.012840270996094,-30.799092652763044,-20.0,0.5378839342482389,0.16914296120405198,10.799092652763044
17.033326387405396,-30.894135975865662,-20.0,0.5695533572323621,0.11389583319425584,10.894135975865662
17.053510189056396,-31.01920276396971,-20.0,0.5706829164735974,0.1583099138736725,11.019202763969709
17.076520204544067,-31.159510793156286,-20.0,0.5709033576457296,0.2283099138736725,11.159510793156286
17.093913316726685,-31.3067072868485,-20.0,0.5709033576457296,0.2283099138736725,11.3067072868485
17.113960027694702,-31.45480902519169,-20.0,0.6409033576457297,0.2682254010438919,11.45480902519169
17.135662317276,-31.59731997508576,-20.0,0.586992729684571,0.21973096519708635,11.59731997508576
17.15322232246399,-31.72987546373503,-20.0,0.586992729684571,0.21973096519708635,11.72987546373503
17.17329430580139,-31.845073553809314,-20.0,0.656992729684571,0.14973096519708634,11.845073553809314
17.192723751068115,-31.933597760759252,-20.0,0.6314179077057636,0.17971246659755707,11.933597760759252
17.2126784324646,-32.01045673736352,-20.0,0.6314179077057636,0.17971246659755707,12.01045673736352
17.23265051841736,-32.04251286142891,-20.0,0.7,0.19972590886056424,12.04251286142891
17.25356364250183,-32.01480878838409,-20.0,0.7,0.21640456065535546,12.014808788384087
17.272796630859375,-31.93937754588343,-20.0,0.6299999999999999,0.27989931747317315,11.939377545883431
17.2934353351593,-31.832783928121636,-20.0,0.6299999999999999,0.27989931747317315,11.832783928121636
17.31301498413086,-31.70735479797923,-20.0,0.6651891331374644,0.2591740169376135,11.707354797979232
17.332831621170044,-31.572148561041974,-20.0,0.5951891331374644,0.1891740169376135,11.572148561041974
17.3527991771698,-31.433714683122005,-20.0,0.5951891331374644,0.1891740169376135,11.433714683122005
17.373637437820435,-31.296687359101636,-20.0,0.6296234107017515,0.17998668272048235,11.296687359101636
17.39277410507202,-31.164248340453035,-20.0,0.589454007744789,0.19939873274415731,11.164248340453035
17.413433074951172,-31.036170337081114,-20.0,0.589454007744789,0.19939873274415731,11.036170337081114
17.4330415725708,-30.924969744566898,-20.0,0.5194540077447889,0.1293987327441573,10.924969744566898
17.453722953796387,-30.81794969821813,-20.0,0.48675399065017677,0.1737233654782176,10.81794969821813
17.472754955291748,-30.716653879352997,-20.0,0.48675399065017677,0.1737233654782176,10.716653879352997
17.495107412338257,-30.622003637390357,-20.0,0.5287702360749242,0.16514881543815135,10.622003637390357
17.513492822647095,-30.53678012821202,-20.0,0.5287702360749242,0.16514881543815135,10.536780128212019
17.535913944244385,-30.462666647711274,-20.0,0.45877023607492423,0.09514881543815135,10.462666647711274
17.553040504455566,-30.398223228555437,-20.0,0.45877023607492423,0.09514881543815135,10.398223228555437
17.573827266693115,-30.344511192267408,-20.0,0.4942823630571363,0.05825663603842257,10.344511192267408
17.595326900482178,-30.30198488754625,-20.0,0.5009300621040162,0.09420636169612406,10.30198488754625
17.613105535507202,-30.268348749253235,-20.0,0.5009300621040162,0.09420636169612406,10.268348749253235
17.633989810943604,-30.24409037147121,-20.0,0.5163911539874968,0.13480765245854853,10.24409037147121
17.65628170967102,-30.229301277623506,-20.0,0.5299249185062942,0.13737392880953847,10.229301277623506
17.67409086227417,-30.216461008761435,-20.0,0.5299249185062942,0.13737392880953847,10.216461008761435
17.693127393722534,-30.212647226862668,-20.0,0.586507052723318,0.12631330442614852,10.212647226862668
17.712932586669922,-30.21520357793161,-20.0,0.516507052723318,0.11855573383159934,10.21520357793161
17.73296618461609,-30.222117126303555,-20.0,0.516507052723318,0.11855573383159934,10.222117126303555
17.753654956817627,-30.234191240881227,-20.0,0.5631059379316863,0.0720058548171073,10.234191240881227
17.774131298065186,-30.249531571720244,-20.0,0.534875302482396,0.09774831113405524,10.249531571720244
17.792932510375977,-30.266736259648642,-20.0,0.5744395059533414,0.0695099848229438,10.266736259648642
17.813166618347168,-30.28478246579399,-20.0,0.5744395059533414,0.0695099848229438,10.284782465793992
17.83401346206665,-30.305253916258568,-20.0,0.6093328659422692,0.11059444946236907,10.305253916258568
17.853023052215576,-30.336135763387617,-20.0,0.5568299804814156,0.0870048887003213,10.336135763387617
17.873749017715454,-30.38038362470833,-20.0,0.5568299804814156,0.0870048887003213,10.38038362470833
17.893737077713013,-30.418800747608515,-20.0,0.5034785334952172,0.13874271501787006,10.418800747608515
17.912951231002808,-30.475369229436623,-20.0,0.5734785334952173,0.15212706559337674,10.475369229436623
17.932826280593872,-30.55000347778654,-20.0,0.5734785334952173,0.15212706559337674,10.55000347778654
17.953585386276245,-30.642167920491115,-20.0,0.6170746931619939,0.14535065171308814,10.642167920491115
17.97277283668518,-30.746395857028812,-20.0,0.5470746931619939,0.21535065171308815,10.746395857028812
17.99387812614441,-30.856255944045728,-20.0,0.5470746931619939,0.21535065171308815,10.856255944045728
18.01362156867981,-30.96713266161447,-20.0,0.543859199993312,0.14535065171308814,10.967132661614471
18.032758474349976,-31.073477018668072,-20.0,0.543859199993312,0.14535065171308814,11.073477018668072
18.053417682647705,-31.171554244512933,-20.0,0.5037612928077575,0.16817761388607322,11.171554244512933
18.07571244239807,-31.256671771814066,-20.0,0.5620317211374637,0.1892997081298381,11.256671771814066
18.094285488128662,-31.32822813472013,-20.0,0.5620317211374637,0.1892997081298381,11.328228134720131
18.112807989120483,-31.390355195915877,-20.0,0.4920317211374637,0.2592997081298381,11.390355195915877
18.132819175720215,-31.4401032705807,-20.0,0.4920317211374637,0.2592997081298381,11.4401032705807
18.152771949768066,-31.477625690213596,-20.0,0.5620317211374637,0.1892997081298381,11.477625690213596
18.17278242111206,-31.50798385788008,-20.0,0.6320317211374638,0.18602762221358715,11.507983857880081
18.193944931030273,-31.527933093919312,-20.0,0.6320317211374638,0.18602762221358715,11.527933093919312
18.213799715042114,-31.51927959705163,-20.0,0.6375918603315947,0.11809792219661175,11.519279597051629
18.235466241836548,-31.474772827207648,-20.0,0.5675918603315946,0.18809792219661176,11.474772827207648
18.253555297851562,-31.404219698889797,-20.0,0.5675918603315946,0.18809792219661176,11.404219698889797
18.272864818572998,-31.31743470003532,-20.0,0.5675918603315946,0.18809792219661176,11.31743470003532
18.293540477752686,-31.221662571070016,-20.0,0.5312662268057462,0.18117770419456064,11.221662571070016
18.312772512435913,-31.122172221736886,-20.0,0.5318489740253423,0.25117770419456065,11.122172221736886
18.33740234375,-31.035792160336612,-20.0,0.5318489740253423,0.25117770419456065,11.035792160336612
18.352731943130493,-30.95004030029585,-20.0,0.559767612686846,0.1909998191986233,10.95004030029585
18.372699737548828,-30.866984757783225,-20.0,0.5246611251146529,0.17785137542523444,10.866984757783225
18.393335103988647,-30.787990944644037,-20.0,0.5246611251146529,0.17785137542523444,10.787990944644037
18.412763595581055,-30.71390020277195,-20.0,0.5027436944306825,0.1900191989261657,10.71390020277195
18.4328556060791,-30.64516769185468,-20.0,0.49502169756451586,0.1200191989261657,10.645167691854681
18.45301055908203,-30.581968341294008,-20.0,0.49502169756451586,0.1200191989261657,10.581968341294008
18.47378945350647,-30.524277827774814,-20.0,0.5120112136588428,0.05001919892616569,10.524277827774814
18.493244409561157,-30.471934071983593,-20.0,0.5116933124605563,0.017615074189379798,10.471934071983593
18.51421284675598,-30.424683583570033,-20.0,0.5116933124605563,0.017615074189379798,10.424683583570033
18.533769130706787,-30.384532408662416,-20.0,0.44169331246055626,0.0876150741893798,10.384532408662416
18.55751085281372,-30.349672133499446,-20.0,0.5116933124605563,0.07486586418934166,10.349672133499446
18.573760747909546,-30.322420225058263,-20.0,0.5116933124605563,0.07486586418934166,10.322420225058263
18.595070838928223,-30.30348750844383,-20.0,0.44169331246055626,0.14486586418934166,10.30348750844383
18.61325430870056,-30.293148457442907,-20.0,0.44169331246055626,0.14486586418934166,10.293148457442907
18.63386607170105,-30.291367231030698,-20.0,0.37169331246055626,0.07941193250007927,10.291367231030698
18.658826112747192,-30.300209742259305,-20.0,0.44169331246055626,0.009411932500079268,10.300209742259305
18.673725366592407,-30.320830946417573,-20.0,0.44169331246055626,0.009411932500079268,10.320830946417573
18.692800045013428,-30.351406278555924,-20.0,0.4926774194184687,0.013181675989180797,10.351406278555924
18.713192462921143,-30.390406091590943,-20.0,0.4926774194184687,0.013181675989180797,10.390406091590943
18.733678340911865,-30.434229548218216,-20.0,0.4226774194184687,0.037750609982758754,10.434229548218216
18.752866983413696,-30.472278192127995,-20.0,0.4812259369436648,0.0,10.472278192127995
18.773804903030396,-30.513283254788686,-20.0,0.4812259369436648,0.0,10.513283254788686
18.7930326461792,-30.557577452055977,-20.0,0.5109906432125714,0.00332775991410017,10.557577452055977
18.81281805038452,-30.607621545141374,-20.0,0.48281544567085766,0.0,10.607621545141374
18.833564519882202,-30.66960588888781,-20.0,0.48281544567085766,0.0,10.669605888887808
18.852807998657227,-30.754464542807668,-20.0,0.41281544567085765,0.06311841309070587,10.754464542807668
18.872785329818726,-30.871505588673465,-20.0,0.45768840015865825,0.13311841309070588,10.871505588673465
18.893712520599365,-31.028662422441965,-20.0,0.45768840015865825,0.13311841309070588,11.028662422441965
18.913684129714966,-31.22343913406764,-20.0,0.49511307255364917,0.0682551708817482,11.22343913406764
18.934134483337402,-31.446161601153804,-20.0,0.5010896302852776,0.10067862242460252,11.446161601153804
18.953119039535522,-31.682424815986355,-20.0,0.5010896302852776,0.10067862242460252,11.682424815986355
18.97296118736267,-31.887554571190293,-20.0,0.43108963028527764,0.1379025650024414,11.887554571190293
18.997745990753174,-32.09996536789669,-20.0,0.43108963028527764,0.1379025650024414,12.099965367896687
19.01284670829773,-32.30951902143977,-20.0,0.4864156189654019,0.07840472057461739,12.309519021439769
19.033971309661865,-32.509249046910504,-20.0,0.5564156189654019,0.018013182729482657,12.509249046910504
19.054073095321655,-32.694575560934375,-20.0,0.5564156189654019,0.018013182729482657,12.694575560934375
19.074108362197876,-32.86269706918471,-20.0,0.5046577617619183,0.08801318272948266,12.862697069184712
19.095481157302856,-33.012121144640815,-20.0,0.5255680881533769,0.11319913841784002,13.012121144640815
19.113147974014282,-33.14462029364739,-20.0,0.5255680881533769,0.11319913841784002,13.144620293647392
19.133114337921143,-33.26187171905305,-20.0,0.4702071823272851,0.0707712633162737,13.261871719053048
19.158236026763916,-33.36544222526065,-20.0,0.5402071823272852,0.1407712633162737,13.36544222526065
19.173038244247437,-33.45678064311019,-20.0,0.5402071823272852,0.1407712633162737,13.456780643110193
19.192952632904053,-33.537215677531314,-20.0,0.4990880017075685,0.14667344423010947,13.537215677531314
19.219067573547363,-33.60705142801968,-20.0,0.5690880017075686,0.1544873523898423,13.60705142801968
19.233126163482666,-33.66859076003594,-20.0,0.5690880017075686,0.1544873523898423,13.66859076003594
19.2539541721344,-33.72274569962692,-20.0,0.6269500003848223,0.10306285278871657,13.72274569962692
19.273010969161987,-33.77034433710964,-20.0,0.5569500003848222,0.17306285278871658,13.770344337109641
19.29406976699829,-33.809818290369755,-20.0,0.5569500003848222,0.17306285278871658,13.809818290369755
19.31361699104309,-33.84029231708127,-20.0,0.5621245012525466,0.10306285278871657,13.840292317081271
19.332927465438843,-33.859079335081304,-20.0,0.549686657534912,0.17306285278871658,13.859079335081304
19.352962017059326,-33.864620959572164,-20.0,0.549686657534912,0.17306285278871658,13.864620959572164
19.37294340133667,-33.853867499833356,-20.0,0.5684540125448254,0.14396851064637306,13.853867499833356
19.392791032791138,-33.82513015560186,-20.0,0.5641203544009474,0.14130263586528602,13.825130155601862
19.41354990005493,-33.78465892689091,-20.0,0.5641203544009474,0.14130263586528602,13.784658926890913
19.432985544204712,-33.74952077284454,-20.0,0.5722951891738919,0.17548281510360542,13.74952077284454
19.452833890914917,-33.70659634418186,-20.0,0.6211561898607758,0.24548281510360542,13.706596344181861
19.473552703857422,-33.65707864226011,-20.0,0.6211561898607758,0.24548281510360542,13.65707864226011
19.49326205253601,-33.6042864155694,-20.0,0.6167916336935011,0.21208321084268394,13.604286415569398
19.513675212860107,-33.55061110159873,-20.0,0.546791633693501,0.2595519811380655,13.550611101598733
19.532752990722656,-33.49773701968698,-20.0,0.4823429045360532,0.18955198113806548,13.49773701968698
19.55284309387207,-33.43986390443804,-20.0,0.4823429045360532,0.18955198113806548,13.439863904438042
19.573954343795776,-33.363829361704035,-20.0,0.5066098609101024,0.11955198113806548,13.363829361704035
19.593111991882324,-33.25402064840347,-20.0,0.552737843347713,0.08929913890548052,13.254020648403468
19.6131694316864,-33.10279992157305,-20.0,0.552737843347713,0.08929913890548052,13.102799921573052
19.63286781311035,-32.91753523463914,-20.0,0.550695566795766,0.15929913890548053,12.91753523463914
19.653658151626587,-32.75668370341105,-20.0,0.6206955667957661,0.22929913890548054,12.75668370341105
19.67391085624695,-32.5738515044232,-20.0,0.6206955667957661,0.22929913890548054,12.573851504423203
19.693729162216187,-32.38057048706145,-20.0,0.6137474938668308,0.15929913890548053,12.380570487061448
19.716407775878906,-32.18744217375517,-20.0,0.6146537680551407,0.13735226911492648,12.187442173755173
19.732988834381104,-32.00182614995957,-20.0,0.6146537680551407,0.13735226911492648,12.00182614995957
19.755478858947754,-31.826319905991603,-20.0,0.5943959597870705,0.2073522691149265,11.826319905991603
19.77285146713257,-31.66014481752207,-20.0,0.5943959597870705,0.2073522691149265,11.66014481752207
19.79343295097351,-31.507146841890023,-20.0,0.6628078986331818,0.13735226911492648,11.507146841890023
19.812713384628296,-31.36733367628541,-20.0,0.5928078986331817,0.1597821749467403,11.367333676285408
19.835355520248413,-31.240363182758202,-20.0,0.6353503934666511,0.13356684331782165,11.240363182758202
19.852637767791748,-31.125659251727527,-20.0,0.6353503934666511,0.13356684331782165,11.125659251727527
19.873004913330078,-31.026070370276262,-20.0,0.6526697616651651,0.19996223782189193,11.026070370276262
19.89447784423828,-30.938349183387775,-20.0,0.6766598116233942,0.2538056764472276,10.938349183387775
19.91686177253723,-30.86118294739284,-20.0,0.7,0.19399193112738433,10.861182947392841
19.932792901992798,-30.7933816816264,-20.0,0.7,0.19399193112738433,10.7933816816264
19.953598260879517,-30.736188384101155,-20.0,0.7,0.26399193112738434,10.736188384101155
19.9746675491333,-30.68555414886071,-20.0,0.7,0.26399193112738434,10.68555414886071
19.992825508117676,-30.6408101697797,-20.0,0.7,0.301556756393984,10.640810169779702
20.013541221618652,-30.599020322055903,-20.0,0.7,0.23600723375566307,10.599020322055903
20.03260827064514,-30.56038372314252,-20.0,0.7,0.3021905474830419,10.560383723142522
20.053404331207275,-30.52032287641912,-20.0,0.7,0.3021905474830419,10.520322876419119
20.07260227203369,-30.485541026491866,-20.0,0.7,0.2321905474830419,10.485541026491866
20.092633724212646,-30.447813736191993,-20.0,0.7,0.19060399566777053,10.447813736191993
20.112671613693237,-30.409034899393998,-20.0,0.6867632472887635,0.19017300315434116,10.409034899393998
20.13264536857605,-30.361282298769684,-20.0,0.6867632472887635,0.19017300315434116,10.361282298769684
20.153146505355835,-30.290024427496153,-20.0,0.6308498399332165,0.16179878384107726,10.290024427496153
20.173632860183716,-30.19736920472038,-20.0,0.5809508802369237,0.18289270185166973,10.197369204720381
20.192665576934814,-30.092293718997286,-20.0,0.5627237947657704,0.13739864461356777,10.092293718997286
20.21337628364563,-29.983676963104912,-20.0,0.5627237947657704,0.13739864461356777,9.983676963104912
20.23356008529663,-29.87546309333526,-20.0,0.5387864315882325,0.12712095704162496,9.87546309333526
20.252718448638916,-29.77269737350496,-20.0,0.6040569821372628,0.15504654523218053,9.772697373504961
20.274245977401733,-29.67874055968704,-20.0,0.6040569821372628,0.15504654523218053,9.67874055968704
20.29290246963501,-29.59716485509895,-20.0,0.576555691473186,0.11641363453352827,9.59716485509895
20.313223123550415,-29.52486870003082,-20.0,0.5684227569028735,0.0847883748658933,9.524868700030819
20.333285808563232,-29.463239643981844,-20.0,0.562954581156373,0.1547883748658933,9.463239643981844
20.357580423355103,-29.41296032141149,-20.0,0.5651817883364856,0.22478837486589331,9.41296032141149
20.37323498725891,-29.37420575583272,-20.0,0.5651817883364856,0.22478837486589331,9.374205755832719
20.39262819290161,-29.35142647757375,-20.0,0.5881630203686654,0.1547883748658933,9.35142647757375
20.414817810058594,-29.3496090589654,-20.0,0.6248806326650083,0.22478837486589331,9.349609058965399
20.43338680267334,-29.364715583699827,-20.0,0.6248806326650083,0.22478837486589331,9.364715583699827
20.45300579071045,-29.38886266925487,-20.0,0.6430250613950192,0.15501514043891806,9.38886266925487
20.473894119262695,-29.420969105596463,-20.0,0.6001558921299874,0.17555440183961768,9.420969105596463
20.495903730392456,-29.45544144138699,-20.0,0.5914053146727383,0.18778806705260653,9.455441441386991
20.51298427581787,-29.485371203440863,-20.0,0.5914053146727383,0.18778806705260653,9.485371203440863
20.53257966041565,-29.514318005348997,-20.0,0.5526603658683598,0.1411134168901481,9.514318005348997
20.553431510925293,-29.539502824408313,-20.0,0.48266036586835975,0.2061907366313972,9.539502824408313
20.57693338394165,-29.56141090059116,-20.0,0.5526603658683598,0.1361907366313972,9.56141090059116
20.592694759368896,-29.580465630294114,-20.0,0.5526603658683598,0.1361907366313972,9.580465630294114
20.613168954849243,-29.59703629600958,-20.0,0.6086082172580063,0.1419086586334743,9.59703629600958
20.633973598480225,-29.613761209454704,-20.0,0.6086082172580063,0.1419086586334743,9.613761209454704
20.6527042388916,-29.627836128952335,-20.0,0.5854975407011807,0.12826781716430563,9.627836128952335
20.673510313034058,-29.639699471519737,-20.0,0.593437712918967,0.11355667464667935,9.639699471519737
20.6930673122406,-29.652030386994284,-20.0,0.5669648277573287,0.1649697227054276,9.652030386994284
20.715235233306885,-29.6643610894901,-20.0,0.5669648277573287,0.1649697227054276,9.6643610894901
20.733566761016846,-29.675066920214757,-20.0,0.5764198864810168,0.21587311752373356,9.675066920214757
20.753396034240723,-29.685661745268824,-20.0,0.6455910990945994,0.23844832644099373,9.685661745268824
20.7726891040802,-29.69821659055251,-20.0,0.5755910990945994,0.2122901184135117,9.698216590552509
20.79644465446472,-29.711801945906643,-20.0,0.5945165666006504,0.14874341614777226,9.711801945906643
20.813884735107422,-29.72574503278643,-20.0,0.5945165666006504,0.14874341614777226,9.725745032786431
20.832977056503296,-29.737252776323807,-20.0,0.6127951989136635,0.07874341614777225,9.737252776323807
20.852749347686768,-29.746765692689145,-20.0,0.6547993110679089,0.08365082208300012,9.746765692689145
20.873438119888306,-29.752325981165296,-20.0,0.6547993110679089,0.08365082208300012,9.752325981165296
20.893237352371216,-29.75499431087038,-20.0,0.6639619801379739,0.14680396232986825,9.75499431087038
20.912803649902344,-29.755583619077377,-20.0,0.5939619801379739,0.15513107579434293,9.755583619077377
20.932686805725098,-29.75702969657768,-20.0,0.5879784370213745,0.08513107579434293,9.757029696577678
20.95269751548767,-29.756716409954784,-20.0,0.5879784370213745,0.08513107579434293,9.756716409954784
20.972593784332275,-29.756444406510198,-20.0,0.5179784370213745,0.015131075794342919,9.756444406510198
20.993570804595947,-29.75726954783617,-20.0,0.52833632171154,0.01171833735192196,9.75726954783617
21.01262617111206,-29.75883499793115,-20.0,0.4908214227855203,0.0,9.75883499793115
21.0325825214386,-29.76318974281874,-20.0,0.4908214227855203,0.0,9.763189742818739
21.05349636077881,-29.78094884885067,-20.0,0.4867343169264493,0.0,9.78094884885067
21.073817014694214,-29.833030151315715,-20.0,0.44385260833427287,0.07,9.833030151315715
21.092615604400635,-29.933058211297677,-20.0,0.37385260833427286,0.14,9.933058211297677
21.112793445587158,-30.08691640243964,-20.0,0.37385260833427286,0.14,10.086916402439641
21.13357138633728,-30.29032346926674,-20.0,0.44385260833427287,0.07,10.290323469266738
21.152735948562622,-30.534367184009017,-20.0,0.5138526083342729,0.0,10.534367184009017
21.17429280281067,-30.80020457275536,-20.0,0.5138526083342729,0.0,10.800204572755359
21.192692518234253,-31.031011380815777,-20.0,0.5049461097829042,0.05280166491866112,11.031011380815777
21.213189840316772,-31.27456566825161,-20.0,0.5211586364917455,0.12280166491866112,11.274565668251611
21.234913110733032,-31.520555257959764,-20.0,0.5259569719806312,0.05280166491866112,11.520555257959764
21.252641439437866,-31.761753331452937,-20.0,0.5259569719806312,0.05280166491866112,11.761753331452937
21.27258825302124,-31.993266561975833,-20.0,0.5121240526810287,0.1044834740459919,11.993266561975833
21.292699337005615,-32.21195138355878,-20.0,0.47003842744976265,0.1744834740459919,12.211951383558777
21.316506147384644,-32.41364608008516,-20.0,0.5400384274497627,0.13827646493911744,12.413646080085158
21.33266043663025,-32.598224126031056,-20.0,0.5400384274497627,0.13827646493911744,12.598224126031056
21.353224515914917,-32.76373239866767,-20.0,0.5325281900539993,0.06827646493911743,12.76373239866767
21.374170303344727,-32.90931687902956,-20.0,0.5325281900539993,0.06827646493911743,12.90931687902956
21.392624139785767,-33.03259312360526,-20.0,0.5324202633590902,0.0639022896066308,13.03259312360526
21.41380476951599,-33.13962470653787,-20.0,0.5627809043170418,0.05400829762220383,13.139624706537873
21.432884454727173,-33.22310408065535,-20.0,0.49278090431704175,0.02917281724512577,13.223104080655347
21.455251693725586,-33.28802446152922,-20.0,0.49278090431704175,0.02917281724512577,13.288024461529218
21.473475456237793,-33.338343159248296,-20.0,0.42278090431704174,0.09067321382462978,13.338343159248296
21.492674589157104,-33.37487732165988,-20.0,0.35278090431704173,0.020673213824629777,13.37487732165988
21.513222694396973,-33.40319050979487,-20.0,0.3344466422440017,0.019536925777792924,13.403190509794868
21.536163091659546,-33.42736372714206,-20.0,0.40444664224400173,0.08953692577779293,13.427363727142058
21.55318856239319,-33.44802431924514,-20.0,0.40444664224400173,0.08953692577779293,13.448024319245143
21.5726637840271,-33.468016950987725,-20.0,0.47444664224400174,0.09146889531984925,13.468016950987725
21.593120336532593,-33.48933507493789,-20.0,0.5444466422440017,0.16146889531984926,13.489335074937891
21.612664699554443,-33.507844014428976,-20.0,0.47444664224400174,0.23146889531984927,13.507844014428976
21.63334012031555,-33.52939830484306,-20.0,0.47444664224400174,0.23146889531984927,13.529398304843063
21.653286695480347,-33.552499775361554,-20.0,0.5421603499294723,0.26777059385553004,13.552499775361554
21.67271590232849,-33.5760670500933,-20.0,0.5731264883966649,0.33777059385553004,13.5760670500933
21.69260835647583,-33.59933675029175,-20.0,0.643126488396665,0.3101352523453534,13.599336750291748
21.713155508041382,-33.61483744631541,-20.0,0.643126488396665,0.3101352523453534,13.614837446315413
21.732601404190063,-33.603686292163495,-20.0,0.6834971725137438,0.24013525234535338,13.603686292163495
21.75391149520874,-33.5326229065585,-20.0,0.6238860569091047,0.17013525234535337,13.532622906558501
21.77263569831848,-33.368542519812,-20.0,0.5880752547772135,0.19831651465967298,13.368542519812003
21.793132305145264,-33.09553535627632,-20.0,0.5880752547772135,0.19831651465967298,13.095535356276322
21.813088417053223,-32.735534075944564,-20.0,0.5691468089015688,0.20167678355239332,12.735534075944564
21.83286428451538,-32.422971773091376,-20.0,0.6044017865450586,0.18657229508273304,12.422971773091376
21.852545499801636,-32.05322160906274,-20.0,0.5808645456226076,0.11657229508273304,12.053221609062739
21.873510599136353,-31.653494602405537,-20.0,0.5808645456226076,0.11657229508273304,11.653494602405537
21.892741918563843,-31.24348103044859,-20.0,0.617217276910087,0.18657229508273304,11.243481030448589
21.912729263305664,-30.839444823806485,-20.0,0.6397119115234817,0.12984272132627667,10.839444823806485
21.93407106399536,-30.450208709405207,-20.0,0.5851831498683895,0.12275996238924564,10.450208709405207
21.95270347595215,-30.083827073887946,-20.0,0.5851831498683895,0.12275996238924564,10.083827073887946
21.973434448242188,-29.74760835727349,-20.0,0.6032389166892971,0.1728522162232548,9.747608357273489
21.99676537513733,-29.45973200691779,-20.0,0.6032389166892971,0.1728522162232548,9.45973200691779
22.013209581375122,-29.233867401248485,-19.99999976822907,0.5788957278372253,0.16164079581387342,9.233867633019415
22.03356957435608,-29.07092566574752,-19.99999976822907,0.5788957278372253,0.16164079581387342,9.07092589751845
22.053528308868408,-28.929455490885527,-19.99998522230866,0.6202836546243633,0.20524955813772977,8.929470268576868
22.073861360549927,-28.835471566640095,-19.999921098451786,0.5502836546243632,0.18145745520479978,8.835550468188309
22.096359968185425,-28.776947598866553,-19.999770832347323,0.5963127045275176,0.21475461770780385,8.77717676651923
22.114042043685913,-28.746912163765757,-19.999770832347323,0.5963127045275176,0.21475461770780385,8.747141331418433
22.132742404937744,-28.73745588649662,-19.99937432498196,0.6363343997241462,0.26667204399593175,8.738081561514658
22.15802240371704,-28.742542708602482,-19.99906840227186,0.5663343997241461,0.30779427562840284,8.743474306330622
22.17363953590393,-28.757596820196458,-19.99906840227186,0.5663343997241461,0.30779427562840284,8.758528417924598
22.192569732666016,-28.776860918363045,-19.998445887326607,0.5747650268988216,0.25558886949904264,8.778415031036438
22.21286630630493,-28.796225139447692,-19.99818965179986,0.5747650268988216,0.25558886949904264,8.798035487647834
22.232649326324463,-28.812832213877773,-19.997596522536764,0.6123148913995826,0.28577574056573213,8.815235691341009
22.252720594406128,-28.822453854362273,-19.99648650429372,0.6823148913995827,0.35577574056573213,8.825967350068552
22.273118495941162,-28.83080760828306,-19.99605281098438,0.6823148913995827,0.35577574056573213,8.834754797298679
22.293334245681763,-28.820324825786066,-19.99454361067846,0.7,0.31299196240492166,8.825781215107607
22.312910318374634,-28.7831367379331,-19.993352008528156,0.6299999999999999,0.24299196240492166,8.789784729404943
22.332790851593018,-28.719114363504815,-19.99269699121468,0.6299999999999999,0.24299196240492166,8.726417372290136
22.352940797805786,-28.635824373695282,-19.99048095022711,0.6684558513760566,0.2415514682000503,8.645343423468173
22.37293267250061,-28.529764833817797,-19.988782793679775,0.6997298571467399,0.2605579384183511,8.540982040138022
22.39274311065674,-28.40373615383071,-19.98786401960342,0.6997298571467399,0.2605579384183511,8.415872134227289
22.412785291671753,-28.267158772491474,-19.98481526266064,0.7,0.2843841687357053,8.282343509830834
22.43274211883545,-28.126853952059054,-19.981304271320884,0.6862639959901571,0.23607722302433104,8.14554968073817
22.45306658744812,-27.987657844033407,-19.980026042186243,0.6862639959901571,0.23607722302433104,8.007631801847165
22.473751544952393,-27.85521667266506,-19.977301163287137,0.7,0.21438375493045897,7.877915509377921
22.49269986152649,-27.740227866299374,-19.97277657921899,0.7,0.21878596540074796,7.767451287080384
22.5144784450531,-27.631121603580983,-19.969456218028608,0.7,0.1879522069869563,7.661665385552375
22.53288722038269,-27.528976724491255,-19.967701679908387,0.7,0.1879522069869563,7.561275044582867
22.55263590812683,-27.43667545172114,-19.96399867568447,0.6676030203700065,0.14196942146401853,7.472676776036671
22.575273990631104,-27.353643945449285,-19.957943900930008,0.6386264681816101,0.07999939988832921,7.395700044519277
22.59263324737549,-27.281555672141632,-19.95578816244391,0.6386264681816101,0.07999939988832921,7.325767509697723
22.61332941055298,-27.218968233020995,-19.94889444111749,0.5991803936660289,0.14999939988832922,7.270073791903506
22.63341975212097,-27.169262068824427,-19.94889444111749,0.5991803936660289,0.14999939988832922,7.220367627706938
22.653233766555786,-27.14139472713606,-19.93867076896893,0.6670822583138942,0.16267605892848225,7.20272395816713
22.674558639526367,-27.14332873340072,-19.93867076896893,0.6670822583138942,0.16267605892848225,7.204657964431789
22.693562507629395,-27.186758334819046,-19.933099135846554,0.6200949817895889,0.18023012227844448,7.253659198972493
22.712565898895264,-27.22446502358082,-19.92721078759793,0.690094981789589,0.17868810285348447,7.297254235982891
22.732612133026123,-27.299868684039357,-19.917768014025835,0.7,0.21885806832928212,7.382100670013521
22.756981372833252,-27.404101363827117,-19.90757080223502,0.7,0.2632776512624696,7.496530561592095
22.773041248321533,-27.525611074910163,-19.90757080223502,0.7,0.2632776512624696,7.618040272675142
22.793274402618408,-27.655918698206413,-19.89659470252659,0.647024680674076,0.1932776512624696,7.759323995679825
22.81265091896057,-27.788902935538786,-19.888832736463392,0.6048883616924285,0.21042432617861778,7.900070199075394
22.832696676254272,-27.91792516305538,-19.884815758032946,0.6048883616924285,0.21042432617861778,8.033109405022433
22.852636575698853,-28.038478740927676,-19.876505494837073,0.6094646330922842,0.18038366158027203,8.161973246090604
22.872743129730225,-28.14765663571005,-19.86333656782274,0.656005098298192,0.11038366158027202,8.284320067887311
22.892666578292847,-28.246055831879833,-19.854078471892777,0.6552768680732697,0.12126536958385259,8.391977359987056
22.91365671157837,-28.33437505462579,-19.849303298962152,0.6552768680732697,0.12126536958385259,8.48507175566364
22.933682918548584,-28.413365281415125,-19.834383514272783,0.5852768680732696,0.1031073882477358,8.578981767142341
22.952601671218872,-28.48194661302988,-19.82393374944935,0.6281042507570236,0.07983321056235582,8.658012863580531
22.972683429718018,-28.543338054265924,-19.813074015756122,0.6540230828057974,0.14983321056235582,8.730264038509802
22.993380784988403,-28.600433921559986,-19.807488464340555,0.6540230828057974,0.14983321056235582,8.792945457219432
23.013296127319336,-28.65304141176342,-19.790099870074844,0.6265642008464782,0.09173396677244455,8.862941541688578
23.033569812774658,-28.70577759445296,-19.777973305482796,0.5877356639783828,0.13257760629523546,8.927804288970165
23.052754640579224,-28.757213307932243,-19.758967363227494,0.5305666140001266,0.10360918641556055,8.998245944704749
23.073146104812622,-28.80870650627486,-19.752411507096944,0.5305666140001266,0.10360918641556055,9.056294999177915
23.092955827713013,-28.87278062321168,-19.73896467578593,0.6005666140001267,0.14128744677174837,9.133815947425749
23.113457679748535,-28.967068014229255,-19.717946059269806,0.5873636692296713,0.14982201699633152,9.249121954959449
23.135218143463135,-29.09143776024542,-19.703359978807004,0.5584652475547045,0.12969188932795078,9.388077781438415
23.153311491012573,-29.199418749047055,-19.695892791555384,0.5584652475547045,0.12969188932795078,9.503525957491672
23.17321801185608,-29.32949256918499,-19.680606769200615,0.6284652475547046,0.16321341116447002,9.648885799984374
23.19358205795288,-29.47148355579091,-19.680606769200615,0.6284652475547046,0.16321341116447002,9.790876786590296
23.213118076324463,-29.61800981558008,-19.656788723329054,0.5584652475547045,0.23321341116447003,9.961221092251026
23.2330265045166,-29.7638245033348,-19.631888336633327,0.5778173613827675,0.18493865568656476,10.131936166701472
23.25347352027893,-29.905302016479364,-19.60588855596342,0.5590826026629656,0.11493865568656475,10.299413460515943
23.272648096084595,-30.03772204012789,-19.60588855596342,0.5590826026629656,0.11493865568656475,10.431833484164468
23.29270052909851,-30.16036099321846,-19.58793637625969,0.6218300587963312,0.044938655686564744,10.57242461695877
23.313456296920776,-30.268341373416686,-19.55052484020051,0.5907528824638575,0.06243029062170535,10.717816533216176
23.336339950561523,-30.363294384377866,-19.55052484020051,0.5907528824638575,0.06243029062170535,10.812769544177357
23.352701425552368,-30.446696363162307,-19.531056127130462,0.5333197354804724,0.07990474451798946,10.915640236031845
23.373342514038086,-30.519108090496598,-19.500886554973064,0.4633197354804724,0.1338931192876771,11.018221535523534
23.39259696006775,-30.582746881249374,-19.480122697355203,0.44020774203352625,0.0638931192876771,11.102624183894171
23.412981271743774,-30.63861496841399,-19.469543893120665,0.44020774203352625,0.0638931192876771,11.169071075293324
23.433634996414185,-30.689929627560524,-19.44798986643849,0.5019947922509163,0.018003007811494165,11.241939761122033
23.452637672424316,-30.73904552043333,-19.414659938802636,0.4903584363590925,0.0,11.324385581630693
23.472705602645874,-30.787656097239008,-19.391768086481537,0.5603584363590925,0.0,11.39588801075747
23.493415117263794,-30.834634564808834,-19.380119085333742,0.5603584363590925,0.0,11.454515479475091
23.513425827026367,-30.883873984898646,-19.344353904791504,0.5281393207143992,0.07,11.539520080107142
23.532676458358765,-30.93570246674963,-19.319823843987212,0.5415471219923347,0.0410482843220234,11.615878622762416
23.552693128585815,-30.990279674170328,-19.281989490965245,0.5277839559596031,0.11030298069119454,11.708290183205083
23.572803258895874,-31.063858500735456,-19.269099079948212,0.5277839559596031,0.11030298069119454,11.794759420787244
23.59332036972046,-31.127741516515957,-19.242897144577313,0.5303798597771674,0.07307981297373772,11.884844371938645
23.613410472869873,-31.231957360165477,-19.20253494828992,0.4852889422792941,0.14307981297373773,12.029422411875558
23.63520097732544,-31.386920827974993,-19.174915677993706,0.42912265849299724,0.11960050590336324,12.212005149981287
23.65342950820923,-31.58231394874598,-19.16089146026333,0.42912265849299724,0.11960050590336324,12.421422488482651
23.6734139919281,-31.80063915011347,-19.13241184240527,0.49912265849299725,0.049600505903363235,12.6682273077082
23.693760633468628,-32.02682224019633,-19.13241184240527,0.49912265849299725,0.049600505903363235,12.894410397791063
23.71281409263611,-32.25018588656945,-19.088608559215647,0.42912265849299724,0.08387268118560315,13.1615773273538
23.733593940734863,-32.46338812927886,-19.043495478627705,0.49912265849299725,0.14351340167224408,13.419892650651157
23.753427505493164,-32.66159718937362,-18.997062655182503,0.49530503245070573,0.15497962076216937,13.66453453419112
23.776318311691284,-32.84185215151151,-18.965369519578875,0.48293812943622466,0.18554714385420085,13.876482631932635
23.7936589717865,-33.0025696002,-18.965369519578875,0.48293812943622466,0.18554714385420085,14.037200080621123
23.813153743743896,-33.14210859246267,-18.900200002629976,0.5529381294362247,0.1512089489772916,14.241908589832693
23.835695266723633,-33.25968325463842,-18.866718397502726,0.544438931774348,0.2212089489772916,14.392964857135691
23.853410482406616,-33.347321514937214,-18.866718397502726,0.544438931774348,0.2212089489772916,14.480603117434487
23.87357807159424,-33.39795875095403,-18.832635541729847,0.48933231798931953,0.1512089489772916,14.565323209224186
23.89279270172119,-33.40766317232041,-18.78037864480903,0.5339323241822421,0.09173729706555606,14.627284527511382
23.91701078414917,-33.377098962476815,-18.762656483210993,0.5339323241822421,0.09173729706555606,14.614442479265822
23.93355965614319,-33.319370466157636,-18.726755674809834,0.49988405747339126,0.02173729706555605,14.592614791347803
23.952606201171875,-33.237346572329045,-18.671759181496512,0.5123194015212357,0.0,14.565587390832533
23.972662448883057,-33.13829295389683,-18.63432827872791,0.46494942592456934,0.0,14.50396467516892
23.993274450302124,-33.03002136970238,-18.61538209826035,0.46494942592456934,0.0,14.41463927144203
24.01295518875122,-32.920517001114014,-18.557617739295424,0.47717552786692974,0.07,14.36289926181859
24.032838106155396,-32.825442512526294,-18.518334327468008,0.40717552786692973,0.04726996243000031,14.307108185058286
24.0528404712677,-32.73281259034287,-18.478429761212986,0.39413476547226306,0.07293614901602269,14.25438282912988
24.07373833656311,-32.64663821597348,-18.45824401027188,0.39413476547226306,0.07293614901602269,14.188394205701602
24.0930278301239,-32.574167899481786,-18.396750428755464,0.43212601726874705,0.04280693985521794,14.177417470726322
24.113346815109253,-32.52702418933123,-18.3549724772505,0.4787817429564893,0.10766358830034733,14.17205171208073
24.132742404937744,-32.51956144440591,-18.29112849532079,0.48413168730214234,0.17766358830034734,14.228432949085118
24.153242111206055,-32.55143874144039,-18.269532585616496,0.48413168730214234,0.17766358830034734,14.281906155823897
24.17339038848877,-32.612117086845174,-18.225867894770538,0.5373964207060635,0.24766358830034735,14.386249192074636
24.193077087402344,-32.6888845572359,-18.181571659510478,0.4673964207060635,0.17766358830034734,14.507312897725424
24.212660312652588,-32.77480402037058,-18.113940562220197,0.5373964207060635,0.17135431231930853,14.660863458150384
24.233582496643066,-32.86018318402374,-18.09107983933896,0.5373964207060635,0.17135431231930853,14.76910334468478
24.253339052200317,-32.93431155374098,-18.044882072744272,0.5370197199040558,0.1817594942264259,14.88942948099671
24.272666692733765,-33.000348006369435,-17.998048397625183,0.5590409762912896,0.11374492464587094,15.002299608744252
24.292629718780518,-33.03817645533697,-17.926603571677663,0.48904097629128956,0.14462935632094742,15.11157288365931
24.313332080841064,-33.025302687286576,-17.902469727107718,0.48904097629128956,0.14462935632094742,15.122832960178858
24.3332941532135,-32.9543879577406,-17.853723107158444,0.423905661230674,0.0869662136398256,15.100664850582156
24.353097677230835,-32.84039536648808,-17.77940455228021,0.3976258671784308,0.01696621363982559,15.060990814207873
24.373995304107666,-32.7018023464604,-17.77940455228021,0.3976258671784308,0.01696621363982559,14.922397794180188
24.393457651138306,-32.54745860639382,-17.703645800284626,0.4213337655120995,0.0,14.843812806109192
24.4126980304718,-32.38624243738063,-17.652338970729502,0.3654159213358071,0.06651385873556137,14.733903466651128
24.433274507522583,-32.226817996839635,-17.574176136686297,0.4354159213358071,0.13651385873556138,14.652641860153338
24.454838275909424,-32.0774723661834,-17.52126533550846,0.452292278012028,0.1579893321543932,14.55620703067494
24.47269582748413,-31.94369596397752,-17.494569152833623,0.452292278012028,0.1579893321543932,14.449126811143898
24.492995023727417,-31.827547876108632,-17.44069508356512,0.382292278012028,0.0879893321543932,14.386852792543511
24.513393878936768,-31.730365614915744,-17.35867942332213,0.4112872703874018,0.06650106608867645,14.371686191593614
24.535353899002075,-31.65818326618085,-17.303199143177952,0.4812872703874018,0.0,14.354984123002897
24.557098150253296,-31.60526772539732,-17.24707630068932,0.5170236747467425,0.07,14.358191424708
24.57356905937195,-31.564812767639776,-17.218773932320723,0.5170236747467425,0.07,14.346038835319053
24.592655420303345,-31.536395221133617,-17.13290320061232,0.4822752248251345,0.14,14.403492020521298
24.612943410873413,-31.517087566269,-17.13290320061232,0.4822752248251345,0.14,14.384184365656683
24.63584876060486,-31.504616315004867,-17.07485323831091,0.5107380687945988,0.21000000000000002,14.429763076693956
24.652652978897095,-31.497222174360903,-17.01616130349512,0.5147244414070156,0.14,14.481060870865782
24.672725439071655,-31.493549367160224,-16.926920387698516,0.5591388834395912,0.21000000000000002,14.566628979461708
24.693156719207764,-31.490360542177374,-16.836237028435153,0.5748687280097511,0.28,14.65412351374222
24.71598243713379,-31.487473154418762,-16.836237028435153,0.5748687280097511,0.28,14.651236125983608
24.733108043670654,-31.48023853968477,-16.774980878493615,0.6103066919127014,0.3233180704712868,14.705257661191155
24.75278902053833,-31.467858745609302,-16.650549714450765,0.5403066919127013,0.2533180704712868,14.817309031158537
24.773635864257812,-31.447598782669584,-16.650549714450765,0.5403066919127013,0.2533180704712868,14.797049068218818
24.79719614982605,-31.41545031360963,-16.587375987912154,0.48801954173832196,0.2756101368367672,14.828074325697475
24.81301712989807,-31.359677153813866,-16.523564457247904,0.558019541738322,0.21150137767195704,14.836112696565962
24.833210706710815,-31.26116846497811,-16.394031218914353,0.5883601853379514,0.18294771298766138,14.867137246063756
24.85728645324707,-31.10082747898654,-16.328311277093583,0.5244223573931959,0.18658050479367377,14.772516201892959
24.872748374938965,-30.894815715157936,-16.328311277093583,0.5244223573931959,0.18658050479367377,14.566504438064353
24.89350914955139,-30.662511341199075,-16.228542421588728,0.45442235739319586,0.2565805047936738,14.433968919610347
24.912721633911133,-30.46081875271567,-16.161238745103258,0.41656002671807074,0.18658050479367377,14.299580007612413
24.932990074157715,-30.242952337239856,-16.12734998817604,0.41656002671807074,0.18658050479367377,14.115602349063817
24.953707218170166,-30.019593744371456,-16.024737792231658,0.4205929044575896,0.11658050479367377,13.994855952139797
24.972718715667725,-29.800623332664728,-15.9555429199044,0.48841089791967535,0.18441281082108618,13.845080412760328
24.992722034454346,-29.590471807630696,-15.920709938617147,0.48841089791967535,0.18441281082108618,13.669761869013549
25.013474941253662,-29.394300577848952,-15.815270818855254,0.5244655314774718,0.2544128108210862,13.579029758993698
25.03271722793579,-29.215326207488083,-15.744196332823076,0.5944655314774718,0.18441281082108618,13.471129874665007
25.05271887779236,-29.05764598573641,-15.708425108305663,0.5944655314774718,0.18441281082108618,13.349220877430747
25.07300043106079,-28.91659556018285,-15.600177763340746,0.5405661389918532,0.1585332694090903,13.316417796842103
25.092654705047607,-28.79081323451966,-15.527236754516618,0.47056613899185323,0.18186582798138262,13.263576480003042
25.11264157295227,-28.678950811996234,-15.490534018521306,0.47056613899185323,0.18186582798138262,13.188416793474929
25.132980585098267,-28.581829000778118,-15.379499383772341,0.48928948342218065,0.16581054205074908,13.202329617005777
25.15353035926819,-28.495381367835062,-15.304706421720022,0.4734924849064555,0.14374972866848112,13.19067494611504
25.172696352005005,-28.418626128356305,-15.229299630836042,0.5207065980823244,0.09417585270479323,13.189326497520263
25.192630290985107,-28.350625911830747,-15.115042539383667,0.45070659808232444,0.1522348559089005,13.23558337244708
25.21342945098877,-28.290498901350666,-15.076651946870015,0.45070659808232444,0.1522348559089005,13.213846954480651
25.23267674446106,-28.237425106644686,-14.999414876897852,0.5207065980823244,0.20338753597810866,13.238010229746834
25.252905130386353,-28.190649091769274,-14.921571623569964,0.5043015614093747,0.27338753597810866,13.26907746819931
25.273345708847046,-28.15179651647154,-14.803674628097635,0.49172196108265775,0.20338753597810866,13.348121888373903
25.29355502128601,-28.11947136269707,-14.803674628097635,0.49172196108265775,0.20338753597810866,13.315796734599434
25.31271004676819,-28.09253195413161,-14.684425426735869,0.4780838847102131,0.1747144869156182,13.40810652739574
25.333141326904297,-28.070043364012836,-14.604178357009662,0.5480838847102132,0.14096038775518538,13.465865007003174
25.353422164916992,-28.050518195910747,-14.523335814878985,0.4780838847102132,0.21096038775518539,13.527182381031762
25.37273907661438,-28.034286660218115,-14.400960518903892,0.5204797185899224,0.14096038775518538,13.633326141314223
25.39552593231201,-28.018454249438683,-14.318639432294534,0.49117925986065525,0.21096038775518539,13.69981481714415
25.41338276863098,-28.003316324515097,-14.27725852313779,0.49117925986065525,0.21096038775518539,13.726057801377307
25.433623790740967,-27.989059734275468,-14.194057504909642,0.476739867957076,0.2211109050922096,13.795002229365826
25.452664375305176,-27.97579103277627,-14.068162663071789,0.406739867957076,0.22632901374250652,13.907628369704483
25.47426176071167,-27.96355819467654,-13.983507605695532,0.42692020695074456,0.21115243159234526,13.980050588981008
25.49710249900818,-27.952367242165494,-13.898275450844881,0.35692020695074456,0.1527140858024359,14.054091791320612
25.51349711418152,-27.942194899353876,-13.855443788856823,0.35692020695074456,0.1527140858024359,14.086751110497053
25.532806158065796,-27.932998153914234,-13.726090503845306,0.28692020695074455,0.08271408580243589,14.206907650068928
25.553098440170288,-27.924721418560797,-13.639143154878653,0.21692020695074454,0.02745027966797353,14.285578263682144
25.575763702392578,-27.917535345611853,-13.639143154878653,0.21692020695074454,0.02745027966797353,14.2783921907332
25.59363031387329,-27.91106270468148,-13.551629594058339,0.28692020695074455,0.0,14.359433110623142
25.612672567367554,-27.902939837345645,-13.419303820630176,0.2841352630441542,0.0,14.483636016715469
25.633461236953735,-27.88230309193667,-13.285720220022135,0.2141352630441542,0.07,14.596582871914535
25.65580415725708,-27.846569286757916,-13.285720220022135,0.2141352630441542,0.07,14.56084906673578
25.672805309295654,-27.803607468111668,-13.195970614391376,0.2465948499029036,0.006030946671962745,14.607636853720292
25.693588256835938,-27.761390163133836,-13.06031293038071,0.3165948499029036,0.016113571524620063,14.701077232753125
25.71359920501709,-27.725435311531953,-12.923424533227177,0.3453562255983706,0.08611357152462007,14.802010778304776
25.73729157447815,-27.69941051991963,-12.831487082419141,0.2753562255983706,0.04539411827921869,14.86792343750049
25.753201007843018,-27.683285182297,-12.831487082419141,0.2753562255983706,0.04539411827921869,14.851798099877858
25.772868633270264,-27.6767771412775,-12.692571088056983,0.21328581489971832,0.1153941182792187,14.984206053220518
25.79283833503723,-27.671126693906192,-12.645998087532291,0.21328581489971832,0.1153941182792187,15.025128606373901
25.81280255317688,-27.674531090362922,-12.55245303767446,0.2832858148997183,0.14484715931117537,15.122078052688462
25.832947731018066,-27.684135081586838,-12.411144064588356,0.35328581489971833,0.17460501290857794,15.272991016998482
25.852972269058228,-27.697792077810437,-12.316282050367294,0.3560660642420407,0.10460501290857793,15.381510027443143
25.873647212982178,-27.7139042832846,-12.268655508756261,0.3560660642420407,0.10460501290857793,15.445248774528338
25.893747806549072,-27.72898084549578,-12.124998913952343,0.2860660642420407,0.11671084571629764,15.603981931543437
25.91335916519165,-27.74062438088978,-12.028584731908463,0.31166157834581093,0.04671084571629763,15.712039648981317
25.932948350906372,-27.74494384275159,-11.931660166228772,0.38166157834581094,0.06654789734631777,15.813283676522817
25.953608751296997,-27.74174595946428,-11.88300760294294,0.38166157834581094,0.06654789734631777,15.85873835652134
25.97293734550476,-27.731094607178782,-11.736294193361726,0.4261669807916041,0.13654789734631778,15.994800413817057
25.993730068206787,-27.715546936486877,-11.637860036503515,0.37014577843598084,0.18011594969779254,16.077686899983362
26.01294732093811,-27.702048051841285,-11.538929995923963,0.30014577843598084,0.12783624637871982,16.163118055917323
26.032931804656982,-27.68528805979253,-11.489280180017493,0.30014577843598084,0.12783624637871982,16.19600787977504
26.05282211303711,-27.666704674187642,-11.339597176994523,0.2745342046057339,0.0669946524873376,16.32710749719312
26.073713064193726,-27.645028210180758,-11.23920194725158,0.3445342046057339,0.08504947122186424,16.40582626292918
26.092806339263916,-27.619458287284733,-11.138325930257334,0.4145342046057339,0.15504947122186424,16.4811323570274
26.11280655860901,-27.5918579366602,-11.087708832821559,0.4145342046057339,0.15504947122186424,16.504149103838643
26.13275957107544,-27.563574694989516,-10.935147028099873,0.3858706382696982,0.13142804991453888,16.628427666889642
26.152817487716675,-27.537878880479283,-10.832851977920026,0.393959822099423,0.2014280499145389,16.705026902559258
26.17274785041809,-27.512341104603014,-10.67853855626982,0.39532096564187663,0.2714280499145389,16.833802548333196
26.192755937576294,-27.487586144638303,-10.626870527484186,0.39532096564187663,0.2714280499145389,16.860715617154117
26.213733196258545,-27.464027327621963,-10.523192169183623,0.3253209656418766,0.28242701143026355,16.94083515843834
26.232938528060913,-27.443572961203213,-10.419060806322115,0.39513354658498423,0.35242701143026356,17.024512154881098
26.252708911895752,-27.424161215053008,-10.262023366506513,0.46513354658498424,0.28242701143026355,17.162137848546493
26.273674964904785,-27.403668898955292,-10.20945551856051,0.46513354658498424,0.28242701143026355,17.194213380394782
26.293264150619507,-27.37833341676951,-10.103989901164903,0.5309665191115345,0.31605377644300464,17.274343515604606
26.31310796737671,-27.341036287828757,-9.998087893473496,0.6009665191115345,0.30643980056047443,17.34294839435526
26.332741498947144,-27.26166857380994,-9.838425920061983,0.6126204593048896,0.35196685269474987,17.423242653747955
26.352882146835327,-27.106527872832316,-9.784991673581265,0.6126204593048896,0.35196685269474987,17.32153619925105
26.373326301574707,-26.86578388571683,-9.677806022532632,0.6176142300420906,0.37751120738685134,17.187977863184198
26.393199682235718,-26.56497726968761,-9.57020110274874,0.5476142300420905,0.44751120738685135,16.99477616693887
26.412880182266235,-26.230380053749673,-9.408017133009219,0.5603795230516697,0.4109757804125548,16.822362920740453
26.433483600616455,-25.878814474560606,-9.3537509142842,0.5603795230516697,0.4109757804125548,16.525063560276408
26.45296335220337,-25.57357626281318,-9.244914448502072,0.6303795230516698,0.3409757804125548,16.328661814311108
26.472803592681885,-25.259712867361113,-9.135676319037918,0.6301231449935585,0.3635508961975575,16.124036548323197
26.492883443832397,-24.948130424587546,-8.971075800120353,0.5601231449935584,0.4335508961975575,15.977054624467193
26.51291298866272,-24.646344009070756,-8.916012993500807,0.5601231449935584,0.4335508961975575,15.730331015569949
26.53346538543701,-24.3593152712474,-8.805596830171375,0.6301231449935585,0.5035508961975574,15.553718441076025
26.55289387702942,-24.090101539358606,-8.694797067903078,0.5601231449935584,0.4767083840072155,15.395304471455528
26.57351326942444,-23.84035686116468,-8.527888214023253,0.4901231449935584,0.4429089964926243,15.312468647141426
26.595588207244873,-23.6107170010202,-8.416149573437027,0.556643485734239,0.37290899649262427,15.194567427583172
26.61332130432129,-23.401093688057045,-8.360142173678057,0.556643485734239,0.37290899649262427,15.040951514378989
26.63335084915161,-23.208581728999615,-8.24785413473483,0.5181767639610915,0.3810394863411784,14.960727594264785
26.652885675430298,-23.028395917469528,-8.078747784358022,0.45788429648615403,0.3110394863411784,14.949648133111506
26.67496371269226,-22.871953995536877,-7.965567575898945,0.387884296486154,0.3810394863411784,14.906386419637933
26.693001747131348,-22.721060817704533,-7.965567575898945,0.387884296486154,0.3810394863411784,14.755493241805588
26.713181972503662,-22.57799846257793,-7.795145183908847,0.45788429648615403,0.3110394863411784,14.782853278669084
26.733174562454224,-22.44182928870006,-7.623954656933529,0.4388916359189896,0.2410394863411784,14.81787463176653
26.75381350517273,-22.309404011525604,-7.623954656933529,0.4388916359189896,0.2410394863411784,14.685449354592075
26.772714376449585,-22.178436529656885,-7.394533875324791,0.46345807583071275,0.17103948634117838,14.783902654332094
26.794958353042603,-22.049616889857326,-7.279334379842965,0.48327907332219167,0.2410394863411784,14.770282510014361
26.81311011314392,-21.92800047511989,-7.279334379842965,0.48327907332219167,0.2410394863411784,14.648666095276926
26.832638025283813,-21.814592467196828,-7.163815332883978,0.4551504251454024,0.25636345028877255,14.65077713431285
26.85280156135559,-21.712191062051442,-6.931838272790305,0.424631980890408,0.32636345028877256,14.780352789261137
26.87494730949402,-21.62013340589408,-6.815390158036985,0.42717712692916376,0.25636345028877255,14.804743247857095
26.893182516098022,-21.540206598474683,-6.815390158036985,0.42717712692916376,0.25636345028877255,14.724816440437698
26.91268491744995,-21.46829199022237,-6.698642287825399,0.49717712692916377,0.32636345028877256,14.76964970239697
26.932856559753418,-21.403837800532582,-6.464267308471914,0.4399744934588669,0.39636345028877257,14.939570492060668
26.95508313179016,-21.346264154859902,-6.346650263586573,0.4563296186923979,0.3545648847520351,14.999613891273329
26.973382472991943,-21.29498694768959,-6.346650263586573,0.4563296186923979,0.3545648847520351,14.948336684103017
26.993274211883545,-21.249434528797206,-6.228753591012211,0.44096424721181376,0.2845648847520351,15.020680937784995
27.01363730430603,-21.20905896494007,-5.992141705626954,0.37096424721181376,0.21558661982417104,15.216917259313115
27.03564739227295,-21.171026888865025,-5.873436711046427,0.30096424721181375,0.28558661982417105,15.297590177818599
27.0533926486969,-21.135624884853915,-5.873436711046427,0.30096424721181375,0.28558661982417105,15.262188173807488
27.073323488235474,-21.102982693469183,-5.754472524493773,0.23096424721181374,0.26562617540359496,15.34851016897541
27.092759609222412,-21.073117695397283,-5.575551539418001,0.30096424721181375,0.20517232090234755,15.497566155979282
27.1133029460907,-21.04718814158165,-5.515787209885925,0.30096424721181375,0.20517232090234755,15.531400931695725
27.133402824401855,-21.023456069652404,-5.336131305244653,0.36363044731318933,0.13517232090234754,15.687324764407752
27.153610467910767,-20.999559433775854,-5.216064786414556,0.35418371833860857,0.20517232090234755,15.783494647361298
27.17276954650879,-20.964596547881758,-5.0957676338203015,0.28418371833860856,0.27517232090234756,15.868828914061456
27.193235874176025,-20.913603312154216,-5.035534208409047,0.28418371833860856,0.27517232090234756,15.878069103745169
27.213189363479614,-20.852819630536896,-4.854502423814733,0.29833867594599706,0.20517232090234755,15.998317206722163
27.232856035232544,-20.786837644324024,-4.73354490262321,0.22833867594599705,0.27517232090234756,16.053292741700815
27.2527973651886,-20.721300313816755,-4.55171734904283,0.2049110069870947,0.20517232090234755,16.169582964773923
27.27279019355774,-20.65779906184112,-4.491006478453217,0.2049110069870947,0.20517232090234755,16.166792583387902
27.292762279510498,-20.59738559890655,-4.369436198165335,0.16835704296827297,0.13517232090234754,16.227949400741213
27.312740564346313,-20.5407090441935,-4.247672310253879,0.23835704296827298,0.09394321441650388,16.29303673393962
27.333250761032104,-20.491501012370474,-4.247672310253879,0.23835704296827298,0.09394321441650388,16.243828702116595
27.35289978981018,-20.44539810778957,-4.003585103755842,0.308357042968273,0.14300907626748083,16.441813004033726
27.373273372650146,-20.3934016086236,-3.8812725127405727,0.23835704296827298,0.08645784333348272,16.512129095883026
27.39381718635559,-20.31551841539585,-3.6974825239728375,0.16835704296827297,0.15645784333348273,16.618035891423013
27.41559600830078,-20.203176649815365,-3.6974825239728375,0.16835704296827297,0.15645784333348273,16.505694125842528
27.433570861816406,-20.06754504161851,-3.513323405938692,0.16524399109184723,0.10300358578562735,16.554221635679816
27.452858448028564,-19.919311321263873,-3.390354608167602,0.12016443572938423,0.08866224631667136,16.52895671309627
27.47348189353943,-19.76854745252656,-3.2056208983603653,0.18569031022489052,0.01866224631667135,16.562926554166193
27.495610237121582,-19.61999955799341,-3.082286014654077,0.12360769920051079,0.08387181386351583,16.537713543339333
27.513397693634033,-19.481538495911348,-3.082286014654077,0.12360769920051079,0.08387181386351583,16.39925248125727
27.533957481384277,-19.35373267678049,-2.897028700413145,0.1364711955189703,0.0733507093042135,16.456703976367344
27.5531063079834,-19.24276840157356,-2.897028700413145,0.1364711955189703,0.0733507093042135,16.345739701160415
27.578157424926758,-19.14267042090864,-2.5876320863992497,0.0,0.04187671691179273,16.55503833450939
27.593894004821777,-19.055074375454478,-2.5876320863992497,0.0,0.04187671691179273,16.467442289055228
27.613086938858032,-18.980786862027635,-2.339593136515237,0.07,0.11187671691179274,16.641193725512398
27.635274410247803,-18.920017382040076,-2.2154148838131285,0.09055861428380013,0.05747191801667212,16.704602498226947
27.657594919204712,-18.870238836652312,-2.2154148838131285,0.09055861428380013,0.05747191801667212,16.654823952839184
27.67382836341858,-18.829406287564787,-2.091138120260151,0.10511165082454682,0.03145382188260554,16.738268167304636
27.69306182861328,-18.79354724179815,-1.8423111231783338,0.17511165082454683,0.0,16.951236118619818
27.71536922454834,-18.755138711170687,-1.717771936140032,0.24511165082454683,0.07,17.037366775030655
27.732951879501343,-18.702073522504264,-1.717771936140032,0.24511165082454683,0.07,16.984301586364232
27.75376319885254,-18.617063152636458,-1.5931563304880534,0.19878854140639307,0.14,17.023906822148405
27.772716283798218,-18.54325497909942,-1.4061017501088422,0.20885328114032747,0.1696586137264967,17.137153228990577
27.798136234283447,-18.427175451065786,-1.2189063929254687,0.14394652009010317,0.23965861372649672,17.208269058140317
27.812718868255615,-18.275528938953975,-1.2189063929254687,0.14394652009010317,0.23965861372649672,17.056622546028507
27.83280920982361,-18.103174923641653,-1.0315889863440724,0.21394652009010318,0.1696586137264967,17.07158593729758
27.85284399986267,-17.92098025371849,-0.9066521665657348,0.2839465200901032,0.23965861372649672,17.014328087152755
27.87352728843689,-17.734435830818597,-0.8441682761283822,0.2839465200901032,0.23965861372649672,16.890267554690215
27.893199682235718,-17.545153816925882,-0.7191730093607305,0.2795631772838533,0.2018856527656317,16.825980807565152
27.91271162033081,-17.35664248520018,-0.5316218245848887,0.22452072417363528,0.16915330387651922,16.82502066061529
27.932667016983032,-17.171318302257113,-0.4065569602469985,0.26157206287607554,0.19723458312451841,16.764761342010114
27.952635526657104,-16.990775701537945,-0.3440173931481567,0.26157206287607554,0.19723458312451841,16.64675830838979
27.973594427108765,-16.81599612720838,-0.1563785039624932,0.30955802639946345,0.1824082285538316,16.659617623245886
27.993033409118652,-16.664248038441013,-0.03127604888234359,0.29631234416738156,0.1435222700610757,16.63297198955867
28.01274299621582,-16.518074170329538,0.09382779855600987,0.25253028506413105,0.20641577992588284,16.611901968885547
28.032819032669067,-16.37962444353432,0.1563785039624932,0.25253028506413105,0.20641577992588284,16.53600294749681
28.05359935760498,-16.25018858193751,0.34401739314814606,0.18253028506413105,0.22183349732309582,16.594205975085657
28.072875499725342,-16.130424843041638,0.46909200269166007,0.25253028506413105,0.2096184976771474,16.599516845733298
28.093677520751953,-16.020535531856346,0.6566630235755078,0.32253028506413106,0.26741335917264225,16.677198555431854
28.11285924911499,-15.920400925987975,0.7191730093607234,0.32253028506413106,0.26741335917264225,16.6395739353487
28.133663177490234,-15.829680784383203,0.8441682761283928,0.25253028506413105,0.19741335917264224,16.673849060511596
28.152915477752686,-15.747890665061165,1.031588986344076,0.18253028506413105,0.2041377540305257,16.77947965140524
28.176203966140747,-15.674458734316406,1.1564798930764475,0.21426691228523853,0.2741377540305257,16.830938627392854
28.193000316619873,-15.606451180394664,1.2189063929254544,0.21426691228523853,0.2741377540305257,16.82535757332012
28.213879823684692,-15.547405285764501,1.3437180151800447,0.28426691228523854,0.3291580118611455,16.891123300944546
28.235148191452026,-15.49273847105898,1.5308216007341322,0.2539572724141181,0.2591580118611455,17.023560071793113
28.25273060798645,-15.442554017642117,1.5308216007341322,0.2539572724141181,0.2591580118611455,16.97337561837625
28.273563861846924,-15.394489182487924,1.7177719361400356,0.3239572724141181,0.24920477379113437,17.11226111862796
28.293413400650024,-15.344530640143038,1.9045503308637102,0.2539572724141181,0.20410538125783206,17.249080971006748
28.31571626663208,-15.276042633255402,2.0289645198189987,0.21245027044788006,0.27410538125783207,17.3050071530744
28.33329176902771,-15.17564228439897,2.0289645198189987,0.21245027044788006,0.27410538125783207,17.204606804217967
28.352813005447388,-15.048773243770928,2.215414883813125,0.14245027044788006,0.20410538125783206,17.264188127584053
28.3736834526062,-14.909179536134786,2.215414883813125,0.14245027044788006,0.20410538125783206,17.12459441994791
28.39279317855835,-14.76211015313037,2.4016435999400265,0.0978579197265208,0.13410538125783206,17.163753753070395
28.41383934020996,-14.616040658399946,2.5256637619956415,0.027857919726520797,0.06410538125783205,17.141704420395588
28.433078050613403,-14.489219393743694,2.7733617976348697,0.09477548817172649,0.008366175927221775,17.262581191378565
28.455469369888306,-14.364405852631418,2.8970287004131343,0.02477548817172648,0.0722675183787942,17.261434553044552
28.472825050354004,-14.244276284607055,2.8970287004131343,0.02477548817172648,0.0722675183787942,17.14130498502019
28.493891716003418,-14.13056611460306,3.0205668928376603,0.0,0.04741928819566965,17.15113300744072
28.51302433013916,-14.026627900337862,3.205620898360351,0.0,0.11741928819566966,17.232248798698215
28.533077001571655,-13.934532723920972,3.2672352975292256,0.0,0.11741928819566966,17.2017680214502
28.552916526794434,-13.855406996439896,3.513323405938678,0.0,0.04741928819566965,17.368730402378574
28.57298707962036,-13.787374944453532,3.574749666398791,0.0,0.04741928819566965,17.362124610852323
28.59380841255188,-13.72884131980897,3.6974825239728304,0.007421468384563923,0.11741928819566966,17.4263238437818
28.612977027893066,-13.669182371986148,3.8812725127405727,0.0638189883902669,0.16852721262723208,17.55045488472672
28.633826732635498,-13.591783317270245,3.9424506640507495,0.0638189883902669,0.16852721262723208,17.534233981320995
28.653735637664795,-13.524583481874188,4.064675159476543,0.1338189883902669,0.18867028009146453,17.58925864135073
28.672765254974365,-13.42027773372365,4.186719433207475,0.2038189883902669,0.1737280047312379,17.606997166931123
28.693642616271973,-13.269784430992441,4.308578121411443,0.17466487396508457,0.2117162986472249,17.578362552403885
28.713042736053467,-13.077278303472031,4.491006478453208,0.10466487396508456,0.2817162986472249,17.56828478192524
28.734042406082153,-12.853715324541348,4.612377819363267,0.1459380841627717,0.3517162986472249,17.466093143904615
28.752863883972168,-12.607523798865254,4.672987225054715,0.1459380841627717,0.3517162986472249,17.28051102391997
28.7728374004364,-12.338205190572532,4.794050189452328,0.1865690841153264,0.308121558316052,17.13225538002486
28.79379892349243,-12.022859257369609,4.914900944883808,0.2565690841153264,0.23812155831605197,16.937760202253415
28.813600540161133,-11.616680459396214,5.0957676338203015,0.1865690841153264,0.1928789693489671,16.712448093216516
28.83487844467163,-11.063145459226028,5.216064786414542,0.2565690841153264,0.17236169274896385,16.27921024564057
28.855629920959473,-10.322245114013858,5.216064786414542,0.2565690841153264,0.17236169274896385,15.5383099004284
28.87311863899231,-9.678976518216555,5.396076442133552,0.27314942549914123,0.18943954665213825,15.075052960350106
28.893410444259644,-8.84042180879352,5.515787209885907,0.20314942549914122,0.2218989807739854,14.356209018679428
28.91366219520569,-7.88600885977015,5.635254300225682,0.13314942549914122,0.270301252938807,13.521263159995833
28.93313956260681,-6.885541889657844,5.813986695037443,0.20314942549914122,0.20030125293880702,12.699528584695287
28.95352268218994,-5.909566423805261,5.93282192878489,0.19586099281907082,0.130301252938807,11.84238835259015
28.975237607955933,-5.020334620701012,6.051395400068294,0.26586099281907083,0.08107184339314699,11.071730020769307
28.996302366256714,-4.2657485352800135,6.169701981409048,0.19586099281907082,0.13866760302335024,10.435450516689063
29.012864112854004,-3.6616333351265054,6.2287535910122145,0.19586099281907082,0.13866760302335024,9.89038692613872
29.03711438179016,-3.1872190506616658,6.405494056304704,0.19820397852919996,0.08487049583345652,9.59271310696637
29.053625106811523,-2.8177119694831267,6.464267308471907,0.19820397852919996,0.08487049583345652,9.281979277955035
29.075937509536743,-2.5516568307701144,6.64015750667625,0.12820397852919996,0.056581235490739346,9.191814337446363
29.095618724822998,-2.320660966629214,6.757053380234428,0.07288217707537115,0.09698804747313261,9.077714346863642
29.116430282592773,-2.2056069997964096,6.873651996650992,0.07579739135690033,0.10406445804983377,9.0792589964474
29.13326621055603,-2.220443202023074,6.873651996650992,0.07579739135690033,0.10406445804983377,9.094095198674065
29.152827501296997,-2.3668018320558537,7.047981651049227,0.11009530094452202,0.1213523568585515,9.414783483105081
29.173665761947632,-2.6354013210046228,7.163815332883971,0.06634926167316735,0.1445036781951785,9.799216653888593
29.194006204605103,-3.0073078356191045,7.336974377942418,0.01376521703787148,0.14528050733497366,10.344282213561524
29.213366270065308,-3.4527495717632486,7.452012260890008,0.00999188399873674,0.08348904637387022,10.904761832653257
29.233470678329468,-3.9398442117806383,7.566723259240888,0.0,0.11873346654465422,11.506567471021526
29.257160186767578,-4.443032815984025,7.681102512646177,0.0,0.09927918476751074,12.124135328630203
29.273414611816406,-4.9441384904674,7.681102512646177,0.0,0.09927918476751074,12.625241003113576
29.293365240097046,-5.4329071640125255,7.852038796034723,0.0,0.16154395876219496,13.28494596004725
29.313207149505615,-5.857268605241232,8.022201549208905,0.015175314620137215,0.18603495409479365,13.879470154450136
29.332833766937256,-6.266350441392529,8.022201549208905,0.015175314620137215,0.18603495409479365,14.288551990601434
29.355340003967285,-6.644772662289263,8.247854134734823,0.11504020728170872,0.10846379114082083,14.892626797024086
29.372811555862427,-6.975711600576754,8.247854134734823,0.11504020728170872,0.10846379114082083,15.223565735311578
29.39384174346924,-7.234835194597721,8.360142173678039,0.07294184900820255,0.1257517216145061,15.59497736827576
29.413745403289795,-7.402502860225845,8.527888214023271,0.011927725747227669,0.13500190520426258,15.930391074249115
29.43366503715515,-7.460533899215831,8.694797067903078,0.007066094316542149,0.1742474510683678,16.15533096711891
29.455798625946045,-7.403822512269501,8.805596830171368,0.013107755687087774,0.1042474510683678,16.209419342440867
29.478997468948364,-7.241111727922175,8.916012993500818,0.018446429632604122,0.1742474510683678,16.157124721422992
29.492818593978882,-6.992849625927088,8.916012993500818,0.018446429632604122,0.1742474510683678,15.908862619427905
29.512852668762207,-6.691708174685578,9.135676319037923,0.0,0.24424745106836782,15.827384493723502
29.533878564834595,-6.430249478211339,9.24491444850208,0.07,0.1742474510683678,15.675163926713418
29.556410551071167,-6.134769197889355,9.353750914284205,0.08257476676255465,0.13216283911606297,15.48852011217356
29.576805353164673,-5.823445542795581,9.462181271095233,0.012574766762554646,0.10736608313163742,15.285626813890815
29.59365487098694,-5.507005943489902,9.462181271095233,0.012574766762554646,0.10736608313163742,14.969187214585133
29.613685607910156,-5.186087249163138,9.570201102748761,0.0,0.09943138336529955,14.756288351911898
29.633756160736084,-4.840402716112896,9.677806022532629,0.0,0.1368184526800178,14.518208738645525
29.653507232666016,-4.4379834856522296,9.891753729247263,0.07,0.06681845268001779,14.329737214899492
29.67383575439453,-3.9534871550828576,9.998087893473482,0.03511656045913697,0.1368184526800178,13.95157504855634
29.694438457489014,-3.387688957411238,10.103989901164894,0.01709213078022004,0.0880630006431602,13.491678858576133
29.71657085418701,-2.764117189135622,10.103989901164894,0.01709213078022004,0.0880630006431602,12.868107090300516
29.73292112350464,-2.1168511973409414,10.209455518560496,0.038866962939500815,0.10405938787152991,12.326306715901438
29.75371479988098,-1.55487833777927,10.314480543605278,0.010718092024326331,0.11974066024413332,11.869358881384548
29.773693323135376,-0.9845834517159193,10.523192169183627,0.0,0.06970429694047198,11.507775620899546
29.7933030128479,-0.4258546581652315,10.626870527484176,0.005053993314504623,0.13970429694047198,11.052725185649408
29.81524133682251,0.10779896785531903,10.626870527484176,0.005053993314504623,0.13970429694047198,10.519071559628857
29.832640647888184,0.6030224444870401,10.730091809711787,0.04984987899661064,0.13839469558326528,10.127069365224747
29.853276014328003,1.0492361371751266,10.832851977920033,0.0,0.1603536409023218,9.783615840744906
29.873029708862305,1.4357505903350753,10.935147028099863,0.07,0.09035364090232179,9.499396437764787
29.892735958099365,1.7567144844794738,11.138325930257338,0.03501335129141808,0.04479219316272065,9.381611445777864
29.91494917869568,2.0121075337348766,11.239201947251566,0.0,0.04648561525391415,9.227094413516689
29.936115026474,2.2105928048337957,11.339597176994513,0.0,0.028990625694859773,9.129004372160717
29.953553676605225,2.364319988964446,11.339597176994513,0.0,0.028990625694859773,8.975277188030066
29.972654581069946,2.497789855068069,11.439507790743313,0.03737309202551842,0.09193284000502899,8.941717935675245
29.99268364906311,2.598789563821098,11.588456770103377,0.06705375015735626,0.161932840005029,8.989667206282279
30.013595581054688,2.6745743002889837,11.736294193361747,0.06962608825415373,0.1542325518024154,9.061719893072762
30.034934282302856,2.730847911913398,11.834228784663079,0.04988300893455744,0.10055666555883364,9.103380872749682
30.052667140960693,2.772086393096678,11.834228784663079,0.04988300893455744,0.10055666555883364,9.0621423915664
30.07259750366211,2.8017949311983705,11.931660166228792,0.0362348947674036,0.1480588070047088,9.12986523503042
30.093343257904053,2.822712031169214,12.028584731908452,0.014054277911782265,0.20278163765789942,9.205872700739238
30.113510370254517,2.836971502359588,12.173013506780677,0.08405427791178227,0.20813242717878894,9.336042004421088
30.132734298706055,2.846230908074071,12.268655508756254,0.06062057957053185,0.21027618343243376,9.422424600682183
30.158580780029297,2.851773335531569,12.411144064588356,0.0,0.20467509398469702,9.559370729056788
30.173184394836426,2.8545879525649247,12.411144064588356,0.0,0.20467509398469702,9.556556112023431
30.1933434009552,2.85703167493387,12.55245303767446,0.006019144784659147,0.220203735625837,9.695421362740591
30.213629961013794,2.857555409093674,12.645998087532277,0.07601914478465915,0.2518563501001336,9.788442678438603
30.232812643051147,2.86136445023741,12.739010525077646,0.041755239646881825,0.2550727401324548,9.877646074840236
30.253777027130127,2.8789367548483247,12.785315991397937,0.041755239646881825,0.2550727401324548,9.906379236549611
30.27280020713806,2.935718161720186,12.877523396151751,0.08323614967986942,0.30028632771456615,9.941805234431566
30.29283618927002,3.0576148929882985,13.014819693105864,0.013236149679869413,0.23028632771456614,9.957204800117566
30.312846183776855,3.263221144060475,13.105669419964855,0.04692502645775676,0.16028632771456613,9.84244827590438
30.332833290100098,3.5586132274158047,13.19597061439137,0.026946171652525663,0.12370205845916643,9.637357386975566
30.35317850112915,3.9317472461825735,13.240914555137152,0.026946171652525663,0.12370205845916643,9.309167308954578
30.372978925704956,4.362943472568431,13.330387233788407,0.0,0.16070440214360132,8.967443761219975
30.392878532409668,4.823104441062007,13.463552656921692,0.0,0.17932799075031652,8.640448215859685
30.412771940231323,5.222627942375564,13.551629594058355,0.07,0.21093108866596594,8.329001651682791
30.432801008224487,5.638132763161713,13.639143154878646,0.07725666200742126,0.2091108240489848,8.001010391716932
30.453178644180298,6.05378731021116,13.682687781300316,0.07725666200742126,0.2091108240489848,7.628900471089157
30.473612785339355,6.458591322764882,13.81246885070189,0.05715805588290096,0.19597476593451574,7.3538775279370086
30.49300789833069,6.845190199713942,13.898275450844892,0.0,0.12597476593451573,7.05308525113095
30.513827323913574,7.208955373509314,13.98350760569555,0.0,0.17032781518297269,6.774552232186236
30.532910108566284,7.547273711556498,14.110272964178264,0.010642781853675842,0.15222773417131974,6.562999252621767
30.553629398345947,7.859000831760113,14.152238017560215,0.010642781853675842,0.15222773417131974,6.293237185800102
30.57340359687805,8.14404267743917,14.23573111088794,0.00396341597661376,0.19617110579507424,6.09168843344877
30.59362244606018,8.400720858155049,14.318639432294518,0.0,0.1994950766232796,5.917918574139469
30.612833261489868,8.623984421971986,14.441900092695747,0.05949131026864052,0.15893759527476503,5.81791567072376
30.633106470108032,8.817827548267324,14.523335814878962,0.0,0.18625407428713514,5.705508266611638
30.653571367263794,8.974872570357594,14.563831377880021,0.0,0.18625407428713514,5.5889588075224275
30.673047304153442,9.092954052382055,14.644376467263783,0.058316707611083984,0.17850188906537368,5.551422414881728
30.693659782409668,9.180860197275791,14.724324956628152,0.0,0.2269741780613549,5.543464759352361
30.7138352394104,9.245490386572348,14.843124227729128,0.0,0.22542885209200902,5.59763384115678
30.735673427581787,9.292250230966197,14.921571623569974,0.0,0.24699640351114793,5.629321392603778
30.753504276275635,9.325365332872044,14.960568896801412,0.0,0.24699640351114793,5.635203563929368
30.772753477096558,9.348130318749472,15.038109310351956,0.0,0.23934541812865062,5.689978991602484
30.793940544128418,9.363106347853202,15.1532808440613,0.06842699646949768,0.21424332990078254,5.790174496208097
30.815897464752197,9.372277628395048,15.229299630836039,0.09746504947543144,0.2000446085142903,5.85702200244099
30.833672761917114,9.377175336089635,15.26707964155878,0.09746504947543144,0.2000446085142903,5.889904305469145
30.852912187576294,9.381427650954489,15.342179743846671,0.08460697066038847,0.18532544172136112,5.960752092892182
30.873446464538574,9.384983941590463,15.453676736957362,0.04201375227421522,0.2553254417213611,6.0686927953669
30.8951358795166,9.397228454096494,15.52723675451665,0.0051924316212534904,0.26090535522205754,6.130008300420156
30.913008451461792,9.429083021119995,15.52723675451665,0.0051924316212534904,0.26090535522205754,6.098153733396655
30.93361759185791,9.48530056483511,15.636415631391635,0.010622518137097359,0.21025007591350003,6.151115066556525
30.953202724456787,9.556958547862301,15.744196332823066,0.0,0.22536822129739448,6.1872377849607645
30.97587275505066,9.637452619259035,15.815270818855247,0.03339073434472084,0.25415001903427764,6.177818199596212
30.997614860534668,9.721962651970788,15.88572014764408,0.0,0.26442179177654906,6.163757495673291
31.012995719909668,9.807034839865826,15.88572014764408,0.0,0.26442179177654906,6.078685307778253
31.03332018852234,9.890255421273276,16.02473779223167,0.0,0.2757763546030037,6.134482370958393
31.055253744125366,9.96999664347827,16.093303477473796,0.0,0.3457763546030037,6.123306833995526
31.077236652374268,10.039230008486728,16.16123874510326,0.0,0.3017717094044201,6.122008736616534
31.093977212905884,10.105329774562582,16.16123874510326,0.0,0.3017717094044201,6.0559089705406794
31.11331868171692,10.167510951847817,16.29521339076723,0.030859271064400673,0.24213807441992685,6.127702438919414
31.13497042655945,10.22533157574451,16.36125059421593,0.009069003164768219,0.2411338299862109,6.135919018471421
31.1580331325531,10.292497676720638,16.426653031624156,0.03492396138608456,0.2148093007854186,6.134155354903518
31.173710823059082,10.389864636608536,16.426653031624156,0.03492396138608456,0.2148093007854186,6.03678839501562
31.192956924438477,10.542703995376996,16.49141976116516,0.0,0.28222643811022863,5.948715765788165
31.212804794311523,10.75784150848159,16.58737598791214,0.0,0.2969695547944866,5.829534479430549
31.23798418045044,11.012896521882848,16.68189716938872,0.0,0.23374602146213874,5.669000647505872
31.253459215164185,11.288955501823388,16.68189716938872,0.0,0.23374602146213874,5.392941667565331
31.274006843566895,11.574644268765852,16.744112831891528,0.06803151220083237,0.2747696968144737,5.169468563125676
31.2930166721344,11.822686550205894,16.83623702843513,0.06890043109888211,0.24237139098113403,5.013550478229234
31.31793713569641,12.07484904172242,16.92692038769853,0.06976430921349674,0.24472315929597244,4.8520713459761105
31.33369493484497,12.32091128674713,16.92692038769853,0.06976430921349674,0.24472315929597244,4.6060091009514
31.35299253463745,12.55625147564577,17.016161303495096,0.07701236300636083,0.2616527485079132,4.4599098278493265
31.373265504837036,12.777941968568516,17.07485323831088,0.08594173297751695,0.30183337576454505,4.296911269742363
31.392940282821655,12.984309020471589,17.132903200612333,0.030356538598425686,0.31403098109876737,4.148594180140744
31.413854598999023,13.174593928471252,17.161687363818032,0.030356538598425686,0.31403098109876737,3.9870934353467806
31.433160305023193,13.34869355559007,17.21877393232071,0.04346511058975011,0.30334080330794677,3.8700803767306375
31.453588247299194,13.506962826260475,17.303199143177977,0.045887100393883884,0.27570936776464805,3.7962363169175024
31.472925186157227,13.650065471407913,17.35867942332213,0.07630988478194922,0.26364850386744365,3.7086139519142165
31.492932081222534,13.778862220344974,17.413517153356366,0.053445768426172435,0.23744578048354015,3.634654933011392
31.513164281845093,13.890686846109286,17.440695083565117,0.053445768426172435,0.23744578048354015,3.550008237455831
31.53379988670349,13.991416944284953,17.521265335508446,0.040922011132352054,0.2973257167614065,3.529848391223492
31.553096771240234,14.081786269737654,17.574176136686276,0.05373952619265765,0.3082054466358386,3.4923898669486224
31.57298994064331,14.162577531298176,17.62644508661812,0.05547762254718691,0.3588787265471183,3.4638675553199434
31.59383749961853,14.234586812055117,17.65233897072946,0.05547762254718691,0.3588787265471183,3.417752158674343
31.61337113380432,14.298598503909524,17.72905885545174,0.02359867433551699,0.331497453560587,3.430460351542216
31.633888959884644,14.35536820572721,17.779404552280198,0.020072806044481695,0.3412431128672324,3.424036346552988
31.653286457061768,14.405611603567513,17.8291101544597,0.021090582013130188,0.27432696748292074,3.4234985508921856
31.673004388809204,14.447681450921468,17.902469727107686,0.0,0.2685893414891325,3.4547882761862176
31.693443298339844,14.485281711831853,17.926603571677674,0.0,0.2685893414891325,3.4413218598458215
31.71296977996826,14.516470186525114,17.974392805410687,0.0,0.2717402965645306,3.457922618885574
31.733606100082397,14.543548816533376,18.021544782627785,0.0343753956258297,0.2947462384472601,3.4779959660944098
31.752909660339355,14.568209897093459,18.091079839338974,0.1043753956258297,0.3181819409946911,3.5228699422455154
31.774311780929565,14.590541854972328,18.136642683044712,0.13446613743901253,0.3881819409946911,3.546100828072385
31.793537855148315,14.61066749345218,18.159186335959454,0.13446613743901253,0.3881819409946911,3.5485188425072742
31.812978982925415,14.637995648938931,18.203798796654453,0.19122765183448792,0.3752517182077281,3.5658031477155223
31.8336660861969,14.674238997283059,18.26953258561648,0.12122765183448792,0.35583771613193677,3.5952935883334227
31.85427474975586,14.71803582255988,18.312566999969206,0.06546769291162491,0.35972572315251455,3.5945311774093263
31.87723207473755,14.76360853629337,18.354972477250513,0.10848626866936684,0.33526114757871256,3.5913639409571427
31.89388680458069,14.809213683357106,18.37593980270134,0.10848626866936684,0.33526114757871256,3.5667261193442332
31.913639783859253,14.853639439171484,18.43790233802403,0.06740355864167213,0.2997923494479619,3.584262898852547
31.935401678085327,14.893758828751938,18.478429761212958,0.07036755885928869,0.3697923494479619,3.5846709324610195
31.957215309143066,14.928591507082348,18.51833432746801,0.10957871656864882,0.34444015826797114,3.5897428203856627
31.97370219230652,14.960072379040518,18.51833432746801,0.10957871656864882,0.34444015826797114,3.558261948427493
31.992899656295776,14.986079128784235,18.596281772934198,0.08648200612515211,0.3343116732290946,3.610202644149963
32.01451086997986,15.007598255267427,18.634328278727885,0.08692365491879173,0.34643319230293856,3.6267300234604587
32.03795647621155,15.025433232186998,18.67175918149652,0.07502752242726274,0.32444227281725035,3.646325949309521
32.053537368774414,15.040239232015132,18.67175918149652,0.07502752242726274,0.32444227281725035,3.631519949481387
32.07368350028992,15.052551153095427,18.70857648090844,0.07613774880883284,0.38523572850739585,3.6560253278130137
32.09396481513977,15.06280625652712,18.780378644809005,0.04569173537311144,0.4463000798574649,3.7175723882818854
32.11561679840088,15.071362462520945,18.815367886223783,0.10293180801090784,0.4434781794412993,3.7440054237028377
32.13368320465088,15.078513149710464,18.815367886223783,0.10293180801090784,0.4434781794412993,3.736854736513319
32.1529324054718,15.084499135450407,18.849752278877418,0.12237809904036112,0.39305088789900766,3.7652531434270102
32.17380094528198,15.0896963210993,18.900200002629987,0.11779156027478166,0.4057125526457094,3.8105036815306867
32.1929771900177,15.096347059699308,18.933082852359995,0.04779156027478165,0.4462890627770685,3.8367357926606864
32.21315360069275,15.103832128216608,18.949300544935014,0.04779156027478165,0.4462890627770685,3.845468416718406
32.233553647994995,15.109383089692727,18.98129011009418,0.005223867577733465,0.465018861272838,3.8719070204014514
32.25368022918701,15.11344436327829,19.028164988448353,0.012125519198598333,0.4482141307531856,3.9147206251700624
32.273096323013306,15.1209965905502,19.05867932740719,0.0,0.4043242803751491,3.93768273685699
32.292860984802246,15.135407223938058,19.088608559215636,0.032484062016010284,0.38163392459740864,3.953201335277578
32.313642740249634,15.158834477416944,19.103354683902154,0.032484062016010284,0.38163392459740864,3.94452020648521
32.332908153533936,15.197172468270606,19.132411842405347,0.05814079940319061,0.31163392459740863,3.9352393741347402
32.35356855392456,15.258754860255774,19.174915677993702,0.08650079555809498,0.38163392459740864,3.9161608177379286
32.3728346824646,15.35570649361634,19.20253494828991,0.09693299699574709,0.445765951925423,3.8468284546735685
32.39288115501404,15.439882376992731,19.22958474711622,0.1253872150555253,0.3982537633716129,3.7897023701234893
32.412747859954834,15.566284195418458,19.2428971445773,0.1253872150555253,0.3982537633716129,3.676612949158841
32.432817459106445,15.725633059512603,19.281989490965273,0.1953872150555253,0.46750576263060795,3.55635643145267
32.45296287536621,15.903666674205045,19.30735142098493,0.1995129032805562,0.4292091599642299,3.4036847467798843
32.47346258163452,16.089986293908023,19.332157850272687,0.13698778737336398,0.428456310343463,3.2421715563646636
32.4928822517395,16.27715077671031,19.356412477694747,0.18875534150749446,0.4131904721003957,3.0792617009844356
32.51383876800537,16.45765303673956,19.36833404434612,0.18875534150749446,0.4131904721003957,2.9106810076065592
32.5338134765625,16.62645438127366,19.403281538860924,0.11875534150749445,0.439500496883411,2.776827157587263
32.552858114242554,16.7757307131968,19.4259037879079,0.167570267803967,0.47697424997808413,2.6501730747110983
32.573604106903076,16.89129675510564,19.447989866438498,0.16646284889429808,0.43081402142765,2.5566931113328586
32.5931179523468,16.95955542593659,19.46954389312065,0.1535754594951868,0.438063050780911,2.509988467184062
32.61293387413025,17.018819346678644,19.50088655497305,0.0835754594951868,0.4462525594723411,2.4820672082944064
32.63297200202942,17.035345429573642,19.511072691364504,0.0835754594951868,0.4462525594723411,2.475727261790862
32.65279984474182,17.01943475565146,19.53105612713042,0.07490919560194015,0.47457013760926203,2.5116213714789595
32.67289113998413,16.981413469515378,19.550524840200453,0.004909195601940142,0.45686397624434905,2.569111370685075
32.6937313079834,16.929036631908062,19.569483378342483,0.0028182923700660334,0.401381134216208,2.640446746434421
32.71341419219971,16.868069095249673,19.59697476984193,0.011475425576791154,0.3990379373286851,2.728905674592255
32.733057498931885,16.80274142014489,19.614678338578386,0.03377515486441551,0.37543320904718713,2.8119369184334957
32.753175497055054,16.738423330246054,19.623344727144328,0.03377515486441551,0.37543320904718713,2.8849213968982745
32.7739953994751,16.67881792297873,19.640309787544332,0.01652515343390404,0.3927155888383277,2.961491864565602
32.79362487792969,16.626373095076417,19.65678872332905,0.014831228079274283,0.3945455607469194,3.0304156282526336
32.813204288482666,16.582600391384133,19.672786609459294,0.07147414040751754,0.3872913243691437,3.0901862180751607
32.83315181732178,16.544595812468295,19.69589279155541,0.0014741404075175324,0.41553392172558234,3.151296979087114
32.854865312576294,16.515324602732782,19.710710842577583,0.015597507553175072,0.4420776563207619,3.195386239844801
32.872703552246094,16.49520720798085,19.71794605926989,0.015597507553175072,0.4420776563207619,3.2227388512890407
32.89320611953735,16.481978065731674,19.73207228531237,0.0,0.4056767719308846,3.2500942195806957
32.91349792480469,16.473882021471642,19.752411507096923,0.014433753676712513,0.41163061470491813,3.278529485625281
32.93523812294006,16.471881045064805,19.765412466069172,0.036973380483686924,0.47753643900854514,3.293531421004367
32.95744514465332,16.47416631899828,19.777973305482774,0.0639766613021493,0.4191981433401816,3.3038069864844957
32.972819328308105,16.48168485844709,19.78409050323325,0.0639766613021493,0.4191981433401816,3.3024056447861625
32.99359130859375,16.494956519457286,19.801798096910588,0.014614828862249851,0.42548788669286297,3.3068415774533015
33.016194581985474,16.521139805207216,19.813074015756115,0.03353349585086107,0.4120186684164219,3.2919342105488987
33.03332829475403,16.57413197971501,19.813074015756115,0.03353349585086107,0.4120186684164219,3.238942036041106
33.05402708053589,16.620141138577143,19.82920948579178,0.0,0.3584623863431625,3.209068347214636
33.07308864593506,16.700509243422893,19.844429620325066,0.07,0.3546124031278305,3.143920376902173
33.09608030319214,16.809573350959234,19.854078471892826,0.021028015464544303,0.4060202171537094,3.044505120933593
33.113555908203125,16.93569476727246,19.854078471892826,0.021028015464544303,0.4060202171537094,2.918383704620368
33.13289499282837,17.070339939837297,19.86782113926086,0.0,0.4760202171537094,2.797481199423565
33.15325379371643,17.209673335507965,19.880706963187684,0.02020193077623844,0.4589084593835287,2.6710336276797193
33.17716574668884,17.350907310420222,19.888832736463335,0.045456355437636375,0.4308364523830824,2.537925426043113
33.192885875701904,17.489739184066025,19.888832736463335,0.045456355437636375,0.4308364523830824,2.3990935523973107
33.213454723358154,17.62324370591326,19.90034143445996,0.018489819020032883,0.3699485196056776,2.2770977285467
33.233824014663696,17.74952945599485,19.911055218709066,0.008719692938029766,0.33729073985246943,2.1615257627142164
33.25537037849426,17.87210563715752,19.917768014025867,0.02258287835866213,0.36472003183094787,2.0456623768683464
33.273497581481934,17.97852940716147,19.917768014025867,0.02258287835866213,0.36472003183094787,1.9392386068643965
33.29311227798462,18.083590924461756,19.924145493268952,0.02005007630214095,0.39948779738275336,1.840554568807196
33.31343746185303,18.187253710657917,19.935924068305724,0.0,0.4269965274515562,1.748670357647807
33.336260080337524,18.28721294389255,19.941340192555046,0.0,0.4835881984117441,1.6541272486624976
33.35283041000366,18.381965346765284,19.941340192555046,0.0,0.4835881984117441,1.5593748457897618
33.37323331832886,18.470603997681522,19.94645105838579,0.014568502083420753,0.4860525112389587,1.4758470607042682
33.392831563949585,18.55266009393795,19.95356200417934,0.00918337982147932,0.4820939474529587,1.4009019102413909
33.412890911102295,18.627981496882388,19.95794390093007,0.03652248252183199,0.4500029631680809,1.3299624040476807
33.43292808532715,18.69664002611187,19.960030224286385,0.03652248252183199,0.4500029631680809,1.2633901981745161
33.453903913497925,18.758861165441505,19.963998675684458,0.0806775325909257,0.439348928143736,1.2051375102429525
33.47355580329895,18.819603884410622,19.969456218028654,0.11278213653713465,0.42688650496071207,1.149852333618032
33.49283695220947,18.87234226385487,19.972776579218987,0.06479284632951021,0.42011505130445587,1.1004343153641187
33.51317501068115,18.93277305347736,19.97434450655934,0.06479284632951021,0.42011505130445587,1.041571453081982
33.53325438499451,19.013168630179408,19.977301163287144,0.03866804298013449,0.4474788396409713,0.9641325331077368
33.55388808250427,19.116894280713836,19.98130427132086,0.04976939037442207,0.3774788396409713,0.8644099906070224
33.57375431060791,19.23640721342974,19.983697778051877,0.036663311533629894,0.4069176034978591,0.747290564622137
33.59285831451416,19.361419584583828,19.98588138356464,0.024230262264609337,0.41845830231672154,0.6244617989808106
33.61347222328186,19.486957070265273,19.986897260474308,0.024230262264609337,0.41845830231672154,0.4999401902090348
33.63322830200195,19.609550763120563,19.989654721957137,0.0,0.4421712037152611,0.38010395883657466
33.65303015708923,19.7268688113531,19.991262630830207,0.0,0.3734378468221985,0.2643938194771067
33.672879219055176,19.83974694348872,19.9926969912147,0.0,0.38456650711363183,0.1529500477259802
33.692856788635254,19.946566305634935,19.993352008528156,0.0,0.38456650711363183,0.046785702893220815
33.71284794807434,20.039309603078102,19.995082572656564,0.0,0.42984241507714616,-0.044227030421538416
33.73287320137024,20.12688425049549,19.99605281098436,0.0,0.3713953111297451,-0.1308314395111303
33.75287675857544,20.208560834252907,19.997257131576234,0.0,0.38167664017295466,-0.2113037026766733
33.773733139038086,20.283988160759485,19.997596522536796,0.0,0.38167664017295466,-0.286391638222689
33.79306197166443,20.353086996332525,19.998189651799834,0.0,0.36989127173786984,-0.3548973445326915
33.812992572784424,20.415969093513244,19.998676912817146,0.0,0.36233084816252814,-0.41729218069609786
33.83284544944763,20.472875914909046,19.999231417434657,0.0,0.3367590641579591,-0.47364449747438897
33.85307812690735,20.524132653478883,19.999374324982,0.0,0.3367590641579591,-0.5247583284968833
33.87382960319519,20.570114089218983,19.99960499427246,0.0,0.3806639572582208,-0.570509094946523
33.89351153373718,20.61121956702401,19.999770832347288,0.008953236043453217,0.40529666263377295,-0.6114487346767206
33.91281485557556,20.647854969393958,19.999921098451807,0.017903845757246017,0.43298992309486495,-0.6479338709421505
33.933095932006836,20.679662761077783,19.999950250290794,0.017903845757246017,0.43298992309486495,-0.6797125107869881
33.95400094985962,20.708036359562715,19.99998522230868,0.0037590283900499344,0.45218263920163737,-0.708051137254035
33.97338271141052,20.733276851502545,19.999998148152862,0.003678738539747428,0.3866438677511178,-0.7332787033496828
33.99325203895569,20.755675938483332,20.0,0.07367873853974743,0.3735001392639242,-0.755675938483332
34.01587677001953,20.775511115642516,20.0,0.10667992300324841,0.3620864672563039,-0.7755111156425158
34.032891511917114,20.793042697241535,20.0,0.10667992300324841,0.3620864672563039,-0.7930426972415354
34.05372667312622,20.808512203486973,20.0,0.07843323900335236,0.388994160850998,-0.8085122034869734
34.07596182823181,20.82214173536342,20.0,0.05014691977732583,0.3816684580384754,-0.8221417353634202
34.093493700027466,20.83413405219615,20.0,0.05014691977732583,0.3816684580384754,-0.8341340521961484
34.112972259521484,20.844673135272014,20.0,0.023270473917655188,0.4280933721899055,-0.8446731352720143
34.134212255477905,20.853925074212693,20.0,0.004292574813298422,0.4393731032474898,-0.8539250742126931
34.15788412094116,20.861957843814206,20.0,0.04083687170379563,0.4805727911158465,-0.8619578438142064
34.17293572425842,20.8690134098195,20.0,0.04083687170379563,0.4805727911158465,-0.8690134098195017
34.1935179233551,20.87520428064318,20.0,0.023481705328158575,0.43169073881348596,-0.8752042806431817
34.21423387527466,20.87831504329317,20.0,0.023481705328158575,0.43169073881348596,-0.8783150432931706
34.232898235321045,20.879204439279768,20.0,0.018711382625333506,0.4398259253217839,-0.8792044392797678
34.25398659706116,20.878527477528568,20.0,0.0,0.4867130027129315,-0.8785274775285679
34.273274183273315,20.87678039560922,20.0,0.0,0.434027749390807,-0.8767803956092202
34.297027587890625,20.87433607332708,20.0,0.015637464821338654,0.466793480606284,-0.8743360733270791
34.31336450576782,20.8714718813915,20.0,0.015637464821338654,0.466793480606284,-0.8714718813914999
34.33296346664429,20.86839154168777,20.0,0.08563746482133866,0.396793480606284,-0.868391541687771
34.35287666320801,20.865242252001007,20.0,0.07417407974600793,0.357506997527089,-0.865242252001007
34.376856565475464,20.862507958289775,20.0,0.07417407974600793,0.357506997527089,-0.8625079582897754
34.39281940460205,20.86207043467507,20.0,0.0917709168791771,0.37711244040867314,-0.8620704346750685
34.41285252571106,20.867872429666757,20.0,0.08847502659074963,0.39646263571223245,-0.8678724296667575
34.432828426361084,20.877855361182096,20.0,0.13026490475051106,0.46026642026146874,-0.8778553611820961
34.458876848220825,20.890479190265324,20.0,0.1299851526785642,0.48056386003037915,-0.8904791902653244
34.47280502319336,20.906920983513423,20.0,0.1299851526785642,0.48056386003037915,-0.9069209835134231
34.49325180053711,20.92326499013528,20.0,0.1326546412240714,0.4955313136964105,-0.9232649901352801
34.51281523704529,20.939110331522638,20.0,0.1616328716557473,0.4821185605763458,-0.9391103315226381
34.53281593322754,20.954191707510677,20.0,0.09315487596206368,0.48334269993240014,-0.9541917075106774
34.55281615257263,20.96139593577265,20.0,0.09315487596206368,0.48334269993240014,-0.96139593577265
34.57320857048035,20.949040896244107,20.0,0.09765061310492457,0.48235158528434113,-0.9490408962441066
34.59333682060242,20.93831393548629,20.0,0.13017083651386202,0.44157260562526063,-0.9383139354862884
34.612828493118286,20.902530826312642,20.0,0.12261089955456556,0.43442897917004303,-0.9025308263126419
34.63290476799011,20.84797091888064,20.0,0.11180544544942678,0.45625425362261013,-0.847970918880641
34.65369772911072,20.781806935498572,20.0,0.11180544544942678,0.45625425362261013,-0.7818069354985724
34.67352747917175,20.709326732864334,20.0,0.053221653150394566,0.5014803768065759,-0.7093267328643336
34.69331908226013,20.632053267933504,20.0,0.0801648506242782,0.46715803303988657,-0.6320532679335038
34.71277952194214,20.555803378882405,20.0,0.09033715625293554,0.5350091070798226,-0.5558033788824055
34.733253717422485,20.482274003325802,20.0,0.09033715625293554,0.5350091070798226,-0.48227400332580217
34.753830432891846,20.41257210206919,20.0,0.14295741816051305,0.5384225950040855,-0.41257210206919126
34.77319002151489,20.347365675740747,20.0,0.09237637271173299,0.5744839527108707,-0.34736567574074684
34.79276919364929,20.28700022673654,20.0,0.04318622027523816,0.5541743684955873,-0.28700022673654146
34.81509304046631,20.23458940270799,20.0,0.11318622027523817,0.5430829182663002,-0.23458940270798934
34.83316516876221,20.186083735281137,20.0,0.11318622027523817,0.5430829182663002,-0.1860837352811373
34.852972984313965,20.141568874897946,20.0,0.16633874048478903,0.5852245718636551,-0.14156887489794556
34.8738899230957,20.100999135383134,20.0,0.22240500395186247,0.5831659235921689,-0.10099913538313388
34.89630627632141,20.064238810772324,20.0,0.20663829577155413,0.6471023061242887,-0.06423881077232352
34.913264989852905,20.03109324563404,20.0,0.20663829577155413,0.6471023061242887,-0.03109324563403959
34.932776927948,20.001331969514087,20.0,0.23573936392553152,0.6255949274566956,-0.0013319695140872057
34.9549617767334,19.974705709568948,20.0,0.19502259288914503,0.6352962371823379,0.025294290431052247
34.97276329994202,19.94864235465865,20.0,0.19502259288914503,0.6352962371823379,0.05135764534135134
34.99371552467346,19.92134053143214,20.0,0.20657902826555075,0.6197061012429186,0.0786594685678601
35.01331353187561,19.889265332838452,20.0,0.2628353336919099,0.6450577988219448,0.11073466716154812
35.0357301235199,19.861416826500705,20.0,0.2278656611312181,0.6624631094676443,0.1385831734992955
35.052894115448,19.825908499228,20.0,0.2278656611312181,0.6624631094676443,0.17409150077200053
35.07356119155884,19.781382932299564,20.0,0.21728756428696216,0.6834723013383337,0.21861706770043554
35.09277534484863,19.722502241468263,20.0,0.1610285468492657,0.6994463964295574,0.2774977585317373
35.11601138114929,19.641304468422298,20.0,0.21611560658551754,0.6979622546280735,0.35869553157770184
35.13303518295288,19.53979660135709,20.0,0.21611560658551754,0.6979622546280735,0.4602033986429106
35.152594804763794,19.424540621524713,20.0,0.16662957669235767,0.7,0.575459378475287
35.17487168312073,19.302773030787385,20.0,0.16359678526408972,0.7,0.6972269692126147
35.19710969924927,19.182008122581603,20.0,0.16722850465215744,0.6952498394995927,0.8179918774183967
35.212895154953,19.062806056275935,20.0,0.16722850465215744,0.6952498394995927,0.9371939437240648
35.23346781730652,18.950147415238728,20.0,0.18191685304977,0.6896789724007248,1.0498525847612719
35.25401949882507,18.85233430677853,20.0,0.11218267456628384,0.694423949625343,1.1476656932214695
35.276774168014526,18.762395325852413,20.0,0.10240187087096275,0.6791082222945988,1.2376046741475868
35.29334735870361,18.68029589206215,20.0,0.10240187087096275,0.6791082222945988,1.3197041079378486
35.31299686431885,18.608121724192337,20.0,0.12227465734817089,0.6284487259574234,1.391878275807663
35.33270883560181,18.54474359426973,20.0,0.11118932218290867,0.6440435566939413,1.455256405730271
35.35698080062866,18.493778040171524,20.0,0.13225088045932354,0.6267124165780842,1.5062219598284763
35.37262535095215,18.452777210027946,20.0,0.13225088045932354,0.6267124165780842,1.5472227899720536
35.39286756515503,18.42209460269005,20.0,0.11549620480276646,0.6626275827176868,1.5779053973099515
35.413552045822144,18.401703815874207,20.0,0.10507131610997023,0.6103825581260025,1.5982961841257932
35.4328031539917,18.391315271234603,20.0,0.10748535684309901,0.6572497722692787,1.6086847287653967
35.453372955322266,18.390464225290856,20.0,0.10748535684309901,0.6572497722692787,1.609535774709144
35.47269940376282,18.389725325474256,20.0,0.13984958372078837,0.6991255183704197,1.6102746745257441
35.49331998825073,18.395618636784075,20.0,0.0709141745325178,0.6897523983381688,1.604381363215925
35.51265740394592,18.410595930691432,20.0,0.1109782039280981,0.7,1.5894040693085678
35.532718658447266,18.43612075227042,20.0,0.08928167737089099,0.7,1.5638792477295809
35.55275797843933,18.472931672309365,20.0,0.08928167737089099,0.7,1.5270683276906354
35.5727379322052,18.516611547526143,20.0,0.159281677370891,0.7,1.4833884524738572
35.593061208724976,18.568543982247068,20.0,0.15692642940208318,0.7,1.4314560177529323
35.61336851119995,18.636421549876623,20.0,0.14518633255735042,0.7,1.3635784501233772
35.632787466049194,18.72285078095128,20.0,0.14609710765304046,0.7,1.2771492190487201
35.65280628204346,18.819887801103025,20.0,0.14609710765304046,0.7,1.1801121988969747
35.67350149154663,18.92173538354328,20.0,0.14391523888567465,0.6799411203712225,1.0782646164567211
35.692758560180664,19.010162054910168,20.0,0.07391523888567464,0.6863436706364154,0.9898379450898318
35.71306538581848,19.10101439988842,20.0,0.051641292332205935,0.6802366667427122,0.8989856001115797
35.73264932632446,19.191157166374964,20.0,0.055187107690144344,0.7,0.808842833625036
35.75292229652405,19.276115022413276,20.0,0.055187107690144344,0.7,0.7238849775867244
35.77297830581665,19.352916137795106,20.0,0.05943781526060776,0.6667341969907283,0.6470838622048944
35.79287338256836,19.4243440036332,20.0,0.04520712715806441,0.6387641195207834,0.5756559963668018
35.81264281272888,19.490157241704242,20.0,0.0910382598382421,0.6800428580492734,0.5098427582957576
35.83265280723572,19.548019820253447,20.0,0.06267561686458067,0.6484650287777185,0.4519801797465526
35.85403323173523,19.601151412307132,20.0,0.071746949267108,0.6076027777045965,0.3988485876928678
35.87307906150818,19.6495966762865,20.0,0.071746949267108,0.6076027777045965,0.35040332371350047
35.89315319061279,19.695826486819374,20.0,0.0339906738814898,0.5815975468605756,0.3041735131806256
35.91334915161133,19.73596438862713,20.0,0.01971257214667277,0.5853306975215673,0.2640356113728686
35.93326210975647,19.77414785612966,20.0,0.0,0.5756283894181251,0.22585214387034114
35.9546160697937,19.816916534845028,20.0,0.0,0.581286677904427,0.1830834651549722
35.97362399101257,19.871008239866125,20.0,0.0,0.581286677904427,0.12899176013387503
35.99267220497131,19.93848816042408,20.0,0.038888923823833466,0.5674798440188169,0.0615118395759211
36.01310729980469,20.013488847282137,20.0,0.008953409269452095,0.6064155016094446,-0.013488847282136618
36.03332757949829,20.09173667605914,20.0,0.0,0.6089190259110182,-0.09173667605913849
36.05581498146057,20.17481038900428,20.0,0.03170030564069748,0.5456578447949141,-0.17481038900427848
36.072611570358276,20.265995711999533,20.0,0.03170030564069748,0.5456578447949141,-0.2659957119995333
36.09261655807495,20.367361065303275,20.0,0.07368192449212074,0.5772512122523039,-0.3673610653032746
36.1133770942688,20.480074839520352,20.0,0.07642407855018973,0.5072512122523039,-0.480074839520352
36.13633441925049,20.57793581601493,20.0,0.09548017894849181,0.5098156930133699,-0.5779358160149286
36.153345584869385,20.684982191599776,20.0,0.09548017894849181,0.5098156930133699,-0.6849821915997758
36.172786712646484,20.79790371781675,20.0,0.0598158142529428,0.4398156930133699,-0.7979037178167516
36.193540811538696,20.911929973830166,20.0,0.09234873717650771,0.4593724202737211,-0.9119299738301656
36.216776609420776,21.02371840367227,20.0,0.08321450231596828,0.5162192065641282,-1.0237184036722695
36.233015298843384,21.131006311069488,20.0,0.08321450231596828,0.5162192065641282,-1.1310063110694877
36.2536985874176,21.232340682273428,20.0,0.06847836682572961,0.504396238774061,-1.2323406822734277
36.274019718170166,21.329185535275258,20.0,0.05050416523590684,0.5318175698071717,-1.3291855352752577
36.296916484832764,21.41804337292038,20.0,0.09879181766882539,0.5316837105806915,-1.4180433729203799
36.31331014633179,21.499011747174134,20.0,0.09879181766882539,0.5316837105806915,-1.4990117471741335
36.33344554901123,21.570049993607395,20.0,0.1496675075031817,0.510926646357402,-1.5700499936073946
36.35358190536499,21.631727212853313,20.0,0.12379478896036744,0.47733456379733963,-1.6317272128533133
36.37347054481506,21.688184846729275,20.0,0.17614020267501473,0.43201395980082435,-1.6881848467292748
36.39738607406616,21.739529123838203,20.0,0.16164546785876155,0.4373836388718335,-1.739529123838203
36.412649631500244,21.78365224237844,20.0,0.16164546785876155,0.4373836388718335,-1.7836522423784409
36.43348217010498,21.821596825429886,20.0,0.13381664967164397,0.4491476120334117,-1.8215968254298858
36.452802658081055,21.851933545136685,20.0,0.18224614998325706,0.49178220721892996,-1.851933545136685
36.47407603263855,21.86460473044283,20.0,0.14818513533100486,0.5335745552461593,-1.8646047304428315
36.4966402053833,21.84150835277357,20.0,0.07818513533100485,0.5531083030533044,-1.8415083527735696
36.51300096511841,21.764064703498324,20.0,0.07818513533100485,0.5531083030533044,-1.764064703498324
36.53280735015869,21.627750041522315,20.0,0.046578818764537566,0.5722151940595357,-1.6277500415223152
36.552881956100464,21.451820936876015,20.0,0.05050258042290806,0.5448022356163709,-1.4518209368760147
36.57394814491272,21.299074796538754,20.0,0.06321747770532965,0.5510479218233375,-1.2990747965387541
36.59622550010681,21.12271125791583,20.0,0.0893399099074304,0.5811061902809886,-1.1227112579158316
36.61274170875549,20.932275230993927,20.0,0.0893399099074304,0.5811061902809886,-0.9322752309939268
36.63287830352783,20.73708365042605,20.0,0.08918829382280818,0.6511061902809887,-0.737083650426051
36.65313196182251,20.546049556838177,20.0,0.1039088715694379,0.6371738420519977,-0.5460495568381774
36.675254583358765,20.362937855564258,20.0,0.1468352277658414,0.6219547357130795,-0.36293785556425817
36.693564653396606,20.192471130427524,20.0,0.1468352277658414,0.6219547357130795,-0.19247113042752417
36.712807178497314,20.03527999062007,20.0,0.1976746407232713,0.6191838878393172,-0.0352799906200687
36.73321294784546,19.89376891638575,20.0,0.15759635091642848,0.6050267565250396,0.10623108361425082
36.7556836605072,19.776143810424358,20.0,0.21566806481103412,0.6535889330506324,0.2238561895756419
36.778403520584106,19.680525775711782,20.0,0.19246146389166824,0.6226478248089551,0.3194742242882178
36.792693853378296,19.597507756729968,20.0,0.19246146389166824,0.6226478248089551,0.4024922432700322
36.81277537345886,19.53063506141502,20.0,0.17798853599349967,0.5868178597837685,0.46936493858498096
36.83278775215149,19.479055362738332,20.0,0.1661102597496938,0.6568178597837686,0.5209446372616675
36.85541343688965,19.437140909560235,20.0,0.14903723568539134,0.6574183512013405,0.5628590904397655
36.872775077819824,19.398411701500077,20.0,0.14903723568539134,0.6574183512013405,0.601588298499923
36.89284563064575,19.36059925842716,20.0,0.07903723568539134,0.6085040267091244,0.6394007415728389
36.912798166275024,19.322103777204415,20.0,0.10149799437145701,0.5850200294982641,0.6778962227955851
36.933712005615234,19.281832067286906,20.0,0.03919147104839793,0.5669899783562868,0.7181679327130936
36.95285153388977,19.243704328408214,20.0,0.1007762752554845,0.5443667206447571,0.7562956715917863
36.979063749313354,19.208070602352144,20.0,0.05020291508059016,0.5777654718142002,0.7919293976478556
36.99289059638977,19.175108291846687,20.0,0.05020291508059016,0.5777654718142002,0.8248917081533129
37.01286578178406,19.146489572298098,20.0,0.10317540318588725,0.6087047490756958,0.8535104277019023
37.03369092941284,19.12465540566664,20.0,0.07798450217465869,0.6330234236549586,0.8753445943333595
37.053635120391846,19.110425441909605,20.0,0.12591034323791972,0.6541098482441157,0.8895745580903949
37.072728872299194,19.10416858588379,20.0,0.10788403228740207,0.6270818314980715,0.8958314141162091
37.092641830444336,19.103614593190077,20.0,0.10788403228740207,0.6270818314980715,0.8963854068099231
37.113285541534424,19.10935264623586,20.0,0.15457016751985064,0.630948470486328,0.8906473537641411
37.133907318115234,19.12162615339107,20.0,0.14289493077318183,0.6253524502273649,0.8783738466089304
37.15289330482483,19.138115592061872,20.0,0.15495023094932547,0.6563206096645444,0.8618844079381276
37.17293334007263,19.15709875683213,20.0,0.15925194519455543,0.6484566187020391,0.8429012431678693
37.193379402160645,19.177313715645607,20.0,0.15925194519455543,0.6484566187020391,0.8226862843543934
37.21279811859131,19.195535143313094,20.0,0.14236166524584404,0.7,0.8044648566869057
37.23289895057678,19.211355452029146,20.0,0.15097087166155687,0.7,0.7886445479708541
37.252875089645386,19.225627275418663,20.0,0.12258225782657972,0.7,0.7743727245813368
37.272889137268066,19.238447418822858,20.0,0.1733253198757302,0.7,0.761552581177142
37.29381775856018,19.249921380208555,20.0,0.1733253198757302,0.7,0.7500786197914451
37.31282043457031,19.255525218714144,20.0,0.16315555582637897,0.6980693691177293,0.7444747812858559
37.33403038978577,19.256904096206597,20.0,0.1952914373099338,0.7,0.7430959037934031
37.353764057159424,19.25531205831324,20.0,0.19290423054131678,0.7,0.7446879416867596
37.37343502044678,19.249382090654045,20.0,0.18000606294604948,0.6979249620810151,0.7506179093459551
37.392961740493774,19.240595365562243,20.0,0.1400386489543598,0.6800509000197053,0.7594046344377574
37.41328811645508,19.227739617800978,20.0,0.1400386489543598,0.6800509000197053,0.7722603821990219
37.43295383453369,19.210080070327017,20.0,0.15344629004481247,0.6556374559178948,0.7899199296729833
37.45320105552673,19.194747600340463,20.0,0.12288596048834732,0.66089698234573,0.8052523996595369
37.472883462905884,19.176237271205743,20.0,0.1403244020033162,0.6454716756008565,0.8237627287942573
37.49296498298645,19.15600750107115,20.0,0.13811188783380202,0.6479688727296888,0.8439924989288485
37.51292443275452,19.135116594318802,20.0,0.09509646367165259,0.6975950592197477,0.8648834056811978
37.53347611427307,19.114317052641482,20.0,0.09509646367165259,0.6975950592197477,0.8856829473585179
37.55345964431763,19.09412914106791,20.0,0.10403114031883887,0.68150783078745,0.9058708589320901
37.57370138168335,19.074898106056438,20.0,0.10350084355683065,0.7,0.9251018939435625
37.59371376037598,19.05683853065868,20.0,0.07612579739303327,0.7,0.9431614693413195
37.613094329833984,19.044701282536483,20.0,0.08499456434161401,0.7,0.955298717463517
37.634217977523804,19.036997442894926,20.0,0.07675716052413917,0.6762917608022689,0.9630025571050744
37.653076171875,19.03489234395935,20.0,0.07675716052413917,0.6762917608022689,0.9651076560406509
37.67306470870972,19.03306464331775,20.0,0.12629433865309692,0.6968894515186548,0.9669353566822494
37.69313955307007,19.035144644020974,20.0,0.11300316317589021,0.6922647345811128,0.9648553559790258
37.7139835357666,19.044516735555703,20.0,0.1297651031485293,0.6888939091470092,0.9554832644442968
37.73507070541382,19.074921206751515,20.0,0.09954001060337758,0.6601909609045833,0.9250787932484847
37.75610947608948,19.133031139047265,20.0,0.060715467246482135,0.632032057782635,0.8669688609527348
37.77366042137146,19.208853261195895,20.0,0.060715467246482135,0.632032057782635,0.7911467388041054
37.793654441833496,19.294979639725984,20.0,0.04872807259322143,0.6082683266606181,0.7050203602740162
37.813509702682495,19.38599330147663,20.0,0.051159629874164225,0.6105464336462318,0.6140066985233688
37.83320593833923,19.480319267181795,20.0,0.09914610748761332,0.5827451937831938,0.5196807328182054
37.85565161705017,19.57677629165474,20.0,0.09672658242867327,0.5825052632892038,0.4232237083452617
37.8731255531311,19.67912043745256,20.0,0.09672658242867327,0.5825052632892038,0.32087956254743943
37.893017053604126,19.767978237804357,20.0,0.07713897251174784,0.5703246797376778,0.23202176219564308
37.91293406486511,19.864637700473985,20.0,0.0636540567933116,0.6009109913313295,0.1353622995260153
37.932775020599365,19.964168595202484,20.0,0.04072966337786055,0.6196423209214117,0.03583140479751634
37.955331563949585,20.06307080427455,20.0,0.04049340150901115,0.5806691757345106,-0.06307080427454892
37.97269821166992,20.158929783383712,20.0,0.04049340150901115,0.5806691757345106,-0.15892978338371222
37.99279499053955,20.250148641321843,20.0,0.0,0.6148194967710878,-0.250148641321843
38.01286268234253,20.335740498615436,20.0,0.0,0.6165130764886271,-0.3357404986154364
38.03346109390259,20.41516818710457,20.0,0.0,0.5741101831838022,-0.4151681871045696
38.056272983551025,20.490537404398527,20.0,0.0172354094684124,0.5705656625970732,-0.4905374043985269
38.078736543655396,20.565734035498956,20.0,0.04548441432416439,0.5121762186929117,-0.5657340354989557
38.093762159347534,20.655043428973265,20.0,0.04548441432416439,0.5121762186929117,-0.655043428973265
38.112892389297485,20.732584124564756,20.0,0.01658323034644127,0.5224135855853091,-0.732584124564756
38.13347578048706,20.837655127651917,20.0,0.043784329667687416,0.45241358558530914,-0.8376551276519173
38.15619111061096,20.97529344488471,20.0,0.04399090149672702,0.4691224494844209,-0.9752934448847093
38.178964138031006,21.138873982041737,20.0,0.020077653985936195,0.5321121388941537,-1.138873982041737
38.19293284416199,21.316162329660838,20.0,0.020077653985936195,0.5321121388941537,-1.3161623296608376
38.21312141418457,21.498299438530143,20.0,0.01971971627790481,0.5318707752402405,-1.4982994385301431
38.23419499397278,21.6813205459798,20.0,0.027220661868341267,0.5115305952157359,-1.6813205459798013
38.255202770233154,21.860132159696853,20.0,0.03489380015525967,0.44842601040261787,-1.8601321596968532
38.27288579940796,22.03130738038608,20.0,0.03489380015525967,0.44842601040261787,-2.0313073803860817
38.29395580291748,22.19266720720562,20.0,0.03147545631509274,0.5042932353343348,-2.19266720720562
38.31294822692871,22.342956832487346,20.0,0.004634885000996292,0.5245698451425413,-2.3429568324873458
38.33894968032837,22.473442122233287,20.0,0.025690793874673545,0.5041229318256955,-2.473442122233287
38.35375690460205,22.59488710537835,20.0,0.025690793874673545,0.5041229318256955,-2.5948871053783513
38.37346887588501,22.70685219889455,20.0,0.04741123307030648,0.5439179691846947,-2.7068521988945484
38.392966985702515,22.80928191849949,20.0,0.05639022670220584,0.49472086908179325,-2.80928191849949
38.4131543636322,22.9023890296631,20.0,0.05639022670220584,0.49472086908179325,-2.9023890296631016
38.433499813079834,22.986567011470928,20.0,0.07185896660666913,0.49640577352954995,-2.986567011470928
38.45283007621765,23.062324493048923,20.0,0.054872862878255546,0.47436631164862764,-3.062324493048923
38.473525524139404,23.130236679620506,20.0,0.0,0.4570424134971107,-3.1302366796205057
38.492796897888184,23.19090985939058,20.0,0.0,0.47272719323053014,-3.1909098593905796
38.51277804374695,23.242639583449176,20.0,0.0,0.47272719323053014,-3.2426395834491757
38.53317666053772,23.286794026857326,20.0,0.0,0.4509138322563375,-3.2867940268573257
38.55348181724548,23.325130041940756,20.0,0.0,0.4396036702336277,-3.3251300419407563
38.5728178024292,23.357807450007456,20.0,0.02573872171342373,0.4210972345562185,-3.3578074500074564
38.59343123435974,23.38800963887402,20.0,0.06601160578429699,0.3851328014524187,-3.3880096388740206
38.61331653594971,23.415696613457847,20.0,0.021229663863778114,0.3805539796256925,-3.415696613457847
38.632803440093994,23.44090688216265,20.0,0.0029841866344213486,0.3754083190241362,-3.4409068821626505
38.654009103775024,23.463732465492168,20.0,0.0029841866344213486,0.3754083190241362,-3.4637324654921677
38.67283868789673,23.484300127216688,20.0,0.07298418663442136,0.37818494319333684,-3.484300127216688
38.69278645515442,23.502757422253676,20.0,0.043877927288413054,0.36940753619535815,-3.5027574222536764
38.71303343772888,23.51694610976609,20.0,0.030851393640041358,0.38580174531205547,-3.5169461097660886
38.732781410217285,23.525479616613943,20.0,0.0,0.36352431002422225,-3.525479616613943
38.752835273742676,23.522911201753704,20.0,0.0,0.36352431002422225,-3.522911201753704
38.77361536026001,23.5206812383973,20.0,0.0,0.37710936899646175,-3.5206812383973016
38.79295063018799,23.506130492408232,20.0,0.0,0.39088610719307315,-3.506130492408232
38.81375479698181,23.481089107262683,20.0,0.0,0.40770683597191226,-3.481089107262683
38.83297777175903,23.44942109255867,20.0,0.0013897933531552553,0.39399802285595786,-3.4494210925586692
38.85360598564148,23.41398495784286,20.0,0.0013897933531552553,0.39399802285595786,-3.4139849578428603
38.87279987335205,23.376865476293524,20.0,0.0009239964711014181,0.42158587064011943,-3.376865476293524
38.893036127090454,23.339555054977758,20.0,0.0,0.45571411933167827,-3.339555054977758
38.91299605369568,23.303095322827705,20.0,0.05579381436109543,0.4565743094671051,-3.303095322827705
38.932860374450684,23.268187355087132,20.0,0.07640639692544937,0.4718068948376457,-3.2681873550871323
38.953492403030396,23.235277208310645,20.0,0.07640639692544937,0.4718068948376457,-3.235277208310645
38.97368121147156,23.204622052290244,20.0,0.09301494434475899,0.43854266390088004,-3.2046220522902438
38.99375009536743,23.178006463170032,20.0,0.05496583878993988,0.43559961588005525,-3.178006463170032
39.01384115219116,23.153232748085117,20.0,0.040244122967123985,0.44299529966781837,-3.1532327480851166
39.03287935256958,23.13039127127942,20.0,0.04087195638567209,0.42773650408606034,-3.1303912712794215
39.053499937057495,23.107177525969174,20.0,0.04087195638567209,0.42773650408606034,-3.107177525969174
39.07358193397522,23.084317006034198,20.0,0.0502903051674366,0.48102694571833116,-3.0843170060341976
39.09338188171387,23.062304316104612,20.0,0.07350102998316288,0.411349458702607,-3.062304316104612
39.112953424453735,23.041460654404887,20.0,0.1267340835183859,0.426890632220311,-3.0414606544048866
39.13347864151001,23.021978309319472,20.0,0.07002375833690166,0.44466163040022355,-3.021978309319472
39.15307879447937,23.00395496324142,20.0,0.07597761554643512,0.4114465546689461,-3.0039549632414193
39.17313480377197,22.98742001268497,20.0,0.07597761554643512,0.4114465546689461,-2.9874200126849715
39.193363666534424,22.972354649387643,20.0,0.0738692213781178,0.4165471308759878,-2.9723546493876434
39.21334743499756,22.959274516335913,20.0,0.04833712289109826,0.4325570017925928,-2.9592745163359133
39.23309135437012,22.945034225131085,20.0,0.0989431799389422,0.3954234571091364,-2.945034225131085
39.253273010253906,22.932679760229174,20.0,0.11619765358045697,0.42544273295323354,-2.932679760229174
39.27324414253235,22.919644405887937,20.0,0.11619765358045697,0.42544273295323354,-2.9196444058879365
39.293604373931885,22.90184696828101,20.0,0.11067009251564741,0.49544273295323354,-2.90184696828101
39.31348180770874,22.881210930432946,20.0,0.09392557945102453,0.48973911839420897,-2.881210930432946
39.33364462852478,22.859147117008135,20.0,0.11401712242513895,0.4956686950928996,-2.859147117008135
39.35336947441101,22.834356739991005,20.0,0.0972328344359994,0.5656686950928996,-2.834356739991005
39.37328124046326,22.79906050069108,20.0,0.0972328344359994,0.5656686950928996,-2.7990605006910805
39.392831802368164,22.75044827948642,20.0,0.06771196145564318,0.5414140172756742,-2.7504482794864202
39.41366720199585,22.691551859752487,20.0,0.04785552155226469,0.49293741811881764,-2.6915518597524866
39.43351340293884,22.64041648444248,20.0,0.04292998043820262,0.5547891207493375,-2.640416484442479
39.45390439033508,22.58266740752612,20.0,0.09415981872007251,0.5773005377955268,-2.5826674075261202
39.475701332092285,22.52184655372412,20.0,0.16415981872007251,0.6156628396816085,-2.521846553724121
39.493329763412476,22.46049503096767,20.0,0.16415981872007251,0.6156628396816085,-2.460495030967671
39.5129508972168,22.400391828807432,20.0,0.12822094110772014,0.6027012853405903,-2.4003918288074324
39.53352880477905,22.340423351120673,20.0,0.13783078191801906,0.6082557467266451,-2.3404233511206733
39.5541672706604,22.282128913274185,20.0,0.13494395807385445,0.6170158963173161,-2.2821289132741853
39.57710790634155,22.226533574447476,20.0,0.18030708253383637,0.5483939479559193,-2.226533574447476
39.593517541885376,22.174278186213144,20.0,0.18030708253383637,0.5483939479559193,-2.1742781862131437
39.61389756202698,22.125719847485822,20.0,0.15374724350869656,0.576416594859911,-2.125719847485822
39.63397240638733,22.078692808750255,20.0,0.1812660299986601,0.5283754560619126,-2.0786928087502545
39.65581774711609,22.037862733062724,20.0,0.22782825462520123,0.543467114631785,-2.037862733062724
39.67337083816528,21.99620271138592,20.0,0.22782825462520123,0.543467114631785,-1.9962027113859193
39.69310164451599,21.952747822832254,20.0,0.2602843061834574,0.5173846883221994,-1.9527478228322543
39.71379065513611,21.90687515576742,20.0,0.2131963574141264,0.5873846883221994,-1.9068751557674197
39.73343634605408,21.85821576825952,20.0,0.2117083046399057,0.5173846883221993,-1.8582157682595195
39.75733542442322,21.804270496101772,20.0,0.18254258221015335,0.5490615842386612,-1.804270496101772
39.773547649383545,21.7225956449283,20.0,0.18254258221015335,0.5490615842386612,-1.722595644928301
39.79365158081055,21.579802289404213,20.0,0.14567246397957206,0.6014335592731366,-1.5798022894042134
39.81300330162048,21.36125895152236,20.0,0.11903820483013988,0.5887844440981278,-1.361258951522359
39.833754539489746,21.086595452817644,20.0,0.09737628063187004,0.6135823046311268,-1.0865954528176438
39.855926752090454,20.780190716286633,20.0,0.09920133492443711,0.6178190949826965,-0.7801907162866328
39.876643896102905,20.514162301145994,20.0,0.05505750170443208,0.6048740334331522,-0.5141623011459941
39.8931348323822,20.231158087606318,20.0,0.05505750170443208,0.6048740334331522,-0.2311580876063175
39.91315770149231,19.94150501469704,20.0,0.05834183660801501,0.5968488230824003,0.0584949853029606
39.93295764923096,19.65718389826848,20.0,0.021754493988119072,0.6456042751192579,0.34281610173151833
39.954432249069214,19.388692203423027,20.0,0.003646001270972199,0.6357174524560103,0.6113077965769733
39.97850775718689,19.140587733124374,20.0,0.0,0.6597606660320887,0.8594122668756263
39.99363327026367,18.91549894495504,20.0,0.0,0.6597606660320887,1.08450105504496
40.01388335227966,18.719277634410744,20.0,0.0,0.5948674501373896,1.2807223655892557
40.03372120857239,18.566809285208667,20.0,0.0,0.5830563082813749,1.4331907147913334
40.05470585823059,18.476545350643843,20.0,0.020480530336499214,0.5130563082813748,1.5234546493561574
40.0784695148468,18.468927850584866,20.0,0.0658807773143053,0.5618291425227651,1.5310721494151345
40.09362316131592,18.46231414254965,20.0,0.0658807773143053,0.5618291425227651,1.5376858574503487
40.11299133300781,18.545602387537997,20.0,0.08716944232583046,0.5343358426063785,1.454397612462003
40.13416409492493,18.70998684917257,20.0,0.06126478314399719,0.6043358426063785,1.2900131508274306
40.15639781951904,18.940264908911907,20.0,0.0788897443562746,0.542889023151947,1.0597350910880934
40.17853236198425,19.217191462479,20.0,0.13156276009976864,0.5144274867593774,0.7828085375209994
40.19363975524902,19.521537124899446,20.0,0.13156276009976864,0.5144274867593774,0.4784628751005542
40.2135694026947,19.834590217916745,20.0,0.1759216245263815,0.5191631866141686,0.1654097820832554
40.233474016189575,20.145440840771467,20.0,0.1739785117097199,0.5299220866977701,-0.14544084077146735
40.25300979614258,20.448885583909046,20.0,0.16099061584100127,0.5703105851530561,-0.4488855839090462
40.27703809738159,20.736872745914592,20.0,0.12727956240996718,0.5759457153722176,-0.7368727459145923
40.29366445541382,20.986910552629215,20.0,0.12727956240996718,0.5759457153722176,-0.9869105526292152
40.31342339515686,21.221306363064095,20.0,0.14413244230672717,0.5610227984830269,-1.2213063630640946
40.33323788642883,21.436343724310234,20.0,0.1189054879359901,0.5264044766768345,-1.436343724310234
40.352805376052856,21.620686058461782,20.0,0.12881352147087455,0.5047082351043353,-1.6206860584617822
40.37295317649841,21.755686424176357,20.0,0.11020076600834727,0.4695790567889342,-1.755686424176357
40.39294934272766,21.83432611951625,20.0,0.11020076600834727,0.4695790567889342,-1.8343261195162484
40.41298031806946,21.864797211407414,20.0,0.1439626100473106,0.48604012927855345,-1.8647972114074136
40.4338960647583,21.85869192377134,20.0,0.1583593967370689,0.5404718731984028,-1.8586919237713388
40.45386981964111,21.829658651190535,20.0,0.12980772322043777,0.5549126658111343,-1.8296586511905346
40.473572969436646,21.785465217897414,20.0,0.13214999274350703,0.5807737037062177,-1.7854652178974142
40.49298405647278,21.727273850805027,20.0,0.10433671087957919,0.5107737037062177,-1.7272738508050267
40.513274908065796,21.656260724034656,20.0,0.10433671087957919,0.5107737037062177,-1.6562607240346559
40.53305125236511,21.5946053143214,20.0,0.10110897035337985,0.5103184643550773,-1.5946053143213987
40.55311846733093,21.524682596539296,20.0,0.07077235006727278,0.5234698529704471,-1.5246825965392965
40.57316017150879,21.45086037420377,20.0,0.017465878510847688,0.5127667316584845,-1.4508603742037707
40.59296989440918,21.376275209164948,20.0,0.022211962146684527,0.5085286700516005,-1.3762752091649482
40.61305546760559,21.305442151243685,20.0,0.009727753465995193,0.5213118397979994,-1.3054421512436853
40.6341392993927,21.2390820311947,20.0,0.009727753465995193,0.5213118397979994,-1.2390820311947017
40.654165744781494,21.1798939882317,20.0,0.012621710076928139,0.4770733506768008,-1.1798939882317008
40.672951459884644,21.129563772287153,20.0,0.01781263668090105,0.49489531641593176,-1.1295637722871525
40.69334173202515,21.086712477091407,20.0,0.039571638219058514,0.5427149233757516,-1.0867124770914067
40.7130069732666,21.052501583264096,20.0,0.010964571498334408,0.5141213999479075,-1.052501583264096
40.733327865600586,21.025193767563344,20.0,0.010964571498334408,0.5141213999479075,-1.0251937675633442
40.75326323509216,21.001484424770307,20.0,0.060168041847646236,0.5158833387424235,-1.0014844247703074
40.7730438709259,20.987448028810018,20.0,0.09494901355355978,0.5446652221609836,-0.987448028810018
40.793139696121216,20.98744924434827,20.0,0.07573073823004961,0.5367263659019952,-0.9874492443482694
40.81396198272705,21.001833374179675,20.0,0.1399644585326314,0.5347060853266155,-1.0018333741796752
40.83298206329346,21.030461198687938,20.0,0.14422668097540736,0.5417149796732699,-1.030461198687938
40.85372447967529,21.068227931424566,20.0,0.14422668097540736,0.5417149796732699,-1.0682279314245662
40.87385964393616,21.111347032693377,20.0,0.1344231734983623,0.530717656353954,-1.1113470326933772
40.893836975097656,21.157047385039,20.0,0.17184481350705028,0.5852977562346493,-1.1570473850390002
40.91338086128235,21.203336195923765,20.0,0.20469297049567103,0.580314969050232,-1.2033361959237645
40.93338394165039,21.246497453813536,20.0,0.17609599931165576,0.5973119953298007,-1.2464974538135358
40.95359683036804,21.28403251616465,20.0,0.20509568927809596,0.6287470230483447,-1.2840325161646504
40.97405505180359,21.316621415613536,20.0,0.21115618478506804,0.6620061577879821,-1.316621415613536
40.99377942085266,21.34264866709859,20.0,0.21115618478506804,0.6620061577879821,-1.3426486670985902
41.01312971115112,21.35879968473642,20.0,0.20100245252251625,0.623341358604375,-1.3587996847364217
41.03319334983826,21.36303250914931,20.0,0.23238515108823776,0.6117817883961831,-1.3630325091493098
41.05371904373169,21.344977545704513,20.0,0.2121785581111908,0.6000404277467166,-1.3449775457045128
41.07371211051941,21.295703321152168,20.0,0.2711331695318222,0.5947161902324294,-1.2957033211521676
41.093825817108154,21.20982898931646,20.0,0.24013584852218628,0.6066701904521321,-1.2098289893164598
41.11422419548035,21.091530755965334,20.0,0.18722334131598473,0.6423402734682893,-1.0915307559653336
41.13447427749634,20.949196556523795,20.0,0.12672187760472298,0.6747158401296471,-0.9491965565237948
41.152939796447754,20.789285952076646,20.0,0.12672187760472298,0.6747158401296471,-0.7892859520766464
41.173431158065796,20.612116155425543,20.0,0.11907748598605394,0.656697186513338,-0.612116155425543
41.19293665885925,20.458292814613337,20.0,0.13420108426362276,0.6932996538118457,-0.45829281461333693
41.21358609199524,20.28712535684453,20.0,0.11980677954852581,0.7,-0.28712535684453044
41.233875036239624,20.11073846319768,20.0,0.11041043233126402,0.6931484702974557,-0.11073846319768066
41.253939628601074,19.935374909402835,20.0,0.121621984988451,0.6422238301485776,0.06462509059716481
41.275468587875366,19.767660183350646,20.0,0.08666945993900299,0.6732449203729629,0.232339816649354
41.29581260681152,19.6119946351933,20.0,0.1050062756985426,0.7,0.38800536480669834
41.313124895095825,19.47111710720625,20.0,0.1050062756985426,0.7,0.5288828927937494
41.33368492126465,19.34654020892062,20.0,0.1375878881663084,0.7,0.6534597910793813
41.35398888587952,19.238884967943395,20.0,0.18964283354580402,0.7,0.7611150320566047
41.3730742931366,19.148136769413192,20.0,0.17296668328344822,0.7,0.8518632305868081
41.39317870140076,19.073839878825925,20.0,0.11440115235745907,0.6535490311682224,0.9261601211740746
41.41332793235779,19.009333421528368,20.0,0.14424645714461803,0.6372987151145935,0.9906665784716324
41.43571949005127,18.96155437437343,20.0,0.12368026748299599,0.6215036071836948,1.0384456256265686
41.45617365837097,18.92896941865977,20.0,0.11030458100140095,0.6653691910207271,1.0710305813402314
41.4734103679657,18.905480406398183,20.0,0.11030458100140095,0.6653691910207271,1.0945195936018166
41.49326705932617,18.891244656911823,20.0,0.11903095804154873,0.6501414941623807,1.108755343088177
41.513927936553955,18.881494876197358,20.0,0.13206532504409552,0.6200224122032523,1.1185051238026418
41.533599615097046,18.87743426409792,20.0,0.06206532504409551,0.664176851324737,1.1225657359020786
41.55318546295166,18.877432254153305,20.0,0.06847072748467325,0.648044310323894,1.1225677458466947
41.5760178565979,18.8825656708742,20.0,0.11272346584126353,0.5793855560943484,1.1174343291257998
41.59690833091736,18.900396156115164,20.0,0.08735414205119013,0.5854550337418913,1.099603843884836
41.61333513259888,18.940473944565444,20.0,0.08735414205119013,0.5854550337418913,1.0595260554345565
41.63344144821167,18.975270503732506,20.0,0.13206763548776507,0.5880420359782874,1.0247294962674935
41.652982234954834,19.03442468188045,20.0,0.14566087706014513,0.5714232384227216,0.9655753181195514
41.67484164237976,19.11125453137515,20.0,0.14170438826084136,0.6186197011731565,0.888745468624851
41.69675302505493,19.200653061748817,20.0,0.1050418022274971,0.562753318157047,0.7993469382511833
41.71295523643494,19.29642546305864,20.0,0.1050418022274971,0.562753318157047,0.7035745369413604
41.733867168426514,19.394100958890576,20.0,0.08897116065025329,0.6029319710098207,0.6058990411094243
41.75373649597168,19.49052407960908,20.0,0.09977359354496002,0.6019444223958998,0.5094759203909192
41.773372411727905,19.583536103986766,20.0,0.0662711489200592,0.5814144164789468,0.41646389601323364
41.795233488082886,19.674043873681946,20.0,0.0653956182138063,0.5604895093012601,0.3259561263180544
41.81688594818115,19.758110566356816,20.0,0.05835805636132135,0.5856382977683097,0.24188943364318405
41.832903146743774,19.831099415261725,20.0,0.05835805636132135,0.5856382977683097,0.16890058473827452
41.85385274887085,19.901174974460865,20.0,0.08890012268209829,0.5209670719224959,0.09882502553913497
41.873114585876465,19.96738018574042,20.0,0.09583966609323397,0.5141215506475418,0.03261981425957927
41.893815994262695,20.029152297807745,20.0,0.06853792805457487,0.5507155876141041,-0.02915229780774453
41.91333627700806,20.08621726848959,20.0,0.0,0.5686844396870583,-0.08621726848959099
41.9367618560791,20.13850880966792,20.0,0.0,0.5777393864002078,-0.13850880966791834
41.953338861465454,20.18610668214096,20.0,0.0,0.5777393864002078,-0.18610668214095938
41.97325253486633,20.229189987337904,20.0,0.0,0.5732425023335963,-0.22918998733790374
41.9936146736145,20.268002106546472,20.0,0.05692977085709572,0.5472692419309169,-0.26800210654647216
42.01350474357605,20.309773698550334,20.0,0.04315394349396229,0.5465350683545693,-0.3097736985503339
42.03837990760803,20.373347129314105,20.0,0.0,0.4817579474067315,-0.3733471293141051
42.053367376327515,20.428543205009973,20.0,0.0,0.4817579474067315,-0.4285432050099729
42.07329702377319,20.52147434247873,20.0,0.011526557616889477,0.46550052163656797,-0.5214743424787294
42.094300985336304,20.656697109608462,20.0,0.03295555990189314,0.45282391381915654,-0.6566971096084622
42.11362814903259,20.817731033179488,20.0,0.03295555990189314,0.45282391381915654,-0.8177310331794878
42.13329792022705,20.9924488488134,20.0,0.07837989460676908,0.48641432744916524,-0.9924488488133996
42.15306758880615,21.174382906627173,20.0,0.09197341650724411,0.48160666057374324,-1.174382906627173
42.175039768218994,21.356534372236368,20.0,0.0958345199469477,0.5042210967978462,-1.3565343722363679
42.19724416732788,21.53403626252059,20.0,0.14627951779402792,0.5245018454035744,-1.5340362625205906
42.21322202682495,21.703630605339466,20.0,0.14627951779402792,0.5245018454035744,-1.703630605339466
42.23390746116638,21.863262879592522,20.0,0.1683373546693474,0.5227207289310172,-1.8632628795925221
42.25317668914795,22.011768604399343,20.0,0.20065192342735827,0.5229951909161172,-2.011768604399343
42.273905754089355,22.14863219316368,20.0,0.15055665583349764,0.5475464893854223,-2.1486321931636816
42.29302620887756,22.26746065522224,20.0,0.12331495643593371,0.559785470587667,-2.2674606552222407
42.31551384925842,22.37465591329671,20.0,0.17044151411391795,0.5296221005148254,-2.37465591329671
42.333134174346924,22.466313159797977,20.0,0.17044151411391795,0.5296221005148254,-2.466313159797977
42.35362362861633,22.52623160595064,20.0,0.1261620840523392,0.5197940023965202,-2.5262316059506382
42.37318301200867,22.53472958137678,20.0,0.09519827947951853,0.5480745325214229,-2.53472958137678
42.393561124801636,22.486440808396626,20.0,0.15288049564696848,0.5803207980818115,-2.486440808396626
42.41298580169678,22.393032672804864,20.0,0.1339124517980963,0.5791538006043992,-2.393032672804864
42.43295693397522,22.27074727264557,20.0,0.16977480077184737,0.5845620569190941,-2.2707472726455684
42.45631504058838,22.13162710852028,20.0,0.13486828678287566,0.5899877471267245,-2.1316271085202807
42.47325778007507,21.984480344030274,20.0,0.13486828678287566,0.5899877471267245,-1.984480344030274
42.49347639083862,21.835636497392777,20.0,0.08683693432249129,0.5971367873600684,-1.8356364973927768
42.51373910903931,21.706406469578233,20.0,0.0891700906213373,0.548840212856885,-1.7064064695782335
42.53399443626404,21.577335844932776,20.0,0.09488718654029071,0.51406608823454,-1.577335844932776
42.552979946136475,21.451777581207992,20.0,0.07689810986630619,0.5247823980054818,-1.4517775812079918
42.57351517677307,21.331968009324978,20.0,0.07553991314489394,0.5001202274463139,-1.331968009324978
42.592941761016846,21.221625282886713,20.0,0.060655348119325936,0.5285491712740622,-1.2216252828867127
42.61828541755676,21.123082460896935,20.0,0.012894518789835274,0.5249011590960435,-1.123082460896935
42.63298010826111,21.0353327071577,20.0,0.012894518789835274,0.5249011590960435,-1.0353327071576999
42.653748750686646,20.95970859087186,20.0,0.0006599725456908345,0.593323796975892,-0.959708590871859
42.67358469963074,20.8968161186358,20.0,0.0,0.5784239163505844,-0.896816118635801
42.69327163696289,20.844424321558343,20.0,0.0,0.5606369441258721,-0.8444243215583427
42.71294951438904,20.803023216224908,20.0,0.0037255999632179737,0.5043841702747158,-0.8030232162249078
42.73303270339966,20.767077719554003,20.0,0.0037255999632179737,0.5043841702747158,-0.7670777195540026
42.75398015975952,20.743771050192784,20.0,0.0,0.4602296529221348,-0.7437710501927839
42.774954080581665,20.74375539617524,20.0,0.042025234550237656,0.51615439633606,-0.7437553961752386
42.79276418685913,20.77844842272631,20.0,0.0,0.5509987352299504,-0.77844842272631
42.81358003616333,20.85023317685293,20.0,0.0,0.5509987352299504,-0.8502331768529316
42.83356070518494,20.948205587397595,20.0,0.04774374142289162,0.5404085516813211,-0.9482055873975952
42.853320837020874,21.064101727079148,20.0,0.09266552329063416,0.5113392323139123,-1.064101727079148
42.873337268829346,21.189392907713437,20.0,0.1250150352716446,0.5001096455263905,-1.1893929077134366
42.892691135406494,21.317907664130914,20.0,0.08719008788466454,0.5226832432555966,-1.3179076641309138
42.912978172302246,21.44527446043415,20.0,0.12182635068893433,0.4927471568691544,-1.445274460434149
42.932716846466064,21.570803515812727,20.0,0.12182635068893433,0.4927471568691544,-1.5708035158127274
42.95368242263794,21.67979104660139,20.0,0.114409816917032,0.4849517154390923,-1.679791046601391
42.97336292266846,21.78405721613126,20.0,0.12005312414839864,0.47962371584726493,-1.7840572161312593
42.99363422393799,21.882296096731093,20.0,0.1602352042682469,0.544009278982412,-1.8822960967310927
43.013850688934326,21.97375946516342,20.0,0.183034083340317,0.5195021270657889,-1.9737594651634183
43.032888650894165,22.058106188117318,20.0,0.15633230144158006,0.5643131448770873,-2.0581061881173177
43.05288577079773,22.13297053142404,20.0,0.15633230144158006,0.5643131448770873,-2.1329705314240393
43.0738685131073,22.196959209547472,20.0,0.16381297959014773,0.6045521697844378,-2.1969592095474724
43.09296250343323,22.244758404459965,20.0,0.09917519940063357,0.632697330310475,-2.244758404459965
43.11353421211243,22.266154870035212,20.0,0.0976743649225682,0.6033825497026555,-2.266154870035212
43.13380146026611,22.25011783039675,20.0,0.0976743649225682,0.6033825497026555,-2.25011783039675
43.15307950973511,22.192288428685593,20.0,0.12611431325785816,0.5579841765458695,-2.1922884286855933
43.173734188079834,22.14207946566523,20.0,0.1338506315369159,0.6197166661615483,-2.1420794656652298
43.19342231750488,22.061045906429513,20.0,0.09504787740297616,0.5533496658201329,-2.061045906429513
43.21496939659119,21.96073781689946,20.0,0.12595837493427098,0.4902037377352826,-1.96073781689946
43.236865520477295,21.84968562496905,20.0,0.11312342085875571,0.5470466683502309,-1.8496856249690516
43.25316143035889,21.734097558547354,20.0,0.11312342085875571,0.5470466683502309,-1.7340975585473544
43.27330756187439,21.618405273704067,20.0,0.12665543728508055,0.5067731174523942,-1.6184052737040666
43.29288840293884,21.505689658660827,20.0,0.09759184368886054,0.561792663752567,-1.5056896586608275
43.313995599746704,21.39801218825158,20.0,0.1369724387768656,0.5774338072980754,-1.398012188251581
43.33729672431946,21.29898829086014,20.0,0.14748277538456023,0.5863411831553094,-1.298988290860141
43.3536274433136,21.208584760188124,20.0,0.14748277538456023,0.5863411831553094,-1.208584760188124
43.37332367897034,21.130094106746935,20.0,0.10205395543016493,0.6428176718647591,-1.1300941067469346
43.39304280281067,21.060720101746618,20.0,0.12845480279065669,0.6175170703674666,-1.0607201017466181
43.41413426399231,20.99950668682598,20.0,0.12906957481754944,0.5765734664048068,-0.9995066868259812
43.436174631118774,20.945574731077663,20.0,0.0906797579373233,0.5958236246253363,-0.945574731077663
43.45360517501831,20.898121705299534,20.0,0.0906797579373233,0.5958236246253363,-0.8981217052995341
43.47344422340393,20.856419436906307,20.0,0.12162925180746242,0.6378098442102782,-0.8564194369063074
43.49332308769226,20.81981059087434,20.0,0.13088428665651008,0.6105282339151017,-0.81981059087434
43.513092279434204,20.790020706642515,20.0,0.13088428665651008,0.6105282339151017,-0.7900207066425153
43.53316402435303,20.765752249029667,20.0,0.12192837212933227,0.6287102228845469,-0.7657522490296671
43.552910804748535,20.745958458886314,20.0,0.19102973554981872,0.6194763085688464,-0.7459584588863137
43.573872566223145,20.72747800032765,20.0,0.1785046585719101,0.6744478321517817,-0.7274780003276504
43.59623885154724,20.71143279437851,20.0,0.2271555193583481,0.6711951452190987,-0.7114327943785099
43.61830925941467,20.698782297326662,20.0,0.22701790317660198,0.6717111218487843,-0.6987822973266624
43.633301734924316,20.68650675304498,20.0,0.22701790317660198,0.6717111218487843,-0.6865067530449807
43.653640031814575,20.674815164283093,20.0,0.2305089199799113,0.6503704331582412,-0.6748151642830926
43.673792123794556,20.661520962089835,20.0,0.2096703743445687,0.6834834955399856,-0.6615209620898348
43.69541645050049,20.64283128709643,20.0,0.2001526357489638,0.7,-0.6428312870964312
43.7130081653595,20.61625389054309,20.0,0.2001526357489638,0.7,-0.6162538905430885
43.73341655731201,20.580265585290803,20.0,0.14806072058854625,0.7,-0.5802655852908032
43.75375819206238,20.53637276695233,20.0,0.15915475058136508,0.7,-0.5363727669523293
43.773531913757324,20.476564678698516,20.0,0.15938547023688443,0.7,-0.4765646786985158
43.79270887374878,20.402645695146855,20.0,0.13951382183586247,0.7,-0.40264569514685533
43.81473231315613,20.33846734638603,20.0,0.14511737137218006,0.7,-0.3384673463860288
43.837345123291016,20.267468754039626,20.0,0.08409365548868664,0.6910474643111228,-0.26746875403962633
43.85282850265503,20.191287766279213,20.0,0.08409365548868664,0.6910474643111228,-0.1912877662792134
43.873621225357056,20.11351492994855,20.0,0.09699166475911625,0.6717272389680147,-0.1135149299485505
43.89267134666443,20.041318817768502,20.0,0.09649700808222406,0.7,-0.041318817768502214
43.912710666656494,19.9772152579693,20.0,0.11221822488005273,0.7,0.022784742030701466
43.93282866477966,19.922738417234008,20.0,0.11235628598660696,0.7,0.07726158276599193
43.952791929244995,19.878700186551185,20.0,0.12744738296896685,0.6840866886079311,0.12129981344881458
43.975425481796265,19.845389381049767,20.0,0.11407219474494923,0.69206745903939,0.1546106189502332
43.99720025062561,19.82272388591381,20.0,0.1253514498966979,0.6741150410845875,0.17727611408619026
44.01274514198303,19.8080497616917,20.0,0.1253514498966979,0.6741150410845875,0.19195023830830138
44.03322958946228,19.795309312393876,19.999999074076392,0.1290947931847768,0.7,0.2046897616825163
44.052828788757324,19.792884135068707,19.99998558675122,0.059094793184776784,0.6642575904726982,0.2071014516825116
44.07284140586853,19.802320355193036,19.999960549225893,0.035157502650399686,0.6785461500287056,0.19764019403285715
44.09279155731201,19.822062927303886,19.999916363240313,0.06643184369720984,0.7,0.17785343593642722
44.113837480545044,19.848443776366945,19.99988541617366,0.06643184369720984,0.7,0.1514416398067162
44.133312940597534,19.885689222434713,19.99980249713625,0.09143740220286417,0.691910433396697,0.11411327470153765
44.15298128128052,19.938764797469705,19.99961570871733,0.13046116663434076,0.7,0.06085091124762343
44.17260503768921,20.013018609489684,19.999441996863748,0.13560252452560234,0.6849664401262998,-0.013576612625936235
44.19365382194519,20.104658155196258,19.999338456408594,0.13560252452560234,0.6849664401262998,-0.1053196987876639
44.212727308273315,20.210591036872504,19.998953473763933,0.13836149105161893,0.6876785413362085,-0.21163756310857096
44.23322892189026,20.325976288162963,19.998628565788113,0.07009740897745359,0.6510137015022337,-0.3273477223748493
44.25278925895691,20.442569656233925,19.99824325214686,0.08040262830734718,0.6287294899113476,-0.4443264040870645
44.273513317108154,20.543798995163183,19.997792618853808,0.11008974609256256,0.6395701452158391,-0.546006376309375
44.292720556259155,20.647135597393657,19.997271805339228,0.06355236915231216,0.6700236632488668,-0.649863792054429
44.312724590301514,20.746896090206214,19.996983576631177,0.06355236915231216,0.6700236632488668,-0.7499125135750369
44.33326053619385,20.84154351023026,19.99634849560734,0.07362956811964977,0.6740517940372228,-0.8451950146229201
44.35311269760132,20.93246141536896,19.995240475113555,0.03894364719570148,0.673872378192027,-0.9372209402554041
44.372636795043945,21.016076392658924,19.994391396839887,0.04603984511748421,0.6820083125523524,-1.0216849958190366
44.393582344055176,21.09241523537717,19.993448630237143,0.07073702409223187,0.654508849143167,-1.0989666051400278
44.41282820701599,21.161688315363048,19.99240763133032,0.024264072322403074,0.6826704493752913,-1.169280684032728
44.433544874191284,21.22654431828841,19.99184888902595,0.024264072322403074,0.6826704493752913,-1.2346954292624623
44.453370094299316,21.284306684801162,19.990013021093123,0.02054753040254581,0.6512473649374442,-1.2942936637080393
44.473692178726196,21.337935977371394,19.98865058164357,0.04092261267185676,0.609423914461513,-1.3492853957278257
44.49271869659424,21.38449829840173,19.986388289609497,0.01295676713169086,0.5448537035874323,-1.3981100087922336
44.513331174850464,21.427707719289266,19.985573750741466,0.01295676713169086,0.5448537035874323,-1.4421339685478003
44.53311729431152,21.46744950167392,19.983850839954194,0.012781837656511918,0.5253060678980546,-1.483598661719725
44.55318069458008,21.51068438403358,19.981999337842236,0.05128741793276276,0.4859421583852963,-1.5286850461913453
44.573566913604736,21.562155098779613,19.981999337842236,0.05128741793276276,0.4859421583852963,-1.5801557609373766
44.59296202659607,21.62262245243411,19.977894081221955,0.0002376154804369368,0.5170865315041737,-1.6447283712121568
44.6134078502655,21.68774508468359,19.974447220558744,0.0017899433657294073,0.5191019577934639,-1.713297864124847
44.63620400428772,21.756701230347932,19.971966649991725,0.018316662920988158,0.5192640130437212,-1.7847345803562078
44.65322303771973,21.82650272749619,19.970670096277516,0.018316662920988158,0.5192640130437212,-1.855832631218675
44.67525887489319,21.895051778195935,19.966549567923277,0.030341241559362964,0.5245585311233298,-1.928502210272658
44.69390392303467,21.96324064924501,19.966549567923277,0.030341241559362964,0.5245585311233298,-1.9966910813217318
44.71387767791748,22.022443968034366,19.96049910502086,0.021694377115345553,0.571976097303559,-2.061944863013508
44.73636054992676,22.080784069012736,19.95722699373087,0.019169735307223157,0.5542624313413398,-2.123557075281866
44.75279378890991,22.136987048634026,19.95722699373087,0.019169735307223157,0.5542624313413398,-2.1797600549031557
44.772934913635254,22.19254075012228,19.9519999193014,0.0,0.5800519567012088,-2.24054083082088
44.792922019958496,22.246179363828404,19.948297351263292,0.002695116912946105,0.541629055517842,-2.297882012565111
44.81281518936157,22.29707415508344,19.946379380792074,0.002695116912946105,0.541629055517842,-2.350694774291366
44.83291459083557,22.34472181415802,19.942407879016475,0.023509287973865867,0.5097378511010902,-2.402313935141546
44.85322594642639,22.393491025958372,19.936105250946774,0.00160100101493299,0.5338976196973817,-2.4573857750115984
44.87282991409302,22.45101933126861,19.93166828391137,0.03982825740240514,0.49708993360691234,-2.5193510473572402
44.89323949813843,22.522380771433422,19.92937797721532,0.03982825740240514,0.49708993360691234,-2.5930027942181013
44.91346454620361,22.603786061194416,19.92221481016251,0.0741836407687515,0.4609780944912927,-2.6815712510319045
44.93280863761902,22.674464212140656,19.91719175713639,0.04238867177627981,0.4782757014065282,-2.7572724550042658
44.95291876792908,22.751386759663724,19.909277759711784,0.029170838883146644,0.5256410241156118,-2.8421089999519396
44.97329092025757,22.830619257247278,19.90653700787806,0.029170838883146644,0.5256410241156118,-2.924082249369217
44.993404150009155,22.90936803686954,19.90089904845534,0.044215490808710456,0.47398199886374637,-3.008468988414201
45.01346135139465,22.985705419744214,19.895049935037424,0.11421549080871046,0.4749088435230078,-3.09065548470679
45.03341603279114,23.05835603002578,19.885873768792155,0.12651409807614983,0.4572074877825798,-3.1724822612336254
45.05272388458252,23.126531181117468,19.882706233034565,0.12651409807614983,0.4572074877825798,-3.243824948082903
45.07267713546753,23.189801016999198,19.876205753548472,0.10473112802021206,0.439277034139377,-3.3135952634507255
45.093700885772705,23.247996247155058,19.866036142656185,0.08246195170097054,0.5092770341393771,-3.381960104498873
45.11466312408447,23.30113302640134,19.858973029634903,0.10187630022875965,0.4729616079089465,-3.4421599967664385
45.13262462615967,23.347267734789362,19.85535542128881,0.10187630022875965,0.4729616079089465,-3.4919123135005528
45.15263295173645,23.38709487410687,19.84794639577769,0.03430629934184254,0.46741177519608756,-3.5391484783291816
45.17365121841431,23.412225867056847,19.836393304729622,0.031091639241203672,0.46641190809488764,-3.575832562327225
45.19583320617676,23.407956095094978,19.82839436166453,0.09106500952504576,0.48269249213219156,-3.579561733430449
45.21286487579346,23.37411226439599,19.824304852957024,0.09106500952504576,0.48269249213219156,-3.549807411438966
45.233875036239624,23.320618821973707,19.815944168316662,0.0499926185514778,0.48356095555529466,-3.5046746536570446
45.254186153411865,23.25488695788193,19.802944277981712,0.10616217686794699,0.4884780565585243,-3.451942679900217
45.275516986846924,23.182386881960614,19.793968188129845,0.1237602563854307,0.5173389403457986,-3.3884186938307685
45.29332113265991,23.107096470388772,19.793968188129845,0.1237602563854307,0.5173389403457986,-3.3131282822589263
45.313376903533936,23.03185221709291,19.780033796755216,0.1725724259670824,0.537100381621276,-3.2518184203376954
45.332852602005005,22.958623078733474,19.76552806356523,0.11855424514971674,0.551919130080496,-3.193095015168243
45.353801012039185,22.89504367118112,19.75553634568225,0.06753570160828531,0.5389036279480206,-3.1395073254988723
45.3748836517334,22.833522281028046,19.745285035849303,0.02265762857161463,0.5462959855172085,-3.0882372451787425
45.396875858306885,22.772735391091896,19.734771946560333,0.04178914560936392,0.5730752013000893,-3.037963444531563
45.413015842437744,22.714060702654677,19.734771946560333,0.04178914560936392,0.5730752013000893,-2.979288756094345
45.43323230743408,22.65608312512807,19.718506796530313,0.01502895860932768,0.5372904650244164,-2.937576328597757
45.45326209068298,22.600117740090035,19.701640769430483,0.028688560640439398,0.48241065063804855,-2.8984769706595515
45.47508406639099,22.547024946342614,19.690059542666873,0.055003605252131826,0.4731540753814625,-2.8569654036757406
45.49688911437988,22.497326653213094,19.67820623884736,0.08425493857823313,0.43849464499682655,-2.8191204143657345
45.51294302940369,22.45129590700067,19.67820623884736,0.08425493857823313,0.43849464499682655,-2.773089668153311
45.532604932785034,22.409025702510537,19.66607892513635,0.05471814370714129,0.47807931148738136,-2.7429467773741862
45.55348539352417,22.372797871520582,19.64737006075263,0.09147867507301272,0.42039434605569115,-2.725427810767954
45.57340359687805,22.341721735521023,19.62803422209599,0.07300542428158224,0.45286478095978966,-2.7136875134250324
45.59414458274841,22.314740640834774,19.62803422209599,0.07300542428158224,0.45286478095978966,-2.6867064187387832
45.61616778373718,22.293933547097357,19.601267474144958,0.05674599989317358,0.40462846488982906,-2.692666072952399
45.633463859558105,22.28027951039176,19.601267474144958,0.05674599989317358,0.40462846488982906,-2.679012036246803
45.65362524986267,22.271953697765895,19.58745783899685,0.03657515107654036,0.4377084876719164,-2.6844958587690435
45.672730922698975,22.26754819119286,19.558977825263664,0.03329533099196852,0.47075592161447277,-2.7085703659291944
45.693424224853516,22.265981759121694,19.54430427960782,0.024942030599340803,0.5093214976909803,-2.721677479513872
45.71566724777222,22.268744923859533,19.52933966370361,0.03218775701709092,0.4932547322782921,-2.739405260155923
45.73285269737244,22.272126170791655,19.52933966370361,0.03218775701709092,0.4932547322782921,-2.742786507088045
45.752684354782104,22.275847613113292,19.51408249422415,0.03625973214395345,0.5267134457203793,-2.761765118889141
45.77272915840149,22.28202361836029,19.490645055047093,0.022796888770535595,0.5325666376698064,-2.7913785633131987
45.792680978775024,22.28974174700497,19.474650272467517,0.02680797961540521,0.5361279257881688,-2.8150914745374536
45.81491160392761,22.296442823347466,19.450100001314986,0.050295767309144146,0.5229197367402958,-2.8463428220324793
45.837308406829834,22.301829291397137,19.43335919875136,0.0804543783236295,0.4529197367402958,-2.868470092645776
45.8535737991333,22.308477046551086,19.43335919875136,0.0804543783236295,0.4529197367402958,-2.875117847799725
45.873230934143066,22.315825666157128,19.41631777086492,0.10472206485457719,0.4683943234878825,-2.8995078952922064
45.89282274246216,22.32346742040317,19.390189322404517,0.10479137704562164,0.48086665966839065,-2.9332780979986524
45.91264605522156,22.333427730694915,19.372391125926136,0.09982170428003884,0.48443916417018046,-2.961036604768779
45.93597364425659,22.349368657878987,19.34512220185442,0.040133586924930575,0.5375315544690238,-3.0042464560245676
45.95344305038452,22.36904348304338,19.34512220185442,0.040133586924930575,0.5375315544690238,-3.0239212811889615
45.97311496734619,22.39079327272683,19.326560278634847,0.018321337949892047,0.5407210094883339,-3.0642329940919844
45.993550300598145,22.413411078751373,19.298140886467106,0.016120653672551277,0.509912111799349,-3.1152701922842674
46.01370620727539,22.436035702060185,19.278808869647712,0.0,0.45586590189777776,-3.157226832412473
46.03273606300354,22.45567897765096,19.259167163734002,0.0,0.427374905909528,-3.1965118139169597
46.05319166183472,22.472807236277994,19.24922989838717,0.0,0.427374905909528,-3.2235773378908235
46.07373666763306,22.490053548001335,19.22912200513594,0.022870412096381187,0.40573284495912953,-3.260931542865393
46.09292984008789,22.5069273323813,19.19837521437773,0.029730647336691618,0.4114688821166055,-3.3085521180035684
46.11356830596924,22.523097659766165,19.17748623862525,0.050750797148793936,0.46920074522786304,-3.345611421140916
46.13268423080444,22.540669560516335,19.156283499984585,0.09861764078959823,0.4775736322655575,-3.3843860605317495
46.15395188331604,22.558751861112814,19.145564247660396,0.09861764078959823,0.4775736322655575,-3.4131876134524184
46.17305541038513,22.57671211834034,19.11293394738527,0.11799335619434714,0.5106052560760872,-3.46377817095507
46.19342851638794,22.594114265961696,19.090785829755237,0.12432161066681147,0.49475739617191716,-3.503328436206459
46.21364712715149,22.610670129823912,19.06832134152236,0.12304079567547888,0.4707361822976963,-3.5423487883015525
46.23267841339111,22.626201853519905,19.04553991966948,0.1624900292372331,0.4848634181573288,-3.5806619338504255
46.25301790237427,22.639686892576506,19.022441036372136,0.1624900292372331,0.4848634181573288,-3.61724585620437
46.273282289505005,22.652320947774474,18.99902419881259,0.1734621630748734,0.46056826133572026,-3.653296748961882
46.29296565055847,22.661714608975643,18.97528894899388,0.21107667253818363,0.5126325683697359,-3.6864256599817615
46.31280827522278,22.6686099869945,18.951234863553857,0.21250388561747968,0.5559238428279059,-3.717375123440643
46.333577156066895,22.671272031379626,18.926861553579222,0.20852431864477694,0.5812232894852059,-3.744410477800404
46.35279822349548,22.666290831025133,18.889702276140103,0.18765378394164145,0.6296737073018448,-3.7765885548850306
46.372912883758545,22.639917624908282,18.877155875501426,0.18765378394164145,0.6296737073018448,-3.762761749406856
46.392863035202026,22.576217532541737,18.851822900142313,0.25600180425681174,0.6341290902375476,-3.7243946323994237
46.41275715827942,22.462789895902016,18.82616948536475,0.2595364835578948,0.6334452451003016,-3.6366204105372653
46.43327212333679,22.294648372899566,18.80019541171033,0.2756445847917348,0.6618178495002212,-3.4944529611892357
46.452784299850464,22.148663609771894,18.76063266775423,0.2517116863746196,0.6714121754077496,-3.3880309420176644
46.47285747528076,21.94765652424179,18.73385620506795,0.25713131367228925,0.6919731198606314,-3.2138003191738385
46.49338936805725,21.709096834849912,18.72034754178256,0.25713131367228925,0.6919731198606314,-2.988749293067354
46.51345777511597,21.44379201292527,18.693089301909225,0.26344611844979227,0.7,-2.7507027110160465
46.533443450927734,21.15300453737039,18.665509802144314,0.27020283904857934,0.6822356235235929,-2.4874947352260754
46.55304956436157,20.833650197778667,18.63760902023864,0.22981424001045525,0.7,-2.196041177540028
46.57281851768494,20.495921379062644,18.595155473935215,0.22196801123209298,0.6299999999999999,-1.9007659051274288
46.59337592124939,20.154330813963977,18.595155473935215,0.22196801123209298,0.6299999999999999,-1.5591753400287622
46.61354875564575,19.819060538473472,18.551979241329647,0.17668632534332573,0.6718525226414203,-1.2670812971438252
46.63348054885864,19.497016224915544,18.522793749926645,0.19245223072357476,0.7,-0.974222474988899
46.653321504592896,19.192645849286414,18.49328734467801,0.15788620081730187,0.7,-0.699358504608405
46.672874212265015,18.928383718220488,18.448426399934743,0.12767717917449772,0.7,-0.47995731828574506
46.693464279174805,18.679133964763356,18.418118514217575,0.11109870974905789,0.7,-0.2610154505457807
46.71442627906799,18.449196813781164,18.387490439246807,0.1209025823045522,0.69200080614537,-0.061706374534356456
46.733320474624634,18.24105013570248,18.37205641594577,0.1209025823045522,0.69200080614537,0.13100628024329097
46.75331687927246,18.055840725224314,18.340948584694363,0.13390471623279154,0.6900825405493378,0.2851078594700489
46.77296805381775,17.89376061424397,18.309521311995244,0.11667433963157237,0.6466649526730179,0.4157606977512742
46.79277443885803,17.754333614127326,18.261782228623954,0.0810941441450268,0.6708984298631548,0.5074486144966279
46.81335687637329,17.6389483013246,18.229557958223765,0.07425255957059562,0.6442124841734767,0.590609656899165
46.83528161048889,17.545619189657618,18.229557958223765,0.07425255957059562,0.6442124841734767,0.6839387685661471
46.85298204421997,17.474702258539505,18.18062529710797,0.08172466582618654,0.6447898729122243,0.7059230385684643
46.873098850250244,17.43048678983338,18.14760669538361,0.13907105452381074,0.6344308818108402,0.7171199055502306
46.89287447929382,17.3920977910282,18.097484801674053,0.09425791702233255,0.6596052797860465,0.705387010645854
46.91424608230591,17.386550707841483,18.06367499408802,0.16425791702233256,0.6773742886609397,0.6771242862465385
46.935622453689575,17.417859257654854,18.029549680738924,0.1286275679524988,0.6907593153766356,0.6116904230840703
46.95307207107544,17.483207267532556,18.01236889611583,0.1286275679524988,0.6907593153766356,0.5291616285832745
46.973671674728394,17.579741572526526,17.9777714599522,0.14922399207018316,0.7,0.39802988742567535
46.99310564994812,17.702342160535988,17.94286007382204,0.1943250311817974,0.7,0.24051791328605177
47.012733697891235,17.84213310109229,17.8899058154333,0.17666253021918238,0.7,0.04777271434100783
47.03347373008728,17.990179948639344,17.85421255415283,0.24666253021918239,0.7,-0.13596739448651363
47.05561304092407,18.140059428634302,17.81820781569583,0.21445368519984187,0.7,-0.32185161293847386
47.07305312156677,18.287261761482043,17.800088881670373,0.21445368519984187,0.7,-0.4871728798116699
47.092995405197144,18.426408750399343,17.76361837725831,0.2082232438120991,0.7,-0.6627903731410321
47.112874031066895,18.547219718768677,17.708332560324354,0.2169473791588098,0.7,-0.8388871584443223
47.13353109359741,18.658868270101163,17.671089871923346,0.2534108111727983,0.7,-0.9877783981778165
47.15617537498474,18.75657760403758,17.633539820779397,0.2404082860890776,0.7,-1.1230377832581837
47.17286396026611,18.839713563232124,17.61464981541802,0.2404082860890776,0.7,-1.2250637478141044
47.193315505981445,18.905903406064894,17.576640422030646,0.21255526841618122,0.6963285105768591,-1.3292629840342478
47.213361501693726,18.949312989581205,17.519054655175964,0.191206965232268,0.6629046695772558,-1.4302583344052415
47.23435091972351,18.964174055518143,17.48028444840072,0.15581445732153953,0.6941380510572344,-1.4838896071174226
47.25663208961487,18.951865173916183,17.441211656956327,0.14954824057407679,0.7,-1.5106535169598558
47.27288246154785,18.918692629788982,17.421562113864553,0.14954824057407679,0.7,-1.4971305159244288
47.29321646690369,18.871902852954705,17.382037390631844,0.14271115615032615,0.6824443161487579,-1.4898654623228609
47.31340050697327,18.81688795243724,17.32218823363191,0.10374776004813613,0.692864828556776,-1.4946997188053324
47.335426330566406,18.757609953874695,17.281915688940025,0.0988814952876419,0.6787679789587855,-1.4756942649346705
47.353734493255615,18.70614328208352,17.281915688940025,0.0988814952876419,0.6787679789587855,-1.4242275931434953
47.37283158302307,18.65456482584311,17.220950046347877,0.08794215238653125,0.683532833866775,-1.4336147794952332
47.39287829399109,18.606584419130993,17.159319716147266,0.08284281902946533,0.6702892675995826,-1.447264702983727
47.4144332408905,18.567000361878957,17.117865555443977,0.04792533778585495,0.6807850923389196,-1.44913480643498
47.436434507369995,18.536607826310625,17.076119008780115,0.08361244537867607,0.7,-1.4604888175305106
47.4531614780426,18.515716881909565,17.076119008780115,0.08361244537867607,0.7,-1.4395978731294505
47.47323441505432,18.5042924834437,17.012953717753398,0.12405974754132332,0.7,-1.4913387656903012
47.49299120903015,18.50206079936846,16.949137725422442,0.15901466422714294,0.637010608613491,-1.552923073946019
47.51515030860901,18.510905706726316,16.906234425350945,0.18757058830000461,0.6088038057088851,-1.6046712813753707
47.536341190338135,18.53879283149605,16.863045251922653,0.20496351608075203,0.6270772654563188,-1.6757475795733967
47.553701400756836,18.595385782106693,16.863045251922653,0.20496351608075203,0.6270772654563188,-1.7323405301840396
47.573474168777466,18.644521226713497,16.819571577439326,0.20531808094587178,0.6704141039401292,-1.8249496492741706
47.59377384185791,18.71540273180751,16.731776328460853,0.16845384494867177,0.6720525878947228,-1.9836264033466584
47.61522698402405,18.799520550300034,16.68745761195757,0.1262089784583077,0.6744629936758428,-2.112062938342465
47.63851475715637,18.89061513680844,16.642860110011068,0.12628303370787763,0.673282580380328,-2.247755026797371
47.65357732772827,18.979522165492607,16.642860110011068,0.12628303370787763,0.673282580380328,-2.33666205548154
47.673314332962036,19.062250275954145,16.59798530719569,0.15229987255646849,0.6804511485854163,-2.4642649687584566
47.69319820404053,19.13850634020878,16.50740984655292,0.15623968975036406,0.682125021633692,-2.6310964936558605
47.71515512466431,19.205940979302653,16.46171226661359,0.13495068201213145,0.6977173266233876,-2.7442287126890648
47.73703980445862,19.26547119641062,16.415743541209572,0.06801552274613643,0.6945193940075114,-2.849727655201047
47.75377345085144,19.317942244189233,16.415743541209572,0.06801552274613643,0.6945193940075114,-2.9021987029796605
47.77473163604736,19.366443610329732,16.322999043766146,0.13801552274613643,0.6852938392432406,-3.0434445665635863
47.793534994125366,19.4085537347116,16.322999043766146,0.13801552274613643,0.6852938392432406,-3.085554690945454
47.812936544418335,19.445154201986025,16.25274090780872,0.16241530434577728,0.6613282532664015,-3.192413294177303
47.83386301994324,19.479279515942988,16.2291893422927,0.16241530434577728,0.6613282532664015,-3.250090173650289
47.85340476036072,19.510786267833065,16.18188918908213,0.16199685392435642,0.6387272672029212,-3.328897078750934
47.87319827079773,19.53964386067121,16.1104495916915,0.10985165593679996,0.6105195907177403,-3.4291942689797104
47.89301347732544,19.56821720878005,16.06249945697617,0.1115966239385307,0.6170925231883302,-3.505717751803882
47.91378211975098,19.595840078510324,16.014292365954233,0.1005199612490833,0.607221007742919,-3.581547712556091
47.93287992477417,19.62207476676746,15.965830083114387,0.15498429400846364,0.6038019023137167,-3.6562446836530746
47.95328736305237,19.64665383892528,15.94150380147147,0.15498429400846364,0.6038019023137167,-3.7051500374538087
47.97295951843262,19.671751521798015,15.868147096680863,0.10854210568591954,0.5847103427397087,-3.803604425117152
47.99355936050415,19.693541970842396,15.818930018251757,0.08350101722404363,0.6048932447331026,-3.874611952590639
48.01298260688782,19.717783347036917,15.769464997961983,0.10010255737230184,0.5651496946113184,-3.9483183490749347
48.032957792282104,19.743088210358813,15.719753895371646,0.0835756981186569,0.5343295111553743,-4.023334314987167
48.052948236465454,19.76846484403719,15.644729950334622,0.06500582074746492,0.5047636739211157,-4.123734893702569
48.07389712333679,19.795538877599917,15.61960097362579,0.06500582074746492,0.5047636739211157,-4.175937903974127
48.09280061721802,19.82307835861752,15.569162965128667,0.09645654311403634,0.5006477189483121,-4.253915393488851
48.11296772956848,19.852531678313934,15.51848649527587,0.1415807572565973,0.5374834825517609,-4.334045183038064
48.13345503807068,19.882538073781795,15.467573514049937,0.13945258482359352,0.5103347496362403,-4.4149645597318585
48.152992725372314,19.91445415757359,15.390764892059334,0.10241167693398895,0.5373992034466937,-4.523689265514257
48.17356085777283,19.946855528495487,15.3650459048559,0.10241167693398895,0.5373992034466937,-4.581809623639586
48.193788290023804,19.978740035670203,15.313435263742093,0.11583731583319606,0.5572287095012143,-4.66530477192811
48.21386384963989,20.006422978849415,15.261596084591812,0.10501050650142135,0.5364365213783457,-4.744826894257603
48.2328679561615,20.03346026465194,15.209530403161057,0.08473859055899086,0.48986040514428164,-4.823929861490882
48.25285530090332,20.059336524684568,15.131011683253256,0.06982846352271738,0.4911831554956734,-4.928324841431312
48.273815393447876,20.083724392860532,15.104727759280255,0.06982846352271738,0.4911831554956734,-4.978996633580277
48.29350757598877,20.106435713513427,15.05199495058245,0.034669047025963684,0.42874937253072853,-5.054440762930977
48.312903881073,20.127383982632363,14.999043946736748,0.09429171103052797,0.46129801617935295,-5.128340035895615
48.33355450630188,20.146555581260568,14.945876864623635,0.059566253600642105,0.4143953000195324,-5.200678716636933
48.352829933166504,20.163987873899277,14.892495836790633,0.06493207932449879,0.384751755092293,-5.271492037108644
48.37353706359863,20.179752652424213,14.81202784981619,0.046670963326469084,0.3833644821308553,-5.3677248026080235
48.39325976371765,20.193943729224216,14.758121388715681,0.024665334532037397,0.32533855950459833,-5.435822340508535
48.413402795791626,20.20666773928998,14.731090635547627,0.024665334532037397,0.32533855950459833,-5.475577103742353
48.43277382850647,20.217715049688476,14.6768754571421,0.0,0.3139021511189639,-5.5408395925463765
48.453407287597656,20.229945318609918,14.622457224251036,0.0,0.2988308661617338,-5.607488094358882
48.472729206085205,20.2426749199269,14.56783815951896,0.0,0.26232867622748013,-5.674836760407938
48.49345421791077,20.257732208545242,14.485537900060176,0.012086260132491589,0.29398281434550877,-5.772194308485066
48.51306080818176,20.274009429956752,14.430426573610031,0.0,0.3379586146213114,-5.843582856346721
48.535320520401,20.293021356449366,14.375122306481146,0.0,0.3067415275610983,-5.91789904996822
48.55300760269165,20.31343169825654,14.347398533951539,0.0,0.3067415275610983,-5.966033164305001
48.57357597351074,20.3342754395773,14.291809145959451,0.0,0.2549343288876116,-6.042466293617849
48.59286022186279,20.354870877128374,14.236032557156427,0.005137555301189423,0.22419443847611542,-6.118838319971946
48.61367726325989,20.374751057173032,14.152021749469775,0.05564633011817932,0.2123589276336133,-6.222729307703258
48.63329839706421,20.393610493321958,14.095787334087646,0.005783706903457642,0.25384695669636126,-6.297823159234312
48.65550184249878,20.409984737290724,14.039373892179011,0.005427341064205393,0.27133188238367434,-6.370610845111713
48.67321467399597,20.425480438973956,14.011100774604452,0.005427341064205393,0.27133188238367434,-6.414379664369504
48.693034172058105,20.439957534811587,13.954423229677802,0.0,0.2438883039169013,-6.485534305133784
48.713037729263306,20.451029236561226,13.869083111227809,0.004266893491148949,0.27217486901208754,-6.581946125333417
48.73386216163635,20.44786208429393,13.811977328466764,0.0,0.32706793798133726,-6.635884755827167
48.75489664077759,20.418673936124886,13.75470446247505,0.00024225511879194528,0.3093866168521344,-6.663969473649836
48.77701020240784,20.362915971771617,13.697266937662395,0.011502226305310614,0.30837559436913575,-6.665649034109222
48.793391942977905,20.29248897651255,13.668487188971215,0.011502226305310614,0.30837559436913575,-6.624001787541337
48.81306743621826,20.213729255510763,13.610807246763503,0.0,0.27380479609128083,-6.60292200874726
48.832907915115356,20.128941142316645,13.523990825524619,0.06328621506690979,0.23749328141566362,-6.604950316792026
48.85545539855957,20.04220040762683,13.465919136395152,0.07817943394184113,0.22259344176854934,-6.576281271231677
48.87292003631592,19.966889887173004,13.465919136395152,0.07817943394184113,0.22259344176854934,-6.500970750777851
48.89292883872986,19.891002946489014,13.378526690117209,0.09129812475293875,0.24750278161372985,-6.512476256371805
48.913235902786255,19.816715627855906,13.290799831963021,0.054219081066548824,0.22161818870808925,-6.525915795892885
48.93505239486694,19.745497209776794,13.232133654235957,0.03194753173738718,0.2436307856580242,-6.5133635555408365
48.9531409740448,19.67828734379072,13.232133654235957,0.03194753173738718,0.2436307856580242,-6.446153689554764
48.97335863113403,19.615633048498466,13.173325131793288,0.05510068591684103,0.2569011302432045,-6.442307916705179
48.993603467941284,19.557794210730584,13.05529118586888,0.1087266942486167,0.2552397441351786,-6.502503024861705
49.013853549957275,19.50482443192083,12.996070852813478,0.10925649129785597,0.2520324922399595,-6.508753579107353
49.03676247596741,19.45431627096016,12.936718355523213,0.0877739863935858,0.2545923676108941,-6.517597915436946
49.05279088020325,19.39758364645059,12.936718355523213,0.0877739863935858,0.2545923676108941,-6.460865290927378
49.072776794433594,19.326441073274776,12.877236262246885,0.07692400668747723,0.2410007083555683,-6.44920481102789
49.09289288520813,19.264673274887382,12.757893604942963,0.08148855273611844,0.2740112693747505,-6.50677966994442
49.11739540100098,19.17732177063243,12.698038221066776,0.09885198180563748,0.2662317158421501,-6.479283549565656
49.13341212272644,19.055971680024633,12.698038221066776,0.09885198180563748,0.2662317158421501,-6.3579334589578576
49.15301489830017,18.902623265184143,12.638063601135444,0.09884618577507354,0.25798146722372617,-6.264559664048699
49.172717809677124,18.724141877628323,12.54788381691015,0.1116998184561453,0.31660863307770337,-6.1762580607181725
49.19610953330994,18.532907477209857,12.45745047244191,0.11463300842751778,0.33034334534313525,-6.075457004767948
49.21294045448303,18.33785504600342,12.45745047244191,0.11463300842751778,0.33034334534313525,-5.88040457356151
49.23297119140625,18.145291271451313,12.397025094726166,0.13719675462652958,0.3366881005233153,-5.7482661767251475
49.2529079914093,17.95953106691564,12.30618890968163,0.13419383397285856,0.29694715437944974,-5.653342157234011
49.27287483215332,17.783392179388215,12.245503239226608,0.1238861112478844,0.3258177798008546,-5.537888940161608
49.29625868797302,17.618578191984493,12.154289060705718,0.12095172429417289,0.2762399364029988,-5.464289131278775
49.313915491104126,17.46597391364922,12.154289060705718,0.12095172429417289,0.2762399364029988,-5.3116848529435
49.33365559577942,17.333478983026282,12.093359716603736,0.08323187107180274,0.28348779787775125,-5.240119266422546
49.35333824157715,17.20852030016272,12.001792551877921,0.05516199680005229,0.31590158229228105,-5.2067277482848
49.37298583984375,17.092089420281493,11.940636256370286,0.03239162923728145,0.36678089683409776,-5.1514531639112064
49.39287781715393,16.984650308889158,11.879393884250256,0.053535650539743074,0.3401514284079894,-5.1052564246389025
49.4131498336792,16.886288250241215,11.848741261986419,0.053535650539743074,0.3401514284079894,-5.037546988254796
49.433356523513794,16.79682325635138,11.787374833199394,0.05752295680304087,0.2701514284079894,-5.009448423151987
49.453376054763794,16.715895829891206,11.695177304083801,0.06591577321250952,0.25793252652045334,-5.020718525807405
49.47380042076111,16.64303126437096,11.633617648764611,0.07516285177280224,0.21428842981811608,-5.00941361560635
49.492851972579956,16.577687342111815,11.571985455189814,0.0799148157793752,0.22657488146331156,-5.005701886922001
49.51283264160156,16.521605591658012,11.541143007327038,0.0799148157793752,0.22657488146331156,-4.980462584330974
49.53354525566101,16.472913984078936,11.479407113579851,0.09452002966736472,0.29657488146331157,-4.993506870499084
49.553478956222534,16.43115989615192,11.38668089881743,0.08113562507514871,0.2903530287323519,-5.044478997334492
49.57367777824402,16.395324898124333,11.32478582883934,0.09165600599681056,0.30667586687486614,-5.070539069284992
49.59357237815857,16.364545611640338,11.262831880997823,0.027355714756595262,0.28137566025834526,-5.1017137306425155
49.61288809776306,16.338089108254035,11.200821799970013,0.040325195584046014,0.268888513254933,-5.137267308284022
49.63373279571533,16.315332383724723,11.169796568257619,0.040325195584046014,0.268888513254933,-5.145535815467104
49.653557538986206,16.295745204223433,11.076644235706471,0.04059340868570871,0.2536974956048652,-5.219100968516962
49.67361903190613,16.278875746689437,11.014482259909498,0.04139057238080568,0.24994623817037787,-5.264393486779939
49.69352102279663,16.264338558395487,10.952275165431857,0.07831398088910646,0.20498078844975676,-5.31206339296363
49.71345567703247,16.254120792798606,10.890025713919423,0.05371299449780054,0.23233358159195627,-5.364095078879183
49.733009576797485,16.24717250178103,10.796578165244027,0.06193567410537071,0.24505750804673876,-5.450594336537003
49.75307273864746,16.241139818121272,10.76541080036707,0.06193567410537071,0.24505750804673876,-5.475729017754203
49.772836208343506,16.23744051530261,10.703050875054421,0.04851962969132728,0.22120909176301207,-5.534389640248188
49.793115854263306,16.23545942787293,10.640659665789588,0.0,0.16533849544357504,-5.5947997620833405
49.81284976005554,16.23472399056705,10.547020263058126,0.048311345279216766,0.17078291082289065,-5.687703727508925
49.833643198013306,16.23487313982559,10.515794493172036,0.048311345279216766,0.17078291082289065,-5.719078646653555
49.85367703437805,16.235632774783106,10.453326083282867,0.02097192220389843,0.16852927783038463,-5.782306691500239
49.87353706359863,16.236796421058248,10.390837495996706,0.0,0.20651931890752162,-5.845958925061542
49.89330244064331,16.23821001791213,10.328331511787756,0.02594464085996151,0.2361506299814209,-5.909878506124375
49.913002729415894,16.235127274182005,10.234546001345832,0.025577829161193222,0.22956882806029166,-6.000581272836174
49.93401885032654,16.222053661429246,10.172008696574078,0.03904541669180617,0.28017646090593185,-6.050044964855168
49.952889919281006,16.186170703710957,10.140736998683964,0.03904541669180617,0.28017646090593185,-6.045433705026992
49.97289299964905,16.15501620368452,10.078189251981247,0.08893632603576407,0.2692351734032854,-6.076826951703275
49.992934226989746,16.09907598833986,10.015638024441172,0.11241646943381056,0.2087900547077879,-6.083437963898687
50.01293611526489,16.025078050664302,9.921810748018753,0.13008495134999976,0.1541611237218603,-6.103267302645548
50.034503698349,15.940487780323878,9.921810748018753,0.13008495134999976,0.1541611237218603,-6.018677032305124
50.05344247817993,15.850769650647411,9.827991303425927,0.16207224590471014,0.2135086117079481,-6.022778347221484
50.073243856430054,15.759854322029872,9.76545399865417,0.18425351096084341,0.2550015879562124,-5.994400323375702
50.09285235404968,15.670503506289718,9.702927134941696,0.18555725150508806,0.2634494827827438,-5.967576371348022
50.11377143859863,15.584594201824784,9.609162504003292,0.2042978309909813,0.2606485632015392,-5.975431697821492
50.1352641582489,15.503339434315889,9.546673916717134,0.1342978309909813,0.26853473826777186,-5.956665517598754
50.15684127807617,15.427459077828948,9.484205506827962,0.1008379776100628,0.24998669482301916,-5.9432535710009855
50.173417806625366,15.350362456514622,9.452979736941874,0.1008379776100628,0.24998669482301916,-5.897382719572748
50.192972898483276,15.283425201519309,9.390546803537273,0.1040058017312549,0.22487685612868513,-5.892878397982036
50.21285367012024,15.186223755853176,9.296949124945586,0.1384184837876819,0.20932256120722736,-5.88927463090759
50.233991861343384,15.021919819775851,9.296949124945586,0.1384184837876819,0.20932256120722736,-5.724970694830265
50.256736040115356,14.764378362319992,9.172263330146057,0.1635909148096107,0.18974287870805706,-5.592115032173934
50.27279233932495,14.430332640718042,9.172263330146057,0.1635909148096107,0.18974287870805706,-5.258069310571985
50.29283142089844,14.051952294316456,9.07884443841083,0.19115259615471586,0.2166493317810818,-4.973107855905626
50.31277775764465,13.655066507294158,8.9855177400905,0.17215275881579145,0.1941286909161135,-4.669548767203658
50.333247661590576,13.255787086212116,8.923355764293529,0.1616439048736356,0.2372507850406691,-4.3324313219185875
50.355873584747314,12.865368060489809,8.861241665801272,0.13635974867036565,0.2922565887449309,-4.004126394688537
50.37322950363159,12.489076395801536,8.861241665801272,0.13635974867036565,0.2922565887449309,-3.6278347300002647
50.393600940704346,12.125565402136218,8.768166314559398,0.13948968565789982,0.3231667267857119,-3.3573990875768196
50.416067123413086,11.809955876559592,8.675214171160665,0.15622528969077393,0.3870233135996386,-3.134741705398927
50.432828426361084,11.492593569494755,8.675214171160665,0.15622528969077393,0.3870233135996386,-2.81737939833409
50.452972650527954,11.173112472267663,8.582394502028482,0.12552826060680672,0.4570233135996386,-2.590717970239181
50.472904920578,10.860579595244205,8.48971655358117,0.08031809284118935,0.41396578620653596,-2.3708630416630356
50.49395036697388,10.561109586732258,8.428014544810187,0.08684452437562867,0.34396578620653595,-2.1330950419220702
50.51616621017456,10.278605291240254,8.366382351235387,0.11188288219971582,0.3645807175664231,-1.9122229400048667
50.5336492061615,10.015330418601295,8.366382351235387,0.11188288219971582,0.3645807175664231,-1.6489480673659074
50.55330014228821,9.776983204125267,8.30482269591621,0.1800240594963543,0.3660074648680165,-1.4721605082090576
50.57307291030884,9.594660741742663,8.181931867689404,0.19114481285912915,0.2960074648680165,-1.4127288740532595
50.594289779663086,9.500067678202623,8.120606115749743,0.19839770161313935,0.3442884676577523,-1.3794615624528799
50.61633110046387,9.50596429727931,8.059363743629714,0.23704602383775636,0.37851502303499723,-1.4466005536495956
50.63730764389038,9.511083892509522,7.998207448122081,0.2790521849016659,0.34418489341158415,-1.512876444387441
50.65330100059509,9.58826498941622,7.998207448122081,0.2790521849016659,0.34418489341158415,-1.59005754129414
50.672940492630005,9.71346449517228,7.9371399202083985,0.32599463873310014,0.34116750838700677,-1.7763245749638816
50.69290590286255,9.868717028080617,7.815281900917334,0.3176118014450185,0.39314697938505555,-2.053435127163283
50.71349096298218,10.038435793265473,7.754496760773396,0.2740360302920453,0.3938879502774216,-2.2839390324920767
50.73530054092407,10.211413252103405,7.754496760773396,0.2740360302920453,0.3938879502774216,-2.4569164913300092
50.75353002548218,10.37051359279284,7.693811090318366,0.29048526753438636,0.3516019677580334,-2.6767025024744733
50.77272915840149,10.481036865023325,7.633227548688398,0.2936950682266615,0.40627791190752754,-2.847809316334928
50.79279804229736,10.508579665619301,7.512377453627334,0.23873163597425445,0.37287549132714043,-2.9962022119919673
50.81392812728882,10.438382049949018,7.452116183089849,0.22742895619710907,0.3614311024383641,-2.986265866859169
50.836519718170166,10.278982424273236,7.391967606792729,0.21721307864179834,0.3154380015865899,-2.887014817480507
50.85273551940918,10.140587599595817,7.391967606792729,0.21721307864179834,0.3154380015865899,-2.7486199928030874
50.87335205078125,9.937035172438415,7.301961778933224,0.2272401296137832,0.38170005304971705,-2.6350733935051913
50.89269542694092,9.693590152652265,7.242106395057046,0.2792111330269836,0.3430862568155862,-2.451483757595218
50.915993213653564,9.428852486557142,7.152552577875213,0.22700894927373155,0.36010401992360125,-2.2762999086819296
50.93272805213928,9.156302498203551,7.152552577875213,0.22700894927373155,0.36010401992360125,-2.003749920328339
50.95367622375488,8.885509249722341,7.093006652481279,0.25291084056487306,0.32310580758610735,-1.7925025972410626
50.972962856292725,8.625389273746384,7.0039291471865255,0.2214282148121856,0.39310580758610736,-1.6214601265598585
50.992703914642334,8.379538178253998,6.9447088141311255,0.23346943711629137,0.3932171820881194,-1.4348293641228729
51.013861656188965,8.150077347333607,6.915149009295476,0.23346943711629137,0.3932171820881194,-1.2349283380381308
51.03343057632446,7.93804828916542,6.856131718177274,0.24190588971367105,0.4105331192942685,-1.0819165709881462
51.05276417732239,7.746031350509123,6.767866345764046,0.21576893819263204,0.3405331192942685,-0.978165004745077
51.07318377494812,7.5793173419424775,6.709200168036979,0.1592669722228311,0.36530079566262424,-0.8701171739054985
51.092764139175415,7.428229665697547,6.650678856087309,0.1682603352307342,0.29530079566262424,-0.7775508096102381
51.11298060417175,7.291977633652859,6.621473309882786,0.1682603352307342,0.29530079566262424,-0.6705043237700732
51.13283896446228,7.169621057490264,6.534080863604849,0.10205595871200784,0.33066356458090007,-0.635540193885415
51.152814626693726,7.062457035628858,6.4760091744753865,0.12112640706589445,0.27947233148239314,-0.5864478611534718
51.172770261764526,6.968669761001136,6.418092333558015,0.14500598540296777,0.2790336678977473,-0.5505774274431214
51.19314980506897,6.8866454668103225,6.389192753236495,0.14500598540296777,0.2790336678977473,-0.4974527135738276
51.21331810951233,6.8172695982133815,6.302733062337605,0.1597535035177134,0.32112299606757,-0.5145365358757763
51.23330640792847,6.760823820170996,6.245295537524951,0.11140277819475158,0.3270447999480529,-0.515528282646045
51.25271987915039,6.717163000488418,6.159448743676911,0.1814027781947516,0.2995086256656213,-0.557714256811507
51.273488998413086,6.68353303888072,6.130916888772193,0.1814027781947516,0.2995086256656213,-0.5526161501085269
51.29269862174988,6.654334647599221,6.073980601982639,0.14266801060875878,0.2295086256656213,-0.5803540456165823
51.31298112869263,6.634722188305952,6.017216212050522,0.11314979003509507,0.20457305046351387,-0.6175059762554298
51.33328914642334,6.626917510176112,5.93239715602061,0.1376863512559794,0.16779867219360306,-0.6945203541555021
51.35381555557251,6.6391017175884235,5.876072932632589,0.06768635125597938,0.1721742119136615,-0.7630287849558348
51.373058557510376,6.669481396291721,5.847978250530218,0.06768635125597938,0.1721742119136615,-0.8215031457615032
51.393781900405884,6.711698639972229,5.791925213281495,0.058525755309965455,0.17771447249309852,-0.9197734266907345
51.41318917274475,6.76102539359328,5.708190854040547,0.07008458139142021,0.24243761398451164,-1.052834539552733
51.43333196640015,6.813990272299075,5.652601466048461,0.07060624770354479,0.23630736660765245,-1.1613888062506144
51.45605754852295,6.8680862377211565,5.652601466048461,0.07060624770354479,0.23630736660765245,-1.2154847716726955
51.473188161849976,6.921542140413902,5.569573426389965,0.12090593687724321,0.20887419660197332,-1.3519687140239371
51.493632555007935,6.973144643427921,5.514462099939818,0.053139836709015065,0.18900729980872705,-1.458682543488103
51.51425361633301,7.017947254019159,5.432161840481038,0.08243036381434649,0.14093526717828347,-1.5857854135381206
51.53608965873718,7.060998603201174,5.37754277574896,0.1289807829959318,0.1728137385527952,-1.6834558274522138
51.55285120010376,7.10169894675553,5.37754277574896,0.1289807829959318,0.1728137385527952,-1.7241561710065696
51.573336601257324,7.139693674591649,5.295991433495393,0.11999083980452269,0.1714742532660602,-1.8437022410962554
51.59375333786011,7.174807787696924,5.214899448625619,0.12284030084963887,0.15086435291072114,-1.9599083390713048
51.61527371406555,7.206995653477995,5.214899448625619,0.12284030084963887,0.15086435291072114,-1.992096204852376
51.6332950592041,7.236302697366113,5.161096988733686,0.10426602763589471,0.12886786784132703,-2.075205708632427
51.65375089645386,7.260520046647384,5.107504163209381,0.17426602763589472,0.18025848220189794,-2.1530158834380035
51.672736167907715,7.28056394801827,5.000956053263259,0.21050093544181436,0.1797029674946679,-2.279607894755011
51.69434833526611,7.2971807992748525,5.000956053263259,0.21050093544181436,0.1797029674946679,-2.2962247460115934
51.717119216918945,7.310979353257199,4.948005049417553,0.17773339000996202,0.21508152791851892,-2.3629743038396462
51.73361921310425,7.3229596101184855,4.895272240719752,0.19217844062950462,0.248642701744975,-2.4276873693987335
51.75294232368469,7.328225582406041,4.842759728197361,0.1514546883990988,0.2513210387862636,-2.4854658542086803
51.77282381057739,7.31942376758421,4.764408571223759,0.1705197630217299,0.2965291501916362,-2.5550151963604506
51.796210527420044,7.2709701890140215,4.7384039154081865,0.1705197630217299,0.2965291501916362,-2.532566273605835
51.81294846534729,7.152241646845104,4.686564736257912,0.21691488602664322,0.23518722001084819,-2.4656769105871916
51.83342957496643,6.948452651279217,4.634954095144106,0.2606957418611273,0.1764638522602035,-2.3134985561351105
51.85377621650696,6.684004122919347,4.557971054160896,0.22115014994051307,0.2428059006071998,-2.126033068758451
51.87271475791931,6.386708531446368,4.506940553976179,0.2033409992000088,0.2817061642147018,-1.8797679774701894
51.893136739730835,6.072116858560963,4.481513504724122,0.2033409992000088,0.2817061642147018,-1.5906033538368414
51.913264989852905,5.753802696213694,4.430837034871331,0.2133788171922788,0.28727079238364234,-1.322965661342363
51.933692932128906,5.4412921014842315,4.355270049665387,0.2343958936398849,0.24390186797449126,-1.0860220518188441
51.952812910079956,5.1699624243657345,4.305193350621934,0.21429867518600076,0.2411303362771286,-0.8647690737438003
51.97289323806763,4.905473381689379,4.255359909991261,0.21369190799305215,0.26519626294815674,-0.6501134716981181
51.99293303489685,4.652706290410673,4.23053500203801,0.21369190799305215,0.26519626294815674,-0.42217128837266227
52.01330327987671,4.414742686951269,4.181069981748241,0.1742935767979361,0.3111814959868206,-0.23367270520302785
52.033393144607544,4.193332801839761,4.107337918322431,0.1647693301201798,0.2660333580299629,-0.08599488351732987
52.0534987449646,3.9892560394521452,4.058496198528516,0.17572294833371416,0.22239492004358902,0.06924015907637093
52.07282018661499,3.8025969462032503,4.009906987528444,0.2339241980225779,0.24173105051362648,0.2073100413251936
52.092849254608154,3.6329552055581624,3.9857076340457738,0.2339241980225779,0.24173105051362648,0.35275242848761135
52.11288619041443,3.4796042749680316,3.9134932466096615,0.2001095107407309,0.27161466804886,0.4338889716416299
52.13352346420288,3.3416101696322964,3.865672245621873,0.22799830610165372,0.20161466804885997,0.5240620759895767
52.153581380844116,3.217919434493235,3.818110810917865,0.2432572646648623,0.25540171695494784,0.6001913764246303
52.17267823219299,3.1105279802710686,3.7708106577073046,0.2441924755112268,0.28037540560209884,0.660282677436236
52.19320011138916,3.0141833940975453,3.747259092191271,0.2441924755112268,0.28037540560209884,0.7330756980937259
52.213359355926514,2.9280508975605515,3.6770009562338615,0.22779371967772022,0.3344681369289173,0.74895005867331
52.23359131813049,2.8512815313784308,3.630494737461177,0.22739549248944968,0.3453353675230755,0.7792132060827464
52.253676652908325,2.783038860746808,3.584256458790442,0.22124414506834,0.2922400118931545,0.801217598043634
52.272725343704224,2.7225171942684656,3.538287733386415,0.16127957019489259,0.283248035624565,0.8157705391179495
52.292940616607666,2.6689534282261675,3.4925901534470682,0.16127957019489259,0.283248035624565,0.8236367252209007
52.31349515914917,2.621634150988933,3.4471652900175727,0.11285678285639733,0.213248035624565,0.8255311390286395
52.33277606964111,2.5798992679639094,3.4020146928043147,0.17594677943270653,0.24994901077443493,0.8221154248404052
52.35295844078064,2.5431431142521093,3.3571398899889395,0.15054571989458054,0.2891401636748923,0.8139967757368303
52.372891902923584,2.510813792988508,3.2903480896849118,0.16911382402759045,0.23893120022112263,0.7795342966964038
52.39349317550659,2.4827446508606807,3.268223671539154,0.16911382402759045,0.23893120022112263,0.7854790206784732
52.41289019584656,2.4580409528805927,3.2241852029708227,0.22900073777418584,0.20720836774999035,0.76614425009023
52.433419704437256,2.436325889862536,3.180428422560677,0.15900073777418583,0.24641594173008335,0.744102532698141
52.45305061340332,2.4172589723652664,3.1153245124252926,0.194431023853831,0.281138500884117,0.6980655400600262
52.47310447692871,2.4028502595782877,3.072278105571584,0.2337499691126868,0.2578600838183774,0.6694278459932965
52.49318718910217,2.392056784693263,3.050862274577554,0.2337499691126868,0.2578600838183774,0.658805489884291
52.513805866241455,2.3840588441704145,3.008246197152225,0.23868780880700796,0.32092252069705857,0.6241873529818105
52.53312039375305,2.375897063881466,2.965918668464113,0.2441588520957157,0.3156302256844355,0.5900216045826467
52.55351519584656,2.3701529346346972,2.9238809912198924,0.3129183307243511,0.26522623583296073,0.5537280565851952
52.57285022735596,2.3662394443922623,2.8613707384311056,0.2818364717019722,0.2742653845212771,0.49513129403884326
52.593570947647095,2.3637006197869845,2.8200632340010188,0.2483739100350067,0.30233869909861816,0.45636261421403423
52.614827394485474,2.3614963474454123,2.7790499536521267,0.2943622350646183,0.29742311661684645,0.41755360620671444
52.632848501205444,2.3579533678680415,2.758654021951873,0.2943622350646183,0.29742311661684645,0.4007006540838316
52.65358757972717,2.353573923300266,2.7180843110599895,0.3082471203012392,0.29224040055269135,0.36451038775972355
52.672701835632324,2.3464125582361266,2.6778117663681087,0.2630795884830877,0.25128968501085175,0.3313992081319821
52.69382190704346,2.3375076626668143,2.61796260936816,0.2983492586715147,0.20450123468035591,0.2804549467013455
52.71509790420532,2.3253100844307655,2.61796260936816,0.2983492586715147,0.20450123468035591,0.29265252493739435
52.73284029960632,2.308830591063117,2.5587883430436804,0.3042949905572459,0.2384399555026902,0.24995775198056336
52.753151655197144,2.2874949304764023,2.5002925615510847,0.2979422925924882,0.3019303015767945,0.21279763107468241
52.77383351325989,2.254083177930326,2.5002925615510847,0.2979422925924882,0.3019303015767945,0.24620938362075862
52.79288363456726,2.203898779151118,2.442478730308167,0.2628766528284177,0.279651489794196,0.23857995115704922
52.812687158584595,2.1364379888690723,2.3853501845819807,0.28995112580712884,0.24692930722230805,0.24891219571290835
52.83398485183716,2.0778668083904326,2.347646789140004,0.21995112580712883,0.2871569774448289,0.26977998074957155
52.85614061355591,2.0055859348267573,2.347646789140004,0.21995112580712883,0.2871569774448289,0.34206085431324684
52.87319040298462,1.9256875315573405,2.3102503081138295,0.24205797446426003,0.2769727611317648,0.38456277655648896
52.89333653450012,1.84260385519725,2.2547329907393596,0.23905425822827964,0.3469727611317648,0.4121291355421097
52.913307428359985,1.7502320196270211,2.199911118329638,0.20673517441842704,0.3064594691767706,0.4496790987026167
52.9347562789917,1.6422615199772828,2.1637509278293265,0.20473406488541512,0.2522665387167944,0.5214894078520438
52.95285224914551,1.5263020446494504,2.1637509278293265,0.20473406488541512,0.2522665387167944,0.6374488831798761
52.97317624092102,1.4101660309366517,2.127901833588467,0.14743459621910004,0.18226653871679438,0.7177358026518155
52.992693185806274,1.2969681494202216,2.074713141667111,0.14770194912794976,0.1767178785390569,0.7777449922468893
53.018280029296875,1.1887943551543048,2.0222285400477986,0.12773047039750962,0.2467178785390569,0.8334341848934939
53.032973527908325,1.0869611024011612,2.0222285400477986,0.12773047039750962,0.2467178785390569,0.9352674376466374
53.05276274681091,0.9985468724344739,1.9704503192610723,0.19773047039750963,0.25700666654476656,0.9719034468265983
53.072701930999756,0.9177685265283826,1.9363250059119785,0.26773047039750963,0.3048743260241462,1.018556479383596
53.09303879737854,0.8444228209423837,1.9193806274483691,0.26773047039750963,0.3048743260241462,1.0749578065059855
53.11299180984497,0.7781727001068525,1.8857287892056362,0.2500868249917403,0.2348743260241462,1.1075560890987837
53.133808851242065,0.7209133965229109,1.8358443614532085,0.3093979951227084,0.29253838140139116,1.1149309649302976
53.152743101119995,0.6714080014689896,1.8029843905428287,0.30757478659506887,0.34518700394401086,1.131576389073839
53.172712564468384,0.6285930289240979,1.7866734841879222,0.30757478659506887,0.34518700394401086,1.1580804552638244
53.19273781776428,0.5915534769414077,1.7382177713760498,0.3546842228388414,0.3341919064856483,1.1466642944346421
53.212716817855835,0.5571852444003649,1.7063120060439303,0.35406555759254843,0.31489170830318464,1.1491267616435654
53.23271203041077,0.5255782291695847,1.6747251427746157,0.3608329991111532,0.348127802122326,1.149146913605031
53.25302505493164,0.4944057528758438,1.6590514153056404,0.3608329991111532,0.348127802122326,1.1646456624297965
53.272987365722656,0.46734101308650394,1.6125095607532103,0.4308329991111532,0.3533770500085665,1.1451685476667064
53.29275822639465,0.4408583480418123,1.5818814857824357,0.42524586599785835,0.3866143694482161,1.1410231377406235
53.312724351882935,0.4131615804601346,1.536539806150735,0.49519840609747917,0.42447322442749275,1.1233782256906002
53.3337619304657,0.3830351183052453,1.5215861492725402,0.49519840609747917,0.42447322442749275,1.138551030967295
53.35371255874634,0.3496986694863727,1.491919348252452,0.4764742607297376,0.4490174001417471,1.1422206787660794
53.372981548309326,0.31269485724900037,1.4625733808445602,0.4977085663052276,0.46348716806242,1.14987852359556
53.3928120136261,0.27180264962586964,1.4191563180909839,0.44138673674780876,0.5033836674279881,1.1473536684651142
53.412779569625854,0.22465465230235232,1.4048445260647924,0.44138673674780876,0.5033836674279881,1.1801898737624401
53.43305683135986,0.1651386940339322,1.376461849655346,0.4451807796070352,0.4333836674279881,1.211323155621414
53.453755140304565,0.08933533661680428,1.3484004284110114,0.4409667354123667,0.389656370092125,1.259065091794207
53.472875118255615,0.0019005119243466432,1.306910698090764,0.4965496610896662,0.3889351478949537,1.3050101861664174
53.49371957778931,-0.07401263519072736,1.2796524582174413,0.48294109460432083,0.43380460433516405,1.3536650934081687
53.51390099525452,-0.1595350472999052,1.2661437949320486,0.48294109460432083,0.43380460433516405,1.425678842231954
53.53272581100464,-0.24947793268731258,1.2393673322457772,0.5014488378586248,0.47317928738746545,1.4888452649330899
53.55385732650757,-0.3401207570942514,1.212911931656862,0.5079381641047076,0.4107287927702417,1.5530326887511134
53.57392930984497,-0.42886086343570323,1.17383051463527,0.4934296419890598,0.39804817933443687,1.6026913780709733
53.59523344039917,-0.5139406429799717,1.1481770998576764,0.4968755485536531,0.4680481793344369,1.6621177428376481
53.61586928367615,-0.5942357626311217,1.122844124498581,0.4662775674881414,0.5118681730687966,1.7170798871297026
53.63278293609619,-0.6714077299168763,1.110297723859901,0.4662775674881414,0.5118681730687966,1.7817054537767771
53.65331435203552,-0.7536419500431807,1.073138446420785,0.43974904511589563,0.5037947490796795,1.8267803964639655
53.67361259460449,-0.8488067781849019,1.048765136446157,0.40575072337407625,0.43379474907967946,1.897571914631059
53.696245431900024,-0.9504448946019638,1.024711051006122,0.38667013477999723,0.42470849782082937,1.9751559456080856
53.71289300918579,-1.038689702219597,1.0128035972946563,0.38667013477999723,0.42470849782082937,2.051493299514253
53.73376512527466,-1.1305169635509367,0.9892276086861074,0.4207416100474075,0.4355779607951989,2.1197445722370443
53.752650022506714,-1.222412429388746,0.954460080330513,0.3753014242323116,0.3934486490846028,2.176872509719259
53.773855209350586,-1.3119333735026912,0.9316786584776438,0.33435879257041967,0.39513173547427854,2.243612031980335
53.79621434211731,-1.3951293582532225,0.9092141702447805,0.2858452385338024,0.3632555328015586,2.304343528498003
53.812766551971436,-1.469423180617887,0.9092141702447805,0.2858452385338024,0.3632555328015586,2.3786373508626673
53.83288621902466,-1.5355757294541645,0.8761104471641517,0.33966378104407347,0.4332555328015586,2.411686176618316
53.85281538963318,-1.592013717582773,0.8437165000153968,0.3582868984015659,0.3632555328015586,2.43573021759817
53.875200510025024,-1.6379003967414782,0.8225137613747435,0.3447347132535652,0.3367925364230176,2.4604141581162216
53.89638018608093,-1.6729326565936096,0.8016247856222769,0.3744026495190338,0.4067925364230176,2.4745574422158865
53.91277551651001,-1.6971860297003336,0.8016247856222769,0.3744026495190338,0.4067925364230176,2.4988108153226105
53.93286061286926,-1.7182434274496121,0.7810488309879844,0.37671141564380384,0.35618191589455805,2.4992922584375963
53.952919006347656,-1.7315959743460592,0.7408328362659944,0.30671141564380383,0.31139304493408404,2.4724288106120538
53.973717212677,-1.7392449777079686,0.7408328362659944,0.30671141564380383,0.31139304493408404,2.480077813973963
53.99654507637024,-1.7427308227068703,0.7211911303522989,0.2767994691384957,0.30703804925869904,2.4639219530591694
54.013490200042725,-1.7432331503261758,0.7018591135329011,0.20679946913849567,0.2494708551545044,2.4450922638590766
54.03375840187073,-1.7416499463850177,0.6828358606360574,0.1753519803239033,0.1794708551545044,2.424485807021075
54.0539116859436,-1.7363435501338138,0.6457117595457795,0.14451269730459904,0.13896735326241455,2.3820553096795933
54.074459075927734,-1.728590946895089,0.6276088740738643,0.15020216786768292,0.14353574474196634,2.3561998209689534
54.096776723861694,-1.717027227117952,0.6098106775954975,0.19635294908192014,0.1252130627338191,2.3268379047134493
54.11284589767456,-1.700804792917966,0.6098106775954975,0.19635294908192014,0.1252130627338191,2.310615470513463
54.132837772369385,-1.681774047404173,0.5923160568881087,0.22810402670409535,0.1656636617783805,2.2740901042922816
54.1538188457489,-1.6652510682710915,0.5666408012486279,0.17645235517527913,0.2356636617783805,2.2318918695197194
54.17288112640381,-1.6446322366815418,0.5498999986850066,0.18184210750740026,0.23354187053482733,2.194532235366548
54.19736433029175,-1.6217119132681115,0.5253497275324932,0.11184210750740026,0.22083854586671792,2.1470616408006045
54.2127730846405,-1.6001134294581905,0.5253497275324932,0.11184210750740026,0.22083854586671792,2.1254631569906834
54.232831716537476,-1.5800022953079509,0.5093549449529107,0.0899777324078605,0.19753477074991665,2.0893572402608616
54.25386023521423,-1.5614542719202846,0.4859175057758236,0.15040261160116647,0.14177120947133504,2.0473717776961085
54.27281713485718,-1.5421644377719987,0.4706603362964046,0.18410104002337907,0.1550608231205841,2.0128247740684033
54.29723334312439,-1.5228677379199327,0.448322658048923,0.159132043379359,0.19402385041903458,1.9711903959688557
54.31336164474487,-1.5040748317588888,0.448322658048923,0.159132043379359,0.19402385041903458,1.9523974898078118
54.33296275138855,-1.486127135879122,0.4337940787973267,0.13188141446094964,0.20347632379125558,1.9199212146764486
54.353357791900635,-1.4692395161338168,0.4125421610031488,0.14378991119097922,0.14578945846151314,1.8817816771369655
54.373642921447754,-1.4545772535095358,0.3987325258550456,0.1103875241382048,0.16927350968908272,1.8533097793645814
54.39271545410156,-1.4408031251889488,0.38520762644188977,0.1803875241382048,0.10271139354299508,1.8260107516308386
54.41347050666809,-1.4280088932589436,0.37855142771135064,0.1803875241382048,0.10271139354299508,1.8065603209702943
54.43311309814453,-1.4162324688035595,0.3590052545173634,0.1704057596577332,0.1653111270148655,1.775237723320923
54.45382785797119,-1.4054733599118003,0.34632428950753535,0.10040575965773318,0.12459451616596184,1.7517976494193357
54.472756147384644,-1.3957044136683199,0.33392107486365674,0.1601414824975655,0.06280701146315537,1.7296254885319766
54.492664098739624,-1.3868806745582403,0.3217937611526267,0.18843152887653564,0.12481788829754792,1.708674435710867
54.51345205307007,-1.378946006527353,0.31583297782693975,0.18843152887653564,0.12481788829754792,1.6947789843542929
54.53331017494202,-1.3741543352815917,0.29835923056953817,0.14666161082219337,0.19481788829754793,1.6725135658511299
54.55290365219116,-1.371672012065125,0.2870481060460506,0.21666161082219337,0.194696955733816,1.6587201181111755
54.572861194610596,-1.370859138148891,0.2760050667807512,0.14783149323891853,0.20636489743075787,1.6468642049296423
54.592700481414795,-1.37015338026116,0.2652280534396745,0.17308445386122917,0.13636489743075786,1.6353814337008346
54.61276698112488,-1.3729308453099531,0.2547149641507218,0.20874542109202598,0.15721801640174804,1.627645809460675
54.63269829750061,-1.380370837114143,0.24955672251347494,0.20874542109202598,0.15721801640174804,1.629927559627618
54.652873516082764,-1.3885369004558168,0.23447193643479025,0.2094753324706108,0.10027778865478454,1.623008836890607
54.673136711120605,-1.396992063142768,0.22473757989977372,0.13947533247061078,0.07563454815826831,1.6217296430425416
54.69289422035217,-1.4054251936615032,0.21525831082875868,0.1234972811210901,0.09971448005817352,1.6206835044902619
54.712605476379395,-1.4136207668086116,0.20603181187015096,0.11487480335868899,0.14050883026502548,1.6196525786787626
54.732659578323364,-1.4214353437960068,0.19705572201829114,0.11487480335868899,0.14050883026502548,1.618491065814298
54.75350213050842,-1.43804472829924,0.1883276364278359,0.10360129074193541,0.21050883026502548,1.6263723647270758
54.77296805381775,-1.4719068158011759,0.1798451062278339,0.12958718732930724,0.16536498011730133,1.6517519220290098
54.79298400878906,-1.526125253701936,0.1716056383354747,0.19958718732930725,0.14728688763163506,1.6977308920374108
54.81270170211792,-1.5731990857498312,0.15969661539967817,0.21581860125996177,0.13186863938055454,1.7328957011495094
54.83299970626831,-1.6339245957789637,0.15584569496854783,0.21581860125996177,0.13186863938055454,1.7897702907475115
54.85283017158508,-1.7025318797366678,0.14832001059650324,0.19627461449243133,0.1463753798761171,1.850851890333171
54.87268948554993,-1.777121899983656,0.14102697036505418,0.19780611707363283,0.13342423120222507,1.9181488703487102
54.89342498779297,-1.8539015996859578,0.1339638573438151,0.21728623746428644,0.12387927284173189,1.987865457029773
54.91299080848694,-1.9301786870464912,0.12712790927464468,0.23344393721316015,0.16334325110248743,2.057306596321136
54.932565212249756,-2.004096395179564,0.11729376696541394,0.18659560284111654,0.1861787106626433,2.1213901621449778
54.95268678665161,-2.0744272313415166,0.1141262312078517,0.18659560284111654,0.1861787106626433,2.1885534625493683
54.97284770011902,-2.1404131347305295,0.10795474838337427,0.16513248434755956,0.21282646467618166,2.248367883113904
54.99317383766174,-2.2062747775626512,0.10199892448554237,0.23513248434755957,0.15783426200679956,2.3082737020481936
55.013659954071045,-2.2795797271814497,0.09625576782976708,0.2586029364028946,0.22783426200679957,2.375835495011217
55.032792806625366,-2.343224956004731,0.08803312527533791,0.2598346057347954,0.29477658128074824,2.431258081280069
55.05297040939331,-2.420646512773074,0.08539525710411056,0.2598346057347954,0.29477658128074824,2.5060417698771844
55.07349157333374,-2.5102290965251637,0.08027168670539098,0.26123505760915583,0.3132106755458516,2.5905007832305547
55.09375739097595,-2.60358120400623,0.07534835051890454,0.24666960281319922,0.3313472662650746,2.6789295545251344
55.112786293029785,-2.697091264006198,0.06833171608864319,0.1766696028131992,0.30571436328522383,2.7654229800948413
55.13426995277405,-2.788246587037313,0.06389474905324377,0.1668805159348995,0.281849868648569,2.8521413360905568
55.15327000617981,-2.873047618925835,0.06174725258146552,0.1668805159348995,0.281849868648569,2.9347948715073007
55.17276167869568,-2.951200162386203,0.0575921209835073,0.2368805159348995,0.22136684139899432,3.0087922833697105
55.19344139099121,-3.0226750939489584,0.05170264873669339,0.27881329623050993,0.23592721769295155,3.074377742685652
55.213825702667236,-3.085311824690266,0.04800008069858919,0.279611268080771,0.16592721769295155,3.1333119053888554
55.23674440383911,-3.135526233596726,0.04447239064546693,0.34961126808077103,0.21774622181139408,3.179998624242193
55.25310754776001,-3.1791236654440542,0.04277300626910119,0.34961126808077103,0.21774622181139408,3.2218966717131554
55.273152351379395,-3.2136413489373408,0.03950089497914533,0.28861965302377945,0.21195251296914636,3.253142243916486
55.29281783103943,-3.240942707079035,0.03490248846928168,0.21861965302377945,0.25266641925729333,3.2758451955483165
55.31389784812927,-3.2625122224980387,0.03203796584713814,0.27386931423097854,0.32266641925729334,3.294550188345177
55.33615159988403,-3.279532049875587,0.029329903722477013,0.26659282017499214,0.25266641925729333,3.308861953598064
55.35335326194763,-3.29525954534167,0.029329903722477013,0.26659282017499214,0.25266641925729333,3.324589449064147
55.373568534851074,-3.3096749158874053,0.02555277944125578,0.2318995380774141,0.18266641925729332,3.335227695328661
55.393665075302124,-3.3227989945891427,0.02210591877805257,0.24717975035309797,0.22365317325748024,3.3449049133671953
55.41339182853699,-3.3346802835532676,0.01998488785680763,0.317179750353098,0.2627365758613449,3.3546651714100753
55.43552327156067,-3.3453852249849407,0.018000662157771075,0.3640103448927403,0.2930353471980196,3.363385887142712
55.45290756225586,-3.3549909708534993,0.018000662157771075,0.3640103448927403,0.2930353471980196,3.3729916330112704
55.47278594970703,-3.36333092466292,0.01614916004584188,0.33486928574740893,0.3458426782832247,3.379480084708762
55.492757081985474,-3.370821039415348,0.01361171039050646,0.2648692857474089,0.2758426782832247,3.3844327498058546
55.512848138809204,-3.377523471415883,0.011349418356427776,0.23740741983056074,0.20584267828322467,3.3888728897723106
55.53553032875061,-3.3835021525125746,0.009986978906901811,0.2859862037003041,0.22004460993863162,3.3934891314194764
55.5529305934906,-3.3888205628937893,0.009986978906901811,0.2859862037003041,0.22004460993863162,3.398807541800691
55.57368278503418,-3.3935401960202976,0.008736091740662033,0.2182555831968785,0.20507498163438853,3.4022762877609596
55.59325313568115,-3.397719544757145,0.007592368669673277,0.14868257567286497,0.24610291126824435,3.4053119134268184
55.613260984420776,-3.4014134762410824,0.005608603160105474,0.15437756106257444,0.2206412040040594,3.407022079401188
55.63434958457947,-3.4046728932313988,0.00475952488642406,0.09004082903265959,0.20482228774286326,3.409432418117823
55.65269613265991,-3.4075446033715897,0.00475952488642406,0.09004082903265959,0.20482228774286326,3.4123041282580138
55.6727192401886,-3.410071336307409,0.003999538665944158,0.1600408290326596,0.17688576396263656,3.414070874973353
55.69368839263916,-3.412265110352843,0.003323995735922125,0.1332652379572392,0.10688576396263655,3.415589106088765
55.71374988555908,-3.4141965536878907,0.002207381146170917,0.0632652379572392,0.03688576396263654,3.4164039348340616
55.73530983924866,-3.415894884262743,0.001756747853107754,0.055903464090079125,0.05960084262944276,3.4176516321158505
55.75295877456665,-3.4173865399556864,0.001756747853107754,0.055903464090079125,0.05960084262944276,3.419143287808794
55.77270221710205,-3.418695330894013,0.0013714342118831269,0.05818769754841929,0.12593731794215257,3.4200667651058962
55.79350686073303,-3.419842614507236,0.001046526236052614,0.09953520121052867,0.10173114340461309,3.4208891407432884
55.81317377090454,-3.423163829840372,0.0006615435914270051,0.03758445801213389,0.037486806024680686,3.423825373431799
55.8327910900116,-3.427907485314132,0.0004657988640843769,0.10201910557225352,0.0,3.428373284178216
55.856621742248535,-3.435830469413382,0.0002507912634364118,0.11913928622379905,0.0698290765285492,3.4360812606768185
55.872960567474365,-3.4457529435362675,0.0002507912634364118,0.11913928622379905,0.0698290765285492,3.446003734799704
55.89272856712341,-3.456802718538172,0.00015231921956626593,0.12918718205764895,0.019724003970623016,3.456955037757738
55.91359186172485,-3.4663964153089784,5.881466950796721e-05,0.08138751657679683,0.0,3.4664552299784863
55.93311285972595,-3.476673771492599,2.487485460278549e-05,0.011387516576796819,0.0,3.476698646347202
55.95268535614014,-3.489471473575536,7.3888456597615004e-06,0.0,0.07,3.489478862421196
55.97325587272644,-3.503682476505556,3.12107943045703e-06,0.0,0.07,3.5036855975849863
55.99278998374939,-3.518500601066144,1.1588547010887851e-07,0.0,0.14,3.518500716951614
56.01270818710327,-3.5333498903284206,0.0,0.05739964544773102,0.1490777510777116,3.5333498903284206
56.03340673446655,-3.5478294745415586,0.0,0.10419151559472084,0.07907775107771159,3.5478294745415586
56.052857637405396,-3.561670660960962,0.0,0.12217324040830135,0.11184445831924678,3.561670660960962
56.0727961063385,-3.574703645771932,0.0,0.12217324040830135,0.11184445831924678,3.574703645771932
56.093042850494385,-3.5891481347203746,0.0,0.18468846939504147,0.1443528911843896,3.5891481347203746
56.11294341087341,-3.6018759957566964,0.0,0.18580101965926588,0.160154848061502,3.6018759957566964
56.13283610343933,-3.612926649666155,0.0,0.22726872353814542,0.1489518663659692,3.612926649666155
56.152705907821655,-3.622670539083713,0.0,0.18437930359505117,0.1830108805373311,3.622670539083713
56.172754764556885,-3.6312499762947663,0.0,0.18437930359505117,0.1830108805373311,3.6312499762947663
56.19364094734192,-3.638794497641172,0.0,0.21072382270358503,0.11407027829438449,3.638794497641172
56.21348285675049,-3.6454213516279674,0.0,0.1789652721490711,0.1666377118602395,3.6454213516279674
56.2334258556366,-3.648919813713218,0.0,0.17217958788387477,0.1314419961348176,3.648919813713218
56.25312089920044,-3.6501531544254484,0.0,0.1038121439050883,0.1691464862599969,3.6501531544254484
56.27274417877197,-3.649780681608362,0.0,0.1738121439050883,0.11822055343538523,3.649780681608362
56.2928102016449,-3.6483026586291816,0.0,0.1738121439050883,0.11822055343538523,3.6483026586291816
56.31370973587036,-3.6530447395396455,0.0,0.2080833841394633,0.14077034283429385,3.6530447395396455
56.33369183540344,-3.6828293385719615,0.0,0.2300849151145667,0.21077034283429386,3.6828293385719615
56.35331892967224,-3.7086890878887426,0.0,0.16008491511456668,0.16106481511145831,3.7086890878887426
56.37306022644043,-3.7748385859697122,0.0,0.09851901675574481,0.11754348535090686,3.7748385859697122
56.39264965057373,-3.8741782361276766,0.0,0.031431761337444186,0.10424314286559822,3.8741782361276766
56.412803649902344,-3.9939530302942745,0.0,0.031431761337444186,0.10424314286559822,3.9939530302942745
56.432727336883545,-4.124765023495623,0.0,0.0,0.05749491821974517,4.124765023495623
56.45359253883362,-4.259795702909976,0.0,0.0,0.0,4.259795702909976
56.47336459159851,-4.394197879977001,0.0,0.0,0.052063290029764175,4.394197879977001
56.493202447891235,-4.524621356519144,0.0,0.04299374297261238,0.07164345122873783,4.524621356519144
56.512930154800415,-4.651160356776289,0.0,0.06419823877513409,0.07746566738933325,4.651160356776289
56.532917976379395,-4.771666353936657,0.0,0.06419823877513409,0.07746566738933325,4.771666353936657
56.552724838256836,-4.887122370574071,0.0,0.01266009546816349,0.14746566738933325,4.887122370574071
56.573521852493286,-4.987364231950759,0.0,0.0,0.10324166964739562,4.987364231950759
56.593520641326904,-5.083060481885113,0.0,0.0,0.07615352112799884,5.083060481885113
56.61311745643616,-5.17307737459209,0.0,0.024383241310715675,0.04872538212686778,5.17307737459209
56.63418483734131,-5.256777111298844,0.0,0.0432550385594368,0.06978491570800543,5.256777111298844
56.65292739868164,-5.331566829353769,0.0,0.0432550385594368,0.06978491570800543,5.331566829353769
56.67292332649231,-5.398196747793523,0.0,0.03983638854697347,0.07208853068761528,5.398196747793523
56.6927444934845,-5.459719352811506,0.0,0.0,0.1420885306876153,5.459719352811506
56.712761878967285,-5.516073096183607,0.0,0.002256514737382531,0.11150800819508733,5.516073096183607
56.73359966278076,-5.567351452517691,0.0,0.04085516766645014,0.04150800819508732,5.567351452517691
56.75558066368103,-5.613753108732777,0.0,0.05806237296201289,0.05786165448836983,5.613753108732777
56.773093461990356,-5.655544593787037,0.0,0.05806237296201289,0.05786165448836983,5.655544593787037
56.79297757148743,-5.691829028098428,0.0,0.06707637594081461,0.049216940468177206,5.691829028098428
56.81282591819763,-5.7245356063034025,0.0,0.06905808881856501,0.11921694046817721,5.7245356063034025
56.83371067047119,-5.753895097299737,0.0,0.0689800234104041,0.05356907761655749,5.753895097299737
56.85483479499817,-5.7801560007743,0.0,0.1162379497254733,0.06927799350582065,5.7801560007743
56.87687563896179,-5.803572582690134,0.0,0.04791462063440122,0.03691215357743205,5.803572582690134
56.89313530921936,-5.824396413000401,0.0,0.04791462063440122,0.03691215357743205,5.824396413000401
56.91289138793945,-5.84287055896318,0.0,0.11791462063440122,0.0894121817406267,5.84287055896318
56.933025598526,-5.859225776019224,0.0,0.04791462063440122,0.07843347555957736,5.859225776019224
56.95413064956665,-5.873678186526856,0.0,0.0,0.08800326577387751,5.873678186526856
56.976277351379395,-5.886428053109987,0.0,0.034686725586652756,0.09431273314170541,5.886428053109987
56.9935507774353,-5.897659344631286,0.0,0.034686725586652756,0.09431273314170541,5.897659344631286
57.01355695724487,-5.907410638678568,0.0,0.021480227820575237,0.0720389076601714,5.907410638678568
57.03334093093872,-5.916006186600197,0.0,0.09138559829443693,0.11492403979413213,5.916006186600197
57.05324983596802,-5.923572441134451,0.0,0.07014381792396307,0.10610143478028478,5.923572441134451
57.07546591758728,-5.930224360795889,0.0,0.12667352985590696,0.09453078742139043,5.930224360795889
57.09283232688904,-5.936065890716842,0.0,0.12667352985590696,0.09453078742139043,5.936065890716842
57.11353158950806,-5.94119058688701,0.0,0.18827603664249182,0.05765556554310025,5.94119058688701
57.13350558280945,-5.94568232354282,0.0,0.11827603664249181,0.11212199936620892,5.94568232354282
57.15365171432495,-5.949616039667808,0.0,0.048276036642491804,0.11717411560006441,5.949616039667808
57.17476177215576,-5.953058492984809,0.0,0.10845239426940678,0.18717411560006442,5.953058492984809
57.19698667526245,-5.956068999280433,0.0,0.07978498157113789,0.1821017598640174,5.956068999280433
57.2129602432251,-5.958700142056806,0.0,0.07978498157113789,0.1821017598640174,5.958700142056806
57.23277544975281,-5.960984567391517,0.0,0.10157818313688038,0.11210175986401738,5.960984567391517
57.25270485877991,-5.962981839270172,0.0,0.08525755409151314,0.0843562615197152,5.962981839270172
57.2738242149353,-5.962410674006963,0.0,0.032177602536976324,0.04202332544140519,5.962410674006963
57.29605722427368,-5.96007057558208,0.0,0.0017883625254034863,0.0,5.96007057558208
57.313178300857544,-5.954247135771232,0.0,0.0017883625254034863,0.0,5.954247135771232
57.33295655250549,-5.934575970936939,0.0,0.0341931503638625,0.0,5.934575970936939
57.35287952423096,-5.880325049904566,0.0,0.0001265328750014172,0.0,5.880325049904566
57.37269973754883,-5.771056611198636,0.0,0.07012653287500142,0.05515953525900841,5.771056611198636
57.395143032073975,-5.605606707021952,0.0,0.036109722517430776,0.0674325954169035,5.605606707021952
57.41269302368164,-5.40781101941408,0.0,0.036109722517430776,0.0674325954169035,5.40781101941408
57.432703495025635,-5.192761468137189,0.0,0.0,0.0007224585860967636,5.192761468137189
57.45272469520569,-5.006049957242818,0.0,0.020992787554860115,0.024083629250526428,5.006049957242818
57.47345805168152,-4.809287628247462,0.0,0.009931047447025776,0.0,4.809287628247462
57.492818117141724,-4.610729848020384,0.0,0.017479183152318,0.0,4.610729848020384
57.51688194274902,-4.416157951716375,0.0,0.0,0.0,4.416157951716375
57.53292536735535,-4.23179884210098,0.0,0.0,0.0,4.23179884210098
57.552680015563965,-4.057075750866876,0.0,0.023602591827511787,0.0,4.057075750866876
57.57355308532715,-3.8936504578815283,0.0,0.016056111082434654,0.0,3.8936504578815283
57.59312582015991,-3.742379450638945,0.0,0.0007470669224858284,0.023083342239260674,3.742379450638945
57.61278462409973,-3.603537303677248,0.0,0.0,0.0,3.603537303677248
57.63355326652527,-3.476987169803582,0.0,0.0,0.0,3.476987169803582
57.65271282196045,-3.3623100429375765,0.0,0.0123887425288558,0.007932011969387531,3.3623100429375765
57.67351222038269,-3.2627444335464246,0.0,0.0,0.005742822075262666,3.2627444335464246
57.6933376789093,-3.172456573715472,0.0,0.01103090401738882,0.0742856974247843,3.172456573715472
57.71316313743591,-3.0909923840702453,0.0,0.05324652697890997,0.019572161370888352,3.0909923840702453
57.73285388946533,-3.0178039230755576,0.0,0.05758555745705962,0.0,3.0178039230755576
57.75314378738403,-2.9522924953176872,0.0,0.05758555745705962,0.0,2.9522924953176872
57.77310514450073,-2.8938399312864163,0.0,0.09088566293939948,0.0,2.8938399312864163
57.79283785820007,-2.84183082693707,0.0,0.07419482758268714,0.013322094455361366,2.84183082693707
57.81275963783264,-2.7956679179714214,0.0,0.12014158209785819,0.0,2.7956679179714214
57.832767486572266,-2.7547822804411677,0.0,0.07217234512791038,0.0,2.7547822804411677
57.85272932052612,-2.7186396689805097,0.0,0.11633658176288009,0.0,2.7186396689805097
57.872742652893066,-2.6867440052680798,0.0,0.11633658176288009,0.0,2.6867440052680798
57.8927321434021,-2.6590513756979823,0.0,0.11846736539155245,0.0,2.6590513756979823
57.91270422935486,-2.6345953471367394,0.0,0.05089456308633089,0.07,2.6345953471367394
57.93364667892456,-2.6130319343141464,0.0,0.06620749551802874,0.0797896344959736,2.6130319343141464
57.95362734794617,-2.5940459772145688,0.0,0.01647758949548006,0.030875403136014945,2.5940459772145688
57.972630977630615,-2.5773506432886686,0.0,0.08647758949548007,0.012895544692873961,2.5773506432886686
57.99266767501831,-2.562686335132051,0.0,0.08647758949548007,0.012895544692873961,2.562686335132051
58.012864112854004,-2.5498192140008804,0.0,0.09668758761137725,0.0,2.5498192140008804
58.032769441604614,-2.538539495407974,0.0,0.04684965562075377,0.0,2.538539495407974
58.052985429763794,-2.528659631329823,0.0,0.03903970185667277,0.030998894944787025,2.528659631329823
58.07285404205322,-2.5200124615635455,0.0,0.03903970185667277,0.030998894944787025,2.5200124615635455
58.093010902404785,-2.512449392376761,0.0,0.03429350646212698,0.0,2.512449392376761
58.11270809173584,-2.505882942614469,0.0,0.013725107703357942,0.025697484612464905,2.505882942614469
58.13303279876709,-2.500137482783043,0.0,0.0,0.0,2.500137482783043
58.153069734573364,-2.4951136874701403,0.0,0.027257511392235756,0.046156760305166245,2.4951136874701403
58.17284655570984,-2.4907235477969296,0.0,0.027257511392235756,0.046156760305166245,2.4907235477969296
58.1949257850647,-2.486889234591889,0.0,0.05446336418390274,0.0,2.486889234591889
58.21266174316406,-2.483542040488472,0.0,0.05446336418390274,0.0,2.483542040488472
58.233299016952515,-2.480621404722653,0.0,0.032436033710837364,0.0,2.480621404722653
58.252886056900024,-2.478074021073549,0.0,0.0,0.0,2.478074021073549
58.2735641002655,-2.4758530270637262,0.0,0.07,0.05244772136211395,2.4758530270637262
58.293245792388916,-2.473917270969426,0.0,0.0,0.12244772136211396,2.473917270969426
58.31518816947937,-2.472230652193913,0.0,0.0,0.05244772136211395,2.472230652193913
58.33269691467285,-2.47076628671159,0.0,0.0,0.05244772136211395,2.47076628671159
58.352771282196045,-2.4694901304830172,0.0,0.07,0.008883699774742126,2.4694901304830172
58.37287378311157,-2.4683783336797203,0.0,0.14,0.0,2.4683783336797203
58.393348932266235,-2.4674099990025096,0.0,0.14510958395898343,0.06247999519109726,2.4674099990025096
58.412686824798584,-2.4665668306673427,0.0,0.1442608950752765,0.0340584684163332,2.4665668306673427
58.43289923667908,-2.4658328220351176,0.0,0.15158885448239745,0.1040584684163332,2.4658328220351176
58.45412755012512,-2.4651939783152708,0.0,0.11741447924636306,0.1369070016592741,2.4651939783152708
58.4754536151886,-2.4646380709390696,0.0,0.052509483983740224,0.0669070016592741,2.4646380709390696
58.4928662776947,-2.464154420403523,0.0,0.052509483983740224,0.0669070016592741,2.464154420403523
58.51304888725281,-2.463733704613545,0.0,0.06978711216710509,0.07626860402524471,2.463733704613545
58.53340029716492,-2.463367789985836,0.0,0.015551121076568974,0.00639677606523037,2.463367789985836
58.55358672142029,-2.463050093563815,0.0,0.0,0.0,2.463050093563815
58.57258653640747,-2.462773750669069,0.0,0.020656710490584373,0.02502337284386158,2.462773750669069
58.59305930137634,-2.462533414112504,0.0,0.045500438660383224,0.013515635393559933,2.462533414112504
58.614689111709595,-2.4623244208980277,0.0,0.0,0.0009988024830818176,2.4623244208980277
58.63691711425781,-2.462142706149383,0.0,0.0,0.031928256154060364,2.462142706149383
58.653059244155884,-2.4619847275620237,0.0,0.0,0.031928256154060364,2.4619847275620237
58.67351722717285,-2.461847399156542,0.0,0.0,0.06480636820197105,2.461847399156542
58.69327902793884,-2.461728033238702,0.0,0.0,0.04165089502930641,2.461728033238702
58.71310019493103,-2.4616242895892437,0.0,0.0,0.0,2.4616242895892437
58.735360860824585,-2.4615341310144565,0.0,0.003029870567843318,0.0,2.4615341310144565
58.75708198547363,-2.461455784486268,0.0,0.0,0.018233051523566246,2.461455784486268
58.7732298374176,-2.4613877620302125,0.0,0.0,0.018233051523566246,2.4613877620302125
58.793673276901245,-2.461328648355809,0.0,0.0022824483457952738,0.0,2.461328648355809
58.813185930252075,-2.4612772804813594,0.0,0.0,0.0,2.4612772804813594
58.83379101753235,-2.461232646482807,0.0,0.0,0.0,2.461232646482807
58.85439443588257,-2.4611938660269277,0.0,0.0,0.042997997254133224,2.4611938660269277
58.875964641571045,-2.4611601733819994,0.0,0.007521185092628002,0.011510677635669708,2.4611601733819994
58.89323949813843,-2.461130902597042,0.0,0.007521185092628002,0.011510677635669708,2.461130902597042
58.913321018218994,-2.4611054745778893,0.0,0.0,0.008759538875892758,2.4611054745778893
58.932697057724,-2.4610833858213854,0.0,0.0,0.0,2.4610833858213854
58.95319175720215,-2.461064198598183,0.0,0.0,0.0,2.461064198598183
58.97400212287903,-2.4610475324004426,0.0,0.0,0.0,2.4610475324004426
58.996243953704834,-2.461033062382056,0.0,0.018038112670183182,0.003499675542116165,2.461033062382056
59.01353645324707,-2.4610204932541095,0.0,0.018038112670183182,0.003499675542116165,2.4610204932541095
59.03353190422058,-2.4610095757054844,0.0,0.021499135997146368,0.0,2.4610095757054844
59.05276441574097,-2.4610000930423603,0.0,0.0011089886538684368,0.021844113245606422,2.4610000930423603
59.07373929023743,-2.4609918569371962,0.0,0.0,0.04762048460543156,2.4609918569371962
59.09518480300903,-2.4609847037284664,0.0,0.0172119103372097,0.04700847982894629,2.4609847037284664
59.1127073764801,-2.4609784912004584,0.0,0.0172119103372097,0.04700847982894629,2.4609784912004584
59.13363528251648,-2.460973095781381,0.0,0.0,0.04437933710869402,2.460973095781381
59.1526517868042,-2.460968410105869,0.0,0.0,0.0,2.460968410105869
59.173295974731445,-2.460964340894825,0.0,0.0,0.0,2.460964340894825
59.19444465637207,-2.4609608071115567,0.0,0.0,0.025778058916330338,2.4609608071115567
59.21649193763733,-2.460957738990701,0.0,0.0,0.0,2.460957738990701
59.232763051986694,-2.4609550745375643,0.0,0.0,0.0,2.4609550745375643
59.25270175933838,-2.460952760685502,0.0,0.024512412026524544,0.0,2.460952760685502
59.272743940353394,-2.460950751335408,0.0,0.0,0.004776218440383673,2.460950751335408
59.294217348098755,-2.460949006442629,0.0,0.0,0.0,2.460949006442629
59.31641411781311,-2.4609474912231875,0.0,0.0,0.03748905658721924,2.4609474912231875
59.33272933959961,-2.460946175463799,0.0,0.0,0.03748905658721924,2.460946175463799
59.353623151779175,-2.4609450329221567,0.0,0.045144177973270416,0.04440541937947273,2.4609450329221567
59.37350368499756,-2.4609440408057344,0.0,0.07697231695055962,0.046588322380557656,2.4609440408057344
59.39286017417908,-2.4609431793188477,0.0,0.03496318310499191,0.10179957584477961,2.4609431793188477
59.415571212768555,-2.4609424312690753,0.0,0.07929159328341484,0.1690882130060345,2.4609424312690753
59.437182664871216,-2.460941781793164,0.0,0.0839684191159904,0.1146140752825886,2.460941781793164
59.45286679267883,-2.460941217833706,0.0,0.0839684191159904,0.1146140752825886,2.460941217833706
59.4734570980072,-2.460940728135393,0.0,0.029876190703362226,0.05876296595670283,2.460940728135393
59.49346041679382,-2.460940302923366,0.0,0.0,0.0,2.460940302923366
59.5132520198822,-2.4609399337086675,0.0,0.01042760256677866,0.023550264537334442,2.4609399337086675
59.53276014328003,-2.4609396131192325,0.0,0.0,0.0,2.4609396131192325
59.55271244049072,-2.4609393347530535,0.0,0.0,0.0,2.4609393347530535
59.573442697525024,-2.4609390930506327,0.0,0.02304907701909542,0.0,2.4609390930506327
59.593374729156494,-2.4609388831841823,0.0,0.05053447000682354,0.04476836696267128,2.4609388831841823
59.61304235458374,-2.460938700961382,0.0,0.0,0.0,2.460938700961382
59.63297486305237,-2.4609385427417823,0.0,0.07,0.010784092359244823,2.4609385427417823
59.6527636051178,-2.4609384053714862,0.0,0.035584602206945426,0.009714936022646725,2.4609384053714862
59.672831773757935,-2.4609382860957982,0.0,0.035584602206945426,0.009714936022646725,2.4609382860957982
59.692912578582764,-2.4609381825317693,0.0,0.0,0.04348848864901811,2.4609381825317693
59.71287536621094,-2.4609380926101694,0.0,0.0,0.11348848864901812,2.4609380926101694
59.732853174209595,-2.4609380145342086,0.0,0.0,0.08356043585110456,2.4609380145342086
59.75372004508972,-2.46093794674368,0.0,0.0,0.01967485137749464,2.46093794674368
59.77290964126587,-2.4609378878838237,0.0,0.0,0.08105393015313894,2.4609378878838237
59.793495416641235,-2.4609378367782826,0.0,0.0,0.08105393015313894,2.4609378367782826
59.81322431564331,-2.4609377924056184,0.0,0.018450338393449783,0.07904853979591281,2.4609377924056184
59.83300518989563,-2.4609377538789157,0.0,0.031636837869882584,0.015990662672556943,2.4609377538789157
59.85310339927673,-2.46093772042807,0.0,0.0,0.016705621608998633,2.46093772042807
59.8729305267334,-2.4609376913851917,0.0,0.0,0.0,2.4609376913851917
59.8928165435791,-2.4609376661686406,0.0,0.03701476380228996,0.0,2.4609376661686406
59.9130482673645,-2.460937644274361,0.0,0.03701476380228996,0.0,2.460937644274361
59.93311405181885,-2.4609376252646875,0.0,0.06613365933299065,0.0,2.4609376252646875
59.95304608345032,-2.4609376087596027,0.0,0.01956099271774292,0.07,2.4609376087596027
59.97274851799011,-2.4609375944291467,0.0,0.0,0.1219169718027115,2.4609375944291467
59.99278116226196,-2.4609375819868218,0.0,0.0,0.08003042608499528,2.4609375819868218
60.01265048980713,-2.4609375711838726,0.0,0.035688068717718124,0.028396647125482566,2.4609375711838726
60.03366565704346,-2.4609375618043123,0.0,0.035688068717718124,0.028396647125482566,2.4609375618043123
60.053611278533936,-2.460937553660607,0.0,0.0,0.010278695896267898,2.460937553660607
60.072726011276245,-2.4609375465899292,0.0,0.0,0.0,2.4609375465899292
60.09371328353882,-2.4609375404509866,0.0,0.0,0.016012851148843765,2.4609375404509866
60.11325430870056,-2.4609375351209155,0.0,0.042429886758327484,0.0408572256565094,2.4609375351209155
60.134498596191406,-2.4609375304931445,0.0,0.04139738401863724,0.058848774060606956,2.4609375304931445
60.153507709503174,-2.460937526475142,0.0,0.04139738401863724,0.058848774060606956,2.460937526475142
60.173627614974976,-2.4609375229865664,0.0,0.014911063597537577,0.06754444632679224,2.4609375229865664
60.19364333152771,-2.4609375199576617,0.0,0.0,0.10543772298842669,2.4609375199576617
60.21337866783142,-2.460937517327862,0.0,0.0,0.060003128834068775,2.460937517327862
60.234994888305664,-2.4609375150445802,0.0,0.0,0.060003128834068775,2.4609375150445802
60.253023862838745,-2.4609375130621594,0.0,0.015681158751249313,0.04302848968654871,2.4609375130621594
60.27279996871948,-2.4609375113409566,0.0,0.00488667469471693,0.08745209965854883,2.4609375113409566
60.29283857345581,-2.4609375098465534,0.0,0.0057697235606610775,0.09790133591741323,2.4609375098465534
60.314239501953125,-2.4609375085490743,0.0,0.003031159285455942,0.11448515113443136,2.4609375085490743
60.33484935760498,-2.460937507422561,0.0,0.003031159285455942,0.11448515113443136,2.460937507422561
60.35686373710632,-2.4609375064444854,0.0,0.0,0.04891458060592413,2.4609375064444854
60.37358641624451,-2.46093750559529,0.0,0.0,0.05218232818879187,2.46093750559529
60.39353966712952,-2.4609375048579922,0.0,0.0,0.03212085762061179,2.4609375048579922
60.413642168045044,-2.460937504217848,0.0,0.037011343985795975,0.0,2.460937504217848
60.43601369857788,-2.4609375036620547,0.0,0.03197044460102916,0.0,2.4609375036620547
60.45692205429077,-2.4609375031794993,0.0,0.0,0.07,2.4609375031794993
60.47309422492981,-2.46093750276053,0.0,0.0,0.07,2.46093750276053
60.49298167228699,-2.4609375023967686,0.0,0.0,0.08141837984323502,2.4609375023967686
60.51280927658081,-2.4609375020809408,0.0,0.05742096155881882,0.09695528138428927,2.4609375020809408
60.53498673439026,-2.4609375018067308,0.0,0.04117419011890888,0.1439491591230035,2.4609375018067308
60.55619978904724,-2.4609375015686537,0.0,0.10641599632799625,0.0915688580647111,2.4609375015686537
60.573567390441895,-2.460937501361948,0.0,0.10641599632799625,0.0915688580647111,2.460937501361948
60.593239545822144,-2.4609375011824803,0.0,0.05195068381726742,0.06826835189014674,2.4609375011824803
60.61317014694214,-2.460937501026662,0.0,0.02338249795138836,0.10229860682040454,2.460937501026662
60.63380527496338,-2.460937500891376,0.0,0.09099535457789898,0.07989841204136611,2.460937500891376
60.65528655052185,-2.460937500773917,0.0,0.07003341615200043,0.14333254348486663,2.460937500773917
60.672637939453125,-2.4609375006719354,0.0,0.07003341615200043,0.14333254348486663,2.4609375006719354
60.69262981414795,-2.4609375005833924,0.0,0.12697497010231018,0.10268010821193457,2.4609375005833924
60.71261644363403,-2.460937500506517,0.0,0.09202964976429939,0.04791045438498259,2.460937500506517
60.73262596130371,-2.4609375004397713,0.0,0.06518318131566048,0.05289759643375874,2.4609375004397713
60.75518798828125,-2.4609375003818212,0.0,0.011618800461292267,0.12289759643375875,2.4609375003818212
60.772754430770874,-2.4609375003315073,0.0,0.011618800461292267,0.12289759643375875,2.4609375003315073
60.79362773895264,-2.4609375002878235,0.0,0.040339862927794456,0.15453755982220174,2.4609375002878235
60.81315016746521,-2.460937500249896,0.0,0.014689162373542786,0.1330737242102623,2.460937500249896
60.83281183242798,-2.4609375002169664,0.0,0.06561017781496048,0.06346648126840593,2.4609375002169664
60.852683544158936,-2.460937500188376,0.0,0.020139876753091812,0.04029139630496503,2.460937500188376
60.87640404701233,-2.4609375001635527,0.0,0.03124216478317976,0.058596584349870695,2.4609375001635527
60.89288115501404,-2.460937500142001,0.0,0.03124216478317976,0.058596584349870695,2.460937500142001
60.912765979766846,-2.460937500123289,0.0,0.0,0.11102416306734086,2.460937500123289
60.933903217315674,-2.460937500107043,0.0,0.0,0.13832984432578088,2.460937500107043
60.952863931655884,-2.460937500092937,0.0,0.06522444635629654,0.06993988469243051,2.460937500092937
60.97277903556824,-2.4609375000806906,0.0,0.13313882797956467,0.10907697618007661,2.4609375000806906
60.992867946624756,-2.4609375000700577,0.0,0.13313882797956467,0.10907697618007661,2.4609375000700577
61.013930320739746,-2.460937500060826,0.0,0.08605972304940224,0.1461963051557541,2.460937500060826
61.033650159835815,-2.460937500052811,0.0,0.028552185744047165,0.13835503846406938,2.460937500052811
61.0536949634552,-2.460937500045852,0.0,0.055151524022221565,0.06835503846406937,2.460937500045852
61.07361388206482,-2.4609375000398104,0.0,0.05002733785659075,0.05656798619776965,2.4609375000398104
61.092803716659546,-2.4609375000345644,0.0,0.0,0.0549905202863738,2.4609375000345644
61.11353397369385,-2.4609375000300098,0.0,0.0,0.0549905202863738,2.4609375000300098
61.13328695297241,-2.4609375000260556,0.0,0.02438000589609146,0.07690991047304124,2.4609375000260556
61.153801918029785,-2.460937500022622,0.0,0.0413455069065094,0.10918492409866304,2.460937500022622
61.17274522781372,-2.460937500019641,0.0,0.09368447959423065,0.11764438595157117,2.460937500019641
61.192837715148926,-2.460937500017053,0.0,0.04125826805830002,0.11051335237454624,2.460937500017053
61.213656187057495,-2.460937500014806,0.0,0.04125826805830002,0.11051335237454624,2.460937500014806
61.233606576919556,-2.460937500012855,0.0,0.06182556785643101,0.10753918537404389,2.460937500012855
61.25379037857056,-2.4609375000111613,0.0,0.0359377134591341,0.10894929739180953,2.4609375000111613
61.27365207672119,-2.460937500009691,0.0,0.0,0.03894929739180952,2.460937500009691
61.2934365272522,-2.4609375000084137,0.0,0.0,0.0,2.4609375000084137
61.312788009643555,-2.4609375000073053,0.0,0.0031162144150584936,0.0,2.4609375000073053
61.333155393600464,-2.460937500006343,0.0,0.0031162144150584936,0.0,2.460937500006343
61.352824687957764,-2.460937500005507,0.0,0.01582487183623016,0.049956727772951126,2.460937500005507
61.37283706665039,-2.4609375000047815,0.0,0.03205714630894363,0.006326902657747269,2.4609375000047815
61.39281892776489,-2.460937500004152,0.0,0.014149498892948031,0.030640365555882454,2.460937500004152
61.41278266906738,-2.4609375000036047,0.0,0.0,0.015437798574566841,2.4609375000036047
61.432721853256226,-2.46093750000313,0.0,0.012986884452402592,0.059339774772524834,2.46093750000313
61.45330476760864,-2.460937500002718,0.0,0.012986884452402592,0.059339774772524834,2.460937500002718
61.47278952598572,-2.46093750000236,0.0,0.0,0.008376514539122581,2.46093750000236
61.49368071556091,-2.460937500002049,0.0,0.0,0.0435075368732214,2.460937500002049
61.51302194595337,-2.460937500001779,0.0,0.05677201598882675,0.022928012534976006,2.460937500001779
61.53272008895874,-2.460937500001545,0.0,0.07464345172047615,0.0826450977474451,2.460937500001545
61.552714347839355,-2.4609375000013416,0.0,0.0797835486009717,0.0995335578918457,2.4609375000013416
61.573355197906494,-2.460937500001165,0.0,0.0797835486009717,0.0995335578918457,2.460937500001165
61.5928955078125,-2.460937500001011,0.0,0.082597266882658,0.10253549832850695,2.460937500001011
61.613343954086304,-2.4609375000008784,0.0,0.023178398609161377,0.06000156048685312,2.4609375000008784
61.63277578353882,-2.4609375000007625,0.0,0.06688397005200386,0.07518379110842943,2.4609375000007625
61.65275835990906,-2.460937500000662,0.0,0.021230939775705338,0.05545827839523554,2.460937500000662
61.673248052597046,-2.460937500000575,0.0,0.0,0.028489823453128338,2.460937500000575
61.69443917274475,-2.4609375000004996,0.0,0.0,0.029084232752211392,2.4609375000004996
61.71349287033081,-2.4609375000004343,0.0,0.0,0.029084232752211392,2.4609375000004343
61.733372926712036,-2.460937500000377,0.0,0.0,0.04727031954098493,2.460937500000377
61.75330090522766,-2.4609375000003273,0.0,0.004536742810159922,0.0,2.4609375000003273
61.77301812171936,-2.460937500000284,0.0,0.0,0.029073519632220268,2.460937500000284
61.79421067237854,-2.460937500000247,0.0,0.0017074324423447251,0.0584863405674696,2.460937500000247
61.81654596328735,-2.4609375000002145,0.0,0.008022967842407525,0.0661355722695589,2.4609375000002145
61.83288884162903,-2.4609375000001865,0.0,0.008022967842407525,0.0661355722695589,2.4609375000001865
61.85311484336853,-2.460937500000162,0.0,0.0,0.04799901507794857,2.460937500000162
61.87344765663147,-2.460937500000141,0.0,0.021044133231043816,0.03931984771043062,2.460937500000141
61.89306998252869,-2.460937500000123,0.0,0.0,0.0,2.460937500000123
61.914011001586914,-2.460937500000107,0.0,0.0,0.0,2.460937500000107
61.936389684677124,-2.460937500000093,0.0,0.019009417854249477,0.0026290640234947205,2.460937500000093
61.9531626701355,-2.4609375000000813,0.0,0.019009417854249477,0.0026290640234947205,2.4609375000000813
61.97357106208801,-2.4609375000000706,0.0,0.0,0.04087330773472786,2.4609375000000706
61.99295353889465,-2.4609375000000617,0.0,0.0,0.04087330773472786,2.4609375000000617
62.017162799835205,-2.4609375000000537,0.0,0.0,0.07180258119478822,2.4609375000000537
62.03382086753845,-2.460937500000047,0.0,0.0,0.07180258119478822,2.460937500000047
62.053072452545166,-2.460937500000041,0.0,0.0024595127906650305,0.005278813187032938,2.460937500000041
62.073168992996216,-2.460937500000036,0.0,0.013609993970021605,0.030549409333616495,2.460937500000036
62.094743728637695,-2.4609375000000315,0.0,0.013609993970021605,0.030549409333616495,2.4609375000000315
62.112842082977295,-2.4609375000000275,0.0,0.0,0.006489247549325228,2.4609375000000275
62.13330268859863,-2.460937500000024,0.0,0.0,0.05137720750644803,2.460937500000024
62.15373110771179,-2.460937500000021,0.0,0.0352005697786808,0.04574404703453183,2.460937500000021
62.172829151153564,-2.460937500000018,0.0,0.0,0.031327993143349886,2.460937500000018
62.197946548461914,-2.460937500000016,0.0,0.0015308123547583818,0.039115489926189184,2.460937500000016
62.21316385269165,-2.4609375000000138,0.0,0.0015308123547583818,0.039115489926189184,2.4609375000000138
62.233083963394165,-2.4609375000000124,0.0,0.015287204878404737,0.04331006295979023,2.4609375000000124
62.2532742023468,-2.4609375000000107,0.0,0.058994653867557645,0.013858603313565254,2.4609375000000107
62.2728328704834,-2.4609375000000093,0.0,0.04324231599457562,0.0,2.4609375000000093
62.296639919281006,-2.4609375000000084,0.0,0.04324231599457562,0.0,2.4609375000000084
62.31303381919861,-2.4609375000000075,0.0,0.005137535976245999,0.015766799449920654,2.4609375000000075
62.33323335647583,-2.4609375000000067,0.0,0.02373024937696755,0.0021087033674120903,2.4609375000000067
62.3530752658844,-2.4609375000000058,0.0,0.0,0.006420626770704985,2.4609375000000058
62.37290096282959,-2.4609375000000053,0.0,0.05685571953654289,0.0356357148848474,2.4609375000000053
62.39272904396057,-2.460937500000005,0.0,0.018186166882514954,0.054592163767665625,2.460937500000005
62.412742376327515,-2.4609375000000044,0.0,0.018186166882514954,0.054592163767665625,2.4609375000000044
62.43381214141846,-2.460937500000004,0.0,0.0,0.04235444916412234,2.460937500000004
62.45338010787964,-2.4609375000000036,0.0,0.0,0.11235444916412235,2.4609375000000036
62.472986936569214,-2.460937500000003,0.0,0.0,0.06803429050371052,2.460937500000003
62.492953062057495,-2.4609375000000027,0.0,0.0,0.0,2.4609375000000027
62.512741565704346,-2.460937500000002,0.0,0.0,0.004216217901557684,2.460937500000002
62.532713413238525,-2.460937500000002,0.0,0.0,0.004216217901557684,2.460937500000002
62.55276107788086,-2.460937500000002,0.0,0.0,0.05427216878160834,2.460937500000002
62.572702169418335,-2.460937500000002,0.0,0.07,0.05463489526300691,2.460937500000002
62.59274697303772,-2.460937500000002,0.0,0.046891804486513144,0.06892654215334915,2.460937500000002
62.612658739089966,-2.460937500000002,0.0,0.08885716989636422,0.05840409648953937,2.460937500000002
62.63272285461426,-2.460937500000002,0.0,0.020491074472665793,0.08231815238832496,2.460937500000002
62.65393304824829,-2.460937500000002,0.0,0.020491074472665793,0.08231815238832496,2.460937500000002
62.6726188659668,-2.460937500000002,0.0,0.0904910744726658,0.08872714600875042,2.460937500000002
62.6936297416687,-2.460937500000002,0.0,0.020491074472665793,0.018727146008750417,2.460937500000002
62.713669538497925,-2.460937500000002,0.0,0.0,0.0,2.460937500000002
62.73326015472412,-2.460937500000002,0.0,0.0,0.022639235481619835,2.460937500000002
62.7526535987854,-2.460937500000002,0.0,0.0,0.021264610928483307,2.460937500000002
62.773417234420776,-2.460937500000002,0.0,0.0,0.021264610928483307,2.460937500000002
62.79334044456482,-2.460937500000002,0.0,0.007549484726041555,0.05516002525109798,2.460937500000002
62.812941551208496,-2.460937500000002,0.0,0.0,0.03588116553146392,2.460937500000002
62.83316493034363,-2.460937500000002,0.0,0.07,0.07728355389554054,2.460937500000002
62.852936029434204,-2.460937500000002,0.0,0.04350305132567883,0.11709195387084037,2.460937500000002
62.87369227409363,-2.460937500000002,0.0,0.04350305132567883,0.11709195387084037,2.460937500000002
62.89283514022827,-2.460937500000002,0.0,0.0794189215451479,0.10097831871826202,2.460937500000002
62.91272830963135,-2.460937500000002,0.0,0.13101745553314686,0.1568478198023513,2.460937500000002
62.93359160423279,-2.460937500000002,0.0,0.13236747291404755,0.148564197239466,2.460937500000002
62.95317244529724,-2.460937500000002,0.0,0.19577239808160812,0.11076211568433791,2.460937500000002
62.976218938827515,-2.460937500000002,0.0,0.20052948855329306,0.08723214839119464,2.460937500000002
62.99376583099365,-2.460937500000002,0.0,0.20052948855329306,0.08723214839119464,2.460937500000002
63.013437271118164,-2.460937500000002,0.0,0.1354397486941889,0.15723214839119465,2.460937500000002
63.03335380554199,-2.460937500000002,0.0,0.14478252158034594,0.12854062002617866,2.460937500000002
63.05313515663147,-2.460937500000002,0.0,0.12440639250446112,0.11489987448323519,2.460937500000002
63.07555103302002,-2.460937500000002,0.0,0.13415597733575851,0.04489987448323518,2.460937500000002
63.09301805496216,-2.460937500000002,0.0,0.13415597733575851,0.04489987448323518,2.460937500000002
63.11313772201538,-2.458621151915845,0.0,0.1055715920450166,0.11272519186604768,2.458621151915845
63.133281230926514,-2.4547569609026803,0.0,0.05384846572298557,0.1369077964918688,2.4547569609026803
63.15383458137512,-2.4545522050020216,0.0,0.07580342311877758,0.07412736408878118,2.4545522050020216
63.17670297622681,-2.4543744307014035,0.0,0.07937402492854745,0.08323422458488494,2.4543744307014035
63.19338345527649,-2.4706383577353157,0.0,0.07937402492854745,0.08323422458488494,2.4706383577353157
63.21359133720398,-2.5164245192735892,0.0,0.04520789748523385,0.02916173276025802,2.5164245192735892
63.23346734046936,-2.5930912979978418,0.0,0.03591305697802455,0.037311583873815835,2.5930912979978418
63.25483298301697,-2.6915029522066134,0.0,0.0,0.0,2.6915029522066134
63.277045011520386,-2.8024245425791676,0.0,0.032471638172864914,0.0068539646454155445,2.8024245425791676
63.292938470840454,-2.919111962999025,0.0,0.032471638172864914,0.0068539646454155445,2.919111962999025
63.312785625457764,-3.0367289315354387,0.0,0.0,0.06769054802134633,3.0367289315354387
63.33275890350342,-3.154208111371979,0.0,0.0,0.08352898107841611,3.154208111371979
63.35398244857788,-3.2684954345714923,0.0,0.0,0.042411167640239,3.2684954345714923
63.37659287452698,-3.377553726370863,0.0,0.014196942560374737,0.06073562102392316,3.377553726370863
63.392839670181274,-3.4722409197014907,0.0,0.014196942560374737,0.06073562102392316,3.4722409197014907
63.41372323036194,-3.5623156543528904,0.0,0.05021320562809706,0.023706589359790087,3.5623156543528904
63.4333131313324,-3.6468127554327405,0.0,0.0,0.05978896515443921,3.6468127554327405
63.45274496078491,-3.7252088292943606,0.0,0.05621656775474548,0.07717728661373258,3.7252088292943606
63.475321769714355,-3.7973011288803593,0.0,0.0,0.13795284973457456,3.7973011288803593
63.49732542037964,-3.863114965354759,0.0,0.0,0.1212308150716126,3.863114965354759
63.513283252716064,-3.922833387584889,0.0,0.0,0.1212308150716126,3.922833387584889
63.532877922058105,-3.976744181725624,0.0,0.05321074649691582,0.08261514501646161,3.976744181725624
63.55367660522461,-4.025200297827998,0.0,0.0604738537222147,0.07535183383151889,4.025200297827998
63.57283115386963,-4.068590645548632,0.0,0.030383724719285965,0.051779701840132475,4.068590645548632
63.595659017562866,-4.1073188617096,0.0,0.005119871348142624,0.119159787427634,4.1073188617096
63.612921953201294,-4.140943687758866,0.0,0.005119871348142624,0.119159787427634,4.140943687758866
63.63268280029297,-4.170982106986798,0.0,0.0,0.07647255761548877,4.170982106986798
63.65319013595581,-4.197737818893256,0.0,0.0,0.006472557615488761,4.197737818893256
63.67299723625183,-4.221508282608613,0.0,0.0,0.0,4.221508282608613
63.69270634651184,-4.242578783320968,0.0,0.011975813657045364,0.01894841529428959,4.242578783320968
63.7168493270874,-4.261218631775603,0.0,0.0,0.0,4.261218631775603
63.73289704322815,-4.277678945526439,0.0,0.0,0.0,4.277678945526439
63.752979040145874,-4.2921915873163545,0.0,0.0,0.018754784017801285,4.2921915873163545
63.77292060852051,-4.304968935155438,0.0,0.009250026196241379,0.05543457716703415,4.304968935155438
63.79297137260437,-4.316204236139903,0.0,0.008414562151301652,0.07677941769361496,4.316204236139903
63.812734842300415,-4.326072356400985,0.0,0.07381473790155724,0.07342806248925626,4.326072356400985
63.832754373550415,-4.33464011035673,0.0,0.07381473790155724,0.07342806248925626,4.33464011035673
63.852577924728394,-4.342169529162665,0.0,0.010779942676890641,0.003428062489256256,4.342169529162665
63.87363815307617,-4.348779303666296,0.0,0.016627896402496845,0.0025515320082195037,4.348779303666296
63.89346480369568,-4.354576111334809,0.0,0.002191576932091266,0.0,4.354576111334809
63.91314196586609,-4.35965547390326,0.0,0.0,0.06634067744016647,4.35965547390326
63.93272662162781,-4.364102647088373,0.0,0.0,0.06601526608574204,4.364102647088373
63.952683448791504,-4.367993509126128,0.0,0.0,0.06601526608574204,4.367993509126128
63.97350525856018,-4.371395425075107,0.0,0.0,0.01798593273269944,4.371395425075107
63.99315404891968,-4.37436807150855,0.0,0.0,0.05285920968162827,4.37436807150855
64.01280307769775,-4.376964211958532,0.0,0.0,0.05112644107430242,4.376964211958532
64.03287959098816,-4.379230417716778,0.0,0.0,0.049401279276935384,4.379230417716778
64.05288863182068,-4.38119799541507,0.0,0.0,0.010316371655790135,4.38119799541507
64.07391595840454,-4.382916032876937,0.0,0.0,0.010316371655790135,4.382916032876937
64.09281778335571,-4.384415465880564,0.0,0.0,0.0,4.384415465880564
64.11286306381226,-4.3857235431091794,0.0,0.0,0.03154730424284935,4.3857235431091794
64.13391208648682,-4.386864234125879,0.0,0.0,0.026482126209884882,4.386864234125879
64.1528627872467,-4.387858599165818,0.0,0.0,0.0,4.387858599165818
64.17278790473938,-4.388725122661649,0.0,0.0,0.0,4.388725122661649
64.19274234771729,-4.389480012788775,0.0,0.0,0.04636627063155174,4.389480012788775
64.21302628517151,-4.3901374695141255,0.0,0.0,0.06095136422663927,4.3901374695141255
64.23362708091736,-4.390709923703717,0.0,0.0,0.0,4.390709923703717
64.25398254394531,-4.391208249826551,0.0,0.0,0.06014034152030945,4.391208249826551
64.27310514450073,-4.391640909289267,0.0,0.0,0.06014034152030945,4.391640909289267
64.29390978813171,-4.392017600705101,0.0,0.0,0.08102306351065636,4.392017600705101
64.31285500526428,-4.392345490148903,0.0,0.0,0.01102306351065635,4.392345490148903
64.33270764350891,-4.392630841206779,0.0,0.0,0.02367884043604135,4.392630841206779
64.35343289375305,-4.392879125537665,0.0,0.0,0.02367884043604135,4.392879125537665
64.37571883201599,-4.393095120538405,0.0,0.0,0.014778890945017331,4.393095120538405
64.39324164390564,-4.3932829954771915,0.0,0.0,0.014778890945017331,4.3932829954771915
64.41318011283875,-4.393446387347347,0.0,0.02113339863717556,0.012645468413829797,4.393446387347347
64.43261408805847,-4.393588467581908,0.0,0.013774421997368336,0.0,4.393588467581908
64.45325255393982,-4.393712000662074,0.0,0.0,0.025380272418260574,4.393712000662074
64.47459101676941,-4.393819395550656,0.0,0.019551238045096397,0.015433688648045063,4.393819395550656
64.49707794189453,-4.393912638534844,0.0,0.019551238045096397,0.015433688648045063,4.393912638534844
64.51363229751587,-4.393993706725869,0.0,0.04023628123104572,0.0,4.393993706725869
64.53335499763489,-4.394064182000323,0.0,0.039757493301294744,0.02287866547703743,4.394064182000323
64.55370426177979,-4.394125442273911,0.0,0.10975749330129475,0.03142178151756525,4.394125442273911
64.57418322563171,-4.394178687480282,0.0,0.08413118781056256,0.052086773328483105,4.394178687480282
64.596266746521,-4.394224962306099,0.0,0.07735270499717445,0.12208677332848311,4.394224962306099
64.61357188224792,-4.3942651760739135,0.0,0.07735270499717445,0.12208677332848311,4.3942651760739135
64.63338255882263,-4.3943001201199055,0.0,0.053958954806439585,0.13927777361124755,4.3943001201199055
64.65318775177002,-4.394330482973654,0.0,0.0,0.16675139654427767,4.394330482973654
64.67298936843872,-4.394356863611164,0.0,0.07,0.22405504126101733,4.394356863611164
64.69521498680115,-4.394379783020327,0.0,0.14,0.1552290065959096,4.394379783020327
64.71723437309265,-4.394399682236522,0.0,0.17764071315526964,0.1943413956835866,4.394399682236522
64.73314428329468,-4.394416971296993,0.0,0.17764071315526964,0.1943413956835866,4.394416971296993
64.75324153900146,-4.394431991743038,0.0,0.21960497215390207,0.18029520351439715,4.394431991743038
64.77298712730408,-4.394445040591652,0.0,0.23494028240442277,0.1729187049716711,4.394445040591652
64.79405283927917,-4.394456376106266,0.0,0.16494028240442277,0.20813823275268079,4.394456376106266
64.81599020957947,-4.392149874742182,0.0,0.16494028240442277,0.20813823275268079,4.392149874742182
64.83316016197205,-4.385977888768125,0.0,0.18129407212138177,0.18476110108196736,4.385977888768125
64.8526725769043,-4.3726509787172665,0.0,0.19564106564968825,0.21493700116872788,4.3726509787172665
64.87264800071716,-4.34775658350655,0.0,0.215530560053885,0.18734105460345746,4.34775658350655
64.89328002929688,-4.315483728678603,0.0,0.26377003703266383,0.16489361755549908,4.315483728678603
64.91580414772034,-4.278936487894338,0.0,0.25249492440372706,0.1723561623878777,4.278936487894338
64.93679022789001,-4.2472052403500715,0.0,0.21854635018855334,0.24235616238787772,4.2472052403500715
64.95266556739807,-4.210517313604738,0.0,0.21854635018855334,0.24235616238787772,4.210517313604738
64.9732780456543,-4.1713534809250445,0.0,0.20020538445562125,0.18033973487094046,4.1713534809250445
64.99331021308899,-4.136134787267001,0.0,0.14756594847887755,0.15411575498059393,4.136134787267001
65.01424741744995,-4.111533539129287,0.0,0.14756594847887755,0.15411575498059393,4.111533539129287
65.03293228149414,-4.111169760683247,0.0,0.08813639607280493,0.17581802966073157,4.111169760683247
65.05315589904785,-4.14386487816724,0.0,0.08813639607280493,0.17581802966073157,4.14386487816724
65.07331371307373,-4.205609425540141,0.0,0.08813639607280493,0.17581802966073157,4.205609425540141
65.09323978424072,-4.285903867284296,0.0,0.08813639607280493,0.17581802966073157,4.285903867284296
65.11330223083496,-4.376966551062497,0.0,0.08813639607280493,0.17581802966073157,4.376966551062497
65.13350939750671,-4.456029498059454,0.0,0.08813639607280493,0.17581802966073157,4.456029498059454
65.15310072898865,-4.54175316676829,0.0,0.08813639607280493,0.17581802966073157,4.54175316676829
65.17307925224304,-4.629844004213042,0.0,0.08813639607280493,0.17581802966073157,4.629844004213042
65.19315552711487,-4.717257406062495,0.0,0.08813639607280493,0.17581802966073157,4.717257406062495
65.21318006515503,-4.801896503489551,0.0,0.08813639607280493,0.17581802966073157,4.801896503489551
65.23317122459412,-4.88237796895148,0.0,0.08813639607280493,0.17581802966073157,4.88237796895148
65.25312638282776,-4.955534196080348,0.0,0.08813639607280493,0.17581802966073157,4.955534196080348
65.27326846122742,-5.01472538720868,0.0,0.08813639607280493,0.17581802966073157,5.01472538720868
65.29318022727966,-5.046442323554374,0.0,0.08813639607280493,0.17581802966073157,5.046442323554374
65.31304430961609,-5.0373931510922985,0.0,0.08813639607280493,0.17581802966073157,5.0373931510922985
65.33292889595032,-4.979419994671572,0.0,0.08813639607280493,0.17581802966073157,4.979419994671572
65.35294103622437,-4.875094984554939,0.0,0.08813639607280493,0.17581802966073157,4.875094984554939
65.37291431427002,-4.784517347227684,0.0,0.08813639607280493,0.17581802966073157,4.784517347227684
65.39291167259216,-4.658049845305199,0.0,0.08813639607280493,0.17581802966073157,4.658049845305199
65.41290855407715,-4.50535428738868,0.0,0.08813639607280493,0.17581802966073157,4.50535428738868
65.43291211128235,-4.336149162315665,0.0,0.08813639607280493,0.17581802966073157,4.336149162315665
65.45313334465027,-4.155303501997235,0.0,0.08813639607280493,0.17581802966073157,4.155303501997235
65.47308158874512,-3.9641896776728975,0.0,0.08813639607280493,0.17581802966073157,3.9641896776728975
65.49291491508484,-3.7593988317445532,0.0,0.08813639607280493,0.17581802966073157,3.7593988317445532
65.51277899742126,-3.541240042988501,0.0,0.08813639607280493,0.17581802966073157,3.541240042988501
65.53277015686035,-3.3125966502696698,0.0,0.08813639607280493,0.17581802966073157,3.3125966502696698
65.55280590057373,-3.0803803811140362,0.0,0.08813639607280493,0.17581802966073157,3.0803803811140362
65.57278513908386,-2.8494861489427703,0.0,0.08813639607280493,0.17581802966073157,2.8494861489427703
65.59278082847595,-2.649017881561989,0.0,0.08813639607280493,0.17581802966073157,2.649017881561989
65.61278653144836,-2.4492273547179595,0.0,0.08813639607280493,0.17581802966073157,2.4492273547179595
65.6328387260437,-2.2551730312926996,0.0,0.08813639607280493,0.17581802966073157,2.2551730312926996
65.65292048454285,-2.0679008954686653,0.0,0.08813639607280493,0.17581802966073157,2.0679008954686653
65.67309331893921,-1.8879587235501447,0.0,0.08813639607280493,0.17581802966073157,1.8879587235501447
65.69301152229309,-1.7132174617312264,0.0,0.08813639607280493,0.17581802966073157,1.7132174617312264
65.71294116973877,-1.5420612414814985,0.0,0.08813639607280493,0.17581802966073157,1.5420612414814985
65.73312139511108,-1.3709568806765835,0.0,0.08813639607280493,0.17581802966073157,1.3709568806765835
65.75331473350525,-1.1997652815090332,0.0,0.08813639607280493,0.17581802966073157,1.1997652815090332
65.77334403991699,-1.0283921285224167,0.0,0.08813639607280493,0.17581802966073157,1.0283921285224167
65.79328656196594,-0.879601581735064,0.0,0.08813639607280493,0.17581802966073157,0.879601581735064
65.8133339881897,-0.732225641523015,0.0,0.08813639607280493,0.17581802966073157,0.732225641523015
65.83332800865173,-0.5897163365939082,0.0,0.08813639607280493,0.17581802966073157,0.5897163365939082
65.85312700271606,-0.45434311885866513,0.0,0.08813639607280493,0.17581802966073157,0.45434311885866513
65.87297010421753,-0.32749423437018393,0.0,0.08813639607280493,0.17581802966073157,0.32749423437018393
65.89293622970581,-0.20990927376477714,0.0,0.08813639607280493,0.17581802966073157,0.20990927376477714
65.91291880607605,-0.10185779249120255,0.0,0.08813639607280493,0.17581802966073157,0.10185779249120255
65.93291306495667,-0.0032757646526813144,0.0,0.08813639607280493,0.17581802966073157,0.0032757646526813144
65.95293807983398,0.08613084732460284,0.0,0.08813639607280493,0.17581802966073157,-0.08613084732460284
65.97330594062805,0.1668080932938323,0.0,0.08813639607280493,0.17581802966073157,-0.1668080932938323
65.99333000183105,0.23929585226530106,0.0,0.08813639607280493,0.17581802966073157,-0.23929585226530106
66.01312255859375,0.30223157530470246,0.0,0.08813639607280493,0.17581802966073157,-0.30223157530470246
