time,theta,target,p1_cmd,p2_cmd,error
48.551153898239136,0.6149269146172961,0.0,0.0,0.0,-0.6149269146172961
48.57126307487488,0.6150821292243623,0.0,0.0,0.0,-0.6150821292243623
48.591365814208984,0.6151345304427017,0.0,0.0,0.0,-0.6151345304427017
48.61161541938782,0.6151611852830465,0.0,0.0,0.0,-0.6151611852830465
48.63140797615051,0.630855583164621,0.0,0.0,0.0,-0.630855583164621
48.651591062545776,0.6415466345543853,0.0,0.0,0.0,-0.6415466345543853
48.671701431274414,0.6686677056992659,0.0,0.0,0.0,-0.6686677056992659
48.69182872772217,0.7182548568799655,0.0,0.0,0.0,-0.7182548568799655
48.711679220199585,0.7847818030156809,0.0,0.0,0.0,-0.7847818030156809
48.731609582901,0.8648895628275222,0.0,0.0,0.0,-0.8648895628275222
48.751688718795776,0.9538079196346624,0.0,0.0,0.0,-0.9538079196346624
48.771642208099365,1.0459477152370278,0.0,0.0,0.0,-1.0459477152370278
48.791261196136475,1.1377003853610146,0.0,0.0,0.0,-1.1377003853610146
48.81130647659302,1.226729741375728,0.0,0.0,0.0,-1.226729741375728
48.831737995147705,1.3091609358505607,0.0,0.0,0.0,-1.3091609358505607
48.85175180435181,1.3825556387816107,0.0,0.0,0.0,-1.3825556387816107
48.87166786193848,1.4456860834148684,0.0,0.0,0.0,-1.4456860834148684
48.89158821105957,1.502258467867641,0.0,0.0,0.0,-1.502258467867641
48.91169500350952,1.552827013047565,0.0,0.0,0.0,-1.552827013047565
48.93160629272461,1.5979220622885382,0.0,0.0,0.0,-1.5979220622885382
48.951727867126465,1.6380471764389481,0.0,0.0,0.0,-1.6380471764389481
48.971701860427856,1.6736767587485197,0.0,0.0,0.0,-1.6736767587485197
48.991692543029785,1.7052543896760584,0.0,0.0,0.0,-1.7052543896760584
49.01141619682312,1.7331919126658182,0.0,0.0,0.0,-1.7331919126658182
49.031309604644775,1.7578692261751014,0.0,0.0,0.0,-1.7578692261751014
49.051717042922974,1.779634690119731,0.0,0.0,0.0,-1.779634690119731
49.0717351436615,1.7988060344033907,0.0,0.0,0.0,-1.7988060344033907
49.09169268608093,1.8154441666308234,0.0,0.0,0.0,-1.8154441666308234
49.111610889434814,1.8301127350041864,0.0,0.0,0.0,-1.8301127350041864
49.131848096847534,1.8430272806328718,0.0,0.0,0.0,-1.8430272806328718
49.15190887451172,1.854383548939253,0.0,0.0,0.0,-1.854383548939253
49.172125816345215,1.864358439183526,0.0,0.0,0.0,-1.864358439183526
49.19197964668274,1.87311114071673,0.0,0.0,0.0,-1.87311114071673
49.21212124824524,1.8807843752530293,0.0,0.0,0.0,-1.8807843752530293
49.23199510574341,1.8875056843891382,0.0,0.0,0.0,-1.8875056843891382
49.251957416534424,1.8933887176149176,0.0,0.0,0.0,-1.8933887176149176
49.271955490112305,1.8985344887716797,0.0,0.0,0.0,-1.8985344887716797
49.29190254211426,1.903032578879414,0.0,0.0,0.0,-1.903032578879414
49.311909914016724,1.9069378630577403,0.0,0.0,0.0,-1.9069378630577403
49.33189797401428,1.9103528907345693,0.0,0.0,0.0,-1.9103528907345693
49.351911544799805,1.9133373997043375,0.0,0.0,0.0,-1.9133373997043375
49.37191081047058,1.9159442267305047,0.0,0.0,0.0,-1.9159442267305047
49.39191007614136,1.9182200234931706,0.0,0.0,0.0,-1.9182200234931706
49.411893129348755,1.9202059166300294,0.0,0.0,0.0,-1.9202059166300294
49.43221473693848,1.9219381116333902,0.0,0.0,0.0,-1.9219381116333902
49.451690435409546,1.923448441890675,0.0,0.0,0.0,-1.923448441890675
49.4717059135437,1.9247648651898894,0.0,0.0,0.0,-1.9247648651898894
49.49170255661011,1.9259119106747047,0.0,0.0,0.0,-1.9259119106747047
49.51175546646118,1.9269110796198385,0.0,0.0,0.0,-1.9269110796198385
49.531731367111206,1.927778582888823,0.0,0.0,0.0,-1.927778582888823
49.551656007766724,1.9285343915943216,0.0,0.0,0.0,-1.9285343915943216
49.5716986656189,1.9291927002511249,0.0,0.0,0.0,-1.9291927002511249
49.59165596961975,1.9297659376719294,0.0,0.0,0.0,-1.9297659376719294
49.61163330078125,1.930264978695081,0.0,0.0,0.0,-1.930264978695081
49.63165736198425,1.9306993321986918,0.0,0.0,0.0,-1.9306993321986918
49.65123128890991,1.931077307689549,0.0,0.0,0.0,-1.931077307689549
49.671255111694336,1.9314061626206573,0.0,0.0,0.0,-1.9314061626206573
49.69174647331238,1.931692232441124,0.0,0.0,0.0,-1.931692232441124
49.7116961479187,1.9319410452250765,0.0,0.0,0.0,-1.9319410452250765
49.73169445991516,1.9321574225686116,0.0,0.0,0.0,-1.9321574225686116
49.751704454422,1.9323452868956892,0.0,0.0,0.0,-1.9323452868956892
49.77199721336365,1.9325086768903996,0.0,0.0,0.0,-1.9325086768903996
49.79161787033081,1.932650761367636,0.0,0.0,0.0,-1.932650761367636
49.81188082695007,1.9327743028286186,0.0,0.0,0.0,-1.9327743028286186
49.83163380622864,1.9328817087516943,0.0,0.0,0.0,-1.9328817087516943
49.85156965255737,1.9329750765744866,0.0,0.0,0.0,-1.9329750765744866
49.8719482421875,1.9330562331086893,0.0,0.0,0.0,-1.9330562331086893
49.891541481018066,1.9331267690491172,0.0,0.0,0.0,-1.9331267690491172
49.911537170410156,1.9331880691658434,0.0,0.0,0.0,-1.9331880691658434
49.93153929710388,1.9332413387021885,0.0,0.0,0.0,-1.9332413387021885
49.95155954360962,1.9332876264416512,0.0,0.0,0.0,-1.9332876264416512
49.97217130661011,1.9333278146387687,0.0,0.0,0.0,-1.9333278146387687
49.991536140441895,1.9333627372719744,0.0,0.0,0.0,-1.9333627372719744
50.01196599006653,1.9333930821652796,0.0,0.0,0.0,-1.9333930821652796
50.031299352645874,1.9334194477136237,0.0,0.0,0.0,-1.9334194477136237
50.05169939994812,1.9334423544256314,0.0,0.0,0.0,-1.9334423544256314
50.07197046279907,1.9334622549936666,0.0,0.0,0.0,-1.9334622549936666
50.091981172561646,1.9334795430755891,0.0,0.0,0.0,-1.9334795430755891
50.11131978034973,1.9334945609502359,0.0,0.0,0.0,-1.9334945609502359
50.13156175613403,1.9335076061888574,0.0,0.0,0.0,-1.9335076061888574
50.151549100875854,1.9335189374672328,0.0,0.0,0.0,-1.9335189374672328
50.172096729278564,1.9335287796277347,0.0,0.0,0.0,-1.9335287796277347
50.19160032272339,1.9335373248427643,0.0,0.0,0.0,-1.9335373248427643
50.21183919906616,1.9335447472608749,0.0,0.0,0.0,-1.9335447472608749
50.23163175582886,1.933551194189184,0.0,0.0,0.0,-1.933551194189184
50.25170183181763,1.9335567936532614,0.0,0.0,0.0,-1.9335567936532614
50.27184176445007,1.933561656911992,0.0,0.0,0.0,-1.933561656911992
50.29159092903137,1.9335658806462326,0.0,0.0,0.0,-1.9335658806462326
50.311864137649536,1.9335695488632139,0.0,0.0,0.0,-1.9335695488632139
50.33156871795654,1.9335727345533125,0.0,0.0,0.0,-1.9335727345533125
50.35156297683716,1.9335755011311595,0.0,0.0,0.0,-1.9335755011311595
50.371933937072754,1.933577903688976,0.0,0.0,0.0,-1.933577903688976
50.39156675338745,1.9335799900864488,0.0,0.0,0.0,-1.9335799900864488
50.411863803863525,1.9335818015500026,0.0,0.0,0.0,-1.9335818015500026
50.43166422843933,1.933583374657258,0.0,0.0,0.0,-1.933583374657258
50.451685667037964,1.9335847407478197,0.0,0.0,0.0,-1.9335847407478197
50.471659660339355,1.9335859270454665,0.0,0.0,0.0,-1.9335859270454665
50.49167203903198,1.933586957197726,0.0,0.0,0.0,-1.933586957197726
50.51163935661316,1.9335878517449026,0.0,0.0,0.0,-1.9335878517449026
50.53164005279541,1.933588628527747,0.0,0.0,0.0,-1.933588628527747
50.55196285247803,1.9335893030417624,0.0,0.0,0.0,-1.9335893030417624
50.57173776626587,1.9335898887451057,0.0,0.0,0.0,-1.9335898887451057
50.59197950363159,1.9335903973261452,0.0,0.0,0.0,-1.9335903973261452
50.61194133758545,1.9335908389359433,0.0,0.0,0.0,-1.9335908389359433
50.6320104598999,1.9335912223528446,0.0,0.0,0.0,-1.9335912223528446
50.652045011520386,1.933591555282591,0.0,0.0,0.0,-1.933591555282591
50.67185616493225,1.93359184437062,0.0,0.0,0.0,-1.93359184437062
50.69182729721069,1.9335920953881658,0.0,0.0,0.0,-1.9335920953881658
50.712098360061646,1.9335923133471586,0.0,0.0,0.0,-1.9335923133471586
50.73212742805481,1.9335925026000413,0.0,0.0,0.0,-1.9335925026000413
50.75181174278259,1.9335926669264827,0.0,0.0,0.0,-1.9335926669264827
50.771737813949585,1.9335928096086998,0.0,0.0,0.0,-1.9335928096086998
50.79155969619751,1.9335929334968873,0.0,0.0,0.0,-1.9335929334968873
50.81164193153381,1.9335930410660502,0.0,0.0,0.0,-1.9335930410660502
50.83164405822754,1.9335931344653643,0.0,0.0,0.0,-1.9335931344653643
50.851645708084106,1.9335932155570328,0.0,0.0,0.0,-1.9335932155570328
50.87166428565979,1.9335932859669065,0.0,0.0,0.0,-1.9335932859669065
50.89163589477539,1.9335933471017692,0.0,0.0,0.0,-1.9335933471017692
50.91160988807678,1.9335934001831883,0.0,0.0,0.0,-1.9335934001831883
50.931639671325684,1.9335934462718876,0.0,0.0,0.0,-1.9335934462718876
50.95167279243469,1.9335934862889181,0.0,0.0,0.0,-1.9335934862889181
50.971633195877075,1.9335935210340418,0.0,0.0,0.0,-1.9335935210340418
50.99164605140686,1.933593551201698,0.0,0.0,0.0,-1.933593551201698
51.01167631149292,1.9335935773948698,0.0,0.0,0.0,-1.9335935773948698
51.03153085708618,1.933593600137124,0.0,0.0,0.0,-1.933593600137124
51.05167627334595,1.9335936198830688,0.0,0.0,0.0,-1.9335936198830688
51.07168626785278,1.9335936370270024,0.0,0.0,0.0,-1.9335936370270024
51.09164905548096,1.9335936519122345,0.0,0.0,0.0,-1.9335936519122345
51.111642837524414,1.933593664836318,0.0,0.0,0.0,-1.933593664836318
51.13168215751648,1.933593676057613,0.0,0.0,0.0,-1.933593676057613
51.15163588523865,1.9335936858004488,0.0,0.0,0.0,-1.9335936858004488
51.171674728393555,1.9335936942596041,0.0,0.0,0.0,-1.9335936942596041
51.19165802001953,1.9335937016042002,0.0,0.0,0.0,-1.9335937016042002
51.21168398857117,1.9335937079810792,0.0,0.0,0.0,-1.9335937079810792
51.231675148010254,1.9335937135177388,0.0,0.0,0.0,-1.9335937135177388
51.25156879425049,1.93359371832488,0.0,0.0,0.0,-1.93359371832488
51.271647453308105,1.9335937224986208,0.0,0.0,0.0,-1.9335937224986208
51.29169511795044,1.9335937261223692,0.0,0.0,0.0,-1.9335937261223692
51.31162357330322,1.9335937292686463,0.0,0.0,0.0,-1.9335937292686463
51.331655502319336,1.9335937320003613,0.0,0.0,0.0,-1.9335937320003613
51.3516640663147,1.933593734372136,0.0,0.0,0.0,-1.933593734372136
51.37163591384888,1.9335937364313949,0.0,0.0,0.0,-1.9335937364313949
51.39163064956665,1.9335937382193151,0.0,0.0,0.0,-1.9335937382193151
51.411619424819946,1.933593739771648,0.0,0.0,0.0,-1.933593739771648
51.43153524398804,1.933593741119435,0.0,0.0,0.0,-1.933593741119435
51.45143127441406,1.9335937422896279,0.0,0.0,0.0,-1.9335937422896279
51.47178030014038,1.9335937433056272,0.0,0.0,0.0,-1.9335937433056272
51.491852045059204,1.93359374418775,0.0,0.0,0.0,-1.93359374418775
51.511810541152954,1.9335937449536316,0.0,0.0,0.0,-1.9335937449536316
51.53168797492981,1.9335937456185945,0.0,0.0,0.0,-1.9335937456185945
0.00996541976928711,1.9335937461959358,-5.794273237884035e-08,0.0,0.0,-1.9335938041386682
0.02987217903137207,1.9335937466972022,-1.5605397063124243e-06,0.011972727254033089,0.0,-1.9335953072369085
0.04978775978088379,1.9335937471324165,-7.206624391135372e-06,0.0,0.004732945468276739,-1.9336009537568077
0.07029199600219727,1.9335937475102827,-1.9725387053195123e-05,0.0,0.00586427072994411,-1.933613472897336
0.09029078483581543,1.9335937478383576,-4.1818379843649154e-05,0.0,0.013800458749756217,-1.9336355662182012
0.10982275009155273,1.9335937481232017,-7.615960977782643e-05,0.0659981369972229,0.0,-1.9336699077329795
0.13036322593688965,1.9335937483705117,-0.0001253956317145888,0.023136768490076065,0.005675807595252991,-1.9337191440022263
0.1500864028930664,1.9335937485852335,-0.00019214564133569268,0.09313676849007607,0.04355279356241226,-1.933785894226569
0.16991376876831055,1.9335937487716612,-0.00027900156812514986,0.13362025439739228,0.04240991943515837,-1.9338727503397863
0.19037652015686035,1.9335937489335224,-0.0003885281683485903,0.06860771000385285,0.04177957185311243,-1.933982277101871
0.20990800857543945,1.933593749074055,-0.0005232631180326213,0.10904063627123833,0.06982900173170492,-1.9341170121920874
0.2299184799194336,1.9335937491960693,-0.0006857171059441918,0.03904063627123833,0.00710658699972555,-1.9342794663020135
0.24995183944702148,1.9335937493020057,-0.0008783739265699513,0.017030762508511543,0.0,-1.9344721232285755
0.2702212333679199,1.9335937493939825,-0.001103690573095613,0.0,0.0,-1.9346974399670782
0.29029059410095215,1.9335937494738393,-0.0013640973303853136,0.016254037618637085,0.0,-1.9349578468042246
0.3098485469818115,1.9335937495431736,-0.0016619978679609777,0.0,0.0,-1.9352557474111347
0.32973599433898926,1.933593749603371,-0.001999769332981675,0.023740505799651146,0.0,-1.9355935189363527
0.3498077392578125,1.9335937496556364,-0.0023797624432229858,0.01663700630888343,0.0030482697766274214,-1.9359735120988593
0.3697774410247803,1.9335937497010145,-0.0028043015800563588,0.0,0.0,-1.9363980512810708
0.3898143768310547,1.9335937497404128,-0.003275684881428477,0.0,0.0,-1.9368694346218411
0.40987706184387207,1.9335937497746196,-0.0037961843348406164,0.0,0.014504077844321728,-1.9373899341094603
0.4297678470611572,1.933593749804319,-0.004368045870328003,0.0,0.0,-1.9379617956746469
0.44977593421936035,1.9335937498301046,-0.004993489453439184,0.0,0.005761587992310524,-1.9385872392835437
0.47028064727783203,1.9335937498524924,-0.005674709178215383,0.0,0.0,-1.9392684590307079
0.49019455909729004,1.93359374987193,-0.006413873360169865,0.0,0.0,-1.9400076232321
0.5098190307617188,1.9335937498888065,-0.007213124629267286,0.06260884553194046,0.0,-1.9408068745180738
0.5298421382904053,1.9335937499034588,-0.008074580022903073,0.0,0.02274043671786785,-1.941668329926362
0.5498397350311279,1.9335937499161806,-0.009000331078882772,0.0,0.0,-1.9425940809950635
0.5697693824768066,1.933593749927226,-0.009992443928401424,0.010899338871240616,0.020791154354810715,-1.9435861938556274
0.5898385047912598,1.9335937499368157,-0.011052959389022895,0.0,0.0,-1.9446467093258386
0.6097598075866699,1.9335937499451419,-0.012183893057659281,0.04780076816678047,0.028411488980054855,-1.945777643002801
0.6297945976257324,1.933593749952371,-0.013387235403550229,0.09256843850016594,0.09841148898005486,-1.9469809853559212
0.6503450870513916,1.9335937499586475,-0.014664951861242337,0.0347750261425972,0.04579792514443398,-1.9482587018198898
0.6704633235931396,1.9335937499640965,-0.01601898292356847,0.04553766455501318,0.04671599360182882,-1.949612732887665
0.6898777484893799,1.9335937499688276,-0.017451244234627163,0.05075570987537503,0.056450845841318376,-1.9510449942034547
0.7098572254180908,1.9335937499729352,-0.018963626682761966,0.12075570987537504,0.0,-1.9525573766556972
0.729827880859375,1.933593749976502,-0.0205579964935408,0.10838766412809492,0.004742090590298176,-1.9541517464700426
0.7499527931213379,1.9335937499795985,-0.02223619532273532,0.06430320831015707,0.0,-1.9558299453023338
0.7699065208435059,1.9335937499822868,-0.0240000403493003,0.13267491402104498,0.0,-1.9575937903315872
0.7899196147918701,1.933593749984621,-0.025851324368352937,0.12239297589287162,0.0,-1.9594450743529739
0.8098330497741699,1.9335937499866473,-0.027791815884152297,0.08721213897690178,0.0,-1.9613855658707997
0.8297629356384277,1.933593749988407,-0.029823259203078583,0.08890500134322793,0.0,-1.9634170091914855
0.8497378826141357,1.933593749989935,-0.03194737452661258,0.07374159181956202,0.0,-1.9655411245165475
0.869835376739502,1.9335937499912612,-0.03416585804431498,0.06259083962533624,0.026390722021460533,-1.9677596080355761
0.8897686004638672,1.933593749992413,-0.03648038202680568,0.0,0.052664995193481445,-1.9700741320192185
0.9097380638122559,1.9335937499934128,-0.03889259491874331,0.002997803734615445,0.0,-1.9724863449121561
0.9297523498535156,1.9335937499942808,-0.04140412143180442,0.07299780373461545,0.04566415771842003,-1.9749978714260852
0.9498007297515869,1.9335937499950346,-0.044016562637662904,0.1420814869273454,0.04133618390187621,-1.9776103126326976
0.9703106880187988,1.933593749995689,-0.046731496060969414,0.11524482344277204,0.08400110295042396,-1.9803252460566585
0.990393877029419,1.933593749996257,-0.04955047577233063,0.12480075092054904,0.09662403399124742,-1.9831442257685876
1.0103609561920166,1.9335937499967504,-0.05247503248128872,0.11981291457079352,0.1388177969492972,-1.9860687824780392
1.030395746231079,1.9335937499971787,-0.05550667362930066,0.12325251142494381,0.15404526563361287,-1.9891004236264793
1.0502679347991943,1.9335937499975504,-0.05864688348271745,0.19325251142494382,0.1587570235133171,-1.9922406334802678
1.069765329360962,1.9335937499978733,-0.06189712322576382,0.20426958995871247,0.12582942843437195,-1.9954908732236372
1.0904066562652588,1.9289610538298403,-0.06525883105351722,0.19453884578309955,0.08407003432512283,-1.9942198848833574
1.10994291305542,1.9142836275512833,-0.06873342226488736,0.20048588012345137,0.06615499779582024,-1.9830170498161708
1.1303675174713135,1.8791180618691157,-0.07232228935559569,0.13048588012345136,0.10613790899515152,-1.9514403512247114
1.1499640941619873,1.8028524433507418,-0.07602680211115442,0.09836347301490606,0.03613790899515151,-1.878879245461896
1.1698739528656006,1.6606715875098483,-0.0798483076998463,0.09229027333669365,0.052789723798632615,-1.7405198952096947
1.1904451847076416,1.420862105447765,-0.08378813076570361,0.10684224630706013,0.0009310416132211619,-1.5046502362134686
1.2103350162506104,1.0500714015928279,-0.08784757352148771,0.07871719489805401,0.0,-1.1379189751143155
1.229912519454956,0.5309017602077574,-0.09202791584166849,0.03761618996970356,0.0,-0.6229296760494258
1.250441551208496,-0.12628963569003973,-0.09633041535540349,0.023965428052470095,0.0,0.029959220334636244
1.2701010704040527,-0.8736097714959261,-0.10075630753951735,0.05287225025705994,0.0,0.7728534639564087
1.289980173110962,-1.522452193391731,-0.10530680581148136,0.02808516326360405,0.0,1.4171453875802495
1.3098089694976807,-2.2271775794108013,-0.1099831016223925,0.03170648490078748,0.07,2.117194477788409
1.3298346996307373,-2.952145215722432,-0.1147863645499532,0.0,0.14,2.8373588511724788
1.3503894805908203,-3.6720662778119872,-0.11971774239145017,0.0,0.10235526725649835,3.552348535420537
1.3697905540466309,-4.369508645128563,-0.12477836125673429,0.0,0.17235526725649836,4.244730283871829
1.3900244235992432,-5.032956731584335,-0.1299693256611997,0.07,0.24235526725649836,4.9029874059231355
1.4100205898284912,-5.655307952161092,-0.13529171861876316,0.0,0.1900066013634205,5.520016233542329
1.4302942752838135,-6.232712093872511,-0.1407466017348434,0.0,0.18177477151155474,6.091965492137668
1.4502391815185547,-6.759046753466219,-0.14633501529934073,0.04837038740515709,0.11177477151155474,6.612711738166878
1.4697685241699219,-7.229089012180651,-0.152057978379616,0.014491304755210876,0.10281705580651762,7.077031033801036
1.4898405075073242,-7.638378365043192,-0.15791648891347032,0.0,0.17281705580651763,7.480461876129722
1.5100476741790771,-7.993733830851858,-0.1639115238021242,0.0,0.10281705580651762,7.829822307049734
1.530092716217041,-8.277732020475435,-0.17004403900319703,0.009504810906946659,0.07038013361394407,8.107687981472237
1.5499846935272217,-8.458355139083684,-0.17631496962368626,0.04272329155355692,0.14038013361394408,8.282040169459998
1.569899082183838,-8.495241559393197,-0.18272523001294713,0.011434935964643955,0.2103801336139441,8.31251632938025
1.5898222923278809,-8.35024696208076,-0.18927571385567168,0.068843231536448,0.2085859281010926,8.160971248225088
1.610060691833496,-8.003986852600764,-0.1959672942648682,0.138843231536448,0.1385859281010926,7.8080195583358964
1.630053997039795,-7.469148604441526,-0.2028008238748405,0.18416529584676028,0.2085859281010926,7.266347780566686
1.6500918865203857,-6.789627100776235,-0.20977713493416772,0.1847485359106213,0.18313360111787919,6.579849965842067
1.670145034790039,-6.0252038089664035,-0.21689703939868296,0.11474853591062129,0.17649867143481973,5.808306769567721
1.6902356147766113,-5.221955691707848,-0.22416132902445352,0.05588987679220736,0.10649867143481972,4.997794362683394
1.710007905960083,-4.412910129481007,-0.2315707754607595,0.04166861926205456,0.07008543025702241,4.181339354020248
1.7301433086395264,-3.710476116441557,-0.2391261303430734,0.0,8.543025702240081e-05,3.4713499860984838
1.7503259181976318,-3.008972593104828,-0.24682812538603965,0.0,0.023610711134970208,2.7621444677187883
1.7700366973876953,-2.326603420529308,-0.2546774724764536,0.004750944674015045,0.0728898346796632,2.0719259480528542
1.7901828289031982,-1.6755083604836634,-0.2626748637662417,0.026636246591806412,0.023886032439768334,1.4128334967174216
1.8100521564483643,-1.063295227943124,-0.2708209717654398,0.0687720738351345,0.023419077137950828,0.7924742561776843
1.8301067352294922,-0.49653988128194937,-0.27911644943517316,0.03400357812643051,0.0878245556750335,0.2174234318467762
1.849841594696045,0.023704600197184494,-0.2875619302806356,0.030836235731840134,0.017824555675033493,-0.3112665304778201
1.8700284957885742,0.49793255713514073,-0.29615802844406885,0.05045061185956001,0.0,-0.7940905855792095
1.889753818511963,0.9277001094797027,-0.30490533879774234,0.06014621164649725,0.0,-1.2326054482774451
1.9103775024414062,1.315259856924981,-0.3138044370369317,0.07496362458914518,0.0,-1.6290642939619127
1.9303195476531982,1.6632887933376566,-0.32285587977289926,0.0971624506637454,0.05600555241107941,-1.9861446731105559
1.949965476989746,1.9654564015318463,-0.332060204625872,0.16578386258333921,0.09089244902133942,-2.297516606157718
1.9701411724090576,2.237037768719791,-0.34141793031802237,0.22754890751093626,0.02089244902133941,-2.5784556990378134
1.9897758960723877,2.480217033552626,-0.3509295567664464,0.2687565637752414,0.0,-2.8311465903190727
2.0103213787078857,2.697259790372909,-0.360595565176144,0.3009182205423713,0.0,-3.0578553555490533
2.029838800430298,2.8904285015537674,-0.3704164181329982,0.31944462191313505,0.05149286612868309,-3.2608449196867655
2.0503201484680176,3.061923827108194,-0.38039255969675334,0.35858587455004454,0.0781792588531971,-3.4423163868049476
2.0706045627593994,3.2068964579263093,-0.3905244154939963,0.28858587455004453,0.029131218791007996,-3.5974208734203055
2.0905866622924805,3.297197332701977,-0.40081239281113423,0.30563512567430734,0.08694681152701378,-3.698009725513111
2.1103954315185547,3.2614395268571093,-0.4112568806873754,0.25008633855730295,0.15694681152701379,-3.6726964075444846
2.1303985118865967,2.9931362929278555,-0.42185825000770705,0.27675060864537954,0.17388799384236336,-3.4149945429355624
2.150491237640381,2.7601885751236184,-0.4326168535958757,0.30616571504622697,0.19624054402112961,-3.192805428719494
2.1701273918151855,2.1758746129396287,-0.443533026307366,0.3129689505510032,0.24373237013816834,-2.6194076392469947
2.1904830932617188,1.1451713478979266,-0.45460708512238074,0.3655456153862178,0.31373237013816835,-1.5997784330203073
2.2098922729492188,-0.34214722009076953,-0.46583932923881977,0.3260598479025066,0.24373237013816834,-0.12369210914805023
2.2304446697235107,-2.1560670261725328,-0.4772300401652596,0.2694177774898708,0.2564912994205952,1.6788369860072732
2.250389575958252,-4.093439641210988,-0.48877948181393205,0.2863970341347158,0.2103772123157978,3.6046601593970564
2.2703750133514404,-5.958948899449052,-0.5004879005937045,0.21639703413471578,0.27129961147904397,5.458460998855347
2.2903354167938232,-7.648938491699236,-0.5123555255030589,0.21440045059658586,0.20198957964777947,7.136582966196177
2.309934377670288,-9.158577975096978,-0.5243825682230705,0.28440045059658586,0.2719895796477795,8.634195406873907
2.3300325870513916,-10.500847066963361,-0.5365692232103894,0.2802044298220426,0.2927674309909344,9.964277843752972
2.3500771522521973,-11.675274165253276,-0.5489156677902166,0.2677288694027811,0.26765312381088735,11.126358497463059
2.3699302673339844,-12.6949417565363,-0.5614220622492866,0.19772886940278112,0.27701539393514396,12.133519694287013
2.38987135887146,-13.552725813755112,-0.5740885499288438,0.17855766125954686,0.34701539393514397,12.978637263826268
2.40978741645813,-14.24534940429904,-0.5869152573176244,0.1674788136873394,0.27701539393514396,13.658434146981415
2.4303219318389893,-14.779521917643235,-0.5999022941448345,0.18792747044004499,0.27147695269435645,14.1796196234984
2.4503488540649414,-15.168712221854312,-0.6130497534731296,0.1726508614514023,0.2598903201147914,14.555662468381183
2.470289468765259,-15.4145147793355,-0.626357711791594,0.10265086145140229,0.2175859160348773,14.788157067543906
2.4898717403411865,-15.500968908534215,-0.6398262291087198,0.07420259640552102,0.2080892039090395,14.861142679425495
2.5098459720611572,-15.414239199120193,-0.653455349045387,0.14238317237235604,0.2780892039090395,14.760783850074805
2.530225992202759,-15.16549452416286,-0.6672450989278432,0.07238317237235603,0.2659633318334818,14.498249425235016
2.5498392581939697,-14.789925932310805,-0.681195489880681,0.002383172372356024,0.26954287899658086,14.108730442430124
2.5698060989379883,-14.329216956450113,-0.6953065169198193,0.04379526511766013,0.19954287899658085,13.633910439530293
2.5897915363311768,-13.929217661149131,-0.709578159045482,0.012181833246722784,0.199323916604626,13.21963950210365
2.609762668609619,-13.453376339189841,-0.7240103793351773,0.0,0.129323916604626,12.729365959854665
2.630272626876831,-12.902652156346962,-0.7386031250366767,0.07,0.11719213808130008,12.164049031310284
2.649747133255005,-12.268103119813981,-0.7533563276609957,0.0,0.09959345879207832,11.514746792152986
2.669731378555298,-11.552676535792987,-0.7682699030753712,0.0,0.06104271682153922,10.784406632717616
2.6898365020751953,-10.783714545491318,-0.7833437515962428,0.0,0.04178514341067058,10.000370793895074
2.710282802581787,-9.997833821502248,-0.7985777580822306,0.018373701721429825,0.002321869229781448,9.199256063420016
2.7297699451446533,-9.220913479265443,-0.8139717920271152,0.020947900833562016,0.0,8.406941687238328
2.750429391860962,-8.470692495871722,-0.8295257076528177,0.0454883084166795,0.03299035504460335,7.6411667882189045
2.7697763442993164,-7.758788358801656,-0.8452393440023784,0.04070877586491406,0.041735297068953514,6.913549014799278
2.789691686630249,-7.0945768591167555,-0.8611125250329352,0.06983840209431946,0.008112432435154915,6.23346433408382
2.8096957206726074,-6.480996955281498,-0.877145059708705,0.037673284532502294,0.0001191701740026474,5.6038518955727925
2.8303184509277344,-5.948271217332863,-0.8933367420939614,0.015992890344932675,0.0,5.054934475238902
2.849672794342041,-5.456229513164731,-0.9096873514460158,0.08599289034493268,0.047974180430173874,4.546542161718715
2.869682788848877,-5.0054138493069695,-0.9261966523081937,0.1559928903449327,0.0,4.079217196998776
2.889723539352417,-4.595114184973008,-0.942864394602818,0.20130798836238684,0.0,3.65224979037019
2.9096736907958984,-4.223769544868635,-0.9596903137241853,0.19260557238943876,0.04073919728398323,3.26407923114445
2.930335283279419,-3.8892690505857384,-0.9766741306315463,0.21993857678957285,0.0,2.9125949199541923
2.9497241973876953,-3.5891755037538386,-0.9938155519420854,0.24900356178171934,0.0,2.595359951811753
2.9704859256744385,-3.3208892826484417,-1.0111142700239002,0.18716475610621275,0.068923719227314,2.3097750126245415
2.989781618118286,-3.081766462217154,-1.0285699630889802,0.214158524395898,0.053560035303235054,2.0531964991281737
3.0105907917022705,-2.869202025547122,-1.0461822952861863,0.284158524395898,0.031013276427984238,1.8230197302609354
3.0301482677459717,-2.6922683759223456,-1.063950916794231,0.33847459060139956,0.0809912271797657,1.6283174591281147
3.0497493743896484,-2.5386500639875216,-1.0818754639146562,0.3326755485404283,0.09186589997261763,1.4567746000728654
3.0697531700134277,-2.4530651660747185,-1.0999555591648138,0.27222616811282935,0.11623975727707148,1.3531096069099047
3.0898969173431396,-2.500379057706865,-1.1181908113708454,0.3010380140412599,0.07278183195739985,1.3821882463360198
3.1096677780151367,-2.7545722986797463,-1.1365808157606598,0.32018170160241427,0.03181292209774256,1.6179914829190865
3.130409002304077,-3.280108839056586,-1.155125154056915,0.27050805118866267,0.0,2.1249836849996706
3.1497840881347656,-4.114612852839933,-1.1738233945699945,0.21747051578946414,0.012697066180408001,2.9407894582699385
3.1702537536621094,-5.250594720935743,-1.1926750922909894,0.1871095004398376,0.0,4.057919628644753
3.1903514862060547,-6.614681833522088,-1.2116797889846762,0.16636905846185984,0.008956181816756725,5.403002044537412
3.2096781730651855,-8.103572360920488,-1.2308370132824964,0.10012037334032359,0.05577590223401785,6.872735347637992
3.2297756671905518,-9.637592997466431,-1.250146280775537,0.1701203733403236,0.12577590223401786,8.387446716690894
3.249678134918213,-10.969468879522351,-1.2696070941075088,0.10012037334032359,0.19577590223401786,9.699861785414843
3.270275354385376,-12.318899818712023,-1.2892189430677234,0.03012037334032358,0.12577590223401786,11.0296808756443
3.289585590362549,-13.644960047910583,-1.308981304684079,0.03453953062184156,0.11684458207339049,12.335978743226505
3.309577703475952,-14.915206566806756,-1.3288936433160328,0.10453953062184157,0.1564609656855464,13.586312923490723
3.3296430110931396,-16.09699432644149,-1.3489554107475843,0.10329058770090344,0.09829402219504119,14.748038915693906
3.349701404571533,-17.151449251364646,-1.3691660462802537,0.044501479752361794,0.06814199935644866,15.782283205084392
3.3701086044311523,-18.036395228387164,-1.3895249768260622,0.02422994565218689,0.13814199935644866,16.6468702515611
3.3897411823272705,-18.713106856694534,-1.4100316170005092,0.06850143712013962,0.20814199935644867,17.303075239694024
3.409635305404663,-19.162490573153104,-1.4306853692155523,0.051644649393856545,0.24986797761172058,17.73180520393755
3.4298510551452637,-19.393490002121286,-1.4514856237725895,0.07071951035410168,0.17986797761172058,17.942004378348695
3.450300931930542,-19.422705400870164,-1.472431758955435,0.03975928019732239,0.19623651761561633,17.95027364191473
3.469943046569824,-19.260035935575612,-1.4935231411233003,0.1097592801973224,0.12623651761561633,17.76651279445231
3.489976406097412,-19.118802152658205,-1.5147591248037726,0.09891604326665404,0.16316679555922747,17.60404302785443
3.5106630325317383,-18.776260917620597,-1.5361390527857943,0.028916043266654035,0.11470982123166323,17.2401218648348
3.5304088592529297,-18.2125855295146,-1.5576622562126443,0.016465486995875855,0.18470982123166324,16.654923273301957
3.5498292446136475,-17.417516368995987,-1.5793280546749153,0.04980467449873688,0.12208729643374683,15.838188314321071
3.5704116821289062,-16.417821840598585,-1.601135756303492,0.11980467449873689,0.19000997800379993,14.816686084295092
3.5903751850128174,-15.281498247548772,-1.6230846578625355,0.1898046744987369,0.1791574138775468,13.658413589686237
3.609823703765869,-14.082538816362586,-1.6451740448424557,0.21384252924472097,0.2491574138775468,12.43736477152013
3.630406141281128,-12.869355858449618,-1.667403191552896,0.283842529244721,0.2765231300517917,11.201952666896721
3.650266170501709,-11.678266825262416,-1.6897713612157128,0.353842529244721,0.23203781809657814,9.988495464046704
3.669726848602295,-10.53391482462588,-1.7122778060579495,0.423842529244721,0.30203781809657815,8.82163701856793
3.6897592544555664,-9.540359200979225,-1.734921767404822,0.4019557632878423,0.23203781809657814,7.805437433574403
3.7104058265686035,-8.589554368188491,-1.7577024757726945,0.3319557632878423,0.2630974427238107,6.831851892415797
3.7296717166900635,-7.693501758230593,-1.7806191509620586,0.2619557632878423,0.24770531434565785,5.912882607268535
3.749699115753174,-6.859094341812561,-1.8036710021505158,0.31577872026711706,0.24805762014235372,5.055423339662045
3.769585609436035,-6.09181153701514,-1.8268572279857542,0.34562150675803427,0.18093226245488042,4.2649543090293855
3.7896575927734375,-5.402955570706293,-1.8501770166785274,0.38198644582182173,0.18711171486298556,3.552778554027766
3.809708833694458,-4.816840602104224,-1.8736295460956383,0.36122585933655504,0.25233356096665377,2.943211056008586
3.8297042846679688,-4.3615451306773405,-1.8972139838529112,0.420013723038137,0.20881816186825747,2.4643311468244296
3.850295066833496,-4.055440546653615,-1.9209294874081766,0.4376927754655481,0.22462822683970446,2.134511059245438
3.869823694229126,-3.8911409114886886,-1.9447752041542516,0.4012295073643327,0.18827961572329516,1.946365707334437
3.889727830886841,-3.850513450151526,-1.9687502715119143,0.3884783518314362,0.2018701247952413,1.8817631786396118
3.909865379333496,-3.8152396509502564,-1.9928538170228842,0.4239787590503693,0.16365029663662428,1.8223858339273722
3.9297194480895996,-3.894027556256265,-2.017084958442807,0.42641648215241734,0.20074203238706106,1.876942597813458
3.949862480163574,-4.098607351645305,-2.0414428038342263,0.40206618358381097,0.16263113544206137,2.057164547811079
3.969672203063965,-4.445393102921651,-2.0659264516595686,0.37747860264964406,0.17854248360614294,2.3794666512620823
3.9896697998046875,-4.935088831775553,-2.0905349908741213,0.30747860264964405,0.17991520360461438,2.8445538409014315
4.009684324264526,-5.5458863759426125,-2.115267501019009,0.25471002575941387,0.1287519809638616,3.4306188749236033
4.029757261276245,-6.243232150743895,-2.1401230523141774,0.2303483352530748,0.14952386811724866,4.103109098429718
4.049910068511963,-6.998528595141449,-2.165100705751369,0.3003483352530748,0.21952386811724867,4.83342788939008
4.069835901260376,-7.783436075043573,-2.190199513187105,0.2617693369556219,0.19437359512201513,5.593236561856468
4.089776039123535,-8.575173691580432,-2.2154185174356664,0.27968848434276883,0.12437359512201512,6.359755174144765
4.109697341918945,-9.350789226555989,-2.240756752362065,0.25530686167068783,0.1034583457594272,7.110032474193924
4.129691123962402,-10.024198436426751,-2.2662132429750317,0.21270452749915425,0.1734583457594272,7.757985193451719
4.149600982666016,-10.679436483211717,-2.2917870055199936,0.14270452749915424,0.2058699248021003,8.387649477691724
4.1696977615356445,-11.304784466709457,-2.317477047572049,0.21270452749915425,0.1358699248021003,8.987307419137407
4.190306663513184,-11.895206765764373,-2.3432823681289534,0.22888446909375493,0.1324047102907207,9.55192439763542
4.2096123695373535,-12.445809851112966,-2.369201957704094,0.1728215360362083,0.17152225890546108,10.076607893408871
4.229779243469238,-12.949611508098217,-2.3952347984194713,0.24282153603620832,0.16694871674641037,10.554376709678746
4.24991250038147,-13.398362777600322,-2.4213798640986766,0.1728215360362083,0.2239135649369564,10.976982913501645
4.269771575927734,-13.780835896949252,-2.4476361203598724,0.1028215360362083,0.1539135649369564,11.33319977658938
4.289863348007202,-14.093295383668082,-2.4740025247087742,0.11698953867889944,0.0839135649369564,11.619292858959307
4.309711456298828,-14.341940890852534,-2.500478026631626,0.10437978864647451,0.01391356493695639,11.841462864220908
4.330302953720093,-14.532760386835376,-2.527061567688182,0.06694496483542028,0.0,12.005698819147193
4.349726676940918,-14.698434745100764,-2.5537520816046837,0.037217666069045696,0.0,12.14468266349608
4.369666576385498,-14.806014310964144,-2.580548494366842,0.0,0.05097803473472595,12.225465816597303
4.389876127243042,-14.847243642362018,-2.607449724312815,0.0,0.0,12.239793918049203
4.409675121307373,-14.825086368470208,-2.6344546822261865,0.0,0.04796932265162468,12.190631686244021
4.429661512374878,-14.759485951938261,-2.66156227142895,0.0,0.0048415809869766235,12.09792368050931
4.449801445007324,-14.667756019021601,-2.688771387874482,0.0,0.0,11.978984631147119
4.469652414321899,-14.56261091623075,-2.7160809202405205,0.0,0.0,11.84652999599023
4.48979640007019,-14.450918987060813,-2.7434897500221562,0.0,0.054715562611818314,11.707429237038657
4.509663820266724,-14.337623389369135,-2.770996751624798,0.0,0.0,11.566626637744337
4.529663562774658,-14.226199808354473,-2.7986007924571563,0.0,0.0,11.427599015897316
4.5497565269470215,-14.119013050118605,-2.8263007330242305,0.0,0.0,11.292712317094374
4.569767951965332,-14.02595077001033,-2.854095427020274,0.07,0.0,11.171855342990055
4.589737892150879,-13.936794954091628,-2.8819837214217863,0.14,0.0,11.054811232669842
4.609738349914551,-13.85270218378625,-2.909964456580486,0.09064917951822282,0.001629902864806354,10.942737727205763
4.629898548126221,-13.77434236188179,-2.9380364663162926,0.04913695469498636,0.016437084297649562,10.836305895565497
4.650351047515869,-13.702029698495119,-2.966198578010304,0.06280319612473251,0.0,10.735831120484814
4.6702985763549805,-13.635823065602477,-2.9944496126977738,0.08849115144461395,0.018901275470852852,10.641373452904702
4.689733028411865,-13.575602430741183,-3.022788385161099,0.11644289303570987,0.08890127547085286,10.552814045580085
4.709723234176636,-13.52112666137015,-3.0512137040227882,0.16612000424414874,0.08495806500315667,10.469912957347361
4.729721546173096,-13.472076866226873,-3.079724371838453,0.1281211007013917,0.03819389611482621,10.392352494388419
4.749802112579346,-13.428088548708415,-3.1083191851897767,0.058121100701391704,0.019753560125827796,10.319769363518638
4.769726514816284,-13.388775141904349,-3.1369969347774984,0.0,0.0,10.25177820712685
4.79031229019165,-13.35374493723055,-3.1657564055143927,0.0,0.008443078957498074,10.187988531716158
4.8097357749938965,-13.323330819169161,-3.194596376618249,0.0,0.0,10.128734442550913
4.829727649688721,-13.296206664424899,-3.223515621704849,0.0,0.07,10.07269104272005
4.849725961685181,-13.272082508016132,-3.252512908880947,0.05026290938258171,0.14,10.019569599135185
4.869715690612793,-13.25067788130528,-3.2815870008372485,0.12026290938258172,0.07,9.969090880468032
4.889760494232178,-13.231726303350614,-3.3107366549413952,0.19026290938258172,0.0,9.920989648409218
4.910465240478516,-13.21497803186702,-3.339960623330934,0.12026290938258172,0.0,9.875017408536085
4.929745435714722,-13.200201532844014,-3.369257653006307,0.144140764772892,0.0,9.830943879837708
4.9497528076171875,-13.18718402143649,-3.3986264859238213,0.214140764772892,0.0,9.78855753551267
4.970355749130249,-13.175731343524577,-3.4280658590886364,0.144140764772892,0.04259705916047096,9.74766548443594
4.9898834228515625,-13.165667402436656,-3.45757450464774,0.214140764772892,0.0150690246373415,9.708092897788916
5.009737730026245,-13.15683328486027,-3.4871511499829264,0.144140764772892,0.0,9.669682134877343
5.029767751693726,-13.14916327843472,-3.5167945178037785,0.074140764772892,0.07,9.632368760630943
5.04974627494812,-13.142426905448108,-3.5465033262406385,0.144140764772892,0.12576523020863534,9.595923579207469
5.06976318359375,-13.13651655236665,-3.576276288937606,0.14521818100940437,0.05576523020863533,9.560240263429044
5.089753150939941,-13.131335703269482,-3.6061121151455,0.15597016509156675,0.02656814642250538,9.525223588123982
5.109741687774658,-13.126798094087267,-3.636009509814841,0.15255958661902697,0.09656814642250539,9.490788584272426
5.129750967025757,-13.122826854966448,-3.665967173688837,0.22255958661902697,0.02656814642250538,9.45685968127761
5.1504034996032715,-13.11935366698868,-3.695983803396361,0.23002802253235133,0.07851775176823139,9.423369863592319
5.169815540313721,-13.11631795108566,-3.7260580915449246,0.24472455166745932,0.008517751768231385,9.390259859540736
5.189751148223877,-13.113666100692338,-3.7561887268136647,0.17472455166745932,0.07851775176823139,9.357477373878673
5.20972466468811,-13.11598346117156,-3.786374394046317,0.13302517571020872,0.03523918800055981,9.329609067125244
5.2297656536102295,-13.117995452704642,-3.8166137743441975,0.0899378012912348,0.0,9.301381678360444
5.249747276306152,-13.146601607720344,-3.846905545159185,0.036377350618131465,0.01300240308046341,9.299696062561159
5.269749402999878,-13.23461990144809,-3.8772483803866957,0.0,0.0,9.357371521061394
5.289757490158081,-13.410228300718202,-3.907640950458666,0.029120374470949173,0.0,9.502587350259535
5.310378074645996,-13.686057545612375,-3.93808192243653,0.09735262021422386,0.0,9.747975623175844
5.329725742340088,-14.04044321419565,-3.968569960104198,0.08884001895785332,0.0,10.071873254091452
5.3497474193573,-14.442369188368477,-3.9991037240610394,0.1133681870996952,0.0,10.443265464307437
5.369779825210571,-14.866723011853187,-4.029681871814857,0.1687377542257309,0.07,10.83704114003833
5.390417814254761,-15.293154632426413,-4.060303057874872,0.15449308417737484,0.022308245003223426,11.23285157455154
5.409756660461426,-15.709790890129332,-4.0909659338447,0.08449308417737483,0.09230824500322343,11.618824956284632
5.42977499961853,-16.101694031967295,-4.121669148515327,0.04848050542175769,0.09865862770006062,11.980024883451968
5.449756860733032,-16.441954345473377,-4.1524113479580995,0.1184805054217577,0.0963531626481563,12.289542997515277
5.469756364822388,-16.754563117202427,-4.1831911756176945,0.1884805054217577,0.08467648421414198,12.571371941584733
5.489789247512817,-17.03277785407385,-4.214007272405093,0.20600663468241692,0.0833984945062548,12.818770581668756
5.509739875793457,-17.268189107344632,-4.244858276790584,0.13600663468241692,0.07438555602915586,13.023330830554048
5.530350923538208,-17.453767571711673,-4.275742824896714,0.1580457165837288,0.035191150950267924,13.178024746814959
5.549744129180908,-17.58826051525165,-4.306659550591285,0.1562611418776214,0.08809454982168974,13.281600964660367
5.569748640060425,-17.679093212619318,-4.33760708558033,0.0862611418776214,0.01809454982168973,13.341486127038987
5.589735507965088,-17.73720647155749,-4.368584059501089,0.06612712686881422,0.0,13.3686224120564
5.610297203063965,-17.771061880281312,-4.399589100014993,0.13188620453700423,0.07,13.37147278026632
5.629724979400635,-17.787176005394358,-4.430620832900637,0.07177689841017126,0.01457856938242913,13.35655517249372
5.6498863697052,-17.790542696142168,-4.461677882146764,0.001776898410171257,0.011743989475071437,13.328864813995404
5.669693470001221,-17.793465743005115,-4.492758870045251,0.0,0.037457429505884654,13.300706872959864
5.689701557159424,-17.78750440364967,-4.523862417284072,0.0,0.0,13.263641986365599
5.710267066955566,-17.775529254004415,-4.554987143040289,0.0,0.03247017040848732,13.220542110964125
5.730395317077637,-17.759692633249013,-4.586131665073027,0.07,0.0,13.173560968175988
5.750288963317871,-17.7415912827064,-4.617294599816465,0.0,0.0,13.124296682889934
5.770266771316528,-17.720077606272003,-4.6484745624727895,0.07,0.0,13.071603043799215
5.790199279785156,-17.687495393389696,-4.679670167105206,0.05485054541379214,0.07,13.00782522628449
5.810338973999023,-17.63881850017987,-4.710880026730889,0.12485054541379215,0.14,12.92793847344898
5.829698801040649,-17.568663690996615,-4.742102753413982,0.19485054541379215,0.13081909377127887,12.826560937582634
5.849707841873169,-17.473857923930883,-4.773336958358566,0.22671340782195332,0.060819093771278865,12.700520965572316
5.870142698287964,-17.35747963572937,-4.804581252001647,0.2364434600248933,0.13081909377127887,12.552898383727722
5.889698505401611,-17.256437034634022,-4.835834244106122,0.26292448308318855,0.16586708683520557,12.4206027905279
5.910369873046875,-17.139140519955674,-4.867094543853778,0.19292448308318855,0.09586708683520556,12.272045976101897
5.930258750915527,-17.013645692255906,-4.89836075993825,0.20250164192169906,0.16586708683520557,12.115284932317657
5.950246334075928,-16.88576387966482,-4.929631500658018,0.27250164192169907,0.09586708683520556,11.956132379006803
5.970315456390381,-16.75959442567789,-4.960905374009377,0.3425016419216991,0.16586708683520557,11.798689051668513
5.989865303039551,-16.635623176929045,-4.992180987779414,0.36920172136276963,0.15922006672248246,11.643442189149631
6.010245323181152,-16.514129659514243,-5.0234569496390025,0.2992017213627696,0.1627179853245616,11.490672709875241
6.029786109924316,-16.3975590745261,-5.054731867235757,0.27713360454887154,0.22211931493133308,11.342827207290343
6.050292015075684,-16.28516371933342,-5.0860043482870365,0.32796087678521874,0.21056565117090942,11.199159371046381
6.070237636566162,-16.17863056467136,-5.117273000672915,0.28406443636864426,0.1710803381726146,11.061357563998444
6.089721918106079,-16.090558590138674,-5.148536432529152,0.2692728601768613,0.1697884225146845,10.942022157609522
6.110317230224609,-16.014092253265105,-5.179793252340181,0.31514284390956165,0.16162377547938378,10.834299000924924
6.129708528518677,-15.955873187693905,-5.211042069032098,0.3242476433888078,0.2316237754793838,10.744831118661807
6.150228023529053,-15.909546328782087,-5.242281492065615,0.3942476433888078,0.26904524039942773,10.667264836716472
6.169708013534546,-15.872700503270309,-5.273510131529063,0.45926590237766507,0.33904524039942774,10.599190371741246
6.190286874771118,-15.843411085783455,-5.304726598231364,0.5017088723555208,0.3462386539625004,10.538684487552091
6.210200071334839,-15.820142120879884,-5.335929503795011,0.43170887235552075,0.38111554071772846,10.484212617084873
6.230306148529053,-15.79935174750385,-5.367117460749039,0.4725518599525094,0.3854935638094321,10.432234286754811
6.250231027603149,-15.780830883365839,-5.3982890826220125,0.48247900888323786,0.40682718748692426,10.382541800743827
6.270170450210571,-15.762058143241347,-5.429442984035009,0.5524790088832379,0.4175650508562103,10.332615159206338
6.289797306060791,-15.741288860474487,-5.460577780794585,0.5533264785492793,0.41567444984801116,10.280711079679902
6.310307025909424,-15.719680190511363,-5.491692089985767,0.5027788079762832,0.34567444984801116,10.227988100525597
6.330326318740845,-15.700918991553834,-5.522784530065037,0.5357502422714606,0.37543178563006224,10.178134461488797
6.3502514362335205,-15.681769040902777,-5.553853720953281,0.5570900368923322,0.44543178563006225,10.127915319949496
6.3697192668914795,-15.662853765850095,-5.584898284128808,0.5198991637164727,0.37543178563006224,10.077955481721286
6.389744997024536,-15.644600001938665,-5.615916842720301,0.5210571849904955,0.37052575572393837,10.028683159218364
6.409710645675659,-15.627286786725412,-5.64690802159981,0.4672342727147043,0.4385984696354717,9.980378765125602
6.430370092391968,-15.613399494258344,-5.677870447475728,0.46914769287221136,0.4848564237263054,9.935529046782616
6.450353145599365,-15.602257778785788,-5.708802748985759,0.4536107950564474,0.42716088592074813,9.893455029800029
6.46963095664978,-15.59331672607642,-5.739703556789926,0.46193015432916584,0.3779968626704067,9.853613169286493
6.489794969558716,-15.58613985113856,-5.770571503663515,0.4208036907669157,0.35315903908573093,9.815568347475045
6.509666204452515,-15.580377485323456,-5.801405224590088,0.38746308020316067,0.40776118523441257,9.778972260733369
6.529661178588867,-15.575749476394808,-5.832203356854437,0.4531651981826872,0.33776118523441256,9.74354611954037
6.549688339233398,-15.571731320884274,-5.862964540135566,0.4199286387022585,0.34742762624286117,9.708766780748707
6.569595813751221,-15.568542675035417,-5.893687416599698,0.4109769784566015,0.27742762624286116,9.67485525843572
6.589626789093018,-15.563697878698301,-5.924370630993208,0.34957485130988064,0.2663745781686157,9.639327247705094
6.609684467315674,-15.557830436743979,-5.9550128307356465,0.41957485130988065,0.19766507058404387,9.602817606008333
6.629695415496826,-15.544458276719128,-5.985612666012687,0.34957485130988064,0.2676650705840439,9.558845610706442
6.649661302566528,-15.52390956020018,-6.016168789869136,0.41957485130988065,0.32175223632715644,9.507740770331043
6.669609785079956,-15.498917707262446,-6.046679858301869,0.48957485130988065,0.25175223632715643,9.452237848960579
6.689655303955078,-15.471498396371734,-6.077144530352861,0.4451915340777487,0.3096938593592495,9.394353866018873
6.709624290466309,-15.443115653729874,-6.107561468202123,0.40351965448819105,0.3796938593592495,9.335554185527752
6.729608058929443,-15.417128102503902,-6.137929337260707,0.4469177181180567,0.3096938593592495,9.279198765243194
6.749567270278931,-15.39348910350104,-6.168246806263679,0.3769177181180567,0.23969385935924947,9.225242297237362
6.769531726837158,-15.372965121034449,-6.198512547363082,0.3069177181180567,0.16969385935924947,9.174452573671367
6.789622783660889,-15.35428492062697,-6.228725236220952,0.3106994353886694,0.17850269663147628,9.125559684406017
6.809592247009277,-15.337377689842773,-6.258883552102263,0.25048742673359814,0.1567397295217961,9.07849413774051
6.829645156860352,-15.322147517324023,-6.288986177967912,0.32048742673359815,0.2267397295217961,9.033161339356111
6.849627733230591,-15.308483586226629,-6.31903180056772,0.2706939486321062,0.2967397295217961,8.989451785658908
6.8695971965789795,-15.296267647213668,-6.349019110533388,0.2563329126220197,0.2267397295217961,8.94724853668028
6.889597415924072,-15.285379404932895,-6.378946802471477,0.2644199274014682,0.1567397295217961,8.906432602461418
6.909642457962036,-15.27570031328112,-6.408813575056421,0.3344199274014682,0.21233738499693572,8.8668867382247
6.929585218429565,-15.267116165419234,-6.438618131123441,0.4044199274014682,0.21077800828032195,8.828498034295793
6.950196743011475,-15.261835126469304,-6.468359177761602,0.39032402961514895,0.1855169842671603,8.793475948707702
6.969628095626831,-15.25898754353162,-6.498035426406737,0.32032402961514894,0.2555169842671603,8.760952117124882
6.989668846130371,-15.256515199322871,-6.527645592934437,0.39032402961514895,0.2127529017161578,8.728869606388434
7.009646654129028,-15.25575868688687,-6.557188397753054,0.39183776244521146,0.24191983486525714,8.698570289133816
7.029643774032593,-15.256213895417634,-6.586662565896643,0.32347843959927564,0.21542505803517997,8.669551329520992
7.049621820449829,-15.257498744639973,-6.616066827117977,0.3822493569552899,0.17678497615270317,8.641431917521995
7.069586277008057,-15.25932598398169,-6.6453999159815105,0.40395463980734353,0.2153235215228051,8.613926068000179
7.0896830558776855,-15.261481800184301,-6.674660571956346,0.3339546398073435,0.2770957190077752,8.586821228227954
7.10964035987854,-15.263809023135613,-6.703847539509243,0.27713326372206215,0.30532910372130573,8.55996148362637
7.129628896713257,-15.266193968145641,-6.732959568197575,0.3041479700058699,0.27594727906398475,8.533234399948066
7.149625301361084,-15.268556150795387,-6.761995412762307,0.3303579036891461,0.20622146013192832,8.50656073803308
7.169633388519287,-15.27084026808249,-6.790953833220993,0.2886144538223744,0.2074094305280596,8.479886434861497
7.189640760421753,-15.273009965028397,-6.819833594960743,0.2662463598698378,0.17140702554024756,8.453176370067654
7.209600925445557,-15.274893751311827,-6.848633468831197,0.25298098854720596,0.24140702554024757,8.42626028248063
7.229599714279175,-15.276678557059217,-6.877352231237524,0.25636536961421375,0.17140702554024756,8.399326325821693
7.24964451789856,-15.278347574497973,-6.90598866423338,0.32636536961421375,0.16816457314416766,8.372358910264593
7.270366191864014,-15.279892180866831,-6.934541555613904,0.30584796262905006,0.2094445708207786,8.345350625252927
7.2897844314575195,-15.281309665805143,-6.963009699008681,0.37584796262905007,0.1394445708207786,8.318299966796463
7.309861898422241,-15.282601497021249,-6.991391893974739,0.4458479626290501,0.20707472769543528,8.29120960304651
7.32971715927124,-15.283772005547133,-7.019686946089504,0.4489902384765447,0.25659494830295443,8.26408505945763
7.349759578704834,-15.284827397079443,-7.047893667043822,0.37899023847654467,0.32659494830295444,8.23693373003562
7.369710922241211,-15.288091363953887,-7.076010874734891,0.330889908540994,0.28498950926586986,8.212080489218996
7.390291213989258,-15.290486994443684,-7.104037393359253,0.400889908540994,0.3135486855171621,8.186449601084432
7.409740209579468,-15.292216358891379,-7.131972053505818,0.330889908540994,0.3835486855171621,8.160244305385561
7.429743766784668,-15.29371783725764,-7.159813692248761,0.35263771930709487,0.37570328468456865,8.133904145008879
7.450274467468262,-15.294740992624268,-7.187561153240576,0.33607393870130187,0.30570328468456864,8.107179839383692
7.470347166061401,-15.293088600963399,-7.215213286805017,0.4060739387013019,0.37570328468456865,8.077875314158382
7.4897239208221436,-15.289621375317815,-7.242768950030091,0.4127706271782518,0.30570328468456864,8.046852425287724
7.509727478027344,-15.284984979875395,-7.27022700686102,0.3980497411638499,0.23570328468456864,8.014757973014374
7.530369997024536,-15.277342345603776,-7.297586328193257,0.33461221970617777,0.17546763906255364,7.979756017410518
7.55025053024292,-15.263180361334554,-7.324845791965426,0.3611703376471997,0.20724989736452698,7.938334569369127
7.569704294204712,-15.233281661343495,-7.352004283252303,0.3397125183790923,0.2639052186347544,7.881277378091192
7.590241432189941,-15.193240523720487,-7.379060694357841,0.26971251837909227,0.3339052186347544,7.814179829362645
7.609694719314575,-15.147209927384827,-7.40601392490809,0.27915040444582706,0.2639052186347544,7.741196002476737
7.630359411239624,-15.09823230174722,-7.432862881944225,0.3445945386216045,0.3339052186347544,7.665369419802995
7.6497204303741455,-15.055708676710488,-7.459606480015495,0.34768105455674236,0.4039052186347544,7.596102196694993
7.669733047485352,-15.011578430428244,-7.486243641272205,0.41768105455674237,0.3339052186347544,7.525334789156039
7.690304517745972,-14.967495304430793,-7.512773295558711,0.4358377804700286,0.29290500888600945,7.454722008872082
7.710270643234253,-14.924606713362941,-7.539194380506396,0.4050316786114127,0.3011608854867518,7.385412332856545
7.73034405708313,-14.883678147135132,-7.565505841626629,0.4637330149952323,0.32467498118057847,7.3181723055085035
7.75029182434082,-14.845189643808252,-7.591706632403765,0.4186289658490569,0.25467498118057846,7.253483011404487
7.770291805267334,-14.80941032082412,-7.61779571438812,0.36354895436204976,0.21804238000884651,7.1916146064360005
7.790282487869263,-14.77645570172974,-7.643772057288967,0.42119325825013226,0.2837782267667353,7.132683644440773
7.81029486656189,-14.746331582148565,-7.66963463906745,0.42704284504987305,0.27944433672353625,7.0766969430811155
7.830329895019531,-14.718967390093251,-7.695382446029666,0.39936362520791596,0.25057958422228693,7.023584944063585
7.849703073501587,-14.694241370046113,-7.721014472919552,0.3878862404916436,0.2736447880230844,6.973226897126561
7.869713068008423,-14.67277360815592,-7.746529723011911,0.33242355973459786,0.2739478795917239,6.926243885144009
7.890260457992554,-14.653360565293895,-7.771927208205386,0.3666464568767697,0.3059314935596194,6.8814333570885085
7.910322189331055,-14.635886318729785,-7.797205949115438,0.2966464568767697,0.3317390698136296,6.838680369614347
7.9302895069122314,-14.620219254033902,-7.822364975167306,0.23525082291103905,0.3184607344807591,6.797854278866596
7.950384855270386,-14.606220326313608,-7.847403324689033,0.22102733486332005,0.25583128064288757,6.758817001624575
7.970369100570679,-14.593748994135506,-7.872320045004369,0.15102733486332004,0.24870079282089136,6.721428949131137
7.990354776382446,-14.582667380552854,-7.897114192525844,0.22102733486332005,0.19723751294775865,6.68555318802701
8.009699821472168,-14.572843093051452,-7.921784832847678,0.1918337249103934,0.12723751294775865,6.651058260203774
8.030130386352539,-14.564151037687232,-7.946331040838785,0.17357569531537598,0.10476294274791143,6.617819996848447
8.050017356872559,-14.556474486797677,-7.970751900735742,0.24357569531537598,0.08823031301959416,6.5857225860619355
8.069779872894287,-14.549705600120815,-7.995046506235778,0.21729860209859914,0.1291288484202232,6.554659093885037
8.090213537216187,-14.54382867989008,-8.019213960589761,0.28729860209859914,0.19912884842022321,6.5246147193003186
8.11031699180603,-14.534010364170223,-8.04325337669517,0.29029029333032674,0.1291288484202232,6.490756987475054
8.130312204360962,-14.517080496795918,-8.067163877189063,0.26493865349330015,0.07737184803350827,6.449916619606855
8.150394201278687,-14.497973617791407,-8.090944594541067,0.3187090466264636,0.007371848033508266,6.40702902325034
8.170274019241333,-14.477858188889824,-8.114594671146348,0.31411663307808346,0.0,6.363263517743476
8.190246343612671,-14.457572380963718,-8.138113259418615,0.27318341895006604,0.054190464317798615,6.319459121545103
8.210408926010132,-14.440019209499187,-8.16149952188307,0.2300234199967236,0.02520137093961239,6.278519687616118
8.229960441589355,-14.429459381966794,-8.184752631269411,0.1600234199967236,0.0,6.244706750697382
8.250349044799805,-14.440249733956557,-8.207871770604779,0.09002341999672359,0.04040117934346199,6.232377963351778
8.270253896713257,-14.502646693478212,-8.230856133306792,0.045154030611738616,0.02627637516707182,6.27179056017142
8.290326356887817,-14.643254740750619,-8.253704923276466,0.040995749356225186,0.0,6.389549817474153
8.31035327911377,-14.765334237286444,-8.276417354991214,0.0,0.0,6.48891688229523
8.330292224884033,-14.977535073519455,-8.298992653597843,0.048131655901670456,0.07,6.678542419921612
8.34977674484253,-15.262954334273116,-8.32143005500553,0.010548751801252365,0.06941994290566073,6.941524279267586
8.369730234146118,-15.594023833236605,-8.343728805978788,0.028009720146656036,0.10256733011221514,7.250295027257817
8.390362739562988,-15.950392140668473,-8.365888164230423,0.0,0.03256733011221513,7.58450397643805
8.40970492362976,-16.317256804440785,-8.387907398514589,0.0,0.058603732322808355,7.929349405926196
8.429723262786865,-16.681743352623577,-8.409785788719661,0.07,0.0,8.271957563903916
8.450336456298828,-17.03033940784785,-8.431522625961325,0.14,0.07,8.598816781886526
8.469752550125122,-17.354078329551985,-8.453117212675473,0.20384614109992982,0.06248440377414227,8.900961116876513
8.489799976348877,-17.633489083332222,-8.474568862711223,0.13384614109992982,0.12528239719569684,9.158920220620999
8.51011610031128,-17.85158303782559,-8.495876901423888,0.14605834864079953,0.14560324296355248,9.355706136401704
8.529778003692627,-18.04093777731981,-8.517040665767944,0.21605834864079954,0.14068053027614952,9.523897111551868
8.550212860107422,-18.15794614308774,-8.538059504390054,0.2834138622134924,0.07165031990036369,9.619886638697688
8.5703444480896,-18.20308960612602,-8.558932777721985,0.2287745749205351,0.1416503199003637,9.644156828404036
8.58985710144043,-18.187861970977064,-8.57965985807363,0.203641082495451,0.13354715598747136,9.608202112903435
8.610229015350342,-18.128786727415694,-8.600240129725975,0.273641082495451,0.16904510078951718,9.528546597689719
8.630249977111816,-18.038496367052915,-8.620672989024063,0.203641082495451,0.09904510078951717,9.417823378028851
8.650413990020752,-17.928904190451412,-8.640957844470005,0.23176864475011827,0.05909625736996532,9.287946345981407
8.669711828231812,-17.80647729221096,-8.661094116815946,0.2140536227822304,0.12708672432228924,9.145383175395015
8.689761400222778,-17.67604584737219,-8.681081239157038,0.14405362278223038,0.14726097432896496,8.994964608215152
8.709694147109985,-17.543492108026832,-8.700918657024413,0.12675649270415307,0.07726097432896495,8.84257345100242
8.730326175689697,-17.41295770417878,-8.72060582847816,0.05675649270415306,0.12158411694690585,8.69235187570062
8.74970293045044,-17.299624402056313,-8.740142224200353,0.12675649270415307,0.051584116946905845,8.55948217785596
8.77027678489685,-17.18886724514439,-8.759527327587989,0.15832606673240662,0.03627586627379059,8.429339917556401
8.78971552848816,-17.085134769455046,-8.778760634845916,0.17115682426840068,0.04454767687246203,8.306374134609129
8.810091972351074,-16.98901535821056,-8.797841655079939,0.15086729142814875,0.036721921358257525,8.19117370313062
8.829777479171753,-16.900717049374883,-8.816769910389695,0.16376054257154465,0.0708759974874556,8.083947138985188
8.850310564041138,-16.820178217722386,-8.835544935961668,0.184494601264596,0.059494850989431136,7.984633281760718
8.870343446731567,-16.749467907465043,-8.854166280162179,0.1274237871915102,0.0938976871035993,7.895301627302864
8.889742612838745,-16.68976420657372,-8.87263350463032,0.1218751759082079,0.0807308012805879,7.8171307019434
8.909714460372925,-16.639278965787245,-8.890946184371016,0.08420798711478711,0.010730801280587898,7.748332781416229
8.930339813232422,-16.596527220095215,-8.909103907847909,0.014207987114787102,0.0,7.687423312247306
8.949706554412842,-16.560273726428047,-8.927106277076424,0.08420798711478711,0.0,7.633167449351623
8.969747066497803,-16.528797517630565,-8.944952907716644,0.15420798711478712,0.008560603484511375,7.583844609913921
8.989808797836304,-16.50447714836822,-8.962643429166445,0.08420798711478711,0.0,7.541833719201776
9.01039457321167,-16.485768045919258,-8.980177484654286,0.15420798711478712,0.0,7.505590561264972
9.03036379814148,-16.471449495965494,-8.997554731332361,0.22420798711478712,0.0,7.473894764633133
9.050340175628662,-16.462874249776654,-9.014774840369464,0.17966830454766752,0.0,7.44809940940719
9.070378065109253,-16.45851418965983,-9.03183749704401,0.1883296771347523,0.006052959244698286,7.426676692615819
9.089887380599976,-16.45488047611324,-9.048742400837027,0.2583296771347523,0.07605295924469829,7.406138075276212
9.109916925430298,-16.45184703481054,-9.065489265525102,0.2511887291632593,0.015908203255385167,7.386357769285439
9.130396604537964,-16.44931047688135,-9.082077819273396,0.3211887291632593,0.08590820325538517,7.367232657607955
9.149966955184937,-16.44718589513163,-9.098507804728586,0.2733320294879377,0.10966056479141117,7.348678090403043
9.169844388961792,-16.445403457098017,-9.114778979111888,0.27257958481786776,0.08169182283803822,7.330624477986129
9.189982652664185,-16.443855898889428,-9.130891114311975,0.20257958481786775,0.15169182283803823,7.312964784577453
9.20986032485962,-16.447194707977722,-9.146843996978035,0.13257958481786775,0.1274387804232538,7.3003507109996875
9.229992389678955,-16.488584719443192,-9.162637428612692,0.20257958481786775,0.14359788460657003,7.3259472908305
9.25027847290039,-16.622487616312167,-9.178271225664986,0.27257958481786776,0.07359788460657002,7.444216390647181
9.270008087158203,-16.89124229451211,-9.193745219623395,0.20257958481786775,0.003597884606570012,7.697497074888716
9.28984785079956,-17.302171733325835,-9.209059257108782,0.16216841797111559,0.07359788460657002,8.093112476217053
9.310077905654907,-17.805655672253224,-9.224213199967375,0.17157900045393037,0.051701699253171696,8.581442472285849
9.329906463623047,-18.346258800978454,-9.23920692536373,0.1813064468163066,0.02502050889655949,9.107051875614724
9.349870204925537,-18.886814913884688,-9.254040325873774,0.11130644681630658,0.0,9.632774588010914
9.370001316070557,-19.41077572351361,-9.26871330957772,0.10259868318913506,0.0,10.14206241393589
9.390063047409058,-19.909400828868797,-9.283225800153083,0.17259868318913507,0.0,10.626175028715714
9.4101881980896,-20.342319875841657,-9.297577736967604,0.18467914025066423,0.0,11.044742138874053
9.43004846572876,-20.74852571166783,-9.311769075172327,0.11467914025066422,0.0,11.436756636495504
9.449974775314331,-21.116206169959923,-9.325799785794494,0.1321593515831046,0.016614314168691635,11.79040638416543
9.469916820526123,-21.433539387232322,-9.339669855830532,0.062159351583104594,0.0,12.09386953140179
9.490209817886353,-21.69595737279347,-9.353379288339092,0.1321593515831046,0.0,12.342578084454377
9.509926557540894,-21.910999967161608,-9.366928102533976,0.11948157309321689,0.0,12.544071864627632
9.529952049255371,-22.08978546553804,-9.380316333877111,0.1894815730932169,0.051065124571323395,12.709469131660928
9.549887418746948,-22.234042925788962,-9.393544034171569,0.11948157309321689,0.0,12.840498891617393
9.570136308670044,-22.33661790810171,-9.40661127165453,0.16125617756275462,0.06818453967571259,12.930006636447182
9.58967661857605,-22.391323267824234,-9.419518131090197,0.09762280269293117,0.1381845396757126,12.971805136734037
9.609636306762695,-22.402072178464806,-9.432264713862935,0.054430524099152555,0.06818453967571259,12.969807464601871
9.629632949829102,-22.41140465711567,-9.44485113807005,0.12443052409915256,0.0,12.966553519045622
9.649670124053955,-22.38547651368979,-9.457277538614925,0.19443052409915257,0.06505266577005386,12.928198975074867
9.670119762420654,-22.33574036586246,-9.469544067299926,0.19403111599385742,0.1086215078830719,12.866196298562533
9.689953565597534,-22.270778435112174,-9.481650892919419,0.2640311159938574,0.1786215078830719,12.789127542192755
9.710583209991455,-22.192320342203665,-9.493598201352672,0.25188170660287146,0.18414581816643477,12.698722140850993
9.729721784591675,-22.097290441614224,-9.505386195656946,0.2868782161548734,0.14915919553488494,12.591904245957277
9.749915838241577,-21.988621894568748,-9.51701509616039,0.24062660250812773,0.2058381612226367,12.471606798408358
9.770023107528687,-21.86871146251568,-9.528485140555048,0.18544930879026655,0.22796599816530944,12.340226321960632
9.789990186691284,-21.741836515809595,-9.539796583989864,0.2234835243597627,0.15796599816530943,12.202039931819732
9.809877872467041,-21.608835233128723,-9.550949699163613,0.2576547517254949,0.2147011300548911,12.05788553396511
9.829914093017578,-21.47045125590933,-9.561944776417924,0.3276547517254949,0.1447011300548911,11.908506479491408
9.849872827529907,-21.350302753776738,-9.572782123830187,0.3976547517254949,0.13791820902377366,11.777520629946551
9.869954109191895,-21.211445225769705,-9.583462067306678,0.3276547517254949,0.1270626087859273,11.627983158463026
9.889966011047363,-21.037772521092364,-9.593984950675335,0.3360359042510391,0.1298502491042018,11.44378757041703
9.909965991973877,-20.821331521046744,-9.604351135778945,0.4060359042510391,0.1998502491042018,11.2169803852678
9.929922103881836,-20.578572431705805,-9.614561002567958,0.33782632317394024,0.2698502491042018,10.964011429137846
9.949862003326416,-20.32393120272597,-9.624614949193582,0.28080852743238216,0.1998502491042018,10.699316253532388
9.970045566558838,-20.06543156659809,-9.634513392100672,0.25291646312922245,0.19527590181678534,10.430918174497418
9.989927530288696,-19.81338103492428,-9.644256766120778,0.2686775125935674,0.17737787123769522,10.169124268803502
10.009748935699463,-19.574769038030798,-9.653845524565083,0.334069924838841,0.22990166302770376,9.920923513465715
10.029794931411743,-19.351779778163408,-9.663280139317427,0.404069924838841,0.2709871483966708,9.68849963884598
10.049936294555664,-19.145518623871663,-9.672561100927215,0.4185493095964194,0.20996891241520643,9.472957522944448
10.069804906845093,-18.966437423618228,-9.68168891870246,0.36474086634814745,0.27996891241520644,9.284748504915768
10.089885234832764,-18.800829604847056,-9.690664120802754,0.38649832561612135,0.20996891241520643,9.110165484044302
10.110010862350464,-18.648944709580753,-9.699487254332197,0.34738135442137724,0.22186594549566507,8.949457455248556
10.130086421966553,-18.508278050548242,-9.70815888543246,0.41092618659138685,0.23197817243635654,8.800119165115781
10.149914026260376,-18.37911061366044,-9.716679599375686,0.4295520271360875,0.2899130452424288,8.662431014284754
10.169714450836182,-18.261334505452847,-9.725050000657497,0.4472228708863259,0.3048013402149081,8.53628450479535
10.189766883850098,-18.154574567979907,-9.733270713089999,0.49988618969917303,0.3045248466078192,8.421303854889908
10.209887981414795,-18.05827989386704,-9.741342379894707,0.569886189699173,0.28148115263320506,8.316937513972334
10.229898452758789,-17.9717920227319,-9.749265663795619,0.5657726040109993,0.30640517571009696,8.222526358936282
10.249853610992432,-17.892078795547544,-9.757041247112088,0.5161790212616325,0.2684432009700686,8.135037548435456
10.269836902618408,-17.819171937071058,-9.764669831851798,0.4691226592287422,0.2256202141288668,8.05450210521926
10.289947509765625,-17.755872341141284,-9.772152139803909,0.5223360693082214,0.22223280579783022,7.983720201337375
10.30985140800476,-17.69795577627187,-9.77948891263182,0.4967582968994976,0.29223280579783023,7.918466863640049
10.32992434501648,-17.64530454431792,-9.786680911966323,0.5201737767085434,0.3565256911609322,7.8586236323515966
10.349858045578003,-17.597698127162353,-9.793728919498426,0.538689991272986,0.38617714487947524,7.803969207663927
10.369848251342773,-17.554850401679648,-9.800633737072477,0.5557324139401317,0.39791542098857463,7.754216664607171
10.389794826507568,-17.516437217534236,-9.807396186779055,0.5319234037771822,0.4255474451277405,7.709041030755181
10.409862518310547,-17.482116554382458,-9.814017111047985,0.4948362426832319,0.3555474451277405,7.668099443334473
10.429818868637085,-17.451542993632696,-9.820497372741318,0.4397209601476789,0.2855474451277405,7.631045620891378
10.449949264526367,-17.424377859807077,-9.826837855246232,0.3697209601476789,0.3555474451277405,7.5975400045608446
10.469776153564453,-17.400296086818795,-9.833039462568172,0.4397209601476789,0.2855474451277405,7.567256624250623
10.489809513092041,-17.378990628479844,-9.839103119423687,0.5097209601476789,0.2781303418520838,7.5398875090561575
10.510122060775757,-17.36049268559578,-9.845029771333431,0.5064754728041589,0.21318377980031072,7.515462914262349
10.530409336090088,-17.344114660754,-9.850820384715231,0.5161525681428611,0.25503400766290724,7.4932942760387675
10.550154209136963,-17.32964073059159,-9.856475946976975,0.44615256814286114,0.2533842473709956,7.473164783614614
10.570111513137817,-17.316870806212442,-9.861997466609624,0.4289819489233196,0.18526721740607172,7.454873339602818
10.589714527130127,-17.305621000894693,-9.867385973280163,0.3951728533022106,0.18479246224858797,7.43823502761453
10.609748125076294,-17.295723527944553,-9.872642517924639,0.35350985107943417,0.11479246224858797,7.423081010019914
10.629651069641113,-17.287026205433076,-9.877768172841126,0.4235098510794342,0.18479246224858797,7.40925803259195
10.64997935295105,-17.279391700934077,-9.882764031782605,0.4229978860053234,0.254792462248588,7.3966276691514725
10.670692682266235,-17.275012963660973,-9.887631210050113,0.39735063693253325,0.2866234100947622,7.38738175361086
10.690132856369019,-17.27532736781102,-9.89237084458562,0.4188770518335514,0.2702347050944809,7.382956523225399
10.709828615188599,-17.27889325003722,-9.896984094064925,0.38721616348950194,0.20023470509448088,7.381909155972297
10.7297682762146,-17.281989240027308,-9.901472138990854,0.36593934676377105,0.13023470509448087,7.380517101036453
10.749868869781494,-17.287311584393894,-9.905836181786082,0.4324644260737114,0.20023470509448088,7.381475402607812
10.769834041595459,-17.29404004110912,-9.910077446886083,0.3823395312461071,0.17558327082195319,7.383962594223037
10.789901971817017,-17.301567828175134,-9.914197180832263,0.34159215694991873,0.16786587375798262,7.3873706473428715
10.810117244720459,-17.309452420427544,-9.918196652364824,0.36316528512863444,0.21003861490287817,7.39125576806272
10.82979941368103,-17.317377044986813,-9.922077152515726,0.43316528512863445,0.2776100612024311,7.395299892471087
10.849822044372559,-17.325120622564466,-9.925839994701748,0.4056583860400133,0.25606923129060305,7.3992806278627175
10.86985969543457,-17.334850715372482,-9.929486514817473,0.4756583860400133,0.32606923129060306,7.4053642005550095
10.889829397201538,-17.34570416721121,-9.933018071328092,0.5121291978540831,0.25606923129060305,7.412686095883117
10.909936428070068,-17.357051840672767,-9.936436045362678,0.582129197854083,0.2387101645360235,7.4206157953100895
10.92984938621521,-17.366127375986512,-9.939741840806882,0.5854455476696603,0.29751038502552546,7.42638553517963
10.949787378311157,-17.374006987455324,-9.942936884396074,0.6056420730496757,0.35446468691923655,7.43107010305925
10.969786882400513,-17.380226823704227,-9.946022625808313,0.6393201539362781,0.40422435801126994,7.434204197895914
10.989837408065796,-17.385129889452003,-9.949000537757229,0.6272787360544316,0.4315302944520954,7.436129351694774
11.009941577911377,-17.388989132408646,-9.951872116085116,0.6171296678553335,0.4011536999384407,7.43711701632353
11.02994680404663,-17.389705298465174,-9.9546388798559,0.6871296678553336,0.4378423145751003,7.435066418609274
11.049837112426758,-17.388219470352364,-9.957302371447945,0.6499053005944007,0.44280987696372903,7.43091709890442
11.069988250732422,-17.3852433390357,-9.959864156647305,0.6966641423176043,0.4373627868259791,7.4253791823883954
11.08995771408081,-17.381310507911017,-9.962325824740548,0.7,0.4904486988449935,7.4189846831704696
11.109859943389893,-17.37913316925773,-9.964688988607664,0.6859160725027322,0.5486168605054262,7.414444180650067
11.12986159324646,-17.37823254484014,-9.966955284815215,0.6640698861330747,0.4907482978666666,7.411277260024926
11.149940967559814,-17.37824243699979,-9.969126373709267,0.7,0.490777735638112,7.409116063290524
11.169657945632935,-17.378251025625353,-9.971203939508246,0.7,0.420777735638112,7.407047086117107
11.189854383468628,-17.37889195230777,-9.97318969039604,0.6807403776794672,0.490777735638112,7.405702261911731
11.20976996421814,-17.379955197071823,-9.97508535861499,0.6450126010924577,0.5027344152728619,7.4048698384568326
11.229779481887817,-17.38128375400569,-9.976892700558757,0.6698384031653404,0.4509991184274258,7.404391053446933
11.249918222427368,-17.38044522951822,-9.97861349686545,0.6471715632826089,0.5002850518027844,7.40183173265277
11.269866704940796,-17.37812359191995,-9.980249552510427,0.6337849719449877,0.43987609077492373,7.397874039409524
11.290218830108643,-17.374832999499155,-9.981802696899509,0.609780160523951,0.4329364803085627,7.393030302599646
11.31011152267456,-17.3709561132396,-9.983274783961633,0.571285249479115,0.39172764685252326,7.387681329277967
11.329667091369629,-17.36677417368184,-9.984667692242217,0.5932400653138756,0.3860407681601645,7.382106481439623
11.349795579910278,-17.36249056464732,-9.985983324995882,0.6344768160954117,0.3763435245888831,7.376507239651438
11.369886875152588,-17.35824923204543,-9.987223610279372,0.6661774905398488,0.37525907733259367,7.371025621766059
11.389583587646484,-17.354566798794107,-9.988390501044835,0.6141326332464814,0.40494899467346834,7.366176297749272
11.410068273544312,-17.348635513046254,-9.989485975232517,0.6491456011310219,0.4286190217059629,7.359149537813737
11.429697275161743,-17.3412985367814,-9.990512035863857,0.6741411665454506,0.44634862818536925,7.350786500917545
11.449751615524292,-17.333178560629833,-9.991470711134482,0.6933733372017741,0.4266944659572618,7.34170784949535
11.469616889953613,-17.324728729192984,-9.992364054507163,0.623373337201774,0.4966944659572618,7.33236467468582
11.489601135253906,-17.3162724811417,-9.993194144804747,0.596852500103414,0.4723463150185125,7.323078336336952
11.510042667388916,-17.308034639754606,-9.99396308630324,0.5767122210189699,0.5132880973142164,7.314071553451367
11.5298912525177,-17.300165606795698,-9.994673008824702,0.5781738575268536,0.4774683246832865,7.305492597970996
11.549641847610474,-17.292760128479166,-9.995326067830215,0.5550025984365492,0.42173800789532834,7.297434060648952
11.5697500705719,-17.288188144821557,-9.99592444451297,0.4850025984365492,0.388461561731674,7.292263700308588
11.58987307548523,-17.284218631881735,-9.99647034589116,0.5546094613987951,0.318461561731674,7.287748285990576
11.609892845153809,-17.282258312751015,-9.996966004900862,0.5744057620782403,0.388461561731674,7.285292307850153
11.629692316055298,-17.28174520431249,-9.997413680489284,0.6006308632809667,0.453954668573715,7.284331523823205
11.649844646453857,-17.28225082300995,-9.997815657707552,0.5477413113135843,0.383954668573715,7.284435165302398
11.66966700553894,-17.28113435602324,-9.998174247803675,0.6013869146723299,0.313954668573715,7.282960108219566
11.689602375030518,-17.278920644441506,-9.998491788315578,0.5313869146723298,0.33379444711623363,7.280428856125928
11.709700584411621,-17.27600315037621,-9.998770643164141,0.5270691914577035,0.40379444711623363,7.277232507212068
11.729761600494385,-17.272673713020517,-9.99901320274609,0.5256338605051858,0.3983268958215194,7.273660510274427
11.7498779296875,-17.269145894886908,-9.999221884026968,0.550819203383289,0.44358999623698764,7.26992401085994
11.769641399383545,-17.26325691253621,-9.999399130634199,0.5880689622228963,0.37358999623698763,7.263857781902011
11.789687871932983,-17.25588311524438,-9.999547412949958,0.6152066831802947,0.33124199135942034,7.256335702294422
11.809585332870483,-17.249480996173627,-9.999669228204286,0.6030537375574929,0.3384634074640053,7.249811767969341
11.829776287078857,-17.242113846972863,-9.999767100567958,0.5330537375574929,0.35325808216599397,7.242346746404905
11.849835634231567,-17.234270567168767,-9.9998435812455,0.6030537375574929,0.423258082165994,7.2344269859232675
11.86971116065979,-17.226303285173813,-9.999901248568115,0.6621321180230004,0.45909597460893564,7.226402036605698
11.889790773391724,-17.21845985055495,-9.999942708086822,0.7,0.38909597460893564,7.218517142468128
11.90974235534668,-17.21090915078528,-9.999970592665246,0.6859738871455192,0.45909597460893564,7.210938558120034
11.929756879806519,-17.20376077680179,-9.999987562572699,0.664188190177083,0.4803135405924695,7.203773214229091
11.94968056678772,-17.19939659315487,-9.99999630557717,0.6164615254849195,0.5503135405924695,7.199400287577699
11.969908475875854,-17.197081271211477,-9.999999537038216,0.5464615254849194,0.5129051477160829,7.197081734173262
11.98966121673584,-17.196250068564655,-10.0,0.6164615254849195,0.5040581429821032,7.196250068564655
12.009747743606567,-17.196471612387,-10.0,0.6864615254849196,0.4364473203640955,7.1964716123870005
12.029617309570312,-17.19666396238984,-10.0,0.6281931386142969,0.3710328767519968,7.196663962389842
12.049721717834473,-17.197585537718776,-10.0,0.5581931386142969,0.3665226081830042,7.197585537718776
12.069689512252808,-17.201305678748888,-10.0,0.5736528353765606,0.40840905331788235,7.201305678748888
12.09002685546875,-17.20687160481141,-10.0,0.5036528353765606,0.4373961462151783,7.206871604811411
12.109936237335205,-17.21357288763611,-10.0,0.5095199673622846,0.36879470930216485,7.213572887636111
12.129847049713135,-17.220886155446294,-10.0,0.5005234201624988,0.39921674304423505,7.220886155446294
12.150287389755249,-17.228431755651613,-10.0,0.5495685507729648,0.4617163667899149,7.228431755651613
12.169678449630737,-17.235939865898928,-10.0,0.5391761764138936,0.3917163667899149,7.235939865898928
12.18991494178772,-17.240907712823237,-10.0,0.5451074299588798,0.4230152165215986,7.240907712823237
12.209831476211548,-17.243980215491224,-10.0,0.5422003165539353,0.4519079310518282,7.243980215491224
12.229695081710815,-17.245655273658805,-10.0,0.4722003165539353,0.3940010575276392,7.245655273658805
12.249741792678833,-17.246315548251378,-10.0,0.5422003165539353,0.3688705919009226,7.246315548251378
12.269692182540894,-17.246888815510264,-10.0,0.5935764916893094,0.42974424936590366,7.246888815510264
12.289703845977783,-17.24443494975665,-10.0,0.5382293843384831,0.35974424936590366,7.2444349497566485
12.309917449951172,-17.239943168040003,-10.0,0.5179228455480187,0.37994631425259284,7.2399431680400035
12.329673051834106,-17.23415427021763,-10.0,0.4479228455480187,0.36197892621872596,7.23415427021763
12.349621534347534,-17.22761698672638,-10.0,0.4566366124805062,0.39046561763403587,7.227616986726382
12.369647979736328,-17.220732178611083,-10.0,0.45643729632371094,0.34053789869663886,7.220732178611083
12.389819383621216,-17.213787435081144,-10.0,0.5075891568290534,0.3099384442788141,7.213787435081144
12.41015362739563,-17.20698408956334,-10.0,0.564114085488254,0.3132137358073669,7.206984089563338
12.42961835861206,-17.200458257785208,-10.0,0.49411408548825403,0.3229040531326609,7.200458257785208
12.449933290481567,-17.194297169221503,-10.0,0.5487340757774652,0.36762068326366715,7.194297169221503
12.469866514205933,-17.18855179898921,-10.0,0.47873407577746524,0.3367139464129286,7.188551798989209
12.489828109741211,-17.183563521867264,-10.0,0.5112690476106942,0.38271117488635353,7.1835635218672635
12.50998568534851,-17.17891564764025,-10.0,0.5812690476106943,0.45271117488635354,7.178915647640249
12.530009984970093,-17.17462670483211,-10.0,0.5127498204039873,0.4147767523933726,7.174626704832111
12.550178289413452,-17.170700103393465,-10.0,0.5827498204039874,0.47253984833849244,7.1707001033934645
12.569884538650513,-17.16712866234097,-10.0,0.6527498204039874,0.5425398483384924,7.167128662340971
12.589723348617554,-17.16389803368992,-10.0,0.7,0.5037233218063193,7.163898033689922
12.609932661056519,-17.160989269536373,-10.0,0.6299999999999999,0.4337233218063193,7.160989269536373
12.629876136779785,-17.158380726332513,-10.0,0.5768526914715766,0.5037233218063193,7.158380726332513
12.650059700012207,-17.156049458602475,-10.0,0.5068526914715765,0.46980475852979,7.1560494586024745
12.66997480392456,-17.156288569386376,-10.0,0.5768526914715766,0.39980475852978997,7.156288569386376
12.689856767654419,-17.153674016863203,-10.0,0.6090980257093905,0.4057807542082446,7.153674016863203
12.709835767745972,-17.15140399560989,-10.0,0.6790980257093906,0.3809039212462085,7.15140399560989
12.729782581329346,-17.140226337260465,-10.0,0.6682894106954336,0.38313771730070584,7.140226337260465
12.749890565872192,-17.120839846465444,-10.0,0.6662659678142517,0.45313771730070584,7.120839846465444
12.769956588745117,-17.096262590247093,-10.0,0.6813800805713981,0.45805614683558815,7.096262590247093
12.789920568466187,-17.068727660951563,-10.0,0.7,0.38805614683558814,7.068727660951563
12.809924602508545,-17.03754772188522,-10.0,0.6900500373914837,0.42409938100507133,7.037547721885218
12.830036401748657,-17.006974122448852,-10.0,0.6472202146425843,0.3754389760248887,7.006974122448852
12.85013461112976,-16.97762743861529,-10.0,0.5772202146425842,0.39785812321832054,6.97762743861529
12.869844436645508,-16.947590026992934,-10.0,0.5831938186846672,0.40803154177745454,6.947590026992934
12.889991521835327,-16.920180830245712,-10.0,0.6203091802261769,0.41384279161473386,6.920180830245712
12.909995555877686,-16.89300315848747,-10.0,0.6325822794996201,0.3697354178108799,6.8930031584874705
12.930130243301392,-16.869406809988057,-10.0,0.6918676743470131,0.3648649788626062,6.869406809988057
12.949844598770142,-16.84621561189565,-10.0,0.6867585681565105,0.3903271219857561,6.846215611895651
12.96991777420044,-16.823917024906965,-10.0,0.6668111715652048,0.4347092918284761,6.823917024906965
12.989962100982666,-16.802826105009057,-10.0,0.7,0.4656163211145031,6.802826105009057
13.009990930557251,-16.783129855985447,-10.0,0.6660677686333656,0.4761846474536287,6.783129855985447
13.030191421508789,-16.764921410600834,-10.0,0.686061030998826,0.4380691125222074,6.764921410600834
13.050065279006958,-16.74822624614367,-10.0,0.6749881196767091,0.3680691125222074,6.74822624614367
13.070098400115967,-16.735338524365883,-10.0,0.6452953934669494,0.4380691125222074,6.735338524365883
13.09013557434082,-16.72543503228061,-10.0,0.5752953934669494,0.44734254844268434,6.725435032280611
13.110051393508911,-16.71786533320512,-10.0,0.6452953934669494,0.37734254844268433,6.717865333205118
13.12993049621582,-16.71129312720418,-10.0,0.7,0.44139837123235337,6.711293127204179
13.150146245956421,-16.70640998263865,-10.0,0.7,0.5103147441871988,6.70640998263865
13.170201778411865,-16.70282872183896,-10.0,0.7,0.4693214448519575,6.702828721838959
13.190200805664062,-16.7002461077665,-10.0,0.7,0.41264113805969826,6.7002461077665
13.21014928817749,-16.69842519868173,-10.0,0.7,0.48264113805969827,6.698425198681729
13.229743003845215,-16.697181344836483,-10.0,0.7,0.41264113805969826,6.697181344836483
13.250100135803223,-16.696371083900676,-10.0,0.6777218829840421,0.4376691284008848,6.696371083900676
13.26966667175293,-16.69588334245305,-10.0,0.7,0.3676691284008848,6.695883342453051
13.290430784225464,-16.695632471102623,-10.0,0.6836711399257183,0.32772604428013435,6.695632471102623
13.309754610061646,-16.695552736772754,-10.0,0.7,0.35395541094025246,6.695552736772754
13.329819679260254,-16.69559397225715,-10.0,0.6656932912766933,0.33112518541296593,6.69559397225715
13.350257158279419,-16.695629773957496,-10.0,0.6464023206382989,0.2611251854129659,6.695629773957496
13.369860410690308,-16.695749228200032,-10.0,0.5764023206382989,0.33112518541296593,6.695749228200032
13.3898766040802,-16.695923637657007,-10.0,0.5064023206382988,0.3220350971051084,6.695923637657007
13.40970230102539,-16.69613162138747,-10.0,0.4364023206382988,0.3762217765279638,6.696131621387469
13.429696559906006,-16.69635744376196,-10.0,0.4267198981344698,0.4269628045686113,6.696357443761961
13.449902057647705,-16.70585509732134,-10.0,0.41689681798219663,0.3569628045686113,6.70585509732134
13.469578981399536,-16.733124214095646,-10.0,0.39511015057563764,0.2869628045686113,6.733124214095646
13.489882946014404,-16.77201836666667,-10.0,0.46511015057563765,0.23334367684801688,6.772018366666671
13.509555101394653,-16.817961990282868,-10.0,0.39511015057563764,0.22864986229469647,6.817961990282868
13.529585838317871,-16.865274851090042,-10.0,0.46511015057563765,0.1907379666321503,6.865274851090042
13.54988145828247,-16.91229183182727,-10.0,0.39511015057563764,0.2069464923792111,6.912291831827272
13.569936990737915,-16.95311317490386,-10.0,0.4125593097507952,0.2290034184210526,6.953113174903859
13.589601039886475,-16.993306304805124,-10.0,0.42036342784762365,0.2990034184210526,6.993306304805124
13.609848737716675,-17.032003804463773,-10.0,0.49036342784762366,0.3058411398694443,7.032003804463773
13.629609107971191,-17.068642600140723,-10.0,0.5603634278476237,0.2790691232100653,7.068642600140723
13.649949789047241,-17.102885848763705,-10.0,0.5884269803017377,0.3490691232100653,7.102885848763705
13.669663906097412,-17.13456272011654,-10.0,0.5908997979667037,0.3326121466771292,7.134562720116541
13.68984055519104,-17.16362219547537,-10.0,0.5208997979667036,0.293976877869718,7.163622195475369
13.709914684295654,-17.190097819426633,-10.0,0.5399449907150118,0.2267427193537878,7.190097819426633
13.72981858253479,-17.214080988512773,-10.0,0.4699449907150118,0.17309877747451535,7.214080988512773
13.749706506729126,-17.23570087336624,-10.0,0.4733936567883937,0.24309877747451536,7.235700873366241
13.769702911376953,-17.255109477484698,-10.0,0.5253654387872664,0.29697519236957304,7.255109477484698
13.789715051651001,-17.271960523105534,-10.0,0.5001991246920077,0.36697519236957304,7.271960523105534
13.809712886810303,-17.287101165626606,-10.0,0.4508563061337916,0.33688125053202383,7.287101165626606
13.829631090164185,-17.300654765610716,-10.0,0.5026399945002047,0.26688125053202383,7.300654765610716
13.849701166152954,-17.312748833227438,-10.0,0.5088418065663425,0.3285417861655878,7.312748833227438
13.869844436645508,-17.32351040036503,-10.0,0.5788418065663425,0.39854178616558783,7.323510400365031
13.889661312103271,-17.33306281879498,-10.0,0.5598100099619476,0.3603725437239336,7.3330628187949785
13.909899950027466,-17.341523633228878,-10.0,0.5787372823711483,0.3438288945869135,7.341523633228878
13.929695129394531,-17.34900325702979,-10.0,0.5976117264386265,0.4031395804301428,7.349003257029789
13.949766159057617,-17.355604240333243,-10.0,0.5436620611604301,0.4173171673134493,7.355604240333243
13.969610452651978,-17.361420968932926,-10.0,0.6136620611604302,0.41640130248168133,7.361420968932926
13.989893674850464,-17.36653967030291,-10.0,0.629784065177664,0.34640130248168133,7.36653967030291
14.00976824760437,-17.370983857518983,-10.0,0.6626359698083251,0.41640130248168133,7.370983857518983
14.029929399490356,-17.37489718959875,-10.0,0.6698742116522043,0.41714037167155765,7.374897189598752
14.049797296524048,-17.378338664641152,-10.0,0.7,0.4573824699434044,7.378338664641152
14.069796562194824,-17.381361697312897,-10.0,0.7,0.46880719209337257,7.381361697312897
14.089805603027344,-17.384014416400117,-10.0,0.7,0.45987989152097725,7.384014416400117
14.10961389541626,-17.38634001079072,-10.0,0.7,0.49140644589686416,7.386340010790718
14.129550457000732,-17.388377099977433,-10.0,0.7,0.5099255158963205,7.388377099977433
14.149571895599365,-17.392476459912093,-10.0,0.655026239156723,0.4399255158963205,7.392476459912093
14.169645071029663,-17.397900194543713,-10.0,0.5850262391567229,0.5099255158963205,7.397900194543713
14.189843654632568,-17.40410087196518,-10.0,0.5150262391567229,0.46282836193466204,7.404100871965181
14.209833145141602,-17.412994128529284,-10.0,0.573832814991474,0.43606244171285646,7.412994128529284
14.229942321777344,-17.42352321702665,-10.0,0.5173045037686823,0.36606244171285646,7.4235232170266485
14.249983310699463,-17.432664840480452,-10.0,0.5351995764672755,0.32807484442615525,7.432664840480452
14.26978611946106,-17.442848020233995,-10.0,0.5672055011987684,0.3808026033105852,7.4428480202339955
14.289800643920898,-17.45348626798433,-10.0,0.5372587530314921,0.3550828507753612,7.4534862679843314
14.309719324111938,-17.461843879083883,-10.0,0.4891977845132349,0.3720779957833292,7.461843879083883
14.329654693603516,-17.466080792572576,-10.0,0.4713401155918835,0.30207799578332917,7.466080792572576
14.349785089492798,-17.467343886758695,-10.0,0.4614875050634144,0.23207799578332916,7.4673438867586945
14.369811296463013,-17.466508135556772,-10.0,0.4337672120332716,0.30207799578332917,7.466508135556772
14.389837980270386,-17.464236593567403,-10.0,0.3943241959810255,0.23207799578332916,7.464236593567403
14.409666538238525,-17.46102764565052,-10.0,0.3921721865795551,0.21469833003604427,7.461027645650521
14.429816007614136,-17.454935817323406,-10.0,0.3968250573985277,0.2728054192873241,7.454935817323406
14.449868202209473,-17.447002146184158,-10.0,0.36764841614291055,0.2668665144617261,7.447002146184158
14.469602584838867,-17.440113930344822,-10.0,0.4032819652371107,0.2660119562667386,7.440113930344822
14.490097045898438,-17.4320177332855,-10.0,0.36978274298831804,0.19601195626673862,7.432017733285502
14.509582996368408,-17.425612218614553,-10.0,0.29978274298831803,0.18335889973459407,7.425612218614553
14.52978801727295,-17.418233487409857,-10.0,0.22978274298831802,0.11335889973459407,7.418233487409857
14.549975633621216,-17.412689592812693,-10.0,0.23637247977778297,0.10448546779123707,7.4126895928126935
14.569762229919434,-17.408566248559243,-10.0,0.306372479777783,0.03694527667728825,7.408566248559243
14.58982801437378,-17.40553826106695,-10.0,0.2803618640266357,0.06091237698463364,7.405538261066951
14.609730005264282,-17.403350889227973,-10.0,0.2103618640266357,0.13091237698463365,7.403350889227973
14.62968111038208,-17.404121388603293,-10.0,0.1513372618518768,0.13121376679409869,7.4041213886032935
14.649645328521729,-17.409242409078626,-10.0,0.18025303965434414,0.06121376679409868,7.409242409078626
14.669710636138916,-17.413688609801174,-10.0,0.25025303965434414,0.0,7.413688609801174
14.689653158187866,-17.423426905466258,-10.0,0.18025303965434414,0.06389471143484116,7.423426905466258
14.709835767745972,-17.438900683022037,-10.0,0.23695823511108738,0.05442267842590809,7.438900683022037
14.72978949546814,-17.457950404263347,-10.0,0.28187049141153675,0.1244226784259081,7.457950404263347
14.749629020690918,-17.48129820069416,-10.0,0.28680088238790613,0.07503816269338132,7.481298200694159
14.769729137420654,-17.509332375406395,-10.0,0.24109493436291796,0.14503816269338132,7.5093323754063945
14.78978157043457,-17.54219912712495,-10.0,0.31109493436291796,0.18801627434790136,7.542199127124949
14.809759140014648,-17.57755629248456,-10.0,0.2712623796053229,0.11801627434790135,7.577556292484559
14.829679250717163,-17.616027764156858,-10.0,0.29473685683682543,0.08941675320267678,7.616027764156858
14.849603652954102,-17.655648460482688,-10.0,0.22473685683682543,0.019416753202676773,7.655648460482688
14.869604110717773,-17.695023186514494,-10.0,0.20171384194865805,0.012175554875284433,7.695023186514494
14.889795780181885,-17.7292093289398,-10.0,0.27171384194865805,0.08217555487528444,7.729209328939799
14.909861326217651,-17.76287063134096,-10.0,0.20171384194865805,0.05469806695356966,7.7628706313409594
14.929586410522461,-17.79759659817074,-10.0,0.2431631019152699,0.12469806695356966,7.797596598170738
14.94975233078003,-17.841412253242,-10.0,0.2973512155748902,0.1835506575740874,7.841412253242002
14.969753503799438,-17.89270301898471,-10.0,0.3673512155748902,0.2284725213982165,7.892703018984712
14.989794969558716,-17.950150435676566,-10.0,0.4228811527229844,0.20846204260364176,7.950150435676566
15.010411262512207,-18.0103601210375,-10.0,0.35288115272298437,0.20899369804887102,8.0103601210375
15.03037714958191,-18.068585256199476,-10.0,0.4228811527229844,0.2671556347492151,8.068585256199476
15.05019474029541,-18.121581096305516,-10.0,0.41532222392037493,0.21350681273965166,8.121581096305516
15.0699622631073,-18.16491537452541,-10.0,0.34963207902386767,0.16522553800372408,8.16491537452541
15.08968186378479,-18.198080502601854,-10.0,0.27963207902386766,0.10022285072831438,8.198080502601854
15.109672784805298,-18.226875313543754,-10.0,0.2436231994815169,0.11951531334547327,8.226875313543754
15.129790544509888,-18.245992316565204,-10.0,0.2668553130514918,0.18951531334547328,8.245992316565204
15.149635553359985,-18.257883477064897,-10.0,0.3368553130514918,0.25358411504654216,8.257883477064897
15.169715881347656,-18.264442318523443,-10.0,0.32340026205405575,0.18358411504654215,8.264442318523443
15.189692735671997,-18.267124577986497,-10.0,0.3596068651042877,0.12073387070326136,8.267124577986497
15.210459232330322,-18.269359896900674,-10.0,0.3278238095901905,0.19073387070326137,8.269359896900674
15.230191230773926,-18.27122586806597,-10.0,0.3978238095901905,0.14326792417792605,8.271225868065969
15.24978756904602,-18.27278612004308,-10.0,0.3278238095901905,0.07326792417792605,8.27278612004308
15.269814252853394,-18.274092905181437,-10.0,0.25782380959019047,0.13657393543748186,8.274092905181437
15.289771556854248,-18.275189197031743,-10.0,0.2502575834095476,0.17469742758898066,8.275189197031743
15.309783458709717,-18.27842673979349,-10.0,0.2700976897776125,0.14428374781040476,8.278426739793488
15.329792499542236,-18.28123765707763,-10.0,0.2880562395602463,0.12207264131633566,8.281237657077629
15.349843978881836,-18.285506738579965,-10.0,0.3244496845453976,0.15270071900216864,8.285506738579965
15.370268821716309,-18.292992469299374,-10.0,0.25444968454539757,0.15744803291512655,8.292992469299374
15.389731168746948,-18.302515135961148,-10.0,0.30412534661591034,0.16710177627159284,8.302515135961148
15.410242795944214,-18.31320164958725,-10.0,0.28283463642001133,0.23710177627159285,8.31320164958725
15.42988920211792,-18.326731254685335,-10.0,0.35283463642001134,0.30710177627159285,8.326731254685335
15.449840307235718,-18.34187904416132,-10.0,0.3768219501525162,0.26982266586972403,8.34187904416132
15.469733476638794,-18.35775157444788,-10.0,0.327883273437619,0.22980804499937224,8.357751574447882
15.489680767059326,-18.371392828581126,-10.0,0.39788327343761903,0.21083075870526957,8.371392828581126
15.509743452072144,-18.383124768172173,-10.0,0.38375531487166864,0.18727513720048594,8.383124768172173
15.529606342315674,-18.388588645067294,-10.0,0.31657232694327814,0.24398984704865145,8.388588645067294
15.549662828445435,-18.393332522487043,-10.0,0.24657232694327813,0.17398984704865145,8.393332522487043
15.569638013839722,-18.389040907740725,-10.0,0.2203450743854044,0.10398984704865144,8.389040907740725
15.590219974517822,-18.369321129719946,-10.0,0.1631272752583025,0.0752454195613973,8.369321129719946
15.609804391860962,-18.339404964150148,-10.0,0.17198291521519404,0.04945578803075479,8.339404964150148
15.62964415550232,-18.303195024748614,-10.0,0.24198291521519405,0.1151710041309707,8.303195024748614
15.650162696838379,-18.263567862350268,-10.0,0.2818638875707982,0.13159625050378965,8.263567862350268
15.669661283493042,-18.224927881489652,-10.0,0.2140889808163045,0.15153103139949964,8.224927881489652
15.689608573913574,-18.19030827827557,-10.0,0.2840889808163045,0.12208811943186448,8.19030827827557
15.709613561630249,-18.159393546640384,-10.0,0.2685250094532965,0.10369487483752893,8.159393546640384
15.72976541519165,-18.13418324883288,-10.0,0.24787296488881094,0.08271859218133615,8.13418324883288
15.749624490737915,-18.113599553817927,-10.0,0.22124990396201594,0.03956228126538919,8.113599553817927
15.769766092300415,-18.095728264279256,-10.0,0.19640660233795626,0.0,8.095728264279256
15.789637804031372,-18.08357192586304,-10.0,0.18693639844655974,0.07,8.08357192586304
15.809752225875854,-18.07802180771774,-10.0,0.19361823651939614,0.14,8.07802180771774
15.829657554626465,-18.07720651362972,-10.0,0.24771762493997795,0.1291035556793213,8.077206513629719
15.849684476852417,-18.08201777072079,-10.0,0.29206162545829994,0.125354233533144,8.082017770720789
15.86968207359314,-18.092926668035627,-10.0,0.3583708614483474,0.13138887319713832,8.092926668035627
15.889606237411499,-18.107783364058662,-10.0,0.3715482591092585,0.20138887319713833,8.107783364058662
15.91024112701416,-18.124990577140853,-10.0,0.44129580393433554,0.2064061980135739,8.124990577140853
15.930230617523193,-18.143376919088247,-10.0,0.41321503877639754,0.24657888295128944,8.143376919088247
15.949801206588745,-18.159781342691165,-10.0,0.48321503877639754,0.23179703721776607,8.159781342691165
15.969810485839844,-18.1697441315986,-10.0,0.5140126246213912,0.3017970372177661,8.169744131598598
15.98967981338501,-18.178394079290108,-10.0,0.47234503656625737,0.2871746255271137,8.178394079290108
16.00960373878479,-18.180163876243817,-10.0,0.40234503656625736,0.22829882634803655,8.180163876243817
16.030585527420044,-18.17479186427936,-10.0,0.4262331774830817,0.2830850055627525,8.17479186427936
16.049647569656372,-18.162284522361904,-10.0,0.4679916290938853,0.24399290068075064,8.162284522361904
16.069735765457153,-18.142834401516655,-10.0,0.4372201854735612,0.23651242788881066,8.142834401516655
16.08962106704712,-18.119074568201718,-10.0,0.5072201854735612,0.16708300050348046,8.119074568201718
16.10962748527527,-18.092947480850796,-10.0,0.4372201854735612,0.14304855626076463,8.092947480850796
16.129703760147095,-18.065864721796878,-10.0,0.36722018547356117,0.1311926578357816,8.065864721796878
16.14978337287903,-18.038831935122882,-10.0,0.39586552582681167,0.1751221974566579,8.038831935122882
16.169618368148804,-18.01254630450654,-10.0,0.32586552582681166,0.1051221974566579,8.01254630450654
16.189627647399902,-17.98747238886448,-10.0,0.26133323095738875,0.0351221974566579,7.987472388864479
16.20961618423462,-17.965702575136575,-10.0,0.19133323095738874,0.1051221974566579,7.965702575136575
16.22968888282776,-17.94731616710288,-10.0,0.12284610085189329,0.09975308230146768,7.94731616710288
16.249667167663574,-17.94334611868521,-10.0,0.1928461008518933,0.16567856868728997,7.943346118685209
16.269709587097168,-17.9610757620812,-10.0,0.12284610085189329,0.13525674169883134,7.961075762081201
16.289690017700195,-18.002675716107408,-10.0,0.13219301160424934,0.20525674169883135,8.002675716107408
16.309736251831055,-18.064391854434945,-10.0,0.15953048449009644,0.21585030687972906,8.064391854434945
16.329973697662354,-18.138453778334533,-10.0,0.22953048449009644,0.1549749283306301,8.138453778334533
16.349597215652466,-18.221455297171648,-10.0,0.29953048449009645,0.16904492417350414,8.221455297171648
16.36964249610901,-18.308478587448867,-10.0,0.30096671859268087,0.23904492417350415,8.308478587448867
16.389621019363403,-18.396001831872397,-10.0,0.3709667185926809,0.25304847760126,8.396001831872397
16.40966486930847,-18.481565668851243,-10.0,0.4409667185926809,0.2469873804599047,8.481565668851243
16.430177450180054,-18.555854376664772,-10.0,0.49079496110323806,0.22782250158488754,8.555854376664772
16.449684381484985,-18.625696518661737,-10.0,0.4707975562149658,0.2524741239845753,8.625696518661737
16.469653367996216,-18.67671139234711,-10.0,0.5368038441473617,0.23061336986720565,8.676711392347109
16.489693641662598,-18.694773937758303,-10.0,0.5239628476509823,0.30061336986720566,8.694773937758303
16.509969234466553,-18.684839708359455,-10.0,0.49292302480433126,0.37061336986720567,8.684839708359455
16.529633045196533,-18.653404934691473,-10.0,0.5629230248043313,0.30061336986720566,8.653404934691473
16.549657583236694,-18.607864763968266,-10.0,0.5438356990227475,0.256806258186698,8.607864763968266
16.569653034210205,-18.553727466925178,-10.0,0.48372431045863773,0.326806258186698,8.553727466925178
16.58971333503723,-18.495045556941193,-10.0,0.4391443090746179,0.3365162850916386,8.495045556941193
16.60965871810913,-18.43475360327252,-10.0,0.4338147197151556,0.2665162850916386,8.434753603272519
16.629680395126343,-18.374932332810477,-10.0,0.4680889066541567,0.2667876181530301,8.374932332810477
16.649688005447388,-18.322993978485773,-10.0,0.5294001702452078,0.3367876181530301,8.322993978485773
16.669719457626343,-18.27192036764373,-10.0,0.5260606074472889,0.31381365416222257,8.27192036764373
16.689634799957275,-18.22279343028492,-10.0,0.596060607447289,0.37441799176507634,8.22279343028492
16.70963168144226,-18.1763133494361,-10.0,0.5952534589264542,0.39566658755415124,8.1763133494361
16.729633331298828,-18.13289670089943,-10.0,0.5877752604242414,0.3520440491067712,8.13289670089943
16.749610662460327,-18.09275209363949,-10.0,0.5926527452934534,0.33730563653283757,8.09275209363949
16.76964497566223,-18.055938189059336,-10.0,0.6198583093751222,0.32758566030883235,8.055938189059336
16.78958034515381,-18.020091603821808,-10.0,0.5498583093751221,0.31962367931031627,8.020091603821808
16.809653759002686,-17.988177980694022,-10.0,0.5705911964643746,0.3578015569748823,7.988177980694022
16.82971978187561,-17.959837196206767,-10.0,0.5663429964799434,0.3582845816656482,7.959837196206767
16.849721431732178,-17.934724953864965,-10.0,0.5843802225310355,0.2882845816656482,7.934724953864965
16.869602918624878,-17.912921863917816,-10.0,0.6543802225310356,0.2966699270054233,7.912921863917816
16.88957929611206,-17.89358702482608,-10.0,0.5843802225310355,0.3185987179621589,7.893587024826079
16.909587860107422,-17.876476152092504,-10.0,0.6480095815379172,0.3885987179621589,7.876476152092504
16.93023180961609,-17.861360958090096,-10.0,0.682693174155429,0.3609601373120677,7.861360958090096
16.949745416641235,-17.84803028280094,-10.0,0.7,0.4309601373120677,7.848030282800941
16.969655513763428,-17.836290427808965,-10.0,0.7,0.5009601373120678,7.836290427808965
16.99013042449951,-17.825964928086098,-10.0,0.6577019847929477,0.5205885726853741,7.825964928086098
17.00958824157715,-17.816893939295294,-10.0,0.7,0.45058857268537406,7.816893939295294
17.030145406723022,-17.808933374186672,-10.0,0.6568063877522945,0.38058857268537405,7.808933374186672
17.050252437591553,-17.801953887478803,-10.0,0.7,0.31058857268537404,7.801953887478803
17.07008695602417,-17.798156130338285,-10.0,0.7,0.35643990388955,7.798156130338285
17.09002661705017,-17.79485882062754,-10.0,0.6991086628870107,0.42643990388955,7.794858820627539
17.110169410705566,-17.793805621283564,-10.0,0.7,0.3847805002972019,7.793805621283564
17.12967801094055,-17.794338894028634,-10.0,0.6405483640730381,0.3511636333807838,7.794338894028634
17.149781942367554,-17.795960044884975,-10.0,0.7,0.34799386745202365,7.795960044884975
17.169891119003296,-17.798294089323576,-10.0,0.6770101364701986,0.41799386745202366,7.798294089323576
17.18978977203369,-17.801061782196296,-10.0,0.620939153060317,0.3733259790192825,7.801061782196296
17.21039128303528,-17.80405773653106,-10.0,0.6909391530603171,0.4370154195080978,7.80405773653106
17.23025393486023,-17.807133278750943,-10.0,0.7,0.5070154195080978,7.807133278750943
17.25023651123047,-17.810183045569435,-10.0,0.7,0.57277440031874,7.810183045569435
17.27018165588379,-17.813134533018196,-10.0,0.7,0.50277440031874,7.8131345330181965
17.290230751037598,-17.815939971402422,-10.0,0.6867181181907653,0.4900132526259404,7.815939971402422
17.310333967208862,-17.81837572463385,-10.0,0.6775129342451691,0.5088257786433679,7.818375724633849
17.330187559127808,-17.820684813078035,-10.0,0.7,0.5369558815460187,7.820684813078035
17.350318670272827,-17.82284506685985,-10.0,0.6299999999999999,0.4669558815460187,7.822845066859848
17.3702712059021,-17.827161357823865,-10.0,0.6379906051978468,0.3969558815460187,7.827161357823865
17.390296936035156,-17.832861434620366,-10.0,0.6311703991331159,0.34808647660422143,7.832861434620366
17.410083293914795,-17.839372437050077,-10.0,0.5611703991331158,0.29828268317389306,7.839372437050077
17.430299520492554,-17.846275095773436,-10.0,0.49636285746470077,0.266595900336979,7.846275095773436
17.450165033340454,-17.853267872454378,-10.0,0.4639307744242249,0.196595900336979,7.853267872454378
17.470179080963135,-17.8601389494181,-10.0,0.44374030636623485,0.1739651678304654,7.860138949418101
17.490257501602173,-17.864428061552985,-10.0,0.37374030636623484,0.13382686359691437,7.864428061552985
17.509899377822876,-17.864494404281007,-10.0,0.40680386336520297,0.201303583214758,7.864494404281007
17.529762744903564,-17.864552004731287,-10.0,0.345718207079917,0.262308009545086,7.864552004731287
17.54981756210327,-17.861675955765858,-10.0,0.38726681681349856,0.20434560684370812,7.8616759557658575
17.569945573806763,-17.854521701223323,-10.0,0.3553525789268313,0.2743456068437081,7.854521701223323
17.589680433273315,-17.844584438451314,-10.0,0.37077495666220767,0.34434560684370813,7.844584438451314
17.60975170135498,-17.83297604814518,-10.0,0.30077495666220766,0.30374655125546274,7.832976048145181
17.629743337631226,-17.820512863259424,-10.0,0.37077495666220767,0.23962771145510492,7.820512863259424
17.64980697631836,-17.80778442070484,-10.0,0.30077495666220766,0.1696277114551049,7.8077844207048415
17.6697416305542,-17.795207192117143,-10.0,0.29491252180188876,0.14508339604246434,7.795207192117143
17.689791679382324,-17.78306646531402,-10.0,0.30749970309436303,0.15567335979896602,7.783066465314018
17.70989227294922,-17.771548891670953,-10.0,0.37749970309436304,0.12133979173260745,7.771548891670953
17.72979712486267,-17.760767692444336,-10.0,0.32855262212455255,0.1379068207915407,7.760767692444336
17.749695301055908,-17.7514071800187,-10.0,0.25855262212455254,0.15196702843415555,7.751407180018699
17.76986002922058,-17.744971414044013,-10.0,0.2701020856201647,0.205250563378213,7.744971414044013
17.78979754447937,-17.740736733630673,-10.0,0.28979100666940194,0.135250563378213,7.740736733630673
17.809882879257202,-17.740458836798467,-10.0,0.32866360254585725,0.07993500923621472,7.740458836798467
17.829756259918213,-17.742936568329053,-10.0,0.3642697893828152,0.04093210643040951,7.742936568329053
17.84988808631897,-17.749579353111837,-10.0,0.2942697893828152,0.026754061336396295,7.749579353111837
17.86986994743347,-17.758940032465343,-10.0,0.33355708085000496,0.0967540613363963,7.758940032465343
17.889933347702026,-17.76994180847495,-10.0,0.40355708085000497,0.11461986815440472,7.76994180847495
17.909798622131348,-17.7864262036278,-10.0,0.38804430056363326,0.1433476082037669,7.786426203627801
17.92984175682068,-17.820182362737153,-10.0,0.31804430056363325,0.19027992179500874,7.820182362737153
17.9497287273407,-17.88820899184996,-10.0,0.38804430056363326,0.26027992179500875,7.888208991849961
17.969712495803833,-17.94727144804802,-10.0,0.45804430056363327,0.26790915520745334,7.947271448048021
17.989874839782715,-18.055005745331737,-10.0,0.5280443005636333,0.26063750728848395,8.055005745331737
18.010082244873047,-18.20297261705847,-10.0,0.45804430056363327,0.33063750728848396,8.202972617058471
18.029866695404053,-18.372668248171326,-10.0,0.5280443005636333,0.33436871660756884,8.372668248171326
18.0500648021698,-18.55066759179941,-10.0,0.5237702447362242,0.3572603386442643,8.55066759179941
18.07001566886902,-18.72511068163661,-10.0,0.46282658161595447,0.31850171429920016,8.725110681636611
18.089881420135498,-18.890169890020893,-10.0,0.4070323611982165,0.3089463987003547,8.890169890020893
18.109771013259888,-19.04204477205291,-10.0,0.3370323611982165,0.3447083883534652,9.042044772052911
18.12993097305298,-19.17844308461969,-10.0,0.2670323611982165,0.4147083883534652,9.17844308461969
18.14984631538391,-19.29586421578551,-10.0,0.30649391056969744,0.4046448146353942,9.29586421578551
18.16982078552246,-19.385427806371574,-10.0,0.37649391056969744,0.3370113422523719,9.385427806371574
18.189783811569214,-19.46318920238545,-10.0,0.4100774137862025,0.2670113422523719,9.46318920238545
18.209861993789673,-19.497632604189096,-10.0,0.4456371835060416,0.3370113422523719,9.497632604189096
18.230198621749878,-19.46865154979198,-10.0,0.4845269045419989,0.2670113422523719,9.468651549791979
18.249858140945435,-19.363952029084874,-10.0,0.513193458560854,0.30874950965750037,9.363952029084874
18.269842624664307,-19.200153896278174,-10.0,0.4468909653462467,0.2994568763847929,9.200153896278174
18.289790391921997,-18.999623906752007,-10.0,0.3768909653462467,0.27154916958766995,8.999623906752007
18.309848070144653,-18.778865635144857,-10.0,0.4468909653462467,0.26733853310230193,8.778865635144857
18.32999897003174,-18.549875255567784,-10.0,0.38325203979387856,0.27604498356464324,8.549875255567784
18.349850177764893,-18.32120203206381,-10.0,0.45325203979387857,0.3296402396250051,8.321202032063809
18.36994171142578,-18.098775757470502,-10.0,0.5232520397938786,0.3253038969438058,8.098775757470502
18.389766216278076,-17.886550512142122,-10.0,0.4909500587917862,0.2739394639234525,7.886550512142122
18.40993642807007,-17.702291135780204,-10.0,0.4828416980989275,0.27831980414572177,7.702291135780204
18.429944276809692,-17.527025180926305,-10.0,0.5187484301812945,0.20831980414572177,7.527025180926305
18.450027465820312,-17.36262499622486,-10.0,0.5770043783076105,0.2773977652925533,7.362624996224859
18.469858646392822,-17.210104712175056,-10.0,0.5793726002983747,0.2906432230758947,7.210104712175056
18.48972249031067,-17.06985563045047,-10.0,0.5093726002983747,0.3140095420915168,7.069855630450469
18.51009440422058,-16.944142483384418,-10.0,0.559394446145743,0.2953853630262893,6.944142483384418
18.529613494873047,-16.834155216709835,-10.0,0.5208815792016683,0.36422014467301783,6.834155216709835
18.54961061477661,-16.75420397803757,-10.0,0.49486455781385286,0.34287026941659865,6.7542039780375696
18.569599866867065,-16.70648767519718,-10.0,0.4919203728809951,0.31721088893595156,6.706487675197181
18.58992838859558,-16.687051382045944,-10.0,0.4920224844050243,0.33177630368503747,6.687051382045944
18.609633445739746,-16.69240276765211,-10.0,0.5068982996550038,0.2637448361876887,6.6924027676521085
18.629960298538208,-16.697048977262746,-10.0,0.5555632792916729,0.32328716430696663,6.697048977262746
18.649959087371826,-16.71886411231182,-10.0,0.4855632792916729,0.3495669136557263,6.71886411231182
18.67006206512451,-16.75202951132168,-10.0,0.46140313816635153,0.3168217534932774,6.75202951132168
18.69009566307068,-16.79220451092961,-10.0,0.466850340994133,0.2551866653177422,6.792204510929611
18.710063219070435,-16.83618943405345,-10.0,0.47751487388653896,0.3076430107268971,6.836189434053448
18.729665756225586,-16.881661437496206,-10.0,0.40751487388653895,0.29015566918882546,6.881661437496206
18.750185251235962,-16.926967927999165,-10.0,0.43411160073621413,0.31901149216922936,6.926967927999165
18.76986813545227,-16.968649060626174,-10.0,0.3641116007362141,0.3277732939261478,6.9686490606261735
18.789830923080444,-17.00671358881696,-10.0,0.39039371005637785,0.33812661327305255,7.006713588816961
18.809792518615723,-17.041262907765088,-10.0,0.44296554319007536,0.3383381708792877,7.041262907765088
18.829953908920288,-17.072460087553317,-10.0,0.5040639436934724,0.2973199083737564,7.072460087553317
18.849998235702515,-17.099546275547286,-10.0,0.4514337874148622,0.31539479897241113,7.0995462755472865
18.870160341262817,-17.12402365870004,-10.0,0.489783359983994,0.31927156725781974,7.12402365870004
18.889641761779785,-17.146043918245066,-10.0,0.5335402398501172,0.36699235716718254,7.146043918245066
18.90959644317627,-17.16577716622961,-10.0,0.5048351626042857,0.29699235716718253,7.16577716622961
18.92965865135193,-17.183401833098443,-10.0,0.5085683793891802,0.28188250521081504,7.1834018330984435
18.949737071990967,-17.199097424577,-10.0,0.5107249154840245,0.329096730145393,7.199097424577001
18.96959924697876,-17.213039462405305,-10.0,0.5002696070019736,0.27031700247782287,7.213039462405305
18.989691257476807,-17.22539607526828,-10.0,0.46896777331276085,0.30884133586543616,7.225396075268279
19.009629726409912,-17.23632582576587,-10.0,0.39896777331276084,0.3236681737925392,7.236325825765871
19.029635190963745,-17.24597645318218,-10.0,0.40701839293731595,0.32398157466552224,7.24597645318218
19.049614191055298,-17.254484285484853,-10.0,0.4603673812319174,0.3023938209970948,7.254484285484853
19.069591283798218,-17.261871002705313,-10.0,0.40020527656568433,0.32182821344933477,7.261871002705313
19.089757442474365,-17.268387468138048,-10.0,0.44738617877854253,0.2781782643159386,7.268387468138048
19.109681367874146,-17.27412773296009,-10.0,0.4730581991691723,0.34524590235552755,7.274127732960089
19.129679441452026,-17.279177579962564,-10.0,0.4604398772437706,0.35883926779381004,7.279177579962564
19.149625301361084,-17.283614788081273,-10.0,0.5304398772437706,0.41552002534619537,7.283614788081273
19.169649362564087,-17.2875095270752,-10.0,0.5588959169705048,0.34552002534619536,7.287509527075201
19.189650774002075,-17.290924832201505,-10.0,0.5741297242362633,0.41552002534619537,7.290924832201505
19.209661960601807,-17.29391712194453,-10.0,0.6183112871964112,0.34552002534619536,7.293917121944531
19.229637622833252,-17.29653673200461,-10.0,0.6461184856612816,0.28213746682158675,7.296536732004611
19.249588012695312,-17.298828446507304,-10.0,0.6717416786719694,0.30860341921797957,7.298828446507304
19.27010750770569,-17.300832013282168,-10.0,0.6017416786719694,0.3786034192179796,7.300832013282168
19.290173053741455,-17.30257156110959,-10.0,0.6103908527959718,0.4175853896175977,7.302571561109591
19.309643983840942,-17.304092954332827,-10.0,0.6168620941546394,0.4393688514118549,7.304092954332827
19.33032989501953,-17.30542272548161,-10.0,0.6264808831122353,0.4437256105465349,7.305422725481609
19.349653005599976,-17.306584353711138,-10.0,0.6964808831122353,0.4372204024565872,7.306584353711138
19.37012791633606,-17.309914926655942,-10.0,0.7,0.45654599780566063,7.309914926655942
19.390104055404663,-17.3146642292467,-10.0,0.6299999999999999,0.4577151220745873,7.314664229246699
19.409619569778442,-17.32027378631266,-10.0,0.5925938571989535,0.45954002363025215,7.3202737863126615
19.42965316772461,-17.326333020017096,-10.0,0.5225938571989535,0.3994408540183213,7.3263330200170955
19.44961404800415,-17.33254489985164,-10.0,0.5251658646762369,0.3696047711872962,7.332544899851641
19.470134973526,-17.3410154393512,-10.0,0.45516586467623693,0.41129010652541187,7.3410154393511995
19.4896559715271,-17.35083155947216,-10.0,0.5251658646762369,0.4199374170729425,7.350831559472159
19.509648084640503,-17.359354165578626,-10.0,0.595165864676237,0.3672197909781244,7.359354165578626
19.529699563980103,-17.368723134964167,-10.0,0.6422876949608325,0.43262511507957246,7.368723134964167
19.549707412719727,-17.37611670543884,-10.0,0.6109533022344111,0.4001129122206476,7.3761167054388395
19.56959891319275,-17.381943345734168,-10.0,0.5873355745524167,0.3301129122206476,7.381943345734168
19.589688777923584,-17.38652806651368,-10.0,0.5173355745524166,0.3253069557191339,7.38652806651368
19.60958957672119,-17.390129344479067,-10.0,0.5857037710398434,0.32584764836938124,7.390129344479067
19.629586458206177,-17.392952631018513,-10.0,0.551339238360524,0.3424862607440446,7.392952631018513
19.64958930015564,-17.395161132525917,-10.0,0.5314719131588934,0.3577228116861079,7.395161132525917
19.669614553451538,-17.39688441156191,-10.0,0.6014719131588935,0.30754866852075796,7.39688441156191
19.68958568572998,-17.39822524773159,-10.0,0.5880943612381815,0.34964306308538656,7.398225247731592
19.709672212600708,-17.396948760893714,-10.0,0.5802455238252877,0.32633326603681784,7.396948760893714
19.72963857650757,-17.39584048243081,-10.0,0.5150488532334565,0.3115523870161269,7.39584048243081
19.749682426452637,-17.392925738746765,-10.0,0.4450488532334565,0.2415523870161269,7.392925738746765
19.769673824310303,-17.39114942552601,-10.0,0.3904948192089795,0.3115523870161269,7.3911494255260095
19.789593935012817,-17.387894310282302,-10.0,0.45956370554864395,0.2948786432913039,7.387894310282302
19.809638261795044,-17.383697836317463,-10.0,0.38956370554864395,0.2942197364114691,7.383697836317463
19.82970952987671,-17.378958110637544,-10.0,0.3777623351290821,0.291717764857458,7.378958110637544
19.84968638420105,-17.37396596791724,-10.0,0.4477623351290821,0.2226508529216517,7.37396596791724
19.869677305221558,-17.368930068652766,-10.0,0.48391850892454374,0.1526508529216517,7.368930068652766
19.889684200286865,-17.36399649753934,-10.0,0.45130511973053206,0.2226508529216517,7.36399649753934
19.909666776657104,-17.359264025299094,-10.0,0.4784206901118158,0.2915620402724017,7.359264025299094
19.92967915534973,-17.354795956202743,-10.0,0.4269184772297739,0.35579046321217905,7.354795956202743
19.950217485427856,-17.350916664538072,-10.0,0.3883218918368219,0.3454656553745736,7.350916664538072
19.969640970230103,-17.347261191774496,-10.0,0.3183218918368219,0.27546565537457357,7.347261191774496
19.989641189575195,-17.34617386691883,-10.0,0.3883218918368219,0.20546565537457356,7.346173866918829
20.00958752632141,-17.344582635575318,-9.999999884114535,0.34836633171886194,0.1905507944256533,7.344582751460782
20.029653072357178,-17.34268333738234,-9.999996878920587,0.41836633171886195,0.24813770276610742,7.342686458461753
20.049654483795166,-17.340620117788227,-9.999985586751217,0.44711000483483065,0.3017666354507674,7.34063453103701
20.069650888442993,-17.338497417530853,-9.999960549225893,0.5171100048348307,0.25643213612143884,7.33853686830496
20.08964514732361,-17.33638934670888,-9.999916363240313,0.5289021905511617,0.30082743016188035,7.336472983468568
20.10964012145996,-17.33434699518891,-9.999847680780444,0.5613324332982301,0.23377404508297334,7.334499314408465
20.129597663879395,-17.332404116966973,-9.99974920873657,0.5883034195750951,0.30377404508297334,7.332654908230403
20.149590253829956,-17.330581535299785,-9.999615708717329,0.5990795211866498,0.3113456682779361,7.330965826582457
20.169614553451538,-17.328999123363612,-9.99944199686375,0.5290795211866497,0.2944726159342099,7.3295571264998625
20.189701557159424,-17.32751665276704,-9.999222943663304,0.5990795211866498,0.34829854196985255,7.328293709103738
20.209651470184326,-17.326142669823668,-9.998953473763935,0.6408965157344937,0.40577716357191096,7.327189196059733
20.229684591293335,-17.324880251455056,-9.998628565788112,0.5725315080955624,0.3995701542601455,7.326251685666945
20.249688625335693,-17.32372859455818,-9.99824325214686,0.526651562936604,0.36370593519066463,7.325485342411319
20.26960062980652,-17.32268422220657,-9.99779261885381,0.5699117647483944,0.33404433378134857,7.324891603352759
20.289690494537354,-17.32405824000653,-9.99727180533923,0.5758517471142113,0.3668262402073015,7.3267864346673
20.309576988220215,-17.327075812172577,-9.996676004264078,0.6458517471142113,0.428536858643638,7.330399807908499
20.329676389694214,-17.331155437234834,-9.996000461334036,0.7,0.498536858643638,7.335154975900798
20.349648237228394,-17.335865225364,-9.995240475113555,0.6790771659463644,0.5046220123127569,7.340624750250445
20.36964511871338,-17.34088858645821,-9.994391396839887,0.7,0.47354613610659735,7.346497189618322
20.389608144760132,-17.345249996812704,-9.993448630237143,0.6954743045382201,0.43694488325272696,7.351801366575561
20.409640789031982,-17.349784046869665,-9.99240763133032,0.6688001512549817,0.3916864618018736,7.3573764155393455
20.42957615852356,-17.354318514676994,-9.991263908259343,0.682449744362384,0.45221826055203573,7.36305460641765
20.449631452560425,-17.358733767228237,-9.990013021093121,0.6942920305766165,0.4129206984594931,7.368720746135116
20.469577312469482,-17.365266199768502,-9.988650581643569,0.7,0.47048029297147886,7.376615618124934
20.48963689804077,-17.373097022519705,-9.98717225327966,0.7,0.40292236947570936,7.385924769240045
20.509583950042725,-17.381623301193752,-9.985573750741466,0.7,0.4503594599023928,7.396049550452286
20.529612064361572,-17.390407920769643,-9.983850839954194,0.7,0.456439028895693,7.40655708081545
20.549685955047607,-17.39914046116329,-9.981999337842234,0.7,0.38665661535342233,7.417141123321057
20.569655418395996,-17.407606683202104,-9.980015112143198,0.684924029558897,0.44573257065494554,7.427591571058906
20.589597702026367,-17.415664799342473,-9.977894081221955,0.6993513505905866,0.4726114472665359,7.437770718120518
20.609620809555054,-17.422661061509015,-9.975632213884682,0.6711035266518592,0.4026114472665359,7.447028847624333
20.629626274108887,-17.429301415755752,-9.9732255291929,0.6643498249351978,0.37308149947901265,7.456075886562852
20.64965844154358,-17.435519557497617,-9.970670096277516,0.7,0.30308149947901264,7.464849461220101
20.66963768005371,-17.44128056023344,-9.967962034152864,0.6460260085761547,0.33882603614707485,7.473318526080577
20.689687967300415,-17.446572212549142,-9.965097511530745,0.6227543994784355,0.3282873137586285,7.4814747010183975
20.70961570739746,-17.45139840231599,-9.962072746634476,0.6006873089820146,0.3828479340963532,7.489325655681515
20.729612112045288,-17.453457749105134,-9.958884007012918,0.5556886669248342,0.399670955791371,7.494573742092216
20.74965476989746,-17.45354102705716,-9.95552760935453,0.5114777412265539,0.329670955791371,7.49801341770263
20.769611120224,-17.452249571494953,-9.9519999193014,0.48692090511322017,0.30495455618132844,7.500249652193553
20.789654970169067,-17.450037289118345,-9.948297351263294,0.49157817829400297,0.36318474392523065,7.501739937855051
20.809609413146973,-17.448116529076724,-9.944416368231696,0.561578178294003,0.29318474392523064,7.503700160845028
20.829622268676758,-17.445576070021197,-9.940353481593842,0.4975748746469617,0.3327138514362742,7.505222588427355
20.84972882270813,-17.44267213368974,-9.936105250946774,0.4960643446352333,0.3257295034930576,7.506566882742966
20.87021780014038,-17.439592266090994,-9.93166828391137,0.5065210389252752,0.27642495856736793,7.507923982179625
20.88957691192627,-17.436471369661206,-9.927039235946388,0.5765210389252753,0.23101230637286796,7.509432133714817
20.909666299819946,-17.43108787821819,-9.922214810162513,0.6162664442416281,0.30101230637286797,7.508873068055676
20.929622650146484,-17.42427471391438,-9.917191757136392,0.6063618184160442,0.3671053414151539,7.507082956777987
20.950271129608154,-17.416648087048728,-9.911966874724675,0.6763618184160443,0.4371053414151539,7.504681212324053
20.969650506973267,-17.40865744395195,-9.906537007878061,0.7,0.3671053414151539,7.502120436073888
20.989604473114014,-17.400624554856527,-9.900899048455338,0.6924049382098019,0.3849544142291416,7.499725506401189
21.009586334228516,-17.39509037654025,-9.895049935037422,0.6492195886559784,0.3149544142291416,7.5000404415028274
21.02964210510254,-17.391437606500382,-9.888986652741398,0.5792195886559783,0.2449544142291416,7.502450953758984
21.05024290084839,-17.388266178292124,-9.882706233034565,0.539992363769561,0.1749544142291416,7.505559945257559
21.06965470314026,-17.386434379246197,-9.876205753548472,0.49323724361136545,0.20443713651155127,7.510228625697724
21.089591026306152,-17.38558133726238,-9.869482337892965,0.42323724361136544,0.26035580770228994,7.516098999369415
21.10961151123047,-17.385430602605567,-9.862533155470226,0.49323724361136545,0.25394514980842364,7.522897447135341
21.12967562675476,-17.38577164946626,-9.85535542128881,0.4404109582491218,0.32394514980842365,7.530416228177451
21.149694442749023,-17.386445289888606,-9.847946395777692,0.5104109582491219,0.2732058577530552,7.538498894110914
21.169639348983765,-17.387332189566578,-9.840303384600308,0.44041095824912185,0.27481971986708237,7.547028804966271
21.18967914581299,-17.388343840802168,-9.832423738468593,0.5104109582491219,0.2654024663206656,7.555920102333575
21.20965003967285,-17.389415480066827,-9.824304852957024,0.446298533398658,0.3070563266810496,7.565110627109803
21.229641675949097,-17.39050054290325,-9.815944168316664,0.376974241156131,0.25112406563130213,7.574556374586587
21.249577522277832,-17.391566332774072,-9.807339169289193,0.4066772249527275,0.19974347602692438,7.584227163484879
21.269661903381348,-17.39249167875083,-9.798487384920966,0.4766772249527275,0.23911551039782358,7.5940042938298635
21.28966522216797,-17.39339405624367,-9.789386388377038,0.5466772249527275,0.24045193547499372,7.604007667866634
21.309617280960083,-17.394256698214242,-9.780033796755214,0.5660753815062344,0.26737855354440404,7.614222901459028
21.32967972755432,-17.395069005831388,-9.770427270900093,0.556471288818866,0.23567173609626485,7.624641734931295
21.349647521972656,-17.395824943910984,-9.7605645152171,0.486471288818866,0.27078440765035344,7.6352604286938845
21.369645595550537,-17.39652180614546,-9.750443277486532,0.556471288818866,0.34078440765035345,7.646078528658929
21.389588594436646,-17.39715926972418,-9.740061348677601,0.6033242909796536,0.38398877853644087,7.65709792104658
21.409656763076782,-17.39773867587445,-9.729416562762474,0.6154619554616511,0.31398877853644086,7.6683221131119765
21.429604530334473,-17.39826248628386,-9.718506796530313,0.685461955461651,0.38216793889296247,7.679755689753545
21.449583292007446,-17.398733876012262,-9.707329969401318,0.7,0.4067498722870369,7.691403906610944
21.469581127166748,-17.39915643193557,-9.695884043240769,0.7,0.4767498722870369,7.703272388694801
21.489670515060425,-17.39952330577655,-9.68416702217306,0.7,0.44029022144270136,7.715356283603491
21.50959300994873,-17.399852461672786,-9.672176952395752,0.6356298670172691,0.4645337569166441,7.727675509277034
21.52964735031128,-17.40014674455426,-9.659911921993606,0.565629867017269,0.3945337569166441,7.740234822560653
21.550158500671387,-17.402725397612397,-9.647370060752628,0.5642331837397068,0.366292351653101,7.755355336859768
21.56965446472168,-17.40682276935125,-9.634549539974106,0.5758661421667783,0.4277379492123146,7.772273229377145
21.589612245559692,-17.4118670275599,-9.621448572288656,0.6407165321242063,0.3577379492123146,7.790418455271244
21.60958743095398,-17.419752381770117,-9.608065411470264,0.5984153839480131,0.38340117791784,7.811686970299853
21.630090475082397,-17.427086939891883,-9.59439835225032,0.615656167147681,0.3727038494322915,7.832688587641563
21.649621725082397,-17.4338456243324,-9.580445730131665,0.545656167147681,0.37407229989883495,7.853399894200734
21.670220851898193,-17.440026193776294,-9.566205921202634,0.592630908070132,0.44407229989883495,7.87382027257366
21.689691066741943,-17.4456423276091,-9.551677341951093,0.655303791342303,0.45426752258208586,7.893964985658007
21.70968270301819,-17.45051839838945,-9.536858449078482,0.6234425308089702,0.42953318756190134,7.913659949310967
21.729641437530518,-17.454951932048296,-9.521747739313852,0.6666252614837138,0.49953318756190135,7.933204192734443
21.749584197998047,-17.45896124277667,-9.50634374922792,0.6303330400865523,0.42953318756190134,7.95261749354875
21.769676208496094,-17.462570231603436,-9.490645055047093,0.6156390432175247,0.35953318756190134,7.9719251765563435
21.790239810943604,-17.46580605015655,-9.474650272467517,0.5832480128761379,0.28953318756190133,7.991155777689034
21.809648275375366,-17.468697392288224,-9.45835805646912,0.5663495223876087,0.27060161989298653,8.010339335819104
21.829631805419922,-17.471273266826,-9.441767101129654,0.569589468827471,0.2927070529398043,8.029506165696345
21.849587202072144,-17.473562136848567,-9.424876139438728,0.5388601638283579,0.2912059596704785,8.048685997409839
21.869649171829224,-17.475591336226724,-9.407683943111863,0.5682316563930361,0.27515220855944794,8.067907393114861
21.889642238616943,-17.477386694124313,-9.390189322404515,0.49823165639303607,0.2233169808017556,8.087197371719798
21.9095721244812,-17.478972313840302,-9.372391125926136,0.5682316563930361,0.2933169808017556,8.106581187914166
21.929654836654663,-17.480348989360518,-9.354288240454201,0.49823165639303607,0.35104886626475496,8.126060748906317
21.94965648651123,-17.479249381432517,-9.335879590748256,0.5682316563930361,0.32713993264012975,8.143369790684261
21.970153331756592,-17.476458775544828,-9.317164139363955,0.5188029475416986,0.39713993264012976,8.159294636180872
21.989631414413452,-17.472567181697364,-9.298140886467108,0.5439890187140553,0.44436683846288366,8.174426295230257
22.009695529937744,-17.468013425707312,-9.278808869647712,0.5586979623790829,0.37436683846288366,8.1892045560596
22.030248165130615,-17.463119758610176,-9.259167163734004,0.5842372786160557,0.4001198429393117,8.203952594876172
22.049611568450928,-17.45811896798826,-9.239214880606493,0.6194909375067799,0.4314809571730439,8.218904087381766
22.069694995880127,-17.453175566768518,-9.218951169012007,0.6615265954192726,0.44981530679040593,8.234224397756511
22.08973503112793,-17.448402309918077,-9.198375214377732,0.7,0.4693453404831235,8.250027095540345
22.109583854675293,-17.443873030693144,-9.17748623862525,0.7,0.41130582054727716,8.266386792067895
22.129690885543823,-17.439940594832066,-9.156283499984585,0.7,0.40038610154413623,8.28365709484748
22.150208950042725,-17.436218341009344,-9.134766292808248,0.7,0.4142256406845991,8.301452048201096
22.169806003570557,-17.435056523204338,-9.112933947385269,0.6685017988085746,0.3495308337511961,8.32212257581907
22.190211057662964,-17.43570375372144,-9.090785829755239,0.5985017988085746,0.38642812797450465,8.344917923966202
22.209710597991943,-17.437590456099393,-9.06832134152236,0.557252098917961,0.31642812797450465,8.369269114577033
22.23021364212036,-17.44028834752847,-9.04553991966948,0.487252098917961,0.24642812797450464,8.394748427858989
22.250218868255615,-17.44347857235142,-9.022441036372136,0.4609798243641852,0.22297236101352613,8.421037535979284
22.270215034484863,-17.446926684276047,-8.999024198812592,0.4035012213885783,0.29297236101352614,8.447902485463455
22.28975772857666,-17.450463044909913,-8.975288948993882,0.39897512312978495,0.32213228502892893,8.475174095916032
22.309782028198242,-17.451651152876792,-8.951234863553859,0.46897512312978495,0.2725037814083044,8.500416289322933
22.329660177230835,-17.451176898049063,-8.926861553579222,0.47947597328573455,0.28790442114346665,8.52431534446984
22.34971570968628,-17.450765137899324,-8.902168664419566,0.40947597328573454,0.2915340098983143,8.548596473479758
22.37021803855896,-17.449202996825857,-8.877155875501426,0.33947597328573453,0.25790592240751725,8.572047121324431
22.389686107635498,-17.446882993743532,-8.851822900142313,0.27935293946415174,0.18790592240751725,8.59506009360122
22.410078763961792,-17.444097737979778,-8.826169485364751,0.3201066244021057,0.18239880899549465,8.617928252615027
22.42961311340332,-17.44106273193058,-8.80019541171033,0.3450003236159681,0.25239880899549466,8.640867320220249
22.449602603912354,-17.437934241483962,-8.773900493053741,0.37796161767095315,0.21699407095671636,8.66403374843022
22.469671487808228,-17.434823269638198,-8.747284576416812,0.41384396400302637,0.28699407095671636,8.687538693221386
22.489611625671387,-17.431806455202143,-8.72034754178256,0.45855366881936777,0.35699407095671637,8.711458913419582
22.50967264175415,-17.428934548483678,-8.693089301909225,0.4998028955981134,0.28699407095671636,8.735845246574453
22.52959442138672,-17.42623898062573,-8.665509802144314,0.51302832249552,0.2808471556997393,8.760729178481416
22.54964804649353,-17.423736935692965,-8.637609020238639,0.44302832249552,0.21084715569973927,8.786127915454326
22.56963872909546,-17.421564596402103,-8.609386966160361,0.51302832249552,0.2808471556997393,8.812177630241742
22.589841604232788,-17.419549168689418,-8.580843681909036,0.58302832249552,0.3259159598744009,8.838705486780382
22.609957933425903,-17.417695845070632,-8.551979241329645,0.5741144301742314,0.2559159598744009,8.865716603740987
22.63492751121521,-17.41600395992935,-8.50808065174756,0.5041144301742313,0.27811525906086904,8.907923308181788
22.64989185333252,-17.41446879624752,-8.49328734467801,0.5041144301742313,0.27811525906086904,8.92118145156951
22.675843000411987,-17.41308294729934,-8.49328734467801,0.5041144301742313,0.27811525906086904,8.919795602621331
22.689818143844604,-17.411837333344106,-8.433312496807515,0.5187150619551537,0.231505093673477,8.978524836536591
22.70971393585205,-17.41072195189332,-8.402844483835539,0.4954427860304711,0.301505093673477,9.00787746805778
22.729692220687866,-17.40972642315045,-8.372056415945769,0.44153792109340406,0.371505093673477,9.03767000720468
22.74970054626465,-17.40884037880663,-8.340948584694365,0.4973243891820309,0.31020917827845557,9.067891794112265
22.769654989242554,-17.408053731787778,-8.309521311995244,0.567324389182031,0.32006883239955647,9.098532419792534
22.789669275283813,-17.40737074476196,-8.27777494993413,0.6093110409006475,0.34007436400861485,9.129595794827829
22.809794664382935,-17.406763869430446,-8.24570988058259,0.5393110409006474,0.35047933264286263,9.161053988847856
22.82974600791931,-17.406225853926795,-8.213326515812078,0.54399076314643,0.4066733586660121,9.192899338114717
22.849741220474243,-17.405749846453084,-8.18062529710797,0.5438238341832764,0.3963478765508626,9.225124549345114
22.869781970977783,-17.405329453669555,-8.147606695383612,0.4738238341832764,0.46634787655086263,9.257722758285944
22.88972306251526,-17.404958769168314,-8.114271210794364,0.49209611673897574,0.3963478765508626,9.29068755837395
22.909746885299683,-17.40463238041756,-8.080619372551629,0.5436148661846525,0.46634787655086263,9.324013007865931
22.929720878601074,-17.40434536056885,-8.046651738736907,0.6136148661846526,0.4543585633730982,9.357693621831944
22.94978165626526,-17.404093249966472,-8.012368896115829,0.6587172165984518,0.4536578428454232,9.391724353850643
22.96973204612732,-17.403872030991387,-7.9777714599522,0.6355346456641562,0.45446326929260983,9.426100571039187
22.98972749710083,-17.4036780989385,-7.94286007382204,0.6453251900622852,0.5168806982331444,9.46081802511646
23.009715795516968,-17.403508230906283,-7.907635409427627,0.6320854496682293,0.4684926566772629,9.495872821478656
23.029703378677368,-17.403360747143775,-7.872098166411538,0.5968616638804085,0.49151083427597775,9.531262580732237
23.049691677093506,-17.39628246070519,-7.836249072170688,0.6668616638804086,0.4423722584836651,9.560033388534503
23.069713354110718,-17.377627677633082,-7.800088881670373,0.667707983770524,0.3723722584836651,9.57753879596271
23.08971667289734,-17.349107383351367,-7.763618377258309,0.6868583507771835,0.4423722584836651,9.585489006093058
23.109588384628296,-17.31448634742687,-7.72683836847868,0.6391441248293266,0.4388803103577812,9.58764797894819
23.129735946655273,-17.276540289503064,-7.6897496918861705,0.5691441248293265,0.5042882496130188,9.586790597616893
23.149749040603638,-17.23728480071104,-7.652353210860011,0.5357503543730124,0.5626493515085895,9.584931589851031
23.169743299484253,-17.19815438110662,-7.614649815418021,0.6057503543730125,0.4926493515085895,9.583504565688598
23.189790725708008,-17.160142110163026,-7.576640422030648,0.6712532289262161,0.44454383969423367,9.583501688132378
23.209761142730713,-17.123908292753658,-7.538325973435008,0.6600230470235691,0.4887380872678478,9.58558231931865
23.229753971099854,-17.089864692764134,-7.499707438448926,0.6630478553875581,0.5587380872678478,9.590157254315208
23.249733209609985,-17.060307170078843,-7.460785811784982,0.6121100537880555,0.5147751355182846,9.599521358293861
23.26988172531128,-17.032576994546947,-7.421562113864553,0.5861501671775475,0.5847751355182846,9.611014880682394
23.28979778289795,-17.00684688440744,-7.382037390631842,0.5497230418428078,0.5214649817359169,9.624809493775599
23.309821367263794,-16.983184094857243,-7.3422127133679345,0.6197230418428079,0.4514649817359169,9.640971381489308
23.329705476760864,-16.96389720410928,-7.302089178504831,0.6113929080992238,0.44563747054082353,9.661808025604449
23.3497896194458,-16.94815803096757,-7.2616679074394925,0.5619886483281151,0.5156374705408235,9.686490123528078
23.369714975357056,-16.935297837264464,-7.220950046347875,0.6319886483281152,0.5856374705408236,9.71434779091659
23.38973355293274,-16.924776255362055,-7.179936765998981,0.7,0.5503595823619982,9.744839489363073
23.40973401069641,-16.91615632261121,-7.138629261568895,0.7,0.5411775585461875,9.777527061042317
23.429720401763916,-16.909084415548044,-7.097028752454821,0.7,0.48654352391255107,9.812055663093222
23.44963049888611,-16.90327411618421,-7.0551364820891305,0.7,0.5072491400141736,9.84813763409508
23.469570636749268,-16.89822946593254,-7.012953717753399,0.7,0.5772491400141737,9.885275748179142
23.48977303504944,-16.896429688594374,-6.970481750392455,0.7,0.5073638712067625,9.925947938201919
23.509634971618652,-16.896931169403974,-6.927721894428411,0.688937884569168,0.5329415188182614,9.969209274975562
23.52963900566101,-16.899017842602355,-6.884675487574711,0.6640123508870601,0.5416409042675516,10.014342355027644
23.549588918685913,-16.90215056535335,-6.841343890650169,0.7,0.521858778317692,10.06080667470318
23.569586753845215,-16.903610942987704,-6.797728487393016,0.6754610657691955,0.47171349870157453,10.105882455594688
23.589668035507202,-16.906187602427003,-6.753830684274929,0.6695233129896223,0.45860519213718387,10.152356918152075
23.60969090461731,-16.909471701770993,-6.709651910315088,0.7,0.5286051921371839,10.199819791455905
23.629658699035645,-16.91316062293533,-6.665193616894208,0.7,0.5367867510591171,10.247967006041122
23.64972233772278,-16.91703350428631,-6.620457277568574,0.6567631892859935,0.469867267814698,10.296576226717734
23.66970705986023,-16.920396038754586,-6.575444387884101,0.5978823162615299,0.4710729345039002,10.344951650870485
23.68972396850586,-16.923851529680306,-6.530156465190355,0.61734379529953,0.43878013261710325,10.39369506448995
23.709697008132935,-16.924964169161356,-6.4845950484546115,0.6214570820331573,0.4761056191578976,10.440369120706745
23.729761838912964,-16.92673653447917,-6.438761698075883,0.6821039400994777,0.48035748156835356,10.487974836403286
23.74987506866455,-16.92660407386524,-6.392657995698968,0.6704534895718097,0.4527785186015538,10.53394607816627
23.769817113876343,-16.92515204943155,-6.3462855440284915,0.6548020418733358,0.49316022957791605,10.578866505403058
23.78984236717224,-16.922821749748838,-6.299645966642945,0.6085260313004255,0.47945325768669167,10.623175783105893
23.80975914001465,-16.919942832070983,-6.2527409078087235,0.6785260313004255,0.5096215525933079,10.66720192426226
23.82984232902527,-16.916758728642456,-6.205572032294178,0.6085260313004255,0.5796215525933079,10.711186696348278
23.84980845451355,-16.9134465658731,-6.158141025183647,0.5745020385831594,0.5961538898863368,10.755305540689456
23.869822025299072,-16.910132747290263,-6.110449591691497,0.5415451291948556,0.5886165901192002,10.799683155598766
23.889853715896606,-16.907255605390837,-6.062499456976171,0.547814954817295,0.5186165901192001,10.844756148414666
23.90990686416626,-16.904407105894474,-6.014292365954232,0.5232222534716129,0.45359860680182496,10.890114739940243
23.929882049560547,-16.901653572752203,-5.965830083114386,0.593222253471613,0.38359860680182495,10.935823489637816
23.949975728988647,-16.899038570453932,-5.9171143923315475,0.5232222534716129,0.37343751150299825,10.981924178122384
23.96996307373047,-16.896588707075903,-5.868147096680863,0.5323193117976188,0.44343751150299826,11.02844161039504
23.989895582199097,-16.8850527195117,-5.818930018251757,0.5256089086644351,0.4344345642544798,11.066122701259944
24.009886503219604,-16.858244325338948,-5.769464997961982,0.5497718120925128,0.5044345642544799,11.088779327376965
24.02990198135376,-16.8192182007898,-5.719753895371645,0.6197718120925129,0.5215752079256348,11.099464305418152
24.050012826919556,-16.772734409249896,-5.669798588497262,0.5497718120925128,0.4753830685385041,11.102935820752634
24.06998085975647,-16.7199793955056,-5.61960097362579,0.5894563685171306,0.5220119088061623,11.10037842187981
24.089837551116943,-16.66657521444406,-5.569162965128667,0.6314938257448375,0.46980350754340217,11.097412249315392
24.109983682632446,-16.620208340972937,-5.51848649527587,0.6821710805408656,0.5354780881770425,11.101721845697067
24.129913806915283,-16.573870692639385,-5.467573514049937,0.7,0.4724232881434731,11.106297178589449
24.14999556541443,-16.528774567313118,-5.416425988960013,0.6347448050975799,0.4777106769487731,11.112348578353105
24.16993999481201,-16.4857292831567,-5.365045904855902,0.5666895031929016,0.49270353057538196,11.1206833783008
24.190003871917725,-16.445242927022292,-5.313435263742093,0.6366895031929016,0.562703530575382,11.131807663280199
24.20989680290222,-16.40760096581543,-5.261596084591812,0.6796388183534146,0.5649572259665006,11.146004881223618
24.23001217842102,-16.372926715534557,-5.209530403161057,0.6505760908871889,0.590289978581714,11.1633963123735
24.249983072280884,-16.343543963436275,-5.157240271802647,0.6915030651539564,0.5202899785817139,11.18630369163363
24.269945859909058,-16.318610961704234,-5.104727759280255,0.6563057922571898,0.5755034821212761,11.213883202423979
24.29001021385193,-16.2974257760843,-5.0519949505824515,0.7,0.6132826121628754,11.245430825501849
24.309818744659424,-16.281718431572617,-4.999043946736748,0.7,0.5996645918220751,11.28267448483587
24.3300142288208,-16.268080914040027,-4.945876864623636,0.7,0.5448637610406153,11.322204049416392
24.34998393058777,-16.25838941275749,-4.892495836790633,0.7,0.6148637610406154,11.365893575966858
24.369951963424683,-16.25401050368967,-4.838903011266316,0.6536843113601207,0.5473683777183764,11.415107492423354
24.389926433563232,-16.253437022863288,-4.78510055137437,0.605776634812355,0.4824602755636447,11.468336471488918
24.40998363494873,-16.25552183202829,-4.731090635547627,0.5396598771214485,0.4124602755636447,11.524431196480663
24.42995858192444,-16.259398092461154,-4.6768754571421,0.6096598771214485,0.4762811591953509,11.582522635319055
24.449888944625854,-16.264416501445076,-4.622457224251036,0.6788770970702172,0.4703454646386676,11.64195927719404
24.469921588897705,-16.27009596481937,-4.567838159518959,0.7,0.5268506045558028,11.702257805300409
24.48993229866028,-16.276084901979228,-4.5130204999556875,0.7,0.5689286786236338,11.763064402023542
24.509979724884033,-16.279814607685854,-4.458006496750404,0.6867231333628296,0.5422313074686103,11.82180811093545
24.530003309249878,-16.28187679945194,-4.402798415085687,0.651620158739388,0.47223130746861025,11.879078384366252
24.54982852935791,-16.283667246993517,-4.347398533951539,0.640163136459887,0.5418569458939604,11.936268713041978
24.570005416870117,-16.28428093209956,-4.291809145959452,0.5701631364598869,0.4718569458939604,11.992471786140108
24.590007066726685,-16.284061087447267,-4.2360325571564275,0.6230079439654945,0.49702351517160454,12.04802853029084
24.60994815826416,-16.283268083323666,-4.180071086839028,0.5530079439654945,0.5030896950059107,12.103196996484638
24.629932403564453,-16.282097873390335,-4.123927067367415,0.5439804666116832,0.5445992525212935,12.15817080602292
24.64990782737732,-16.28069650444384,-4.067602843979392,0.6139804666116833,0.5179582878493241,12.213093660464446
24.669999361038208,-16.27685516181729,-4.0111007746044525,0.6839804666116833,0.5727576545916966,12.265754387212839
24.690025806427002,-16.27142029941195,-3.9544232296778024,0.6848616945673711,0.5492581378214529,12.316997069734148
24.70997667312622,-16.265021844582733,-3.8975725919544235,0.7,0.6099379386298827,12.36744925262831
24.729861736297607,-16.258122727915477,-3.840551256323094,0.6299999999999999,0.6770032967918089,12.417571471592384
24.749945878982544,-16.25105768682278,-3.7833616296204466,0.5944898325204848,0.6070032967918089,12.467696057202332
24.76996922492981,-16.244923637767034,-3.726006130445003,0.6644898325204849,0.6528177960508039,12.51891750732203
24.78993535041809,-16.238737858279624,-3.6684871889712145,0.6764888137578964,0.7,12.57025066930841
24.809911012649536,-16.234995521492362,-3.6108072467635024,0.6064888137578963,0.669839334487915,12.624188274728859
24.829968690872192,-16.23304898106259,-3.5529687565903023,0.58241891592741,0.6399622771888971,12.680080224472288
24.84978985786438,-16.232401066496188,-3.4949741822381064,0.5998232188820838,0.569962277188897,12.737426884258081
24.86991047859192,-16.21877413924846,-3.436825998325503,0.5773539013415574,0.5534235882759093,12.781948140922957
24.889970779418945,-16.175644247319298,-3.3785266901172095,0.5879778155311941,0.5258666436374186,12.797117557202089
24.909964561462402,-16.103893465026765,-3.320078753338132,0.517977815531194,0.4589739675819873,12.783814711688633
24.929978370666504,-16.014154156786965,-3.261484693987386,0.44797781553119403,0.45086824625730504,12.75266946279958
24.94997501373291,-15.914285440484662,-3.2027470281523573,0.37797781553119403,0.38086824625730503,12.711538412332304
24.969954013824463,-15.807696716949302,-3.1438682818227273,0.307977815531194,0.4088536402583121,12.663828435126575
24.989912748336792,-15.715153665836562,-3.0848509907045196,0.37797781553119403,0.3723562932014464,12.630302675132043
25.00992250442505,-15.616584954622192,-3.025697700034147,0.44797781553119403,0.41754378139972675,12.590887254588045
25.02990198135376,-15.511796009597271,-2.966410964392443,0.422059529237449,0.48754378139972676,12.545385045204828
25.049944400787354,-15.400815617273583,-2.906993347518723,0.4371980789676307,0.4609416715055703,12.49382226975486
25.06985354423523,-15.286143295218638,-2.8474474221247883,0.3671980789676307,0.44692048348486413,12.438695873093849
25.089842796325684,-15.16961245982253,-2.7877757697090004,0.2971980789676307,0.3930093675106763,12.381836690113529
25.109946489334106,-15.052545547142284,-2.727980980370318,0.3671980789676307,0.432781032398343,12.324564566771965
25.129875898361206,-14.938191571720415,-2.6680656526223263,0.3726484780944882,0.362781032398343,12.270125919098088
25.149753093719482,-14.826419388201222,-2.608032393207278,0.3026484780944882,0.3347922334820031,12.218386994993944
25.16979670524597,-14.707804470399882,-2.5478838169101508,0.2326484780944882,0.3371360082551836,12.159920653489731
25.18973660469055,-14.569032022196351,-2.4876225463726707,0.16924228632822613,0.34571176156401623,12.08140947582368
25.20978331565857,-14.448546239637194,-2.4272512119073664,0.23924228632822614,0.27730655059218395,12.021295027729828
25.229791164398193,-14.303725308101845,-2.366772451311605,0.28494694167748075,0.2865325691550969,11.936952856790239
25.24977469444275,-14.145818398713386,-2.30618890968163,0.35494694167748075,0.33685422264039505,11.839629489031756
25.26987099647522,-13.980667497002921,-2.2455032392266085,0.3505184856057165,0.27471246145665634,11.735164257776312
25.289737701416016,-13.805572202158867,-2.1847180990826676,0.31967228285968285,0.30848185293376434,11.6208541030762
25.309763431549072,-13.621235300146605,-2.1238361551269396,0.24967228285968285,0.23848185293376434,11.497399145019665
25.329763174057007,-13.435337538168163,-2.062860079791604,0.21275970749557,0.22035427555441844,11.372477458376558
25.349771738052368,-13.2532549491778,-2.001792551877921,0.2258447812870143,0.24838315300643432,11.251462397299878
25.369767427444458,-13.07862107195076,-1.9406362563702864,0.1890131862834094,0.19205515064299095,11.137984815580474
25.38976263999939,-12.913763381386552,-1.8793938842502556,0.20499574709683638,0.13880044199526298,11.034369497136296
25.409765243530273,-12.76004084562913,-1.8180681323106,0.1471956664696334,0.208800441995263,10.94197271331853
25.429766178131104,-12.62657501536182,-1.756661702969346,0.14906766302883606,0.24526784889399994,10.869913312392473
25.44991135597229,-12.502225470144987,-1.695177304083801,0.16853307597339134,0.18714683450758446,10.807048166061186
25.46975588798523,-12.389801485209807,-1.633617648764611,0.10991702638566475,0.11714683450758445,10.756183836445196
25.489806175231934,-12.288623683181822,-1.5719854551898145,0.05228743739426117,0.11163810757920134,10.716638227992007
25.50977921485901,-12.197923789879875,-1.510283446418832,0.12228743739426118,0.04163810757920133,10.687640343461043
25.529741764068604,-12.116892032925444,-1.4485143502065725,0.05228743739426117,0.0,10.668377682718871
25.549803733825684,-12.044711157569457,-1.3866808988174295,0.01472064144909363,0.07,10.658030258752028
25.569767475128174,-11.980580250616809,-1.3247858288393406,0.011569606279954125,0.03756423264741898,10.655794421777468
25.5898220539093,-11.923730857378056,-1.2628318809978225,0.05138381398282926,0.0,10.660898976380233
25.609841108322144,-11.871120972663954,-1.2008217999700133,0.040990105038508584,0.062473542988300323,10.670299172693941
25.62968420982361,-11.825158643588962,-1.1387583341987266,0.0,0.07475289702415466,10.686400309390235
25.649728536605835,-11.785252976012066,-1.0766442357064712,0.07,0.14475289702415467,10.708608740305595
25.669749975204468,-11.75269413748823,-1.0144822599094976,0.14,0.09758605405688286,10.738211877578733
25.689863920211792,-11.728412695424572,-0.9522751654318569,0.07221556395292283,0.06287593737244607,10.776137529992715
25.709789991378784,-11.712836853821893,-0.8900257139194228,0.1330817484855652,0.060080413175746805,10.82281113990247
25.729846239089966,-11.703718251537639,-0.8277366698539463,0.17365178406238557,0.0,10.875981581683693
25.74976634979248,-11.697008692993574,-0.7654108003670697,0.13224682524800302,0.03904631361365318,10.931597892626504
25.769837617874146,-11.685200194524459,-0.7030508750544211,0.11834636364132167,0.08691412582993507,10.982149319470038
25.789841890335083,-11.658579543497114,-0.6406596657895882,0.13809810239821674,0.15691412582993508,11.017919877707525
25.809852600097656,-11.61542320142826,-0.578239946538222,0.14122851529158653,0.08740272715687752,11.037183254890039
25.829700708389282,-11.561918872858817,-0.5157944931720362,0.21122851529158654,0.0848908868432045,11.04612437968678
25.849836349487305,-11.502637136323223,-0.4533260832828674,0.1813915309403092,0.1548908868432045,11.049311053040356
25.869853973388672,-11.451167219128413,-0.39083749599670625,0.1394504432473332,0.09607746765017511,11.060329723131707
25.889774560928345,-11.39621739297751,-0.32833151178775566,0.2094504432473332,0.032240148037672056,11.067885881189754
25.909815311431885,-11.34029868701523,-0.26581091229244436,0.2052228776458651,0.09909665897488595,11.074487774722785
25.929765939712524,-11.28518074765651,-0.20327848012349925,0.21302427814342084,0.0784095184504986,11.08190226753301
25.94972038269043,-11.234387980625684,-0.1407369986839644,0.15656738073565069,0.06187046259641649,11.09365098194172
25.96977710723877,-11.204152468196275,-0.0781892519812466,0.1489699263777584,0.04426358021795751,11.125963216215029
25.98992896080017,-11.221421349300112,-0.015638024441171794,0.0789699263777584,0.0,11.20578332485894
26.00991463661194,-11.315241346324381,0.046913899278004934,0.019347098460420986,0.0,11.362155245602386
26.029818296432495,-11.496821203269189,0.10946373447151458,0.0,0.0,11.606284937740703
26.049909830093384,-11.75078625976372,0.17200869657407303,0.0,0.034423355013132095,11.922794956337793
26.06995153427124,-12.050651784925149,0.23454600134583004,0.0,0.03934661019593477,12.28519778627098
26.090018272399902,-12.311002689800725,0.2970728650583041,0.07,0.049925219267606735,12.60807555485903
26.109980821609497,-12.602855603833772,0.3595865046803617,0.13398800015449525,0.0,12.962442108514134
26.129908323287964,-12.911213792316817,0.4220841380641964,0.06398800015449524,0.0,13.333297930381013
26.1499662399292,-13.222909474044858,0.4845629841312302,0.13398800015449525,0.0,13.707472458176088
26.169953107833862,-13.528708606672721,0.5470202630581262,0.1635164336115122,0.07,14.075728869730847
26.19002604484558,-13.820036459985026,0.6094531964627272,0.1772103688493371,0.045292049348354346,14.429489656447753
26.209984064102173,-14.09131858325366,0.6718590075900224,0.1072103688493371,0.0,14.763177590843682
26.229846000671387,-14.341527723292671,0.7342349214980786,0.046175108291208744,0.07,15.07576264479075
26.25001835823059,-14.570505746381782,0.7965781652440249,0.010236051864922047,0.14,15.367083911625807
26.26989483833313,-14.778702359765921,0.8588859680700178,0.0,0.08217055290937425,15.637588327835939
26.28989052772522,-14.966977613139298,0.9211555615891704,0.004548107273876667,0.04471583977341653,15.888133174728468
26.309860706329346,-15.130442995013548,0.9833841799715337,0.021986366249620914,0.013575692996382727,16.113827174985083
26.329825401306152,-15.278378723523204,1.0455690601300738,0.03396202530711889,0.08357569299638273,16.323947783653278
26.34992027282715,-15.411629028391431,1.1077074419065625,0.0,0.15357569299638274,16.519336470297993
26.36991858482361,-15.53116732783797,1.1697965682576168,0.0647595226764679,0.08357569299638273,16.700963896095587
26.389867782592773,-15.631082073297188,1.231833685440602,0.1308141052722931,0.13424376867711546,16.862915758737792
26.40992045402527,-15.710100743618767,1.2938160431996195,0.2008141052722931,0.1312092000525445,17.003916786818387
26.429863214492798,-15.763257488193233,1.355740894951456,0.22058591589331628,0.19706770571880045,17.11899838314469
26.449841260910034,-15.783152016531032,1.4176054979715182,0.23003790125250817,0.20908064375631513,17.20075751450255
26.46989393234253,-15.760888157725773,1.4794071135798514,0.20631971180438996,0.13908064375631513,17.240295271305627
26.489801168441772,-15.686765189254523,1.5411430073270296,0.17197698324918748,0.06908064375631512,17.227908196581552
26.509833335876465,-15.54614652813376,1.6028104491801756,0.21367188885807992,0.0,17.148956977313937
26.529706954956055,-15.424057816383806,1.6644067137088747,0.1436718888580799,0.006247745826840401,17.08846453009268
26.549712657928467,-15.213036100214872,1.7259290802711327,0.09364419430494308,0.0,16.938965180486004
26.570024251937866,-14.904110449438091,1.7873748331993955,0.027362018823623657,0.02187151461839676,16.691485282637487
26.589787244796753,-14.528375300607886,1.8487412619864152,0.0,0.06927230954170227,16.377116562594303
26.609782457351685,-14.12771978257687,1.910025661471293,0.042611394077539444,0.09349671378731728,16.037745444048163
26.629796504974365,-13.76895760729431,1.9712253320253748,0.09650016948580742,0.09504175663460046,15.740182939319684
26.649773120880127,-13.511290265107398,2.0323375797382717,0.16419139131903648,0.10030249005649239,15.54362784484567
26.66983389854431,-13.386224564502205,2.0933597166037377,0.09419139131903648,0.06590826308820397,15.479584281105943
26.689807415008545,-13.391302682973063,2.1542890607057217,0.02419139131903647,0.044387564645148814,15.545591743678784
26.70987558364868,-13.486642317332187,2.2151229364042457,0.0,0.07562900392804295,15.701765253736433
26.72980308532715,-13.639846819736839,2.275858674521414,0.0,0.13299048005137593,15.915705494258253
26.749767065048218,-13.772862880221256,2.3364936125273577,0.07,0.07653547509107739,16.109356492748613
26.76986050605774,-13.944693378169205,2.397025094726164,0.0,0.006535475091077381,16.34171847289537
26.7898690700531,-14.138955050067826,2.457450472441904,0.0,0.0,16.59640552250973
26.809908628463745,-14.334411838241008,2.517767104204527,0.07,0.0,16.852178942445533
26.8297438621521,-14.507016703224318,2.577972355935824,0.06568353546783329,0.0,17.084989059160144
26.8498694896698,-14.6360366059668,2.638063601135441,0.11641584632918239,0.06271617114543915,17.27410020710224
26.869811296463013,-14.70358676427448,2.698038221066776,0.10964022034779192,0.0,17.401624985341257
26.889825344085693,-14.703497483282774,2.7578936049429537,0.04448998177424074,0.0,17.461391088225728
26.909815788269043,-14.64021508819973,2.817627150112841,0.0016981942392885752,0.07,17.457842238312573
26.929761171340942,-14.527758749622613,2.877236262246882,0.0,0.030101034492254264,17.404995011869495
26.949871063232422,-14.384110927331493,2.9367183555232046,0.0,0.0,17.320829282854696
26.96979260444641,-14.259392220515279,2.9960708528134745,0.0,0.0,17.255463073328755
26.98980164527893,-14.114299968644207,3.0552911858688745,0.0,0.005459608510136604,17.169591154513082
27.009730577468872,-13.95888054207389,3.1143767955061072,0.07,0.024477044120430946,17.073257337579996
27.029717206954956,-13.800384124587346,3.173325131793286,0.0,0.0,16.97370925638063
27.0497829914093,-13.643927645686384,3.2321336542359536,0.07,0.07,16.876061299922338
27.06976342201233,-13.493011462074222,3.290799831963021,0.12677705630660058,0.01703436270356179,16.783811294037243
27.089820384979248,-13.349920839103598,3.3493211439126913,0.06380597844719887,0.0870343627035618,16.69924198301629
27.10978674888611,-13.21603683553509,3.4076950790184863,0.0,0.08736529912916013,16.623731914553577
27.129790544509888,-13.09207606827332,3.4659191363951507,0.0,0.017365299129160128,16.557995204668472
27.149721384048462,-12.978274759553845,3.5239908255246135,0.0,0.0,16.502265585078458
27.169783115386963,-12.872212885182753,3.5819076664419853,0.04277295619249344,0.07,16.45412055162474
27.189794540405273,-12.780127257965527,3.639667189921486,0.09992434456944466,0.0,16.419794447887014
27.209718704223633,-12.696687175317612,3.697266937662395,0.0931394062936306,0.07,16.393954112980005
27.229779481887817,-12.62145117320405,3.7547044624750487,0.1631394062936306,0.14,16.376155635679098
27.249744176864624,-12.55389640167697,3.81197732846676,0.2331394062936306,0.17338420018553735,16.365873730143733
27.269723176956177,-12.49345726138135,3.8690831112278072,0.20547410227358343,0.16774082543328406,16.362540372609157
27.289902687072754,-12.437237018287536,3.9260193980173614,0.27547410227358343,0.23774082543328406,16.3632564163049
27.309826612472534,-12.387745165222976,3.9827837879494776,0.34547410227358344,0.16774082543328406,16.370528953172453
27.329801559448242,-12.341914724609518,4.039373892179007,0.4064546308666468,0.23774082543328406,16.381288616788524
27.34989905357361,-12.302151633889721,4.095787334087644,0.3759489867091179,0.30774082543328407,16.397938967977367
27.369905710220337,-12.26533440958474,4.152021749469782,0.33600313097238543,0.28665625790134075,16.41735615905452
27.389910221099854,-12.226900944292757,4.208074786718505,0.3075905635207892,0.34545881414785984,16.434975731011264
27.409729480743408,-12.19353202847329,4.2639441070116355,0.3775905635207892,0.27545881414785983,16.457476135484924
27.4298095703125,-12.150120642543706,4.319627384497522,0.3075905635207892,0.34545881414785984,16.469748027041227
27.449899435043335,-12.09392901166886,4.375122306481153,0.2651668830960989,0.41545881414785985,16.469051318150015
27.469908952713013,-12.025708701122168,4.430426573610035,0.20404351197183135,0.3765557453967631,16.456135274732205
27.48994731903076,-11.95093144417374,4.485537900060182,0.24900795958936217,0.3065557453967631,16.43646934423392
27.509820699691772,-11.873570607269444,4.540454013722041,0.2807166583091021,0.2935027053765953,16.414024620991484
27.529836654663086,-11.796454102939062,4.595172656386515,0.2692562292516232,0.3168961780332029,16.391626759325575
27.54988670349121,-11.719223356426125,4.649691583930853,0.2863987597823143,0.32519313154742124,16.36891494035698
27.56977391242981,-11.636999623396173,4.704008566504607,0.30777978219091895,0.39519313154742125,16.34100818990078
27.58985948562622,-11.544209465081087,4.758121388715683,0.31056421014480295,0.44009122801944617,16.302330853796768
27.609802961349487,-11.446525549365175,4.812027849816181,0.24056421014480295,0.37009122801944616,16.258553399181356
27.62992024421692,-11.361713879751818,4.865725763888451,0.31056421014480295,0.30009122801944615,16.227439643640267
27.64992070198059,-11.27438131787154,4.91921296003099,0.32106331686489287,0.2617596038989723,16.19359427790253
27.669925451278687,-11.180650389706658,4.97248728254441,0.2799063580762595,0.21750017492100598,16.15313767225107
27.68989109992981,-11.066414765549029,5.025546591117422,0.2099063580762595,0.17199345169588925,16.091961356666452
27.709888219833374,-10.910835123578837,5.078388761012793,0.1399063580762595,0.11397402597591283,15.98922388459163
27.729883909225464,-10.721373628744761,5.1310116832532575,0.0699063580762595,0.059191691260784884,15.852385311998018
27.749918460845947,-10.513371699717213,5.18341326480753,0.03142179588787258,0.029633310195058604,15.696784964524744
27.769972324371338,-10.297973816769314,5.235591428776241,0.0,0.09963331019505861,15.533565245545555
27.789897680282593,-10.083115637325047,5.287544114577933,0.00034488894743844867,0.12896142361685636,15.37065975190298
27.80986452102661,-9.874294889861877,5.3392692781349,0.019732642627786845,0.17205760834738615,15.213564167996777
27.83001184463501,-9.677487421167777,5.390764892059332,0.08973264262778685,0.13078578023239973,15.06825231322711
27.849928855895996,-9.50661415211427,5.442028945839104,0.13187917263014243,0.20078578023239974,14.948643097953374
27.869988203048706,-9.348170793964673,5.493059446023821,0.06806304246885703,0.24629052532836798,14.841230239988494
27.889934301376343,-9.202536766483666,5.543854416410772,0.13806304246885703,0.17629052532836798,14.746391182894438
27.909833669662476,-9.071954366747928,5.5944118982308755,0.1452320260438137,0.10629052532836797,14.666366264978803
27.92984938621521,-8.946002625942999,5.644729950334613,0.07523202604381368,0.17629052532836798,14.590732576277611
27.94987964630127,-8.798790517923727,5.694806649378066,0.10203562571434305,0.16566182507202032,14.493597167301793
27.96990418434143,-8.598996868961553,5.744640090008739,0.03203562571434304,0.1653251113323495,14.343636958970292
27.989895343780518,-8.337834126243468,5.794228385051689,0.0997527755680494,0.12284917626064273,14.132062511295157
28.009949922561646,-8.03397948438967,5.843569665695355,0.029752775568049394,0.17534885052125904,13.877549150085025
28.029953241348267,-7.708479941895201,5.892662081677569,0.0997527755680494,0.10534885052125903,13.60114202357277
28.049942016601562,-7.376524780975863,5.941503801471484,0.029752775568049394,0.03534885052125902,13.318028582447347
28.070001363754272,-7.088312835047966,5.990093012471556,0.0997527755680494,0.0,13.078405847519523
28.089937925338745,-6.79860134701081,6.038427921179522,0.03473713173298165,0.02551557868719101,12.837029268190332
28.109882593154907,-6.515483621865696,6.0865067533903385,0.018004049721639603,0.010230395942926407,12.601990375256035
28.12983274459839,-6.244407332919357,6.134327754378127,0.0,0.004959985613822937,12.378735087297484
28.14985990524292,-5.988838976640573,6.181889189082135,0.01053753774613142,0.05812744051218033,12.170728165722707
28.169974327087402,-5.750777603701935,6.229189342292695,0.0,0.0784577913582325,11.97996694599463
28.18996238708496,-5.5334666689673595,6.27622651883723,0.00801070872694254,0.04465104639530182,11.80969318780459
28.209813833236694,-5.336295789016152,6.3229990437661385,0.0,0.07607586681842804,11.65929483278229
28.229872703552246,-5.158310214468481,6.369505262538823,0.06564955413341522,0.05008379742503166,11.527815477007305
28.249934911727905,-4.9983411684087535,6.415743541209558,0.03320416808128357,0.06720091216266155,11.414084709618312
28.26980972290039,-4.855102017576059,6.461712266613585,0.012442389503121376,0.06695860126637854,11.316814284189643
28.289944171905518,-4.730738129753927,6.507409846552932,0.06239885650575161,0.08561338172876276,11.238147976306859
28.309882879257202,-4.619282274513959,6.552834709982427,0.0,0.136110902443761,11.172116984496387
28.329941034317017,-4.519729493253941,6.597985307195685,0.0,0.08660494969808497,11.117714800449626
28.349881172180176,-4.433384405234892,6.6428601100110605,0.0,0.0695915600808803,11.076244515245953
28.369812965393066,-4.3561723899370985,6.687457611957576,0.0,0.08635101714753546,11.043630001894675
28.389704942703247,-4.287338942631292,6.731776328460846,0.0,0.15635101714753546,11.019115271092138
28.40988278388977,-4.226139182832708,6.775814797029177,0.0,0.08635101714753546,11.001953979861884
28.42987322807312,-4.171854546114456,6.819571577439323,0.0,0.01635101714753545,10.99142612355378
28.449856996536255,-4.123803684357434,6.8630452519226495,0.0,0.0,10.986848936280083
28.469836235046387,-4.0813490560187144,6.906234425350945,0.0,0.0,10.98758348136966
28.489866018295288,-4.043900349085292,6.949137725422446,0.0,0.0,10.993038074507737
28.509875297546387,-4.011386425614802,6.991753802847775,0.03600432351231575,0.0,11.003140228462577
28.52989649772644,-3.982686195384547,7.034081331535887,0.10600432351231576,0.013065326027572155,11.016767526920434
28.549849271774292,-3.957391273344333,7.076119008780108,0.06173476547002793,0.0467217406257987,11.03351028212444
28.569881439208984,-3.935128256696886,7.11786555544397,0.06560354067943991,0.008823062293231487,11.052993812140857
28.589913368225098,-3.917874229708238,7.159319716147259,0.038939037760719664,0.0788230622932315,11.077193945855496
28.609889030456543,-3.902237728849487,7.20048025945195,0.0,0.11498957004398108,11.102717988301437
28.62996482849121,-3.8881368282963114,7.241345978048127,0.07,0.16384900610893965,11.129482806344438
28.64989995956421,-3.8754741533919304,7.2819156889400105,0.0,0.1648346769437194,11.157389842331941
28.66990327835083,-3.864144165321683,7.322188233631891,0.018099579960107803,0.2012811253592372,11.186332398953574
28.689924001693726,-3.8540384360709052,7.362162478314076,0.0,0.1312811253592372,11.21620091438498
28.709822177886963,-3.8450493884519745,7.4018373140488265,0.0027233827859163284,0.2012811253592372,11.2468867025008
28.72990584373474,-3.837244867807934,7.44121165695632,0.06321659125387669,0.1579817744717002,11.278456524764254
28.74994945526123,-3.8302967873483964,7.480284448400706,0.1332165912538767,0.14235437724739314,11.310581235749103
28.76995539665222,-3.8241266893985,7.519054655175978,0.1843572237342596,0.21235437724739314,11.343181344574479
28.789892196655273,-3.8186595751467136,7.557521269691833,0.1143572237342596,0.14235437724739314,11.376180844838547
28.809831142425537,-3.813824824825973,7.5956833101598775,0.0706764031201601,0.21235437724739314,11.40950813498585
28.829931259155273,-3.807240373360085,7.63353982077939,0.1406764031201601,0.21463287725113334,11.440780194139474
28.849853992462158,-3.7926651019955937,7.671089871923336,0.1499204781651497,0.2092878633271903,11.46375497391893
28.869933128356934,-3.745127516268492,7.708332560324358,0.2198808115720749,0.2281476129870862,11.453460076592851
28.889890909194946,-3.6319371866457653,7.74526700926064,0.15221287280321122,0.1797498707752675,11.377204195906405
28.90985369682312,-3.422852859443555,7.781892368742032,0.11528424516320229,0.10974987077526749,11.204745228185587
28.929983854293823,-3.1132949164496346,7.818207815695818,0.045284245163202286,0.1797498707752675,10.931502732145452
28.949923753738403,-2.844528806952713,7.8542125541528485,0.11528424516320229,0.1771198575012386,10.698741361105562
28.96998119354248,-2.497176994789597,7.889905815433288,0.057910199910402305,0.2471198575012386,10.387082810222886
28.989910125732422,-2.1067118600622305,7.925286858332889,0.1279101999104023,0.1771198575012386,10.03199871839512
29.009843826293945,-1.6989080706522317,7.960354969308572,0.11579118330031635,0.13065118236467244,9.659263039960804
29.029893398284912,-1.2898088166481756,7.995109462664722,0.15538358349353076,0.14956000527366997,9.284918279312897
29.049805641174316,-0.8905915256714014,8.029549680738928,0.08538358349353076,0.07956000527366996,8.92014120641033
29.069851636886597,-0.5087593820635102,8.063674994088021,0.01538358349353075,0.07143309449777008,8.572434376151532
29.089908123016357,-0.14906576708125321,8.097484801674053,0.07185446936637163,0.14143309449777008,8.246550568755307
29.10986828804016,0.18577117227188764,8.130978531050204,0.11001007724553347,0.1645206034742296,7.945207358778316
29.12989830970764,0.48756951508800334,8.164155638546791,0.04001007724553346,0.09452060347422958,7.676586123458788
29.14992618560791,0.744567943714969,8.197015609457171,0.0181291190162301,0.036288746800273664,7.452447665742202
29.169995069503784,0.967700540930374,8.229557958223776,0.0,0.04255350789055229,7.261857417293402
29.190003871917725,1.138874695698405,8.26178222862395,0.0,0.1125535078905523,7.122907532925545
29.20988392829895,1.2601828644309927,8.29368799395607,0.0019544274546205997,0.12481203755363823,7.033505129525077
29.22988986968994,1.3436580314926705,8.325274857225384,0.0,0.056456924285739674,6.981616825732714
29.2498939037323,1.396338808932422,8.356542451329972,0.035864584147930145,0.02346380135044457,6.96020364239755
29.26987338066101,1.4262420098493978,8.38749043924679,0.0,0.03200910134240986,6.961248429397392
29.289762258529663,1.4395362563022223,8.418118514217564,0.0,0.013749313410371555,6.978582257915342
29.30989909172058,1.4409438796521796,8.44842639993475,0.0,0.07184122582897545,7.00748252028257
29.329939603805542,1.4340581895120517,8.47841385072746,0.0,0.06822586838155986,7.044355661215408
29.349908351898193,1.421593597795661,8.508080651747548,0.0,0.07731338530778886,7.0864870539518865
29.36996841430664,1.4032661651578247,8.53742661915544,0.02429511584341526,0.10863685175776483,7.134160453997615
29.389936208724976,1.387353820220079,8.566451600306166,0.07948446832597256,0.0992128209769726,7.179097780086087
29.409892082214355,1.3675340313848479,8.595155473935208,0.058988774195313454,0.1692128209769726,7.22762144255036
29.429885387420654,1.3455225569358034,8.623538150344654,0.035462770611047745,0.15475812371820213,7.278015593408851
29.449910163879395,1.322568890632267,8.651599571588989,0.010862890630960464,0.08559378053992989,7.329030680956722
29.469937086105347,1.3018820858309665,8.679339711661065,0.0634029433131218,0.09488394487649204,7.377457625830099
29.489907026290894,1.2833149971979574,8.706758576678183,0.031358473002910614,0.024883944876492037,7.423443579480226
29.5098876953125,1.2643932074860886,8.733856205067951,0.0,0.09488394487649204,7.4694629975818625
29.529922246932983,1.2480400791898432,8.760632667754223,0.01049008034169674,0.13219910118728878,7.512592588564379
29.549943447113037,1.2339020777901157,8.787088068343138,0.0,0.12073071211576464,7.553185990553022
29.56981921195984,1.2216752656963679,8.81322254330906,0.015363939106464386,0.14429282493889334,7.591547277612692
29.589868307113647,1.2110981646166887,8.839036262180393,0.0,0.10308084361255171,7.627938097563704
29.609906911849976,1.201914855413097,8.86452942772587,0.0,0.039618534073233624,7.662614572312773
29.62991166114807,1.1939724953778803,8.889702276140099,0.061881404370069504,0.05364886209368708,7.6957297807622185
29.649916172027588,1.184785046314155,8.91455507722985,0.0,0.11381236001849176,7.729770030915694
29.669906854629517,1.1749749170278603,8.939088134599853,0.0,0.15504035264253618,7.7641132175719925
29.6899516582489,1.1673071792471967,8.963301785838837,0.046252209693193436,0.17664743125438692,7.79599460659164
29.709935188293457,1.1590132389993804,8.987196402705344,0.005381792783737183,0.16288706198334696,7.828183163705964
29.72991108894348,1.1528192847740304,9.010772391313893,0.0,0.09288706198334695,7.8579531065398625
29.749933004379272,1.1482471807381442,9.034030192320781,0.0,0.14444116070866586,7.885783011582637
29.76991891860962,1.1449220794122075,9.056970281110097,0.0,0.21444116070866587,7.912048201697889
29.789907217025757,1.142550754450664,9.079593167979727,0.036221276968717575,0.18976984642446043,7.937042413529063
29.809765577316284,1.1409043998990531,9.101899398327227,0.020230751484632492,0.17681214310228827,7.960994998428173
29.829779863357544,1.1394749928439167,9.123889552835848,0.06557197868824005,0.14703247979283335,7.984414559991931
29.849735260009766,1.1385639374023944,9.145564247660374,0.09897621721029282,0.1577839032188058,8.007000310257979
29.86976146697998,1.138036929614308,9.166924134613357,0.04830058291554451,0.20979681987315418,8.028887204999048
29.889761686325073,1.1401069111269755,9.18796990135067,0.09196095541119576,0.20259159760549666,8.047862990223694
29.9097797870636,1.150875200681426,9.20870227155789,0.02196095541119575,0.18191407764330508,8.057827070876463
29.929752349853516,1.1812994561098402,9.229122005135917,0.0,0.21177365774288776,8.047822549026076
29.949909210205078,1.238472621153659,9.249229898387163,0.0,0.14177365774288775,8.010757277233505
29.96991991996765,1.3289326991042139,9.269026784201344,0.0,0.16574765542522074,7.94009408509713
29.989933729171753,1.4517108898445663,9.288513532241556,0.0,0.15630502426996828,7.836802642396989
30.00985622406006,1.6052825433487643,9.307691049130167,0.0,0.14462314346805216,7.702408505781403
30.0298752784729,1.7900934571984406,9.326560278634854,0.0,0.10297392109408976,7.536466821436414
30.050019025802612,1.950551011049429,9.34512220185443,0.0,0.14879781180992724,7.394571190805001
30.07002854347229,2.1379942669566785,9.363377837404919,0.0,0.09711719105020167,7.2253835704482405
30.089912176132202,2.3438739123395926,9.381328241605509,0.001888735219836235,0.04994999790564181,7.037454329265916
30.1098792552948,2.5571331767785237,9.398974508664395,0.0,0.11994999790564181,6.841841331885871
30.129971504211426,2.769897754900405,9.416317770864921,0.02069229818880558,0.04994999790564181,6.646420015964516
30.149923086166382,2.9743949976540427,9.433359198751372,0.0,0.11994999790564181,6.458964201097329
30.16995406150818,3.167760407987758,9.450100001314993,0.0,0.11532772894948723,6.282339593327235
30.1899151802063,3.348297740582827,9.466541426179997,0.023396257311105728,0.16278716366738083,6.11824368559717
30.209866046905518,3.515166899270832,9.482684759789414,0.025672206189483404,0.1413140092417598,5.967517860518583
30.22993779182434,3.6681445929692753,9.498531327591238,0.017903379630297422,0.2113140092417598,5.830386734621962
30.249903202056885,3.8074418361471225,9.514082494224176,0.0,0.21479547766037288,5.706640658077054
30.269904613494873,3.928383259101635,9.529339663703595,0.04622771963477135,0.16881207746453586,5.600956404601961
30.289884328842163,4.038570173334195,9.544304279607818,0.0,0.11794204262085262,5.505734106273623
30.30988311767578,4.1360669038260935,9.55897782526364,0.0,0.09382540543563667,5.422910921437546
30.329906702041626,4.224496113212795,9.573361823932647,0.02237219735980034,0.07859611787833276,5.348865710719852
30.34993815422058,4.304296657518377,9.587457838996851,0.0,0.0715112578775734,5.283161181478474
30.36986994743347,4.376000765098026,9.601267474144954,0.0,0.09894322647713127,5.225266709046928
30.38999319076538,4.440191492078596,9.61479237355811,0.0,0.0901403533946723,5.174600881479514
30.40997576713562,4.497471832179905,9.62803422209597,0.0,0.08647534388117495,5.130562389916064
30.429814338684082,4.548442735548147,9.640994745482637,0.004931808449327946,0.10641721027903261,5.092552009934489
30.449743270874023,4.59368789492602,9.653675710492465,0.0313929570838809,0.15829141574911776,5.059987815566445
30.469796180725098,4.6337636332413465,9.666078925136343,0.023369603790342808,0.16347297231666746,5.032315291894997
30.489787578582764,4.6685584124289,9.678206238847373,0.0059554120525717735,0.23347297231666747,5.009647826418473
30.50984525680542,4.699402316696179,9.690059542666862,0.025189138017594814,0.22360673933289948,4.990657225970684
30.529858827590942,4.726689132762299,9.701640769430462,0.019640056416392326,0.15360673933289948,4.9749516366681625
30.54974603652954,4.7507861238556,9.71295189395395,0.0,0.1903043170180172,4.962165770098349
30.56984043121338,4.77203245132356,9.723994933219249,0.018811944872140884,0.15610344751738015,4.951962481895689
30.589850664138794,4.790738818936029,9.734771946560326,0.02541686547920108,0.17877022965811196,4.944033127624296
30.609833478927612,4.807187975821649,9.745285035849278,0.0,0.14494850157760086,4.938097060027629
30.629844903945923,4.821635802539246,9.755536345682252,0.0,0.12358880086801949,4.933900543143006
30.649792432785034,4.834312773560064,9.76552806356521,0.028551869094371796,0.1374144521262497,4.931215290005146
30.66974425315857,4.845425642654031,9.775262420100226,0.006004726514220238,0.15295500817708674,4.929836777446195
30.689775943756104,4.855159238682637,9.784741689171241,0.0,0.1456727292109281,4.9295824504886046
30.70977783203125,4.8636101952651805,9.793968188129849,0.0,0.21567272921092812,4.930357992864669
30.729852437973022,4.8710156270182745,9.802944277981709,0.0,0.16471622665412727,4.931928650963434
30.74981164932251,4.877499688323932,9.811672363572164,0.0,0.16088941893540326,4.934172675248232
30.769744634628296,4.883172897005826,9.820154893772166,0.0,0.14870014241896573,4.93698199676634
30.789769172668457,4.888133386515643,9.828394361664525,0.0,0.13667833167128268,4.940260975148882
30.80972957611084,4.892468102066018,9.836393304729647,0.018495822325348854,0.08634882154874507,4.943925202663629
30.829788208007812,4.896253926305909,9.844154305031452,0.0,0.15634882154874508,4.947900378725543
30.849868535995483,4.899558726390476,9.851679989403497,0.0,0.08634882154874507,4.952121263013021
30.869873762130737,4.902442318857697,9.858973029634946,0.0,0.15634882154874508,4.9565307107772485
30.889846563339233,4.904957351985949,9.866036142656185,0.0,0.20318681078962986,4.961078790670236
30.90981388092041,4.907150107581021,9.872872090725355,0.0,0.15817676561884586,4.965721983144334
30.929852724075317,4.909053913972372,9.879483681613763,0.0,0.14889856039546434,4.9704297676413915
30.94980502128601,4.910714158984851,9.885873768792148,0.0,0.11177019759081308,4.975159609807298
30.96999430656433,4.912161475450372,9.892045251616626,0.037246234714984894,0.1817701975908131,4.979883776166254
30.98987054824829,4.913422752043575,9.898001075514458,0.00717766210436821,0.191442490098998,4.984578323470883
31.009928226470947,4.914521568172591,9.903744232170233,0.0,0.18303184351883833,4.989222663997642
31.02981996536255,4.915478583261011,9.909277759711799,0.0,0.25303184351883834,4.993799176450787
31.049914360046387,4.916311884091414,9.91460474289589,0.0,0.2056904408987612,4.998292858804476
31.069881677627563,4.917037293865055,9.919728313294609,0.030458612367510796,0.2438699018117041,5.002691019429554
31.08994698524475,4.917668646525123,9.924651649481095,0.01046753115952015,0.21042029670439666,5.006983002955972
31.109873056411743,4.918218029722997,9.929377977215328,0.0640102420002222,0.26494865975342696,5.011159947492331
31.12973928451538,4.918695018241809,9.93391056963043,0.07085630716755986,0.19494865975342696,5.015215551388621
31.149882793426514,4.9191101332113,9.938252747418534,0.038254276383668184,0.2433443679567427,5.019142614207235
31.169790983200073,4.928736724050316,9.942407879016493,0.050892145838588476,0.17334436795674268,5.013671154966176
31.189926147460938,4.97230389494446,9.94637938079208,0.015515306498855352,0.10334436795674268,4.974075485847621
31.20992612838745,5.077675237627451,9.95017071722998,0.03577866358682513,0.1345709489192814,4.872495479602529
31.229921340942383,5.271840807442247,9.953785401117514,0.0492867105640471,0.1731003673281521,4.681944593675267
31.2499258518219,5.561941813739957,9.957226993730899,0.029393252450972795,0.1247127877082676,4.395285179990942
31.269898414611816,5.920297507416349,9.960499105020855,0.0,0.08247585608623925,4.040201597604506
31.289873838424683,6.316617144624171,9.963605393799018,0.01885812357068062,0.09384416989050809,3.6469882491748464
31.30986213684082,6.7288608319309615,9.966549567923266,0.010138866491615772,0.14913029796443883,3.237688735992305
31.32968235015869,7.141300414141558,9.969335384484435,0.010023097369412426,0.1687395927961916,2.828034970342877
31.34980535507202,7.499390989499382,9.971966649991764,0.012649285468796734,0.166941992379725,2.4725756604923816
31.369791507720947,7.846960595506874,9.974447220558744,0.04436183613870526,0.19130759816616777,2.12748662505187
31.38978099822998,8.161847945523151,9.97678100208967,0.0341771634775796,0.2613075981661678,1.8149330565665185
31.409809112548828,8.424888884871397,9.978971950465034,0.1041771634775796,0.2387166275456548,1.5540830655936375
31.429790496826172,8.619506077328557,9.981024071727713,0.12411775768880035,0.24073658658191566,1.361517994399156
31.449718952178955,8.745253922572376,9.982941422268965,0.13180878761369968,0.23387374131008987,1.2376874996965892
31.469945907592773,8.8152197000914,9.984728109014327,0.17585908997018124,0.2263926887698472,1.1695084089229262
31.489830017089844,8.844596404671263,9.986388289609494,0.1714852229054668,0.22490873625967656,1.1417918849382307
31.51363515853882,8.847322861875911,9.98717225327967,0.1714852229054668,0.22490873625967656,1.139849391403759
31.529937267303467,8.833783071527325,9.989346017649403,0.1258013844784,0.24736585533712063,1.1555629461220782
31.556586265563965,8.81625094802915,9.990013021093098,0.1258013844784,0.24736585533712063,1.1737620730639478
31.57004714012146,8.801029110791667,9.991848889025938,0.14400934058387066,0.20228232881519947,1.190819778234271
31.58973741531372,8.790140941858382,9.99294069178232,0.17374802011210705,0.1857508921111003,1.202799749923937
31.609798192977905,8.782549810632954,9.993448630237154,0.17374802011210705,0.1857508921111003,1.2108988196041999
31.629974365234375,8.775132452632581,9.994827360978569,0.23517651113827015,0.23150843913201247,1.2196949083459874
31.649738311767578,8.768031277794778,9.995631315415103,0.2282343581612804,0.16293040839955214,1.2276000376203253
31.669732570648193,8.75670417213249,9.99634849560735,0.17864108833629871,0.23018334237858656,1.2396443234748595
31.689696311950684,8.721893209551137,9.996983576631155,0.11758523809869076,0.2492015416733921,1.2750903670800184
31.709763050079346,8.64852477802987,9.997541286328282,0.1674428992267349,0.17920154167339208,1.349016508298412
31.72974157333374,8.527145219722884,9.99802640549218,0.21347296613414074,0.2283938883058727,1.4708811857692954
31.74982762336731,8.345504492839266,9.998443768053935,0.21538953008741374,0.22514143024571243,1.6529392752146688
31.76976752281189,8.096682134841524,9.998798261268398,0.2545792189487838,0.28479626585729423,1.9021161264268738
31.78972029685974,7.880648210891409,9.999094825899917,0.18497319790214534,0.35479626585729424,2.1184466150085077
31.809764623641968,7.601657464709143,9.999338456408573,0.23933848264307017,0.37210249868221584,2.3976809916994304
31.829723358154297,7.281658217492761,9.999534201135916,0.16933848264307017,0.3634063914883882,2.7178759836431547
31.849669694900513,6.941608814363597,9.999687162491,0.21246849673480028,0.36741104316897694,3.0580783481274034
31.869680166244507,6.589645887059125,9.99980249713623,0.2581618048498058,0.29741104316897693,3.410156610077105
31.889646530151367,6.2317349603733,9.999885416173644,0.18816180484980577,0.2799484878499061,3.7681504558003436
31.909894466400146,5.879125374196915,9.999941185330492,0.1784455613666796,0.3176665231306106,4.120815811133577
31.929888010025024,5.53717463546189,9.999975125145397,0.18170454799808794,0.3668664842564613,4.462800489683508
31.949896097183228,5.21163939890204,9.99999261115434,0.20076029449381166,0.334062717827037,4.7883532122523
31.969776391983032,4.90608549539298,9.999999074076431,0.13165399878897005,0.27144009617157283,5.093913578683451
31.98989200592041,4.624779423434136,10.0,0.1321224546842859,0.34144009617157284,5.375220576565864
32.00986838340759,4.380542309674389,10.0,0.14813865300646284,0.32924539563246075,5.619457690325611
32.02975034713745,4.155676314422016,10.0,0.16232771657785633,0.25924539563246074,5.844323685577984
32.04974722862244,3.9478750902250344,10.0,0.12881615616759517,0.32924539563246075,6.052124909774966
32.069740772247314,3.7597196492302714,10.0,0.19881615616759518,0.29861785811372105,6.240280350769728
32.08973574638367,3.590168601338288,10.0,0.17361260034522275,0.2520611916203052,6.409831398661712
32.109745502471924,3.440324648651766,10.0,0.1561362949796603,0.3220611916203052,6.559675351348234
32.12975358963013,3.3127506761495495,10.0,0.17456787467381218,0.34093477514572446,6.68724932385045
32.14975142478943,3.2132725867759673,10.0,0.2445678746738122,0.31180713822133843,6.786727413224033
32.16974377632141,3.138247430406575,10.0,0.17456787467381218,0.3341179502476007,6.861752569593425
32.18975615501404,3.0821840826602505,10.0,0.11314270288130501,0.3992724654544145,6.91781591733975
32.20975685119629,3.0407687795790808,10.0,0.0826486574151204,0.3292724654544145,6.95923122042092
32.229779958724976,3.004810956061108,10.0,0.1526486574151204,0.2690848164726049,6.9951890439388915
32.24974322319031,2.9793997170739175,10.0,0.19163280338427285,0.3390848164726049,7.0206002829260825
32.26974630355835,2.961983639755853,10.0,0.1511484569348977,0.2840768558252603,7.038016360244146
32.289769649505615,2.9505798440950235,10.0,0.14476484790822725,0.3057280977535993,7.0494201559049765
32.30973744392395,2.957550695910729,10.0,0.14379140120610828,0.28645946395583455,7.042449304089271
32.32974696159363,2.997947634877766,10.0,0.07379140120610828,0.35177046370692555,7.002052365122234
32.349767208099365,3.067446066881322,10.0,0.003791401206108269,0.349155663587153,6.932553933118678
32.369678258895874,3.1553262024936757,10.0,0.0,0.419155663587153,6.844673797506324
32.38980770111084,3.25365783797284,10.0,0.0,0.349155663587153,6.74634216202716
32.40967011451721,3.3636064051174803,10.0,0.0,0.279155663587153,6.63639359488252
32.42983961105347,3.4972569674625387,10.0,0.0,0.26107569914311174,6.502743032537461
32.449854135513306,3.6785933465976526,10.0,0.0,0.19107569914311173,6.321406653402347
32.469852447509766,3.836034220700374,10.0,0.0,0.16885433133691552,6.163965779299626
32.48986625671387,4.080558800189507,10.0,0.0,0.15417158763855698,5.919441199810493
32.50987219810486,4.437034299564267,10.0,0.015609143301844597,0.13888811293989423,5.562965700435733
32.52988886833191,4.915149848471389,10.0,0.0,0.11555370289832356,5.084850151528611
32.549816370010376,5.492949687190675,10.0,0.0,0.09343321409076455,4.507050312809325
32.5698344707489,6.127076777012124,10.0,0.008275761269032955,0.03535324495285752,3.8729232229878763
32.58987641334534,6.783615320760493,10.0,0.0,0.10535324495285753,3.216384679239507
32.609912633895874,7.438417418133415,10.0,0.0,0.1446166200563312,2.5615825818665847
32.6298930644989,8.072439826052323,10.0,0.0,0.1666563427075744,1.9275601739476773
32.64988613128662,8.670686779070618,10.0,0.04082893952727318,0.20801048111170534,1.3293132209293823
32.66986441612244,9.2121036299439,10.0,0.050054553896188736,0.17949734386056665,0.7878963700560995
32.68984246253967,9.682175562900714,10.0,0.10885976627469063,0.2052857590839267,0.3178244370992864
32.70987319946289,10.082427045508677,10.0,0.0874309167265892,0.18014143351465467,-0.08242704550867685
32.729897022247314,10.388888803478977,10.0,0.0917031872086227,0.12675275597721342,-0.38888880347897725
32.749953746795654,10.592016762486546,10.0,0.09980024537071586,0.10866063963621858,-0.592016762486546
32.7698917388916,10.701803235128905,10.0,0.1256788200698793,0.07587607707828287,-0.7018032351289047
32.78989624977112,10.743863127681886,10.0,0.09779776027426124,0.03972002621740106,-0.7438631276818857
32.80987882614136,10.737772979454942,10.0,0.13975187903270125,0.05069642830640081,-0.7377729794549417
32.829917907714844,10.698399260650245,10.0,0.1449257000349462,0.12069642830640082,-0.6983992606502447
32.849865674972534,10.636945115425071,10.0,0.09966949140653014,0.08208448354154829,-0.6369451154250712
32.86993718147278,10.561773955701616,10.0,0.11897901957854629,0.10188199866563086,-0.5617739557016161
32.8898983001709,10.496508435618864,10.0,0.04897901957854628,0.08026897076517348,-0.49650843561886404
32.90992760658264,10.408493074798121,10.0,0.0354769423790276,0.04925988528877501,-0.40849307479812147
32.9299681186676,10.272250534150698,10.0,0.0,0.08598165500909094,-0.27225053415069844
32.94985318183899,10.057457686360886,10.0,0.007238531485199928,0.11357507210224871,-0.057457686360885774
32.96989989280701,9.733541125349893,10.0,0.03567066788673401,0.18357507210224872,0.2664588746501071
32.989893436431885,9.28677380176742,10.0,0.05216879025101662,0.20734665799885993,0.7132261982325794
33.00988817214966,8.720124286974382,10.0,0.10607026517391205,0.16840043548494582,1.2798757130256178
33.02990007400513,8.059661107698377,10.0,0.12346752919256687,0.21814398352056746,1.9403388923016234
33.04993510246277,7.34681053423006,10.0,0.07851054705679417,0.2560339260473848,2.65318946576994
33.069902658462524,6.616359803369324,10.0,0.00851054705679416,0.22081179801374679,3.383640196630676
33.0899224281311,5.895251647198514,10.0,0.0,0.23664013180881743,4.104748352801486
33.10989785194397,5.269167135245503,10.0,0.037090640515089035,0.28841993842273955,4.730832864754497
33.12996959686279,4.660687527563747,10.0,0.07666156068444252,0.24674862135201697,5.339312472436253
33.14983868598938,4.099003141859594,10.0,0.0066615606844425135,0.1872806686535478,5.900996858140406
33.16988396644592,3.6263191991485164,10.0,0.07666156068444252,0.2021145380660892,6.373680800851483
33.18987321853638,3.288135807233188,10.0,0.01261957362294197,0.20721764560788875,6.711864192766813
33.20988702774048,3.131042487274073,10.0,0.0084619983099401,0.18154956284910445,6.8689575127259275
33.22989630699158,3.182626799071005,10.0,0.0,0.25154956284910446,6.817373200928995
33.24991965293884,3.4333873639775687,10.0,0.0,0.18154956284910445,6.566612636022431
33.26977229118347,3.8274648277870367,10.0,0.021226881071925163,0.25154956284910446,6.172535172212964
33.29231524467468,4.310701534450928,10.0,0.0,0.19109238166362053,5.689298465549072
33.309852838516235,4.8431308538427835,10.0,0.013156959787011147,0.13572246808558708,5.1568691461572165
33.329795837402344,5.305399582504846,10.0,0.042690474539995193,0.17154462490230804,4.694600417495154
33.34978652000427,5.797049793448162,10.0,0.07455604523420334,0.22970892343670135,4.202950206551838
33.369789361953735,6.29383406968121,10.0,0.05430695042014122,0.15970892343670134,3.7061659303187904
33.38977527618408,6.783408018428653,10.0,0.0,0.17976151477545504,3.216591981571347
33.40986490249634,7.255071145441287,10.0,0.0,0.1575959518179298,2.7449288545587134
33.42984914779663,7.701863134680039,10.0,0.059549469500780106,0.17733627814799552,2.298136865319961
33.44986128807068,8.11728861498207,10.0,0.10806431993842125,0.1970581736043096,1.8827113850179291
33.46976447105408,8.499979037779488,10.0,0.1099218720337376,0.17513190094381575,1.5000209622205123
33.489825963974,8.849846564989088,10.0,0.10318121209274977,0.23786326382309203,1.1501534350109122
33.50982975959778,9.16537888183959,10.0,0.09417716029565781,0.22122140672057872,0.8346211181604097
33.52984404563904,9.441797768747307,10.0,0.024177160295657807,0.20332234796136622,0.5582022312526931
33.549814224243164,9.681791703669907,10.0,0.0,0.13332234796136622,0.3182082963300932
33.56980323791504,9.887500407933931,10.0,0.06020262837409973,0.12292352419346575,0.11249959206606874
33.58986687660217,10.057024786818586,10.0,0.004338067024946213,0.11333424791693691,-0.05702478681858558
33.6099066734314,10.189999400356703,10.0,0.019755004905164242,0.06483660086989407,-0.1899994003567027
33.629875898361206,10.289450034367313,10.0,0.0,0.049899583756923716,-0.289450034367313
33.64991354942322,10.356045513285089,10.0,0.0040254066698253155,0.0,-0.35604551328508904
33.66989612579346,10.393432631676106,10.0,0.01950293453410268,0.04187759757041931,-0.39343263167610587
33.689961194992065,10.409546861066678,10.0,0.029050529468804598,0.10798220336437225,-0.40954686106667815
33.70984244346619,10.405827973203097,10.0,0.06538950698450208,0.16422448307275772,-0.40582797320309716
33.729920625686646,10.374533312718249,10.0,0.0537881632335484,0.17519908118993044,-0.3745333127182491
33.74985480308533,10.301746346977934,10.0,0.0,0.15810205321758986,-0.301746346977934
33.769914388656616,10.23855084498271,10.0,0.011523883789777756,0.18499651085585356,-0.23855084498270962
33.79112648963928,10.114761109501082,10.0,0.08152388378977776,0.2171118138357997,-0.11476110950108165
33.809889793395996,9.92435009389075,10.0,0.048148665279150016,0.15083229821175337,0.07564990610925015
33.8298978805542,9.678785414798313,10.0,0.04654617740772665,0.13743087463080883,0.32121458520168744
33.849907636642456,9.39906756362975,10.0,0.08866074814461172,0.16261152736842632,0.6009324363702504
33.8698844909668,9.102999521936106,10.0,0.03615223004482687,0.19300860725343227,0.8970004780638945
33.889894247055054,8.803377799743044,10.0,0.07249390839599074,0.16449912078678608,1.1966222002569555
33.91032791137695,8.509184259294333,10.0,0.04607102408073843,0.1666761871892959,1.490815740705667
33.92978262901306,8.228830815215256,10.0,0.0,0.15757562150247395,1.7711691847847444
33.94977259635925,7.967795464471638,10.0,0.04942948743700981,0.13632283103652298,2.032204535528362
33.969741106033325,7.73169033831069,10.0,0.07064311392605305,0.1926669527310878,2.26830966168931
33.98981475830078,7.526697839727625,10.0,0.014569902792572975,0.1576923888642341,2.4733021602723753
34.00973653793335,7.345776758842015,10.0,0.07464036159217358,0.21480072778649628,2.654223241157985
34.02975559234619,7.1863433693555665,10.0,0.020489221438765526,0.21045230445452034,2.8136566306444335
34.04987025260925,7.046036759734088,10.0,0.0730802770704031,0.28045230445452035,2.953963240265912
34.06980299949646,6.922713002789577,10.0,0.0030802770704030924,0.21045230445452034,3.0772869972104226
34.08977746963501,6.814435387386688,10.0,0.0,0.19752407097257674,3.1855646126133124
34.109760761260986,6.719462172420195,10.0,0.003065430326387286,0.16113444068469107,3.2805378275798054
34.129842042922974,6.638549290637192,10.0,0.0,0.16926647000946105,3.361450709362808
34.14973711967468,6.583432979959944,10.0,0.0,0.19716367707587779,3.4165670200400564
34.16977405548096,6.573166876042024,10.0,0.0,0.14920813427306712,3.4268331239579757
34.1897714138031,6.6267522830512435,10.0,0.0,0.18087553442455828,3.3732477169487565
34.209742307662964,6.673276501517058,10.0,0.03988851606845856,0.19059054483659565,3.3267234984829424
34.22974944114685,6.789148805163973,10.0,0.0,0.21335877222009003,3.210851194836027
34.24975514411926,6.957084173287247,10.0,0.009904286824166775,0.1889399748761207,3.042915826712753
34.26974296569824,7.154439259990573,10.0,0.07990428682416678,0.19562628422863781,2.845560740009427
34.28975796699524,7.367027434985156,10.0,0.02663908030837775,0.22506382991559803,2.6329725650148443
34.30975842475891,7.586909824236754,10.0,0.0,0.2029671159107238,2.413090175763246
34.329742431640625,7.806063654918938,10.0,0.07,0.1595769349951297,2.1939363450810623
34.349740505218506,8.01893566715618,10.0,0.060859539248049266,0.22800637525506318,1.98106433284382
34.36974740028381,8.221834232001891,10.0,0.06226508068386466,0.2542573765385896,1.778165767998109
34.38975262641907,8.412458065399914,10.0,0.1123840522998944,0.1842573765385896,1.587541934600086
34.409754037857056,8.589532239735755,10.0,0.06880842270795257,0.1206231225002557,1.410467760264245
34.42974519729614,8.743272558812494,10.0,0.06540394602809102,0.1906231225002557,1.2567274411875058
34.449753761291504,8.886009585269338,10.0,0.007069722102023668,0.1206231225002557,1.1139904147306616
34.46977138519287,9.015025772810494,10.0,0.0,0.1751771341729909,0.9849742271895057
34.489760637283325,9.131111526311006,10.0,0.007502432446926832,0.12309025187976658,0.8688884736889939
34.509751319885254,9.23515662574025,10.0,0.0,0.08631138463504612,0.7648433742597494
34.529778242111206,9.328096425006311,10.0,0.0,0.13380050991661846,0.6719035749936886
34.549793004989624,9.41087328163011,10.0,0.0,0.16900191416032612,0.5891267183698901
34.56986045837402,9.482093233888438,10.0,0.01700933650135994,0.17342501000501215,0.5179067661115617
34.589744091033936,9.538776296157769,10.0,0.020710726035758853,0.14391467400826513,0.4612237038422311
34.6097846031189,9.574603050780212,10.0,0.0,0.09002712422050535,0.4253969492197882
34.62985348701477,9.581101123557286,10.0,0.07,0.1276944024208933,0.4188988764427144
34.64976215362549,9.586742916246017,10.0,0.035901408344507224,0.13806318544782697,0.41325708375398307
34.66979146003723,9.565006116218422,10.0,0.0,0.19885661878623068,0.4349938837815781
34.68977880477905,9.520192856513882,10.0,0.0,0.17155424372293054,0.4798071434861182
34.70978140830994,9.46053218833857,10.0,0.029123207554221153,0.19468221307732164,0.5394678116614298
34.72984766960144,9.39213115144919,10.0,0.0,0.2501008199248463,0.6078688485508099
34.749831676483154,9.319461927604122,10.0,0.0,0.18010081992484628,0.680538072395878
34.76985812187195,9.245743294323399,10.0,0.0,0.16560467042960225,0.7542567056766014
34.789860248565674,9.173238608538952,10.0,0.0,0.20652435057796537,0.8267613914610479
34.809770584106445,9.103487960213135,10.0,0.0440841019153595,0.15471639567054807,0.8965120397868649
34.82975435256958,9.039804831406014,10.0,0.08834391832351685,0.1849680681619793,0.9601951685939856
34.849716901779175,8.982014444978562,10.0,0.038005854934453964,0.17571830646134912,1.017985555021438
34.86977791786194,8.931839356023614,10.0,0.03716199763584882,0.17030407943762838,1.0681606439763858
34.88968014717102,8.886276808290381,10.0,0.012158622150309384,0.18324638054706155,1.113723191709619
34.909669160842896,8.8474351855881,10.0,0.0,0.1324623477552086,1.1525648144118996
34.92968511581421,8.8142854526897,10.0,0.000792658538557589,0.0781936225388199,1.1857145473102992
34.949713706970215,8.78596285271879,10.0,0.0,0.01206264914013444,1.2140371472812106
34.969735622406006,8.761739523901207,10.0,0.0,0.022882535951212035,1.2382604760987928
34.98958468437195,8.741001871840815,10.0,0.0,0.07212795679457484,1.2589981281591847
35.00969910621643,8.72323184124057,10.0,0.0,0.09249914799816905,1.2767681587594293
35.02969479560852,8.707991389683803,10.0,0.0,0.16249914799816906,1.2920086103161967
35.049782037734985,8.694909594695643,10.0,0.07,0.23249914799816906,1.305090405304357
35.06975793838501,8.681355581537186,10.0,0.07682855816558004,0.2484322835225612,1.3186444184628137
35.08963918685913,8.669587641262623,10.0,0.06048545071855188,0.3184322835225612,1.3304123587373766
35.10975790023804,8.657613563261945,10.0,0.07532110175117851,0.35377679479308427,1.342386436738055
35.12970232963562,8.643495533501255,10.0,0.14532110175117852,0.28377679479308426,1.3565044664987447
35.14974236488342,8.62594408790623,10.0,0.12249269230291249,0.3233366620261222,1.3740559120937696
35.16959571838379,8.606470425365844,10.0,0.15191117754206063,0.2969905205536634,1.3935295746341563
35.18970489501953,8.588491202954144,10.0,0.17021640842780472,0.3669905205536634,1.4115087970458564
35.20967650413513,8.574340177982775,10.0,0.16099569654092194,0.3415338182169944,1.4256598220172254
35.22964525222778,8.581751877449317,10.0,0.10472688158974053,0.29864076239056886,1.4182481225506827
35.24977254867554,8.64332320609811,10.0,0.17472688158974053,0.243444812418893,1.3566767939018902
35.269591331481934,8.79416605311108,10.0,0.12069811349734666,0.2854689740855247,1.2058339468889194
35.28978085517883,9.02851953100577,10.0,0.13452161619439723,0.2990975444484502,0.9714804689942298
35.30966663360596,9.231991203842366,10.0,0.15861662993207576,0.34767779980786145,0.7680087961576341
35.32976293563843,9.486728102443092,10.0,0.18988135972991588,0.3048549321759492,0.5132718975569084
35.349714517593384,9.770359259442506,10.0,0.15724894547834994,0.30699079966172577,0.22964074055749428
35.36974883079529,10.064268385626475,10.0,0.22724894547834995,0.3080601854529232,-0.06426838562647497
35.38968825340271,10.355254096135381,10.0,0.28991796189919117,0.23806018545292318,-0.35525409613538095
35.409627199172974,10.627274969520295,10.0,0.2853019835613668,0.287830846151337,-0.627274969520295
35.42962074279785,10.87200511280578,10.0,0.2478654274903238,0.3255428725387901,-0.8720051128057804
35.44973921775818,11.079748071834736,10.0,0.3178654274903238,0.3311386259738356,-1.0797480718347359
35.46969938278198,11.235478280332858,10.0,0.33792140698060397,0.3482469862792641,-1.235478280332858
35.48974370956421,11.306966583764638,10.0,0.26792140698060396,0.4182469862792641,-1.3069665837646376
35.50969099998474,11.260149340229395,10.0,0.22703587656840685,0.4882469862792641,-1.260149340229395
35.5295786857605,11.219501414091107,10.0,0.2741987446509302,0.5003414718527347,-1.2195014140911073
35.5496826171875,11.046142017969343,10.0,0.3311457524262369,0.48932206035591663,-1.046142017969343
35.56963014602661,10.752743827916534,10.0,0.30296919515356424,0.508129056179896,-0.7527438279165342
35.58964729309082,10.365170734816457,10.0,0.31822100954130295,0.438129056179896,-0.36517073481645745
35.609580993652344,9.91545100097576,10.0,0.31220323799178007,0.4094346742425114,0.08454899902423918
35.629640340805054,9.432101394720862,10.0,0.24493665454909208,0.3588331694994122,0.5678986052791384
35.649556159973145,8.93813176491341,10.0,0.18991549519822004,0.4288331694994122,1.0618682350865907
35.66970086097717,8.44748784366249,10.0,0.198948186095804,0.4988331694994122,1.5525121563375102
35.68970227241516,7.969768414807276,10.0,0.268948186095804,0.4682083551678807,2.030231585192724
35.709657192230225,7.5136163301661725,10.0,0.198948186095804,0.4577275908458978,2.4863836698338275
35.729666233062744,7.086782688446921,10.0,0.2576851139031351,0.4679312494490296,2.913217311553079
35.74965500831604,6.716194823125891,10.0,0.24639920538291338,0.45100875505246224,3.283805176874109
35.769715309143066,6.369808372322201,10.0,0.31118735319003465,0.41524918683804574,3.6301916276777986
35.78976392745972,6.05167707649297,10.0,0.3114449680154212,0.4821983382944018,3.94832292350703
35.80964994430542,5.761555574716009,10.0,0.2414449680154212,0.4513837837520987,4.238444425283991
35.8298134803772,5.500851597035456,10.0,0.2720718591962941,0.44363238316960635,4.499148402964544
35.8497679233551,5.267451281377279,10.0,0.26321383877890187,0.5096239338535815,4.732548718622721
35.86967372894287,5.0591667954119846,10.0,0.2157620632578619,0.44048168164677914,4.9408332045880154
35.88964819908142,4.8738165886071965,10.0,0.1457620632578619,0.43982374805724245,5.1261834113928035
35.90965247154236,4.709280968176367,10.0,0.10207768871681766,0.36982374805724244,5.290719031823633
35.929795026779175,4.563539070790516,10.0,0.1066927576181479,0.3411050138971768,5.436460929209484
35.94968509674072,4.4346919377656375,10.0,0.06611421347828583,0.3402750418032519,5.5653080622343625
35.96977782249451,4.322823567249915,10.0,0.11589557693572716,0.34174887712346386,5.677176432750085
35.98986577987671,4.22384835443532,10.0,0.07389467598171906,0.40082776050316166,5.77615164556468
36.00985908508301,4.1410696539626475,10.0,0.1056582854804583,0.4009291691842372,5.8589303460373525
36.02976417541504,4.083304098192584,10.0,0.05375735850306229,0.42770064195123264,5.916695901807416
36.04978632926941,4.058332676689997,10.0,0.020443506699521108,0.35770064195123263,5.941667323310003
36.06977581977844,4.068379278484893,10.0,0.03723061659606175,0.2919727077099378,5.931620721515107
36.089648485183716,4.116382025165375,10.0,0.0,0.24062592138972827,5.883617974834625
36.109734296798706,4.219595784895909,10.0,0.005693505983799696,0.182942028841644,5.780404215104091
36.12970805168152,4.3931830671241086,10.0,0.0,0.1257753928515012,5.6068169328758914
36.14972138404846,4.641188071228623,10.0,0.0,0.13562469159689494,5.358811928771377
36.16971516609192,4.950560459273873,10.0,0.06995837390422821,0.1699980271371896,5.049439540726127
36.18964743614197,5.219165465226915,10.0,0.03274568170309067,0.20635496427741595,4.780834534773085
36.2097008228302,5.534562722749897,10.0,0.0,0.16979563211527415,4.465437277250103
36.22964835166931,5.876465049124354,10.0,0.0,0.23979563211527416,4.123534950875646
36.2496554851532,6.227766477998479,10.0,0.0,0.23796643972367743,3.772233522001521
36.26965117454529,6.578654175730476,10.0,0.00685495650395751,0.20418509006471136,3.4213458242695243
36.2896466255188,6.920006895915404,10.0,0.009053911082446575,0.20368665646732548,3.079993104084596
36.30964946746826,7.245740492669297,10.0,0.024389690719544888,0.2252607234191964,2.754259507330703
36.32971906661987,7.552040677697102,10.0,0.012797947973012924,0.2566399947178433,2.447959322302898
36.34974455833435,7.836770286515269,10.0,0.0,0.18663999471784332,2.163229713484731
36.36964654922485,8.099013376752879,10.0,0.0,0.17167889546573856,1.900986623247121
36.389700174331665,8.338726382576855,10.0,0.0,0.14680389348388412,1.661273617423145
36.409645318984985,8.546851334396901,10.0,0.0,0.07680389348388411,1.4531486656030985
36.429701805114746,8.737172218845934,10.0,0.034026652574539185,0.019315254576213137,1.2628277811540656
36.44974160194397,8.910110859924725,10.0,0.08375115320086479,0.03779429074347712,1.0898891400752753
36.46958661079407,9.066418355504279,10.0,0.07785655604675412,0.02746983122051455,0.933581644495721
36.48978281021118,9.20473836745158,10.0,0.04465004848316312,0.0,0.7952616325484207
36.50974798202515,9.326919216154039,10.0,0.03529882384464145,0.03300228342413902,0.6730807838459612
36.52976655960083,9.43467005470448,10.0,0.0,0.02423903066664934,0.5653299452955203
36.54975700378418,9.522609284516465,10.0,0.0,0.0,0.4773907154835353
36.56982707977295,9.585204737316111,10.0,0.0,0.0,0.41479526268388867
36.589688539505005,9.612332765610855,10.0,0.0,0.05839506536722183,0.38766723438914497
36.60969877243042,9.590947377975263,10.0,0.023130476474761963,0.11359208077192307,0.4090526220247366
36.629687786102295,9.572380038435169,10.0,0.05388165824115276,0.18359208077192307,0.4276199615648313
36.64974355697632,9.492512315659857,10.0,0.10023096390068531,0.23306226328015328,0.507487684340143
36.66967844963074,9.346691623068885,10.0,0.14808341674506664,0.27599860325455666,0.6533083769311148
36.68978834152222,9.133424548610481,10.0,0.08347415737807751,0.21362383261322976,0.8665754513895187
36.70979452133179,8.858084035903829,10.0,0.09675208944827318,0.25697627261281014,1.141915964096171
36.729782581329346,8.535303357618105,10.0,0.03613889683037996,0.1965273690223694,1.4646966423818952
36.749823808670044,8.185762171362864,10.0,0.006439988501369953,0.19296498427167535,1.8142378286371361
36.769814252853394,7.826845780937381,10.0,0.0,0.23061492497101427,2.173154219062619
36.7897891998291,7.4708767605526445,10.0,0.02334875613451004,0.16061492497101426,2.5291232394473555
36.809807538986206,7.1309691475848735,10.0,0.01193839218467474,0.14783471310511231,2.8690308524151265
36.829808712005615,6.827390139422627,10.0,0.0690906373783946,0.1573139945976436,3.1726098605773734
36.84972548484802,6.56381509379602,10.0,0.07051511516328901,0.12389490334317088,3.43618490620398
36.86977815628052,6.360631350706588,10.0,0.0005151151632890039,0.15725314943119884,3.639368649293412
36.88972783088684,6.246443375675111,10.0,0.0,0.17383158346638083,3.7535566243248892
36.909661531448364,6.22719205608623,10.0,0.0,0.24383158346638084,3.7728079439137696
36.92971110343933,6.2836546377989775,10.0,0.0,0.255279228258878,3.7163453622010225
36.94965672492981,6.391218547911627,10.0,0.0,0.27113830314949156,3.6087814520883734
36.96970319747925,6.531441604997645,10.0,0.026814980432391167,0.21328322233632208,3.468558395002355
36.9897301197052,6.690653502495728,10.0,0.019763262942433357,0.14328322233632207,3.309346497504272
37.00968647003174,6.858858664193412,10.0,0.021357400226406753,0.12996029434725642,3.141141335806588
37.029637575149536,7.028877341994716,10.0,0.04489891033153981,0.19996029434725643,2.9711226580052843
37.04973101615906,7.195674828391714,10.0,0.05372355121653527,0.26996029434725644,2.804325171608286
37.06970143318176,7.340492664623644,10.0,0.06682501535397023,0.20993753788992764,2.6595073353763556
37.0898175239563,7.481573551052687,10.0,0.12044756289105862,0.27868946162983776,2.518426448947313
37.10983753204346,7.616340653526497,10.0,0.17048679466824979,0.31827971233054997,2.383659346473503
37.129828691482544,7.743170552589806,10.0,0.1535307540325448,0.2523689035885036,2.256829447410194
37.14980101585388,7.861144837020087,10.0,0.1572751518106088,0.2982244443707168,2.1388551629799126
37.16977906227112,7.96985898514291,10.0,0.1446874070679769,0.31583039728924633,2.03014101485709
37.18981385231018,8.071592422114461,10.0,0.1991726424312219,0.36570605902001263,1.9284075778855385
37.20983076095581,8.17737776026578,10.0,0.24850535427685827,0.305955379139632,1.8226222397342209
37.22979760169983,8.30172029298565,10.0,0.2174747366225347,0.30608007512695623,1.6982797070143505
37.24984097480774,8.45652238831323,10.0,0.23404085112269968,0.23608007512695622,1.54347761168677
37.26976299285889,8.637666699142102,10.0,0.2542488280450925,0.2593130697280867,1.3623333008578982
37.28980755805969,8.794940814637608,10.0,0.23251025786157697,0.25038663994229865,1.2050591853623924
37.3097882270813,8.968883160613887,10.0,0.19224159454461187,0.2805178998754127,1.0311168393861134
37.32979083061218,9.145186004984545,10.0,0.19147113425424322,0.3247490352735622,0.854813995015455
37.34968018531799,9.306900222179793,10.0,0.1485530780046247,0.3031323714897735,0.6930997778202066
37.369747161865234,9.419474282236207,10.0,0.11938945105066523,0.30666151594079566,0.580525717763793
37.38977360725403,9.446306363904112,10.0,0.18938945105066524,0.32032315198041034,0.553693636095888
37.409796714782715,9.375815019777004,10.0,0.15962944796076045,0.39032315198041034,0.6241849802229957
37.42978477478027,9.22800078066618,10.0,0.1288453104137443,0.32032315198041034,0.7719992193338197
37.44984674453735,9.032691548949428,10.0,0.19037886207690463,0.31280965309299064,0.9673084510505721
37.46980881690979,8.807224231052109,10.0,0.26037886207690464,0.272838919867645,1.1927757689478913
37.489776611328125,8.569068212132343,10.0,0.2265877670585178,0.20283891986764502,1.4309317878676566
37.509820222854614,8.362295076094293,10.0,0.1565877670585178,0.24417013283527922,1.6377049239057069
37.52978467941284,8.14884973056334,10.0,0.1615222069597803,0.29650554414547514,1.8511502694366602
37.549809217453,7.93639532833182,10.0,0.16862268943106756,0.3082131797418697,2.0636046716681804
37.56982731819153,7.730228429117471,10.0,0.13027035642182455,0.31137861269235145,2.2697715708825292
37.5897433757782,7.533862213145897,10.0,0.13789650482824073,0.3538345578563167,2.4661377868541026
37.60968017578125,7.3494785706655845,10.0,0.16857821551850066,0.40694367098330986,2.6505214293344155
37.629682540893555,7.178277200481257,10.0,0.15784674102207646,0.33694367098330985,2.821722799518743
37.64969539642334,7.020743972512693,10.0,0.08784674102207646,0.40694367098330986,2.979256027487307
37.66963005065918,6.876856140059293,10.0,0.09222820115974173,0.33694367098330985,3.123143859940707
37.68972873687744,6.746238280759007,10.0,0.15862342430045828,0.28418384479999076,3.253761719240993
37.70971322059631,6.630596252939602,10.0,0.16269633820047602,0.3380925952148391,3.3694037470603977
37.72979378700256,6.530192891905617,10.0,0.23269633820047603,0.3662785532575799,3.4698071080943826
37.749775409698486,6.443547464486461,10.0,0.25184488912811503,0.41362357685982715,3.5564525355135386
37.769776821136475,6.389588692235818,10.0,0.3182471158145927,0.3794571290415479,3.610411307764182
37.789854526519775,6.3898680336269535,10.0,0.2482471158145927,0.36056935029744636,3.6101319663730465
37.80978083610535,6.444027181617375,10.0,0.314608110988047,0.39435281219601165,3.5559728183826254
37.82977747917175,6.531866481897383,10.0,0.3041321355267428,0.46180639031052123,3.4681335181026167
37.84977650642395,6.640784361241132,10.0,0.34201788710197434,0.5078596583259058,3.359215638758868
37.86976933479309,6.759156141766182,10.0,0.32045444840332493,0.4534157215309096,3.240843858233818
37.88982152938843,6.876342045123423,10.0,0.3865294679417275,0.47175262297212606,3.1236579548765766
37.909836530685425,6.987299491296472,10.0,0.3779909666045569,0.5417526229721261,3.012700508703528
37.929797887802124,7.086373805157807,10.0,0.4479909666045569,0.6061007171374513,2.913626194842193
37.94979476928711,7.172392653939572,10.0,0.45491998094832525,0.5532364710670663,2.827607346060428
37.969862937927246,7.235368907085073,10.0,0.4435557668260299,0.5719388961297227,2.764631092914927
37.98977017402649,7.26214970722698,10.0,0.39703834254061804,0.6197387106221868,2.73785029277302
38.009785652160645,7.249185960592247,10.0,0.377215471228119,0.5839522383612348,2.7508140394077527
38.02983212471008,7.195059999427479,10.0,0.4382021055719815,0.5770295602706028,2.804940000572521
38.04977202415466,7.095239269084502,10.0,0.40281545381760225,0.630192868920858,2.9047607309154984
38.069735527038574,6.954728870869024,10.0,0.4159903806797229,0.7,3.0452711291309758
38.0896577835083,6.78734301438342,10.0,0.37939118791138754,0.7,3.2126569856165803
38.10958433151245,6.6033850790513196,10.0,0.420705741380807,0.6299999999999999,3.3966149209486804
38.129759550094604,6.410448345908758,10.0,0.461067179327365,0.6552737011760472,3.5895516540912418
38.14971423149109,6.216359942671181,10.0,0.39823167223250494,0.6701561297476291,3.783640057328819
38.17164707183838,6.047847435668064,10.0,0.3730726094148122,0.614279055148363,3.9521525643319357
38.189751863479614,5.880279930267759,10.0,0.3954648842266761,0.5797045427560805,4.119720069732241
38.209654331207275,5.717785028284365,10.0,0.36221893328940497,0.637754910737276,4.282214971715635
38.229755878448486,5.563095993215906,10.0,0.3765179730183445,0.6426120005734264,4.436904006784094
38.24974179267883,5.417905573591162,10.0,0.37434349103597925,0.6199818864651023,4.582094426408838
38.26979112625122,5.283139184401761,10.0,0.39218750863103197,0.6899818864651024,4.716860815598239
38.289756774902344,5.161481224655365,10.0,0.36593029542593286,0.7,4.838518775344635
38.30969595909119,5.054450754090209,10.0,0.3999035571399145,0.7,4.945549245909791
38.329795598983765,4.9604010278573645,10.0,0.4699035571399145,0.6460278265178203,5.0395989721426355
38.34980487823486,4.877846143082072,10.0,0.4892474753293209,0.6622643627226352,5.122153856917928
38.36971592903137,4.8054510753887465,10.0,0.4192474753293209,0.6091830849647522,5.1945489246112535
38.38973259925842,4.742595829283549,10.0,0.40461090753553436,0.6388596527278423,5.257404170716451
38.40968036651611,4.687448252640282,10.0,0.40259713248116896,0.6933050386607646,5.312551747359718
38.4296612739563,4.639107680850828,10.0,0.4207868663291447,0.6744729604572057,5.360892319149172
38.449684858322144,4.5967691320191975,10.0,0.3507868663291447,0.6378455113619566,5.4032308679808025
38.46966886520386,4.559715298800595,10.0,0.32253833644790575,0.6439910477958619,5.440284701199405
38.489686250686646,4.524992327351963,10.0,0.3331434388528578,0.6376054038293659,5.475007672648037
38.509663343429565,4.492803447085539,10.0,0.33569017000263557,0.5704905663616955,5.507196552914461
38.52974057197571,4.463223031468958,10.0,0.27197554655140266,0.6118804228492081,5.536776968531042
38.549745082855225,4.4362339930482655,10.0,0.34197554655140266,0.541880422849208,5.5637660069517345
38.569732904434204,4.411756167741743,10.0,0.27197554655140266,0.6118804228492081,5.588243832258257
38.58963346481323,4.38966769239262,10.0,0.2481192773557268,0.541880422849208,5.61033230760738
38.611377000808716,4.370489914148955,10.0,0.18390072643524036,0.5968605369515716,5.629510085851045
38.629613399505615,4.355486663554477,10.0,0.19545969407772645,0.5304123029299079,5.644513336445523
38.64960026741028,4.346094715308213,10.0,0.1519666839740239,0.5877713613398372,5.653905284691787
38.66955494880676,4.343164139713967,10.0,0.22196668397402392,0.5667060107178985,5.656835860286033
38.68955039978027,4.349431438258998,10.0,0.2687772960565053,0.5972847189940511,5.650568561741002
38.709582805633545,4.366554922313521,10.0,0.2556835516518913,0.527284718994051,5.633445077686479
38.73074150085449,4.395400308878077,10.0,0.2556835516518913,0.527284718994051,5.604599691121923
38.749645948410034,4.440892674707831,10.0,0.3224325660779141,0.5858587920106946,5.559107325292169
38.76957631111145,4.515279544675103,10.0,0.2791056368662976,0.555707730296999,5.484720455324897
38.78963804244995,4.617040905887194,10.0,0.23747246304294095,0.5689528332464395,5.382959094112806
38.809576988220215,4.735134142998082,10.0,0.2874321077181958,0.4989528332464395,5.264865857001918
38.829580783843994,4.837665706521277,10.0,0.32835553178330884,0.4670639720372854,5.162334293478723
38.849677085876465,4.9504793678997405,10.0,0.30340455250581727,0.5370639720372854,5.0495206321002595
38.8696722984314,5.067461581116073,10.0,0.3076892743050121,0.6070639720372855,4.932538418883927
38.88956618309021,5.184256135038626,10.0,0.3705438697873615,0.606249417872168,4.815743864961374
38.90953087806702,5.29784223642907,10.0,0.34414416981628165,0.6762494178721681,4.70215776357093
38.929540395736694,5.406206259861792,10.0,0.3976548915891908,0.7,4.593793740138208
38.94952750205994,5.50577085975855,10.0,0.37188940366497264,0.6848495842888951,4.49422914024145
38.969642877578735,5.594283189779761,10.0,0.38849646469345317,0.6468687484040856,4.405716810220239
38.98954939842224,5.6704697483558375,10.0,0.41899106895318255,0.6031250523403286,4.3295302516441625
39.009618520736694,5.731454482538133,10.0,0.39714331609895454,0.568141227401793,4.268545517461867
39.029608964920044,5.77564038471416,10.0,0.32714331609895453,0.5557625077664852,4.22435961528584
39.04960799217224,5.814003713103042,10.0,0.35711551544955,0.5539200160885229,4.185996286896958
39.069549322128296,5.837985305344202,10.0,0.2886105412035249,0.5409623584011569,4.162014694655798
39.08959650993347,5.846712896696109,10.0,0.3174633560120128,0.5599490510532632,4.153287103303891
39.10953187942505,5.84229899480087,10.0,0.34002990735461935,0.6287724929163232,4.15770100519913
39.12966203689575,5.828873596856793,10.0,0.36134741542628035,0.6160036301473155,4.171126403143207
39.14955449104309,5.811859163178126,10.0,0.34309054439654574,0.5877109145978465,4.188140836821874
39.169641971588135,5.792800269125641,10.0,0.30775958945741877,0.5323880737880244,4.207199730874359
39.189634799957275,5.775139976129919,10.0,0.25995436584344134,0.46735436229500915,4.224860023870081
39.2096483707428,5.7612329072803545,10.0,0.3001863089739345,0.3988822376588359,4.2387670927196455
39.22974419593811,5.7502992737752425,10.0,0.250024328881409,0.4688822376588359,4.2497007262247575
39.249635219573975,5.741719085004713,10.0,0.1844081682502292,0.5388822376588359,4.258280914995287
39.269689321517944,5.734269546051517,10.0,0.18507550825597718,0.5852548040309921,4.265730453948483
39.28970217704773,5.733164499094927,10.0,0.2550755082559772,0.6408929683128372,4.266835500905073
39.309643268585205,5.741128031649008,10.0,0.29511948813917116,0.7,4.258871968350992
39.32965636253357,5.757496892043245,10.0,0.28574866940500215,0.7,4.242503107956755
39.349656105041504,5.7839052252124,10.0,0.2945706392568536,0.6654762409627437,4.2160947747876
39.369637966156006,5.816590790833046,10.0,0.2673501088214107,0.7,4.183409209166954
39.38969349861145,5.855091322712303,10.0,0.3373501088214107,0.6715383239090442,4.144908677287697
39.40965294837952,5.89429979081521,10.0,0.4073501088214107,0.6219181947410106,4.10570020918479
39.42964005470276,5.932966642549945,10.0,0.35322924782754855,0.6162252079695463,4.067033357450055
39.449742794036865,5.970238237388098,10.0,0.42322924782754856,0.589319634065032,4.029761762611902
39.46968674659729,6.003242077091791,10.0,0.4839964513969608,0.6194486886262893,3.996757922908209
39.48969554901123,6.031896853350578,10.0,0.48265143719734627,0.6225093175191432,3.9681031466494217
39.5096914768219,6.0572906132706,10.0,0.42737053570570427,0.6389865503180772,3.9427093867294003
39.52973413467407,6.075117389063099,10.0,0.35737053570570426,0.6399463823647238,3.9248826109369013
39.54966616630554,6.084902114938355,10.0,0.28737053570570426,0.7,3.9150978850616447
39.56968712806702,6.084210418785261,10.0,0.2753539487463422,0.6586967155337333,3.9157895812147387
39.58968901634216,6.071627538377865,10.0,0.23600410220446066,0.6819545019418001,3.9283724616221347
39.6096773147583,6.046484198465707,10.0,0.30600410220446067,0.6119545019418,3.9535158015342926
39.62964963912964,6.010962911220853,10.0,0.24663236630382018,0.6654216638952493,3.9890370887791473
39.6497106552124,5.971485812742961,10.0,0.2883208383363672,0.6819677009433507,4.028514187257039
39.669729232788086,5.930301499953967,10.0,0.26216908064903693,0.7,4.069698500046033
39.689650535583496,5.891333145795439,10.0,0.2891051963460632,0.6418879635632038,4.108666854204561
39.709665060043335,5.857499825805678,10.0,0.3259822026384063,0.6792583249509334,4.142500174194322
39.72973155975342,5.827872355821295,10.0,0.3416976042580791,0.7,4.172127644178705
39.749666929244995,5.8065797119130655,10.0,0.3449784555495717,0.7,4.1934202880869345
39.76974701881409,5.793953788495035,10.0,0.2749784555495717,0.6829625096172094,4.206046211504965
39.789653301239014,5.7876803543484545,10.0,0.25231736006448047,0.6129625096172093,4.2123196456515455
39.809670209884644,5.785984570590083,10.0,0.24207407182315366,0.5429625096172093,4.214015429409917
39.829617738723755,5.787513025384506,10.0,0.2504841065243818,0.5474007580801843,4.212486974615494
39.8497109413147,5.791240690899412,10.0,0.1804841065243818,0.5470782415673601,4.208759309100588
39.869611501693726,5.796397642902542,10.0,0.2340116740600206,0.5117653133079874,4.203602357097458
39.88966631889343,5.807044134568223,10.0,0.21692669367650524,0.5120313505199736,4.192955865431777
39.90969491004944,5.8235393139530265,10.0,0.18733414611080662,0.5592896307376212,4.1764606860469735
39.92965817451477,5.837860849836842,10.0,0.19161854846635834,0.5352945590880698,4.162139150163158
39.94968271255493,5.860729167907913,10.0,0.22483549801865593,0.5137907995400017,4.139270832092087
39.96984577178955,5.891247569573715,10.0,0.2165858761803247,0.4971642161277121,4.108752430426285
39.98977303504944,5.928591608404405,10.0,0.1732558028236963,0.4326381648448294,4.071408391595595
40.00982093811035,5.972008751106072,9.999999913085901,0.12288793338695542,0.5026381648448295,4.027991161979829
40.029948472976685,6.027765291028797,9.999997659190441,0.1063433343009092,0.4457679539290256,3.9722323681616443
40.049755811691284,6.095255773199561,9.999989190063413,0.17527608363190667,0.40644657605560486,3.904733416863852
40.06974411010742,6.171434065560443,9.99997041191942,0.17908704675966874,0.43440507718594734,3.8285363463589777
40.089776277542114,6.256271766181749,9.999937272430234,0.2014019547426142,0.47224365913541977,3.743665506248485
40.109761476516724,6.358786322191001,9.999885760585332,0.22731479652458803,0.45997671217890446,3.641099438394331
40.12976622581482,6.482458856116307,9.999811906552429,0.2257945188251324,0.4687941856053657,3.517353050436122
40.149768352508545,6.589834507579991,9.999711781537997,0.1692866221931763,0.43038637184770767,3.4098772739580054
40.16974925994873,6.710794212873061,9.999581497647812,0.15751184662105516,0.4647874198225326,3.2887872847747506
40.1897656917572,6.838001255865822,9.999417207747477,0.1401919494313188,0.45411025260807936,3.161415951881655
40.209656953811646,6.9661950492296825,9.999215105322952,0.18641843226971105,0.40640547772170965,3.033020056093269
40.22966265678406,7.091695686281162,9.998971424341084,0.12707938951672987,0.34920168941142027,2.907275738059922
40.24968075752258,7.212018153720686,9.998682439110144,0.14259992399485782,0.4189340797555632,2.786664285389458
40.26965308189392,7.325572880064563,9.998344464140356,0.12353260302217678,0.4040300463628954,2.672771584075793
40.28963494300842,7.431434143173679,9.997953854004422,0.12034072586568073,0.43604165216209356,2.566519710830743
40.30964517593384,7.529161714977428,9.99750700319806,0.1279187835683115,0.4068960053217596,2.4683452882206316
40.329660177230835,7.618664184245652,9.997000346000528,0.1146738203172572,0.42468661901773874,2.3783361617548753
40.349711656570435,7.700094830230735,9.996430356335166,0.13845481070922688,0.36578916472615663,2.296335526104431
40.36967206001282,7.770794996098101,9.995793547629916,0.1784119503502734,0.41939766046823923,2.2249985515318143
40.389676570892334,7.8374728868971415,9.995086472677857,0.2352918656473048,0.4351407726597971,2.157613585780715
40.409748554229736,7.899599695441892,9.994305723497739,0.26030835601734,0.435303811925114,2.094706028055847
40.429667234420776,7.959244413985853,9.993447931194508,0.2563054389250465,0.4926639096910366,2.034203517208655
40.449729204177856,8.017909539265982,9.992509765819841,0.2542361987219192,0.48343551253026806,1.974600226553859
40.46963882446289,8.081297189349065,9.991487936232677,0.3242361987219192,0.514349668296636,1.910190746883611
40.489670753479004,8.14397808984908,9.990379189959745,0.34274705259362237,0.5286831772053846,1.8464011001106648
40.50966691970825,8.204516147450036,9.9891803130561,0.37400995699921624,0.4704299746180185,1.7846641656060633
40.52971076965332,8.259654006159003,9.987888129965645,0.38954828346380965,0.5021747639501699,1.7282341238066419
40.549683809280396,8.304955143850046,9.986499503381676,0.3894525958391023,0.48464777787274205,1.68154435953163
40.56953454017639,8.344286748186379,9.985011334107398,0.3389351671727491,0.5226249890500911,1.6407245859210189
40.58968377113342,8.371745987905243,9.983420560916466,0.2990404000671697,0.5360324028978356,1.6116745730112232
40.60975933074951,8.383286185964783,9.981724160413512,0.3690404000671697,0.5023564193496712,1.5984379744487285
40.62969732284546,8.37419979627305,9.979919146894675,0.37436625482310776,0.5723564193496713,1.6057193506216247
40.6496319770813,8.332495268657071,9.978002572208137,0.35938617894222263,0.6092218697915086,1.6455073035510654
40.669682264328,8.257652198913684,9.975971525614648,0.3142125003950787,0.6223656476387986,1.7183193267009642
40.68966817855835,8.157131531479816,9.97382313364806,0.37283688345720295,0.6319787490094313,1.8166916021682429
40.709667682647705,8.039108570756387,9.971554559975857,0.34260040269960884,0.6244484760711202,1.9324459892194703
40.729682207107544,7.912039342312756,9.96916300525969,0.35263132983614925,0.623628770178766,2.0571236629469336
40.74964475631714,7.782035649407121,9.966645707015896,0.34177529746462826,0.6419952038588235,2.1846100576087757
40.769681215286255,7.653419968443017,9.96399993947605,0.41177529746462826,0.6409395157272229,2.3105799710330333
40.789695262908936,7.541752550515711,9.961223013447471,0.38186556936969285,0.645870896699489,2.41947046293176
40.809661626815796,7.432205522761431,9.958312276173771,0.4007892505990458,0.6402224555524298,2.52610675341234
40.82967805862427,7.327018376792551,9.955265111195382,0.398661121938203,0.6628580812277505,2.6282467344028317
40.84967589378357,7.227631715423657,9.95207893821008,0.328661121938203,0.6614193700399482,2.7244472227864236
40.869696378707886,7.132576933930389,9.948751212933528,0.3413081379121286,0.6832654856290901,2.816174279003139
40.889705657958984,7.04303615006945,9.945279426959791,0.3581867837792379,0.7,2.9022432768903412
40.90964150428772,6.959685118872877,9.941661107621885,0.32622171803173844,0.6556172303855419,2.9819759887490074
40.92968130111694,6.882830076284145,9.937893817852293,0.28021770580468003,0.6119590185582637,3.0550637415681487
40.9496865272522,6.812512526705399,9.933975156043505,0.29418607200292174,0.6078085031360387,3.1214626293381063
40.9697060585022,6.748589003348207,9.929902755908547,0.2778183962663752,0.6341352935880422,3.1813137525603397
40.98976230621338,6.690791343107934,9.925674286341504,0.33768846425024096,0.5888420406728982,3.23488294323357
41.0096390247345,6.641088186753941,9.921287451278067,0.31717849108186785,0.6213759247213602,3.280199264524126
41.029672622680664,6.597934637425562,9.91673998955605,0.3340638014933211,0.6495201520621776,3.3188053521304877
41.049715518951416,6.563166570549146,9.912029674775924,0.2803313578924281,0.6370054872706532,3.348863104226778
41.06968379020691,6.537455552430635,9.907154315161355,0.33221444072929446,0.6966985071077942,3.36969876273072
41.089667081832886,6.51871299423827,9.902111753419724,0.350618157114659,0.7,3.3833987591814543
41.109654903411865,6.5053045500327,9.896899866602668,0.3841088074704749,0.7,3.391595316569968
41.12970280647278,6.495954455109406,9.891516565966606,0.3683153628816945,0.7,3.3955621108572
41.1496365070343,6.4896696309136,9.885959796833268,0.3227290637305123,0.6299999999999999,3.396290165919668
41.1696937084198,6.485679519636302,9.88022753845023,0.3539692755302531,0.6519242796301841,3.3945480188139276
41.189574241638184,6.483388429991922,9.874317803851445,0.38849519896117274,0.6184855039417743,3.3909293738595236
41.20965766906738,6.482337828939533,9.868228639717769,0.3224587063750369,0.6392653781175612,3.3858908107782355
41.22960186004639,6.4798601873755,9.861958126237496,0.25245870637503687,0.6503518941998481,3.382097938861996
41.24966549873352,6.477709035712414,9.855504376966895,0.2596738416401786,0.6303211647272109,3.3777953412544806
41.26962375640869,6.474588964591229,9.848865538690724,0.2961556244341773,0.7,3.374276574099495
41.28967237472534,6.47087813012399,9.842039791282778,0.2913856453893823,0.7,3.371161661158788
41.30966520309448,6.464538413564771,9.835025347566411,0.288709355162282,0.7,3.37048693400164
41.329559087753296,6.4565398095212805,9.82782045317507,0.30379068443347934,0.7,3.3712806436537894
41.349634885787964,6.447599777063762,9.820423386412825,0.2729385454373551,0.6954929444938898,3.372823609349063
41.36967396736145,6.438241460463955,9.8128324581149,0.34098873624374393,0.7,3.3745909976509445
41.38967537879944,6.428839249326577,9.8050460115082,0.3460445759052527,0.6787653293460607,3.3762067621816225
41.40975260734558,6.4219706922624065,9.797062422071855,0.34912884199788097,0.6156351890414953,3.3750917298094487
41.42960715293884,6.419359329896982,9.788880097397735,0.27912884199788096,0.5983830995857715,3.3695207675007532
41.44952726364136,6.417457405728139,9.78049747705099,0.30709966266324046,0.6395426400005817,3.3630400713228505
41.469661235809326,6.415806106606318,9.771913032430575,0.31542216421832564,0.6397568170825252,3.356106925824257
41.48956489562988,6.414664668395538,9.763125266629794,0.3501297477053595,0.6267006524751195,3.348460598234256
41.50952744483948,6.416223800159956,9.754132714296814,0.32297379703988555,0.6124289377505192,3.3379089141368583
41.52967190742493,6.417301256129246,9.744933941495205,0.3644621353017283,0.6595707467669853,3.327632685365959
41.54965138435364,6.418015753282458,9.735527545564471,0.29446213530172827,0.6018565117294201,3.317511792282013
41.569626331329346,6.4184593158503915,9.725912154980579,0.2601437999474001,0.6118544886732706,3.307452839130187
41.58955454826355,6.421019350598746,9.716086429216492,0.2992787978218985,0.6371921828860649,3.2950670786177465
41.60965538024902,6.422665627965649,9.706049058602698,0.28428909858484985,0.7,3.2833834306370493
41.62972331047058,6.423633839877123,9.695798764187739,0.27409556345810415,0.7,3.2721649243106157
41.64972925186157,6.4264219117585055,9.685334297598748,0.2913668195324135,0.6359062388539314,3.258912385840243
41.66973280906677,6.430400543412948,9.674654440901975,0.30546387681533815,0.6402045775204896,3.2442538974890267
41.6896858215332,6.433854892994625,9.66375800646332,0.2682006324248505,0.6479303234256804,3.229903113468695
41.70968222618103,6.438100412666508,9.65264383680886,0.25988044706900837,0.5983719930984079,3.2145434241423523
41.729692697525024,6.445099921460127,9.64131080448539,0.2579666704477859,0.6171619084663689,3.1962108830252625
41.74970078468323,6.453827825877674,9.62975781192094,0.27960623545368435,0.6335632440634071,3.1759299860432666
41.76968598365784,6.463526217068557,9.617983791285319,0.3148326587470365,0.6176694606430828,3.154457574216762
41.78975248336792,6.478275785473747,9.605987704350637,0.3096270083988202,0.633124762494117,3.12771191887689
41.80970096588135,6.49846142747092,9.59376854235184,0.3346710864061606,0.6827079181559383,3.095307114880921
41.829699754714966,6.521890869323516,9.58132532584724,0.3274268417226267,0.7,3.059434456523724
41.84970664978027,6.5469559106073865,9.568657104579046,0.3455284221636248,0.7,3.0217011939716594
41.86967420578003,6.574812768823405,9.555762957333897,0.3325499931888771,0.6494511671364307,2.9809501885104925
41.889782428741455,6.601558255807735,9.542641991803386,0.3171861183436704,0.6705093950033187,2.941083735995651
41.90969896316528,6.624779370452239,9.529293344444602,0.2926872458847356,0.6624252319335937,2.904513973992363
41.92969799041748,6.646988096219263,9.51571618034065,0.3597416740449262,0.6757759338244795,2.868728084121387
41.94963979721069,6.665591979797295,9.501909693061192,0.328402740189631,0.694789277203381,2.836317713263897
41.96968221664429,6.681201707180572,9.487873104522967,0.2965801183672738,0.697102226363495,2.806671397342395
41.9897027015686,6.692004011490743,9.47360566485033,0.3103701316358638,0.7,2.781601653359587
42.00966238975525,6.696866132173197,9.459106652235784,0.27063174104114296,0.6908839529380202,2.762240520062587
42.0297966003418,6.697474176913091,9.444375372800502,0.34063174104114297,0.6385975142940878,2.7469011958874114
42.049779415130615,6.692795050738271,9.42941116045487,0.3412806129202363,0.6171971203759312,2.7366161097166
42.06975817680359,6.6845668770158335,9.414213376759005,0.304859433148813,0.5817319059744477,2.729646499743171
42.089714765548706,6.674090456983809,9.398781410783299,0.3427685497447965,0.574257318675518,2.72469095379949
42.10973906517029,6.664994561636299,9.383114678968937,0.3526386477172491,0.6069162122905254,2.7181201173326377
42.129658699035645,6.654431265441592,9.36721262498844,0.2826386477172491,0.5984778942540288,2.712781359546848
42.14977407455444,6.643127135891778,9.351074719606187,0.21759488539100857,0.6348358558490872,2.707947583714409
42.16977405548096,6.633922705212804,9.33470046053895,0.24687379145325394,0.6453251427039504,2.700777755326147
42.18977999687195,6.62641926606049,9.318089372316429,0.27477508330048295,0.6330293098464608,2.6916701062559385
42.20973038673401,6.62029505466731,9.30124100614177,0.24082717963756295,0.6047223599627614,2.6809459514744605
42.229692697525024,6.619922926986129,9.28415493975211,0.20601851039828034,0.6030819503823295,2.6642320127659813
42.249783754348755,6.625872239523748,9.266830777279102,0.15808195912541123,0.5521093247691169,2.6409585377553544
42.269891023635864,6.6360555071951035,9.249268149109444,0.22808195912541124,0.5477100689196959,2.61321264191434
42.28985595703125,6.651227566369129,9.231466711745412,0.23887111881078454,0.5241816103691235,2.580239145376283
42.309890031814575,6.671781232541706,9.213426147665395,0.16887111881078454,0.4570418581599369,2.5416449151236886
42.32979416847229,6.689626450272756,9.195146165184417,0.14045679861010285,0.4389514610404148,2.505519714911661
42.34971237182617,6.7226065819669785,9.176626498314675,0.13629821607173653,0.5089514610404149,2.454019916347697
42.36983299255371,6.76986263693503,9.15786690662607,0.12106533826590749,0.4389514610404149,2.3880042696910406
42.38983488082886,6.82810538853353,9.138867175106734,0.11078963906766148,0.38023353593889625,2.310761786573204
42.409812450408936,6.894760651100254,9.119627114023563,0.09706613247544738,0.4441709466511384,2.224866462923309
42.42987680435181,6.967818734831185,9.100146558782749,0.11401255627424689,0.4542664414504543,2.132327823951564
42.449742794036865,7.045715002856656,9.080425369790305,0.1840125562742469,0.4456971356878057,2.0347103669336493
42.46977376937866,7.129551527285907,9.06046343231261,0.15212421288044425,0.4614756921539083,1.9309119050267025
42.489588260650635,7.222253579090664,9.04026065633692,0.15041376923938515,0.4418159457156435,1.818007077246257
42.509772300720215,7.332568388446004,9.019816976431919,0.12753160944004777,0.4053963752696291,1.6872485879859154
42.52971911430359,7.461474731681905,8.999132351608235,0.19753160944004777,0.3940727705368772,1.53765761992633
42.549583196640015,7.573394510014547,8.978206765178978,0.2527977178039146,0.4302419418701902,1.4048122551644306
42.5696964263916,7.69938503452095,8.957040224620272,0.2119503827931476,0.3602419418701902,1.2576551900993218
42.58970022201538,7.834144705080705,8.935632761431776,0.2516830625178409,0.3762703628698364,1.1014880563510712
42.60975909233093,7.971443676032421,8.913984430997234,0.22822028083523038,0.38879532808903605,0.9425407549648126
42.62966990470886,8.106887895537062,8.892095312444985,0.2433286091478658,0.4503879367792979,0.7852074169079231
42.649641036987305,8.237474222978268,8.869965508508507,0.1733286091478658,0.41768726775888354,0.6324912855302394
42.66965651512146,8.361244764899695,8.847595145386943,0.20026837935467484,0.4337353154504672,0.48635038048724866
42.68969941139221,8.472386539967328,8.824984372605636,0.24091146042366746,0.4869050986552611,0.3525978326383079
42.709659814834595,8.57182749111288,8.802133362876654,0.25952744385023835,0.4169050986552611,0.23030587176377537
42.72957372665405,8.658204175219387,8.779042311959326,0.2794147924872232,0.41488155751954764,0.12083813673993937
42.74963426589966,8.730913878757086,8.755711438520773,0.2424453170390916,0.42670761636924,0.02479755976368736
42.769728660583496,8.794042299735402,8.732140983996432,0.252533684426744,0.4102394118113443,-0.06190131573896984
42.78968644142151,8.844707867365711,8.708331212450597,0.2606595008986187,0.3783227301342413,-0.13637665491511441
42.80968523025513,8.88074899920085,8.684282410436943,0.23724740737845423,0.36726145196240395,-0.19646658876390788
42.8296844959259,8.903366075921861,8.659994886859058,0.17710916692187312,0.43726145196240396,-0.24337118906280253
42.84960317611694,8.916062996082795,8.635468972830976,0.24710916692187312,0.41959670464973897,-0.2805940232518189
42.86963963508606,8.919218595618414,8.61070502153771,0.22830078901519302,0.34959670464973897,-0.30851357408070434
42.88959002494812,8.915663815128829,8.585703408095773,0.21503330917825225,0.3171412267861888,-0.32996040703305596
42.909581661224365,8.907541821891757,8.560464529413721,0.16404932142962936,0.3065503382263705,-0.3470772924780352
42.9296989440918,8.894145238268317,8.53498880405268,0.12210413219203475,0.3153445127559826,-0.35915643421563637
42.94960069656372,8.879754441035036,8.509276672086871,0.13946155236830238,0.2561660523666069,-0.37047776894816487
42.969579219818115,8.860419654253976,8.48332859496415,0.2065931685434771,0.18616605236660688,-0.37709105928982645
42.9895920753479,8.84363269873011,8.45714505536653,0.1882136646824074,0.22799693852197378,-0.38648764336358
43.009618043899536,8.814320179649437,8.43072655707072,0.15538806432654384,0.2022912973864004,-0.3835936225787169
43.02961087226868,8.777080177636625,8.404073624808653,0.1779790386723471,0.26243092365097254,-0.373006552827972
43.04970359802246,8.737631705540602,8.377186804128016,0.12776991130580428,0.2517938908515498,-0.36044490141258656
43.069581031799316,8.693056237478318,8.350066661252779,0.17066774667968276,0.268310643392615,-0.3429895762255395
43.08957624435425,8.62988000351485,8.322713782943731,0.19613402114977363,0.3040589165268466,-0.3071662205711192
43.10959529876709,8.53923460801198,8.295128776359011,0.172764300944109,0.3740589165268466,-0.24410583165296984
43.12961196899414,8.422633228044964,8.267312268914628,0.17647709638607922,0.3386082903621718,-0.15532095913033572
43.1497745513916,8.291076346339338,8.239264908145008,0.24647709638607923,0.36269539344590157,-0.05181143819432954
43.16958498954773,8.152598833520893,8.210987361563516,0.21503310561907713,0.3895316098956391,0.05838852804262373
43.189613342285156,8.012963945941179,8.182480316522986,0.21372348086239074,0.3583470446197316,0.1695163705818068
43.20958685874939,7.876205231134942,8.153744480076256,0.23668660798372004,0.4075908151594922,0.27753924894131377
43.22964358329773,7.757467823324368,8.124780578836695,0.18634785914124224,0.35883113491814583,0.36731275551232745
43.24965000152588,7.641957662064003,8.095589358838737,0.20169399508537028,0.3582217440730892,0.4536316967747336
43.26954936981201,7.531733341111896,8.066171585398415,0.24875175782741282,0.2882217440730892,0.5344382442865188
43.2895987033844,7.4280854116356085,8.036528042973881,0.18039623477758143,0.2182217440730892,0.6084426313382725
43.30961799621582,7.331736945114899,8.006659535025952,0.17527800674812172,0.23020991731202228,0.6749225899110529
43.32971811294556,7.24068144819062,7.976566883878624,0.19803334276453827,0.2785768103948794,0.7358854356880036
43.34963917732239,7.155702102285464,7.94625093057962,0.2663440207697568,0.2863659449084662,0.7905488282941553
43.36975049972534,7.0771827535702645,7.915712534760907,0.21704505260364387,0.3062980137928389,0.8385297811906423
43.38959622383118,7.005219761541868,7.884952574499236,0.24477027791814182,0.35333823041757567,0.8797328129573678
43.40968346595764,6.939707263536626,7.853971946176671,0.2719054843045888,0.35556645180797203,0.9142646826400451
43.42972135543823,6.88040172733597,7.8227715643411155,0.2414401347495732,0.34441316455369814,0.9423698370051454
43.44961714744568,6.828911146664319,7.791352361566847,0.18884536500350807,0.41441316455369814,0.9624412149025288
43.46963095664978,6.772999587316411,7.75971528831505,0.2348548981107888,0.34441316455369814,0.9867157009986389
43.489630937576294,6.708541801674727,7.7278613127943405,0.19328869383112762,0.27441316455369813,1.0193195111196136
43.50970435142517,6.639846752634453,7.695791420821308,0.21289680960850094,0.34441316455369814,1.0559446681868554
43.52959728240967,6.567702686017045,7.663506615681033,0.15701886701659534,0.2954396191216074,1.0958039296639885
43.549721002578735,6.495064348516119,7.631007917987628,0.12547085869387958,0.3519622231996618,1.1359435694715083
43.56961107254028,6.423997075802429,7.598296365544762,0.1252241922056419,0.3044900070107542,1.1742992897423328
43.58961200714111,6.355894004358317,7.565373013206196,0.13991771223751132,0.33535551234846933,1.2094790088478788
43.6097469329834,6.291644658304197,7.532238932736316,0.20991771223751132,0.37412295818096025,1.2405942744321194
43.629666328430176,6.234081667242576,7.498895212670656,0.23137926610914294,0.3404827336943708,1.2648135454280807
43.64962410926819,6.184104008749923,7.46534295817643,0.27094792502728526,0.342270834504161,1.2812389494265073
43.66969060897827,6.139288074893403,7.431583290913076,0.20094792502728526,0.272270834504161,1.2922952160196726
43.68969202041626,6.101554841187814,7.3976173488927675,0.17113899583724562,0.28637443432817233,1.2960625077049537
43.70963644981384,6.069735567728431,7.363446286340958,0.15528666931000773,0.24420591766247524,1.2937107186125267
43.72963094711304,6.0428626088615776,7.329071273556912,0.13408569390681807,0.27577587539562953,1.2862086646953346
43.749595165252686,6.020133497262323,7.294493496774226,0.1023909501245362,0.2303473944426514,1.274359999511903
43.76968765258789,6.00088164418061,7.259714158021369,0.11044181654957358,0.26052680002758277,1.2588325138407592
43.789710521698,5.984552407340344,7.224734474982209,0.14057266483810965,0.3222446306259371,1.2401820676418644
43.80978798866272,5.970683517833154,7.189555680856543,0.1992491125574452,0.2522446306259371,1.2188721630233887
43.82976222038269,5.961205398615799,7.154179024220634,0.18127266275492732,0.2121212871582247,1.1929736256048349
43.84970307350159,5.955026817317297,7.118605768887734,0.14899485516158167,0.2821212871582247,1.1635789515704378
43.869662046432495,5.949662415287265,7.082837193768622,0.15322898053360406,0.3178876912803389,1.133174778481357
43.88978862762451,5.946645355520208,7.046874592732129,0.10778183215094034,0.3526370837003924,1.100229237211921
43.90978169441223,5.945338228029341,7.010719274465673,0.15616483711433832,0.28263708370039237,1.0653810464363325
43.929773569107056,5.945253235231685,6.974372562335789,0.1348670972956461,0.21938437389442694,1.0291193271041044
43.9497184753418,5.946019353244766,6.93783579424866,0.09613880053890173,0.18829755837330592,0.9918164410038948
43.96972060203552,5.947356445207624,6.901110322510647,0.13011344806087438,0.11829755837330591,0.953753877303023
43.98969221115112,5.949054885582537,6.8641975136888185,0.09573682308924619,0.10575944846728813,0.9151426281062811
44.009764194488525,5.950959549275427,6.827098748471486,0.11535923094284956,0.060481670408043975,0.876139199196059
44.029842138290405,5.95527360252304,6.789815421528734,0.046188577122811714,0.09348586490610611,0.8345418190056932
44.049907207489014,5.961147474176487,6.752348941372945,0.0,0.15531514501431953,0.7912014671964585
44.0697705745697,5.967949959897762,6.7147007302193416,0.0,0.19726457735756409,0.7467507703215794
44.089698791503906,5.97385605167668,6.6768722238465,0.01725189760327339,0.2672645773575641,0.7030161721698196
44.109920024871826,5.980345983656572,6.638864871456903,0.0872518976032734,0.22074662780622017,0.658518887800331
44.12992572784424,5.987070398143545,6.600680135537452,0.053777053654193885,0.19185773356119168,0.6136097373939071
44.149823904037476,5.99378045836055,6.562319491720009,0.12377705365419389,0.17023419847944748,0.5685390333594595
44.16965174674988,6.000303705458493,6.523784428641926,0.08069994613528253,0.2402341984794475,0.5234807231834333
44.18971347808838,6.006525276336589,6.48507644780657,0.11490220516920091,0.1743537657544948,0.47855117146998083
44.20989513397217,6.012373339978204,6.446197063443859,0.11738167131319643,0.16304390361765397,0.4338237234656548
44.2298321723938,6.0201241957929685,6.407147802370794,0.06613774025812746,0.18046194730559362,0.3870236065778254
44.249698877334595,6.02899242082246,6.367930203851985,0.03484985405579211,0.14468743695178998,0.33893778302952526
44.269556522369385,6.0384030275074965,6.328545819460191,0.02948888145387174,0.1361214150325395,0.2901427919526949
44.289716720581055,6.047942346333958,6.288996212936839,0.07681344948709012,0.08680381668964399,0.24105386660288097
44.309865951538086,6.056224626489468,6.249282960052561,0.01167298607528211,0.10725832214811815,0.19305833356309332
44.3297061920166,6.064510545447787,6.209407648467727,0.05227778233587743,0.12133276971289886,0.1448971030199404
44.349671363830566,6.072580617333479,6.169371877592974,0.017256819978356375,0.18537576260278,0.09679126025949536
44.369805335998535,6.080288080180573,6.129177258449737,0.0,0.18237761358032,0.048889178269163835
44.389748334884644,6.085224204438909,6.0888254135307776,0.02202608622610569,0.11237761358032,0.0036012090918688955
44.409905433654785,6.088105320132128,6.04831797666072,0.0,0.06311065310845149,-0.03978734347140733
44.4297034740448,6.089483135604871,6.007656592856575,0.02931876666843891,0.05813878987217319,-0.0818265427482956
44.449772119522095,6.089780475991219,5.966842918188277,0.0,0.09186395097756755,-0.12293755780294191
44.46978449821472,6.089319503158596,5.925878619639219,0.0,0.13344894934678447,-0.16344088351937724
44.48981213569641,6.088343969698109,5.884765374966766,0.0,0.16378923531854522,-0.20357859473134354
44.50980091094971,6.087036742578756,5.843504872562803,0.0,0.12165712964022529,-0.24353187001595344
44.52963423728943,6.085901774618641,5.8020988113142655,0.03470231592655182,0.10613737374776971,-0.2838029633043755
44.54957890510559,6.084548171208635,5.760548900463654,0.007881293073296547,0.10139904290670526,-0.3239992707449808
44.56963324546814,6.083078381968991,5.718856859469589,0.0,0.17139904290670527,-0.36422152249940165
44.58979678153992,6.0792502803815225,5.677024417867321,0.0,0.17740252284565938,-0.4022258625142019
44.609633445739746,6.073885030411921,5.635053315129271,0.0,0.14277605010429395,-0.4388317152826495
44.62970018386841,6.067593507858746,5.592945300525561,0.06424755603075027,0.21277605010429396,-0.4746482073331846
44.64960741996765,6.0608244269092975,5.550702132984544,0.08593784458935261,0.17518108351388945,-0.5101222939247538
44.669708013534546,6.053902041655275,5.50832558095334,0.04880551062524319,0.20672142146388067,-0.5455764607019349
44.68976402282715,6.047055612960151,5.465817422258352,0.0,0.1595772617892362,-0.5812381907017992
44.70985746383667,6.0404423791048645,5.423179443965818,0.0343056358397007,0.12369558973470701,-0.6172629351390464
44.729615449905396,6.036481756980339,5.38041344224232,0.07315589860081673,0.07338701946893705,-0.6560683147380191
44.74970984458923,6.033043043732341,5.337521222215335,0.060421768575906754,0.01376827446976675,-0.6955218215170058
44.7695996761322,6.031482390177921,5.294504597833752,0.0,0.02798255266854538,-0.7369777923441685
44.789790868759155,6.031267330982204,5.251365391728411,0.0,0.01911686560371889,-0.7799019392537927
44.8097128868103,6.031992563150247,5.208105435072627,0.0,0.07049043676117434,-0.8238871280776205
44.82969951629639,6.033351789876588,5.1647265674427265,0.03528236597776413,0.05563206518301739,-0.8686252224338613
44.8498260974884,6.035115554536695,5.12123063667858,0.0,0.009277585095260277,-0.9138849178581152
44.86974787712097,6.037113819496523,5.077619498744127,0.0545935221016407,0.07927758509526028,-0.9594943207523956
44.88971972465515,6.039222299713471,5.033895017587907,0.10254838317632675,0.11786015967139973,-1.0053272821255632
44.90960335731506,6.039035416434284,4.9900590650035985,0.07608344033360481,0.092757838612888,-1.0489763514306851
44.929686069488525,6.0372591438914585,4.94611352049054,0.08257979759946465,0.10847813153872266,-1.0911456234009185
44.94960308074951,6.0344257261526035,4.902060271114268,0.15257979759946466,0.12233532576123252,-1.132365455038336
44.96968388557434,6.03196568053114,4.857901211367046,0.10564223507419229,0.1731846479908563,-1.1740644691640947
44.98961091041565,6.028796836061211,4.8136382430283895,0.10195632924325765,0.19145371934631839,-1.2151585930328217
45.009666204452515,6.025219188345237,4.79146838940166,0.07433215801604093,0.22069623863557353,-1.2337507989435768
45.029765605926514,6.021451882422351,4.79146838940166,0.07433215801604093,0.22069623863557353,-1.2299834930206908
45.049938678741455,6.017652130568861,4.79146838940166,0.07433215801604093,0.22069623863557353,-1.2261837411672003
45.06984806060791,6.0139299844635055,4.79146838940166,0.07433215801604093,0.22069623863557353,-1.2224615950618452
45.08996915817261,6.010359838556826,4.79146838940166,0.07433215801604093,0.22069623863557353,-1.2188914491551657
45.10985350608826,6.006989359828808,4.79146838940166,0.07433215801604093,0.22069623863557353,-1.2155209704271481
45.12983989715576,6.003846394623386,4.79146838940166,0.07433215801604093,0.22069623863557353,-1.2123780052217255
45.1498167514801,6.003260636455405,4.79146838940166,0.07433215801604093,0.22069623863557353,-1.2117922470537446
45.16981554031372,6.00446650183251,4.79146838940166,0.07433215801604093,0.22069623863557353,-1.2129981124308493
45.18982148170471,6.005513464940116,4.79146838940166,0.07433215801604093,0.22069623863557353,-1.214045075538456
45.2098286151886,6.0101103615834655,4.79146838940166,0.07433215801604093,0.22069623863557353,-1.2186419721818051
45.22983527183533,6.021684518016348,4.79146838940166,0.07433215801604093,0.22069623863557353,-1.2302161286146873
45.24985313415527,6.0447489511083194,4.79146838940166,0.07433215801604093,0.22069623863557353,-1.2532805617066591
45.26983022689819,6.077502792845623,4.79146838940166,0.07433215801604093,0.22069623863557353,-1.2860344034439626
45.28986716270447,6.116123484138371,4.79146838940166,0.07433215801604093,0.22069623863557353,-1.3246550947367108
45.30987358093262,6.157801330072714,4.79146838940166,0.07433215801604093,0.22069623863557353,-1.3663329406710538
45.3298978805542,6.200504200575572,4.79146838940166,0.07433215801604093,0.22069623863557353,-1.4090358111739114
45.34986758232117,6.242793603463589,4.79146838940166,0.07433215801604093,0.22069623863557353,-1.4513252140619288
45.369842529296875,6.283681287119798,4.79146838940166,0.07433215801604093,0.22069623863557353,-1.4922128977181375
45.38973140716553,6.324834121561694,4.79146838940166,0.07433215801604093,0.22069623863557353,-1.5333657321600338
45.40981674194336,6.360564063105906,4.79146838940166,0.07433215801604093,0.22069623863557353,-1.569095673704246
45.42985463142395,6.398424541531027,4.79146838940166,0.07433215801604093,0.22069623863557353,-1.6069561521293663
45.44990563392639,6.441399736450113,4.79146838940166,0.07433215801604093,0.22069623863557353,-1.6499313470484527
45.4698646068573,6.493743950881348,4.79146838940166,0.07433215801604093,0.22069623863557353,-1.7022755614796878
45.489858865737915,6.553532524740883,4.79146838940166,0.07433215801604093,0.22069623863557353,-1.762064135339223
45.509838819503784,6.616916083423774,4.79146838940166,0.07433215801604093,0.22069623863557353,-1.825447694022114
45.529847621917725,6.681126181237973,4.79146838940166,0.07433215801604093,0.22069623863557353,-1.8896577918363127
45.54987025260925,6.744218126647196,4.79146838940166,0.07433215801604093,0.22069623863557353,-1.9527497372455356
45.56983494758606,6.804870643765574,4.79146838940166,0.07433215801604093,0.22069623863557353,-2.013402254363914
45.58990001678467,6.862230291100233,4.79146838940166,0.07433215801604093,0.22069623863557353,-2.0707619016985728
45.6098735332489,6.915791068129673,4.79146838940166,0.07433215801604093,0.22069623863557353,-2.1243226787280127
45.62983751296997,6.962293902218208,4.79146838940166,0.07433215801604093,0.22069623863557353,-2.170825512816548
45.649943351745605,7.005676583449329,4.79146838940166,0.07433215801604093,0.22069623863557353,-2.2142081940476688
45.66989469528198,7.048065069712168,4.79146838940166,0.07433215801604093,0.22069623863557353,-2.2565966803105075
45.689849853515625,7.088645863559437,4.79146838940166,0.07433215801604093,0.22069623863557353,-2.2971774741577766
45.70982551574707,7.126901567130044,4.79146838940166,0.07433215801604093,0.22069623863557353,-2.335433177728384
45.72986650466919,7.162534083504973,4.79146838940166,0.07433215801604093,0.22069623863557353,-2.3710656941033124
45.749857664108276,7.195405494219375,4.79146838940166,0.07433215801604093,0.22069623863557353,-2.4039371048177145
45.76985192298889,7.225492772453665,4.79146838940166,0.07433215801604093,0.22069623863557353,-2.4340243830520043
45.789875984191895,7.2528532997454285,4.79146838940166,0.07433215801604093,0.22069623863557353,-2.461384910343768
45.80980849266052,7.27759879541882,4.79146838940166,0.07433215801604093,0.22069623863557353,-2.4861304060171596
45.829923152923584,7.299875776409966,4.79146838940166,0.07433215801604093,0.22069623863557353,-2.5084073870083055
45.84991002082825,7.319217220064811,4.79146838940166,0.07433215801604093,0.22069623863557353,-2.5277488306631506
45.869911193847656,7.336643803148454,4.79146838940166,0.07433215801604093,0.22069623863557353,-2.5451754137467937
45.889896631240845,7.352281085817066,4.79146838940166,0.07433215801604093,0.22069623863557353,-2.5608126964154057
45.909963846206665,7.366263436519621,4.79146838940166,0.07433215801604093,0.22069623863557353,-2.574795047117961
45.92996120452881,7.378727800506649,4.79146838940166,0.07433215801604093,0.22069623863557353,-2.5872594111049887
45.94995832443237,7.389809303647073,4.79146838940166,0.07433215801604093,0.22069623863557353,-2.598340914245413
45.96995782852173,7.3996382468750515,4.79146838940166,0.07433215801604093,0.22069623863557353,-2.608169857473391
45.9899001121521,7.40833814575222,4.79146838940166,0.07433215801604093,0.22069623863557353,-2.6168697563505594
46.01106357574463,7.416024547613784,4.79146838940166,0.07433215801604093,0.22069623863557353,-2.6245561582121235
