time,theta,target,p1_cmd,p2_cmd,error
48.375046730041504,5.007262019026555,0.0,0.0,0.0,-5.007262019026555
48.39534640312195,5.00852590939838,0.0,0.0,0.0,-5.00852590939838
48.415372371673584,5.008952605033429,0.0,0.0,0.0,-5.008952605033429
48.43548846244812,5.0138623672288505,0.0,0.0,0.0,-5.0138623672288505
48.45530319213867,5.027843061811729,0.0,0.0,0.0,-5.027843061811729
48.47548484802246,5.058808443316404,0.0,0.0,0.0,-5.058808443316404
48.495296478271484,5.081401247929878,0.0,0.0,0.0,-5.081401247929878
48.51542687416077,5.118929190624068,0.0,0.0,0.0,-5.118929190624068
48.53539776802063,5.172155086228454,0.0,0.0,0.0,-5.172155086228454
48.55540943145752,5.235969584553172,0.0,0.0,0.0,-5.235969584553172
48.575308322906494,5.3071767752481405,0.0,0.0,0.0,-5.3071767752481405
48.595317125320435,5.381180800904531,0.0,0.0,0.0,-5.381180800904531
48.615405321121216,5.452565260060803,0.0,0.0,0.0,-5.452565260060803
48.63526153564453,5.5178742923507365,0.0,0.0,0.0,-5.5178742923507365
48.65538716316223,5.57018507904372,0.0,0.0,0.0,-5.57018507904372
48.67529320716858,5.602807438760572,0.0,0.0,0.0,-5.602807438760572
48.69531726837158,5.611705682711203,0.0,0.0,0.0,-5.611705682711203
48.715457916259766,5.619377189511361,0.0,0.0,0.0,-5.619377189511361
48.73505425453186,5.601430564953993,0.0,0.0,0.0,-5.601430564953993
48.75549840927124,5.559300026169246,0.0,0.0,0.0,-5.559300026169246
48.775495290756226,5.499252335413309,0.0,0.0,0.0,-5.499252335413309
48.795263051986694,5.4283988622931005,0.0,0.0,0.0,-5.4283988622931005
48.815171241760254,5.351933715685922,0.0,0.0,0.0,-5.351933715685922
48.835339307785034,5.27359704822686,0.0,0.0,0.0,-5.27359704822686
48.8553261756897,5.1960284212259245,0.0,0.0,0.0,-5.1960284212259245
48.87518072128296,5.121037519861722,0.0,0.0,0.0,-5.121037519861722
48.89513444900513,5.049812023750295,0.0,0.0,0.0,-5.049812023750295
48.91512680053711,4.983077293594531,0.0,0.0,0.0,-4.983077293594531
48.935136795043945,4.925154650967171,0.0,0.0,0.0,-4.925154650967171
48.95540642738342,4.870941438215823,0.0,0.0,0.0,-4.870941438215823
48.975390672683716,4.820732731086492,0.0,0.0,0.0,-4.820732731086492
48.99531149864197,4.774628075739488,0.0,0.0,0.0,-4.774628075739488
49.01515245437622,4.732588593097259,0.0,0.0,0.0,-4.732588593097259
49.03517007827759,4.694480265757828,0.0,0.0,0.0,-4.694480265757828
49.05543327331543,4.6601065039271505,0.0,0.0,0.0,-4.6601065039271505
49.0753059387207,4.629232414319261,0.0,0.0,0.0,-4.629232414319261
49.09511470794678,4.60160266956244,0.0,0.0,0.0,-4.60160266956244
49.1151967048645,4.576954462464888,0.0,0.0,0.0,-4.576954462464888
49.13527965545654,4.5550267046685065,0.0,0.0,0.0,-4.5550267046685065
49.15541696548462,4.535988731910258,0.0,0.0,0.0,-4.535988731910258
49.17535996437073,4.519037296787451,0.0,0.0,0.0,-4.519037296787451
49.195231914520264,4.503981862338896,0.0,0.0,0.0,-4.503981862338896
49.21531057357788,4.490640122950437,0.0,0.0,0.0,-4.490640122950437
49.235379219055176,4.478840292992509,0.0,0.0,0.0,-4.478840292992509
49.25528430938721,4.4684224197946705,0.0,0.0,0.0,-4.4684224197946705
49.275413036346436,4.45923898417956,0.0,0.0,0.0,-4.45923898417956
49.29524302482605,4.451154990200958,0.0,0.0,0.0,-4.451154990200958
49.315300703048706,4.444047697638526,0.0,0.0,0.0,-4.444047697638526
49.33535051345825,4.437806113343885,0.0,0.0,0.0,-4.437806113343885
49.35530757904053,4.432330328449283,0.0,0.0,0.0,-4.432330328449283
49.37533640861511,4.427576115171397,0.0,0.0,0.0,-4.427576115171397
49.39521646499634,4.423403038560094,0.0,0.0,0.0,-4.423403038560094
49.41522240638733,4.419743588831358,0.0,0.0,0.0,-4.419743588831358
49.43529915809631,4.416537338515815,0.0,0.0,0.0,-4.416537338515815
49.455402851104736,4.413730371911932,0.0,0.0,0.0,-4.413730371911932
49.47531080245972,4.411274717187876,0.0,0.0,0.0,-4.411274717187876
49.49516248703003,4.409127795286925,0.0,0.0,0.0,-4.409127795286925
49.51525688171387,4.40725189502623,0.0,0.0,0.0,-4.40725189502623
49.53539681434631,4.40561368022128,0.0,0.0,0.0,-4.40561368022128
49.55537176132202,4.404183732043523,0.0,0.0,0.0,-4.404183732043523
49.57537913322449,4.40293612791071,0.0,0.0,0.0,-4.40293612791071
49.595245122909546,4.401852926179987,0.0,0.0,0.0,-4.401852926179987
49.615288496017456,4.400907593471821,0.0,0.0,0.0,-4.400907593471821
49.63522434234619,4.400082936028249,0.0,0.0,0.0,-4.400082936028249
49.65534424781799,4.399363831018723,0.0,0.0,0.0,-4.399363831018723
49.67526984214783,4.398736992598613,0.0,0.0,0.0,-4.398736992598613
49.69518995285034,4.3981907610045585,0.0,0.0,0.0,-4.3981907610045585
49.7152578830719,4.397714913209106,0.0,0.0,0.0,-4.397714913209106
49.735241651535034,4.397300493540146,0.0,0.0,0.0,-4.397300493540146
49.75537061691284,4.39693966263151,0.0,0.0,0.0,-4.39693966263151
49.77544355392456,4.396625563086907,0.0,0.0,0.0,-4.396625563086907
49.795395612716675,4.39635220029302,0.0,0.0,0.0,-4.39635220029302
49.815359115600586,4.39611485973638,0.0,0.0,0.0,-4.39611485973638
49.83534336090088,4.3959082717654105,0.0,0.0,0.0,-4.3959082717654105
49.8553683757782,4.395728488542465,0.0,0.0,0.0,-4.395728488542465
49.8753936290741,4.3955720615405145,0.0,0.0,0.0,-4.3955720615405145
49.895387411117554,4.395435979929475,0.0,0.0,0.0,-4.395435979929475
49.91537857055664,4.395317616245092,0.0,0.0,0.0,-4.395317616245092
49.93540096282959,4.395214678548058,0.0,0.0,0.0,-4.395214678548058
49.95540976524353,4.395125168351939,0.0,0.0,0.0,-4.395125168351939
49.97537302970886,4.395047343666817,0.0,0.0,0.0,-4.395047343666817
49.9953670501709,4.394979686570197,0.0,0.0,0.0,-4.394979686570197
50.015355587005615,4.394920874777112,0.0,0.0,0.0,-4.394920874777112
50.03533911705017,4.394869812876822,0.0,0.0,0.0,-4.394869812876822
50.05537128448486,4.3948254234917705,0.0,0.0,0.0,-4.3948254234917705
50.075382709503174,4.394786838582716,0.0,0.0,0.0,-4.394786838582716
50.09535264968872,4.394753302250245,0.0,0.0,0.0,-4.394753302250245
50.115365505218506,4.394724156406721,0.0,0.0,0.0,-4.394724156406721
50.13536524772644,4.3946988282464865,0.0,0.0,0.0,-4.3946988282464865
50.15536904335022,4.394676819295305,0.0,0.0,0.0,-4.394676819295305
50.175313234329224,4.3946576958453285,0.0,0.0,0.0,-4.3946576958453285
50.19533443450928,4.394641080604496,0.0,0.0,0.0,-4.394641080604496
50.2153000831604,4.394626645409546,0.0,0.0,0.0,-4.394626645409546
50.23529005050659,4.394614112404742,0.0,0.0,0.0,-4.394614112404742
50.25531315803528,4.394603223395066,0.0,0.0,0.0,-4.394603223395066
50.275339126586914,4.394593763250917,0.0,0.0,0.0,-4.394593763250917
50.29530191421509,4.394585544889887,0.0,0.0,0.0,-4.394585544889887
50.31531286239624,4.394578405641137,0.0,0.0,0.0,-4.394578405641137
50.33530902862549,4.394572204076793,0.0,0.0,0.0,-4.394572204076793
50.35530710220337,4.3945668172512535,0.0,0.0,0.0,-4.3945668172512535
50.375327587127686,4.3945621382965525,0.0,0.0,0.0,-4.3945621382965525
50.395310401916504,4.394558074328434,0.0,0.0,0.0,-4.394558074328434
50.415369510650635,4.394554544623405,0.0,0.0,0.0,-4.394554544623405
50.43534326553345,4.394551479032061,0.0,0.0,0.0,-4.394551479032061
50.455341815948486,4.394548816598332,0.0,0.0,0.0,-4.394548816598332
50.475329875946045,4.394546505005393,0.0,0.0,0.0,-4.394546505005393
50.49514698982239,4.394544497374142,0.0,0.0,0.0,-4.394544497374142
50.515318155288696,4.394542753779635,0.0,0.0,0.0,-4.394542753779635
50.53532934188843,4.394541239532131,0.0,0.0,0.0,-4.394541239532131
50.55531668663025,4.394539924492399,0.0,0.0,0.0,-4.394539924492399
50.575310468673706,4.394538782476217,0.0,0.0,0.0,-4.394538782476217
50.59533143043518,4.394537790736522,0.0,0.0,0.0,-4.394537790736522
50.615328311920166,4.3945369295131265,0.0,0.0,0.0,-4.3945369295131265
50.63534188270569,4.39453618164125,0.0,0.0,0.0,-4.39453618164125
50.65530204772949,4.394535532211203,0.0,0.0,0.0,-4.394535532211203
50.67536187171936,4.394534968272583,0.0,0.0,0.0,-4.394534968272583
50.695478439331055,4.394534478646676,0.0,0.0,0.0,-4.394534478646676
50.71536111831665,4.394534053471466,0.0,0.0,0.0,-4.394534053471466
50.73538851737976,4.394533684267895,0.0,0.0,0.0,-4.394533684267895
50.75542402267456,4.394533363671449,0.0,0.0,0.0,-4.394533363671449
50.77538514137268,4.394533085285848,0.0,0.0,0.0,-4.394533085285848
50.79537773132324,4.394532843555895,0.0,0.0,0.0,-4.394532843555895
50.81542921066284,4.394532633657006,0.0,0.0,0.0,-4.394532633657006
50.83540654182434,4.394532451399212,0.0,0.0,0.0,-4.394532451399212
50.855387449264526,4.394532293143768,0.0,0.0,0.0,-4.394532293143768
50.875410079956055,4.394532155730691,0.0,0.0,0.0,-4.394532155730691
50.89538550376892,4.394532036415822,0.0,0.0,0.0,-4.394532036415822
50.915380001068115,4.3945319328236065,0.0,0.0,0.0,-4.3945319328236065
50.93538808822632,4.394531842874738,0.0,0.0,0.0,-4.394531842874738
50.95539903640747,4.3945317647728634,0.0,0.0,0.0,-4.3945317647728634
50.97542715072632,4.394531696958047,0.0,0.0,0.0,-4.394531696958047
50.995439291000366,4.39453163807567,0.0,0.0,0.0,-4.39453163807567
51.0154173374176,4.394531586949432,0.0,0.0,0.0,-4.394531586949432
51.03542494773865,4.394531542557881,0.0,0.0,0.0,-4.394531542557881
51.05539655685425,4.394531504014046,0.0,0.0,0.0,-4.394531504014046
51.07545733451843,4.39453147054774,0.0,0.0,0.0,-4.39453147054774
51.09535813331604,4.394531441490187,0.0,0.0,0.0,-4.394531441490187
51.11545753479004,4.3945314162606754,0.0,0.0,0.0,-4.3945314162606754
51.13541769981384,4.39453139435577,0.0,0.0,0.0,-4.39453139435577
51.15542006492615,4.3945313753365705,0.0,0.0,0.0,-4.3945313753365705
51.17544150352478,4.394531358822975,0.0,0.0,0.0,-4.394531358822975
51.19530200958252,4.394531344484936,0.0,0.0,0.0,-4.394531344484936
51.2154426574707,4.394531332035874,0.0,0.0,0.0,-4.394531332035874
51.23559212684631,4.394531321226953,0.0,0.0,0.0,-4.394531321226953
51.25553297996521,4.39453131184211,0.0,0.0,0.0,-4.39453131184211
51.27552819252014,4.394531303693738,0.0,0.0,0.0,-4.394531303693738
51.29552483558655,4.394531296618947,0.0,0.0,0.0,-4.394531296618947
51.31546974182129,4.394531290476298,0.0,0.0,0.0,-4.394531290476298
51.335463523864746,4.394531285142985,0.0,0.0,0.0,-4.394531285142985
51.35549592971802,4.394531280512468,0.0,0.0,0.0,-4.394531280512468
0.0021545886993408203,4.394531276492048,0.0,0.0,0.0,-4.394531276492048
0.022377967834472656,4.3945312730013475,-8.691409856826053e-08,0.0,0.0,-4.394531359915446
0.043447017669677734,4.394531269970578,-1.0809936586703058e-05,0.0,0.0,-4.394542079907165
0.06246137619018555,4.394531267339143,-2.958808057979268e-05,0.0,0.019036319106817245,-4.394560855419722
0.08257913589477539,4.394531265054427,-6.272756976547373e-05,0.004802193026989698,0.0,-4.394593992624192
0.10255742073059082,4.394531263070752,-0.00011423941466673964,0.002632731106132269,0.0,-4.394645502485418
0.12245416641235352,4.394531261348451,-0.00018809344757188322,0.017470570746809244,0.0,-4.394719354796023
0.14257168769836426,4.394531259853086,-0.000288218462003539,0.016754926997236907,0.0,-4.39481947831509
0.1625196933746338,4.39453125855476,-0.0004185023521877248,0.04082638386171311,0.0,-4.394949760906948
0.18251323699951172,4.3945312574275075,-0.0005827922525228855,0.07783078390639275,0.0,-4.39511404968003
0.20247244834899902,4.394531256448798,-0.0007848946770489318,0.09220465447288007,0.0,-4.395316151125847
0.2225637435913086,4.394531255599048,-0.0010285756589162877,0.06631712976377457,0.022278979420661926,-4.395559831257964
0.24248862266540527,4.394531254861267,-0.001317560889854927,0.10616718966048211,0.00603673979640007,-4.395848815751122
0.26239585876464844,4.394531254220699,-0.0016555358596434192,0.10719955479726195,0.0,-4.396186790080343
0.282428503036499,4.394531253664538,-0.0020461459955779704,0.07599792955443263,0.0,-4.396577399660116
0.3024756908416748,4.394531253181661,-0.0024929968019414667,0.03964957548305392,0.0,-4.397024249983603
0.32262277603149414,4.394531252762412,-0.0029996539994725123,0.07834547711536288,0.0,-4.397530906761884
0.34176158905029297,4.394531252398406,-0.0035696436648344787,0.09658060735091567,0.0,-4.398100896063241
0.3627915382385254,4.394531252082365,-0.004206452370084538,0.08999342285096645,0.0,-4.39873770445245
0.38262271881103516,4.394531251807969,-0.004913527322142716,0.08294698363170028,0.0,-4.3994447791301114
0.4016261100769043,4.394531251569731,-0.0056942765022609245,0.06875146692618728,0.033102042973041534,-4.400225528071992
0.4224262237548828,4.394531251362885,-0.006552068805492005,0.09205416915938258,0.048822635784745216,-4.401083320168377
0.4427144527435303,4.394531251183296,-0.007490234180158776,0.0850780881009996,0.0708052534610033,-4.402021485363455
0.46259379386901855,4.394531251027371,-0.008512063767323075,0.06255824817344546,0.060679481364786625,-4.403043314794695
0.48247265815734863,4.394531250891992,-0.009620810040254796,0.09710457129403949,0.049159249290823936,-4.404152060932247
0.5015397071838379,4.3945312507744525,-0.01081968694390093,0.10964899277314544,0.03151873126626015,-4.405350937718353
0.5215163230895996,4.394531250672401,-0.01211187003435461,0.08320082118734717,0.05497988313436508,-4.406643120706756
0.5414705276489258,4.394531250583797,-0.013500496618324158,0.1222668825648725,0.02376437559723854,-4.408031747202121
0.562366247177124,4.394531250506869,-0.014988665892602136,0.0904453075490892,0.0,-4.409519916399471
0.5814340114593506,4.394531250440077,-0.016579439083534344,0.11259563406929374,0.0,-4.411110689523611
0.6014811992645264,4.394531250382087,-0.018275839586488922,0.09956195717677474,0.01244328636676073,-4.4128070899685765
0.6214487552642822,4.394531250331738,-0.02008085310532534,0.059867707546800375,0.0289193382486701,-4.414612103437063
0.6422836780548096,4.394531250288024,-0.021997427791863505,0.06456331256777048,0.010069741867482662,-4.416528678079887
0.6624221801757812,4.39453125025007,-0.024028474385352702,0.10447899717837572,0.0,-4.418559724635423
0.6824009418487549,4.394531250217119,-0.026176866351940744,0.05020222160965204,0.002562467474490404,-4.42070811656906
0.702517032623291,4.392214902104351,-0.028445440024142947,0.0766550125554204,0.0,-4.420660342128494
0.7223687171936035,4.383718014898032,-0.0308369947403112,0.0878616888076067,0.04269317910075188,-4.4145550096383435
0.742431640625,4.364203136528693,-0.03335429298410298,0.12840230204164982,0.002525556832551956,-4.397557429512796
0.7623066902160645,4.330600645468674,-0.03600006052395045,0.12490658042952418,0.030271055176854134,-4.366600705992624
0.7824041843414307,4.28346606831271,-0.038776986552529404,0.1014894931577146,0.053315889090299606,-4.32224305486524
0.8025739192962646,4.228174595818747,-0.04168772382622844,0.0946216881275177,0.06326378416270018,-4.269862319644976
0.8218679428100586,4.168674704377757,-0.04473488880461787,0.1646216881275177,0.04682042729109526,-4.213409593182375
0.8423991203308105,4.105503492749443,-0.047921061789918874,0.19494653277099133,0.041836336720734835,-4.153424554539361
0.862313985824585,4.050656633976117,-0.05124878706647247,0.13021658889949322,0.025535975117236376,-4.10190542104259
0.8824949264526367,3.993827681462411,-0.054720573040208526,0.08259430311620236,0.060216494370251894,-4.048548254502619
0.9022717475891113,3.932487030273717,-0.05833889237811497,0.06738537054508925,0.04336360702291131,-3.990825922651832
0.9221818447113037,3.8580475274263253,-0.06210618214770663,0.07864047463983298,0.05408132588490844,-3.920153709574032
0.942368745803833,3.748675486806243,-0.06602484395649436,0.07832262408221141,0.01783295115455985,-3.8147003307627374
0.962329626083374,3.5739118641663343,-0.07009724409145413,0.07521526468219236,0.007563459221273661,-3.6440091082577886
0.9823179244995117,3.3050583994693903,-0.07432571365849594,0.10136262652697042,0.0,-3.379384113127886
1.0024402141571045,2.9246615708539396,-0.07871254872193309,0.14115598005475477,0.00528484582901001,-3.0033741195758727
1.022399663925171,2.437436305698591,-0.08326001044395098,0.11355147836031393,0.0,-2.520696316142542
1.0423831939697266,1.8656873889500645,-0.08797032522407618,0.05911309969844297,0.013304600492119789,-1.9536577141741407
1.062368631362915,1.2433493360623507,-0.09284568483864573,0.06585755058797077,0.0,-1.3361950209009963
1.0822172164916992,0.7030195495002113,-0.09788824658027583,0.03426461153896526,0.009465273469686508,-0.8009077960804871
1.1022446155548096,0.13546294487768154,-0.10310013339733105,0.017287508111912764,0.025178156793117523,-0.2385630782750126
1.122359037399292,-0.43836332867176686,-0.10848343403339353,0.0429186806944199,0.09517815679311753,0.3298798946383733
1.142451286315918,-0.9991049129700718,-0.11404020316673164,0.02080689416499809,0.12293248035013676,0.8850647098033402
1.1623265743255615,-1.5382961914522715,-0.11977246154976945,0.0,0.1641105019301176,1.418523729902502
1.182452917098999,-2.0459923724189553,-0.12568219614855541,0.07,0.12560902319848538,1.9203101762703998
1.2024571895599365,-2.5207487443425247,-0.13177136028223158,0.028795730024576194,0.18497858352959157,2.388977384060293
1.2228293418884277,-2.9577972678755944,-0.13804187376250274,0.0,0.11812289215624333,2.8197553941130917
1.242436170578003,-3.3571362906442945,-0.14449562303310523,0.0,0.15677751384675503,3.2126406676111894
1.262314796447754,-3.719758494828376,-0.15113446130927602,0.0,0.18504602432250977,3.5686240335191
1.2823996543884277,-4.047321045891022,-0.15796020871722202,0.0,0.16474154934287072,3.8893608371738
1.302337884902954,-4.331719215792682,-0.16497465243358875,0.07,0.13215647235512734,4.166744563359093
1.322483777999878,-4.588820724095794,-0.1721795468249298,0.028008062094450004,0.14566199451684952,4.416641177270864
1.3424057960510254,-4.8201866226493,-0.17957661358717525,0.008427643850445754,0.1410286512039602,4.640610009062124
1.3623871803283691,-5.025263098686416,-0.18716754188510143,0.04297984175384045,0.11869888490065933,4.838095556801314
1.3824646472930908,-5.195092947300979,-0.19495398849179957,0.0,0.08655585085973144,5.000138958809179
1.4024627208709717,-5.308169153834656,-0.20293757792814474,0.0,0.12744545301422477,5.105231575906511
1.4224696159362793,-5.332518318440366,-0.2111199026022651,0.0,0.05950743069872261,5.121398415838101
1.442338228225708,-5.2390053428913985,-0.21950252294901113,0.01923440210521221,0.09316476171836258,5.019502819942387
1.4624159336090088,-5.0174488467141805,-0.22808696756942395,0.0056874705478549,0.10753696335479618,4.7893618791447565
1.482466459274292,-4.678049704220032,-0.23687473337020548,0.0,0.09604106767103077,4.4411749708498265
1.5024678707122803,-4.25647880237269,-0.2458672857031863,0.003888702252879739,0.11138956824317575,4.0106115166695036
1.522446632385254,-3.8904601821725797,-0.2550660585047955,0.004350428644102067,0.10833215171471239,3.6353941236677842
1.54240083694458,-3.471156750365845,-0.26447245443552936,0.022992669779341668,0.0533154738880694,3.206684295930316
1.5625503063201904,-3.0258934288663655,-0.2740878450194207,0.019097549084108323,0.07376063259318472,2.7518055838469446
1.5824778079986572,-2.5743337436841633,-0.28391357078350754,0.0,0.0904411973245442,2.2904201729006557
1.602506160736084,-2.130301535067605,-0.29395094139730227,0.0,0.10818200388923288,1.8363505936703028
1.6224026679992676,-1.7032001860059678,-0.3042012358122608,0.0,0.04567297378554941,1.398998950193707
1.6423614025115967,-1.301431239331461,-0.3146657024012516,0.0,0.05141273297369481,0.9867655369302095
1.6623663902282715,-0.9278462613771926,-0.32534555909802443,0.0005644566845148802,0.05550759488716722,0.6025007022791682
1.6824429035186768,-0.5836831087973551,-0.3362419935366803,0.023623012704774737,0.008970940653234727,0.2474411152606748
1.7023706436157227,-0.2690261635109745,-0.34735616319113927,0.0,0.021071935240179307,-0.07832999968016474
1.722414493560791,0.01684359741117874,-0.3586891955146101,0.02647017501294613,0.0,-0.37553279292578884
1.7427589893341064,0.26504302244538325,-0.3702421880790595,0.023601054912433028,0.05705554038286209,-0.6352852105244428
1.7626721858978271,0.49067735405328916,-0.38201620871468045,0.05676096281968057,0.012241590768098831,-0.8726935627679696
1.782522201538086,0.6946918446420958,-0.3940122956493626,0.08318874961696565,0.001582445576786995,-1.0887041402914583
1.802675724029541,0.8783128366436123,-0.4062314576481597,0.04844036675058305,0.0,-1.284544294291772
1.8225014209747314,1.0429295919938955,-0.4186746741527597,0.0782489178236574,0.0,-1.4616042661466553
1.8423593044281006,1.1900079194767719,-0.4313428954209534,0.08380021736957133,0.0,-1.6213508148977254
1.8625004291534424,1.3210281645833561,-0.44423704266610325,0.1090523845050484,0.03793320059776306,-1.7652652072494595
1.8824872970581055,1.4374417553689456,-0.45735800819661354,0.15604610950686038,0.06268315389752388,-1.8947997635655591
1.9025235176086426,1.5406417821717842,-0.4707066555553976,0.19487230689264834,0.02607182413339615,-2.0113484377271815
1.9223546981811523,1.6319441003459547,-0.4842838196593489,0.17541727074421942,0.01131940446794033,-2.116227920005304
1.9424700736999512,1.7112151040436494,-0.498090306938808,0.15062741958536208,0.03452896326780319,-2.2093054109824575
1.9625344276428223,1.781401349404534,-0.5121268954770336,0.11664857366122305,0.04995028022676706,-2.2935282448815677
1.9825167655944824,1.843427748419363,-0.5263943351496696,0.14777651824988425,0.039752923883497715,-2.3698220835690327
2.00250244140625,1.8981517787352624,-0.540893347764216,0.1585737627465278,0.03907704324228689,-2.4390451264994786
2.0225493907928467,1.9440451326078565,-0.5556246271994972,0.1649025024380535,0.031963298737537116,-2.499669759807354
2.0424015522003174,1.966380920429103,-0.57058883954513,0.1741005179937929,0.0,-2.536969759974233
2.0625507831573486,1.9393365535179343,-0.5857866232409945,0.1873001146595925,0.0,-2.525123176758929
2.0826587677001953,1.8231140951445672,-0.6012185892167013,0.15766226197592914,0.0,-2.4243326843612687
2.102510690689087,1.5785228681233463,-0.6168853210310632,0.14176049712114036,0.0,-2.1954081891544095
2.1224465370178223,1.1794085924151396,-0.6327873750115606,0.13296467321924865,0.008350343443453312,-1.8121959674267
2.142699718475342,0.6163101517751314,-0.6489252803938136,0.11529870214872062,0.03301732521504164,-1.265235432168945
2.1625630855560303,0.1274137090255737,-0.665299539461049,0.09598730388097465,0.04744089115411043,-0.7927132484866227
2.182501792907715,-0.523596459903159,-0.6819106276835711,0.09503837313968688,0.016261274926364422,-0.15831416778041218
2.202505111694336,-1.3094282632483674,-0.6987589938582297,0.025038373139686876,0.0452200872823596,0.6106692693901377
2.2224996089935303,-2.1890411537906833,-0.7158450602478894,0.0,0.04986986052244902,1.473196093542794
2.242569923400879,-3.1129267955386806,-0.733169222720898,0.0,0.08907759469002485,2.3797575728177827
2.2627477645874023,-4.043214515701346,-0.7507318508905567,0.0,0.13330480363219976,3.2924826648107897
2.2823877334594727,-4.953431360181155,-0.7685332882545882,0.00881078839302063,0.14671485405415297,4.184898071926567
2.302382469177246,-5.82571869906708,-0.7865738523346057,0.0,0.19238873105496168,5.039144846732475
2.322453260421753,-6.644039209528025,-0.804853834815584,0.0,0.13100263010710478,5.839185374712441
2.3417093753814697,-7.39404327491785,-0.823373501685325,0.03500281274318695,0.12286734394729137,6.570669773232526
2.3625104427337646,-8.062931708891748,-0.8421330933739299,0.00405455008149147,0.13401939906179905,7.220798615517818
2.3825559616088867,-8.639319544838797,-0.8611328248932658,0.0,0.12494863383471966,7.778186719945531
2.4025719165802,-9.139754179888302,-0.8803728859764366,0.0,0.1315323687158525,8.259381293911865
2.4224326610565186,-9.54759428193026,-0.8998534412172519,0.0033349874429404736,0.19553372031077743,8.64774084071301
2.4426259994506836,-9.852575274316697,-0.9195746302096944,0.027372873853892088,0.1741198687814176,8.933000644107002
2.4618568420410156,-10.041013031607658,-0.939536567687391,0.017617367673665285,0.14650162076577544,9.101476463920267
2.4824602603912354,-10.09720892038219,-0.9597393436630797,0.008162057492882013,0.19635643577203155,9.137469576719111
2.502450466156006,-10.011427849478213,-0.9801830235680806,0.06172865116968751,0.13812433322891593,9.031244825910132
2.5218617916107178,-9.778333454743429,-1.000867648391765,0.011360807809978724,0.17868122225627303,8.777465806351664
2.542529344558716,-9.398101629095773,-1.0217932348210215,0.0,0.10868122225627302,8.376308394274751
2.5626111030578613,-8.88168137992486,-1.0429597753797288,0.0,0.0840958727709949,7.838721604545131
2.5823676586151123,-8.242583252953489,-1.064367238568223,0.011052154935896397,0.03917894495651125,7.178216014385266
2.602410316467285,-7.500373615459674,-1.086015569002766,0.02557850070297718,0.04489630909636616,6.414358046456908
2.622342824935913,-6.855968258675627,-1.1079046875550151,0.004708973690867424,0.07494958566501736,5.748063571120612
2.6423797607421875,-6.130401977510785,-1.1300344914914935,0.0,0.04056704865768551,5.000367486019291
2.662444591522217,-5.365268781168554,-1.1524048546130568,0.0,0.0500570766814053,4.212863926555498
2.6823575496673584,-4.592818184167614,-1.1750156273943642,0.023706777021288872,0.029323668051511043,3.4178025567732497
2.702404737472534,-3.8356429173243582,-1.197866637123346,0.003187481313943863,0.0726655245013535,2.6377762802010123
2.722525119781494,-3.1090328695070575,-1.220957688040673,0.0,0.11928355770185589,1.8880751814663845
2.74233078956604,-2.422802555123472,-1.2442885614792265,0.0,0.06409327389672398,1.1785139936442455
2.762566566467285,-1.782704740177215,-1.2678590160035677,0.028835173696279526,0.04507037514820694,0.5148457241736473
2.7823610305786133,-1.1915193662023893,-1.2916687875494028,0.09883517369627953,0.050390712749212974,-0.10014942134701355
2.8023996353149414,-0.6522045920700777,-1.3157175895630575,0.11496828094124795,0.05878139549866318,-0.6635129974929798
2.8223557472229004,-0.16081535670978436,-1.340005113140942,0.15419499546289445,0.027198842559009784,-1.1791897564311578
2.842211961746216,0.265821323192972,-1.3645310271690236,0.19539588660001755,0.0,-1.6303523503619957
2.8623361587524414,0.6524357364309381,-1.3892949784622906,0.19584424135275186,0.0,-2.0417307148932284
2.882277011871338,1.001062284894603,-1.414296591904227,0.178487629564479,0.0,-2.41535887679883
2.9023101329803467,1.3141151904538237,-1.439535470586278,0.14686395687051118,0.0,-2.7536506610401017
2.9222052097320557,1.5942088639402525,-1.4650111959473193,0.2148195402044803,0.0,-3.059220059887572
2.942213296890259,1.8440278609999914,-1.490723327913128,0.2500752740819007,0.0,-3.3347511889131196
2.9622907638549805,2.0639183592311774,-1.5166714050358503,0.22571565297432244,0.0,-3.5805897642670277
2.9822142124176025,2.247960524971518,-1.54285494463347,0.2545535293687135,0.001037025242112577,-3.790815469604988
3.002290964126587,2.3790892481293477,-1.5692734429292794,0.25170242896303535,0.0,-3.948362691058627
3.022231101989746,2.4190497884327646,-1.5959263751913462,0.2818040784262121,0.0,-4.014976163624111
3.0421149730682373,2.3066123105532848,-1.622813195871984,0.28754652122035623,0.01319177821278572,-3.929425506425269
3.062358856201172,2.2089912215931884,-1.6499333387472206,0.2644500715471804,0.03597129136323929,-3.8589245603404088
3.0818967819213867,1.8837618599434114,-1.6772862170562681,0.219768287781626,0.028562563937157393,-3.5610480769996795
3.102466344833374,1.2769797919983383,-1.7048712236409898,0.19555626267567278,0.033270581625401974,-2.981851015639328
3.122303009033203,0.3470148213801883,-1.7326877310853726,0.18084472993388773,0.008199934847652912,-2.079702552465561
3.1422197818756104,-0.9103166837494089,-1.7607350918549918,0.15299248898401857,0.00240225438028574,-0.8504184081055829
3.1623504161834717,-2.4499149645031877,-1.7890126384364844,0.089715438131243,0.002374773079282022,0.6609023260667033
3.182375192642212,-4.177423146284578,-1.8175196834770144,0.12332204932346941,0.01821390649092791,2.359903462807564
3.202446460723877,-5.987605224297541,-1.8462555199237447,0.0533220493234694,0.07876026740086672,4.141349704373797
3.222489356994629,-7.80750381594116,-1.8752194211633055,0.025518969167023897,0.008760267400866717,5.932284394777854
3.2424511909484863,-9.586188073719365,-1.9044106411612631,0.011256498750299215,0.07876026740086672,7.681777432558102
3.2625036239624023,-11.287052279240413,-1.9338284146015852,0.0,0.14102311914575694,9.353223864638828
3.2822630405426025,-12.76378600759912,-1.9634719570261185,0.0,0.15966402103913424,10.800314050573
3.3023765087127686,-14.152645245451318,-1.9933404649740492,0.023979129269719124,0.2114752206744015,12.15930478047727
3.3215479850769043,-15.411436471507558,-2.0234331161213763,0.08669647760689259,0.2814752206744015,13.388003355386182
3.341693878173828,-16.507331776199297,-2.053749069420381,0.01669647760689258,0.26672418216032384,14.453582706778917
3.36240553855896,-17.412557248512016,-2.0842874652390933,0.0,0.23356196829838155,15.328269783272923
3.382481336593628,-18.1058977124528,-2.1150474255007636,0.0,0.30356196829838156,15.990850286952037
3.4019150733947754,-18.56661998852837,-2.1460280538233287,0.049391672015190125,0.24159380564255117,16.42059193470504
3.4229910373687744,-18.772555755237597,-2.1772284356588845,0.0,0.20300991976422667,16.595327319578715
3.442439079284668,-18.691858720955008,-2.2086476384331526,0.0,0.1525352127270162,16.483211082521855
3.4623560905456543,-18.277534378749017,-2.2402847116849505,0.0,0.12486942069393991,16.037249667064067
3.4823968410491943,-17.917807406642982,-2.272138687205659,0.0,0.18191931726199984,15.645668719437323
3.5024993419647217,-17.167930005904843,-2.3042085791786917,0.03215022385120392,0.11191931726199983,14.863721426726151
3.5224709510803223,-16.006996676066017,-2.3364933843189664,0.003834303468465805,0.06338758753401635,13.67050329174705
3.542398452758789,-14.47069811849734,-2.368992082012373,0.0,0.0,12.101706036484968
3.5625293254852295,-12.663207548946227,-2.401703634455238,0.0,0.023865604773163795,10.261503914490989
3.582531690597534,-10.726570278812916,-2.4346269867938033,0.0,0.032759713008999825,8.291943292019113
3.6025731563568115,-8.769800892680216,-2.4677610672636834,0.017012204974889755,0.05399428494274616,6.302039825416532
3.622506618499756,-6.866833018729703,-2.5011047873293437,0.04323395900428295,0.04797725332900882,4.365728231400359
3.6424386501312256,-5.06296887853743,-2.534657041823569,0.0570411765947938,0.03351524705067277,2.528311836713861
3.6624574661254883,-3.4009607285485473,-2.5684167090869243,0.09988283086568117,0.0,0.8325440194616229
3.6824467182159424,-1.916030241999098,-2.602382651107233,0.05664789769798517,0.0,-0.686352409108135
3.7023520469665527,-0.6267756815011823,-2.636553713659042,0.12664789769798518,0.0,-2.0097780321578593
3.7223331928253174,0.48675618884127636,-2.670928726443088,0.19664789769798519,0.0,-3.1576849152843645
3.7424733638763428,1.409509586809551,-2.7055065032257737,0.17624443616718055,0.0,-4.115016090035325
3.76230788230896,2.140687703330859,-2.7402858419786313,0.2239353306218982,0.0,-4.880973545309491
3.7824177742004395,2.6871023846940654,-2.775265525017791,0.2746245249733329,0.0,-5.4623679097118565
3.802316427230835,3.065303470945655,-2.8104443191434574,0.3446245249733329,0.0,-5.875747790089113
3.8224294185638428,3.2981684526985053,-2.845820975779367,0.39983286898583176,0.0,-6.143989428477872
3.842414379119873,3.4100506008662643,-2.881394231112265,0.43927636187523605,0.0,-6.291444831978529
3.8624179363250732,3.4210537104351597,-2.9171628062313775,0.4481861060857773,0.006562361493706703,-6.338216516666537
3.882395029067993,3.3362183997940837,-2.9531254072678714,0.4859617231786251,0.0,-6.289343807061956
3.902358293533325,3.1245100258417207,-2.9892807255343263,0.5045528011769056,0.0,-6.113790751376047
3.922316312789917,2.940699410404812,-3.0256274376642103,0.5079972378816455,0.006029521580785513,-5.966326848069022
3.942350149154663,2.550218487754118,-3.0621642057513396,0.5733411170449108,0.0,-5.612382693505458
3.9623119831085205,1.8481206960409402,-3.0988896774893533,0.5921427018847316,0.0,-4.9470103735302935
3.9824306964874268,0.728030571699646,-3.135802486311182,0.5923944461764767,0.01952497847378254,-3.8638330580108278
4.002493381500244,-0.8636566641050586,-3.172901251528514,0.5677597999246791,0.0513113047927618,-2.3092445874234553
4.021868467330933,-2.891519899479969,-3.2101845784712664,0.5425698171975091,0.06495730765163898,-0.31866467899129747
4.042339324951172,-5.203643547137313,-3.247651058627054,0.49575878788251426,0.1043116394430399,1.9559924885102586
4.06252121925354,-7.62447696266179,-3.285299269780658,0.42575878788251426,0.11454754509031773,4.339177692881131
4.082407474517822,-10.04543550705823,-3.3231277761535,0.42218257392290975,0.18454754509031773,6.722307730904729
4.102430820465088,-12.407309554459127,-3.361135128543097,0.35218257392290975,0.20459834456443787,9.04617442591603
4.122424602508545,-14.67516311957647,-3.3993198644625475,0.28218257392290974,0.2482352700829506,11.275843255113921
4.142388105392456,-16.644171485862458,-3.4376805082799904,0.23842985893134022,0.3182352700829506,13.206490977582467
4.162369012832642,-18.52516984508335,-3.476215571358074,0.16842985893134022,0.3882352700829506,15.048954273725277
4.182417392730713,-20.29314831619587,-3.51492355219343,0.1871744915330782,0.45332042783498766,16.77822476400244
4.202378273010254,-21.931397804455976,-3.553802936556141,0.2571744915330782,0.5233204278349877,18.377594867899834
4.2224273681640625,-23.427098797127492,-3.5928521976292065,0.1871744915330782,0.45332042783498766,19.834246599498286
4.242367267608643,-24.7310933484638,-3.6320697961480146,0.14152071619871998,0.39364599347114565,21.099023552315785
4.262436628341675,-25.77259544899675,-3.6714541805398087,0.21152071619871998,0.36800437517464163,22.101141268456942
4.282391548156738,-26.479243957747073,-3.7110037870631616,0.28152071619872,0.43800437517464164,22.76824017068391
4.302322864532471,-26.80497057732951,-3.7507170399474394,0.276075110589154,0.4149561177194119,23.05425353738207
4.322306394577026,-26.73939806650829,-3.790592351532273,0.34577059820760037,0.4597311529517174,22.948805714976018
4.342255115509033,-26.304162028338297,-3.8306281224070258,0.3758996751205995,0.42247922971844676,22.47353390593127
4.362360000610352,-25.926278987895365,-3.8708227415502634,0.33204201497603203,0.356759334653616,22.055456246345102
4.382328987121582,-25.214475653321713,-3.911174586469222,0.3320365269840476,0.3471622594818473,21.30330106685249
4.402315139770508,-24.23158861809967,-3.9516820233392798,0.4020365269840476,0.4171622594818473,20.27990659476039
4.421450853347778,-23.060836205342046,-3.9923434071434247,0.3860519973546979,0.398796589486301,19.06849279819862
4.4414684772491455,-21.788134886189038,-4.033157081811723,0.4244923217207906,0.32879658948630097,17.754977804377315
4.4614832401275635,-20.47816376035804,-4.074121380360781,0.3544923217207906,0.398796589486301,16.404042379997257
4.482282638549805,-19.176829906212777,-4.115234625033234,0.4150840082377908,0.3745383614674211,15.061595281179542
4.5014684200286865,-17.915791847374635,-4.156495127437197,0.41856410202428374,0.4445383614674211,13.759296719937439
4.5214684009552,-16.71829333131443,-4.1979011886857345,0.46290372160121473,0.4247585377469659,12.520392142628697
4.542282819747925,-15.596488084044871,-4.239451099536346,0.39290372160121473,0.4377188608795405,11.357036984508525
4.561472654342651,-14.559139305771854,-4.281143140530411,0.3229037216012147,0.4442630019783974,10.277996165241444
4.582340955734253,-13.658486611703205,-4.322975582132679,0.26774824690863164,0.3841324542462826,9.335511029570526
4.602315664291382,-12.828138238805295,-4.364946684870729,0.2385083949272302,0.3141324542462826,8.463191553934566
4.621479034423828,-12.07082196241698,-4.407054699474439,0.1786568602625993,0.2706981770694256,7.6637672629425415
4.641448259353638,-11.391140384916271,-4.449297867015456,0.24622855988189252,0.23619282469153408,6.941842517900815
4.662317514419556,-10.783295285325298,-4.49167441904666,0.26982287970229657,0.16619282469153407,6.291620866278638
4.681479454040527,-10.241366090109961,-4.534182577741648,0.2332324748937753,0.17503703359514478,5.707183512368314
4.701449394226074,-9.759503278132128,-4.576820556034182,0.22024812736406596,0.17642054529394957,5.182682722097946
4.721494197845459,-9.329744495281021,-4.61958655775768,0.2365888767023352,0.1640204098960385,4.710157937523341
4.741467475891113,-8.945186050102649,-4.662478777784665,0.24673056230738433,0.09611276359762999,4.2827072723179835
4.762327194213867,-8.602157871640019,-4.705495402166248,0.2616713130925563,0.07515802615787837,3.896662469473771
4.781521320343018,-8.297016274681141,-4.748634608271589,0.27110576257899077,0.06853921021800491,3.5483816664095524
4.801515579223633,-8.028548278056803,-4.791894564927373,0.24798092433109553,0.05308049134444448,3.2366537131294297
4.822302341461182,-7.795457509074103,-4.8352734325572735,0.2622720459555057,0.06276186797302219,2.9601840765168292
4.842351198196411,-7.60415122365056,-4.87876936332142,0.2370402859602836,0.06749929356854412,2.72538186032914
4.8623435497283936,-7.4700729602437335,-4.922380501255873,0.27672918607338937,0.06481613274198028,2.5476924589878607
4.882322549819946,-7.418655696507409,-4.966104982412093,0.3008078904901412,0.07663434985559436,2.4525507140953167
4.902280569076538,-7.467702507088555,-5.0099409349964015,0.301966808511388,0.059982162523083415,2.4577615720921537
4.9223034381866455,-7.626931339136151,-5.05388647950946,0.2738566713020918,0.0608954088832252,2.573044859626691
4.94235372543335,-7.897871904956874,-5.097939728885732,0.2480321151749012,0.07893634159816432,2.7999321760711418
4.962306499481201,-8.274009865731408,-5.142098788632954,0.27674640692628594,0.10127265696180987,3.1319110770984535
4.982287406921387,-8.743415326898345,-5.1863617569716105,0.28260029969595046,0.11239111833972859,3.557053569926735
5.002300500869751,-9.295343962159507,-5.23072672497439,0.2385570418634233,0.11799282851396131,4.064617237185117
5.021438121795654,-9.915525387134586,-5.275191776705668,0.2646101277866182,0.13775382834253835,4.640333610428918
5.042328357696533,-10.453982734281652,-5.319754989360958,0.2723985405252096,0.20775382834253836,5.134227744920694
5.062302112579346,-11.062067641500814,-5.3644144334064086,0.2628891130522606,0.17944942469475794,5.697653208094406
5.082319498062134,-11.721019260532413,-5.40916817271825,0.2550036653489587,0.2124617664027028,6.311851087814164
5.102284908294678,-12.400251650044755,-5.454014264722262,0.31228166516728373,0.24668496901867915,6.946237385322493
5.1222984790802,-13.075669568274071,-5.498950760533255,0.29613187793500395,0.2542113541509025,7.576718807740816
5.1423540115356445,-13.72832111385757,-5.5439757050945415,0.31083634566373797,0.24240062114549804,8.18434540876303
5.16232705116272,-14.34564267242503,-5.589087137317387,0.2994842536360738,0.23684543845010925,8.756555535107642
5.182407379150391,-14.919838921422276,-5.634283090220497,0.25439779158539744,0.25194265515310693,9.28555583120178
5.202327728271484,-15.432733856843901,-5.679561591069476,0.21910686861581774,0.2775272969971411,9.753172265774426
5.22228217124939,-15.859420283205118,-5.724920661516296,0.2761789716393468,0.29385658547980714,10.134499621688821
5.242273807525635,-16.229880332393716,-5.770358317738777,0.2061789716393468,0.2563971076975577,10.459522014654938
5.26154088973999,-16.501880343010008,-5.815872570580043,0.22812597181506128,0.19477954701287675,10.686007772429964
5.282310485839844,-16.675159925968785,-5.861461425687999,0.2532236157716033,0.26477954701287676,10.813698500280786
5.30228328704834,-16.766038074996146,-5.907122883654796,0.25043605158894927,0.25175941993249584,10.85891519134135
5.3223841190338135,-16.785704976642005,-5.952854940156297,0.224899400797185,0.3111682522739284,10.83285003648571
5.34165096282959,-16.73686083604232,-5.998655586091559,0.294899400797185,0.2813354532863014,10.738205249950763
5.362506866455078,-16.630135808319988,-6.044522807722285,0.24144586968093784,0.21133545328630138,10.585613000597704
5.382519721984863,-16.486020576189258,-6.090454586812308,0.2283853204068509,0.18292652544332672,10.39556598937695
5.402566432952881,-16.317416633538322,-6.136448900767049,0.17175320024460228,0.17211597141576934,10.180967732771272
5.42169976234436,-16.12466511050217,-6.18250372277299,0.14339370514124306,0.11569598790956664,9.94216138772918
5.442567825317383,-15.913272052478813,-6.228617021937149,0.09005381773084076,0.131623472168576,9.684655030541665
5.462559223175049,-15.729735202381866,-6.274786763426541,0.12188636745184334,0.061623472168576,9.454948438955324
5.482134580612183,-15.532834463490598,-6.32101090860764,0.17127814004987152,0.12399925608886408,9.211823554882958
5.502269744873047,-15.331840727095575,-6.367287415185876,0.19122946682244213,0.16311168615473437,8.964553311909699
5.522295236587524,-15.130984895239452,-6.41361423734507,0.17581792781918915,0.20371033196104693,8.717370657894381
5.5423583984375,-14.930885687117398,-6.459989325886928,0.2117558592078057,0.208266276314389,8.47089636123047
5.5623109340667725,-14.738901956485268,-6.506410628370494,0.15843725438087852,0.1659746984089725,8.232491328114774
5.582417249679565,-14.55761478848091,-6.552876089251632,0.2280285381790963,0.16323969318298626,8.004738699229279
5.601537227630615,-14.39085139562878,-6.5993836500224905,0.2570747309443322,0.15332190497545528,7.791467745606289
5.621469736099243,-14.23625461611115,-6.645931249350954,0.28487028415172966,0.1721239722403698,7.590323366760196
5.642273187637329,-14.09418290975329,-6.692516823220146,0.30310922908454807,0.20204223683802414,7.401666086533144
5.661444187164307,-13.964555158760529,-6.739138305067877,0.3022749871676569,0.13204223683802413,7.225416853692652
5.682363033294678,-13.852009035794968,-6.785793625926108,0.3332025297647123,0.15190521648852157,7.066215409868859
5.701435327529907,-13.749271643781334,-6.8324807145604325,0.33129447786694066,0.1990245433780365,6.916790929220902
5.721463918685913,-13.65605483733215,-6.879197497609541,0.30088466493969457,0.2380833888682537,6.776857339722609
5.741466045379639,-13.571907562280666,-6.925941899724697,0.3245333944875528,0.251636792186182,6.645965662555969
5.762327671051025,-13.49627749869564,-6.972711843709185,0.3334771617743899,0.211734578225296,6.523565654986456
5.781433343887329,-13.430872893845363,-7.019505250657808,0.35847761290704505,0.18520204744068908,6.411367643187555
5.802258729934692,-13.39282520855391,-7.066320040096333,0.34811328532730834,0.247899905059021,6.326505168457578
5.822264194488525,-13.400261675704796,-7.113154130120973,0.389147927934282,0.23257345634279775,6.287107545583822
5.842365264892578,-13.455308994075882,-7.1600054375378495,0.3994846762586166,0.25354637319920587,6.295303556538032
5.862280607223511,-13.541975111493368,-7.20687187800247,0.3294846762586166,0.3115554277109914,6.335103233490898
5.88236927986145,-13.648318951472628,-7.253751366159184,0.31993137324785487,0.3347998086619191,6.394567585313444
5.902214527130127,-13.740649388429791,-7.300641815780667,0.34567370290493266,0.2647998086619191,6.440007572649124
5.9222588539123535,-13.845691514421073,-7.347541139907376,0.34460444156171427,0.2786500961962156,6.498150374513697
5.942314386367798,-13.954478208629041,-7.394447250987026,0.3352417597928797,0.2590773296984844,6.560030957642015
5.96236252784729,-14.062998744852202,-7.441358061014065,0.4016676197210108,0.20838889158098028,6.6216406838381365
5.981462717056274,-14.168474365746494,-7.488271481669122,0.36486544706018315,0.26125268316594885,6.680202884077373
6.00147271156311,-14.26673890119083,-7.535185424458504,0.36216976855972455,0.2411033534887247,6.731553476732326
6.022360324859619,-14.357405006447074,-7.582097800853637,0.31953137730339215,0.1755562075856142,6.775307205593437
6.041442155838013,-14.440403895262733,-7.629006522430554,0.3202970987916705,0.20145453191129492,6.811397372832179
6.061445713043213,-14.515889858728025,-7.6759095010093725,0.27129015240676374,0.21891043386189268,6.839980357718653
6.0825512409210205,-14.58416806676338,-7.722804648793727,0.20129015240676373,0.23007129370002077,6.861363417969653
6.102475881576538,-14.645640444050407,-7.769689878510272,0.22985043320662946,0.21097343652276324,6.875950565540135
6.122430324554443,-14.699012331475327,-7.816563103548147,0.15985043320662945,0.26776224239496516,6.88244922792718
6.142437934875488,-14.749420709947028,-7.863422238098422,0.22985043320662946,0.19776224239496515,6.885998471848606
6.162335395812988,-14.796442185651493,-7.910265197293595,0.2805763253927943,0.196034980698023,6.8861769883578985
6.182274580001831,-14.839871938996048,-7.957089897347046,0.28514630384601325,0.20862490659812466,6.882782041649001
6.202292203903198,-14.881978713846326,-8.003894255692517,0.27786555038623184,0.22132502099731938,6.878084458153809
6.222318649291992,-14.922056854154174,-8.050676191123559,0.3251999047570643,0.2344429006264545,6.871380663030616
6.242263555526733,-14.957353341405465,-8.097433623933018,0.271003316062015,0.2217529665143229,6.859919717472447
6.261491298675537,-14.990714698957305,-8.144164476052513,0.2442613289677319,0.20733659411082045,6.846550222904792
6.282306909561157,-15.021852718266246,-8.190866671191879,0.2658135415040669,0.27733659411082046,6.830986047074367
6.302274465560913,-15.050625811162874,-8.23753813497865,0.2703632324919817,0.20733659411082045,6.8130876761842245
6.321480751037598,-15.074681612576494,-8.284176795097554,0.25778808016188115,0.13733659411082044,6.79050481747894
6.341450452804565,-15.095567473537573,-8.330780581429922,0.28468013126261205,0.14635299990186468,6.764786892107651
6.361459970474243,-15.115276873388549,-8.377347426193213,0.2825471823089537,0.1853638524771668,6.737929447195336
6.382295846939087,-15.13364968724261,-8.42387526408045,0.2782199903377113,0.1442331830621697,6.709774423162159
6.402315616607666,-15.150609921069774,-8.470362032399715,0.2896937112309751,0.1691437820554711,6.68024788867006
6.422327995300293,-15.166142019300935,-8.516805671213593,0.29174341088950306,0.18945096159586683,6.649336348087342
6.442317962646484,-15.180272815704198,-8.56320412347864,0.24452331862270504,0.2280809740186669,6.617068692225558
6.462311744689941,-15.19305787965041,-8.609555335184888,0.25445423661589295,0.22034876799443737,6.583502544465523
6.481447219848633,-15.204571275172725,-8.655857255495272,0.31082595898627907,0.18830078473547474,6.548714019677453
6.501474380493164,-15.21721430846912,-8.702107836885132,0.32345976042419344,0.23010250559309497,6.515106471583989
6.5222859382629395,-15.230308760251404,-8.748305035281657,0.3602498258915511,0.2905867808149196,6.482003724969747
6.542264461517334,-15.241055307507764,-8.79444681020335,0.3853380914297667,0.3227153123007156,6.446608497304414
6.561451435089111,-15.249887822129516,-8.840531124899547,0.387417256504741,0.26457143953302875,6.409356697229969
6.581456661224365,-15.257556436828926,-8.88655594648981,0.34485825490995914,0.3285533898160793,6.3710004903391155
6.602267265319824,-15.263816194237107,-8.93251924610347,0.3400003855568138,0.28148154920199886,6.331296948133637
6.621471881866455,-15.268932411707777,-8.97841899901903,0.4100003855568138,0.2409502342925407,6.290513412688746
6.642349481582642,-15.27080316327065,-9.024253184803705,0.4783175977212158,0.3109502342925407,6.246549978466945
6.661494255065918,-15.270370374285374,-9.070019787452804,0.4560681039732662,0.33795757008949295,6.20035058683257
6.682311773300171,-15.266032649150794,-9.115716795529291,0.491141298626062,0.3204637875244953,6.150315853621503
6.7023491859436035,-15.259096952091225,-9.161342202303185,0.4822304955017534,0.348263250424061,6.09775474978804
6.722266435623169,-15.250539544147077,-9.20689400589106,0.4792030021347818,0.34235056465724484,6.043645538256017
6.741516590118408,-15.241081257144744,-9.252370209395519,0.49093363674215645,0.3272351126582362,5.988711047749225
6.762263059616089,-15.231246509332408,-9.297768821044624,0.4848330580428955,0.3635727304429747,5.933477688287784
6.781512498855591,-15.222707730188702,-9.343087854331428,0.49044995669133634,0.3917624696553685,5.879619875857275
6.802433013916016,-15.21399588688645,-9.388325328153396,0.4996157028511879,0.3540305353165604,5.825670558733053
6.822425365447998,-15.20539343631207,-9.433479266951869,0.4731389918164131,0.41124314511427656,5.771914169360201
6.842580318450928,-15.197093684456048,-9.47854770085158,0.4766392878521946,0.40865268068620936,5.718545983604468
6.862453460693359,-15.189222920282841,-9.523528665800082,0.4718939888556269,0.34490390377352015,5.665694254482759
6.882462739944458,-15.181857555710243,-9.568420203707216,0.48030238256647856,0.35574970370391384,5.613437352003027
6.902406930923462,-15.175037345207816,-9.61322036258463,0.5235530848880079,0.32072085863212124,5.561816982623185
6.923276424407959,-15.168775533974314,-9.657927196685161,0.520049406521466,0.3271581351221539,5.510848337289152
6.941967010498047,-15.163066605312116,-9.702538766642403,0.485908249699023,0.3267578162997961,5.460527838669712
6.962394952774048,-15.157892156269611,-9.747053139610106,0.4966461717416313,0.34573582716286183,5.410839016659505
6.982409477233887,-15.153225318363264,-9.791468389401656,0.4309420048524406,0.36013615287840367,5.361756928961608
7.002300500869751,-15.149173450542941,-9.83578259662958,0.42808374420597817,0.4183323212713003,5.313390853913361
7.022427797317505,-15.145516116142087,-9.879993848844965,0.46766916693046356,0.3483323212713003,5.265522267297122
7.042397975921631,-15.142229205590962,-9.924100240676966,0.4790460982625153,0.3493290359620005,5.218128964913996
7.062463760375977,-15.13928621037317,-9.968099873972266,0.5091637851004269,0.34314279654063284,5.171186336400904
7.082446098327637,-15.136659654340045,-10.011990857934519,0.5087955632919692,0.3155524025205523,5.124668796405526
7.102413177490234,-15.13432211337549,-10.055771309263864,0.4678827972824,0.3448737079743296,5.078550804111625
7.122467756271362,-15.132246922263858,-10.099439352296363,0.4862009362990283,0.3700743115041405,5.0328075699674955
7.142455101013184,-15.130408645665833,-10.14299311914346,0.5026731157416724,0.3756596485618502,4.987415526522373
7.162457704544067,-15.128783372835787,-10.186430749831489,0.522059161376419,0.3768651142017916,4.9423526230042985
7.1824729442596436,-15.127348882146189,-10.229750392441114,0.5066600480789565,0.35187436372507364,4.897598489705075
7.202431917190552,-15.1260847108465,-10.272950203246797,0.5294758250678204,0.36732664436567575,4.853134507599703
7.222532510757446,-15.124987125048285,-10.316028346856287,0.5260665350800626,0.39186604984570295,4.8089587781919985
7.242457628250122,-15.124019205148622,-10.35898299635007,0.557153954098212,0.3760823264019564,4.765036208798552
7.262545347213745,-15.123166858070004,-10.401812333420855,0.6017931242680423,0.3412065609591082,4.721354524649149
7.282359838485718,-15.122417249127242,-10.444514548513022,0.599368937473955,0.3029110758798197,4.67790270061422
7.30237603187561,-15.12175875594659,-10.487087840962108,0.631723199200096,0.3432313307421282,4.634670914984483
7.322448968887329,-15.121180904508522,-10.529530419134256,0.648664111431899,0.37553166144061834,4.591650485374267
7.342159986495972,-15.120674294459548,-10.571840500565733,0.6322767046952866,0.366296632331796,4.548833793893815
7.362381458282471,-15.120230518938902,-10.614016312102336,0.5944713821375989,0.4175671172561124,4.506214206836566
7.3823957443237305,-15.1221584307925,-10.656056090038879,0.5733708871269845,0.44653286796528846,4.46610234075362
7.402346849441528,-15.12568286035832,-10.697958080258726,0.5847264669576906,0.381946146604605,4.427724780099595
7.4216790199279785,-15.130223313908408,-10.739720538373142,0.60576087159312,0.4230606743367389,4.390502775535266
7.442605972290039,-15.134165451603877,-10.781341729860864,0.6192832059899591,0.4323537285672501,4.352823721743013
7.462514638900757,-15.138772479253102,-10.822819930207526,0.6612589388827108,0.45092679478693753,4.315952549045576
7.482476472854614,-15.143719908724734,-10.864153425045137,0.6666525715703391,0.40370659448672086,4.279566483679597
7.502476930618286,-15.15108973374489,-10.90534051029153,0.7,0.40773674484808,4.245749223453359
7.521488189697266,-15.159947876339169,-10.946379492289886,0.7,0.3734315411420539,4.2135683840492835
7.54246187210083,-15.16960631977961,-10.98726868794814,0.6887217301875352,0.39066140179056674,4.182337631831471
7.5624611377716064,-15.181882437355304,-11.028006424878456,0.6783360753208398,0.3337093797745183,4.153876012476848
7.581521034240723,-15.195653204369831,-11.068591041536763,0.7,0.3717178908409551,4.127062162833068
7.602389812469482,-15.210099198525139,-11.109020887362135,0.688236310891807,0.3164829966844991,4.101078311163004
7.622397422790527,-15.224633469593654,-11.149294322916338,0.7,0.3307128382148221,4.075339146677315
7.641504526138306,-15.23884600690821,-11.189409720023242,0.7,0.4007128382148221,4.049436286884967
7.662339687347412,-15.251185694668017,-11.229365461908309,0.7,0.44986397941131145,4.021820232759708
7.68229079246521,-15.260857788220356,-11.269159943338067,0.6818006381392478,0.41422988642472774,3.991697844882289
7.701536417007446,-15.268422116056446,-11.308791570759595,0.7,0.4083492963621393,3.95963054529685
7.722414016723633,-15.278955770197447,-11.348258762439944,0.6618271514773368,0.4256195000419393,3.9306970077575034
7.7423834800720215,-15.298223291181898,-11.387559948605649,0.6990966171026229,0.39175052410457284,3.9106633425762496
7.762419700622559,-15.323049391641586,-11.426693571582181,0.6473950788378715,0.3901882182620466,3.896355820059405
7.782419919967651,-15.348765735271225,-11.46565808593345,0.6358897730708122,0.4095726731978357,3.8831076493377754
7.8024022579193115,-15.376739020960143,-11.504451958601175,0.6537265319377183,0.3975602958165109,3.872287062358968
7.82248330116272,-15.405542701451347,-11.5430736690445,0.6625046495348215,0.37770795000717045,3.862469032406848
7.842427015304565,-15.434164039978045,-11.581521709379327,0.6321844391524791,0.39986290520057083,3.8526423305987176
7.861541986465454,-15.46190441500948,-11.619794584517866,0.6345848795492202,0.38980993831530214,3.842109830491614
7.881649971008301,-15.485989316857177,-11.657890812308079,0.6114083342719823,0.3749908089451492,3.8280985045490983
7.902477264404297,-15.509212922106158,-11.695808923673157,0.5900490582454949,0.3807703793793917,3.8134039984330013
7.922399044036865,-15.531226231948573,-11.733547462750959,0.6253384277690202,0.3183693566173315,3.7976787691976135
7.942466497421265,-15.551818735851006,-11.77110498703355,0.6222205406986177,0.3090796495601535,3.7807137488174565
7.96237325668335,-15.5708816625073,-11.808480067506554,0.6142649131827056,0.2784780214354396,3.762401595000746
7.982531785964966,-15.58837977334321,-11.845671288788767,0.6124431116506457,0.30767379578202964,3.742708484554443
8.00235915184021,-15.604329832889563,-11.882677249271516,0.5976533822715282,0.2860433689132333,3.721652583618047
8.022474527359009,-15.618784284188568,-11.919496561258176,0.5829055270180106,0.2791668453067541,3.699287722930391
8.042443752288818,-15.631818969747235,-11.956127851103613,0.5227647049352526,0.3491668453067541,3.6756911186436216
8.062406063079834,-15.648156682229867,-11.992569759353668,0.5057089289650321,0.32443518690764905,3.6555869228762
8.082310914993286,-15.682572470469417,-12.028820940884643,0.5137493152171373,0.3036496316641569,3.653751529584774
8.102386474609375,-15.712453136495792,-12.064880065042754,0.46725346408784385,0.2766222444921732,3.6475730714530386
8.122414827346802,-15.766162809362719,-12.100745815783595,0.5304761108011007,0.2286983070522547,3.6654169935791234
8.142480373382568,-15.837324479289567,-12.136416891811601,0.5165415031835436,0.2451791235804558,3.7009075874779658
8.162476301193237,-15.916416158416183,-12.171892006719522,0.514433115767315,0.25025211261585356,3.7445241516966608
8.182506322860718,-15.998931413902305,-12.207169889127924,0.5303836148697882,0.2817137575335801,3.7917615247743814
8.202376365661621,-16.081649937719416,-12.242249282824604,0.5260466277133673,0.2487271203286946,3.8394006548948116
8.222517490386963,-16.162329609833268,-12.277128946904115,0.5209188298787921,0.30386185260489584,3.8852006629291527
8.242330312728882,-16.239466831277674,-12.31180765590717,0.5464556017424911,0.2918652797676623,3.927659175370504
8.262535572052002,-16.31211059255474,-12.34628419996019,0.6164556017424911,0.3232378902472556,3.9658263925945487
8.28247594833374,-16.379718765748585,-12.380557384914699,0.6226487743947655,0.2747779058851302,3.999161380833886
8.302520513534546,-16.442047511809953,-12.414626032486822,0.5684195372555405,0.27930550776422025,4.027421479323131
8.322590351104736,-16.496162920468887,-12.448488980396762,0.6344548750016838,0.27488034578040244,4.047673940072125
8.34249496459961,-16.546050983079237,-12.482145082508294,0.6411313756648451,0.28826361695304514,4.063905900570942
8.362437725067139,-16.591688019284803,-12.51559320896818,0.6408576750650536,0.28079423528164627,4.076094810316622
8.382459878921509,-16.633169616522974,-12.548832246345636,0.5943546453013551,0.3259989045187831,4.084337370177337
8.402467966079712,-16.670671684109127,-12.581861097771883,0.601054837879492,0.34939018670469524,4.088810586337244
8.422523975372314,-16.706737633375635,-12.614678683079493,0.617819523391081,0.3197612188383937,4.092058950296142
8.442124605178833,-16.7408555687082,-12.647283938941987,0.5990752316534054,0.35986751165241004,4.0935716297662115
8.46253752708435,-16.772721277133762,-12.679675819013207,0.6304778307199013,0.3757647651806474,4.093045458120555
8.482530117034912,-16.80218281547706,-12.711853294066835,0.6279228878661525,0.3616006321832538,4.090329521410226
8.501502513885498,-16.82919800862996,-12.74381535213583,0.628288655319484,0.33382362719625236,4.085382656494129
8.521508932113647,-16.853802035755493,-12.775560998651915,0.6364572940033395,0.33140543299727143,4.078241037103577
8.54243803024292,-16.875163880276528,-12.807089256585082,0.5952435692411382,0.30755294683389367,4.068074623691446
8.56247067451477,-16.89462977644312,-12.83839916658298,0.6482291517418344,0.35953937667422,4.056230609860142
8.582484245300293,-16.912265762370613,-12.869489787110444,0.6583525741111953,0.31765547963790597,4.042775975260168
8.602464199066162,-16.928165933931133,-12.900360194588963,0.6804251277458389,0.3045525197964162,4.0278057393421705
8.622411727905273,-16.942441395478774,-12.931009483536094,0.6793420141434763,0.3190593832265586,4.01143191194268
8.641811609268188,-16.955212136982787,-12.961436766705008,0.6128091415262316,0.33725054199807347,3.9937753702777794
8.662437915802002,-16.9666011578639,-12.991641175223918,0.6156758525280748,0.3395755573734641,3.97495998263998
8.682336330413818,-16.976730306212232,-13.021621858735557,0.5593145684211049,0.3709421328827739,3.9551084474766753
8.702412366867065,-16.985717419132776,-13.051377985536618,0.5250961453525815,0.3128013334795833,3.9343394335961577
8.72243332862854,-16.99367444219434,-13.080908742717241,0.5164303359447513,0.3521658427640796,3.9127656994770987
8.742485284805298,-17.000706278506485,-13.11021333630053,0.5310101750178728,0.33090985599905254,3.890492942205954
8.762372016906738,-17.006811498323998,-13.139290991381982,0.6010101750178729,0.3004432510212064,3.867520506942016
8.782561779022217,-17.012210882633347,-13.168140952268875,0.6513060569448863,0.28449671749025585,3.8440699303644728
8.802460193634033,-17.016977707215645,-13.196762482619908,0.6863747253699695,0.3313276882842183,3.820215224595737
8.822498798370361,-17.021179539038485,-13.225154865584543,0.7,0.2777543741837144,3.7960246734539425
8.842412233352661,-17.02487819911908,-13.253317403942502,0.7,0.31690809909254314,3.771560795176578
8.862413167953491,-17.02812988816364,-13.281249420243268,0.7,0.2764442827180028,3.7468804679203718
8.882398843765259,-17.03098542195674,-13.308950256945481,0.6828851576894521,0.29863599721342327,3.722035165011258
8.902482032775879,-17.033490536777187,-13.336419276556523,0.7,0.3360834534838796,3.697071260220664
8.922350883483887,-17.035686235403755,-13.363655861771862,0.7,0.36934142220765354,3.672030373631893
8.942689895629883,-17.03760915219485,-13.390659415614635,0.6515404477715492,0.34587988663464786,3.646949736580215
8.962457656860352,-17.039291921795012,-13.417429361574966,0.6405055567622184,0.3695739678665996,3.6218625602200465
8.982450246810913,-17.04075294532502,-13.443965143749665,0.60833705291152,0.31708017956465484,3.5967878015753563
9.002452373504639,-17.042032038573662,-13.47026622698143,0.5651132732629776,0.2667208782956004,3.5717658115922326
9.022448062896729,-17.04315105624348,-13.49633209699854,0.5740739235654473,0.2810762378945947,3.5468189592449413
9.042560577392578,-17.04412939695794,-13.522162260554197,0.5891849620267748,0.26665756326168777,3.5219671364037417
9.061599493026733,-17.044984242147365,-13.547756245566017,0.5615359207615256,0.32166461493819953,3.4972279965813478
9.083240747451782,-17.045730780408388,-13.573113601255539,0.5699845159426331,0.29018015634268524,3.4726171791528486
9.101646184921265,-17.0463824158605,-13.598233898287653,0.6325534561648964,0.2768696186691523,3.4481485175728466
9.122328758239746,-17.046950959896154,-13.623116728910093,0.6023269927129149,0.27906442536972464,3.4238342309860617
9.14238429069519,-17.0474468063428,-13.64776170709288,0.6614586858078837,0.2809478000132367,3.399685099249922
9.162405252456665,-17.04787909048676,-13.672168468667833,0.6687621141783893,0.2834255790663883,3.375710621818927
9.18248462677002,-17.048255832696817,-13.69633667146796,0.5987621141783892,0.29512504416983576,3.3519191612288566
9.202247619628906,-17.048582929902274,-13.720265995467054,0.6084631128422915,0.3117122270492837,3.32831693443522
9.221569299697876,-17.051184409795024,-13.743956142919039,0.6118425336852669,0.30545347950886936,3.3072282668759847
9.241567850112915,-17.071511506244168,-13.76740683849748,0.5911057890579103,0.3223821895522997,3.304104667746687
9.262545347213745,-17.11982918709569,-13.790617829435092,0.6470749304816126,0.32317272618878634,3.329211357660597
9.282461881637573,-17.188631520695274,-13.813588885663174,0.6496718152146785,0.2739578676270321,3.3750426350321003
9.302696943283081,-17.269848814913683,-13.836319799951063,0.6061709521990268,0.27632511941250415,3.4335290149626196
9.322237968444824,-17.357548824594307,-13.858810388045594,0.6154595649521797,0.27777615199796857,3.498738436548713
9.341615438461304,-17.44744027709796,-13.881060488810661,0.6117284769378601,0.3064163328241557,3.5663797882873
9.361663341522217,-17.536484783208497,-13.903069964366582,0.624360112119466,0.3261656706314534,3.6334148188419153
9.38244342803955,-17.622594258435136,-13.924838700229625,0.6780419811792671,0.25821913975290955,3.697755558205511
9.402316331863403,-17.704395712592024,-13.946366605451406,0.7,0.27668216089718045,3.7580291071406187
9.421523809432983,-17.77541782358134,-13.96765361275849,0.7,0.32597697163932027,3.8077642108228495
9.44245719909668,-17.842712241051522,-13.988699678691743,0.6910167027264833,0.3291580913215876,3.854012562359779
9.46234130859375,-17.905643938350124,-14.009504783745799,0.6533699434250593,0.31433741968125106,3.8961391546043256
9.481619834899902,-17.963886817421642,-14.030068932508637,0.7,0.330636589191854,3.9338178849130045
9.50243878364563,-18.019654298330476,-14.050392153800964,0.6314008578658103,0.3274163148459047,3.9692621445295124
9.522425174713135,-18.069916322012876,-14.070474500815669,0.6428800428286194,0.32196478695608677,3.999441821197207
9.542349338531494,-18.115029712581094,-14.090316051257352,0.655125892534852,0.34398549200035633,4.024713661323743
9.56233024597168,-18.155378004757385,-14.109916907481795,0.6670803472399711,0.33196524587459864,4.04546109727559
9.582402229309082,-18.19366952599814,-14.129277196635295,0.6237209297716617,0.2700734665710479,4.064392329362844
9.60248589515686,-18.22952328543431,-14.148397070794402,0.6051677417010068,0.3052907517272979,4.081126214639909
9.622313022613525,-18.260422553135374,-14.167276707105074,0.6751677417010069,0.29560149704106153,4.0931458460303
9.642356872558594,-18.287250086249205,-14.185916307922389,0.7,0.3039013106469065,4.101333778326817
9.662362098693848,-18.31267487821714,-14.204316100949889,0.7,0.2874578066263348,4.108358777267252
9.682350635528564,-18.334138937868563,-14.222476339379126,0.7,0.28921259321272375,4.111662598489437
9.70236325263977,-18.35460261545682,-14.240397302029006,0.7,0.2913240411877632,4.114205313427814
9.721536874771118,-18.373832129197787,-14.25807929348542,0.6886230453848838,0.3209505466371775,4.115752835712367
9.742489099502563,-18.389381277013417,-14.275522644240585,0.7,0.3103194249421358,4.113858632772832
9.762518167495728,-18.401964318561877,-14.29272771083257,0.7,0.38031942494213583,4.109236607729306
9.782520771026611,-18.414471884119784,-14.309694875984796,0.6814301282167434,0.352828818410635,4.104777008134988
9.802457332611084,-18.42659738997065,-14.32642454874542,0.6815469485110952,0.32720789037644865,4.100172841225229
9.822400569915771,-18.43813795820938,-14.342917164626884,0.6271692585534765,0.3249805164895952,4.095220793582497
9.842486381530762,-18.44896808978306,-14.359173185745282,0.65239966254303,0.2807813031040132,4.089794904037779
9.862199068069458,-18.45837108652172,-14.375193100960018,0.6757276259697391,0.2942291139997542,4.083177985561701
9.882319688796997,-18.467183260827422,-14.390977426013,0.6899236819110228,0.3053211528249085,4.076205834814422
9.902379512786865,-18.475352817518964,-14.406526703668419,0.7,0.28151362905278804,4.068826113850545
9.922236680984497,-18.48286071679631,-14.421841503851937,0.6431239776313304,0.2713916334696114,4.061019212944373
9.942392349243164,-18.489711171897927,-14.436922423790373,0.631101999245584,0.2668935927003622,4.052788748107554
9.962287902832031,-18.49592443612818,-14.451770088151008,0.585454255156219,0.2966782627999783,4.044154347977173
9.982393980026245,-18.501531370133538,-14.466385149181168,0.5583520343527197,0.2614737591147423,4.03514622095237
10.001485824584961,-18.506569388883598,-14.480768286847624,0.545034284517169,0.22168557256460192,4.025801102035974
10.02146053314209,-18.511079473784957,-14.49492020897614,0.563387357443571,0.19909607715904715,4.016159264808817
10.042340755462646,-18.51510400336091,-14.508841651390822,0.5815372735261917,0.20418138479813935,4.006262351970088
10.06243085861206,-18.521001557747365,-14.52253337805369,0.5995348215103149,0.2003887580148876,3.998468179693674
10.082378387451172,-18.526121965037397,-14.535996181204132,0.6275397658348083,0.2042019784357399,3.9901257838332658
10.102350950241089,-18.541755709759425,-14.549230881498296,0.6156695716083049,0.23809690847061576,3.9925248282611285
10.122347593307495,-18.573545179518266,-14.562238328148691,0.6019838701933622,0.2162585712876171,4.011306851369575
10.142350196838379,-18.622667335793246,-14.575019399063528,0.564666836336255,0.19244813247583809,4.047647936729717
10.162350416183472,-18.694115568045486,-14.587575000986243,0.5728440925478935,0.23515323250554504,4.106540567059243
10.182334661483765,-18.79771882974101,-14.599906069634997,0.6141636453568935,0.2460908543225378,4.1978127601060145
10.202349185943604,-18.934823981002193,-14.612013569842059,0.6602682031691074,0.25470914765261116,4.322810411160134
10.22248911857605,-19.093901845344245,-14.623898495693428,0.7,0.24731294139288368,4.470003349650817
10.242337226867676,-19.264049045861846,-14.635561870668132,0.7,0.2441659663245082,4.6284871751937136
10.262337684631348,-19.43740057921161,-14.647004747777697,0.6372088015079498,0.259789234995842,4.790395831433912
10.282360315322876,-19.60840911817755,-14.658228209705864,0.6433394586667418,0.25895754880271854,4.950180908471687
10.302397012710571,-19.756883097763115,-14.66923336894773,0.6610497253015637,0.230107134943828,5.087649728815386
10.322337627410889,-19.902192247029497,-14.680021367949486,0.7,0.22421534107066693,5.222170879080011
10.342377662658691,-20.04147355991691,-14.690593379247638,0.672909765318036,0.25259927407838406,5.350880180669272
10.362386226654053,-20.170580963362863,-14.700950605608716,0.6795718030072748,0.23029127650894227,5.469630357754147
10.381551265716553,-20.28921915656423,-14.711094280168584,0.6453557156957686,0.27911242031492295,5.578124876395645
10.402335166931152,-20.397458944287408,-14.721025666571979,0.6391438923776149,0.3057689436618239,5.676433277715429
10.422304630279541,-20.495623555008756,-14.73074605911198,0.6558543972671032,0.3018773044832051,5.764877495896776
10.442370414733887,-20.584203027120218,-14.74025678286935,0.6804543051868677,0.27251649418845775,5.843946244250867
10.4622962474823,-20.66379034700603,-14.749559193852257,0.7,0.302443244997412,5.914231153153775
10.481474161148071,-20.735034378617524,-14.75865467913553,0.6593187347054481,0.28999496953561904,5.976379699481994
10.501449823379517,-20.798605696629817,-14.767544657000148,0.6811799172312021,0.29018214492767586,6.0310610396296696
10.522298812866211,-20.853799937980916,-14.776230577072846,0.6413822870701551,0.2919560260715662,6.07756936090807
10.5414559841156,-20.90309333215439,-14.784713920465462,0.6324504602700471,0.2701999377104221,6.118379411688929
10.561456680297852,-20.94698899122116,-14.792996199914437,0.6445665199309587,0.29148289743985517,6.153992791306724
10.581447839736938,-20.98597862371252,-14.801078959920243,0.7,0.3124474044534145,6.184899663792276
10.602298259735107,-21.02053305855826,-14.808963776886959,0.6768431819975376,0.30724606054078324,6.211569281671302
10.622381210327148,-21.051096213479273,-14.816652259261689,0.6698263141326606,0.3690263456309913,6.234443954217584
10.642337322235107,-21.078081614793152,-14.824146047673906,0.6943587514571845,0.3562724771554349,6.253935567119246
10.66161298751831,-21.10187078110152,-14.831446815075171,0.7,0.30987822586845143,6.27042396602635
10.682306051254272,-21.122812944190827,-14.838556266878431,0.7,0.2907822313363431,6.284256677312396
10.702260494232178,-21.141225706091067,-14.845476141097386,0.7,0.2875105563661782,6.295749564993681
10.722290515899658,-21.157396329054826,-14.852208208486282,0.7,0.2940770766808419,6.305188120568545
10.742318630218506,-21.171436076767577,-14.858754272679125,0.7,0.3053550819976954,6.312681804088452
10.762364149093628,-21.181456750484873,-14.865116170329124,0.7,0.3432702521904139,6.3163405801557495
10.782256126403809,-21.188421760287234,-14.871295771248395,0.7,0.2773365776165156,6.317125989038839
10.802380084991455,-21.19539715173978,-14.877294978547235,0.7,0.29174526754010005,6.318102173192544
10.822338581085205,-21.20219591838268,-14.883115728773591,0.6668476060032844,0.2412494865356712,6.319080189609091
10.842197895050049,-21.20869282411768,-14.888759992052623,0.6911294337362051,0.224717382073286,6.3199328320650565
10.861486434936523,-21.21480883791459,-14.894229772226211,0.685800564289093,0.25854651230562015,6.320579065688378
10.881437301635742,-21.22049910473343,-14.899527106992139,0.7,0.2321562857477693,6.320971997741292
10.902334213256836,-21.22574368965786,-14.904654068044017,0.6993862762930803,0.25630039136100097,6.321089621613844
10.922337293624878,-21.23054049218418,-14.909612761210322,0.690931132051628,0.2533400670735864,6.320927730973857
10.94234299659729,-21.23489985460117,-14.91440532659411,0.7,0.3233400670735864,6.32049452800706
10.961482763290405,-21.238684764351405,-14.91903393871247,0.6995551055471878,0.31598135958600326,6.319650825638934
10.982347965240479,-21.24212664442626,-14.923500806635843,0.6622552601795177,0.30791945885110183,6.318625837790417
11.002282857894897,-21.24523955241971,-14.927808174127675,0.658070663473336,0.2395543543546228,6.317431378292037
11.022271633148193,-21.248041922485612,-14.931958319783849,0.6734022223565261,0.21996783781039997,6.316083602701763
11.042338848114014,-21.25055474282047,-14.935953557171917,0.6644512056547682,0.2621248247026233,6.314601185648552
11.06235957145691,-21.252800222467137,-14.939796234970956,0.6583684296521823,0.24984914380300327,6.313003987496181
11.082317590713501,-21.254800833127458,-14.943488737110822,0.6974560269329231,0.25103315293497874,6.311312096016636
11.101440191268921,-21.25657863670179,-14.947033482911497,0.6817484894010704,0.18476395636505916,6.3095451537902925
11.122356176376343,-21.258154829011314,-14.950432927222824,0.6810611335851717,0.22703486635989978,6.30772190178849
11.142300605773926,-21.259549445701996,-14.953689560563902,0.7,0.18276065170473887,6.305859885138094
11.162353754043579,-21.260781188547465,-14.95680590926237,0.68212905600667,0.2203657659859164,6.303975279285096
11.182265996932983,-21.26185061913379,-14.95978453559406,0.7,0.21421370563737585,6.302066083539728
11.202357530593872,-21.262795846895383,-14.962628037922485,0.7,0.23185304833285048,6.300167808972898
11.222208261489868,-21.26362989442896,-14.965339050838136,0.7,0.2859532116138144,6.298290843590824
11.242279291152954,-21.271313781370846,-14.967920245298174,0.7,0.2676926767610712,6.303393536072672
11.26239824295044,-21.30208370932919,-14.97037432876564,0.6596421644091606,0.28599294556013777,6.331709380563549
11.2823166847229,-21.359659551706127,-14.972704045349264,0.648290660046041,0.2565631130867405,6.386955506356863
11.301522016525269,-21.436653200386957,-14.97491217594245,0.679695095680654,0.3265631130867405,6.461741024444507
11.322339534759521,-21.52510491779134,-14.977001538363325,0.6531123870983719,0.29508805712393954,6.548103379428014
11.342217206954956,-21.6191840498242,-14.978974987493823,0.6954208442941308,0.2794922289409442,6.640209062330376
11.362372636795044,-21.71237608028751,-14.980835415419058,0.6721182761713862,0.33263585688255265,6.731540664868451
11.381689548492432,-21.80249588130374,-14.982585751567253,0.6769919323734939,0.28111344547651246,6.819910129736488
11.402744770050049,-21.880740193413814,-14.984228962848775,0.7,0.27448129811964467,6.896511230565039
11.422580480575562,-21.956040383549905,-14.985768053795784,0.6969866606406867,0.2297443875082536,6.9702723297541205
11.442489624023438,-22.02731111568318,-14.987206066701724,0.6269866606406866,0.24292736751667693,7.040105048981456
11.462588548660278,-22.093904732591074,-14.988546081760745,0.6247540997527539,0.24576702150225177,7.105358650830329
11.482341051101685,-22.155494649119547,-14.98979121720712,0.6158063370920717,0.22182290064811244,7.165703431912426
11.502564668655396,-22.209669549521266,-14.990944629454859,0.6182880891673266,0.20434010768949523,7.218724920066407
11.52233099937439,-22.257266351126088,-14.992009513237052,0.6472726227901875,0.1828853897255613,7.265256837889035
11.542330980300903,-22.301356073507737,-14.992989101745323,0.6176244864426552,0.11288538972556128,7.308366971762414
11.56163215637207,-22.341847867362983,-14.993886666769454,0.6348390789888798,0.15486748168885245,7.347961200593529
11.58206033706665,-22.37877345356824,-14.994705518836739,0.5771149905584751,0.15373441590170844,7.384067934731501
11.60244631767273,-22.41224885184706,-14.995449007351294,0.6117941873334347,0.21570761142473205,7.416799844495767
11.622338771820068,-22.44131304730024,-14.996120520733927,0.6238525934703647,0.25775012759666427,7.445192526566315
11.642346143722534,-22.469996201185346,-14.996723486561327,0.6159532988630234,0.27916292673151477,7.473272714624018
11.66147756576538,-22.502291445751204,-14.997261371705513,0.6028266433812677,0.3135014866868733,7.505030074045692
11.681504249572754,-22.552458876646824,-14.997737682473367,0.6098574205487965,0.26744565939705356,7.554721194173457
11.702397584915161,-22.616034169091325,-14.99815596474621,0.625162883773446,0.25776035631250127,7.617878204345114
11.722244501113892,-22.687246779630406,-14.998519804119134,0.5783144748955964,0.23526631960819944,7.688726975511273
11.741475820541382,-22.759570972948143,-14.998832826040452,0.608051759302616,0.22277889972727283,7.760738146907691
11.76227855682373,-22.830761153473684,-14.999098695951298,0.5556023727357386,0.23057331018324478,7.831662457522386
11.781451940536499,-22.899287461267765,-14.999321119424938,0.5929821963608264,0.19056193031545265,7.899966341842827
11.802362203598022,-22.961841143562307,-14.99950384230643,0.5822231491282581,0.2239318253862439,7.962337301255877
11.82237982749939,-23.01859776144817,-14.999650650851937,0.572450071685016,0.25149081148381813,8.018947110596233
11.8423330783844,-23.067875306161945,-14.99976537186825,0.5825261968374251,0.20571022354240998,8.068109934293695
11.86233139038086,-23.11261605967502,-14.999851872852172,0.6041632249206303,0.1477941299247323,8.112764186822847
11.881457805633545,-23.15302650902245,-14.999914062130234,0.5674198373407124,0.18428275980229958,8.153112446892216
11.901464939117432,-23.18936420076301,-14.999955888997869,0.5529572052136063,0.19865667507227047,8.18940831176514
11.92144513130188,-23.22423170687313,-14.999981343859048,0.5121117701008915,0.1910113567876397,8.224250363014082
11.941440343856812,-23.257159121404154,-14.999994458365755,0.5581506361439823,0.1353114458190976,8.257164663038399
11.961461067199707,-23.29018753587417,-14.999999305557324,0.49774628702551116,0.13904087095696016,8.290188230316847
11.982276201248169,-23.322415642570398,-15.0,0.4960752587020396,0.19012617170054003,8.322415642570398
12.001473188400269,-23.353238502825015,-15.0,0.531829358190298,0.15756344645458742,8.353238502825015
12.021448373794556,-23.384589321285873,-15.0,0.5230977964773773,0.176105734325829,8.384589321285873
12.041451930999756,-23.41548060169224,-15.0,0.5488886592164635,0.23702691159385725,8.415480601692241
12.061448097229004,-23.442301200032894,-15.0,0.5496518533863126,0.25989111921924635,8.442301200032894
12.081454753875732,-23.46852488779004,-15.0,0.6030987646616994,0.24834398123610302,8.46852488779004
12.101449012756348,-23.493642850635652,-15.0,0.5773968395031988,0.2476956317125587,8.493642850635652
12.121447801589966,-23.517330817360115,-15.0,0.5854180405102669,0.22882494273770138,8.517330817360115
12.141454935073853,-23.539401242924686,-15.0,0.5983561460115014,0.19030139911163135,8.539401242924686
12.161457061767578,-23.559766492342078,-15.0,0.5811966430582105,0.19378455205995126,8.559766492342078
12.181427240371704,-23.576094287717613,-15.0,0.5111966430582104,0.17343565671879335,8.576094287717613
12.20145058631897,-23.58687108115239,-15.0,0.4774082376994191,0.1410728454514174,8.586871081152388
12.221442699432373,-23.59350823605412,-15.0,0.4715106114186345,0.15513229965406938,8.59350823605412
12.242264747619629,-23.59941150563622,-15.0,0.5260094664432107,0.13363064675766512,8.599411505636219
12.26143479347229,-23.60233310471431,-15.0,0.5302997351996599,0.1771480463369517,8.602333104714312
12.282304525375366,-23.604869711625877,-15.0,0.5393537906371055,0.2097538508399157,8.604869711625877
12.30229115486145,-23.607625390360734,-15.0,0.532649071831256,0.25524139627057596,8.607625390360734
12.322301864624023,-23.610460606475424,-15.0,0.53121031046845,0.25674510422803,8.610460606475424
12.342244386672974,-23.61327634587772,-15.0,0.4937641096208243,0.25912694448314144,8.613276345877718
12.362279415130615,-23.616004348624045,-15.0,0.5198735237959771,0.2361055463709636,8.616004348624045
12.381521463394165,-23.61859951498403,-15.0,0.4981811677012591,0.16610554637096359,8.61859951498403
12.40241265296936,-23.62103402045664,-15.0,0.45879298047162576,0.1761861316271825,8.62103402045664
12.422290325164795,-23.62329277288874,-15.0,0.5085589100513606,0.1613771303900285,8.623292772888739
12.44235372543335,-23.625369921518896,-15.0,0.49907106225378794,0.13921762847981883,8.625369921518896
12.462357997894287,-23.627266188671662,-15.0,0.48293942836113257,0.1868789217778249,8.627266188671662
12.481501579284668,-23.62898684317164,-15.0,0.4995984441507606,0.17872279075614644,8.628986843171639
12.502376794815063,-23.63048075933892,-15.0,0.5291259164828805,0.16448775244585706,8.63048075933892
12.522336721420288,-23.631837229052,-15.0,0.5117537702340631,0.18557825809053613,8.631837229052
12.54217529296875,-23.633062481533337,-15.0,0.5114759248704648,0.21796583136252595,8.633062481533337
12.562299013137817,-23.634164301695122,-15.0,0.5243619582639074,0.24588624512485696,8.634164301695122
12.58232307434082,-23.63515134983063,-15.0,0.5373356654332018,0.17588624512485695,8.635151349830629
12.602292537689209,-23.638349014098765,-15.0,0.501028524248395,0.1893809713952942,8.638349014098765
12.62229323387146,-23.64299785495768,-15.0,0.4787952634529209,0.1942452119261725,8.642997854957681
12.642479658126831,-23.648532134962803,-15.0,0.4735483778663909,0.23414288103289438,8.648532134962803
12.66233205795288,-23.65453556830482,-15.0,0.5132691031345165,0.19726540535397363,8.65453556830482
12.68233036994934,-23.660706646523042,-15.0,0.5200327155203557,0.14357548966712785,8.660706646523042
12.702357053756714,-23.666831529479815,-15.0,0.4806250338465905,0.17289805426902605,8.666831529479815
12.722410440444946,-23.672149309238574,-15.0,0.41479674773523567,0.15030694953806234,8.672149309238574
12.742389440536499,-23.677379937628572,-15.0,0.39045437844702957,0.08030694953806233,8.677379937628572
12.761975288391113,-23.682412179728317,-15.0,0.3787321154982781,0.05127186186320615,8.682412179728317
12.782292366027832,-23.68717400238837,-15.0,0.4159110975475049,0.08113953143067193,8.687174002388371
12.802380561828613,-23.69162249966879,-15.0,0.4303948101610875,0.13213945597119164,8.691622499668789
12.82240080833435,-23.695736127600657,-15.0,0.3943654675991273,0.07525531992025208,8.695736127600657
12.842425107955933,-23.701825095695153,-15.0,0.370643120727036,0.09294181734032464,8.701825095695153
12.86233901977539,-23.713758318460357,-15.0,0.38082534587243555,0.02767452269501519,8.713758318460357
12.88244080543518,-23.72943634730021,-15.0,0.3946462082699871,0.022745343834976672,8.729436347300211
12.902458429336548,-23.749618600434587,-15.0,0.3779110140190458,0.04128852950118017,8.749618600434587
12.921585083007812,-23.774713846540617,-15.0,0.3792014215164816,0.07264704720757437,8.774713846540617
12.94247317314148,-23.796502179921934,-15.0,0.4077260680519974,0.1361460508563323,8.796502179921934
12.962495565414429,-23.830742758508688,-15.0,0.4483187682949936,0.16691593358002138,8.830742758508688
12.981511116027832,-23.886628104556156,-15.0,0.38223866001004336,0.13096215480647516,8.886628104556156
13.002374649047852,-23.97692176278459,-15.0,0.4311490543209946,0.15856975966773462,8.976921762784588
13.022408723831177,-24.100316821761368,-15.0,0.5011490543209947,0.14781441909901333,9.100316821761368
13.04254698753357,-24.2434514020675,-15.0,0.436639416667167,0.18446529281965923,9.2434514020675
13.06251573562622,-24.39652437083028,-15.0,0.43082685832167034,0.12235835192434025,9.396524370830281
13.082334041595459,-24.550149779757753,-15.0,0.3894691250124014,0.12190435393888038,9.550149779757753
13.10173225402832,-24.697793773394693,-15.0,0.398840956094209,0.1327781689836411,9.697793773394693
13.121488332748413,-24.83507570320681,-15.0,0.36542865604395036,0.09710804871458095,9.835075703206812
13.142267942428589,-24.959225947564747,-15.0,0.4121073444210923,0.110930352799478,9.959225947564747
13.162391662597656,-25.067016359422567,-15.0,0.4308963415049947,0.180930352799478,10.067016359422567
13.181466817855835,-25.164569601354177,-15.0,0.42372372018406157,0.20230635910469574,10.164569601354177
13.202359914779663,-25.252441300121145,-15.0,0.4174021917232311,0.21857760570186657,10.252441300121145
13.222354412078857,-25.331272539237155,-15.0,0.40477587066823606,0.14857760570186657,10.331272539237155
13.242342710494995,-25.401746863115203,-15.0,0.43715113185578947,0.166071734718862,10.401746863115203
13.261455774307251,-25.464559293937395,-15.0,0.3877579063945449,0.14824486649769825,10.464559293937395
13.282316446304321,-25.5203945088838,-15.0,0.33737051271134977,0.07824486649769824,10.5203945088838
13.302283763885498,-25.567595607020095,-15.0,0.3775545821362174,0.02382311008113902,10.567595607020095
13.322275400161743,-25.605239288622414,-15.0,0.3075545821362174,0.019036161873373203,10.605239288622414
13.342283725738525,-25.63756882864183,-15.0,0.32122689578915004,0.0,10.637568828641829
13.361512899398804,-25.6653552283498,-15.0,0.26617294270778064,0.0017205709591507912,10.6653552283498
13.382164478302002,-25.68948008999674,-15.0,0.2901838580169714,0.020716472528874874,10.689480089996739
13.402399778366089,-25.710199564936183,-15.0,0.35586726013803843,0.007511506788432598,10.710199564936183
13.42237114906311,-25.73032401345257,-15.0,0.29747375939274195,0.0,10.73032401345257
13.442416429519653,-25.7541374867289,-15.0,0.30270115193212394,0.0,10.7541374867289
13.462405681610107,-25.779885682832514,-15.0,0.28114236425841216,0.0,10.779885682832514
13.482593774795532,-25.808615456651104,-15.0,0.24866704549873236,0.007679424248635769,10.808615456651104
13.502580642700195,-25.84329170201769,-15.0,0.23889886308694247,0.04671090003103018,10.84329170201769
13.522422075271606,-25.883500709440764,-15.0,0.2275657970481551,0.06479457300156355,10.883500709440764
13.542397499084473,-25.92880930904972,-15.0,0.2595465611689723,0.04965815041214228,10.928809309049718
13.562480449676514,-25.978782230321475,-15.0,0.25506876642117265,0.0,10.978782230321475
13.582590818405151,-26.03067786708511,-15.0,0.2239947156072593,0.0,11.03067786708511
13.602436542510986,-26.07573498388182,-15.0,0.2636993066431022,0.0,11.07573498388182
13.622385501861572,-26.121661019564527,-15.0,0.24963493412593368,0.0,11.121661019564527
13.642436027526855,-26.16698021350521,-15.0,0.2596321045444346,0.0,11.166980213505209
13.66243600845337,-26.2129998725935,-15.0,0.28338566376129154,0.043193310499191284,11.2129998725935
13.682429313659668,-26.258293217835668,-15.0,0.3258790369168854,0.0,11.258293217835668
13.702431440353394,-26.30188837839615,-15.0,0.2954838774190283,0.015445526689291,11.30188837839615
13.7226243019104,-26.343155067293836,-15.0,0.34325978672364715,0.053903836756944656,11.343155067293836
13.74260926246643,-26.38171686615283,-15.0,0.2969430102990008,0.042925769463181496,11.381716866152829
13.762383460998535,-26.417383609227215,-15.0,0.3027451797411776,0.02212660200893879,11.417383609227215
13.782315969467163,-26.450099510000022,-15.0,0.3279753658012486,0.009957381524145603,11.450099510000022
13.80253529548645,-26.479903589383927,-15.0,0.32937129854923103,0.0606887536123395,11.479903589383927
13.822517156600952,-26.50578025203931,-15.0,0.37809333473211143,0.09202720317989588,11.505780252039312
13.842479467391968,-26.529366470464367,-15.0,0.3080933347321114,0.10591669846326113,11.529366470464367
13.862457752227783,-26.553056526965964,-15.0,0.3429052449739537,0.13140787091106176,11.553056526965964
13.882505416870117,-26.585459750777314,-15.0,0.33607681113993737,0.1593100791797042,11.585459750777314
13.90245246887207,-26.636959075025498,-15.0,0.4037741573504171,0.08931007917970418,11.636959075025498
13.922651767730713,-26.718895702284474,-15.0,0.34772492218529794,0.1010826065391302,11.718895702284474
13.942664861679077,-26.829079445633994,-15.0,0.33031047899043176,0.16032067529857158,11.829079445633994
13.962530851364136,-26.953662853947918,-15.0,0.38327257726108643,0.21523719124495982,11.953662853947918
13.982520818710327,-27.082648257098025,-15.0,0.34378312546527,0.22307965841144323,12.082648257098025
14.002544641494751,-27.208975455011714,-15.0,0.27378312546527,0.15360373195260763,12.208975455011714
14.022462844848633,-27.330126975722937,-15.0,0.34378312546527,0.17089787807315587,12.330126975722937
14.042490243911743,-27.435313819149627,-15.0,0.39099469054257485,0.10089787807315587,12.435313819149627
14.062366008758545,-27.52886749566468,-15.0,0.3311272861412725,0.06843705441802739,12.52886749566468
14.082472562789917,-27.595660968368225,-15.0,0.3544206341705284,0.11737626757472752,12.595660968368225
14.102424621582031,-27.621259859701887,-15.0,0.353399514753837,0.13146101649850606,12.621259859701887
14.122497320175171,-27.601356708550682,-15.0,0.32607165684225026,0.07905518602579831,12.601356708550682
14.142468214035034,-27.54805692674322,-15.0,0.3052474777889437,0.0090551860257983,12.548056926743222
14.161698818206787,-27.4729652091088,-15.0,0.24258591939927998,0.0,12.4729652091088
14.181926727294922,-27.387032621751263,-15.0,0.21500229423167172,0.0,12.387032621751263
14.20253849029541,-27.295834922704508,-15.0,0.26831159328343335,0.006027837283909321,12.295834922704508
14.222565650939941,-27.208016381980762,-15.0,0.30841750984312954,0.03858583886176348,12.208016381980762
14.242602825164795,-27.12717573487593,-15.0,0.2515398297202772,0.02284970786422491,12.12717573487593
14.262614965438843,-27.05698782109978,-15.0,0.25977953111054364,0.04313306603580713,12.056987821099781
14.28245210647583,-26.997006100197375,-15.0,0.32977953111054364,0.11313306603580714,11.997006100197375
14.30261516571045,-26.948010561044466,-15.0,0.28773160954238836,0.1746101236715913,11.948010561044466
14.32249402999878,-26.910253428993055,-15.0,0.35773160954238836,0.10461012367159128,11.910253428993055
14.342665195465088,-26.883613707810138,-15.0,0.35952173225348805,0.06029414106160402,11.883613707810138
14.362652778625488,-26.86308166153018,-15.0,0.3087800932652316,0.09222171921283007,11.863081661530181
14.38260555267334,-26.84733300657823,-15.0,0.2905452927178702,0.10873501095920801,11.847333006578229
14.402387619018555,-26.83532185573576,-15.0,0.30402389127528284,0.12557340506464243,11.83532185573576
14.422424554824829,-26.823906906606187,-15.0,0.313872976747807,0.056271799840033054,11.823906906606187
14.442437171936035,-26.813206907287285,-15.0,0.3424169798917136,0.0,11.813206907287285
14.462480306625366,-26.803285495456965,-15.0,0.32416181318229054,0.0015173080610111356,11.803285495456965
14.482588291168213,-26.794671472400207,-15.0,0.25416181318229053,0.026347772334702313,11.794671472400207
14.502599000930786,-26.784371090181565,-15.0,0.24310116551583622,0.023193423287011683,11.784371090181565
14.52258586883545,-26.773170861378645,-15.0,0.2726672467566094,0.0,11.773170861378645
14.5423264503479,-26.761640797592968,-15.0,0.2659953854768536,0.03568267822265625,11.761640797592968
14.562654495239258,-26.75018551049089,-15.0,0.3206343598454258,0.0,11.75018551049089
14.58250117301941,-26.739084064684018,-15.0,0.2506343598454258,0.06630873680114746,11.739084064684018
14.6025550365448,-26.730837315623294,-15.0,0.1806343598454258,0.12105381861329079,11.730837315623294
14.62254524230957,-26.724790725237014,-15.0,0.2506343598454258,0.12085776720778085,11.724790725237014
14.642434120178223,-26.722748027329207,-15.0,0.3206343598454258,0.10199003797606565,11.722748027329207
14.662444353103638,-26.72585653793113,-15.0,0.3727838307409546,0.08921547737554647,11.72585653793113
14.682621717453003,-26.73246105266219,-15.0,0.332723467031028,0.03865936156944372,11.732461052662192
14.702439785003662,-26.73819526097297,-15.0,0.35713874956360075,0.0,11.738195260972969
14.721898317337036,-26.74629834819962,-15.0,0.3339559588371775,0.026125971227884293,11.74629834819962
14.742640018463135,-26.75583325634739,-15.0,0.31930330430855963,0.04398939944803715,11.75583325634739
14.76251482963562,-26.766111387787817,-15.0,0.3326594451232812,0.06789663061499596,11.766111387787817
14.782508611679077,-26.77663486851656,-15.0,0.31040328310569737,0.07805259618908167,11.77663486851656
14.802470207214355,-26.784735070757527,-15.0,0.3152325301221571,0.06736859492957592,11.784735070757527
14.822530746459961,-26.790938631227164,-15.0,0.3100278506777248,0.11169208027422428,11.790938631227164
14.842469215393066,-26.795661327272153,-15.0,0.3486270139715633,0.16906418092548847,11.795661327272153
14.862427473068237,-26.799230977723237,-15.0,0.3059011640748939,0.20477879978716373,11.799230977723237
14.882438659667969,-26.801905667517303,-15.0,0.37590116407489393,0.14567754976451397,11.801905667517303
14.902489185333252,-26.806204592076686,-15.0,0.4014382358244619,0.17050224915146828,11.806204592076686
14.922479152679443,-26.8099370281359,-15.0,0.45070540491258715,0.18136735260486603,11.809937028135899
14.942538261413574,-26.81475897688981,-15.0,0.40372020337497805,0.19115872494876385,11.81475897688981
14.962369680404663,-26.815577901718786,-15.0,0.40197456738213067,0.18912303308025002,11.815577901718786
14.982577323913574,-26.811278473727796,-15.0,0.3774229541257954,0.15054020145907998,11.811278473727796
15.00256085395813,-26.79890455285958,-15.0,0.412620163692627,0.22054020145908,11.798904552859579
15.022570848464966,-26.778932012582963,-15.0,0.3841825026855803,0.15054020145907998,11.778932012582963
15.042416334152222,-26.74725894993307,-15.0,0.38462565876659927,0.2063155979849398,11.74725894993307
15.062390089035034,-26.705977325597733,-15.0,0.43168449439224776,0.14136025169864297,11.705977325597733
15.082371473312378,-26.65910975522706,-15.0,0.45161731205997047,0.17770867655053735,11.65910975522706
15.101875305175781,-26.607281137838942,-15.0,0.4447552910086232,0.2340926812030375,11.607281137838942
15.122479915618896,-26.555688960094177,-15.0,0.4598259342845994,0.2477419306524098,11.555688960094177
15.142356157302856,-26.510895314165317,-15.0,0.46071179277612817,0.17774193065240979,11.510895314165317
15.16254711151123,-26.46441337994486,-15.0,0.47817275739624154,0.23079300375655293,11.464413379944862
15.182450771331787,-26.417983820163386,-15.0,0.5002461436332668,0.21776581911370158,11.417983820163386
15.202552556991577,-26.372814284757236,-15.0,0.5235351442487444,0.26528489572927355,11.372814284757236
15.22248363494873,-26.327394027839727,-15.0,0.47356019235565316,0.29388251883909106,11.327394027839727
15.242207288742065,-26.282996670713803,-15.0,0.5069043233187402,0.2597087321989238,11.282996670713803
15.262389421463013,-26.23816353930584,-15.0,0.5116215350234414,0.1897087321989238,11.238163539305841
15.282552003860474,-26.19189295194278,-15.0,0.4699805604421998,0.1967825038731098,11.19189295194278
15.30244493484497,-26.14121069605729,-15.0,0.4777802747802342,0.18574243936687707,11.14121069605729
15.322547912597656,-26.08185086279145,-15.0,0.46861932027502906,0.2202189878001809,11.081850862791448
15.34264588356018,-26.018028176240236,-15.0,0.5386193202750291,0.21533036524429916,11.018028176240236
15.362651824951172,-25.962615690305906,-15.0,0.4686193202750291,0.22549818469211458,10.962615690305906
15.382556438446045,-25.904677184244736,-15.0,0.4463888273702468,0.24996374560520052,10.904677184244736
15.402600288391113,-25.846511117222093,-15.0,0.43904895634739655,0.22583740962669252,10.846511117222093
15.422544956207275,-25.7897199513268,-15.0,0.4520228879654314,0.1558374096266925,10.789719951326799
15.442549228668213,-25.73538048998437,-15.0,0.45998924245475786,0.16133185518905518,10.735380489984369
15.46254825592041,-25.684176045362683,-15.0,0.49677310158847826,0.19603094128891824,10.684176045362683
15.482447147369385,-25.636498609685102,-15.0,0.49537410106393504,0.22775369180366395,10.636498609685102
15.502475500106812,-25.594843847214854,-15.0,0.48482553738984274,0.2406990280933678,10.594843847214854
15.521770477294922,-25.558470122499813,-15.0,0.48137742615188467,0.20859519900754092,10.558470122499813
15.542466163635254,-25.529039476967654,-15.0,0.47436001579160797,0.13859519900754091,10.529039476967654
15.562529563903809,-25.502890651776994,-15.0,0.5179333357035647,0.14179256794042883,10.502890651776994
15.582572937011719,-25.480187574135254,-15.0,0.507231891703559,0.16023348693735895,10.480187574135254
15.602726936340332,-25.462315420702094,-15.0,0.5022581113397608,0.14698069871403274,10.462315420702094
15.622680425643921,-25.44826975136368,-15.0,0.4935054123296867,0.1302026915643364,10.448269751363679
15.642478466033936,-25.434935707012944,-15.0,0.5418112441792617,0.09693188921548423,10.434935707012944
15.662481546401978,-25.424763708854943,-15.0,0.49062598272110325,0.04642617286182937,10.424763708854943
15.682554006576538,-25.419372436100183,-15.0,0.42062598272110324,0.03196788442321119,10.419372436100183
15.702577352523804,-25.417443848048343,-15.0,0.4426745231344829,0.04373570953495798,10.417443848048343
15.722470998764038,-25.42028754882635,-15.0,0.3884316849603782,0.0,10.420287548826352
15.742547750473022,-25.43332008682847,-15.0,0.4068779944523702,0.0,10.43332008682847
15.762442350387573,-25.47161690523847,-15.0,0.4053170484572182,0.03332621231675148,10.47161690523847
15.782493114471436,-25.54961597053186,-15.0,0.3774739232927094,0.060234127566218376,10.54961597053186
15.802566289901733,-25.617336750430287,-15.0,0.39153146269614797,0.027969276532530785,10.617336750430287
15.822452545166016,-25.73277982511763,-15.0,0.3321940739720593,0.04584077000617981,10.732779825117628
15.842633962631226,-25.896858166304813,-15.0,0.35392564806039434,0.04594796224409947,10.896858166304813
15.862519025802612,-26.10197508473688,-15.0,0.34807328079710703,0.07178183718497166,11.101975084736878
15.88248872756958,-26.337139805251173,-15.0,0.3169200638390611,0.0830931074815453,11.337139805251173
15.902644634246826,-26.586977399680492,-15.0,0.32966022976557713,0.08931147566909203,11.586977399680492
15.922782897949219,-26.842738389935572,-15.0,0.3822931353084276,0.08097088224167237,11.842738389935572
15.942439794540405,-27.095873101255087,-15.0,0.36767116692732077,0.038570764278119896,12.095873101255087
15.962430477142334,-27.340512312212283,-15.0,0.3022217726416419,0.022961707589274738,12.340512312212283
15.98246431350708,-27.57511962258794,-15.0,0.2904502976767252,0.06784110682929168,12.575119622587941
16.002495527267456,-27.794259572370578,-15.0,0.34093080499093037,0.09621828402305255,12.794259572370578
16.022664785385132,-27.98452247168047,-15.0,0.36959844865719776,0.0722743289443315,12.98452247168047
16.04257297515869,-28.16207189298815,-15.0,0.4021930921904276,0.11426810714328894,13.162071892988148
16.062494039535522,-28.326111485206926,-15.0,0.3859964724711607,0.08093378114426741,13.326111485206926
16.082640409469604,-28.478760516655075,-15.0,0.38405114811263036,0.05816452930594096,13.478760516655075
16.10269331932068,-28.61947483855651,-15.0,0.31405114811263035,0.12816452930594097,13.61947483855651
16.122496128082275,-28.745874685741057,-15.0,0.35428326260647724,0.1098715844276012,13.745874685741057
16.14261794090271,-28.859000724450024,-15.0,0.32214528750977467,0.13227455082262168,13.859000724450024
16.162619590759277,-28.95992561089566,-15.0,0.28843985554180096,0.1579745444181026,13.95992561089566
16.18240737915039,-29.047399603073192,-15.0,0.35843985554180097,0.12496497060084949,14.047399603073192
16.202463626861572,-29.120909151539223,-15.0,0.30276320156059217,0.12733864618377994,14.120909151539223
16.222410917282104,-29.180465586333497,-15.0,0.354290850724792,0.10729001669125865,14.180465586333497
16.242478609085083,-29.232174003569877,-15.0,0.3177240493556018,0.08051186075346778,14.232174003569877
16.262568950653076,-29.264390033679,-15.0,0.3167877129476982,0.050044473464658956,14.264390033679
16.282429456710815,-29.266003546613685,-15.0,0.3185781009693163,0.09465456774370978,14.266003546613685
16.302453756332397,-29.234736885781444,-15.0,0.34032738136243995,0.09671793712215732,14.234736885781444
16.3225576877594,-29.181456329405474,-15.0,0.3572677422512787,0.11949551498430083,14.181456329405474
16.34248685836792,-29.111973207425965,-15.0,0.4214978713740128,0.1891539210631163,14.111973207425965
16.362424612045288,-29.03538366892582,-15.0,0.37081532666576084,0.11915392106311629,14.035383668925821
16.38256812095642,-28.955876661768862,-15.0,0.42439058909309085,0.1891539210631163,13.955876661768862
16.40262007713318,-28.876438636719023,-15.0,0.416798107997747,0.15376666208641837,13.876438636719023
16.422600746154785,-28.796825757916796,-15.0,0.39654156446573313,0.13063059395091842,13.796825757916796
16.442466497421265,-28.72150596616765,-15.0,0.39856529465992924,0.139745833556226,13.721505966167651
16.46245813369751,-28.65611139996544,-15.0,0.39676477885455813,0.18000387979584048,13.65611139996544
16.482482194900513,-28.592059533694176,-15.0,0.43209561458439555,0.20843553563492606,13.592059533694176
16.502514362335205,-28.530628360642105,-15.0,0.43532690438092675,0.17752919366495917,13.530628360642105
16.52257490158081,-28.47032013375497,-15.0,0.4229026263079139,0.21084117909806083,13.47032013375497
16.542496919631958,-28.412381300204608,-15.0,0.4929026263079139,0.20173092486249516,13.412381300204608
16.56248712539673,-28.355298824603516,-15.0,0.5273866141459438,0.25070341976272176,13.355298824603516
16.58255887031555,-28.297999212966488,-15.0,0.554236630933592,0.29272737653838704,13.297999212966488
16.602587461471558,-28.237426211898065,-15.0,0.5513021874020341,0.2995263884952874,13.237426211898065
16.622545957565308,-28.169226929362555,-15.0,0.5906763712654355,0.29854805496899645,13.169226929362555
16.64249062538147,-28.08826257351363,-15.0,0.6576533431897404,0.34068191898433725,13.088262573513632
16.662466287612915,-27.99130026227782,-15.0,0.6586178479727822,0.34960679532407085,12.991300262277822
16.68247699737549,-27.90711510809753,-15.0,0.6713188722741323,0.3592846040558652,12.907115108097528
16.702439546585083,-27.801108075172678,-15.0,0.6827192524459678,0.40046841101167957,12.801108075172678
16.722575187683105,-27.66652335993697,-15.0,0.7,0.3810766936224536,12.66652335993697
16.742561101913452,-27.501738023343623,-15.0,0.6435992799699306,0.4093076662105159,12.501738023343623
16.762637853622437,-27.31105343403541,-15.0,0.6940941743552684,0.4340741709750728,12.311053434035411
16.782584190368652,-27.09582346244174,-15.0,0.7,0.3640741709750728,12.09582346244174
16.802417516708374,-26.85300267523487,-15.0,0.6832237605005502,0.3227401826661662,11.853002675234869
16.822417736053467,-26.58351927513813,-15.0,0.6132237605005502,0.32056702968111495,11.58351927513813
16.842386722564697,-26.291037012007717,-15.0,0.6202254180051385,0.33293874111404875,11.291037012007717
16.86252474784851,-25.985655831619994,-15.0,0.6203650842170463,0.31713222075632075,10.985655831619994
16.88240694999695,-25.679363604366703,-15.0,0.6335278917785034,0.3599710289054201,10.679363604366703
16.90244460105896,-25.41343287265348,-15.0,0.6674886067147598,0.3461139892824576,10.41343287265348
16.922707557678223,-25.14962303009495,-15.0,0.6689834894594968,0.3590910594575689,10.14962303009495
16.942583084106445,-24.89423899599962,-15.0,0.6379640718904556,0.37963091504207114,9.894238995999618
16.96247148513794,-24.65143798261332,-15.0,0.7,0.3880384388976381,9.65143798261332
16.98247003555298,-24.423775884010517,-15.0,0.6522113166749477,0.38354543006425956,9.423775884010517
17.00251865386963,-24.21262898969291,-15.0,0.6250494930893182,0.4015560798943625,9.21262898969291
17.022621870040894,-24.01851798695315,-15.0,0.6623359274119138,0.333270078212081,9.01851798695315
17.042428255081177,-23.841355555879645,-15.0,0.6730181619524955,0.37784767678385833,8.841355555879645
17.062646865844727,-23.68063436796548,-15.0,0.7,0.320662112593709,8.680634367965482
17.08259916305542,-23.535568735544036,-15.0,0.6981532075908035,0.2713483699262724,8.535568735544036
17.102643251419067,-23.40520033484019,-15.0,0.6604166054632514,0.3113199525178061,8.405200334840188
17.122650861740112,-23.292011160885775,-15.0,0.7,0.358258595377265,8.292011160885775
17.142493724822998,-23.190202458254458,-15.0,0.7,0.3524612394758151,8.190202458254458
17.162517547607422,-23.09898156577253,-15.0,0.7,0.358142204269825,8.09898156577253
17.182471752166748,-23.017518875893494,-15.0,0.6380748979747295,0.29763644902413944,8.017518875893494
17.202488899230957,-22.94498098306228,-15.0,0.6738745912909507,0.2960026836153702,7.94498098306228
17.222546100616455,-22.880553808016273,-15.0,0.7,0.3060413379353122,7.880553808016273
17.242537260055542,-22.823458150129763,-15.0,0.7,0.3464359011632041,7.823458150129763
17.262733459472656,-22.772959570545183,-15.0,0.6796010535210371,0.3386555881370441,7.772959570545183
17.282710075378418,-22.728374077110974,-15.0,0.6975182432681322,0.32659105017228285,7.728374077110974
17.30249047279358,-22.689070743510563,-15.0,0.7,0.31883354244200746,7.6890707435105625
17.321955680847168,-22.654946585816923,-15.0,0.6705262519419193,0.3037000330295996,7.654946585816923
17.34254813194275,-22.624844664972883,-15.0,0.6245776794850826,0.300588342048286,7.624844664972883
17.36192774772644,-22.59832984403491,-15.0,0.6439642634242773,0.2988892273642705,7.598329844034911
17.383946657180786,-22.57500534776292,-15.0,0.6128422774374485,0.2929309240207658,7.575005347762922
17.40265130996704,-22.55451150317442,-15.0,0.6495105184614658,0.2527405849323259,7.554511503174421
17.422686100006104,-22.53652388693199,-15.0,0.642489496897906,0.3087460442111478,7.536523886931992
17.442485809326172,-22.52075110955427,-15.0,0.6552406664006412,0.32153017787641147,7.5207511095542685
17.46247172355652,-22.50924875385264,-15.0,0.6801864675246179,0.34505217304831604,7.5092487538526385
17.48263692855835,-22.50101569281607,-15.0,0.6854621617123484,0.3591863761321292,7.501015692816068
17.502493381500244,-22.49527040130623,-15.0,0.6529244629666209,0.31672301391517976,7.495270401306229
17.522467374801636,-22.49140448235884,-15.0,0.6316476536914706,0.2883074811325059,7.491404482358838
17.54246234893799,-22.488047992827116,-15.0,0.6118970362469554,0.3033751926050172,7.488047992827116
17.562461137771606,-22.486031634780996,-15.0,0.606522091012448,0.2580457969233976,7.486031634780996
17.582679748535156,-22.484999246733743,-15.0,0.6599942485801875,0.29111068757629255,7.484999246733743
17.60250449180603,-22.48467751346376,-15.0,0.6730536588467657,0.31277855733787874,7.484677513463762
17.62258768081665,-22.484857866337137,-15.0,0.7,0.3492929848507629,7.484857866337137
17.64252805709839,-22.48538220523652,-15.0,0.6924572324380278,0.3431173978970037,7.485382205236519
17.66243028640747,-22.48613165120004,-15.0,0.6893131493590772,0.29082316222047666,7.48613165120004
17.682485103607178,-22.487017700555086,-15.0,0.6843937936238944,0.2592850631699548,7.487017700555086
17.702621459960938,-22.48797528021526,-15.0,0.7,0.2935720539317117,7.4879752802152595
17.722460746765137,-22.48895730651496,-15.0,0.6864053828641772,0.31614273662125925,7.488957306514958
17.742637872695923,-22.48993043177313,-15.0,0.7,0.2867773367688642,7.489930431773129
17.76269030570984,-22.4908717279293,-15.0,0.6887520857155323,0.3567773367688642,7.490871727929299
17.782538175582886,-22.491688985284522,-15.0,0.7,0.3006700951085077,7.491688985284522
17.802509307861328,-22.492475672155464,-15.0,0.7,0.29172225235408406,7.492475672155464
17.822518348693848,-22.49322039231754,-15.0,0.6315840303897857,0.30873908972745995,7.493220392317539
17.84246301651001,-22.49391633620439,-15.0,0.6299697955138981,0.3467066635788069,7.493916336204389
17.862431287765503,-22.49456005951806,-15.0,0.642931764293462,0.31283427155023674,7.4945600595180615
17.882468700408936,-22.49515054618428,-15.0,0.6952687253244221,0.29006474217778305,7.495150546184281
17.902602910995483,-22.49568849350394,-15.0,0.6880026993341744,0.2868460482862429,7.495688493503941
17.922585487365723,-22.496175770477482,-15.0,0.7,0.31023910929827253,7.496175770477482
17.94267249107361,-22.49661501068761,-15.0,0.6919305797666311,0.289637628099008,7.496615010687609
17.96259617805481,-22.497009309373126,-15.0,0.69225133904838,0.2842560891006724,7.4970093093731265
17.98262643814087,-22.497362000855407,-15.0,0.6822070455702487,0.3251928236280219,7.497362000855407
18.002480506896973,-22.497668216604968,-15.0,0.6749710985051933,0.29262626505835215,7.497668216604968
18.022483348846436,-22.49794236197407,-15.0,0.7,0.3146898202542798,7.497942361974069
18.042598962783813,-22.498187006812607,-15.0,0.6977552308700978,0.26756877600593726,7.498187006812607
18.062564373016357,-22.498404713571365,-15.0,0.7,0.278445899108483,7.4984047135713645
18.082490921020508,-22.49859797202872,-15.0,0.6929236057214438,0.23458130247337977,7.498597972028719
18.10246777534485,-22.498769155868388,-15.0,0.6762849430553615,0.22753173633856932,7.498769155868388
18.122461080551147,-22.498920495578812,-15.0,0.6487406886182725,0.26650552972598235,7.498920495578812
18.142590761184692,-22.499054063403527,-15.0,0.6220461803488433,0.24592098183376948,7.499054063403527
18.162488222122192,-22.503804463226796,-15.0,0.6107092241756618,0.23298259321047227,7.503804463226796
18.182483196258545,-22.520901820235608,-15.0,0.6289054977707564,0.25395960602356354,7.520901820235608
18.202468156814575,-22.55770627340673,-15.0,0.6216760694980621,0.24598232618911425,7.55770627340673
18.22246813774109,-22.58966083931221,-15.0,0.665328898280859,0.20604309401853244,7.589660839312209
18.242642641067505,-22.641921726562476,-15.0,0.6465021565556526,0.21928122043056647,7.641921726562476
18.26249623298645,-22.70922600507499,-15.0,0.6956125430762767,0.23503196015401046,7.709226005074989
18.28242588043213,-22.787521679657946,-15.0,0.6933964118827134,0.26976940556807677,7.787521679657946
18.302497148513794,-22.873704636693382,-15.0,0.7,0.24657163358671824,7.8737046366933825
18.322431087493896,-22.97004364730261,-15.0,0.7,0.2866955321226851,7.97004364730261
18.34239959716797,-23.077846893782297,-15.0,0.6762189742177724,0.30023458655370633,8.077846893782297
18.362704277038574,-23.193088179061316,-15.0,0.7,0.315125194931461,8.193088179061316
18.382497787475586,-23.310458608660504,-15.0,0.6605965837836265,0.2491953797583119,8.310458608660504
18.402520179748535,-23.42621461502406,-15.0,0.6823890626430511,0.24404119382990758,8.426214615024062
18.421887397766113,-23.537798537361027,-15.0,0.7,0.22411725911690156,8.537798537361027
18.442295789718628,-23.634678547606804,-15.0,0.6461746700108051,0.23051542005880038,8.634678547606804
18.462425708770752,-23.7253411796589,-15.0,0.6855271764099597,0.26845678649289767,8.725341179658901
18.482327699661255,-23.809295938487523,-15.0,0.7,0.29384650997264544,8.809295938487523
18.50240159034729,-23.886378921132575,-15.0,0.7,0.2718397449646727,8.886378921132575
18.522320985794067,-23.95665738873762,-15.0,0.7,0.2550703320596949,8.956657388737622
18.542407035827637,-24.02035739184729,-15.0,0.6533615931868553,0.27161380424542586,9.020357391847291
18.562502145767212,-24.077809315477808,-15.0,0.6507714863866567,0.28921414128883044,9.077809315477808
18.582440853118896,-24.129407306064998,-15.0,0.6447294864803552,0.33501424975140254,9.129407306064998
18.602418184280396,-24.175579409791187,-15.0,0.7,0.2869341146145598,9.175579409791187
18.62240505218506,-24.21676593782735,-15.0,0.7,0.29321147836191813,9.21676593782735
18.642404794692993,-24.25340411601139,-15.0,0.6984939998248592,0.3260974246953265,9.253404116011389
18.6624276638031,-24.28521431772788,-15.0,0.6654653934994712,0.3041294380967156,9.285214317727881
18.68239450454712,-24.313535933411988,-15.0,0.6496140653500333,0.2778334241305129,9.313535933411988
18.702493906021118,-24.338688032354785,-15.0,0.6500883846194483,0.30209888107521693,9.338688032354785
18.72251605987549,-24.360975766117033,-15.0,0.622425313910935,0.28202391564293067,9.360975766117033
18.742449522018433,-24.380686577039512,-15.0,0.6565162612707354,0.26569465696258704,9.380686577039512
18.762428283691406,-24.39808803147309,-15.0,0.6678694354952313,0.3217829666976468,9.39808803147309
18.782493591308594,-24.413426838612377,-15.0,0.5978694354952312,0.29053104817314307,9.413426838612377
18.802461624145508,-24.426928718684913,-15.0,0.6001535329804755,0.2249082490746514,9.426928718684913
18.82252550125122,-24.43879886455994,-15.0,0.6096661763102746,0.20228309891565005,9.438798864559939
18.84242534637451,-24.449222803369207,-15.0,0.5873858669609762,0.24254987351043383,9.449222803369207
18.862502574920654,-24.45827313317921,-15.0,0.5736580725596285,0.24306936489330838,9.458273133179208
18.882474184036255,-24.466225240667228,-15.0,0.6038183934823609,0.22506209017621587,9.466225240667228
18.90244150161743,-24.473204967480136,-15.0,0.6738183934823609,0.25446460323320935,9.473204967480136
18.922589540481567,-24.479325347751878,-15.0,0.6741751760884653,0.27503482365893434,9.479325347751878
18.94246530532837,-24.48468754076605,-15.0,0.6313395344361197,0.31917121002363275,9.48468754076605
18.962390422821045,-24.48938179172545,-15.0,0.6352388181432616,0.2763723816900165,9.48938179172545
18.982537269592285,-24.493488386723293,-15.0,0.645307216112269,0.2611311247749836,9.493488386723293
19.002469539642334,-24.497078578518742,-15.0,0.6799761683389078,0.30138425735669444,9.497078578518742
19.022502899169922,-24.50021546763508,-15.0,0.6112194464250933,0.3280447313739569,9.50021546763508
19.042424201965332,-24.50295482920453,-15.0,0.6513542339846026,0.3103929462088854,9.50295482920453
19.06248426437378,-24.5053458803384,-15.0,0.6658204209699761,0.3141818907755078,9.5053458803384
19.08247423171997,-24.507421851979263,-15.0,0.6660335566586582,0.2983188726651133,9.507421851979263
19.10237455368042,-24.509234397543967,-15.0,0.6639180311205564,0.28392070109868656,9.509234397543967
19.122490882873535,-24.510816203066966,-15.0,0.6289199159684358,0.21392070109868655,9.510816203066966
19.14254927635193,-24.512196052757233,-15.0,0.5985097007098374,0.26894464324141154,9.512196052757233
19.162465572357178,-24.51339926208739,-15.0,0.639924632126349,0.27968013825739035,9.51339926208739
19.182549238204956,-24.51213172194293,-15.0,0.6089307979884324,0.30114303509617457,9.512131721942929
19.20243787765503,-24.509181453464233,-15.0,0.5990452763828216,0.3431866800310672,9.509181453464233
19.22247624397278,-24.50514014883635,-15.0,0.6414287870022235,0.2786195984008373,9.50514014883635
19.24244713783264,-24.50044754001042,-15.0,0.6466590484807966,0.33022709543729434,9.50044754001042
19.262524604797363,-24.495426221244877,-15.0,0.6966695694456575,0.30727066638792166,9.495426221244877
19.282496690750122,-24.490308923312373,-15.0,0.6883897308463929,0.3195566430586041,9.490308923312373
19.302520990371704,-24.48525982597263,-15.0,0.7,0.2990261193262995,9.48525982597263
19.322495222091675,-24.48087607075269,-15.0,0.6804537985473871,0.305092988339311,9.48087607075269
19.34254765510559,-24.476585079649013,-15.0,0.7,0.29715725294227013,9.476585079649013
19.362510919570923,-24.472471609299284,-15.0,0.675599780678749,0.3291288938271464,9.472471609299284
19.382479429244995,-24.468589851464316,-15.0,0.6998577609658241,0.27534728757018456,9.468589851464316
19.402562379837036,-24.464971339921657,-15.0,0.7,0.286035328907019,9.464971339921657
19.4222469329834,-24.461631039587843,-15.0,0.6795018192380666,0.2579930236461223,9.461631039587843
19.442282915115356,-24.45857201257412,-15.0,0.7,0.29131401683116565,9.45857201257412
19.462557077407837,-24.455788972834547,-15.0,0.6358400404453277,0.3133476765724481,9.455788972834547
19.482553005218506,-24.453270975169797,-15.0,0.6228794267401099,0.3744600729914964,9.453270975169797
19.50244164466858,-24.45100343210295,-15.0,0.6497149372473359,0.40824125128710875,9.45100343210295
19.522634267807007,-24.44903469331919,-15.0,0.7,0.33824125128710875,9.449034693319192
19.54274344444275,-24.449576649561575,-15.0,0.6882681798189878,0.3064674158665002,9.449576649561575
19.562241792678833,-24.451848202223,-15.0,0.6755607591941952,0.28690657961094984,9.451848202223001
19.582438945770264,-24.452944884086975,-15.0,0.6466559635475277,0.26402479420328745,9.452944884086975
19.60252022743225,-24.45319662075916,-15.0,0.7,0.32178730155254015,9.453196620759162
19.622416496276855,-24.452854840547708,-15.0,0.6405172765254974,0.39178730155254016,9.452854840547708
19.642460584640503,-24.452109822708156,-15.0,0.6959092140197753,0.3951254138155491,9.452109822708156
19.662527084350586,-24.451104358771516,-15.0,0.6259092140197753,0.3251254138155491,9.451104358771516
19.682456970214844,-24.449944492969312,-15.0,0.6099140002578496,0.2551254138155491,9.449944492969312
19.70237636566162,-24.448707950793697,-15.0,0.5888320460170506,0.2521426542001427,9.448707950793697
19.722370624542236,-24.447450739647717,-15.0,0.5188320460170506,0.21993253140622981,9.447450739647717
19.74255394935608,-24.443895957821542,-15.0,0.5152328214049338,0.1764312064545811,9.443895957821542
19.762460947036743,-24.440809605482173,-15.0,0.5482140830159186,0.21989725663239368,9.440809605482173
19.782661199569702,-24.438475712458082,-15.0,0.5193678861856459,0.21069386641407617,9.438475712458082
19.80242943763733,-24.434409624363507,-15.0,0.5498985736072062,0.2434640717032016,9.434409624363507
19.822444200515747,-24.431563896884644,-15.0,0.6182540370523928,0.2690414008023799,9.431563896884644
19.8424334526062,-24.429640806846223,-15.0,0.5974437142163513,0.28498290519142755,9.429640806846223
19.86176609992981,-24.428409245546934,-15.0,0.632813371196389,0.2388227474215091,9.428409245546934
19.882431983947754,-24.430006812324496,-15.0,0.5939447055011986,0.25093516374850877,9.430006812324496
19.902586936950684,-24.433527332381285,-15.0,0.5505152488499878,0.21736736263061174,9.433527332381285
19.92246913909912,-24.438290715211885,-15.0,0.5819339858740566,0.16427056903863557,9.438290715211885
19.942453861236572,-24.443791827747674,-15.0,0.5498062106221913,0.21032569969916948,9.443791827747674
19.962484121322632,-24.449660371659174,-15.0,0.611891991868615,0.22687471139157422,9.449660371659174
19.982460260391235,-24.45475559131418,-15.0,0.5482527459412811,0.253217332464701,9.454755591314179
20.002488136291504,-24.460053261152076,-14.999999826171804,0.5568205355107783,0.26279049592936643,9.460053434980273
20.022500038146973,-24.46766827748246,-14.999995318380881,0.5446306797116993,0.2578331911275745,9.467672959101579
20.04248285293579,-24.476692184378045,-14.999978380126826,0.5954639459401367,0.21942921814421423,9.476713804251219
20.06248426437378,-24.486456854973635,-14.999940823838841,0.6654639459401368,0.28942921814421424,9.486516031134794
20.082586765289307,-24.496478698678654,-14.99987454486047,0.661327312812209,0.3177306788126589,9.496604153818184
20.10245680809021,-24.506415045165205,-14.999771521170667,0.7,0.317189997920359,9.506643523994539
20.122596740722656,-24.516030135601437,-14.999623813104856,0.7,0.2577372220545658,9.51640632249658
20.142593145370483,-24.525168683186788,-14.999423563075993,0.7,0.3277372220545658,9.525745120110795
20.162421941757202,-24.531419039901397,-14.999162995295624,0.7,0.29389161486324156,9.532256044605774
20.182461500167847,-24.535498588286455,-14.998834415494954,0.6504409693181514,0.30347167942818487,9.5366641727915
20.20243239402771,-24.539040556350173,-14.998430210645902,0.676247776299715,0.2612190792351612,9.540610345704271
20.222426891326904,-24.54103804673883,-14.997942848682168,0.6709878512658178,0.24748623706545914,9.543095198056662
20.24260449409485,-24.539593781436455,-14.99736487822029,0.6648356130346655,0.2822834175094613,9.542228903216165
20.262425184249878,-24.53579700346216,-14.996688928280713,0.6124954743310809,0.2429169002934941,9.539108075181447
20.28238034248352,-24.530466279916592,-14.995907708008843,0.5504415145143866,0.26707115173485363,9.534558571907748
20.302588939666748,-24.524210598456943,-14.995014006396117,0.5407093258574605,0.2774257544442662,9.529196592060826
20.32246470451355,-24.5174773271565,-14.994000692001055,0.5034795196726918,0.2137690220042714,9.523476635155443
20.34247398376465,-24.510589785951236,-14.99286071267033,0.4853037035092711,0.16993190311040962,9.517729073280906
20.362481355667114,-24.503776612306645,-14.991587095259831,0.5197990721091628,0.160243082420493,9.512189517046814
20.38235306739807,-24.4971946533815,-14.990172945355715,0.51518573500216,0.20436462350335205,9.507021708025784
20.402604341506958,-24.491480028597294,-14.988611446995478,0.5357018958777189,0.1391973901554593,9.502868581601817
20.42246913909912,-24.48830152344785,-14.986895862389016,0.5134060017764568,0.12003977187123382,9.501405661058833
20.442386627197266,-24.486968326517605,-14.985019531639683,0.4960555478930473,0.1505677342429408,9.501948794877922
20.462355852127075,-24.48926832890207,-14.982975872465353,0.5660555478930474,0.16590357069071615,9.506292456436718
20.482388973236084,-24.496347612176216,-14.980758379919491,0.5926133417338133,0.1989489035695442,9.515589232256724
20.502475023269653,-24.506559916643194,-14.978360626112199,0.5780801665782929,0.22859109435376013,9.528199290530996
20.522622108459473,-24.52099556018664,-14.97577625993129,0.5481387362629175,0.2285513655951945,9.54521930025535
20.54257559776306,-24.540300550612866,-14.972999006763352,0.5033733830600977,0.2022700404486386,9.567301543849513
20.562448978424072,-24.560162565010422,-14.970022668214796,0.4786201999336481,0.1497975123784272,9.590139896795627
20.582436561584473,-24.57988801607545,-14.966841121832932,0.5269398451596499,0.1608924168831436,9.613046894242519
20.602638959884644,-24.598998750755793,-14.963448320827021,0.5367028177529574,0.17279822209093254,9.635550429928772
20.62258744239807,-24.615591178525495,-14.95983829378935,0.5154462591558695,0.2290279214939801,9.655752884736145
20.642439603805542,-24.631584823500756,-14.956005144416274,0.541248197183013,0.26193104141566437,9.675579679084482
20.662420749664307,-24.64674105485407,-14.951943051229295,0.5253005032241345,0.19193104141566436,9.694798003624774
20.68260145187378,-24.66091619423089,-14.947646267296118,0.5153766828402877,0.26180517160508315,9.713269926934771
20.70255136489868,-24.674036302033475,-14.943109119951714,0.47877393614500763,0.26631469558167736,9.73092718208176
20.722497940063477,-24.686077826509646,-14.938326010519377,0.5487739361450077,0.25414376984525006,9.747751815990268
20.742589712142944,-24.694736486938183,-14.933291414031794,0.5728565949574114,0.2352675562648801,9.761445072906389
20.762430906295776,-24.700817278143223,-14.927999878952098,0.5887358627840877,0.19763180147099774,9.772817399191124
20.782498121261597,-24.704947273241324,-14.92244602689494,0.5187358627840877,0.26763180147099774,9.782501246346383
20.80245018005371,-24.705297089884244,-14.916624552347542,0.5501599828526378,0.25124722968030255,9.788672537536701
20.82237982749939,-24.703012049188846,-14.910530222390765,0.5711272484436631,0.18124722968030255,9.792481826798081
20.842331647872925,-24.701028118517243,-14.904157876420163,0.5272237523272634,0.15039845275867264,9.79687024209708
20.862426280975342,-24.697234610907184,-14.897502425867055,0.5685409209504724,0.22039845275867265,9.79973218504013
20.882521390914917,-24.692284184068228,-14.890558853919583,0.5020324340835214,0.21993075443606358,9.801725330148646
20.902423620224,-24.686660651753,-14.88332221524377,0.5036883066454902,0.21043169072072487,9.803338436509232
20.92247724533081,-24.68071780114673,-14.875787635704587,0.5118617453658953,0.2644591586868046,9.804930165442144
20.942462921142578,-24.674709781502507,-14.867950312087011,0.5423897747928277,0.19445915868680458,9.806759469415496
20.962387800216675,-24.66881483743963,-14.859805511817092,0.4768714402848855,0.19082253541972022,9.809009325622538
20.982547760009766,-24.663153794086572,-14.851348572683008,0.5385374222928658,0.225452532285708,9.811805221403564
21.002456426620483,-24.657804409784077,-14.842574902556134,0.519780447804369,0.20450092595245223,9.815229507227944
21.02246356010437,-24.65281248021232,-14.833479979112099,0.5516187121206895,0.22465263050224166,9.81933250110022
21.04246425628662,-24.65051674155702,-14.824059349551847,0.5735528898471967,0.2915181789937196,9.826457392005173
21.06255865097046,-24.648523522643494,-14.814308630322708,0.5627512467140332,0.2574085977318464,9.834214892320785
21.082475662231445,-24.648423664732604,-14.804223506839449,0.6327512467140333,0.3017696861567674,9.844200157893155
21.102491855621338,-24.649641530056176,-14.793799733205338,0.5952625850075857,0.3339171309414087,9.855841796850838
21.122604608535767,-24.651742563432723,-14.783033131933212,0.5921458267001436,0.35425639268185477,9.86870943149951
21.142607927322388,-24.654401655539402,-14.771919593666537,0.5807529930351303,0.33868252601649146,9.882482061872865
21.162459135055542,-24.655061936141898,-14.760455076900461,0.5892790900869296,0.26868252601649145,9.894606859241437
21.18248724937439,-24.652000131691096,-14.748635607702889,0.6224923068983481,0.2735020667890785,9.903364523988207
21.20254373550415,-24.644117385269052,-14.736457279435538,0.6031303005618975,0.2541725058684824,9.907660105833514
21.222495794296265,-24.626144811615866,-14.723916252474995,0.5861897832108662,0.21689226297836284,9.902228559140871
21.242546319961548,-24.585423270156685,-14.71100875393379,0.6081482926709578,0.18568695342342834,9.874414516222895
21.262545347213745,-24.527657604785826,-14.697731077381448,0.5559293004078791,0.25568695342342834,9.829926527404378
21.28256392478943,-24.459575832558837,-14.684079582565555,0.5523021396109835,0.2862205950001953,9.775496249993282
21.30250096321106,-24.40046549970118,-14.670050695132822,0.5411256987461821,0.2633620554039953,9.730414804568358
21.322471380233765,-24.334801882176066,-14.65564090635014,0.5234187476197258,0.24439197195868473,9.679160975825926
21.342531204223633,-24.266317039065292,-14.64084677282565,0.5222325395187364,0.2799582944641588,9.625470266239642
21.36197066307068,-24.19999388673664,-14.625664916229796,0.4955905131390319,0.25608268356125335,9.574328970506842
21.381720781326294,-24.136920142143364,-14.610092023016401,0.5343272625794635,0.23329809842805843,9.526828119126963
21.40265154838562,-24.07776567439348,-14.59412484414371,0.5326703768549488,0.2363676498568384,9.483640830249769
21.422603130340576,-24.02289246933188,-14.57776019479547,0.5553593393741176,0.2687012846505968,9.445132274536409
21.442641973495483,-23.972439123017242,-14.560994954101977,0.5746091381041334,0.33135614496830385,9.411444168915265
21.46263885498047,-23.92638541665122,-14.543826064861152,0.5612766426382587,0.33913080859172623,9.38255935179007
21.48264789581299,-23.886917702692994,-14.526250533259589,0.5874619651911781,0.30533903557050507,9.360667169433405
21.502635955810547,-23.85306465754844,-14.508265428593628,0.6398806926188991,0.27368673774588387,9.344799228954813
21.522644996643066,-23.823672579444654,-14.489867882990408,0.656728016245179,0.29469675476837437,9.333804696454246
21.541900873184204,-23.79848469223761,-14.47105509112894,0.6985879447637127,0.2886021160444943,9.32742960110867
21.562424182891846,-23.774564429737445,-14.45182430996116,0.6525737140653656,0.27935252291325013,9.322740119776286
21.582679271697998,-23.75215505052173,-14.432172858432985,0.6002241392014549,0.277880284927669,9.319982192088744
21.60263442993164,-23.73138569806821,-14.412098117205396,0.6162986401794479,0.26474587339151184,9.319287580862813
21.62260913848877,-23.71230285017746,-14.391597528375478,0.6596539188502357,0.33474587339151185,9.32070532180198
21.64244294166565,-23.694894341771384,-14.370668595197497,0.7,0.3692673898040084,9.324225746573887
21.66192936897278,-23.679107596185638,-14.349308881803951,0.6732796140015125,0.3163213140069274,9.329798714381687
21.682525873184204,-23.664863353311528,-14.32751601292664,0.641343605518341,0.3771990692912368,9.337347340384888
21.702388048171997,-23.652065908133984,-14.305287673617721,0.6216617234051227,0.3208341567515163,9.346778234516263
21.722540855407715,-23.64061065562339,-14.28262160897078,0.6136621179059147,0.29032149228441995,9.35798904665261
21.74242639541626,-23.630664912927205,-14.259515623841882,0.6014424392953515,0.2935542156192241,9.371149289085324
21.762382745742798,-23.619438070008826,-14.23596758257064,0.5808838846161961,0.3004794660228072,9.383470487438187
21.782469272613525,-23.607617282206025,-14.211975408701274,0.5800629165489226,0.2689906562882243,9.39564187350475
21.802491664886475,-23.595695487519677,-14.187537084703681,0.5891633807215839,0.2610943586769281,9.408158402815996
21.822339057922363,-23.58401773306158,-14.16265065169448,0.6324448278639465,0.296729640031117,9.421367081367098
21.84239172935486,-23.572817250147004,-14.137314209158093,0.6590966331306845,0.28922324946324807,9.43550304098891
21.862595796585083,-23.5622434582412,-14.111525914667794,0.6400908781681209,0.2997488485852955,9.450717543573404
21.881925582885742,-23.55238362480488,-14.085283983606773,0.6022303579840809,0.34792872091929894,9.467099641198105
21.902425289154053,-23.54327954780839,-14.058586688889205,0.6035312451887875,0.40533587282698136,9.484692858919184
21.922364234924316,-23.53725668950721,-14.031432360681302,0.6197193768341094,0.34581353089015465,9.505824328825907
21.94236969947815,-23.53202749015925,-14.003819386122384,0.5899299420882016,0.3156825727055548,9.528208104036867
21.962467432022095,-23.528992592805793,-13.975746209045933,0.6278277934063226,0.3092468152026413,9.55324638375986
21.982417106628418,-23.5275617990615,-13.94721132970066,0.6306019183713942,0.2527042249421356,9.580350469360837
22.00246286392212,-23.527282892700875,-13.918213304471568,0.6632133666891604,0.20896197801630478,9.609069588229307
22.022571563720703,-23.525495067232065,-13.888750745601005,0.6527073048520833,0.22939925028185826,9.63674432163106
22.042483806610107,-23.52270629403813,-13.85882232090974,0.629122618632391,0.28022990135650616,9.66388397312839
22.062602281570435,-23.519295779969152,-13.828426753518011,0.6078439709264785,0.2746787643263815,9.690869026451141
22.082440614700317,-23.515543300594903,-13.797562821566597,0.6160940547008067,0.3018055478314636,9.717980479028306
22.102378845214844,-23.511652195008836,-13.766229357937874,0.6070359927136451,0.3031692682270659,9.745422837070961
22.12260866165161,-23.510083700128128,-13.734425249976878,0.5631734785158187,0.3114494830806507,9.77565845015125
22.142426013946533,-23.510169782694128,-13.702149439212373,0.5425652154255658,0.29053839859261643,9.808020343481754
22.16256833076477,-23.510244521775718,-13.669400921077902,0.5389338767156004,0.36053839859261644,9.840843600697816
22.18260908126831,-23.511467724048142,-13.636178744632858,0.5362459391355514,0.30677871566906106,9.875288979415284
22.20248770713806,-23.513456389005782,-13.602482012283541,0.5651699870824813,0.34421407592191827,9.91097437672224
22.222394466400146,-23.51592431830694,-13.568309879504222,0.5219268135726451,0.27421407592191827,9.947614438802718
22.24243974685669,-23.51866009322496,-13.533661554558204,0.5919268135726452,0.2876531854708446,9.984998538666755
22.26242709159851,-23.52150980740805,-13.498536298218887,0.6619268135726453,0.27011782680347096,10.022973509189164
22.282542943954468,-23.52204720957561,-13.462933423490824,0.6184247845411301,0.2551184213225497,10.059113786084787
22.30254292488098,-23.52096436190373,-13.42685229533079,0.6051085099205376,0.26020969967066776,10.09411206657294
22.322463750839233,-23.518784658745155,-13.390292330368831,0.58214440677315,0.22596409688412677,10.128492328376323
22.342477083206177,-23.51590054708167,-13.353252996629351,0.5957148765772582,0.2761503770452691,10.16264755045232
22.362472534179688,-23.51260317751597,-13.315733813252141,0.593557664807886,0.2552538211893989,10.19686936426383
22.38263750076294,-23.509740317073188,-13.277734350213468,0.5995861991867424,0.28347666705667507,10.23200596685972
22.402640104293823,-23.50893640848095,-13.239254228047127,0.547882626913488,0.2987629943963839,10.269682180433822
22.42243194580078,-23.509583794465588,-13.200293117565497,0.5949036918208004,0.2793960464623524,10.30929067690009
22.442482948303223,-23.511222159465348,-13.160850739580612,0.5955378004326486,0.30194721421867143,10.350371419884736
22.461668729782104,-23.51350566015506,-13.120926864625218,0.568170428366866,0.2891532811772777,10.392578795529843
22.482479572296143,-23.516177078048397,-13.080521312673842,0.5915664491220378,0.2983042761188699,10.435655765374555
22.502475023269653,-23.519047530703112,-13.039633952863838,0.5655135252489709,0.27571422191977035,10.479413577839274
22.52246403694153,-23.521980578532222,-12.99826470321647,0.56608165955171,0.2645604885619832,10.523715875315752
22.542432069778442,-23.52487980358024,-12.956413530357956,0.593425709437579,0.3345604885619832,10.568466273222285
22.56247878074646,-23.527679127218473,-12.914080449240542,0.6634257094375791,0.30721832926094067,10.613598677977931
22.582469701766968,-23.53033528541597,-12.871265522863554,0.6721024367399515,0.35253460074483883,10.659069762552415
22.602426290512085,-23.53264142977797,-12.827968861994467,0.669796781698242,0.3817583203566028,10.704672567783504
22.6226065158844,-23.53482425434745,-12.78419062488997,0.6522544679138811,0.44525945487141144,10.750633629457479
22.642586946487427,-23.536863895293404,-12.739931017017014,0.6638014177698643,0.42624596806883347,10.79693287827639
22.662516355514526,-23.53875032917685,-12.695190290773887,0.6985435794014485,0.39884168210148346,10.843560038402963
22.682425260543823,-23.538164283584972,-12.649968745211272,0.7,0.4480543278408004,10.8881955383737
22.70255708694458,-23.53587634731771,-12.604266725753309,0.7,0.43377120813995135,10.931609621564402
22.72256827354431,-23.53246660941913,-12.558084623918655,0.6322662875056266,0.43120016365021,10.974381985500477
22.742514848709106,-23.519102161010174,-12.511422877041547,0.678255707770586,0.36120016365021,11.007679283968628
22.7626314163208,-23.482961147573317,-12.464281967992864,0.6998858738690614,0.3147681267437292,11.018679179580452
22.782356023788452,-23.420370730068655,-12.416662424901194,0.6528641048818826,0.27786096795171034,11.00370830516746
22.802648305892944,-23.338742289965793,-12.368564820873885,0.6668272184208035,0.2813022665650351,10.970177469091908
22.822641849517822,-23.267870394195448,-12.319989773718117,0.6658183682477101,0.2924761751637561,10.947880620477331
22.84244966506958,-23.184508931549352,-12.270937945661952,0.6755283066770061,0.3285308496997459,10.9135709858874
22.862481832504272,-23.09466944272652,-12.22141004307542,0.6472858266672119,0.36586504596925806,10.8732593996511
22.88235640525818,-23.000381805827878,-12.171406816191546,0.5806675554951652,0.3838062172726495,10.828974989636333
22.902466535568237,-22.90780586108568,-12.120929058827445,0.639903381629847,0.347300272245775,10.786876802258236
22.922488689422607,-22.818858653397108,-12.069977608105361,0.6308502044295892,0.36070870216644835,10.748881045291746
22.94234037399292,-22.734776089642008,-12.018553344173744,0.6297270673559978,0.31948181967891287,10.716222745468263
22.96253252029419,-22.656288399372166,-11.966657189928299,0.6523304450558498,0.3129458397597773,10.689631209443867
22.982420921325684,-22.583755333443705,-11.91429011073306,0.6336898914771154,0.3249150074989302,10.669465222710645
23.0025691986084,-22.51726983426727,-11.86145311414144,0.6250252592610195,0.2921279862493975,10.65581672012583
23.022387742996216,-22.4567370748427,-11.808147249617308,0.5550252592610194,0.3214362457365496,10.648589825225391
23.042495727539062,-22.40418098763555,-11.754373608256032,0.5152925050305202,0.3914362457365496,10.649807379379517
23.06251049041748,-22.356303769634323,-11.70013332250556,0.5706930218683555,0.40430400006182027,10.656170447128764
23.08251667022705,-22.312938201588356,-11.645427565887463,0.6406930218683555,0.37998887940950227,10.667510635700893
23.102424144744873,-22.273849232224215,-11.59025755271802,0.6720167788909748,0.42462012216157746,10.683591679506195
23.122382402420044,-22.238760890224608,-11.534624537829256,0.6043387371348217,0.3786520887882216,10.704136352395352
23.14164662361145,-22.20737605520553,-11.478529816290017,0.6057381135644391,0.3358788345725043,10.728846238915512
23.162549018859863,-22.179390747631388,-11.42197472312703,0.6375617151381447,0.3263037395448191,10.757416024504357
23.182361602783203,-22.15218788699838,-11.364960633045971,0.6181819093646481,0.2797036249906523,10.787227253952409
23.202468872070312,-22.12624542719615,-11.307488960152511,0.6382989538135007,0.31254721849865746,10.818756467043638
23.22246479988098,-22.101862127910483,-11.249561157673389,0.6069495034636929,0.30970705368265045,10.852300970237094
23.24243402481079,-22.079204410261145,-11.191178717677474,0.5885267918230965,0.26337162100418937,10.888025692583671
23.262546062469482,-22.059532401318982,-11.13234317079683,0.5810655657434836,0.2824191718612565,10.927189230522153
23.282408237457275,-22.041262649165695,-11.073056085947762,0.5110655657434835,0.3216097473417176,10.968206563217933
23.302387714385986,-22.024448374505713,-11.013319070051901,0.4862589451903476,0.32270691797777545,11.011129304453812
23.322543382644653,-22.011404532527997,-10.953133767757247,0.5185482937330379,0.3076876883645309,11.05827076477075
23.342475175857544,-22.001323328354566,-10.89250186115924,0.552098958515562,0.3167471678246511,11.108821467195327
23.362500190734863,-21.993565603471204,-10.831425069521813,0.5891545887524261,0.38414565634622705,11.16214053394939
23.382431745529175,-21.987626175835643,-10.769905148998472,0.519154588752426,0.3246515111316694,11.217721026837172
23.40246844291687,-21.983106234859502,-10.707943892353342,0.5891545887524261,0.327322948469664,11.27516234250616
23.422439575195312,-21.979691364094716,-10.645543128682231,0.6443058128887786,0.3710051101882709,11.334148235412485
23.442462921142578,-21.977134052023157,-10.582704723133695,0.6397442647675051,0.3821042792190565,11.394429328889462
23.462470531463623,-21.975239781121125,-10.5194305766301,0.6310629097232594,0.3574457445432199,11.455809204491025
23.482481241226196,-21.973595126760948,-10.455722625588681,0.7,0.40619095948233735,11.517872501172267
23.502461671829224,-21.972428038039244,-10.391582841642617,0.7,0.4299240258772625,11.580845196396627
23.52244997024536,-21.969307067476766,-10.327013231362066,0.6922248325310647,0.43939761233225,11.6422938361147
23.542530298233032,-21.964911221682577,-10.262015835975255,0.6317807680927217,0.4289247120980872,11.702895385707322
23.562472343444824,-21.959745724557045,-10.196592731089524,0.6093326623551547,0.3589247120980872,11.763152993467521
23.582539558410645,-21.95418177881066,-10.130746026412393,0.5687247070483863,0.3383097975020064,11.823435752398268
23.602442264556885,-21.94848771565089,-10.064477865472632,0.543314632307738,0.40074476138397586,11.88400985017826
23.622550010681152,-21.942853341912464,-9.997790425341313,0.5039618949405849,0.34561521098657977,11.945062916571151
23.642511129379272,-21.935092572514787,-9.93068591635286,0.544381749164313,0.2891316926543368,12.004406656161926
23.662426233291626,-21.92142668840109,-9.863166581826151,0.5486659675836563,0.3097948199574603,12.05826010657494
23.68258261680603,-21.90170304203821,-9.795234697785535,0.5189426138997077,0.33718347833200824,12.106468344252676
23.7024142742157,-21.884578468697352,-9.726892572681916,0.5889426138997078,0.3587120315496577,12.157685896015437
23.722453355789185,-21.863423615416675,-9.658142547113824,0.5356313367187977,0.31930963233753573,12.20528106830285
23.742454528808594,-21.84002694249332,-9.588986993548453,0.5534759522229433,0.3570628641609801,12.251039948944868
23.762529850006104,-21.815689762359025,-9.519428316042738,0.5273384176939726,0.34989123562991153,12.296261446316286
23.782538652420044,-21.79134072812326,-9.449468949964418,0.5327398073673248,0.35711538563191425,12.341871778158842
23.802555084228516,-21.76762517647104,-9.379111361713086,0.6027398073673249,0.38472056346654426,12.388513814757953
23.822609424591064,-21.74497465026511,-9.308358048441267,0.6429822297394276,0.41380169572948944,12.436616601823843
23.842426300048828,-21.723660822097973,-9.237211537775469,0.5918736086785794,0.41209358120977413,12.486449284322504
23.862440824508667,-21.703837161899585,-9.165674387537244,0.6186020003259183,0.3420935812097741,12.538162774362341
23.882426261901855,-21.68557099366063,-9.093749185464258,0.6485726145654918,0.37682299489795695,12.591821808196372
23.902472734451294,-21.668868031772032,-9.021438548931346,0.6584062847867609,0.37419022258080076,12.647429482840685
23.922444820404053,-21.654366093813486,-8.948745124671579,0.6940221126750112,0.39896835770166944,12.705620969141908
23.942421674728394,-21.641100094412923,-8.87567158849732,0.7,0.42441296588338445,12.765428505915603
23.96243691444397,-21.629042177745998,-8.802220645021293,0.7,0.39657836977101396,12.826821532724704
23.982424020767212,-21.61814115681029,-8.728395027377637,0.7,0.41858964796818326,12.889746129432652
24.002432107925415,-21.60833098825183,-8.654197496942972,0.6828349873423576,0.4753975012496812,12.954133491308857
24.022499561309814,-21.599537050351234,-8.579630843057467,0.7,0.5022754055605037,13.019906207293767
24.04248023033142,-21.591680729671932,-8.50469788274589,0.7,0.48575826372660225,13.086982846926041
24.062437057495117,-21.584682712057475,-8.429401460438683,0.7,0.49453135963238304,13.155281251618792
24.08244514465332,-21.5784652869613,-8.353744447693,0.7,0.5484423712984425,13.2247208392683
24.10244131088257,-21.575270253810213,-8.277729742913806,0.6615322202444076,0.5214304533944232,13.297540510896408
24.12260389328003,-21.57194237161586,-8.201360271074904,0.6757124260067939,0.45143045339442317,13.370582100540958
24.14256715774536,-21.569053019329857,-8.124638983440018,0.6555681906640529,0.41593033302284305,13.444414035889839
24.162420511245728,-21.556835919298248,-8.047568857283853,0.6090983234345912,0.4247047365055186,13.509267062014395
24.182649612426758,-21.529196536310213,-7.97015289561314,0.5582911826670169,0.3552770078525645,13.559043640697073
24.202427625656128,-21.48230817813785,-7.892394126887718,0.5350771032273769,0.3784505188808543,13.589914051250132
24.222436666488647,-21.416336552047344,-7.814295604741587,0.5006700538098812,0.3091451064095599,13.602040947305756
24.242371082305908,-21.338848736813066,-7.735860407703971,0.4756999880075454,0.309308151306468,13.602988329109095
24.26246953010559,-21.255404185167276,-7.657091638920383,0.46751619484275575,0.2992473920452175,13.598312546246893
24.28260564804077,-21.16770502522245,-7.577992425873677,0.4623627176508307,0.3006058652530191,13.589712599348772
24.302469968795776,-21.07936199968017,-7.498565920105121,0.5323627176508308,0.35005144221882795,13.580796079575048
24.32243061065674,-20.990583680665818,-7.418815296935454,0.5552829759940505,0.34796673670585726,13.571768383730364
24.342628002166748,-20.90152641040808,-7.3387437551859485,0.5770575306192041,0.3506944487447617,13.562782655222133
24.36248016357422,-20.82420461463023,-7.258354516899473,0.5189987881854177,0.35997223487298463,13.565850097730756
24.38237237930298,-20.747489723759625,-7.177650827061556,0.5252379234693945,0.29840177303354715,13.56983889669807
24.402485609054565,-20.67321818995592,-7.0966359533214405,0.5345136215724051,0.36840177303354715,13.576582236634481
24.42242169380188,-20.60260118252471,-7.0153131857131505,0.5293030869029463,0.34755577309231733,13.587287996811561
24.44243621826172,-20.536383641302688,-6.933685836376554,0.5147466501034796,0.41755577309231734,13.602697804926134
24.462436199188232,-20.474967039453677,-6.851757239278438,0.4915607953257859,0.39866619875829196,13.623209800175239
24.482435703277588,-20.4185037041313,-6.769530749933532,0.555227966029197,0.40388188364158845,13.648972954197768
24.502424716949463,-20.366968895981607,-6.687009745125605,0.6009584525413811,0.36353428142319894,13.679959150856002
24.522489070892334,-20.320215540723588,-6.604197622628531,0.546056666392833,0.36797546867455816,13.716017918095057
24.542465209960938,-20.278015468757673,-6.521097800927308,0.5264994734711945,0.3726430902461288,13.756917667830365
24.56237530708313,-20.240090196649017,-6.437713718939179,0.5589184099622071,0.44261688685219264,13.802376477709839
24.582491159439087,-20.207162507126103,-6.354048835734641,0.5789231629855931,0.37261688685219263,13.853113671391462
24.602476119995117,-20.1775449726314,-6.270106630258542,0.6027890378423035,0.4167542827705619,13.907438342372856
24.62248158454895,-20.15100717399787,-6.185890601051122,0.6406205007620156,0.42089647310029243,13.965116572946746
24.642432928085327,-20.127307900471138,-6.101404265969087,0.6370260675717145,0.4166573404724476,14.02590363450205
24.662357330322266,-20.106204802755297,-6.01665116190668,0.6124554199445993,0.45399242336105083,14.089553640848617
24.682438850402832,-20.087461127835738,-5.931634844516704,0.5635378768015653,0.40257388049911236,14.155826283319033
24.70250678062439,-20.070850249365837,-5.846358887931636,0.5746933135483414,0.419853315448272,14.2244913614342
24.722420692443848,-20.058474895581764,-5.76082688448464,0.6044511112663895,0.37089640343736385,14.297648011097124
24.742494106292725,-20.04936760546813,-5.6750424444306695,0.5760588820371777,0.39153764093469356,14.374325161037461
24.76245880126953,-20.042770270070907,-5.589009195667504,0.5755717178503983,0.40519295143138145,14.453761074403403
24.782426834106445,-20.03809017216074,-5.502730783456823,0.5388257188419812,0.40854483422997867,14.535359388703917
24.80250382423401,-20.03402679166656,-5.416210870145253,0.5337741874787025,0.4379673930740682,14.617815921521306
24.82251811027527,-20.031337162674216,-5.329453134885453,0.5257018102961593,0.5000951844191877,14.701884027788763
24.84257221221924,-20.029672599470164,-5.24246127335716,0.5497525601345115,0.5600602175033418,14.787211326113004
24.862416744232178,-20.028763896283365,-5.155238997488254,0.597449381526094,0.5099877673125592,14.873524898795111
24.882404804229736,-20.02840414744451,-5.067790035175815,0.6601596741634421,0.4594008061027852,14.960614112268694
24.902462482452393,-20.02843517269236,-4.980118130007197,0.7,0.5294008061027853,15.048317042685165
24.92239236831665,-20.026420456220166,-4.89222704098108,0.6299999999999999,0.4925478987133829,15.134193415239086
24.942427396774292,-20.025354253317406,-4.804120542228535,0.6673589657247065,0.5224473338312237,15.221233711088871
24.962391138076782,-20.020342272868714,-4.715802422734091,0.6429486192017793,0.5834082264191238,15.304539850134622
24.98249578475952,-20.0057726785351,-4.627276486056779,0.6945792167633771,0.5346401419228641,15.37849619247832
25.002405405044556,-19.971050444293407,-4.538546550051221,0.6407519049197434,0.5935928571707336,15.432503894242187
25.02249503135681,-19.94090371402403,-4.449616446588664,0.5707519049197434,0.5584014404303161,15.491287267435368
25.04235076904297,-19.887806128415487,-4.360490021278084,0.6052392641454933,0.5436300925648538,15.527316107137404
25.062357664108276,-19.815534013011224,-4.271171133187183,0.6400202768296002,0.5276495638972847,15.54436287982404
25.081488370895386,-19.722582976139332,-4.181663654563501,0.6413795627327634,0.5852526921516983,15.540919321575831
25.101429224014282,-19.608453087571316,-4.091971470555476,0.6869999073119832,0.5879612298886059,15.51648161701584
25.122379541397095,-19.475671620027132,-4.00209847893349,0.6460720613272859,0.6403634915332077,15.473573141093642
25.14168620109558,-19.3288018761331,-3.912048589810917,0.7,0.5703634915332076,15.416753286322182
25.162304401397705,-19.176017427761415,-3.821825725365226,0.7,0.5752112728002248,15.35419170239619
25.182416439056396,-19.023151359344713,-3.7314338195590064,0.6826572686433792,0.6301084395888028,15.291717539785706
25.202315092086792,-18.874257368234698,-3.6408768178610487,0.6772239746525883,0.6372847326489863,15.23338055037365
25.22237730026245,-18.73204638958522,-3.550158676967408,0.6072239746525883,0.6512759693356929,15.181887712617813
25.242510080337524,-18.60857518710304,-3.4592833645224452,0.6318606958910822,0.637848604695755,15.149291822580594
25.262433528900146,-18.49102440543959,-3.3682548588399133,0.6405641400441526,0.6397712292306823,15.122769546599676
25.282363414764404,-18.378367522462113,-3.2770771486240022,0.6740728580579161,0.654226622187416,15.101290373838111
25.302454471588135,-18.267446209727314,-3.1857542326904085,0.6995868087932466,0.6632841412135166,15.081691977036906
25.322460412979126,-18.160653709521803,-3.0942901196874057,0.649842374138534,0.6531707193859619,15.066363589834397
25.34252691268921,-18.059543506674526,-3.0026888278168826,0.6750277952477335,0.6773194089689059,15.056854678857643
25.362454891204834,-17.965044864994976,-2.9109543845554295,0.7,0.6326271087088389,15.054090480439546
25.382287979125977,-17.87762898594271,-2.8190908263753833,0.6965404237154871,0.6324634330591652,15.058538159567327
25.40237832069397,-17.790487447118743,-2.727102198465902,0.7,0.6143132562062237,15.06338524865284
25.42249298095703,-17.705833065644704,-2.634992554454019,0.6478883817791938,0.6012355808413121,15.070840511190685
25.442222356796265,-17.6251372722096,-2.5427659561257023,0.7,0.6565806877112481,15.082371316083897
25.462326526641846,-17.5550751240878,-2.4504264731469174,0.6765772577375173,0.7,15.104648650940883
25.482338190078735,-17.488488019828594,-2.35797818278472,0.7,0.6792060405015945,15.130509837043874
25.502254962921143,-17.426069509070622,-2.265425169628248,0.7,0.6655348062515258,15.160644339442374
25.52242088317871,-17.368191454977797,-2.1727715253098605,0.7,0.7,15.195419929667937
25.541685104370117,-17.314992483171515,-2.0800213482261434,0.6777582492679357,0.7,15.234971134945372
25.562249660491943,-17.266445563578255,-1.9871787432590118,0.6185303468257188,0.6774106629192829,15.279266820319243
25.582275867462158,-17.222409317296233,-1.8942478214967355,0.6774480331689119,0.7,15.328161495799497
25.60224986076355,-17.182666666991867,-1.801232699955019,0.6831893155351281,0.7,15.381433967036848
25.622214317321777,-17.146953677732732,-1.7081375012980917,0.6701555604115128,0.7,15.43881617643464
25.6423180103302,-17.117297172276718,-1.6149663535597085,0.6556904453784227,0.7,15.50233081871701
25.662312984466553,-17.09031262788086,-1.5217233898642455,0.6981803279370069,0.7,15.568589238016614
25.682164907455444,-17.06688395748824,-1.4284127481477835,0.6665687140077352,0.7,15.638471209340457
25.702289819717407,-17.047870128421238,-1.335038570879135,0.5965687140077351,0.6847729569301009,15.712831557542103
25.722270011901855,-17.032423869163335,-1.2416050047809186,0.5916203643381595,0.7,15.790818864382416
25.742313861846924,-17.01522996241294,-1.1481162005506054,0.5562333624064921,0.7,15.867113761862333
25.76225256919861,-16.992642621341865,-1.0545763125816308,0.49840392649173726,0.6933795179240405,15.938066308760234
25.782403469085693,-16.96690439334249,-0.9609894986843841,0.5278581130504607,0.6879498644731938,16.005914894658105
25.80242371559143,-16.939655949225852,-0.8673599198073347,0.498864957243204,0.7,16.072296029418517
25.822380781173706,-16.893545883733186,-0.7736917397580534,0.5418294306099414,0.6299999999999999,16.119854143975132
25.842262268066406,-16.796172213696085,-0.6799891249243011,0.5603156901150941,0.6053525834530591,16.116183088771784
25.862258434295654,-16.626380202726963,-0.5862562439950594,0.5313828989118337,0.6294177296757697,16.040123958731904
25.88236379623413,-16.38759919930606,-0.4924972676816317,0.5174998530372976,0.670427304804325,15.895101931624428
25.9023756980896,-16.18028343576751,-0.39871636843866654,0.561422865949571,0.655903602130711,15.781567067328844
25.921815633773804,-15.917930608902632,-0.304917720185248,0.5595212761498987,0.6557470401993486,15.613012888717384
25.942397117614746,-15.624264396082456,-0.21110549802594747,0.5351193916238843,0.6897313064208719,15.413158898056508
25.962403059005737,-15.316588060177255,-0.1172838779718699,0.5649800911732017,0.63855174465687,15.199304182205385
25.98248791694641,-15.007289344170255,-0.023457036661756803,0.5382209547050296,0.7,14.983832307508498
26.002405643463135,-14.705015289502388,0.07037084891700829,0.5396186241367831,0.7,14.775386138419396
26.022523880004883,-14.415586827689152,0.16419560170727365,0.5213040558109059,0.7,14.579782429396426
26.042460441589355,-14.142708519581364,0.25801304486110865,0.5375752167263999,0.7,14.400721564442472
26.062401056289673,-13.888517303086536,0.35181900201874505,0.5236246965313329,0.643456407636404,14.24033630510528
26.08246374130249,-13.654004957130503,0.4456092975874544,0.5592099807644262,0.7,14.099614254717958
26.102510690689087,-13.439341717398731,0.5393797570205443,0.6087142869317903,0.7,13.978721474419276
26.122620820999146,-13.252965612050836,0.6331262070962946,0.5424253388727083,0.7,13.886091819147131
26.142447471618652,-13.08230621210928,0.7268444761968436,0.5529675006354227,0.7,13.809150688306124
26.162450313568115,-12.927061038442165,0.8205303945871893,0.48296750063542265,0.7,13.747591433029354
26.1831796169281,-12.7866137546697,0.9141797946940926,0.46890360774938006,0.6521146528422832,13.700793549363793
26.201748371124268,-12.660146268791275,1.0077885113850336,0.4812040143320336,0.6660348650068044,13.667934780176308
26.222398042678833,-12.549038262113347,1.1013523822471178,0.47148651170078654,0.6717797418124973,13.650390644360465
26.241782188415527,-12.449210540653269,1.1948672478660356,0.4804370683291926,0.6910891470499336,13.644077788519304
26.262259483337402,-12.35984883348672,1.2883289521050258,0.4978641644725575,0.6680754416622221,13.648177785591745
26.28232431411743,-12.277795385190121,1.3817333423837574,0.4832551414752378,0.7,13.659528727573878
26.30239200592041,-12.182133487600087,1.4750762699572988,0.5220644968235864,0.6871819587424397,13.657209757557386
26.32237482070923,-12.058693453906855,1.568353590195109,0.515681325518526,0.6568760870024561,13.627047044101964
26.34240961074829,-11.951519665080667,1.6615611628598437,0.5230848170490934,0.7,13.61308082794051
26.36241579055786,-11.814579759451151,1.7546948523864252,0.516011989735998,0.7,13.569274611837576
26.382431030273438,-11.660573928426704,1.8477505281609012,0.48686808819416894,0.6955339608713984,13.508324456587605
26.40238618850708,-11.498773247003628,1.9407240647994293,0.4217433976614846,0.7,13.439497311803057
26.42240309715271,-11.335822654846893,2.0336113424271858,0.39834697271231545,0.7,13.36943399727408
26.44243025779724,-11.176367902748112,2.126408246957279,0.4187150961393489,0.7,13.302776149705391
26.462339162826538,-11.023543705773104,2.2191106703697763,0.481259307884611,0.6616755917668342,13.24265437614288
26.48236083984375,-10.879352628068608,2.3117145109905444,0.4527080236608161,0.7,13.191067139059152
26.502400636672974,-10.731059998044584,2.4042156737702634,0.4430479007447137,0.7,13.135275671814847
26.522332668304443,-10.560663265735165,2.496610070563314,0.46922634454909695,0.6848008090630173,13.05727333629848
26.54242444038391,-10.36550615593848,2.588893620406701,0.5348841688269748,0.6827888859435916,12.95439977634518
26.562405109405518,-10.196065770615373,2.681062249799094,0.5184240276599301,0.664798548258841,12.877128020414467
26.582331895828247,-10.00886550087884,2.773111892979621,0.5307345949718727,0.6397506909444928,12.781977393858462
26.60243535041809,-9.8142632062993,2.8650384922069385,0.4929596298048271,0.7,12.679301698506238
26.62226676940918,-9.619648332957276,2.9568379980380612,0.46217111504171027,0.7,12.576486330995337
26.642333269119263,-9.430153776963623,3.0485063696074093,0.4053647593269123,0.6527310878038406,12.478660146571032
26.662315607070923,-9.249209802060623,3.1400395749056074,0.4149781810725106,0.6532975114416331,12.38924937696623
26.68230962753296,-9.078973652639938,3.2314335910585825,0.46731697494629754,0.6616077344398945,12.31040724369852
26.702260494232178,-8.920661504824936,3.3226844046063704,0.41630007425788773,0.6547056688461452,12.243345909431307
26.72245502471924,-8.77480383494874,3.4137880117821204,0.4387383247399701,0.660612024879083,12.18859184673086
26.74233365058899,-8.641440865045363,3.5047404187910374,0.4637299655610694,0.6700814567040652,12.1461812838364
26.76239824295044,-8.52027123606197,3.5955376420892478,0.4565718980180098,0.6813348071184009,12.115808878151217
26.782318115234375,-8.415068670571053,3.686175708662855,0.4643036458315326,0.7,12.101244379233908
26.802361249923706,-8.319424722386817,3.776650656306792,0.4688341152528299,0.6921067915856838,12.096075378693609
26.82241702079773,-8.232940688766526,3.8669585339037376,0.4639763842010869,0.7,12.099899222670263
26.84232473373413,-8.15509823001453,3.9570954017031603,0.41513354802969826,0.7,12.112193631717691
26.862295866012573,-8.0853095697372,4.047057331600165,0.4374288721615447,0.7,12.132366901337365
26.882304430007935,-8.022954192954113,4.136840407414432,0.4413428120920433,0.7,12.159794600368546
26.902405500411987,-7.967405198709707,4.226440725169262,0.45986943511757983,0.667361893504858,12.193845923878968
26.922401428222656,-7.918047772383175,4.315854393370323,0.4219133351603521,0.6583003474399447,12.233902165753499
26.94246530532837,-7.871975349575092,4.405077533284807,0.4424848408112301,0.6993162294849753,12.277052882859898
26.962300539016724,-7.829398859715142,4.494106279220212,0.39579950279090537,0.7,12.323505138935353
26.9824275970459,-7.7903726753147975,4.582936778803312,0.45123133069369925,0.6617703594267368,12.37330945411811
27.00237774848938,-7.756489145632615,4.671565193259159,0.45888709748629464,0.6658165895380079,12.428054338891773
27.02243423461914,-7.723106100891171,4.75998769768993,0.4100890691066159,0.680193433817476,12.483093798581102
27.042392253875732,-7.67705240128508,4.848200481353931,0.4572060006344689,0.7,12.52525288263901
27.06235933303833,-7.607197216609616,4.936199747944531,0.48008443141821755,0.7,12.543396964554148
27.082322597503662,-7.520334664206129,5.023981715869038,0.4839836094202472,0.7,12.544316380075166
27.10239577293396,-7.423948380438593,5.111542618527729,0.4248870905162765,0.6898925945162773,12.53549099896632
27.12233543395996,-7.32348734956129,5.198878704592726,0.4439140107156707,0.7,12.522366054154016
27.14249897003174,-7.222843718900382,5.28598623828692,0.418740270254202,0.7,12.508829957187302
27.162449836730957,-7.124725710197619,5.372861499662978,0.35576911788899435,0.7,12.497587209860598
27.182284593582153,-7.030947838762916,5.459500784882227,0.3903229064913465,0.7,12.490448623645143
27.202396392822266,-6.942656047554759,5.545900406493594,0.40719021257478727,0.6928911714814603,12.488556454048354
27.222301959991455,-6.86599886023136,5.632056693712574,0.3889048337610437,0.7,12.498055553943935
27.242352962493896,-6.793945973873618,5.71796599270014,0.3653924442501737,0.6653032682836055,12.51191196657376
27.26237201690674,-6.724673742918016,5.80362466684171,0.40157671418506635,0.7,12.528298409759726
27.282354593276978,-6.6522095188080375,5.889029097026043,0.36665055674035085,0.7,12.54123861583408
27.302299737930298,-6.57248894141156,5.9741756819242156,0.3438977110804988,0.7,12.546664623335776
27.322341918945312,-6.478247529992404,6.059060838268511,0.33555047732312215,0.7,12.537308368260916
27.342289447784424,-6.355556821134957,6.1436810011314655,0.32773153815884126,0.7,12.499237822266423
27.36242151260376,-6.1978085030964465,6.228032624204673,0.3494497794331981,0.6726578146219253,12.42584112730112
27.3816978931427,-6.005969207631914,6.312112180077758,0.40204935107845796,0.6674576101824641,12.318081387709672
27.40257501602173,-5.779292454240562,6.3959161605174515,0.36748972494620813,0.7,12.175208614758013
27.422494888305664,-5.515861541597202,6.479441076746284,0.3954831581236793,0.7,11.995302618343485
27.442437887191772,-5.287144097529648,6.562683459721729,0.3872774844663216,0.6873023498803377,11.849827557251377
27.462498426437378,-5.021368190238292,6.645639860415052,0.3172774844663216,0.675694503635168,11.667008050653344
27.48248839378357,-4.7345403475280285,6.728306850090274,0.33313980594743026,0.7,11.462847197618302
27.502522230148315,-4.440649559889387,6.810681020583061,0.36036835693288577,0.7,11.251330580472448
27.522526264190674,-4.15191479752954,6.892758984579771,0.36795839982572925,0.7,11.04467378210931
27.542492866516113,-3.872054535300931,6.974537375896279,0.43795839982572926,0.7,10.84659191119721
27.56250023841858,-3.6057340146228603,7.056012849756911,0.4330786090018226,0.6915428012609481,10.661746864379772
27.582464694976807,-3.355836782412861,7.137182083073526,0.3630786090018226,0.7,10.493018865486388
27.601947784423828,-3.1262492079757678,7.21804177472427,0.34488453146535886,0.6938973817043006,10.344290982700038
27.62247633934021,-2.9168190803979086,7.298588645832677,0.3670761062623931,0.7,10.215407726230586
27.64247179031372,-2.7269094295877827,7.378819440046485,0.358055601720698,0.7,10.105728869634268
27.66242218017578,-2.5620250221307956,7.458730923816617,0.32968059637118113,0.7,10.020755945947412
27.682488203048706,-2.4124065162442445,7.538319886676135,0.32955259536742215,0.7,9.95072640292038
27.70244002342224,-2.2773345865848342,7.617583141519191,0.3526238713914061,0.6825581815093755,9.894917728104025
27.722611665725708,-2.1559262303789257,7.696517524879887,0.4226238713914061,0.7,9.852443755258813
27.742473602294922,-2.0472080291580395,7.775119897211297,0.41354905491112715,0.68246113024652,9.822327926369336
27.762467861175537,-1.9501694178222693,7.853387143164362,0.3807272580766583,0.7,9.803556560986632
27.782546043395996,-1.8638006632845083,7.9313161718669,0.34153824349283224,0.6808028563857078,9.795116835151408
27.802581787109375,-1.7871192217656888,8.00890391720235,0.3331362367921973,0.6331421665847301,9.796023138968039
27.822399377822876,-1.719187329484784,8.086147338088999,0.3391865138278807,0.6334322887298185,9.805334667573783
27.842421054840088,-1.6591230406356556,8.163043418758654,0.3153125662670935,0.6691751601931173,9.82216645939431
27.862434148788452,-1.6061064230729052,8.239589169035732,0.3249853747279847,0.688675564789446,9.845695592108637
27.88236689567566,-1.5600760421264002,8.315781624616157,0.3274309083668048,0.6566484990355093,9.875857666742558
27.902656078338623,-1.519417475401355,8.391617847346314,0.3481101922539527,0.6531152833078522,9.911035322747669
27.92244005203247,-1.4812452698033256,8.467094925501918,0.31305619774735516,0.6801622114900965,9.948340195305244
27.94240379333496,-1.4458060663965537,8.542209974067099,0.3470396108774001,0.7,9.988016040463652
27.962469816207886,-1.4131991492538658,8.616960135013109,0.3380723258329088,0.6992274065734818,10.030159284266976
27.98243474960327,-1.3811024864610209,8.691342577577533,0.34749878177768534,0.7,10.072445064038554
28.002464056015015,-1.3502061404892085,8.765354498543033,0.28144754449254816,0.6619248732924461,10.11556063903224
28.022085666656494,-1.3186414329164737,8.838993122516353,0.26320423351949995,0.6693998601287603,10.157634555432827
28.04232382774353,-1.2874443789735033,8.912255702207226,0.29770850928849524,0.6301064554601907,10.19970008118073
28.062483549118042,-1.2573248850871506,8.985139518707335,0.30465405367664045,0.7,10.242464403794486
28.082515478134155,-1.226431291300102,9.057641881769285,0.27328878946951574,0.7,10.284073173069388
28.102569580078125,-1.1996086844232812,9.129760130085508,0.3203404092078561,0.6932491909712553,10.32936881450879
28.122483491897583,-1.160944407732192,9.20149163156719,0.3084700622444505,0.7,10.362436039299382
28.14228892326355,-1.0988596953044627,9.272833783623202,0.2851247687672729,0.6836555812507867,10.371693478927664
28.162554025650024,-1.0059294060806994,9.343784013439045,0.2923382891190702,0.6986567003652453,10.349713419519745
28.18250584602356,-0.887074506664381,9.414339778255847,0.311075480453437,0.6856587136164307,10.301414284920229
28.20251226425171,-0.7533452887300154,9.484498565649208,0.318993599883979,0.6829085213132202,10.237843854379223
28.222426176071167,-0.612809079649182,9.55425789380823,0.3265668463741893,0.7,10.167066973457413
28.242504835128784,-0.4666159884561645,9.62361531181434,0.3271268625708761,0.7,10.090231300270505
28.26263117790222,-0.3133975968156662,9.692568399920379,0.3250693351461085,0.7,10.005965996736045
28.282589435577393,-0.1570212753540413,9.761114769829398,0.28944041286245903,0.6871175065636634,9.91813604518344
28.302490711212158,-0.004889147077701927,9.829252064973645,0.3120179370476397,0.6594284184277057,9.834141212051346
28.322454690933228,0.12719585080949913,9.896977960793524,0.29341018092469295,0.6429442193359136,9.769782109984025
28.3423433303833,0.2549651890703264,9.964290165016589,0.2976766008383127,0.6541151588782668,9.709324975946263
28.362427234649658,0.37868595538266586,10.031186417936361,0.3142417169606777,0.6559498127782717,9.652500462553695
28.382371187210083,0.5009667113870565,10.097664492691273,0.3101131081080528,0.6348395817214623,9.596697781304217
28.401784420013428,0.6213409161708631,10.163722195543766,0.2841527968144508,0.7,9.542381279372902
28.422807216644287,0.7372184184194268,10.229357366158986,0.28142062257626077,0.6905935153365135,9.492138947739559
28.44245743751526,0.8469186598494511,10.294567877883974,0.22405314501025697,0.7,9.447649218034524
28.462538242340088,0.9517535067110786,10.359351638026414,0.2585604717920067,0.6982845421181991,9.407598131315336
28.482365131378174,1.050446034494619,10.423706588133669,0.24928555041202327,0.7,9.37326055363905
28.502375841140747,1.1422711965982046,10.487630704271659,0.26171057913103124,0.6933140752837061,9.345359507673454
28.52231764793396,1.226906378537877,10.55112199730383,0.274147231687093,0.7,9.324215618765955
28.542460203170776,1.3003888043367091,10.614178513170163,0.2409559121320488,0.6958864240907132,9.313789708833454
28.562422513961792,1.3681163079455732,10.676798333165959,0.27114739324548265,0.6427887699566781,9.308682025220385
28.582433223724365,1.4300616040919871,10.738979574220888,0.2833434712106826,0.572788769956678,9.3089179701289
28.601526975631714,1.4863581304231517,10.800720389177926,0.2562438096816184,0.5633617095835506,9.314362258754773
28.622584104537964,1.5395637909292643,10.862018967072189,0.25044696926721355,0.517549899984151,9.322455176142924
28.642327785491943,1.6008021074279335,10.922873533410016,0.22724095694371482,0.4944302417524158,9.322071425982083
28.662318468093872,1.6752712125509652,10.983282350447837,0.24817518852301856,0.49034090910106887,9.308011137896871
28.682401180267334,1.759283887189816,11.043243717471114,0.2555568461271467,0.5530421716347336,9.283959830281297
28.702304363250732,1.8500275413684595,11.102755971073236,0.21943018780671975,0.5706234985217451,9.252728429704776
28.72232460975647,1.9453712108954258,11.161817485434483,0.2245797096716704,0.5315391534194349,9.216446274539058
28.74142575263977,2.041397188757063,11.22042667260106,0.1990404809790196,0.5587237292155622,9.179029483843998
28.762516260147095,2.124769394396176,11.278581982763964,0.1932267542893531,0.5316729621216654,9.153812588367789
28.782389163970947,2.207752207716622,11.33628190453775,0.213710451122606,0.5292599055636673,9.128529696821127
28.802337408065796,2.2905939016102863,11.393524965239816,0.2332744054461362,0.5992599055636674,9.10293106362953
28.82149052619934,2.3734706407554205,11.450309731169085,0.2363648464402648,0.6231610738206654,9.076839090413664
28.841490507125854,2.4541875139910743,11.506634807885003,0.25573901584953984,0.5972433202434331,9.052447293893929
28.86147141456604,2.5359095981951927,11.562498840486537,0.2527148391550871,0.5415365919936448,9.026589242291344
28.88235068321228,2.6231251496665995,11.617900513890962,0.24346863045007905,0.5518047381658107,8.994775364224363
28.901513814926147,2.7118577993740454,11.672838553113046,0.18167337341816148,0.5875881929416209,8.960980753739001
28.92235493659973,2.7993056562631375,11.727311723543725,0.18343585168127885,0.5881350132869556,8.928006067280588
28.94145131111145,2.883556442232825,11.781318831229271,0.2290938775718676,0.5746158379362896,8.897762388996446
28.962260246276855,2.963366184811435,11.834858723149932,0.2821983489871489,0.5384308788226917,8.871492538338497
28.982277393341064,3.032659040957676,11.88793028749933,0.3084058277041184,0.5614706407533958,8.855271246541655
29.002390384674072,3.102782411302796,11.94053245396286,0.29562432409380546,0.5727093703346327,8.837750042660064
29.022321462631226,3.178583590830223,11.99266419399708,0.30596281212870946,0.5872131911339238,8.814080603166856
29.042335033416748,3.260963429607569,12.044324521108393,0.2831856645375954,0.6357254934730008,8.783361091500824
29.0614492893219,3.34342521633956,12.095512491132034,0.31379305941169133,0.628742594202049,8.752087274792475
29.081421613693237,3.4214543028041815,12.146227202511078,0.27825460207764974,0.6247445567743852,8.724772899706895
29.101425170898438,3.4943480741495576,12.196467796575305,0.28560333882574906,0.6412953268038109,8.702119722425747
29.12150001525879,3.5594375004535057,12.246233457820185,0.2722967238829004,0.6277651748852804,8.68679595736668
29.141433715820312,3.6150744084628315,12.295523414185759,0.21598687113379111,0.6361544746207073,8.680449005722927
29.16157031059265,3.660363129414303,12.344336937335665,0.27163512722705474,0.6281950109871104,8.683973807921362
29.18300747871399,3.6972706227723724,12.392673342935922,0.2836026204482185,0.6553069436224177,8.69540272016355
29.202096223831177,3.7293146507989006,12.392673342935922,0.2836026204482185,0.6553069436224177,8.66335869213702
29.22349715232849,3.7552054296960566,12.487912285838078,0.3663110872462856,0.7,8.732706856142022
29.242469787597656,3.7761399334708527,12.534813676994961,0.32285148182068935,0.7,8.758673743524108
29.262438535690308,3.790763830857885,12.581235658870185,0.32455747082945874,0.6329522624611854,8.7904718280123
29.28234314918518,3.80061909331633,12.627177771326348,0.3093651474651413,0.6688597731292247,8.826558678010018
29.302321672439575,3.8069024209045055,12.672639599902126,0.2498275690909939,0.6766933545470237,8.865737178997621
29.322317361831665,3.8105391560214947,12.717620776091188,0.20744944151607325,0.7,8.907081620069693
29.34225344657898,3.812241774047492,12.762120977621322,0.24993555408087542,0.6772909637540578,8.949879203573829
29.36225438117981,3.8125561198853024,12.806139928733163,0.22932115171221068,0.67706106986152,8.99358380884786
29.382338285446167,3.8118979144855087,12.84967740045925,0.2707405199494677,0.7,9.03777948597374
29.402341842651367,3.8105815409671773,12.892733210902811,0.2743344227515625,0.7,9.082151669935634
29.422241687774658,3.80943863186995,12.93530722551698,0.28015983381425014,0.7,9.125868593647029
29.442227363586426,3.81016675486768,12.977399357383486,0.23377818518434634,0.7,9.167232602515806
29.46256113052368,3.8121752705288108,13.019009567491597,0.2732784589484798,0.673621379584074,9.206834296962786
29.48216724395752,3.8242855799899815,13.060137865017275,0.3053163094178306,0.6560880698263645,9.235852285027294
29.502506494522095,3.8500422760149933,13.100784307601927,0.2760577192262279,0.6796253871172666,9.250742031586935
29.52239155769348,3.884598670031538,13.140949001631338,0.281048224280821,0.6514627959579229,9.2563503315998
29.542369842529297,3.924356431925699,13.180632102514704,0.2652159509912597,0.6773350823670625,9.256275670589005
29.562335729599,3.9666791505399637,13.21983381496359,0.2418949966982471,0.6462898522615432,9.253154664423626
29.58239221572876,4.009668027130298,13.25855439327059,0.2256534890935289,0.6601181391626596,9.248886366140292
29.602408170700073,4.051986636735456,13.296794141588805,0.15565348909352889,0.6565494088456034,9.244807504853348
29.622450351715088,4.095040737637253,13.334553414210149,0.13486038827453722,0.6387923488393425,9.239512676572897
29.642430305480957,4.132421407263589,13.371832615844777,0.1484973619610535,0.6477700237184763,9.239411208581188
29.66241145133972,4.169925861884741,13.408632201899778,0.13725910269771685,0.6547906392253935,9.238706340015037
29.682453155517578,4.206527869223222,13.444952678758252,0.15221302517806162,0.6294316624291241,9.23842480953503
29.702418327331543,4.243854760414033,13.480794604058012,0.1565919758670496,0.6288011294556781,9.23693984364398
29.722370147705078,4.289966787824044,13.516158586970839,0.18602149169077148,0.6088814825518056,9.226191799146795
29.742340564727783,4.364129002140836,13.55104528848117,0.18528700786759128,0.6196413838071748,9.186916286340335
29.76239776611328,4.483615966930567,13.585455421665142,0.12157189267803897,0.6269020593492314,9.101839454734574
29.781723260879517,4.659231726912885,13.619389751969592,0.13473517335136403,0.5569020593492313,8.960158025056707
29.805479288101196,4.883103203121582,13.65284909749084,0.09947119913180341,0.552916225506924,8.769745894369258
29.82217240333557,5.141541090495677,13.685834329253769,0.06968105844338407,0.5171016496559604,8.544293238758092
29.842392444610596,5.426442419698685,13.718346371490565,0.07728740879450907,0.4945593834808095,8.29190395179188
29.862470865249634,5.673801027589093,13.750386201920037,0.10439727761899104,0.4704829459032043,8.076585174330944
29.88241720199585,5.950877340551421,13.781954852026,0.0826615684584247,0.4738371092779561,7.83107751147458
29.902371168136597,6.2505580652775174,13.813053407336838,0.11680879377876391,0.48039067722391326,7.562495342059321
29.922422647476196,6.564990362523824,13.843683007703873,0.11530054655508121,0.4664584668306633,7.278692645180049
29.942342519760132,6.8883310277448055,13.873844847580745,0.09582108367816528,0.4685494133690371,6.98551381983594
29.962389945983887,7.213970358268356,13.903540176302016,0.08663640745566209,0.4627978231245651,6.68956981803366
29.98249912261963,7.537256802923724,13.932770298362335,0.1566364074556621,0.4636673006415366,6.395513495438611
30.00231671333313,7.855021495379041,13.961536573695248,0.13266405262635073,0.46464307006215666,6.106515078316208
30.022430658340454,8.162892580219273,13.98984041795228,0.11470385440275987,0.4427155531547031,5.826947837733007
30.042470455169678,8.462726893398232,14.017683302781645,0.11566866646404361,0.4434177578613161,5.554956409383413
30.062339782714844,8.749076920832625,14.045066756107381,0.10119642029399967,0.3734177578613161,5.2959898352747565
30.082164764404297,8.997693325514543,14.071992362408263,0.10219908322556859,0.36171356722712505,5.07429903689372
30.10239267349243,9.234369412816728,14.098461762996592,0.07751263867481595,0.34883333876729,4.864092350179865
30.122340440750122,9.456514416263229,14.124476656297382,0.07839600989478623,0.33946186531335104,4.667962240034154
30.142403841018677,9.66271180534538,14.150038798127056,0.060119657459435816,0.3249640878662466,4.487326992781677
30.16227698326111,9.854714331466903,14.175150001972487,0.036301777380285616,0.35696040134876955,4.320435670505583
30.18246817588806,10.031797177463735,14.199812139269994,0.053986207264242525,0.38007542718201864,4.168014961806259
30.202478647232056,10.193850106106622,14.224027139684118,0.06977191442507302,0.3896626964583992,4.0301770335774965
30.222571849822998,10.34119266064906,14.247796991386856,0.13315714025753533,0.35820404294878233,3.906604330737796
30.24249839782715,10.476750828010577,14.271123741336265,0.11761768130469119,0.3472910490259527,3.794372913325688
30.26240634918213,10.600551169617178,14.294009495555393,0.10259852992254292,0.36562992487102736,3.6934583259382148
30.282389640808105,10.712922010764025,14.316456419411729,0.1482458418782333,0.3728343615680932,3.603534408647704
30.30201745033264,10.810485244011533,14.338466737895459,0.15282899808022177,0.4085032971948384,3.5279814938839262
30.3223659992218,10.89909951305759,14.360042735898972,0.13094322491320765,0.45404582791030396,3.4609432228413812
30.342454195022583,10.979162587099456,14.381186758495275,0.16282801438006556,0.4119781921058892,3.4020241713958193
30.36238169670105,11.051176114671033,14.401901211217432,0.1990975636604706,0.4036613371595739,3.350725096546398
30.382360696792603,11.115700675966215,14.422188560337169,0.15857609469327127,0.385686010532081,3.306487884370954
30.402472257614136,11.171006661840707,14.442051333143958,0.14893154721590673,0.3928034868463873,3.271044671303251
30.42219066619873,11.218452022300003,14.461492118223958,0.1279570601496378,0.38420874945819367,3.2430400959239556
30.442416429519653,11.256870780699533,14.4805135657387,0.12991168690728938,0.37760892970487464,3.223642785039168
30.462414503097534,11.285690967624285,14.499118387704513,0.08226362211513316,0.40960266156122077,3.2134274200802277
30.482361793518066,11.304768273646353,14.51730935827106,0.04659708557534015,0.3956036911718546,3.212541084624707
30.502352237701416,11.31657558493721,14.535089314000295,0.07436108743655478,0.42012045061215747,3.218513729063085
30.522422075271606,11.326826994054905,14.552461154145693,0.10269667362677848,0.35590712999925006,3.225634160090788
30.54241919517517,11.331922654890388,14.569427840930924,0.07765631718444621,0.3642683037929236,3.2375051860405364
30.56247043609619,11.33330293829303,14.585992399828875,0.09526939658331668,0.3424854697100817,3.2526894615358444
30.582381010055542,11.332066216037015,14.602157919840486,0.1098511001642326,0.3443902811873703,3.2700917038034714
30.602715492248535,11.331360714646282,14.617927553773917,0.11825446473318135,0.35191619832999993,3.2865668391276355
30.622134923934937,11.331042782284108,14.633304518523378,0.09990542070823705,0.30064977024681855,3.30226173623927
30.642436265945435,11.333318774940281,14.648292095347813,0.049011700468836183,0.24370714341290284,3.314973320407532
30.662423610687256,11.337336473593389,14.662893630150343,0.0,0.31370714341290284,3.325557156556954
30.68242573738098,11.344774389201026,14.677112533756862,0.0,0.3298970911372452,3.3323381445558358
30.70150375366211,11.354391895078813,14.690952282194772,0.014150642789900303,0.3674287948478012,3.3365603871159593
30.72236442565918,11.36526983334708,14.704416416972563,0.044041880406439304,0.38537606072612096,3.3391465836254834
30.742414474487305,11.37471433707854,14.71750854535825,0.08842029143124819,0.3649191673565655,3.3427942082797095
30.761528253555298,11.387252863726852,14.730232340658247,0.128294394351542,0.38072769564576436,3.3429794769313954
30.781505823135376,11.401609986589923,14.74259154249679,0.11189449857920408,0.38617480068467547,3.3409815559068665
30.802323818206787,11.416851890336972,14.75458995709447,0.11647347314283252,0.3692970526125281,3.337738066757499
30.821453094482422,11.434622994896658,14.766231457547182,0.10199950495734811,0.37052442831452925,3.3316084626505234
30.84230875968933,11.46758056576394,14.777519984105247,0.13645974406972528,0.39383651641663153,3.3099394183413064
30.861494541168213,11.528748550247482,14.788459544452422,0.09973023319616914,0.3861816977104171,3.2597109942049407
30.88144040107727,11.624113296665852,14.799054213984277,0.1302635227330029,0.37525900871958573,3.174940917318425
30.901477098464966,11.743033464845603,14.809308136088035,0.10844360524788499,0.40833318652119477,3.0662746712424322
30.921551942825317,11.875180639484713,14.819225522420645,0.1294231922365725,0.41137877013068636,2.9440448829359323
30.941490411758423,12.01071596105932,14.82881065318822,0.12741235247813165,0.3728506406722589,2.8180946921289003
30.96152901649475,12.12839118763148,14.83806787742494,0.12056519812904298,0.3688974440982564,2.7096766897934597
30.982381582260132,12.247201240272911,14.847001613271686,0.15148152387700975,0.38094109622295935,2.599800372998775
31.00246500968933,12.36135194648896,14.85561634825535,0.14117929409258068,0.33933041197713454,2.49426440176639
31.02237892150879,12.46925793215011,14.863916639567698,0.14334659511223435,0.32149331224616606,2.3946587074175874
31.041552543640137,12.569982606366525,14.871907114343834,0.12736301915720105,0.3197060686023905,2.3019245079773096
31.062381505966187,12.663064694140079,14.879592469941912,0.16216065036132932,0.3125393979670479,2.2165277758018327
31.082505226135254,12.748385222440282,14.886977474221645,0.1524680615402758,0.3285068750800564,2.138592251781363
31.10252857208252,12.82374976192021,14.894066965822994,0.14071757113561034,0.3612294003786518,2.0703172039027837
31.122714519500732,12.887896493939124,14.900865854445648,0.1477255690842867,0.3939331055106594,2.012969360506524
31.14246702194214,12.928662887672342,14.907379121127804,0.11053642816841602,0.3775789674790575,1.9787162334554615
31.162392616271973,12.93126822937002,14.913611818524739,0.10061379428952932,0.35907204006332893,1.9823435891547199
31.182401657104492,12.933530253549472,14.919569071188121,0.07643531542271376,0.3463355966331436,1.986038817638649
31.202404260635376,12.899997542632098,14.92525607584497,0.08182790083810687,0.3625827778549864,2.025258533212872
31.222420930862427,12.842486260433109,14.930678101676271,0.0917298817075789,0.2925827778549864,2.0881918412431624
31.242452383041382,12.769835635735378,14.935840490596348,0.0978809678927064,0.3141774009587242,2.1660048548609705
31.26181387901306,12.688584219586431,14.94074865753128,0.07031245809048414,0.3330327622266485,2.252164437944849
31.28211522102356,12.603500234496476,14.945408090698528,0.012503675185143948,0.3179071159707381,2.3419078562020523
31.30219316482544,12.517996601430257,14.9498243518849,0.0,0.3121870454074814,2.4318277504546426
31.3223397731781,12.43445492825969,14.95400307672665,0.04809260740876198,0.298182748784311,2.51954814846696
31.34250235557556,12.356794074032111,14.957949974987645,0.009858909994363785,0.28501153603661794,2.6011559009555345
31.362428426742554,12.28526466508741,14.961670830838116,0.01815859228372574,0.34381471813190717,2.6764061657507057
31.382462978363037,12.222195536070403,14.965171503134506,0.0,0.34603328170720477,2.742975967064103
31.40242600440979,12.167437308026507,14.96845792569755,0.0,0.30519156070891756,2.8010206176710426
31.422693014144897,12.119122440443897,14.971536107591568,0.0,0.3031100766407325,2.8524136671476708
31.442551136016846,12.076556338110771,14.974412133403447,0.017150554805994034,0.3366723382519557,2.897855795292676
31.462421417236328,12.043737736860656,14.97709216352149,0.006790997460484505,0.32727232348639507,2.9333544266608342
31.482314348220825,12.027819882141019,14.97958243441424,0.013124511111527681,0.3026308785798027,2.9517625522732214
31.502374172210693,12.04027490508791,14.981889258909717,0.06643668236210942,0.30821240233723063,2.941614353821807
31.52221989631653,12.088323359244624,14.984019026474105,0.06618690394680016,0.31583662709686894,2.8956956672294805
31.542295455932617,12.171409742493461,14.985978203490646,0.0582665158144664,0.3288231567153706,2.814568460997185
31.56235933303833,12.28127574878627,14.987773333538907,0.07716481477837078,0.38573345548007626,2.706497584752638
31.582263231277466,12.406846850110082,14.989411037673477,0.08600870703230612,0.3616345693031325,2.5825641875633956
31.60238242149353,12.540016989980321,14.990898014702587,0.13108406771789305,0.35412229650188226,2.450881024722266
31.621862173080444,12.655638705410793,14.992241041467853,0.09980461557279341,0.3905829345481469,2.3366023360570605
31.642356634140015,12.775341313684859,14.993446973122655,0.06922489774296992,0.3489283477561547,2.2181056594377964
31.662320375442505,12.894723680720924,14.994522743411025,0.08317681957851164,0.3523101451015099,2.099799062690101
31.682329654693604,13.010737304862051,14.995475364946735,0.09144209229270928,0.3463418360939248,1.984738060084684
31.70240831375122,13.121353539392933,14.996311929492421,0.07187775053898804,0.33902537991758425,1.8749583900994882
31.722395181655884,13.222989225561529,14.997039608238268,0.06381432988564484,0.35601129179354746,1.774050382676739
31.741514682769775,13.315708600921239,14.997665652080904,0.0601529392588418,0.3250154478615149,1.6819570511596655
31.76238226890564,13.39979127204328,14.998197391902597,0.07320229217293672,0.31352137570735056,1.598406119859316
31.782238721847534,13.475659067601313,14.998642238849875,0.06419710229965858,0.3009229021286591,1.522983171248562
31.802324533462524,13.543821483707474,14.99900768461286,0.07030039952951483,0.33857482095714647,1.455186200905386
31.8223557472229,13.604835480844663,14.999301301703873,0.0752384296793025,0.33973496727645386,1.3944658208592102
31.8423171043396,13.657809390920495,14.9995307437365,0.07172004130552523,0.3863352271169423,1.3417213528160055
31.86234974861145,13.705269609900238,14.999703745704345,0.05697665174375288,0.33715431712567795,1.2944341358041065
31.882303476333618,13.747649317946388,14.999828124260468,0.026523593784077093,0.36281971767544735,1.2521788063140793
31.902265071868896,13.785383289846193,14.999911777995738,0.022601937846047804,0.3202805607020854,1.2145284881495453
31.92230749130249,13.818895949538696,14.999962687718096,0.02556400393950753,0.31177832413464773,1.1810667381793998
31.94238305091858,13.848593345818596,14.99998891673151,0.0,0.33129352930933226,1.1513955709129142
31.96228265762329,13.874858063092168,14.999998611114648,0.013717930763959885,0.27819000411778677,1.1251405480224808
31.982356548309326,13.898046304889421,15.0,0.0,0.25318435993045557,1.1019536951105788
32.002368211746216,13.918486563393932,15.0,0.0029369292315095663,0.2745285913720726,1.081513436606068
32.02240991592407,13.938795773738056,15.0,0.04314523166976869,0.23467085365205992,1.0612042262619443
32.04228448867798,13.958478713514326,15.0,0.014701047679409385,0.21150545444339502,1.0415212864856738
32.0624897480011,13.975567944357403,15.0,0.002601115731522441,0.2730437185987829,1.0244320556425972
32.08243203163147,13.992045222753534,15.0,0.0,0.2631580936163663,1.007954777246466
32.102362394332886,14.007663194037463,15.0,0.0,0.2535379114001988,0.9923368059625375
32.122320890426636,14.022272697448324,15.0,0.021173106506466866,0.2788968714326619,0.977727302551676
32.14236235618591,14.035796706905098,15.0,0.0,0.2798406299576162,0.9642032930949025
32.16233038902283,14.048210329677527,15.0,0.00040318790706805885,0.2734368885308503,0.9517896703224729
32.182318925857544,14.059525539885556,15.0,0.0,0.34274413384497154,0.9404744601144444
32.20240545272827,14.06977960306493,15.0,0.0,0.3009646939486264,0.93022039693507
32.22235131263733,14.079026369544513,15.0,0.01610419899225235,0.2505406583100556,0.920973630455487
32.242358684539795,14.087329789906114,15.0,0.02861110307276249,0.2829056078940629,0.9126702100938857
32.26232314109802,14.094759144758738,15.0,0.04797340743243694,0.26776731614023436,0.9052408552412619
32.28232288360596,14.101209500322224,15.0,0.07048613391816616,0.24613883201032866,0.8987904996777765
32.30230689048767,14.106985954346474,15.0,0.1372572686523199,0.2684930157288908,0.8930140456535263
32.322516202926636,14.112142091721111,15.0,0.177134083583951,0.2721081040240823,0.8878579082788889
32.34167766571045,14.116731479840935,15.0,0.16778194531798363,0.31884787598624814,0.8832685201590653
32.362006187438965,14.120806262186191,15.0,0.13434018939733505,0.3360636066086589,0.879193737813809
32.38245987892151,14.12441621897806,15.0,0.10051069781184196,0.2660636066086589,0.8755837810219393
32.4024760723114,14.127608177011803,15.0,0.12793481722474098,0.254304935466498,0.8723918229881971
32.42162036895752,14.130425677575632,15.0,0.12504533678293228,0.27840122139081347,0.8695743224243682
32.442604303359985,14.130592484298697,15.0,0.10210207477211952,0.28541862942278373,0.8694075157013028
32.462604999542236,14.128913774793913,15.0,0.09069767873734236,0.2880777653865515,0.8710862252060867
32.4823637008667,14.123681099969794,15.0,0.04001287650316954,0.31330637564882624,0.8763189000302063
32.50249886512756,14.119137958090962,15.0,0.047144186682999134,0.3034171296842395,0.8808620419090385
32.5224552154541,14.098275256716835,15.0,0.03891436383128166,0.29650236923247564,0.9017247432831645
32.5423150062561,14.052729054546418,15.0,0.014341931790113449,0.34707361344248044,0.9472709454535817
32.5624361038208,13.9819731488858,15.0,0.00347958505153656,0.3413805684633552,1.0180268511142003
32.582398653030396,13.895571841037995,15.0,0.0,0.36945417733862984,1.1044281589620049
32.602657318115234,13.800580640379026,15.0,0.033367518335580826,0.29945417733862983,1.1994193596209737
32.62251257896423,13.7021265513221,15.0,0.018812325783073902,0.2870179215259849,1.2978734486778993
32.64253044128418,13.603861954827185,15.0,0.02890004962682724,0.2893562876433133,1.3961380451728154
32.662455797195435,13.510635077241425,15.0,0.012721803039312363,0.27905875544995057,1.4893649227585755
32.68249988555908,13.434946025471366,15.0,0.027271045371890068,0.27730352369137096,1.5650539745286345
32.70163536071777,13.38964761771653,15.0,0.0,0.27878595849499094,1.6103523822834696
32.72232007980347,13.350318383580511,15.0,0.03010079637169838,0.27434063849970686,1.649681616419489
32.742480516433716,13.34408688634152,15.0,0.012876179069280624,0.24744298828765737,1.65591311365848
32.76248836517334,13.363325007793852,15.0,0.00676615908741951,0.22919730057939874,1.6366749922061476
32.782575607299805,13.399746809173655,15.0,0.0,0.22650612642057227,1.6002531908263453
32.80251884460449,13.447144165554203,15.0,0.0,0.2271389945107511,1.552855834445797
32.822471618652344,13.500915775299656,15.0,0.0,0.2701501420396379,1.4990842247003435
32.84249567985535,13.557697671594159,15.0,0.0,0.23261862086830648,1.442302328405841
32.86245608329773,13.61507397315499,15.0,0.029740843921899796,0.28419773864326986,1.3849260268450099
32.88235783576965,13.671350990646475,15.0,0.07014573365449905,0.2654626893508247,1.3286490093535246
32.90227675437927,13.725381292124936,15.0,0.026566874235868454,0.2663093450409359,1.2746187078750637
32.92245364189148,13.77642710578513,15.0,0.0038528554141521454,0.2637845102162099,1.22357289421487
32.942421674728394,13.820746384466421,15.0,0.0,0.2731417511985636,1.1792536155335789
32.962451696395874,13.862533774908432,15.0,0.0,0.31945231756428244,1.1374662250915684
32.982383251190186,13.90146126310572,15.0,0.0034104089718312025,0.29064204743364813,1.0985387368942803
33.002485275268555,13.937376389370812,15.0,0.010139825055375695,0.29492353381821873,1.0626236106291884
33.02242064476013,13.97025264866787,15.0,0.0,0.29284923723200323,1.02974735133213
33.04247188568115,14.000151720133927,15.0,0.0,0.3514293116913176,0.9998482798660735
33.06241512298584,14.027194908359174,15.0,0.05494210869073868,0.30845045125344756,0.9728050916408257
33.08238172531128,14.051541735636816,15.0,0.05537040691706352,0.2722063792333937,0.9484582643631843
33.102434396743774,14.073374065335361,15.0,0.061492622568039224,0.24320722198346617,0.9266259346646386
33.12242150306702,14.092884485507149,15.0,0.05222271915408783,0.22819228762993576,0.9071155144928511
33.14249014854431,14.119533350058934,15.0,0.044082907697884366,0.27326876962790253,0.8804666499410665
33.16232514381409,14.142670574640615,15.0,0.024009443557588384,0.2486080798716283,0.8573294253593851
33.182279109954834,14.179791831787618,15.0,0.018365977535722777,0.25739949954906466,0.8202081682123818
33.20232605934143,14.225647797428381,15.0,0.05463490096735768,0.22749431258300307,0.7743522025716185
33.2223801612854,14.276362191504118,15.0,0.05020271215471439,0.2517328747943974,0.7236378084958819
33.24234223365784,14.329114582399063,15.0,0.05687584468978457,0.2669847664819098,0.6708854176009371
33.26231265068054,14.38189224233329,15.0,0.06102297894540243,0.3123897073254919,0.61810775766671
33.2823326587677,14.433296504027222,15.0,0.05777451323228888,0.328859739138279,0.5667034959727779
33.30239701271057,14.482392076332127,15.0,0.08069818952935748,0.3496622630790806,0.5176079236678728
33.32240295410156,14.528590169588025,15.0,0.07194972151773982,0.31809148205677035,0.47140983041197515
33.34234929084778,14.571558184775157,15.0,0.037758560123620555,0.29447263678768637,0.4284418152248435
33.362377405166626,14.611150233489372,15.0,0.04765777962165885,0.2880974920862353,0.38884976651062786
33.38236999511719,14.64552506101606,15.0,0.05689698850619607,0.29368935492122533,0.3544749389839392
33.40232849121094,14.677199060628336,15.0,0.0248498210858088,0.3314970281370914,0.322800939371664
33.42236065864563,14.70616235314539,15.0,0.08762004619347863,0.34704070318723085,0.29383764685461067
33.442307233810425,14.730163168994965,15.0,0.12855207567918114,0.3680350087978876,0.2698368310050352
33.46231269836426,14.75008460674013,15.0,0.13626727109658532,0.3505679179378784,0.24991539325987056
33.48241376876831,14.766647560932649,15.0,0.16084476580726914,0.3626109432824886,0.23335243906735137
33.50232744216919,14.780441263293861,15.0,0.15509122630464844,0.37149175130063655,0.2195587367061389
33.522369623184204,14.791947965980986,15.0,0.15738548777881078,0.36452256528893473,0.20805203401901373
33.54237461090088,14.801562905535757,15.0,0.09928848288836889,0.367126393963117,0.19843709446424285
33.562268018722534,14.809610462739663,15.0,0.11324149623396806,0.37022659125970664,0.19038953726033725
33.58177471160889,14.814040906244944,15.0,0.1400359652179759,0.39582211467670264,0.1859590937550557
33.60221767425537,14.817887530410825,15.0,0.16861980661633424,0.38063632081495585,0.1821124695891747
33.62220096588135,14.819181946822185,15.0,0.14974634975078516,0.366092762344051,0.18081805317781452
33.642247438430786,14.816353187395643,15.0,0.1854709151375573,0.3610958078806287,0.18364681260435667
33.66215467453003,14.810735102397539,15.0,0.204719652159838,0.3861757026915437,0.18926489760246135
33.682268142700195,14.801011322407644,15.0,0.195916853583185,0.38387757785851123,0.1989886775923555
33.7022967338562,14.788692076234117,15.0,0.20492765560629778,0.39481706138933065,0.21130792376588303
33.72221755981445,14.77257839439568,15.0,0.16139302283409052,0.43791851740563276,0.22742160560432012
33.742297649383545,14.754253846193487,15.0,0.1318782295275014,0.41626846011960866,0.24574615380651288
33.76228094100952,14.727927570761358,15.0,0.10354137115064077,0.36154589768731954,0.2720724292386425
33.78150939941406,14.682839189916468,15.0,0.13176809877040796,0.33049762215698125,0.31716081008353214
33.80221962928772,14.609692880818425,15.0,0.11443308062735014,0.3381853538029826,0.3903071191815748
33.822314739227295,14.546185387745549,15.0,0.08408759601297788,0.3367660871171391,0.4538146122544511
33.842331409454346,14.456897976033925,15.0,0.05668141201022081,0.3857761888229287,0.5431020239660747
33.86234760284424,14.352057497728055,15.0,0.09109128147247247,0.3817503034533,0.6479425022719454
33.88149452209473,14.239177223484802,15.0,0.10328275032225065,0.3648581794858909,0.760822776515198
33.90231251716614,14.123687611997694,15.0,0.11111755549791269,0.3898224394232965,0.8763123880023063
33.922295808792114,14.011745670463853,15.0,0.10899686950142495,0.402169902010355,0.9882543295361472
33.94146180152893,13.907534437094098,15.0,0.0770242786675226,0.41668966053286555,1.0924655629059021
33.961501121520996,13.81143927827007,15.0,0.11001673850114457,0.3838799708918667,1.1885607217299299
33.982319355010986,13.72351396365452,15.0,0.0896578258543741,0.37269148336956265,1.2764860363454797
34.002326250076294,13.645896873310681,15.0,0.06493172372574918,0.3850844578281975,1.3541031266893189
34.02233552932739,13.578507733815737,15.0,0.05918867464060895,0.3176246361271477,1.4214922661842628
34.04238224029541,13.518976292496005,15.0,0.07291268321569078,0.332897539383266,1.4810237075039954
34.06235122680664,13.466471599325306,15.0,0.0893433275341522,0.34997318232664826,1.5335284006746939
34.082369565963745,13.420231303480408,15.0,0.06272286872263066,0.3509459947980939,1.5797686965195918
34.10152721405029,13.38187714156071,15.0,0.06790293284575455,0.3547509811632334,1.6181228584392908
34.122416734695435,13.350011353756695,15.0,0.04458875299314968,0.36855704950168716,1.6499886462433047
34.141692876815796,13.330441127307864,15.0,0.06301958949188702,0.33809527808800327,1.6695588726921358
34.16230607032776,13.32455962449754,15.0,0.09200595223228447,0.3725153883732854,1.6754403755024594
34.182446002960205,13.328341047551051,15.0,0.11330977545003407,0.37718003436923014,1.671658952448949
34.20229387283325,13.338734490754687,15.0,0.07688371927361004,0.372402380760759,1.6612655092453128
34.222413778305054,13.355762943716858,15.0,0.10103553437511437,0.37288968278327944,1.644237056283142
34.24242043495178,13.370547481335665,15.0,0.0908670415810775,0.3719952572882174,1.6294525186643352
34.26147818565369,13.39442017070425,15.0,0.1325322827033233,0.3552455139160155,1.6055798292957508
34.2822904586792,13.426292498269529,15.0,0.11090319507638924,0.35132880516350257,1.5737075017304711
34.302300691604614,13.462881226126287,15.0,0.08323575646500103,0.3536179255042224,1.537118773873713
34.32223081588745,13.501781581266439,15.0,0.08124403466354124,0.37374434650875615,1.4982184187335612
34.34234023094177,13.541262332740617,15.0,0.09510368292103522,0.3645586747024207,1.458737667259383
34.36151719093323,13.580105705136564,15.0,0.0612451899505686,0.3503497851360588,1.419894294863436
34.38227915763855,13.617482653548809,15.0,0.052752516203327104,0.35613434233702707,1.3825173464511913
34.40148854255676,13.65285598706288,15.0,0.06983678133110516,0.39067348682321595,1.34714401293712
34.421666860580444,13.68590538844289,15.0,0.12325074986438267,0.37284014218486833,1.3140946115571097
34.441529989242554,13.716469618591505,15.0,0.11460996881942265,0.37927069173194455,1.2835303814084948
34.461538314819336,13.743006263548384,15.0,0.1037774886644911,0.3864139284286647,1.2569937364516157
34.48146939277649,13.767541973076026,15.0,0.09548844580422156,0.4191437776479869,1.2324580269239735
34.50150728225708,13.790041236005028,15.0,0.04992167089949362,0.39333722584880876,1.2099587639949725
34.52151560783386,13.810533057305998,15.0,0.016260718897683546,0.39062282590195524,1.1894669426940023
34.541481494903564,13.829090489174584,15.0,0.00731054597417824,0.4052280006743966,1.1709095108254157
34.561492919921875,13.852764297116329,15.0,0.0,0.3352280006743966,1.1472357028836715
34.58151125907898,13.884000615200446,15.0,0.0,0.34131589708849774,1.1159993847995544
34.60152983665466,13.924299171116921,15.0,0.0,0.27131589708849774,1.075700828883079
34.62148189544678,13.972146463962574,15.0,0.0009466670453548431,0.2892876660637556,1.0278535360374264
34.64153265953064,14.02860864756126,15.0,0.0014390251599252224,0.31775283088907585,0.9713913524387401
34.66228795051575,14.098831903126824,15.0,0.06068777432665229,0.2728415468893944,0.9011680968731763
34.68245315551758,14.159801526493702,15.0,0.0754414084367454,0.2861078877188264,0.8401984735062982
34.70245432853699,14.248228771776228,15.0,0.035202092956751585,0.3202950854040681,0.7517712282237721
34.72235631942749,14.36729514160784,15.0,0.0031226458959281445,0.3181883378140627,0.6327048583921595
34.74234104156494,14.506821214146614,15.0,0.0,0.3102620106376706,0.49317878585338626
34.76238036155701,14.654564652784165,15.0,0.07,0.3323054902441798,0.3454353472158349
34.78240919113159,14.806438298514236,15.0,0.07690536154434086,0.29353670330718146,0.19356170148576446
34.80252981185913,14.954861743359904,15.0,0.09256555622443557,0.26244467424228773,0.04513825664009552
34.82195019721985,15.096977062089016,15.0,0.11336647456511856,0.2502379894442855,-0.09697706208901558
34.84223294258118,15.233281793857063,15.0,0.15245176216587425,0.2734714888222514,-0.2332817938570635
34.86227035522461,15.359641960855821,15.0,0.1455048915743828,0.2787206370569764,-0.35964196085582145
34.8822660446167,15.475764619054551,15.0,0.10952338919043542,0.28151292467489825,-0.4757646190545515
34.902305364608765,15.57658527565494,15.0,0.07669311732053757,0.22911149749532328,-0.5765852756549403
34.92237830162048,15.669251171854713,15.0,0.06462033901363612,0.22798520510084913,-0.6692511718547127
34.94237303733826,15.753810731260605,15.0,0.05840148793533445,0.2729004192817955,-0.7538107312606055
34.96234965324402,15.82356218535446,15.0,0.04284817742183805,0.2745188424317165,-0.8235621853544597
34.98230195045471,15.85802644636404,15.0,0.04228239348623902,0.28534681219141916,-0.8580264463640397
35.00242638587952,15.836960086773772,15.0,0.11047167918179185,0.27575779854785637,-0.8369600867737716
35.022380352020264,15.743133225534926,15.0,0.08616565382573754,0.29916276745032505,-0.7431332255349261
35.04229712486267,15.58502670451044,15.0,0.05580159118864686,0.2726537097198887,-0.5850267045104403
35.062400817871094,15.388756018723246,15.0,0.04493030095938594,0.23955219573806957,-0.38875601872324594
35.08230137825012,15.171149944228189,15.0,0.04828616679180414,0.23049001357983784,-0.17114994422818874
35.102264404296875,14.944459711351827,15.0,0.03186839521396906,0.2546145204408093,0.05554028864817262
35.12235903739929,14.717434196889812,15.0,0.03283502620644868,0.24952171751763658,0.2825658031101881
35.142396688461304,14.520324848997253,15.0,0.02811441005207599,0.29181360089685754,0.4796751510027466
35.16234302520752,14.325023667434488,15.0,0.013075364688411362,0.32790834838058786,0.674976332565512
35.182276248931885,14.136125544700288,15.0,0.016442010812461383,0.33092939699534313,0.8638744552997117
35.20236396789551,13.956653251243996,15.0,0.0530538621172309,0.31919663059059517,1.0433467487560044
35.22236251831055,13.788457927519705,15.0,0.0,0.30013412641827003,1.2115420724802952
35.2423677444458,13.632528136111507,15.0,0.0,0.2577173899346961,1.3674718638884933
35.26230335235596,13.489227256438095,15.0,0.004235990811139345,0.28782657938543693,1.5107727435619047
35.282289266586304,13.363107547271804,15.0,0.008050450123846531,0.2909863810939713,1.6368924527281958
35.302302837371826,13.268459850942735,15.0,0.010125493630766869,0.25751035250257687,1.731540149057265
35.32146191596985,13.2166972133192,15.0,0.049608612433075905,0.260359989334829,1.7833027866807996
35.34153985977173,13.214616681484648,15.0,0.09294409863650799,0.27401838716585175,1.7853833185153523
35.3623902797699,13.212810310627388,15.0,0.08683363581076264,0.29612368796486394,1.787189689372612
35.382378816604614,13.250163558869069,15.0,0.06539898039773107,0.2899221445852889,1.749836441130931
35.402472734451294,13.313731871097243,15.0,0.054024511482566595,0.33793618189636604,1.686268128902757
35.42150330543518,13.393833317494654,15.0,0.01507999887689948,0.34054860248696045,1.6061666825053464
35.441447257995605,13.480990942055632,15.0,0.016082676243968308,0.32292022890876965,1.519009057944368
35.462321281433105,13.570752619908662,15.0,0.0606972147943452,0.3718865659041329,1.4292473800913381
35.482511043548584,13.65995736272062,15.0,0.04016004886943847,0.34598050415050224,1.34004263727938
35.5024311542511,13.746424287835591,15.0,0.0805390999885276,0.34789895612746463,1.2535757121644089
35.52228379249573,13.831027099830314,15.0,0.022996101644821465,0.3460435109166427,1.1689729001696865
35.54148530960083,13.91210543722007,15.0,0.03737920813728124,0.2866183357266708,1.0878945627799297
35.56226563453674,13.982499719770113,15.0,0.06394245766568929,0.2898104771459474,1.0175002802298874
35.582375288009644,14.049717045934303,15.0,0.077928441693075,0.2878757534502073,0.9502829540656972
35.60226535797119,14.112956214892174,15.0,0.061750917811878026,0.2599512623576446,0.8870437851078261
35.62141299247742,14.178714616400354,15.0,0.03190587379503995,0.2876582654146476,0.8212853835996459
35.64231991767883,14.2560715122593,15.0,0.03709165484178811,0.2920052153943105,0.7439284877406998
35.66225838661194,14.344078458649948,15.0,0.021447508712299168,0.3532852983055635,0.6559215413500521
35.681519508361816,14.434846959858653,15.0,0.004355187644250691,0.35724318548571304,0.5651530401413467
35.701523542404175,14.525141388780579,15.0,0.0,0.30127802639733986,0.4748586112194211
35.721457719802856,14.612726836290951,15.0,0.0,0.2723249006969853,0.3872731637090485
35.74240326881409,14.696122373177415,15.0,0.0,0.2348155934317036,0.3038776268225849
35.761502504348755,14.77440979964764,15.0,0.0,0.23113995729479925,0.22559020035236088
35.78153324127197,14.842380942082004,15.0,0.0010961638763546944,0.26150216659996645,0.15761905791799613
35.80233860015869,14.906100257054183,15.0,0.0,0.26895780334714786,0.09389974294581727
35.8222815990448,14.967503368208538,15.0,0.0,0.2255646198475732,0.032496631791461894
35.84150052070618,15.02567941705994,15.0,0.0,0.24991020219866172,-0.02567941705994059
35.86231756210327,15.077764439934684,15.0,0.006480072159320116,0.2832408327097072,-0.0777644399346844
35.88233208656311,15.124246060153837,15.0,0.0,0.2896145520219578,-0.12424606015383688
35.902315855026245,15.165610648412637,15.0,0.009618264622986317,0.2459199068555607,-0.1656106484126365
35.92233061790466,15.202330887108948,15.0,0.015410016756504774,0.23885216549504534,-0.20233088710894798
35.9423987865448,15.234857493522847,15.0,0.024640205781906843,0.23015807927120463,-0.23485749352284735
35.961461782455444,15.263614049787526,15.0,0.0,0.28699430436361567,-0.2636140497875257
35.98231220245361,15.288994127032216,15.0,0.015577400103211403,0.30763165824580924,-0.2889941270322165
36.00150179862976,15.3110297580802,15.0,0.05356530658900738,0.2813267575995995,-0.31102975808020084
36.02230453491211,15.330491976277196,15.0,0.06241297163069248,0.2771983145223929,-0.3304919762771963
36.041470527648926,15.34765382758966,15.0,0.07922209054231644,0.23833824307192103,-0.3476538275896601
36.062413692474365,15.362765590325859,15.0,0.01469394564628601,0.21987608433235423,-0.36276559032585887
36.0823757648468,15.37605513276613,15.0,0.025269574485719204,0.22116156268864856,-0.3760551327661297
36.102426528930664,15.387728752179763,15.0,0.009256421588361263,0.21031854089349494,-0.387728752179763
36.1225266456604,15.397972326091425,15.0,0.003527528140693903,0.23735969115048633,-0.3979723260914252
36.14249396324158,15.406952650088463,15.0,0.037844686303287745,0.2579447792097925,-0.4069526500884635
36.162463426589966,15.41481886993811,15.0,0.02714201109483838,0.24900226082652793,-0.41481886993810946
36.182433128356934,15.42170394146719,15.0,0.04280082369223237,0.2208777160570024,-0.4217039414671895
36.20248770713806,15.427726071250147,15.0,0.08937916019931436,0.24683359798043952,-0.42772607125014694
36.2225022315979,15.432954638079984,15.0,0.09887813171371818,0.2790576086565851,-0.432954638079984
36.24255084991455,15.437529681211053,15.0,0.11033981619402766,0.30909991983324275,-0.4375296812110534
36.26253604888916,15.441530224798043,15.0,0.14102175971493125,0.29709984894841895,-0.4415302247980435
36.28253364562988,15.445026298346358,15.0,0.16411837516352534,0.3174067025259136,-0.44502629834635776
36.30253338813782,15.44576349014973,15.0,0.1680974210612476,0.35009936217218623,-0.44576349014973005
36.32257628440857,15.442248640002449,15.0,0.14765091566368937,0.32448038246482597,-0.44224864000244857
36.34248471260071,15.428923993999828,15.0,0.12833751505240798,0.3746074193343519,-0.4289239939998275
36.362510442733765,15.40218778120042,15.0,0.18700331589207053,0.3852832659333943,-0.40218778120041954
36.38249397277832,15.357575394346968,15.0,0.21008665999397635,0.3598767246305941,-0.35757539434696817
36.40251612663269,15.2970896254697,15.0,0.18371528899297118,0.3669626812636851,-0.29708962546970064
36.422446489334106,15.220223567920753,15.0,0.17984437011182308,0.36761577069526524,-0.22022356792075293
36.442490100860596,15.153486494273112,15.0,0.14643778465688229,0.39827569588785977,-0.15348649427311223
36.46260094642639,15.071430351897762,15.0,0.18200896121561527,0.3656973467743954,-0.07143035189776192
36.482621908187866,14.978580117085674,15.0,0.1830979468068108,0.4092031159973702,0.021419882914326394
36.50257611274719,14.880679575035543,15.0,0.11570989654865116,0.4141661842889151,0.1193204249644566
36.52259564399719,14.774902302569847,15.0,0.13490687066223472,0.3669012730545363,0.22509769743015262
36.54254150390625,14.664125408038373,15.0,0.14153333462309092,0.38137721657520146,0.33587459196162683
36.562464237213135,14.552795387173928,15.0,0.13543920300435275,0.38305415833136053,0.4472046128260718
36.58261060714722,14.444015266457965,15.0,0.18698719970416278,0.3956639251275918,0.5559847335420347
36.60261034965515,14.33987314499517,15.0,0.20062686770688742,0.3837302351905963,0.6601268550048296
36.62259483337402,14.241697141571482,15.0,0.19640387350227684,0.3491090225591323,0.7583028584285181
36.64259362220764,14.150252505090585,15.0,0.159429476945661,0.3757600846304557,0.8497474949094155
36.66242527961731,14.065893358000592,15.0,0.13498596230056137,0.40011014850577326,0.9341066419994082
36.68248629570007,13.992650592705756,15.0,0.13041704648640007,0.370774964482989,1.0073494072942442
36.70251250267029,13.925087690696309,15.0,0.14532361587043852,0.382558088430669,1.0749123093036914
36.72244453430176,13.863250523645805,15.0,0.17979773913975805,0.452558088430669,1.1367494763541952
36.742472887039185,13.807020051984232,15.0,0.10979773913975804,0.46107730487128706,1.1929799480157683
36.76254343986511,13.756165829295155,15.0,0.08150790137704461,0.45108408977976056,1.2438341707048455
36.781749963760376,13.712702449622386,15.0,0.0698255064850673,0.3918532816111109,1.2872975503776143
36.80242586135864,13.675518077586387,15.0,0.024950905418954783,0.35207059358945103,1.3244819224136126
36.822473764419556,13.643674971517578,15.0,0.0,0.3368363607092759,1.3563250284824218
36.84246206283569,13.618697373995644,15.0,0.0,0.27298481048783274,1.3813026260043557
36.86249780654907,13.599146706246842,15.0,0.0,0.2731505154893965,1.4008532937531584
36.882412910461426,13.58619708154171,15.0,0.01520601473748684,0.2379894449637503,1.4138029184582894
36.90238428115845,13.574953886753095,15.0,0.0,0.25393737920385306,1.4250461132469052
36.92245554924011,13.570728417418685,15.0,0.0,0.2518323897180379,1.4292715825813147
36.94210171699524,13.576121380776273,15.0,0.028494354337453842,0.2697045593318761,1.4238786192237267
36.96249294281006,13.601951076729232,15.0,0.054402101784944534,0.2978870770690263,1.3980489232707676
36.98245191574097,13.650560380537275,15.0,0.01955343782901764,0.3210610314068616,1.349439619462725
37.00241470336914,13.71602720909662,15.0,0.0,0.358837117886287,1.2839727909033805
37.022369623184204,13.791477573050342,15.0,0.0,0.31900605697010165,1.2085224269496582
37.042476177215576,13.871873818935025,15.0,0.0,0.2677439613995374,1.1281261810649745
37.06237292289734,13.953586543074376,15.0,0.010449047200381756,0.2914515654352725,1.0464134569256238
37.082420110702515,14.034060137075985,15.0,0.002350310795009136,0.2969112028164089,0.9659398629240155
37.102280378341675,14.103929365976605,15.0,0.0061425340827554464,0.3012716658209682,0.8960706340233955
37.12242937088013,14.172214430897375,15.0,0.0,0.3303695022856117,0.827785569102625
37.14233684539795,14.237599520896586,15.0,0.030967943370342255,0.3264438104612053,0.7624004791034142
37.16258215904236,14.299247127982124,15.0,0.028610687935724854,0.27645443051878815,0.7007528720178762
37.18260431289673,14.356674036462023,15.0,0.02056669001467526,0.2738710921054006,0.6433259635379773
37.202532052993774,14.409655850238934,15.0,0.0008846346754580736,0.273300241716788,0.5903441497610658
37.22262525558472,14.45815385817484,15.0,0.0,0.2657022378785767,0.5418461418251592
37.24241828918457,14.50225934249762,15.0,0.0,0.26887012183724424,0.49774065750237995
37.262452602386475,14.54215147054905,15.0,0.018782850354909897,0.27543076550646206,0.4578485294509491
37.28259468078613,14.578065731014421,15.0,0.05984746292233467,0.24999117156548878,0.42193426898557895
37.302512407302856,14.610270526002449,15.0,0.09060592949390411,0.23768933074607035,0.3897294739975514
37.32223725318909,14.638231551238517,15.0,0.14628739282488823,0.2620117138518252,0.36176844876148273
37.34241795539856,14.663326520921249,15.0,0.13631007354706526,0.2489652219606795,0.3366734790787511
37.36252427101135,14.68576940925992,15.0,0.11790721584111452,0.24892636982403915,0.3142305907400793
37.38249087333679,14.705778733873803,15.0,0.07163641322404146,0.28836651740275543,0.2942212661261969
37.40241837501526,14.723570409137173,15.0,0.06067364290356636,0.2914581444361828,0.27642959086282737
37.422471046447754,14.739352850860891,15.0,0.08731606788933277,0.3184020832428358,0.2606471491391087
37.44243264198303,14.753323773723915,15.0,0.07132806070148945,0.37628920155257206,0.24667622627608488
37.46247911453247,14.76335190077493,15.0,0.038005268201231956,0.37499901105329614,0.23664809922506969
37.48244833946228,14.770377148812253,15.0,0.06024627014994621,0.3357370813624583,0.22962285118774695
37.5025532245636,14.775131506202472,15.0,0.04963966645300388,0.36215548787877183,0.22486849379752805
37.522404193878174,14.778183246818056,15.0,0.03330838866531849,0.3597398936995886,0.22181675318194394
37.54238033294678,14.780832845935144,15.0,0.02522054687142372,0.34653588722139816,0.21916715406485565
37.56242895126343,14.78227240445199,15.0,0.01998677896335721,0.37718128936976414,0.21772759554800913
37.58250284194946,14.78283355304272,15.0,0.015331835951656103,0.34592252003640156,0.2171664469572807
37.60245323181152,14.782769786282179,15.0,0.03463276429101825,0.36728432180971127,0.21723021371782103
37.622475385665894,14.78227364611758,15.0,0.09296059934422374,0.29780353757232647,0.21772635388241923
37.642473220825195,14.781490263571575,15.0,0.1106033637188375,0.32578455063194256,0.21850973642842497
37.66252827644348,14.780528014053992,15.0,0.09048541029915214,0.3247848673505358,0.21947198594600792
37.6825315952301,14.784099583191393,15.0,0.11841678572818637,0.32296334405109506,0.21590041680860672
37.70196509361267,14.795358821860065,15.0,0.08637946797534823,0.32879658194869976,0.20464117813993532
37.72255730628967,14.81166102925989,15.0,0.11560537619516253,0.3171828041100524,0.1883389707401104
37.74255394935608,14.83103634108007,15.0,0.1451820502988994,0.30048817454517107,0.16896365891992993
37.761743783950806,14.847858481477553,15.0,0.15654085902497172,0.34310503734886866,0.15214151852244662
37.782477617263794,14.86664094857272,15.0,0.16108952602371573,0.3707894837731145,0.13335905142728066
37.802409172058105,14.88629001029384,15.0,0.1517474022693932,0.3741031052792094,0.11370998970616064
37.82173132896423,14.906023142744436,15.0,0.1273598619736731,0.35622434935212355,0.09397685725556393
37.84253740310669,14.925294604468808,15.0,0.1413032547570765,0.376289681183698,0.0747053955311916
37.86249566078186,14.941421153333502,15.0,0.15311472164466977,0.39786021656036596,0.0585788466664976
37.88251280784607,14.954938293805625,15.0,0.11917461501434445,0.41143489314854365,0.04506170619437455
37.902605056762695,14.961654051318156,15.0,0.0928614535368979,0.36755814834177714,0.03834594868184382
37.92249798774719,14.956519664036016,15.0,0.08438060758635402,0.4061368784183286,0.04348033596398437
37.94247579574585,14.936340670125295,15.0,0.14060944644734263,0.40251744550332647,0.0636593298747048
37.962432622909546,14.906243802189644,15.0,0.12917513074353337,0.42429949354991536,0.0937561978103556
37.98255372047424,14.880112933038385,15.0,0.14284682320430875,0.4154725746499024,0.11988706696161522
38.00254225730896,14.84736388510594,15.0,0.14803780196234584,0.44988103222713094,0.15263611489405982
38.022608280181885,14.810881077422053,15.0,0.14701747940853238,0.390765950201603,0.18911892257794705
38.04255652427673,14.772766373823762,15.0,0.15153707703575492,0.37228108581766706,0.227233626176238
38.06252384185791,14.734522696231666,15.0,0.12212420022115111,0.3713227303247548,0.2654773037683338
38.08252429962158,14.69719734388798,15.0,0.17213538428768516,0.3538955503623582,0.3028026561120196
38.102421283721924,14.661493547981076,15.0,0.1490213735960424,0.3685121859904028,0.33850645201892426
38.12246775627136,14.627857023181008,15.0,0.17473226366564631,0.3786073417883016,0.3721429768189921
38.14257597923279,14.596542871462335,15.0,0.182130285538733,0.4071502496968604,0.40345712853766535
38.16247057914734,14.567667075767128,15.0,0.2127392189577222,0.38671503937948715,0.4323329242328722
38.18255662918091,14.543562281046794,15.0,0.20045502576977015,0.41074745147634517,0.4564377189532056
38.201801776885986,14.522633882845968,15.0,0.19701730366796255,0.3912589026163913,0.4773661171540322
38.222193002700806,14.502919691785529,15.0,0.1952854875707999,0.3934240485556073,0.49708030821447124
38.24241232872009,14.484568430647577,15.0,0.21931478718761355,0.3872916987180359,0.5154315693524225
38.26182007789612,14.467647479491994,15.0,0.20919653365854174,0.41155833844240974,0.532352520508006
38.282623052597046,14.447533247353476,15.0,0.2115491012809798,0.4199390253066666,0.5524667526465237
38.30245351791382,14.41414939278302,15.0,0.19627120241057128,0.41821345070056837,0.5858506072169796
38.32253170013428,14.356214109575925,15.0,0.21074307046364993,0.4327077543144695,0.6437858904240752
38.34244084358215,14.25958928202494,15.0,0.18285478733014315,0.43958070490189116,0.7404107179750596
38.362518072128296,14.124739902881187,15.0,0.18182535376399755,0.4870245679063372,0.8752600971188134
38.3824508190155,13.96457809142429,15.0,0.15546820405870676,0.5078075620127491,1.0354219085757101
38.40249419212341,13.791055807499262,15.0,0.18132756743580103,0.48644155066140216,1.2089441925007378
38.42254853248596,13.640399330361264,15.0,0.2266964064911008,0.49631518020905774,1.359600669638736
38.442012548446655,13.479706614309041,15.0,0.1925813490524888,0.5051145617631845,1.5202933856909588
38.462470293045044,13.31627796262584,15.0,0.14618974644690752,0.5052700326647026,1.6837220373741602
38.482544898986816,13.15525612836143,15.0,0.21618974644690753,0.4764368352349264,1.8447438716385705
38.50239539146423,13.000149735697265,15.0,0.19542397808283568,0.5059089441652758,1.9998502643027347
38.5226731300354,12.85323990547346,15.0,0.2458135696873069,0.4632421438451273,2.14676009452654
38.54264545440674,12.715895040040255,15.0,0.22941691119223834,0.4242620360906584,2.2841049599597447
38.56261420249939,12.588813521252762,15.0,0.18219243798404933,0.4409387097563011,2.411186478747238
38.582571506500244,12.472209942066247,15.0,0.194034876935184,0.4393536590374423,2.5277900579337533
38.602489709854126,12.365957209561795,15.0,0.19663941155187786,0.4042194292283965,2.6340427904382047
38.6225323677063,12.269694252021173,15.0,0.1812312653567642,0.4369620412922812,2.730305747978827
38.642512798309326,12.182906996639046,15.0,0.2129157757665962,0.49203676286706455,2.817093003360954
38.662545919418335,12.107556085732433,15.0,0.20267257693223656,0.5300769053734256,2.8924439142675666
38.682502031326294,12.041883410819082,15.0,0.20040072610601783,0.5297458024157093,2.958116589180918
38.70256853103638,11.984663845545004,15.0,0.223781162109226,0.5287626778168486,3.015336154454996
38.721673011779785,11.934823660320141,15.0,0.20116708165034652,0.5227296274548279,3.0651763396798586
38.74246120452881,11.891422580812334,15.0,0.23512608295306564,0.5219451176977599,3.1085774191876663
38.76236653327942,11.85363780892929,15.0,0.2357171809929423,0.5363404980904305,3.1463621910707094
38.78252840042114,11.82074982803165,15.0,0.20936986232874916,0.5298576594374025,3.1792501719683504
38.802391052246094,11.792129821540096,15.0,0.1989266377571039,0.5417396572462165,3.2078701784599044
38.82227945327759,11.767228543755706,15.0,0.2592201036098413,0.5776869093111598,3.2327714562442935
38.84240388870239,11.743250144583365,15.0,0.18922010360984132,0.6063340731940114,3.2567498554166345
38.86237049102783,11.722431486224336,15.0,0.22251757158664986,0.6089542039713705,3.2775685137756643
38.882381439208984,11.702469416279339,15.0,0.2251935027888976,0.5804019940129364,3.297530583720661
38.90249300003052,11.683628414111569,15.0,0.25272431824123487,0.5579072662672842,3.3163715858884313
38.92250442504883,11.666062636287336,15.0,0.24986292462563142,0.5875930336347663,3.333937363712664
38.94249773025513,11.647529200453745,15.0,0.22402108873939142,0.5467114483049953,3.3524707995462553
38.96239447593689,11.628812095041138,15.0,0.2540236585191451,0.5672679186842287,3.3711879049588624
38.98243832588196,11.60814435557473,15.0,0.2448041173047386,0.5635747215288573,3.39185564442527
39.002540588378906,11.586666439956113,15.0,0.24629011802608147,0.570817259098112,3.4133335600438865
39.02243661880493,11.562875491941504,15.0,0.25429656222695485,0.5974959497849339,3.4371245080584956
39.04179334640503,11.535788616725473,15.0,0.20698757708305493,0.5817589507947558,3.4642113832745274
39.06229496002197,11.50712632671175,15.0,0.2566038878285326,0.5336199560711974,3.4928736732882495
39.08248209953308,11.482240994738822,15.0,0.2551415855414234,0.5810583019207114,3.517759005261178
39.102484464645386,11.456519095454908,15.0,0.2563575427629985,0.5804378272310713,3.543480904545092
39.122435569763184,11.430894030815486,15.0,0.23352489579701796,0.5718595258236745,3.5691059691845144
39.142470836639404,11.406011571480686,15.0,0.187237169186119,0.5788893358127096,3.5939884285193138
39.16249871253967,11.38230068582615,15.0,0.136967166850809,0.6488893358127097,3.6176993141738496
39.1825852394104,11.360028450188658,15.0,0.16510777693474665,0.5788893358127096,3.6399715498113423
39.2024929523468,11.341658803179511,15.0,0.1509581558057107,0.5832154833056846,3.658341196820489
39.22245740890503,11.326483947933616,15.0,0.20721966546261683,0.6003801513739744,3.6735160520663843
39.24249219894409,11.316244412290274,15.0,0.21498586662346497,0.62365396211826,3.683755587709726
39.26247310638428,11.312019062992,15.0,0.22556693997466937,0.6599706139691988,3.6879809370079997
39.28244614601135,11.31208240843298,15.0,0.22250081674428657,0.7,3.68791759156702
39.30237793922424,11.312137406562123,15.0,0.24064436071785167,0.6970747034531086,3.6878625934378775
39.32254886627197,11.315170678606037,15.0,0.21626454108627513,0.6520206328015774,3.6848293213939627
39.34241700172424,11.320192659848894,15.0,0.22440132015617564,0.6147176470141857,3.6798073401511058
39.362529039382935,11.326463605790188,15.0,0.2629662592080422,0.6336052655708044,3.673536394209812
39.38256549835205,11.33343678804845,15.0,0.24960047454806045,0.6087590358685702,3.6665632119515497
39.40250563621521,11.340713952428617,15.0,0.26295990851940587,0.594287904491648,3.659286047571383
39.422380208969116,11.3480104679461,15.0,0.1964884510380216,0.5881628450471907,3.6519895320539
39.44250249862671,11.355128125493504,15.0,0.23952531052054837,0.5914844158571213,3.644871874506496
39.46249461174011,11.361933966687575,15.0,0.21156232041539624,0.6259015384595841,3.638066033312425
39.482619762420654,11.36602751104068,15.0,0.2269977999967523,0.633237966382876,3.6339724889593192
39.50249528884888,11.368129262174824,15.0,0.22637451870832592,0.6587746376637369,3.631870737825176
39.52246594429016,11.369954056169743,15.0,0.2401233637938276,0.6903522583190351,3.6300459438302575
39.54261493682861,11.370376494036234,15.0,0.26284242479596287,0.6599827418569475,3.6296235059637656
39.56247591972351,11.369813749481995,15.0,0.22219020558986813,0.694482327485457,3.6301862505180047
39.58248829841614,11.368581547576232,15.0,0.20315175189170986,0.7,3.631418452423768
39.60247015953064,11.366916828249062,15.0,0.20554540015291423,0.6879681672900915,3.633083171750938
39.62249732017517,11.36499556428853,15.0,0.19642450928222388,0.7,3.635004435711471
39.64253807067871,11.362946744155087,15.0,0.21986572712194175,0.7,3.637053255844913
39.66248345375061,11.360863322437806,15.0,0.24903813272248954,0.6921398162841796,3.6391366775621936
39.68244457244873,11.356494427411574,15.0,0.2485371858929284,0.7,3.643505572588426
39.702502965927124,11.350653229127404,15.0,0.20946447114693,0.6973672160413116,3.6493467708725955
39.72244429588318,11.346259690065004,15.0,0.20551292115123942,0.7,3.653740309934996
39.74248027801514,11.34244510727865,15.0,0.1914389550802298,0.6923937227576971,3.6575548927213504
39.76276421546936,11.339675539849248,15.0,0.20265724771888927,0.7,3.6603244601507523
39.78254246711731,11.335388463201776,15.0,0.21642251667799428,0.7,3.6646115367982244
39.80255079269409,11.332476687890452,15.0,0.2121831153635867,0.680189261958003,3.667523312109548
39.82293105125427,11.330596909494629,15.0,0.22276402759598568,0.7,3.669403090505371
39.84256362915039,11.32948347731485,15.0,0.1953497504000552,0.7,3.6705165226851495
39.862642765045166,11.331248026686447,15.0,0.20016417960869148,0.6803827926516532,3.6687519733135527
39.88244414329529,11.341914105448305,15.0,0.21987879584776238,0.6609145205467939,3.6580858945516948
39.90249681472778,11.360798256988511,15.0,0.221014799491968,0.682821324840188,3.6392017430114887
39.9225971698761,11.384892831203995,15.0,0.23224929900607094,0.7,3.615107168796005
39.94243240356445,11.411971453071963,15.0,0.1936674061580561,0.699821880730451,3.5880285469280366
39.962555170059204,11.43548180392778,15.0,0.18278190767159685,0.7,3.5645181960722194
39.98272919654846,11.467770412937348,15.0,0.17500600119819865,0.7,3.532229587062652
40.0024049282074,11.502988917281662,14.999999913085901,0.12407028203597292,0.7,3.4970109958042386
40.02203941345215,11.541630637716562,14.999997659190441,0.12756124552106485,0.7,3.4583670214738795
40.042426347732544,11.581631658601758,14.999989190063413,0.10057671967661008,0.7,3.4183575314616554
40.0623996257782,11.621522600315762,14.99997041191942,0.09471129946177825,0.7,3.3784478116036585
40.08241081237793,11.660285761661497,14.999937272430234,0.15884469769662246,0.7,3.3396515107687375
40.10240602493286,11.704193034093265,14.999885760585332,0.18236718460684642,0.7,3.2956927264920672
40.12222337722778,11.76673057047824,14.999811906552429,0.18447778903646395,0.7,3.2330813360741892
40.14153170585632,11.856774589978945,14.999711781537997,0.2190681525389664,0.7,3.142937191559051
40.1624436378479,11.972816365980792,14.999581497647812,0.23651153937680647,0.7,3.0267651316670197
40.18189549446106,12.073566798592829,14.999417207747477,0.26142186642391607,0.7,2.9258504091546484
40.20251226425171,12.191331503937969,14.999215105322952,0.27071032085223123,0.7,2.807883601384983
40.22250843048096,12.317810313770869,14.998971424341084,0.2553743689204566,0.6892095942050218,2.6811611105702156
40.24256420135498,12.447008434406385,14.998682439110144,0.20035585825098678,0.6547741767019033,2.5516740047037594
40.2626268863678,12.574690332351787,14.998344464140356,0.21198624063981697,0.6628937980160117,2.4236541317885685
40.28247427940369,12.69332135267332,14.997953854004422,0.20338055182946846,0.7,2.304632501331101
40.30258321762085,12.800222954547438,14.99750700319806,0.2047015405842103,0.7,2.197284048650621
40.32253050804138,12.893843803527645,14.997000346000528,0.17720593471312895,0.6937278106808662,2.103156542472883
40.34247922897339,12.975772733990512,14.996430356335166,0.1664860225864686,0.7,2.020657622344654
40.36248064041138,13.047421458462878,14.995793547629916,0.18550917838001624,0.7,1.9483720891670373
40.38252115249634,13.110041458568256,14.995086472677857,0.1970510432147421,0.7,1.8850450141096005
40.402547121047974,13.164409741424267,14.994305723497739,0.21202124614501372,0.7,1.829895982073472
40.42258334159851,13.211943871279765,14.993447931194508,0.20086918451124802,0.7,1.7815040599147434
40.442543745040894,13.253478375297659,14.992509765819841,0.22887380846077576,0.7,1.7390313905221824
40.462589502334595,13.292067367295102,14.991487936232677,0.17858941532904282,0.7,1.6994205689375743
40.48249435424805,13.327593455517325,14.990379189959745,0.16964571975404397,0.7,1.6627857344424193
40.50251364707947,13.360055824452997,14.9891803130561,0.1288947319262661,0.7,1.629124488603102
40.522449254989624,13.389534651660211,14.987888129965645,0.12118201242992654,0.6911062084138393,1.5983534783054338
40.541640758514404,13.416164257826615,14.986499503381676,0.16667155089089647,0.6699502773582935,1.5703352455550608
40.562466621398926,13.442429378474497,14.985011334107398,0.18287372501799837,0.6824515068903565,1.542581955632901
40.582513093948364,13.467749120151822,14.983420560916466,0.25047676177928224,0.7,1.5156714407646437
40.602558851242065,13.494061269084305,14.981724160413512,0.24342274718219414,0.6917632369324564,1.4876628913292063
40.62260055541992,13.516906148568552,14.979919146894675,0.25613281183177605,0.7,1.463012998326123
40.642457723617554,13.542520126490023,14.978002572208137,0.20661388017470017,0.7,1.4354824457181135
40.662476539611816,13.56938241231398,14.975971525614648,0.19442022551083937,0.7,1.4065891133006687
40.68254232406616,13.59640379568236,14.97382313364806,0.21337597962701693,0.7,1.3774193379656996
40.702508211135864,13.620507191318747,14.971554559975857,0.23304307978833094,0.6948077383451163,1.3510473686571096
40.722376346588135,13.641948567364999,14.96916300525969,0.23073338979156688,0.6944662640045862,1.3272144378946908
40.74232721328735,13.658659523441186,14.966645707015896,0.20117432140978053,0.7,1.3079861835747106
40.7615749835968,13.671644406932302,14.96399993947605,0.20980553404660895,0.7,1.2923555325437484
40.78242015838623,13.679382670034794,14.961223013447471,0.2023998576332815,0.7,1.2818403434126768
40.802359104156494,13.683272792216163,14.958312276173771,0.19668464391725138,0.6643730595707893,1.2750394839576078
40.82237529754639,13.684387547284404,14.955265111195382,0.15361931204097345,0.6175431318581104,1.2708775639109788
40.842294692993164,13.6853554060957,14.95207893821008,0.1306719037820585,0.5926639147102832,1.26672353211438
40.86229133605957,13.684385527162947,14.948751212933528,0.14610120124416426,0.6042252879589796,1.2643656857705814
40.882320165634155,13.682095294580682,14.945279426959791,0.1162823925842531,0.5522371482104063,1.2631841323791093
40.90234017372131,13.678948329035814,14.941661107621885,0.12720700568752363,0.5554586211685091,1.2627127785860708
40.92233228683472,13.67528923148829,14.937893817852293,0.12463795352960005,0.5571455377386882,1.262604586364004
40.94158148765564,13.67368720028799,14.933975156043505,0.09345337707782164,0.5750527921365574,1.2602879557555156
40.96227288246155,13.675872536551573,14.929902755908547,0.10355727054411545,0.5814498997526243,1.2540302193569737
40.982367515563965,13.685263605981,14.925674286341504,0.09023669973248616,0.6039590816246345,1.2404106803605046
41.00229454040527,13.699412135977894,14.921287451278067,0.08355738647514954,0.5708986799465492,1.2218753153001725
41.02232885360718,13.718808570036783,14.91673998955605,0.08156632754253224,0.5508699118392542,1.197931419519266
41.042351722717285,13.743655252654515,14.912029674775924,0.08503161772387102,0.5570717639522627,1.1683744221214099
41.06228160858154,13.76522777686916,14.907154315161355,0.08100597449811175,0.5722289755241945,1.1419265382921946
41.08235836029053,13.79267890393183,14.902111753419724,0.10655284934910014,0.5505950040416792,1.1094328494878951
41.10236120223999,13.825806070005806,14.896899866602668,0.11846909002633765,0.5617371517466381,1.0710937965968625
41.1217782497406,13.878217075315131,14.891516565966606,0.11818113390472718,0.5503123485716059,1.013299490651475
41.142308473587036,13.963488104156355,14.885959796833268,0.134341918193968,0.533636883762665,0.922471692676913
41.16158938407898,14.080917493621962,14.88022753845023,0.1236816312011797,0.5096060344250872,0.7993100448282675
41.182374000549316,14.217588611793019,14.874317803851445,0.12279602928902023,0.519732986507006,0.6567291920584264
41.20231604576111,14.364022705266342,14.868228639717769,0.12540552110294811,0.5154155380325391,0.5042059344514271
41.222792863845825,14.513378715298115,14.861958126237496,0.14501319170813076,0.5598540379898622,0.34857941093938116
41.242335081100464,14.660827969598351,14.855504376966895,0.12969820012222044,0.5191092676715925,0.19467640736854364
41.262484550476074,14.805383167344711,14.848865538690724,0.16803132925997488,0.49903243028093125,0.04348237134601263
41.281588077545166,14.930889680697561,14.842039791282778,0.2108135353482794,0.5032954122172668,-0.08884988941478333
41.30241870880127,15.053086432407687,14.835025347566411,0.18297063556383364,0.4734922386007383,-0.21806108484127584
41.32238578796387,15.169763806060628,14.82782045317507,0.1566255986399483,0.49818047315347935,-0.34194335288555777
41.34222412109375,15.277216159886354,14.820423386412825,0.12043231722782366,0.46893930614460255,-0.45679277347352887
41.36238098144531,15.375429100151063,14.8128324581149,0.1707554571039509,0.4451935253338888,-0.5625966420361639
41.382275104522705,15.462319784927644,14.8050460115082,0.1545700970746111,0.4695549904601648,-0.657273773419444
41.40239143371582,15.539056257909857,14.797062422071855,0.17981852774391882,0.4993934872793033,-0.7419938358380023
41.42251920700073,15.604401084471773,14.788880097397735,0.15612936016987078,0.5119003969477489,-0.8155209870740379
41.44148898124695,15.657794992376173,14.78049747705099,0.1449928907386493,0.48976647474337365,-0.8772975153251839
41.46146321296692,15.69916448726638,14.771913032430575,0.11686852664570324,0.5202227178262546,-0.9272514548358046
41.4814772605896,15.731091771612542,14.763125266629794,0.152845677890582,0.5039813070790842,-0.9679665049827477
41.50240182876587,15.758811855024156,14.754132714296814,0.13542432987014763,0.5356188825564459,-1.004679140727342
41.52146625518799,15.782002873388913,14.744933941495205,0.14181054799701087,0.5474493018584325,-1.0370689318937085
41.542370080947876,15.799120546919417,14.735527545564471,0.150317558523966,0.5682624428765848,-1.0635930013549455
41.56233239173889,15.811568659546685,14.725912154980579,0.17732976513798349,0.5783550170483067,-1.0856565045661064
41.582355260849,15.820445317891586,14.716086429216492,0.1792059087601956,0.5083550170483067,-1.104358888675094
41.60238170623779,15.826607370615678,14.706049058602698,0.18635649685165845,0.5174814874725415,-1.1205583120129798
41.621439933776855,15.830721511169171,14.695798764187739,0.2126127507945057,0.5007069560186936,-1.1349227469814327
41.64148664474487,15.833304784279719,14.685334297598748,0.2615013819595333,0.5000839376542716,-1.1479704866809701
41.662296295166016,15.83244031685864,14.674654440901975,0.2665023145673331,0.5230222450289874,-1.157785875956666
41.68233609199524,15.82920389930096,14.66375800646332,0.2711974418198224,0.5334797709900885,-1.1654458928376403
41.70146894454956,15.824405267050276,14.65264383680886,0.2823584339057561,0.5132793713081627,-1.1717614302414159
41.722283601760864,15.820238972015332,14.64131080448539,0.29135123439482413,0.4700635377038269,-1.1789281675299428
41.74228048324585,15.812714386693322,14.62975781192094,0.3115360865776893,0.4418693765718489,-1.1829565747723816
41.76220655441284,15.798422812154966,14.617983791285319,0.27982350983074866,0.4866923525650053,-1.1804390208696471
41.782357931137085,15.772858628047072,14.605987704350637,0.2846587359381374,0.4815433382708578,-1.1668709236964343
41.802284717559814,15.71697497050844,14.59376854235184,0.3016595359367784,0.5080568216461687,-1.1232064281565997
41.8223614692688,15.602126890655969,14.58132532584724,0.3329708728415426,0.5178945785108953,-1.0208015648087283
41.84224987030029,15.405339472638438,14.568657104579046,0.32879742034128867,0.5001735066715627,-0.8366823680593924
41.86237668991089,15.124396032612937,14.555762957333897,0.3155539891158696,0.47696109616197635,-0.5686330752790401
41.88148045539856,14.778505613066166,14.542641991803386,0.28032700702897273,0.5183724326733499,-0.23586362126278004
41.90149164199829,14.394303850057737,14.529293344444602,0.23377548888674937,0.5857314778212457,0.1349894943868648
41.92142605781555,13.98435198213545,14.51571618034065,0.2227149865066167,0.6137963266763835,0.5313641982051998
41.94145965576172,13.628421303837099,14.501909693061192,0.23597769610933028,0.6049178106430917,0.873488389224093
41.961490869522095,13.244392642578541,14.487873104522967,0.21380636826506816,0.61868979816325,1.2434804619444257
41.98220658302307,12.846336010773681,14.47360566485033,0.20650480859330855,0.6170598664274438,1.627269654076649
42.00146842002869,12.449026565465998,14.459106652235784,0.1385025697236415,0.5598358386149629,2.0100800867697863
42.022212743759155,12.062707149492994,14.444375372800502,0.14538400233141147,0.5343582485755904,2.381668223307509
42.041444301605225,11.696518948014297,14.42941116045487,0.16412337109795772,0.5194707796862348,2.7328922124405732
42.061447620391846,11.356280693283601,14.414213376759005,0.14281262629083358,0.4991302960505708,3.0579326834754035
42.082287549972534,11.04766640281706,14.398781410783299,0.10495877810171805,0.5122897638892754,3.3511150079662393
42.10229229927063,10.773783691893959,14.383114678968937,0.09997422233573161,0.5376016921317204,3.609330987074978
42.121450901031494,10.55209013875583,14.36721262498844,0.14755798489204608,0.5202686781948431,3.8151224862326103
42.141440629959106,10.393335995807897,14.351074719606187,0.1706202550267335,0.5056465710466727,3.9577387237982897
42.16142201423645,10.255501595714756,14.33470046053895,0.17952086016885005,0.4663529167836531,4.079198864824194
42.18146061897278,10.179025375057073,14.318089372316429,0.17423883624724112,0.5101264784997328,4.139063997259356
42.20147728919983,10.163397304006557,14.30124100614177,0.16423212163499556,0.4842845066403969,4.137843702135214
42.22148370742798,10.202026783141775,14.28415493975211,0.13998174466541968,0.5116677354043349,4.0821281566103345
42.24146342277527,10.279640766808471,14.266830777279102,0.14943028506240807,0.5171968257008119,3.9871900104706306
42.262211561203,10.382287115906248,14.249268149109444,0.11153180044493638,0.5114318169606848,3.8669810332031958
42.28142738342285,10.499615222398079,14.231466711745412,0.11815184014267288,0.46704838796984394,3.731851489347333
42.30221366882324,10.624048820398615,14.213426147665395,0.1656790155393537,0.4505617804778739,3.5893773272667797
42.322243452072144,10.752454667539876,14.195146165184417,0.12634472208446823,0.41046470030676563,3.4426914976445406
42.34236431121826,10.880235438718135,14.176626498314675,0.11489702700055204,0.47415437176357944,3.296391059596541
42.36246109008789,11.006530743803875,14.15786690662607,0.13785183927393518,0.5248756632162257,3.1513361628221954
42.382216691970825,11.116183552151575,14.138867175106734,0.14553958908072673,0.5169659322081133,3.0226836229551584
42.40229940414429,11.223669141648802,14.119627114023563,0.17628725789836608,0.507526935073547,2.8959579723747613
42.422276973724365,11.329133000148357,14.100146558782749,0.17834847173071466,0.5352452350733801,2.771013558634392
42.44226145744324,11.430413115086361,14.080425369790305,0.18662973897880875,0.48592743929009874,2.6500122547039435
42.46144723892212,11.528434405058633,14.06046343231261,0.14716781335300766,0.4969205493060871,2.5320290272539765
42.48148322105408,11.62160883831811,14.04026065633692,0.14927712836652063,0.48446013312321146,2.4186518180188106
42.50143551826477,11.708961137492777,14.019816976431919,0.14163788603036664,0.4713520985050126,2.3108558389391423
42.52238631248474,11.78996733573636,13.999132351608235,0.14934139381512068,0.47166636565350917,2.209165015871875
42.542279958724976,11.864430746749921,13.978206765178978,0.10485909561975859,0.4144663957657757,2.113776018429057
42.561476707458496,11.934703538626835,13.957040224620272,0.09178329500718974,0.40590647773467925,2.0223366859934373
42.58235692977905,12.00021357651897,13.935632761431776,0.06961094457074068,0.389172918886179,1.9354191849128064
42.601441860198975,12.057091063967615,13.913984430997234,0.046837272675475106,0.3787967001798096,1.8568933670296186
42.62163758277893,12.112387823473918,13.892095312444985,0.036660342098912224,0.3611377829464617,1.7797074889710665
42.64156365394592,12.162812951988185,13.869965508508507,0.03706521989079192,0.3459302995132747,1.707152556520322
42.66152739524841,12.210841740157163,13.847595145386943,0.016481739294249564,0.3412308229843619,1.636753405229781
42.682387351989746,12.25594028362124,13.824984372605636,0.02701819670619443,0.3269616833666804,1.5690440889843966
42.70145773887634,12.300131317235463,13.802133362876654,0.009878657583612949,0.33147409071796563,1.5020020456411913
42.722325801849365,12.342527362276575,13.779042311959326,0.010619646694976836,0.3590962707775178,1.436514949682751
42.74237370491028,12.384875648213116,13.755711438520773,0.051184291776735336,0.38934928996139195,1.3708357903076571
42.761438846588135,12.426074677033839,13.732140983996432,0.0,0.37306803350918916,1.3060663069625935
42.782389640808105,12.46770600641533,13.708331212450597,0.0,0.33237453808658746,1.2406252060352667
42.80147361755371,12.510856762125359,13.684282410436943,0.0,0.36049841602914956,1.173425648311584
42.82155680656433,12.548321349923915,13.659994886859058,0.0,0.3565386913495603,1.1116735369351431
42.841503381729126,12.595718752017762,13.635468972830976,0.005366530269384384,0.3101611032860818,1.0397502208132146
42.862388372421265,12.667296923662663,13.61070502153771,0.007475053891539574,0.29640998763614324,0.9434080978750465
42.88150644302368,12.77463128214679,13.585703408095773,0.04981950856745243,0.26716661898070004,0.8110721259489821
42.90231537818909,12.922503187139885,13.560464529413721,0.062455576844513416,0.24396139083080914,0.6379613422738366
42.92231106758118,13.106216270489382,13.53498880405268,0.05990387126803398,0.2383310932444873,0.4287725335632988
42.94144916534424,13.31229854402371,13.509276672086871,0.015055432915687561,0.2312512581946793,0.1969781280631615
42.96229887008667,13.528486742758545,13.48332859496415,0.013317700359039009,0.2215857196378055,-0.045158147794396086
42.98230504989624,13.745996702304579,13.45714505536653,0.02421408414375037,0.273672866426641,-0.2888516469380491
43.00239181518555,13.958692279161527,13.43072655707072,0.06176399334799498,0.22555136566632417,-0.5279657220908067
43.022406339645386,14.162438310713563,13.404073624808653,0.07830338820349425,0.2653400923835578,-0.75836468590491
43.04236698150635,14.33933581719025,13.377186804128016,0.09007399517577142,0.2531728621351066,-0.9621490130622341
43.06232190132141,14.508185389800232,13.350066661252779,0.07783795974683017,0.24089321100735095,-1.1581187285474535
43.0823757648468,14.666995012537805,13.322713782943731,0.0842416788218543,0.24232816349365738,-1.344281229594074
43.10145425796509,14.814645671891403,13.295128776359011,0.05964016716461629,0.22222063529887226,-1.5195168955323926
43.1223566532135,14.95065421627505,13.267312268914628,0.06107909046113491,0.19382097597816017,-1.6833419473604216
43.14229726791382,15.07267553667381,13.239264908145008,0.05328175472095609,0.20010172042646435,-1.8334106285288012
43.16239929199219,15.177133049989429,13.210987361563516,0.08357829274609685,0.21973079282441166,-1.9661456884259128
43.18146896362305,15.252740031546603,13.182480316522986,0.04137161420658231,0.2113415322045329,-2.0702597150236173
43.20235514640808,15.285468251770707,13.153744480076256,0.0,0.19155658807256248,-2.1317237716944515
43.222349882125854,15.269020390285776,13.124780578836695,0.006070140283554792,0.20676895256736305,-2.144239811449081
43.242400884628296,15.207267526290213,13.095589358838737,0.05967293633148074,0.20776904830825504,-2.111678167451476
43.26231861114502,15.153652113143776,13.066171585398415,0.0362526043318212,0.24007873321068463,-2.0874805277453614
43.2814826965332,15.06217486975467,13.036528042973881,0.0,0.24385817083646533,-2.0256468267807897
43.30236601829529,14.94217771708791,13.006659535025952,0.026809219270944595,0.23478693156619546,-1.9355181820619585
43.32235383987427,14.800901009756391,12.976566883878624,0.0684216320514679,0.1950490774132776,-1.8243341258777672
43.34236288070679,14.648567272914791,12.94625093057962,0.0816088579595089,0.2066557986207771,-1.7023163423351715
43.36233067512512,14.492568279267315,12.915712534760907,0.049455273896455765,0.2055528573936316,-1.5768557445064086
43.38147258758545,14.338134806893853,12.884952574499236,0.010647900402545929,0.2364359535521361,-1.4531822323946173
43.40147876739502,14.188858792709201,12.85397194617667,0.050624433904886246,0.2207587156689259,-1.3348868465325303
43.42145752906799,14.047099201519478,12.822771564341116,0.06610016897320747,0.25046653116703954,-1.2243276371783622
43.441476583480835,13.914296429572742,12.791352361566847,0.037921955808997154,0.24314091031090346,-1.1229440680058946
43.462295055389404,13.791214891887536,12.75971528831505,0.03762854414526373,0.22885034375474778,-1.0314996035724864
43.482539653778076,13.684352358448358,12.72786131279434,0.044387095724232495,0.21045188934192982,-0.9564910456540172
43.50243043899536,13.585348554214207,12.695791420821308,0.0,0.22250203930423584,-0.8895571333928984
43.52244591712952,13.494412504193189,12.663506615681033,0.0,0.24154169068322506,-0.8309058885121559
43.542447090148926,13.411476768259117,12.631007917987628,0.007182412780821323,0.23921590976067808,-0.7804688502714896
43.56240653991699,13.336283656392688,12.598296365544762,0.03372474666684866,0.24702531916671422,-0.7379872908479257
43.58247399330139,13.268450126116086,12.565373013206196,0.048354958184063435,0.2366488741489592,-0.7030771129098898
43.60239338874817,13.207516162631382,12.532238932736316,0.05396536644548178,0.22973107572295692,-0.675277229895066
43.621480226516724,13.152980411314967,12.498895212670657,0.0333449924364686,0.21453492462285784,-0.6540851986443101
43.64145493507385,13.104326016857382,12.46534295817643,0.05924044828861952,0.18995960175641802,-0.6389830586809513
43.66235113143921,13.061038979142964,12.431583290913075,0.10396031197160482,0.25329855948337343,-0.6294556882298892
43.68234324455261,13.022620827636226,12.397617348892767,0.07811375427991152,0.23456168293603685,-0.6250034787434586
43.701435565948486,12.98926520763609,12.363446286340958,0.021301300264894962,0.2012424033845308,-0.6258189212951315
43.72143769264221,12.95963681458853,12.329071273556913,0.008816005662083626,0.24992698549875048,-0.6305655410316167
43.74242186546326,12.933378133572624,12.294493496774226,0.0,0.2823549520934465,-0.638884636798398
43.76222848892212,12.910152033320077,12.259714158021369,0.03215896338224411,0.2701420628244522,-0.6504378752987083
43.782259702682495,12.88964442570746,12.22473447498221,0.06172379478812218,0.2659517622331622,-0.6649099507252494
43.80240797996521,12.87156550568781,12.189555680856543,0.08952886052429676,0.30095792028703716,-0.6820098248312672
43.822176456451416,12.855649972544972,12.154179024220634,0.12467439658939838,0.27571364331641224,-0.7014709483243387
43.84235906600952,12.84165653776348,12.118605768887734,0.07863044925034046,0.3161984405259135,-0.7230507688757459
43.862263917922974,12.829366950365614,12.082837193768622,0.0884100804105401,0.2515920049289706,-0.746529756596992
43.881471395492554,12.818584712777746,12.046874592732129,0.080164167098701,0.304697675887728,-0.7717101200456167
43.90235114097595,12.809133615587578,12.010719274465673,0.03653888311237097,0.2988340186665299,-0.7984143411219051
43.9223358631134,12.800927931709106,11.97437256233579,0.016037889756262302,0.27281896050670174,-0.8265553693733168
43.94229698181152,12.798364497046848,11.93783579424866,0.04678544867783785,0.260596811097348,-0.860528702798188
43.961485385894775,12.809053009627776,11.901110322510647,0.03263825364410877,0.2981262014026287,-0.9079426871171297
43.98222541809082,12.83792976307969,11.864197513688818,0.039044920820742846,0.29376224128180173,-0.9737322493908707
44.00233745574951,12.880995016920096,11.827098748471485,0.020482391584664583,0.274640691258246,-1.0538962684486108
44.02235555648804,12.932780345200424,11.789815421528733,0.015990992076694965,0.22407983315759328,-1.1429649236716912
44.04233956336975,12.989257669665973,11.752348941372945,0.0009336238726973534,0.1979115891980472,-1.2369087282930273
44.06242084503174,13.047505508949817,11.714700730219342,0.0,0.21880417761974957,-1.332804778730475
44.08228635787964,13.105447997552632,11.6768722238465,0.0,0.21173680087202218,-1.4285757737061324
44.10237455368042,13.161651327418484,11.638864871456903,0.0,0.17710627128952172,-1.5227864559615814
44.12242007255554,13.215165438882291,11.600680135537452,0.00042384699918329716,0.18976924454444077,-1.6144853033448392
44.1422963142395,13.261627756735315,11.56231949172001,0.008279192494228482,0.1270160887169185,-1.699308265015306
44.16221261024475,13.305741083762713,11.523784428641926,0.006092260358855128,0.17742854615324166,-1.781956655120787
44.18238401412964,13.347060245697103,11.48507644780657,0.0017760370392352343,0.15794544180505898,-1.8619837978905327
44.20226764678955,13.385349673130822,11.446197063443858,0.0008712289854884148,0.14221800749772218,-1.939152609686964
44.221510887145996,13.420525592495467,11.407147802370794,0.008625558577477932,0.1515322036819997,-2.0133777901246734
44.24237084388733,13.447979176316357,11.367930203851985,0.004857043270021677,0.18269652945571568,-2.080048972464372
44.26232385635376,13.460080048412017,11.328545819460192,0.0,0.176907551732147,-2.131534228951825
44.28231072425842,13.442667525601417,11.288996212936839,0.015599383972585201,0.16132341723539856,-2.153671312664578
44.30239677429199,13.37973465267752,11.249282960052561,0.013474509585648775,0.19412830870249298,-2.130451692624959
44.32224941253662,13.263679343965348,11.209407648467728,0.022665653843432665,0.21301019403734234,-2.0542716954976203
44.34256887435913,13.099886768054084,11.169371877592974,0.0,0.17649315882124927,-1.9305148904611098
44.36147499084473,12.957677871824878,11.129177258449737,0.0,0.19099643945344713,-1.828500613375141
44.38243341445923,12.779151466101133,11.088825413530778,0.0,0.19424189373501566,-1.6903260525703558
44.40254878997803,12.580104673654587,11.04831797666072,0.0,0.2168851208651903,-1.5317866969938674
44.42246413230896,12.37205067934527,11.007656592856575,0.028052354231476784,0.19354888543137339,-1.3643940864886943
44.44246172904968,12.163223699854168,10.966842918188277,0.0328618879429996,0.18622406644397405,-1.1963807816658907
44.4624707698822,11.9593634328452,10.925878619639219,0.013038476463407278,0.20736628656857636,-1.0334848132059804
44.48231530189514,11.764325662781173,10.884765374966765,0.0,0.20614236141671416,-0.8795602878144084
44.50234293937683,11.580556026103201,10.843504872562804,0.01612299494445324,0.21957552260835644,-0.7370511535403974
44.52235651016235,11.411772591635795,10.802098811314266,0.06255545653402805,0.26141774854739186,-0.6096737803215291
44.5414252281189,11.257846549351907,10.760548900463654,0.05948588438332081,0.26361269657616493,-0.497297648888253
44.561806201934814,11.120613213419853,10.71885685946959,0.0639743348583579,0.26572257503983554,-0.40175635395026355
44.58253026008606,11.001463727430194,10.67702441786732,0.0882499860599637,0.26428626049426374,-0.32443930956287304
44.60205554962158,10.89977514494929,10.635053315129271,0.10062257014214993,0.2320708962169009,-0.2647218298200187
44.62229824066162,10.822159948372121,10.59294530052556,0.07828177139163017,0.2300821488269138,-0.2292146478465611
44.64241886138916,10.77720928317113,10.550702132984544,0.07860155258094892,0.2188214819424319,-0.22650715018658651
44.6624858379364,10.776978564817963,10.50832558095334,0.08152526890626177,0.21501345667173144,-0.268652983864623
44.68248534202576,10.828662659466085,10.465817422258352,0.10840483655920252,0.2431460611068177,-0.36284523720773265
44.702561378479004,10.926625378588255,10.423179443965818,0.11259960889583454,0.24632545714383003,-0.5034459346224374
44.72370195388794,11.054150527309973,10.38041344224232,0.10682507319143042,0.24729828585521307,-0.6737370850676534
44.74242115020752,11.196531901115959,10.337521222215335,0.10253143723821267,0.2786586699320468,-0.8590106789006242
44.76243805885315,11.34547967207472,10.294504597833752,0.11890447180485353,0.29221856643096533,-1.0509750742409683
44.78248119354248,11.49506283127934,10.251365391728411,0.0895892460248433,0.2825800092204007,-1.2436974395509282
44.80242681503296,11.624934749140202,10.208105435072627,0.07789554208284244,0.26876585420803156,-1.4168293140675754
44.822529554367065,11.75390318532736,10.164726567442727,0.06991867761826143,0.24058991533354845,-1.5891766178846325
44.84244918823242,11.878845131395856,10.121230636678579,0.06535467313369736,0.21697977979318228,-1.7576144947172772
44.86251473426819,11.997697524532105,10.077619498744127,0.04036407166859135,0.2530725826753768,-1.9200780257879781
44.88256120681763,12.109187891210864,10.033895017587907,0.030004299187567085,0.23909649581299153,-2.0752928736229563
44.90270805358887,12.212626421655333,9.9900590650036,0.08588061010232195,0.2429698771110269,-2.2225673566517337
44.92241978645325,12.307746192786105,9.94611352049054,0.11840687593212351,0.23612730114371505,-2.361632672295565
44.94245386123657,12.394581045075155,9.902060271114268,0.10108738666167483,0.2366680273215751,-2.4925207739608872
44.962488651275635,12.473372831607753,9.857901211367047,0.12007751216879115,0.2024895803432445,-2.6154716202407062
44.98251152038574,12.544501512946143,9.81363824302839,0.17117838835110888,0.23026651827502054,-2.7308632699177533
45.00175881385803,12.608432962582363,9.791468389401661,0.14705790294101462,0.22385588506120246,-2.8169645731807016
45.02212619781494,12.66393987940395,9.791468389401661,0.14705790294101462,0.22385588506120246,-2.8724714900022885
45.042126417160034,12.713872971744744,9.791468389401661,0.14705790294101462,0.22385588506120246,-2.9224045823430824
45.06239342689514,12.753985917197019,9.791468389401661,0.14705790294101462,0.22385588506120246,-2.9625175277953577
45.08226537704468,12.772322719929566,9.791468389401661,0.14705790294101462,0.22385588506120246,-2.9808543305279045
45.10211730003357,12.756520191036516,9.791468389401661,0.14705790294101462,0.22385588506120246,-2.9650518016348553
45.12212419509888,12.698890839971591,9.791468389401661,0.14705790294101462,0.22385588506120246,-2.90742245056993
45.14194297790527,12.595197427738764,9.791468389401661,0.14705790294101462,0.22385588506120246,-2.803729038337103
45.16210651397705,12.441394516429432,9.791468389401661,0.14705790294101462,0.22385588506120246,-2.6499261270277703
45.18212890625,12.238309202670411,9.791468389401661,0.14705790294101462,0.22385588506120246,-2.44684081326875
45.202083110809326,11.987814804068925,9.791468389401661,0.14705790294101462,0.22385588506120246,-2.196346414667264
45.22205996513367,11.699410996011334,9.791468389401661,0.14705790294101462,0.22385588506120246,-1.907942606609673
45.2421977519989,11.449011446556847,9.791468389401661,0.14705790294101462,0.22385588506120246,-1.657543057155186
45.262293577194214,11.170240927935197,9.791468389401661,0.14705790294101462,0.22385588506120246,-1.3787725385335357
45.28207850456238,10.879111456893613,9.791468389401661,0.14705790294101462,0.22385588506120246,-1.0876430674919515
45.30224418640137,10.587070385706987,9.791468389401661,0.14705790294101462,0.22385588506120246,-0.7956019963053258
45.32216763496399,10.302092846308174,9.791468389401661,0.14705790294101462,0.22385588506120246,-0.5106244569065126
45.34214162826538,10.02953205059446,9.791468389401661,0.14705790294101462,0.22385588506120246,-0.23806366119279865
45.3620924949646,9.772778992799783,9.791468389401661,0.14705790294101462,0.22385588506120246,0.018689396601878627
45.382060050964355,9.533772379886821,9.791468389401661,0.14705790294101462,0.22385588506120246,0.25769600951483973
45.40201282501221,9.313391094092173,9.791468389401661,0.14705790294101462,0.22385588506120246,0.47807729530948784
45.42216682434082,9.11175472129583,9.791468389401661,0.14705790294101462,0.22385588506120246,0.6797136681058316
45.442134141922,8.92845230331857,9.791468389401661,0.14705790294101462,0.22385588506120246,0.8630160860830909
45.46212148666382,8.769304464097742,9.791468389401661,0.14705790294101462,0.22385588506120246,1.0221639253039196
45.48216104507446,8.624538989973404,9.791468389401661,0.14705790294101462,0.22385588506120246,1.1669293994282572
45.50216197967529,8.49357850380016,9.791468389401661,0.14705790294101462,0.22385588506120246,1.297889885601501
45.52209520339966,8.375658141724223,9.791468389401661,0.14705790294101462,0.22385588506120246,1.4158102476774381
45.54213356971741,8.269902973199812,9.791468389401661,0.14705790294101462,0.22385588506120246,1.5215654162018488
45.562156438827515,8.17538467621303,9.791468389401661,0.14705790294101462,0.22385588506120246,1.6160837131886314
45.582101583480835,8.091162309909414,9.791468389401661,0.14705790294101462,0.22385588506120246,1.7003060794922469
45.60218930244446,8.016310967031115,9.791468389401661,0.14705790294101462,0.22385588506120246,1.7751574223705457
45.62213969230652,7.949941252775138,9.791468389401661,0.14705790294101462,0.22385588506120246,1.8415271366265236
45.642104148864746,7.891211878500023,9.791468389401661,0.14705790294101462,0.22385588506120246,1.900256510901638
45.66210389137268,7.839337141235197,9.791468389401661,0.14705790294101462,0.22385588506120246,1.9521312481664639
45.681995153427124,7.794298169916938,9.791468389401661,0.14705790294101462,0.22385588506120246,1.9971702194847234
45.70219039916992,7.754486669049248,9.791468389401661,0.14705790294101462,0.22385588506120246,2.036981720352413
45.72201704978943,7.71935529470433,9.791468389401661,0.14705790294101462,0.22385588506120246,2.0721130946973316
45.74200654029846,7.688400528266924,9.791468389401661,0.14705790294101462,0.22385588506120246,2.103067861134737
45.76215362548828,7.661162561505599,9.791468389401661,0.14705790294101462,0.22385588506120246,2.130305827896062
45.782087087631226,7.63722406476298,9.791468389401661,0.14705790294101462,0.22385588506120246,2.1542443246386815
45.80202007293701,7.616208211846494,9.791468389401661,0.14705790294101462,0.22385588506120246,2.1752601775551668
45.82216763496399,7.597776240691639,9.791468389401661,0.14705790294101462,0.22385588506120246,2.1936921487100225
45.84223747253418,7.581624755870376,9.791468389401661,0.14705790294101462,0.22385588506120246,2.2098436335312854
45.86211895942688,7.567482922882329,9.791468389401661,0.14705790294101462,0.22385588506120246,2.2239854665193324
45.882084131240845,7.5551096612245745,9.791468389401661,0.14705790294101462,0.22385588506120246,2.2363587281770867
45.90216851234436,7.5443668795489405,9.791468389401661,0.14705790294101462,0.22385588506120246,2.2471015098527207
45.92211103439331,7.534963753262402,9.791468389401661,0.14705790294101462,0.22385588506120246,2.256504636139259
45.942105531692505,7.526738943779605,9.791468389401661,0.14705790294101462,0.22385588506120246,2.2647294456220566
45.96212673187256,7.519549334063196,9.791468389401661,0.14705790294101462,0.22385588506120246,2.271919055338465
45.98211979866028,7.513268235240686,9.791468389401661,0.14705790294101462,0.22385588506120246,2.2782001541609755
46.002124071121216,7.507783707993099,9.791468389401661,0.14705790294101462,0.22385588506120246,2.2836846814085625
