time,theta,target,p1_cmd,p2_cmd,error
48.39006304740906,7.64266171538467,4.79146838940166,0.0,0.0,-2.85119332598301
48.40981101989746,7.644590948887486,0.0,0.0,0.0,-7.644590948887486
48.43004369735718,7.645242342930604,0.0,0.0,0.0,-7.645242342930604
48.449976444244385,7.645573733163387,0.0,0.0,0.0,-7.645573733163387
48.47014927864075,7.64185714104117,0.0,0.0,0.0,-7.64185714104117
48.48998808860779,7.639325391962725,0.0,0.0,0.0,-7.639325391962725
48.510103702545166,7.63498521370498,0.0,0.0,0.0,-7.63498521370498
48.53003478050232,7.629812679674202,0.0,0.0,0.0,-7.629812679674202
48.550039768218994,7.621578582166183,0.0,0.0,0.0,-7.621578582166183
48.57000756263733,7.611729181369451,0.0,0.0,0.0,-7.611729181369451
48.59001326560974,7.601144155148777,0.0,0.0,0.0,-7.601144155148777
48.61019420623779,7.590377355869182,0.0,0.0,0.0,-7.590377355869182
48.62999677658081,7.579783547203816,0.0,0.0,0.0,-7.579783547203816
48.65010142326355,7.569589565908525,0.0,0.0,0.0,-7.569589565908525
48.67022204399109,7.559936706894535,0.0,0.0,0.0,-7.559936706894535
48.69035291671753,7.550907389687816,0.0,0.0,0.0,-7.550907389687816
48.710280656814575,7.5431408236110995,0.0,0.0,0.0,-7.5431408236110995
48.73031997680664,7.535849531165968,0.0,0.0,0.0,-7.535849531165968
48.75031328201294,7.529077708943052,0.0,0.0,0.0,-7.529077708943052
48.77028822898865,7.522842765288323,0.0,0.0,0.0,-7.522842765288323
48.790292501449585,7.517143129479232,0.0,0.0,0.0,-7.517143129479232
48.8103301525116,7.511964056955976,0.0,0.0,0.0,-7.511964056955976
48.83030724525452,7.507281966497119,0.0,0.0,0.0,-7.507281966497119
48.85028791427612,7.503067679228073,0.0,0.0,0.0,-7.503067679228073
48.87024664878845,7.499288824454585,0.0,0.0,0.0,-7.499288824454585
48.89026737213135,7.4959116081200845,0.0,0.0,0.0,-7.4959116081200845
48.91024136543274,7.492902092013861,0.0,0.0,0.0,-7.492902092013861
48.93027353286743,7.490290239335455,0.0,0.0,0.0,-7.490290239335455
48.95032286643982,7.487960143217944,0.0,0.0,0.0,-7.487960143217944
48.9701726436615,7.485887075917456,0.0,0.0,0.0,-7.485887075917456
48.990275621414185,7.484047113921885,0.0,0.0,0.0,-7.484047113921885
49.010286808013916,7.482417515031892,0.0,0.0,0.0,-7.482417515031892
49.03029465675354,7.480976951380868,0.0,0.0,0.0,-7.480976951380868
49.05027437210083,7.479705635656405,0.0,0.0,0.0,-7.479705635656405
49.07024645805359,7.478585369354826,0.0,0.0,0.0,-7.478585369354826
49.09027671813965,7.477599535265755,0.0,0.0,0.0,-7.477599535265755
49.11032319068909,7.4767330511670345,0.0,0.0,0.0,-7.4767330511670345
49.13029146194458,7.475972297617612,0.0,0.0,0.0,-7.475972297617612
49.15026044845581,7.475311804223972,0.0,0.0,0.0,-7.475311804223972
49.17023181915283,7.474731580390689,0.0,0.0,0.0,-7.474731580390689
49.19021797180176,7.474222400889872,0.0,0.0,0.0,-7.474222400889872
49.21027135848999,7.47377598604879,0.0,0.0,0.0,-7.47377598604879
49.23004484176636,7.473384931051335,0.0,0.0,0.0,-7.473384931051335
49.25024127960205,7.473042633813796,0.0,0.0,0.0,-7.473042633813796
49.27026128768921,7.472743223758833,0.0,0.0,0.0,-7.472743223758833
49.29023241996765,7.47248149308203,0.0,0.0,0.0,-7.47248149308203
49.3101921081543,7.472252831555462,0.0,0.0,0.0,-7.472252831555462
49.33023738861084,7.472053165502383,0.0,0.0,0.0,-7.472053165502383
49.350504636764526,7.471878901274776,0.0,0.0,0.0,-7.471878901274776
49.370497941970825,7.471727600748621,0.0,0.0,0.0,-7.471727600748621
49.39050769805908,7.471595510449067,0.0,0.0,0.0,-7.471595510449067
49.410499572753906,7.471480244411201,0.0,0.0,0.0,-7.471480244411201
49.43047523498535,7.47137970199277,0.0,0.0,0.0,-7.47137970199277
49.45038819313049,7.4712920360919375,0.0,0.0,0.0,-7.4712920360919375
49.47049117088318,7.471215624390378,0.0,0.0,0.0,-7.471215624390378
49.490349531173706,7.471149043455432,0.0,0.0,0.0,-7.471149043455432
49.510483503341675,7.471091045510575,0.0,0.0,0.0,-7.471091045510575
49.530452728271484,7.471040537671355,0.0,0.0,0.0,-7.471040537671355
49.55050086975098,7.470996563441006,0.0,0.0,0.0,-7.470996563441006
49.57045650482178,7.470958286263247,0.0,0.0,0.0,-7.470958286263247
49.59049344062805,7.470925053041485,0.0,0.0,0.0,-7.470925053041485
49.61028456687927,7.47089612100657,0.0,0.0,0.0,-7.47089612100657
49.6303493976593,7.470870938992435,0.0,0.0,0.0,-7.470870938992435
49.650249004364014,7.470849025338558,0.0,0.0,0.0,-7.470849025338558
49.67016005516052,7.470829959355709,0.0,0.0,0.0,-7.470829959355709
49.69015717506409,7.470813373791331,0.0,0.0,0.0,-7.470813373791331
49.710179567337036,7.470798948187836,0.0,0.0,0.0,-7.470798948187836
49.73019862174988,7.470786403036122,0.0,0.0,0.0,-7.470786403036122
49.750160932540894,7.470775494635537,0.0,0.0,0.0,-7.470775494635537
49.77019262313843,7.470766010579977,0.0,0.0,0.0,-7.470766010579977
49.790167570114136,7.470757765797866,0.0,0.0,0.0,-7.470757765797866
49.81014943122864,7.470750607467549,0.0,0.0,0.0,-7.470750607467549
49.829973459243774,7.470744384036051,0.0,0.0,0.0,-7.470744384036051
49.85016584396362,7.470738973984847,0.0,0.0,0.0,-7.470738973984847
49.87025570869446,7.470734271472997,0.0,0.0,0.0,-7.470734271472997
49.890215158462524,7.470730184338332,0.0,0.0,0.0,-7.470730184338332
49.91024088859558,7.4707266323486134,0.0,0.0,0.0,-7.4707266323486134
49.93022060394287,7.47072354567241,0.0,0.0,0.0,-7.47072354567241
49.95026135444641,7.4707208635428906,0.0,0.0,0.0,-7.4707208635428906
49.97050642967224,7.470718533090814,0.0,0.0,0.0,-7.470718533090814
49.99051761627197,7.470716508325826,0.0,0.0,0.0,-7.470716508325826
50.01047372817993,7.47071474924757,0.0,0.0,0.0,-7.47071474924757
50.030750036239624,7.470713221970915,0.0,0.0,0.0,-7.470713221970915
50.0505108833313,7.470711895049853,0.0,0.0,0.0,-7.470711895049853
50.07062530517578,7.4707107422627255,0.0,0.0,0.0,-7.4707107422627255
50.090362787246704,7.4707097408072025,0.0,0.0,0.0,-7.4707097408072025
50.11050319671631,7.470708870856903,0.0,0.0,0.0,-7.470708870856903
50.13034915924072,7.4707081151750065,0.0,0.0,0.0,-7.4707081151750065
50.15026330947876,7.470707458777621,0.0,0.0,0.0,-7.470707458777621
50.17016625404358,7.470706888640598,0.0,0.0,0.0,-7.470706888640598
50.19024157524109,7.470706393444234,0.0,0.0,0.0,-7.470706393444234
50.21037173271179,7.470705963351033,0.0,0.0,0.0,-7.470705963351033
50.230217933654785,7.470705589933135,0.0,0.0,0.0,-7.470705589933135
50.250500440597534,7.470705265601321,0.0,0.0,0.0,-7.470705265601321
50.270503282547,7.470704983911472,0.0,0.0,0.0,-7.470704983911472
50.29048752784729,7.470704739263803,0.0,0.0,0.0,-7.470704739263803
50.31048583984375,7.470704526792569,0.0,0.0,0.0,-7.470704526792569
50.330496311187744,7.470704342270116,0.0,0.0,0.0,-7.470704342270116
50.3504900932312,7.4707041820234075,0.0,0.0,0.0,-7.4707041820234075
50.37050795555115,7.47070404286144,0.0,0.0,0.0,-7.47070404286144
50.39050841331482,7.47070392201212,0.0,0.0,0.0,-7.47070392201212
50.41051936149597,7.470703817067379,0.0,0.0,0.0,-7.470703817067379
50.43025279045105,7.470703725935455,0.0,0.0,0.0,-7.470703725935455
50.45024371147156,7.470703646812391,0.0,0.0,0.0,-7.470703646812391
50.47017288208008,7.470703578102749,0.0,0.0,0.0,-7.470703578102749
50.490233182907104,7.470703518436903,0.0,0.0,0.0,-7.470703518436903
50.510014295578,7.470703466625187,0.0,0.0,0.0,-7.470703466625187
50.53031039237976,7.470703421634286,0.0,0.0,0.0,-7.470703421634286
50.550984144210815,7.4707033825667235,0.0,0.0,0.0,-7.4707033825667235
50.57042074203491,7.470703348643014,0.0,0.0,0.0,-7.470703348643014
50.59042310714722,7.470703319186184,0.0,0.0,0.0,-7.470703319186184
50.610268115997314,7.470703293608288,0.0,0.0,0.0,-7.470703293608288
50.63036775588989,7.47070327139873,0.0,0.0,0.0,-7.47070327139873
50.65048575401306,7.470703252114082,0.0,0.0,0.0,-7.470703252114082
50.670387983322144,7.470703235369265,0.0,0.0,0.0,-7.470703235369265
50.690370082855225,7.470703220830988,0.0,0.0,0.0,-7.470703220830988
50.710509300231934,7.470703208207369,0.0,0.0,0.0,-7.470703208207369
50.730510234832764,7.47070319724633,0.0,0.0,0.0,-7.47070319724633
50.75040125846863,7.4707031877289625,0.0,0.0,0.0,-7.4707031877289625
50.77036428451538,7.47070317946517,0.0,0.0,0.0,-7.47070317946517
50.79039144515991,7.470703172289879,0.0,0.0,0.0,-7.470703172289879
50.810325145721436,7.470703166059741,0.0,0.0,0.0,-7.470703166059741
50.83027958869934,7.4707031606502845,0.0,0.0,0.0,-7.4707031606502845
50.85036325454712,7.470703155953422,0.0,0.0,0.0,-7.470703155953422
50.870672941207886,7.470703151875299,0.0,0.0,0.0,-7.470703151875299
50.89038920402527,7.47070314833442,0.0,0.0,0.0,-7.47070314833442
50.91035079956055,7.4707031452601385,0.0,0.0,0.0,-7.4707031452601385
50.93050265312195,7.470703142590848,0.0,0.0,0.0,-7.470703142590848
50.95047044754028,7.470703140273207,0.0,0.0,0.0,-7.470703140273207
50.97039341926575,7.470703138260895,0.0,0.0,0.0,-7.470703138260895
50.99056529998779,7.470703136513692,0.0,0.0,0.0,-7.470703136513692
51.01031732559204,7.470703134996677,0.0,0.0,0.0,-7.470703134996677
51.030296325683594,7.470703133679527,0.0,0.0,0.0,-7.470703133679527
51.05020999908447,7.470703132535912,0.0,0.0,0.0,-7.470703132535912
51.07024621963501,7.470703131542972,0.0,0.0,0.0,-7.470703131542972
51.090245723724365,7.470703130680856,0.0,0.0,0.0,-7.470703130680856
51.11022448539734,7.470703129932328,0.0,0.0,0.0,-7.470703129932328
51.13035798072815,7.4707031292824375,0.0,0.0,0.0,-7.4707031292824375
51.15033936500549,7.470703128718173,0.0,0.0,0.0,-7.470703128718173
51.17022252082825,7.470703128228255,0.0,0.0,0.0,-7.470703128228255
51.19016456604004,7.470703127802886,0.0,0.0,0.0,-7.470703127802886
51.21019530296326,7.470703127433564,0.0,0.0,0.0,-7.470703127433564
51.2301766872406,7.470703127112903,0.0,0.0,0.0,-7.470703127112903
51.25018119812012,7.4707031268344934,0.0,0.0,0.0,-7.4707031268344934
51.27017021179199,7.470703126592768,0.0,0.0,0.0,-7.470703126592768
51.29017686843872,7.470703126382893,0.0,0.0,0.0,-7.470703126382893
51.31051254272461,7.4707031262006725,0.0,0.0,0.0,-7.4707031262006725
51.330886363983154,7.470703126042463,0.0,0.0,0.0,-7.470703126042463
51.35051345825195,7.4707031259051,0.0,0.0,0.0,-7.4707031259051
51.37051558494568,7.470703125785837,0.0,0.0,0.0,-7.470703125785837
51.39047455787659,7.47070312568229,0.0,0.0,0.0,-7.47070312568229
0.019586801528930664,7.470703125592385,-5.794273237884035e-08,0.0,0.0,-7.470703183535117
0.04196810722351074,7.470703125514326,-7.206624391135372e-06,0.04919599089771509,0.0,-7.470710332138718
0.05910348892211914,7.470703125446553,-1.2437427286840431e-05,0.07548364158719778,0.0,-7.47071556287384
0.07906866073608398,7.470703125387711,-2.94073347443957e-05,0.11074183415621519,0.0,-7.470732532722455
0.09898829460144043,7.470703125336622,-5.72919131687782e-05,0.15036685299128294,0.0,-7.4707604172497915
0.1189870834350586,7.470703125292266,-9.875143187466318e-05,0.08957343827933073,0.02860436961054802,-7.47080187672414
0.13907551765441895,7.470703125253754,-0.00015641875450993957,0.1168730454519391,0.003942923620343208,-7.470859544008264
0.1590268611907959,7.470703125220317,-0.0002328994320350713,0.0468730454519391,0.0,-7.470936024652352
0.17906856536865234,7.470703125191287,-0.0003307717957024591,0.0005806100741028719,0.041778646409511566,-7.47103389698699
0.19907236099243164,7.4707031251660805,-0.00045258705003580125,0.05827632296830415,0.0,-7.471155712216116
0.2189939022064209,7.470703125144197,-0.000600869365809456,0.03204292368143796,0.021730447188019753,-7.471303994510006
0.23926401138305664,7.470703125125196,-0.000778115973027802,0.031300039445050054,0.014793531503528357,-7.471481241098224
0.2590615749359131,7.470703125108699,-0.0009867972539046004,0.0,0.0,-7.471689922362604
0.2791001796722412,7.4683867770102195,-0.001229356835842357,0.0,0.0,-7.469616133846062
0.29908061027526855,7.462206237900462,-0.0015082116844116814,0.0,0.0023167147301137447,-7.463714449584874
0.31897807121276855,7.451188246723371,-0.0018257521963306494,0.0,0.0,-7.453013998919701
0.3389623165130615,7.434784285936317,-0.0021843422924441675,0.0,0.0,-7.436968628228761
0.35903143882751465,7.412755312648288,-0.0025863195107033313,0.0,0.0,-7.415341632158992
0.3790571689605713,7.393629195613225,-0.0030339950991447842,0.0,0.0,-7.39666319071237
0.3991062641143799,7.370794103914665,-0.003529654108870084,0.0,0.0,-7.374323758023536
0.41911864280700684,7.345984647433791,-0.004075555487025064,0.0,0.0,-7.350060202920815
0.43910717964172363,7.320457686413105,-0.004673932169779193,0.0368809774518013,0.0,-7.325131618582884
0.45906615257263184,7.295105121129891,-0.005326991175304932,0.06246994622051716,0.0,-7.300432112305196
0.4791221618652344,7.270541851876645,-0.006036913696757103,0.04939019214361906,0.026406440883874893,-7.276578765573403
0.499117374420166,7.247174174546826,-0.006805855195252253,0.019559315405786037,0.034863054752349854,-7.2539800297420785
0.5190935134887695,7.225252784616659,-0.007635945492848,0.03606947045773268,0.0,-7.232888730109507
0.5391156673431396,7.204913693505798,-0.008529288865522414,0.07794564124196768,0.021946094930171967,-7.213442982371321
0.5591170787811279,7.1862096707666305,-0.009487964136153361,0.07392591005191207,0.0,-7.195697634902784
0.579167366027832,7.169134277044058,-0.010514024767497873,0.14392591005191208,0.002949161222204566,-7.1796483018115556
0.5989983081817627,7.154308984258616,-0.011609498955171528,0.17070009296759964,0.031410634284839034,-7.165918483213788
0.6191279888153076,7.140768419639357,-0.012776389720627758,0.14520958920940757,0.052244182443246245,-7.1535448093599845
0.6390969753265381,7.1284770621976925,-0.01401667500413727,0.12459420336410404,0.004477929091081023,-7.142493737201829
0.6590187549591064,7.117377317027828,-0.015332307757767378,0.08978962821885944,0.0,-7.132709624785596
0.6790611743927002,7.1073977750207975,-0.016725216038361364,0.06635545676574112,0.02456255629658699,-7.124122991059159
0.69907546043396,7.098459313972005,-0.018197303100517856,0.0695064502581954,0.049709271639585495,-7.116656617072523
0.7190442085266113,7.090479539568909,-0.019750447489570153,0.0864339253678918,0.06291343178600073,-7.110229987058479
0.7390449047088623,7.071794215829415,-0.021386503134565634,0.08246413495391608,0.026149935089051723,-7.093180718963981
0.7590827941894531,7.023001995962721,-0.02310729944124509,0.08591236144304276,0.0,-7.046109295403966
0.7790651321411133,6.915206111729587,-0.02491464138502207,0.043979339003562934,0.07,-6.940120753114609
0.7991776466369629,6.729890468871826,-0.02681030960396233,0.042753404523246,0.04141064330935479,-6.756700778475788
0.8190548419952393,6.460869871941777,-0.028796060491763052,0.06722893990110607,0.07520141795277596,-6.489665932433541
0.8390917778015137,6.227299321265104,-0.0308736262907323,0.08132041483651847,0.024972047358751304,-6.258172947555836
0.8589930534362793,5.91252771732823,-0.03304471518476842,0.11125379479955883,0.05518573679029942,-5.945572432512998
0.879166841506958,5.535753134984578,-0.03531101139233927,0.08990170299541206,0.06895085021853448,-5.5710641463769175
0.8990340232849121,5.125842351637944,-0.03767417525946169,0.0704456889582798,0.09899243868887425,-5.163516526897406
0.9189772605895996,4.70371896686193,-0.040135843352680854,0.00413933634292335,0.04268419899046422,-4.743854810214612
0.9389779567718506,4.284237965153444,-0.04269762855204955,0.0,0.0,-4.326935593705494
0.9589710235595703,3.8776476882322584,-0.04536112014410767,0.025207893922924995,0.04667036235332489,-3.923008808376366
0.9791591167449951,3.4907266999631026,-0.04812788391486146,0.0,0.03526872210204601,-3.538854583877964
0.999108076095581,3.127664876103117,-0.05099946224276287,0.008885090239346027,0.0,-3.1786643383458797
1.0191636085510254,2.790743616593119,-0.053977374191689076,0.0,0.06935489177703857,-2.844720990784808
1.0390989780426025,2.4808586053773256,-0.05706311560392165,0.015309218317270279,0.13077158480882645,-2.5379217209812475
1.059190273284912,2.211808526899726,-0.060258159193126076,0.0,0.0759044922888279,-2.272066686092852
1.0791358947753906,1.9643232822299934,-0.06356395463733094,0.0,0.0059044922888278895,-2.027887236867324
1.0992262363433838,1.7383389963207592,-0.06698192867190746,0.0,0.0,-1.8053209249926667
1.1191151142120361,1.533244647330659,-0.07051348518254881,0.0036606539506465197,0.07,-1.6037581325132078
1.1391935348510742,1.3480652793813463,-0.07416000529824938,0.0,0.10130779787898064,-1.4222252846795957
1.159074068069458,1.181598849995001,-0.07792284748428419,0.0,0.12630794540047646,-1.259521697479285
1.179253339767456,1.0325172664888276,-0.0818033476351884,0.0,0.056307945400476456,-1.114320614124016
1.1992180347442627,0.8994398859166483,-0.08580281916773638,0.0,0.008817419409751892,-0.9852427050843846
1.2191588878631592,0.7809859516461759,-0.08992255311392128,0.012085992842912674,0.024975251406431198,-0.8709085047600972
1.2391057014465332,0.6758110177753264,-0.09416381821393448,0.0,0.08137872442603111,-0.7699748359892609
1.2591357231140137,0.5826312918533426,-0.09852786100914458,0.03994494676589966,0.011378724426031106,-0.6811591528624872
1.2791557312011719,0.5017302748165005,-0.10301590593507721,0.057034626603126526,0.04994753032922744,-0.6047461807515777
1.2990777492523193,0.4299986158506759,-0.10762915541439406,0.04960183845832944,0.007711004763841622,-0.53762777126507
1.3191502094268799,0.3665262937616148,-0.11236878994987234,0.11130719305947423,0.07771100476384163,-0.47889508371148715
1.3390190601348877,0.310463551695586,-0.11723596821738429,0.12788003543391824,0.14771100476384164,-0.4276995199129703
1.359220027923584,0.26102488648170896,-0.12223182715887623,0.16741013014689088,0.07771100476384163,-0.3832567136405852
1.37907075881958,0.21749012615205812,-0.12735748207534828,0.19482650654390454,0.007711004763841622,-0.3448476082274064
1.3991012573242188,0.17920345656912207,-0.13261402671983344,0.18907264107838273,0.007919662973727093,-0.31181748328895553
1.419029951095581,0.14557104919650732,-0.13800253339037705,0.11907264107838272,0.047431321225012646,-0.28357358258688437
1.4391236305236816,0.11605777977097384,-0.1435240530230162,0.14515000471845269,0.039345579563523636,-0.25958183279399005
1.459017038345337,0.09018340201138071,-0.1491796152847591,0.15828334616497158,0.10934557956352364,-0.2393630172961398
1.4789764881134033,0.0677186066362671,-0.15497022866656424,0.18120510952547192,0.11165190096653532,-0.22268883530283134
1.4990589618682861,0.048013934750295535,-0.16089688057632007,0.19450660219416022,0.18165190096653533,-0.2089108153266156
1.5190682411193848,0.030745705144463252,-0.1669605374318241,0.12450660219416021,0.18804465697787237,-0.19770624257628736
1.5389575958251953,0.010992186841313633,-0.17316214475376232,0.10083548365160822,0.245100603417377,-0.18415433159507597
1.5588879585266113,-0.030814095222584846,-0.17950262725868854,0.1575027817301452,0.25693683882884216,-0.1486885320361037
1.5790576934814453,-0.12853026070381485,-0.18598288895200427,0.11556329963728784,0.18693683882884216,-0.05745262824818942
1.5989062786102295,-0.32273008779749784,-0.1926038132209369,0.18556329963728785,0.1732716097467346,0.13012627457656095
1.6189842224121094,-0.6460015562063751,-0.1993662629275203,0.16570049135014414,0.16494803158275317,0.4466352932788548
1.6390511989593506,-1.0897817923174382,-0.20627108050157353,0.18158212846145033,0.20040949461690616,0.8835107118158647
1.659109354019165,-1.5939875381165134,-0.2133190880336802,0.19244890922680497,0.23367434395186137,1.3806684500828332
1.6791553497314453,-2.08518110573643,-0.22051108736816813,0.21307124832645058,0.20491101806692313,1.8646700183682616
1.6990809440612793,-2.5116479019113567,-0.22784786019608855,0.14307124832645057,0.22881101472012233,2.283800041715268
1.7191500663757324,-2.8667519733674034,-0.23533016814819538,0.20516310924664138,0.2800348813616438,2.631421805219208
1.739060640335083,-3.123552245654449,-0.24295875288792462,0.18884311163797973,0.21003488136164378,2.880593492766524
1.759042739868164,-3.300671983277191,-0.2507343362043739,0.17659872690215705,0.20241437630436848,3.0499376470728174
1.7791109085083008,-3.417779209403563,-0.2586576201052814,0.17417601951397954,0.13241437630436848,3.1591215892982816
1.7991399765014648,-3.490116571288475,-0.2667292869100062,0.2074095019046217,0.13031685393012593,3.223387284378469
1.8191487789154053,-3.5294512183555318,-0.2749499993425062,0.14785353922285138,0.12083596404350827,3.254501219013026
1.8391542434692383,-3.5448261652947988,-0.2833204006243185,0.07785353922285138,0.10425744618929456,3.2615057646704804
1.859123945236206,-3.5431539684440416,-0.29184111456753864,0.045321368807926754,0.17425744618929456,3.251312853876503
1.8790509700775146,-3.5296852297854295,-0.3005127456677996,0.022145536923781017,0.16449416625953744,3.2291724841176297
1.899141550064087,-3.5083778112811372,-0.30933587919725175,0.0,0.10816094848967622,3.1990419320838854
1.9191498756408691,-3.4898781665314824,-0.3183110812975414,0.0,0.12896908458031248,3.1715670852339413
1.9390969276428223,-3.466125490059347,-0.3274388990727908,0.0,0.070299964506994,3.138686590986556
1.9591124057769775,-3.4416665079300652,-0.33671986068257714,0.0,0.09371508296288084,3.104946647247488
1.9791438579559326,-3.4173615535927198,-0.34615447543491246,0.038657013326883316,0.1313896329299314,3.071207078157807
1.999047040939331,-3.3938041384338957,-0.3557432338792224,0.10865701332688332,0.06138963292993138,3.038060904554673
2.01912522315979,-3.3737031506132404,-0.3654866078993257,0.05306117951869965,0.07645342725969384,3.0082165427139147
2.0391385555267334,-3.3565326889604425,-0.3753850508064138,0.06241738952696324,0.09692358638800214,2.9811476381540287
2.059142589569092,-3.3441665871954838,-0.38543899743203003,0.11409615881741048,0.13174558844126294,2.9587275897634537
2.079098701477051,-3.3354634070613396,-0.3956488642210487,0.13393773294985295,0.10173484164930413,2.939814542840291
2.0991413593292236,-3.329533791977946,-0.4060150493246555,0.1003099025040865,0.032044912163983086,2.9235187426532905
2.119143486022949,-3.3256869152617297,-0.41653793269332506,0.09062343154102565,0.10204491216398309,2.9091489825684045
2.1391475200653076,-3.322346958681284,-0.42721787616980245,0.1001082106307149,0.14556933019019197,2.895129082511482
2.159090518951416,-3.3204882162965594,-0.4380552235820806,0.09929362724535168,0.16663925733126234,2.8824329927144787
2.1791088581085205,-3.319707283255442,-0.4490503008363811,0.08720103132538498,0.09663925733126233,2.870656982419061
2.199148178100586,-3.319695556893574,-0.4602034160101323,0.017201031325384974,0.1528934132651193,2.8594921408834417
2.219064950942993,-3.3202184154808903,-0.47151485944495053,0.05099112424068153,0.08289341326511929,2.8487035560359395
2.2390835285186768,-3.3210988064268747,-0.482984903839617,0.02087267371825874,0.01289341326511928,2.8381139025872577
2.259099006652832,-3.3222043297406367,-0.49461380434305935,0.06364974635653198,0.03036896425939628,2.8275905253975773
2.279114246368408,-3.323437089640603,-0.5064017986473295,0.08236478525213897,0.015525437031756129,2.8170352909932737
2.299065351486206,-3.3247257363264953,-0.5183491070805838,0.05414117383770645,0.03183070484257766,2.8063766292459116
2.3190431594848633,-3.3260192387334087,-0.5304559327000626,0.04525453667156398,0.0,2.795563306033346
2.339036703109741,-3.3272820237105822,-0.5427224613850691,0.01719590346328914,0.01048995740711689,2.784559562325513
2.3590292930603027,-3.3283784058681967,-0.5551488619299482,0.010671734111383557,0.0,2.7732295439382484
2.3790111541748047,-3.3294420993796483,-0.5677352861370673,0.005903821671381593,0.024216212332248688,2.761706813242581
2.3990373611450195,-3.3304550544678726,-0.5804818689097941,0.06686881952919066,0.015856538899242878,2.7499731855580785
2.4190220832824707,-3.3314060713167977,-0.5933887283454771,0.0541068718302995,0.06707846093922853,2.738017342971321
2.439044237136841,-3.3322890031291337,-0.6064559658284253,0.1241068718302995,0.041609118692576885,2.7258330373007085
2.4590303897857666,-3.333101374833712,-0.6196836661228855,0.12681314668618143,0.08992056455463171,2.7134177087108267
2.4790611267089844,-3.3338433268986924,-0.6330718974660241,0.12692633354192367,0.04086427669972181,2.7007714294326686
2.4990508556365967,-3.334516812792629,-0.6466207116609046,0.12518236787611386,0.04291227366775274,2.6878961011317246
2.519106864929199,-3.3351249937752043,-0.6603301441694678,0.1621638015061035,0.11291227366775275,2.6747948496057363
2.53912353515625,-3.3356717866995123,-0.6742002142055121,0.1548450817502453,0.10038995899260045,2.6614715724940003
2.559074878692627,-3.3361615300107927,-0.6882309248276702,0.08551166254648707,0.12840953439474107,2.6479306051831224
2.579073190689087,-3.3365867376573872,-0.702422263032392,0.1063113683051779,0.13301613245159388,2.6341644746249955
2.5990686416625977,-3.336967916779516,-0.71677419984692,0.1392451510913088,0.15288813661783934,2.620193716932596
2.619109630584717,-3.337308468615144,-0.7312866904222721,0.18814954023429892,0.20835945632308722,2.606021778192872
2.639122486114502,-3.337611826325402,-0.7459596741262199,0.13384238492319128,0.13835945632308722,2.5916521521991824
2.6590757369995117,-3.33788135476403,-0.7607930746362669,0.2038423849231913,0.13336789794266224,2.577088280127763
2.6790764331817627,-3.3381202826594283,-0.7757868000326282,0.2738423849231913,0.1911695245653391,2.5623334826268
2.6990442276000977,-3.345280703349676,-0.790940742891212,0.2841930090225651,0.18595770047977567,2.554339960458464
2.7191450595855713,-3.3732743819093436,-0.8062547803765958,0.3233803211487248,0.20818474749103189,2.5670196015327478
2.739112377166748,-3.428898751654078,-0.8217287743350088,0.2533803211487248,0.13818474749103188,2.607169977319069
2.7590575218200684,-3.509197928521868,-0.8373625713873084,0.3065809236801579,0.06818474749103187,2.67183535713456
2.7790706157684326,-3.604519467132075,-0.8531560030219618,0.25957812387117885,0.011182262692600475,2.7513634641101135
2.7990782260894775,-3.687280060627908,-0.8691088856880237,0.20870357397565387,0.06715622091665863,2.8181711749398843
2.819103479385376,-3.7865669596263523,-0.8852210208881172,0.13870357397565386,0.0219779192842543,2.901345938738235
2.8391025066375732,-3.9178794920909326,-0.9014921952714117,0.07196414891252062,0.08242275485768913,3.016387296819521
2.8590807914733887,-4.111986288415196,-0.9179221807266038,0.0019641489125206135,0.13546257758513092,3.194064107688592
2.8790597915649414,-4.390920048905186,-0.9345107344748957,0.0,0.10897366249933838,3.4564093144302905
2.8991241455078125,-4.753850561769413,-0.9512575991629737,0.07,0.05845644617453216,3.8025929626064396
2.9190618991851807,-5.181773016075031,-0.9681625029559898,0.03718883141875268,0.10810791993513702,4.213610513119041
2.9391157627105713,-5.645876097951108,-0.9852251596305388,0.034903885265812284,0.05929052004590629,4.660650938320569
2.959183931350708,-6.12519449616953,-1.0024452686676397,0.02011891867034138,0.08948528314009307,5.12274922750189
2.9790542125701904,-6.604765117902159,-1.0198225153457132,0.023202265780419118,0.13345337206497787,5.5849426025564455
2.9991230964660645,-7.071871896365482,-1.0373565708335621,0.018710479307919747,0.1146749343164265,6.03451532553192
3.0191280841827393,-7.477425927229724,-1.0550470922833508,0.0,0.14498592833057045,6.4223788349463735
3.039085626602173,-7.867806999552526,-1.0728937229235842,0.025773927569389343,0.07498592833057044,6.794913276628941
3.0591092109680176,-8.228095387860924,-1.0908960921520865,0.02915195026434958,0.04829544896259902,7.137199295708837
3.0791187286376953,-8.532506795796452,-1.1090538156289824,0.0,0.02495191941037772,7.42345298016747
3.0990962982177734,-8.757655543465647,-1.1273664953696738,0.0,0.0,7.630289048095974
3.1192331314086914,-8.884754658211842,-1.1458337198378223,0.0119332829490304,0.0,7.738920938374019
3.1391797065734863,-8.907971860410225,-1.164455064038327,0.0,0.04954550415277481,7.743516796371898
3.158993721008301,-8.83525935190561,-1.1832300896103018,0.0,0.11662901937961578,7.652029262295308
3.1790542602539062,-8.68625053418936,-1.2021583449200584,0.0002523395814932883,0.1658647581934929,7.484092189269302
3.198943853378296,-8.488174905157102,-1.2212393651540832,0.0702523395814933,0.1340431272983551,7.2669355400030184
3.2189693450927734,-8.261238691628147,-1.2404726724120188,0.13939647678518668,0.1399783710949123,7.020766019216128
3.239023208618164,-8.064206877085637,-1.2598577757996394,0.15852251950884239,0.06997837109491228,6.804349101285997
3.259040594100952,-7.849169309004967,-1.2793941715218362,0.1467932027229108,0.06918429776094853,6.569775137483131
3.278933048248291,-7.627292589240502,-1.299081342975591,0.08229417469585315,0.08656236163340508,6.328211246264911
3.299154758453369,-7.40651306596973,-1.3189187608429587,0.15229417469585316,0.1565623616334051,6.087594305126771
3.3190200328826904,-7.192314254785457,-1.338905883184045,0.18582573246443645,0.16058115451596677,5.853408371601413
3.339153289794922,-6.98833146431058,-1.3590421555299883,0.16856363315368073,0.19948648451827466,5.629289308780591
3.3590240478515625,-6.796820466612863,-1.3793270109759366,0.1620916146063246,0.199521098194964,5.417493455636927
3.3791213035583496,-6.619019384040162,-1.399759870274027,0.15827511895680801,0.19987801205934375,5.219259513766135
3.399143695831299,-6.455426868782471,-1.4203401419263666,0.1425440822937526,0.19366481643737643,5.035086726856104
3.422903060913086,-6.306014809607794,-1.4514856237725895,0.15376110274577515,0.12366481643737642,4.854529185835204
3.4392306804656982,-6.170389956591166,-1.4619404956099427,0.22353831578278915,0.11474881094516604,4.708449460981224
3.4591293334960938,-6.052636996535197,-1.4829593342320526,0.2685780738689937,0.16040080559076159,4.569677662303144
3.479210615158081,-5.94336333129849,-1.5041230985761167,0.24044174786889927,0.1432449478340277,4.439240232722373
3.499168872833252,-5.842859114098598,-1.5254311372887794,0.19786814313614742,0.08122916106702177,4.317427976809818
3.5192601680755615,-5.748778413725198,-1.5468827873245274,0.2506909304508008,0.15122916106702178,4.20189562640067
3.5392491817474365,-5.661638849261918,-1.5684773740386737,0.1806909304508008,0.10590908233643859,4.093161475223244
3.5591654777526855,-5.581617015892369,-1.5902142112803366,0.21190654788399116,0.1370331004691252,3.991402804612032
3.579146385192871,-5.510964334211618,-1.6120926014854153,0.2592826143302955,0.18635979969621985,3.8988717327262026
3.5991790294647217,-5.457946718148487,-1.6341118357695728,0.2504582630866207,0.11635979969621985,3.8238348823789146
3.6191234588623047,-5.4440551760207585,-1.6562711940212145,0.2616782060288824,0.1170968727125728,3.787783981999544
3.6392083168029785,-5.492451170333742,-1.6785699449944662,0.19167820602888241,0.09819768899222253,3.8138812253392755
3.659228801727295,-5.610631573899516,-1.701007346402156,0.14332352817291394,0.13835710817118524,3.90962422749736
3.6790730953216553,-5.713238817564309,-1.7235826450087912,0.07332352817291393,0.19894261070629,3.989656172555518
3.6991584300994873,-5.881785243430534,-1.746295076723539,0.14332352817291394,0.16440496751209138,4.135490166706996
3.7191314697265625,-6.107904147934584,-1.7691438666932056,0.13596014730865136,0.1740846705540025,4.338760281241378
3.73931622505188,-6.388899562170107,-1.7921282293952145,0.08701819978887215,0.1614790695636475,4.5967713327748925
3.759305000305176,-6.71218726198804,-1.815247368730589,0.04013936273986474,0.1465223708107078,4.896939893257452
3.779350519180298,-7.05633014251694,-1.838500478116927,0.009112941625062376,0.07652237081070778,5.217829664400012
3.7992899417877197,-7.4058887742731425,-1.8618867405813846,0.0092358507681638,0.006522370810707778,5.544002033691758
3.8193869590759277,-7.7499965002163815,-1.8854053288536508,0.02807684545405209,0.024068270186980933,5.864591171362731
3.8390681743621826,-8.081249211125204,-1.9090554054589348,0.04168515303172171,0.05342291512628433,6.17219380566627
3.8592066764831543,-8.387893905973069,-1.932836122810935,0.015142966294661164,0.09595536657710907,6.455057783162134
3.8793132305145264,-8.65083398154037,-1.956746623304827,0.021370532223954797,0.025955366577109062,6.694087358235542
3.899250030517578,-8.879125268326824,-1.9807860394102366,0.01503670564852655,0.0,6.898339228916587
3.9193167686462402,-9.042267376881602,-2.004953493764226,0.0,0.02344057895243168,7.037313883117376
3.9392237663269043,-9.125746023501405,-2.029248099264265,0.0,0.06419633887708187,7.0964979242371395
3.9590468406677246,-9.126212089087428,-2.053668959161217,0.0,0.0107997115701437,7.072543129926211
3.9791178703308105,-9.059741565415527,-2.078215167152319,0.0,0.0,6.981526398263208
3.999006748199463,-8.948530020720197,-2.1028858074741508,0.022027263417840004,0.0,6.845644213246047
4.019043207168579,-8.809173207073881,-2.1276799549956267,0.0844260398298502,0.0,6.681493252078255
4.0391151905059814,-8.65393997457673,-2.1525966753109698,0.01442603982985019,0.0,6.50134329926576
4.058987140655518,-8.491770447677261,-2.1776350248326897,0.0,0.0,6.314135422844572
4.079110383987427,-8.329057067116258,-2.2027940508845614,0.0,0.008503157645463943,6.126263016231697
4.099148988723755,-8.170254230305517,-2.2280727917946104,0.0,0.04974698647856712,5.942181438510906
4.119115829467773,-8.032377552957472,-2.2534702769880885,0.014189223758876324,0.04962998509290628,5.778907275969384
4.1392340660095215,-7.898644761094923,-2.2789855270804487,0.02348163351416588,0.0,5.619659234014474
4.159169673919678,-7.771314744495354,-2.304617553970333,0.02014340180903673,0.04784415289759636,5.466697190525021
4.179114580154419,-7.651787739318554,-2.330365360932545,0.09014340180903674,0.08571874722838402,5.321422378386009
4.199181795120239,-7.5408306746544165,-2.356227942711036,0.02014340180903673,0.07069319952279329,5.1846027319433805
4.21906590461731,-7.438750384564399,-2.3822042856118735,0.02417096123099327,0.009335086680948734,5.056546098952525
4.239144563674927,-7.345526043530495,-2.408293367596235,0.09417096123099328,0.0,4.93723267593426
4.259155511856079,-7.260909788959062,-2.4344941583733717,0.04591242194175721,0.0,4.826415630585691
4.279114723205566,-7.1845025951403,-2.460805619493603,0.0,0.0,4.723696975646696
4.2991461753845215,-7.115810957703133,-2.487226704441285,0.0,0.04397958889603615,4.628584253261849
4.319116830825806,-7.0542887555030624,-2.5137563587277927,0.052894338965415955,0.031133249402046204,4.540532396775269
4.3391265869140625,-7.000873608816548,-2.5403935199845042,0.105911485850811,0.0,4.4604800888320435
4.35914421081543,-6.952991319672791,-2.5671371180557716,0.035911485850811,0.01599767804145813,4.38585420161702
4.379025459289551,-6.910213977715631,-2.5939860750919057,0.06723982125520706,0.01685731008183211,4.316227902623725
4.398874044418335,-6.872109824447295,-2.6209393056421595,0.09362226754426956,0.04695137112867087,4.251170518805136
4.419203758239746,-6.838255807475517,-2.6479957167476953,0.03747187212109565,0.0,4.190260090727822
4.439042091369629,-6.808246070999336,-2.675154208034577,0.0,0.01789478212594986,4.133091862964759
4.459011554718018,-6.781697399920013,-2.70241367180674,0.0,0.0,4.079283728113273
4.479086875915527,-6.758252404520586,-2.7297729931389765,0.0,0.0,4.028479411381609
4.49904203414917,-6.737581051856767,-2.7572310499699118,0.0,0.0,3.9803500018868556
4.519049882888794,-6.719381008446242,-2.784786713194985,0.048603735864162445,0.02753315307199955,3.9345942952512574
4.539094686508179,-6.703377148277568,-2.812438846759427,0.04888194386148825,0.006811941042542458,3.890938301518141
4.559075117111206,-6.689482188281172,-2.8401863077512424,0.03824858978623524,0.0,3.8492958805299295
4.579094409942627,-6.677256535008739,-2.8680279464941867,0.0,0.0,3.8092285885145527
4.599014043807983,-6.666512555303155,-2.8959626066407433,0.020787568762898445,0.0597100704908371,3.770549948662411
4.618962049484253,-6.65708087349697,-2.9239891252651122,0.03810208477079868,0.0,3.733091748231858
4.638991117477417,-6.6488092590953976,-2.952106332956177,0.0,0.07,3.6967029261392206
4.659003734588623,-6.641561402323468,-2.9803130539104945,0.020617494359612465,0.006207011342048652,3.6612483484129736
4.679023742675781,-6.635215644056198,-3.008608106025264,0.08163472451269627,0.009379147253930575,3.6266075380309344
4.6989288330078125,-6.6296637075366025,-3.036990300991318,0.08940809918567538,0.03441273484379054,3.5926734065452846
4.7189905643463135,-6.62480946476098,-3.065458444386095,0.1276674452237785,0.015322589017450816,3.559351020374885
4.739014148712158,-6.620567759455169,-3.0940113357666177,0.0950959431938827,0.036755955480039126,3.5265564236885516
4.759109735488892,-6.616863300378137,-3.1226477687624743,0.025095943193882697,0.031297474335879094,3.4942155316156627
4.77897572517395,-6.613646994428126,-3.151366531168802,0.008098622616380446,0.1012974743358791,3.4622804632593236
4.799058198928833,-6.610837153698417,-3.180166405039259,0.01917811838909983,0.053896448444575085,3.430670748659158
4.819066524505615,-6.608383688808067,-3.2090461667790056,0.06592258794233202,0.0,3.399337522029062
4.839059114456177,-6.606242416406192,-3.2380045872376906,0.13592258794233203,0.0,3.3682378291685016
4.859022378921509,-6.604374419802292,-3.2670404318024238,0.10990248573943973,0.0361279733479023,3.337333987999868
4.8790528774261475,-6.602745466070317,-3.2961524604907537,0.17990248573943973,0.0,3.3065930055795634
4.899012565612793,-6.6013254777404535,-3.3253394280436503,0.19961406214162708,0.047395654022693634,3.275986049696803
4.9190895557403564,-6.600088056329962,-3.354600084018489,0.19178507959470154,0.016346240416169167,3.2454879723114733
4.939095735549927,-6.599010054437721,-3.3839331728820214,0.18077227769419552,0.028270315378904343,3.2150768815556994
4.958965539932251,-6.598071192847554,-3.4133374341033567,0.20021395495161415,0.09827031537890435,3.1847337587441973
4.97905969619751,-6.597253718984995,-3.4428116022469473,0.18297171888872982,0.11333470948040486,3.154442116738048
4.999040603637695,-6.596543967306423,-3.47235440706556,0.13190456030890346,0.16218176268041135,3.124189560240863
5.019091606140137,-6.595925878570505,-3.5019645735932614,0.14614545477554203,0.2112039715796709,3.093961304977243
5.039085149765015,-6.595387746783216,-3.5316408222383933,0.17025535663589836,0.153439813926816,3.063746924544823
5.059217691421509,-6.597235682017524,-3.561381868876557,0.19396452529355884,0.223439813926816,3.035853813140967
5.079113960266113,-6.619223015234182,-3.591186424943582,0.16119084803387523,0.153439813926816,3.0280365902905997
5.099142789840698,-6.6986299198281,-3.6210531975285187,0.2277194663695991,0.09997100539505482,3.0775767222995816
5.119139194488525,-6.869102580112243,-3.650980889466612,0.21528336049988867,0.14541401125490666,3.2181216906456314
5.13904333114624,-7.1492946006850095,-3.680968199432278,0.24103257263079286,0.1738686726242304,3.4683264012527317
5.159110069274902,-7.509892850641359,-3.7110138220320876,0.22543054463341833,0.20338970951735974,3.7988790286092713
5.179093837738037,-7.912203468838131,-3.7411164478977383,0.15543054463341832,0.2085820177383721,4.1710870209403925
5.199068784713745,-8.325934783641271,-3.7712747637790454,0.11862900527194142,0.17876610362902284,4.554660019862226
5.218959331512451,-8.685146874215443,-3.801487452636917,0.08967064181342721,0.18738426284864546,4.883659421578526
5.2390220165252686,-9.04625560597345,-3.831753193736324,0.14113746816292405,0.11738426284864545,5.214502412237126
5.25908637046814,-9.39916472531055,-3.8620706627392924,0.13729945244267583,0.05757774459198117,5.537094062571258
5.27911639213562,-9.732444975853245,-3.8924385317978762,0.16092491755262017,0.09529141755774617,5.840006444055368
5.299110412597656,-10.03635878852004,-3.922855469647141,0.1944115892983973,0.07744126440957189,6.113503318872899
5.319160461425781,-10.302600239706242,-3.9533201416981316,0.16173897171393037,0.007441264409571879,6.34928009800811
5.3391265869140625,-10.533342092801615,-3.983831210130865,0.09173897171393036,0.016635714862495654,6.5495108826707495
5.359127044677734,-10.735661791029214,-4.01438733398731,0.16173897171393037,0.0347510583885014,6.721274457041904
5.379048109054565,-10.91290790269835,-4.0449871692643535,0.1628531946334988,0.07492747606709599,6.867920733433997
5.399150848388672,-11.070383437602375,-4.075629369006791,0.09285319463349878,0.144927476067096,6.994754068595585
5.419248104095459,-11.21229281398734,-4.106312583400303,0.08402985853143036,0.13686426589265466,7.105980230587036
5.43921160697937,-11.335502157683198,-4.13703545986443,0.10218843405134975,0.19041663268581033,7.198466697818768
5.459148645401001,-11.446623732715837,-4.167796643145563,0.17218843405134976,0.15612567448988557,7.2788270895702745
5.479219436645508,-11.54873713103344,-4.198594775409909,0.15111541864462197,0.18867592746391892,7.350142355623531
5.499199390411377,-11.639586090292074,-4.229428496336481,0.1701614868361503,0.20830928580835462,7.410157593955593
5.5192039012908936,-11.72021667601284,-4.260296443210074,0.20929271099157631,0.21481191366910934,7.459920232802765
5.539216041564941,-11.789308420894734,-4.291197251014241,0.1392927109915763,0.14481191366910934,7.498111169880493
5.559213876724243,-11.8392992148706,-4.322129552524273,0.11434925307519733,0.07577194303274154,7.517169662346327
5.579157114028931,-11.858490923595637,-4.353091978400188,0.0799167785514146,0.07813368720933794,7.5053989451954495
5.599215745925903,-11.825671870059962,-4.384083157279697,0.08559918829239904,0.10863517394289374,7.4415887127802645
5.619211435317993,-11.718214184408723,-4.415101715871191,0.083112871106714,0.12245734764263033,7.303112468537532
5.638978958129883,-11.527000780569894,-4.446146279046718,0.10496830550953745,0.05947950465604662,7.080854501523176
5.6591222286224365,-11.360984421446993,-4.477215469934962,0.1632981857471168,0.04303613288328051,6.883768951512031
5.67907452583313,-11.124613973247483,-4.5083079100142305,0.10206521285697817,0.08485039306804537,6.616306063233252
5.699232816696167,-10.845606470008484,-4.5394222192054166,0.1353528199903667,0.032620221208781,6.306184250803067
5.719040155410767,-10.544337316066104,-4.570557015964992,0.12150316761806607,0.08298795653507113,5.973780300101112
5.739104747772217,-10.235545571862202,-4.601710917377987,0.1819927849061787,0.012987956535071121,5.6338346544842155
5.759067535400391,-9.931983305413429,-4.632882539250961,0.20982796216383576,0.08298795653507113,5.299100766162468
5.7789788246154785,-9.640053683127231,-4.664070496204987,0.27982796216383576,0.0817367047490552,4.975983186922244
5.799223899841309,-9.366213990031179,-4.695273401768633,0.20982796216383576,0.1130184442223981,4.670940588262546
5.819199085235596,-9.11447257174199,-4.726489868470937,0.19473087957128882,0.16720549989957362,4.387982703271053
5.839167356491089,-8.89398019322926,-4.757718507934385,0.2647308795712888,0.17491725221741944,4.136261685294874
5.859123945236206,-8.717218275843504,-4.7889579309679045,0.3072007237933576,0.24491725221741945,3.928260344875599
5.879192113876343,-8.56374906622313,-4.820206747659817,0.27673521218821406,0.31491725221741945,3.7435423185633123
5.899043798446655,-8.472355861331167,-4.851463567470849,0.34673521218821407,0.24491725221741945,3.620892293860318
5.919064283370972,-8.463549661735494,-4.882726999327084,0.3433692969195545,0.2709480441408232,3.5808226624084094
5.9389801025390625,-8.549400435176768,-4.913995651712961,0.36188205441460014,0.26699357957113534,3.635404783463807
5.9591240882873535,-8.71263358966831,-4.945268132764243,0.41470746805891395,0.33300213248003274,3.7673654569040664
5.979045629501343,-8.922996690746444,-4.976543050360997,0.44613407662138344,0.293111105565913,3.9464536403854478
5.999051332473755,-9.158234884889934,-5.007819012220585,0.37613407662138343,0.24500112712848932,4.150415872669349
6.019167423248291,-9.402234806047407,-5.039094625990623,0.42517186840996146,0.29975178197491914,4.363140180056783
6.0390613079071045,-9.645889859278773,-5.0703684993419795,0.42356997134629637,0.2789769909577444,4.575521359936793
6.059160470962524,-9.880567522873918,-5.10163924006175,0.35356997134629636,0.32288053177762777,4.778928282812168
6.07911491394043,-10.1028247624691,-5.132905456146224,0.3509047326585278,0.28919040702749044,4.9699193063228755
6.099125623703003,-10.295794172382434,-5.164165755893877,0.4209047326585278,0.2590633920626715,5.1316284164885575
6.119083881378174,-10.478138421177466,-5.195418747998354,0.3509047326585278,0.3290633920626715,5.282719673179112
6.139117479324341,-10.650613325827443,-5.226663041641433,0.37402608030941337,0.3421549124689773,5.42395028418601
6.159231662750244,-10.811687619439084,-5.257897246586019,0.357183105959557,0.3190550820948556,5.553790372853065
6.179165840148926,-10.960598175895601,-5.289119973269112,0.287183105959557,0.31961634643841536,5.671478202626489
6.199152946472168,-11.097135516734905,-5.320329832894796,0.21718310595955698,0.24961634643841535,5.776805683840109
6.219229459762573,-11.221480237100804,-5.351525437527207,0.1816099475463852,0.19530472077894956,5.8699547995735974
6.239248275756836,-11.334079110062241,-5.382705400183533,0.2416944655915722,0.17977317154873163,5.951373709878708
6.259143590927124,-11.435552016007739,-5.413868334926971,0.1716944655915722,0.22927284345496446,6.021683681080767
6.279126167297363,-11.524306387315486,-5.445012856959713,0.16353756064083425,0.20404313050676137,6.0792935303557725
6.29916524887085,-11.601887601403218,-5.4761375827159275,0.09354443722870198,0.1370083271758631,6.125750018687291
6.319104909896851,-11.669245592216647,-5.50724112995475,0.1001979328272864,0.09353690140414983,6.162004462261898
6.3391993045806885,-11.728145441901349,-5.538322117853236,0.13280702303629366,0.023536901404149824,6.189823324048113
6.359212636947632,-11.77961813304563,-5.569379167099364,0.09005334522109476,0.09353690140414983,6.2102389659462665
6.379201412200928,-11.817626463695598,-5.600410899985007,0.08137237388174978,0.08316226687747985,6.2172155637105915
6.399216651916504,-11.838331963342823,-5.63141594049891,0.08946938640903679,0.0839413944631815,6.206916022843912
6.4192283153533936,-11.839524519783115,-5.662392914419668,0.1594693864090368,0.09359077736735344,6.1771316053634475
6.439200401306152,-11.827132338140036,-5.693340449408717,0.22929806805681435,0.10630073864012957,6.133791888731318
6.459171295166016,-11.807947406060688,-5.724257175103284,0.18391048334073273,0.14708528388291597,6.083690230957404
6.479219436645508,-11.784549979343296,-5.755141723209415,0.15116128496360032,0.11696544010192156,6.029408256133881
6.499216556549072,-11.758843273005366,-5.785992727594906,0.08116128496360031,0.07856945786625147,5.97285054541046
6.519176721572876,-11.73221008376162,-5.816808824382306,0.13648042283486572,0.10614041890949011,5.915401259379314
6.539212942123413,-11.709086468882587,-5.847588652041895,0.06648042283486572,0.0361404189094901,5.861497816840692
6.5591349601745605,-11.685558779688469,-5.8783308514846695,0.023960495810024407,0.0,5.807227928203799
6.579202651977539,-11.662370498133926,-5.909034066155298,0.08498375348281112,0.010111781768500805,5.753336431978628
6.599113464355469,-11.64002908717871,-5.939696942125129,0.10321196399163451,0.0,5.700332145053582
6.61906099319458,-11.621181049560542,-5.970318128185143,0.17245458296965804,0.0,5.650862921375399
6.639189720153809,-11.605256178708366,-6.00089627593896,0.22165127701591697,0.0,5.604359902769406
6.659071922302246,-11.594097728634337,-6.031430039895801,0.2248162820236757,0.036375805735588074,5.562667688738536
6.679238319396973,-11.586544020896177,-6.061918077563469,0.24500423923600462,0.10637580573558808,5.524625943332708
6.699112176895142,-11.581693173786489,-6.092359049541333,0.24223592106718567,0.1763758057355881,5.489334124245156
6.71899676322937,-11.578847524320969,-6.122751619613302,0.253268691455014,0.1854403115436435,5.4560959047076665
6.739083766937256,-11.577469642676617,-6.153094454840817,0.323268691455014,0.11632637154310943,5.4243751878358
6.759174585342407,-11.576273330654,-6.183386225655801,0.3310183001728728,0.18632637154310944,5.3928871049981995
6.779151201248169,-11.578425237196422,-6.213625605953686,0.2610183001728728,0.17156773529946806,5.364799631242736
6.799131155014038,-11.596744126049277,-6.243811273186333,0.20891409155447033,0.10156773529946805,5.352932852862944
6.819105625152588,-11.66287106132283,-6.273941908455075,0.13891409155447032,0.09623502274975182,5.388929152867755
6.8391101360321045,-11.82068681163068,-6.304016196603635,0.1188846659334376,0.13164359783753754,5.516670615027044
6.859112739562988,-12.09825365090549,-6.334032826311161,0.0488846659334376,0.15308621792122723,5.764220824594328
6.879150629043579,-12.479478184895767,-6.363990490185158,0.1188846659334376,0.09630181534215809,6.115487694710609
6.8991498947143555,-12.920337844357684,-6.393887884854498,0.1888846659334376,0.04054419217631222,6.526449959503186
6.9190757274627686,-13.391000085125741,-6.423723711062394,0.13983307566959408,0.06951966403052212,6.967276374063347
6.939197540283203,-13.869958362131499,-6.453496673759361,0.06983307566959407,0.014528206419199718,7.416461688372138
6.959079265594482,-14.337423312839721,-6.483205482196222,0.048634531018324156,0.03250925136730076,7.854217830643499
6.979155778884888,-14.743288317991556,-6.512848850017074,0.0,0.063609949182719,8.230439467974483
6.999119758605957,-15.120753158081994,-6.542425495352262,0.0,0.12624814255163075,8.578327662729732
7.01912784576416,-15.447696620939679,-6.571934140911363,0.04814400151371956,0.10700165001675488,8.875762480028316
7.03904914855957,-15.719350623479862,-6.601373514076176,0.11814400151371957,0.05990787116810681,9.117977109403686
7.0590338706970215,-15.938493192548133,-6.630742346993694,0.08770424097776414,0.029576764311641468,9.30775084555444
7.078976154327393,-16.108437824461692,-6.660039376669062,0.10354957140982152,0.09957676431164147,9.44839844779263
7.098970890045166,-16.223517222970845,-6.689263345058607,0.17354957140982152,0.15592348253354432,9.534253877912239
7.118922233581543,-16.269659222014628,-6.718412999162748,0.20632023490965368,0.08592348253354432,9.55124622285188
7.139077425003052,-16.234273712180677,-6.747487091119053,0.22313277177512647,0.13031951418146492,9.486786621061624
7.159062623977661,-16.110764498757728,-6.7764843782951525,0.197759627699852,0.10865079132840039,9.334280120462576
7.179073095321655,-15.906137877202275,-6.8054036233817525,0.19673559417482467,0.15575425220653416,9.100734253820523
7.199061632156372,-15.728475820002089,-6.834243594485605,0.2192196005349979,0.19829647509381176,8.894232225516484
7.219122648239136,-15.493994522631663,-6.863003065222502,0.1492196005349979,0.20343050580471755,8.630991457409161
7.239194869995117,-15.226227422957644,-6.891680814810222,0.14169898634310812,0.24708350967615844,8.334546608147422
7.259072303771973,-14.942397630037796,-6.920275628161544,0.21169898634310813,0.1775081403180957,8.022122001876252
7.279061317443848,-14.652574960770567,-6.948786295977212,0.2440360707556829,0.15651523169130088,7.703788664793355
7.2992939949035645,-14.366228002560234,-6.977211614838903,0.3032759574567899,0.16887079305946828,7.389016387721331
7.319119930267334,-14.085209152705982,-7.005550387302226,0.3560767581081018,0.2388707930594683,7.079658765403756
7.339196443557739,-13.81529732454975,-7.033801421989695,0.40276055758353324,0.2502861973270774,6.781495902560055
7.359247446060181,-13.557897365715478,-7.061963533683706,0.3656134416675195,0.31094853769987824,6.495933832031772
7.3792712688446045,-13.315971654960288,-7.09003554341951,0.43561344166751953,0.31146086342865603,6.225936111540778
7.399239778518677,-13.088853632331961,-7.118016278578212,0.4577197296684608,0.3133712546923198,5.970837353753749
7.419263124465942,-12.891663966487569,-7.145904572979727,0.4288082862412557,0.3394107880094089,5.745759393507842
7.439166069030762,-12.706801308995056,-7.1736992669757695,0.3588082862412557,0.4094107880094089,5.533102042019286
7.45915961265564,-12.535372785900146,-7.201399207542842,0.4115221050893888,0.4794107880094089,5.333973578357304
7.479923486709595,-12.377793330097402,-7.215213286805017,0.4115221050893888,0.4794107880094089,5.162580043292385
7.499470949172974,-12.233986155155936,-7.242768950030091,0.4815221050893888,0.4398916642763652,4.991217205125845
7.519102334976196,-12.105851307809209,-7.283919079759481,0.5955976835405454,0.41053507007891316,4.821932228049728
7.539139747619629,-11.991979132711961,-7.31122861212552,0.5989831048948691,0.40571351252729076,4.680750520586441
7.559148550033569,-11.893330967727746,-7.338437728571051,0.6172907162411139,0.4130005128332414,4.554893239156694
7.579218626022339,-11.807856964065122,-7.365545317773808,0.588328400249593,0.43973054547095675,4.442311646291314
7.599188804626465,-11.736102481341584,-7.39255027568719,0.658328400249593,0.4548894231789746,4.343552205654394
7.6191020011901855,-11.675768391071108,-7.419451505633157,0.6061948326183484,0.38488942317897457,4.2563168854379505
7.639209985733032,-11.623384793495804,-7.44624791839531,0.6199176807655022,0.4230218374007382,4.177136875100494
7.659207344055176,-11.581792351635555,-7.472938432311816,0.6086970141856001,0.4005228740000166,4.108853919323739
7.679142951965332,-11.548791399684125,-7.4995219733683705,0.5514012223808096,0.40203357630642134,4.049269426315755
7.699116468429565,-11.524944013111426,-7.5259974752912235,0.5543081932934002,0.40536919332342225,3.9989465378202027
7.719114542007446,-11.508083009208992,-7.552363879640124,0.5178823457332329,0.4040610179374926,3.955719129568868
7.739215850830078,-11.496518979917166,-7.578620135901319,0.5473450967343525,0.40174404173856604,3.9178988440158466
7.759132385253906,-11.488938894264827,-7.6047652015805305,0.5696454369695858,0.44955341532593596,3.8841736926842962
7.779180526733398,-11.484325750230699,-7.630798042295907,0.5698306376376423,0.49373225509887564,3.8535277079347923
7.7990100383758545,-11.481894964687518,-7.656717631871044,0.5813697876670632,0.49561814687447625,3.825177332816474
7.819123268127441,-11.48104406572715,-7.682522952427947,0.5716014925652417,0.5656181468744763,3.798521113299204
7.8391125202178955,-11.483629298496735,-7.708212994480008,0.5809852091857466,0.5224087580223569,3.7754163040167272
7.8591063022613525,-11.485873863591417,-7.733786757024966,0.5379268808552298,0.45240875802235686,3.752087106566451
7.879145622253418,-11.490481856290254,-7.759243247637939,0.5746361485013041,0.4482659907382914,3.7312386086523146
7.899020433425903,-11.496609996380757,-7.7845814825643345,0.6319542696961435,0.5182659907382914,3.7120285138164224
7.9192280769348145,-11.503632494611564,-7.809800486812891,0.5757244250067743,0.4967707621050068,3.6938320077986724
7.939064979553223,-11.51340746738891,-7.834899294248628,0.5057244250067743,0.4635643290472218,3.6785081731402824
7.959043264389038,-11.524836636737483,-7.859876947685828,0.5527810515352758,0.4095314221573063,3.6649596890516545
7.979102373123169,-11.537113564099561,-7.884732498980995,0.6227810515352759,0.3949684921768495,3.6523810651185666
7.999220609664917,-11.551972118550793,-7.90946500912588,0.5603044091054472,0.4649684921768495,3.6425071094249137
8.019157648086548,-11.568232225018772,-7.934073548340437,0.5658519065269503,0.5026935012009928,3.634158676678335
8.039189100265503,-11.585037288703708,-7.95855719616577,0.6089981144556078,0.43269350120099276,3.626480092537938
8.059085369110107,-11.601777973335984,-7.982915041557198,0.6159302557149204,0.3816574078169653,3.6188629317787866
8.079147100448608,-11.616312663143704,-8.007146182977113,0.6391701923945221,0.4316384133067915,3.609166480166591
8.099172830581665,-11.628335783268755,-8.031249728488088,0.6642313042917523,0.41900027376832455,3.5970860547806662
8.1191987991333,-11.638297548202745,-8.055224795845753,0.6709332426340553,0.42686377764912337,3.5830727523569923
8.139309883117676,-11.646564994915643,-8.079070512591818,0.6656177679338726,0.4968637776491234,3.5674944823238253
8.159235954284668,-11.651121365594578,-8.102786016147089,0.621787078891066,0.5554227483388969,3.5483353494474894
8.17916488647461,-11.652980012839587,-8.126370453904364,0.5574228393175873,0.4928254214045593,3.526609558935222
8.199158906936646,-11.652915889744731,-8.149822983321469,0.5823735932150158,0.46265122191282004,3.5030929064232623
8.219113111495972,-11.653834286051602,-8.173142772014243,0.5649347773083719,0.4572616083477625,3.4806915140373587
8.23924708366394,-11.653094568780812,-8.196328997849484,0.5815297367313179,0.455717890772503,3.456765570931328
8.259215116500854,-11.653539001530845,-8.219380849037938,0.5814143334733672,0.42593009142903626,3.4341581524929072
8.279114007949829,-11.654794208727656,-8.242297524227308,0.5350244258748718,0.43156584330601633,3.412496684500349
8.29923939704895,-11.65588401166289,-8.26507823259518,0.5831139487432666,0.41881564796669424,3.39080577906771
8.319202899932861,-11.65752567786431,-8.28772219394205,0.5602304739164539,0.4260761479544455,3.3698034839222597
8.339119672775269,-11.661823739633519,-8.310228638784288,0.6302304739164539,0.45852023760555327,3.351595100849231
8.359168291091919,-11.665537258719642,-8.332596808447102,0.5826775120603271,0.4578926777048038,3.33294045027254
8.379204511642456,-11.668746896499552,-8.354825955157544,0.6066558050023743,0.45937286790460363,3.3139209413420083
8.399245977401733,-11.67152195852497,-8.376915342137467,0.5624624552237221,0.47880325008183733,3.2946066163875027
8.41910433769226,-11.6739220362733,-8.398864243696504,0.5192335719274708,0.4088032500818373,3.2750577925767956
8.439137697219849,-11.675998403489027,-8.42067194532508,0.44923357192747077,0.3860536696389319,3.255326458163948
8.459128379821777,-11.67779520526808,-8.442337743787354,0.43072765592805823,0.3160536696389319,3.235457461480726
8.479104280471802,-11.679350471847329,-8.463860947214208,0.45122900691203555,0.3321031422540547,3.2154895246331208
8.499122858047485,-11.680696983919393,-8.485240875196231,0.5101414294200368,0.32653223929926767,3.195456108723162
8.51914930343628,-11.681866060078445,-8.506476858876697,0.4722756789284177,0.36535719243809595,3.1753892012017477
8.539096117019653,-11.680561685699603,-8.527568241044566,0.46789220340870097,0.3247197663597764,3.1529934446550367
8.559183359146118,-11.67525732955903,-8.548514376227407,0.3985815680804081,0.2547197663597764,3.1267429533316218
8.579127788543701,-11.664998112044897,-8.569314630784447,0.40357812486909106,0.2024920680932702,3.0956834812604495
8.59926438331604,-11.651567725399872,-8.58996838299949,0.33357812486909105,0.1407554955594243,3.061599342400381
8.61921763420105,-11.633972315081255,-8.610475023173937,0.29588097729109003,0.2107554955594243,3.0234972919073186
8.639138221740723,-11.613947686018994,-8.63083395371974,0.34179728873394205,0.17513992099091424,2.9831137322992536
8.659306764602661,-11.59044716805674,-8.651044589252413,0.3376023264075048,0.20346187634393587,2.9394025788043265
8.679019927978516,-11.56515171935932,-8.671106356683966,0.33320816116727664,0.22828957831487073,2.894045362675355
8.698974132537842,-11.546225250024518,-8.69101869531592,0.3522345113972552,0.2094152497313918,2.855206554708598
8.719128131866455,-11.541486746507179,-8.710781056932282,0.2956796388546355,0.16078531390056028,2.8307056895748968
8.739181995391846,-11.537372656773684,-8.730392905892494,0.3656796388546355,0.17790627313777818,2.8069797508811902
8.759153127670288,-11.55010489558171,-8.749853719224458,0.2956796388546355,0.2041426396183671,2.8002511763572517
8.779157400131226,-11.576519055710364,-8.769162986717502,0.30766677553154304,0.14561421258375062,2.8073560689928616
8.799129962921143,-11.611740268180421,-8.788320211015325,0.2558020136723645,0.18574034256860628,2.8234200571650963
8.819096326828003,-11.656783131664156,-8.80732490770901,0.2504742552930839,0.21768095551058664,2.8494582239551463
8.839129447937012,-11.721358910306169,-8.826176605429998,0.27488171657867505,0.17540875284001245,2.8951823048761707
8.859246730804443,-11.807065374010929,-8.844874845943085,0.27700310688785984,0.10540875284001244,2.9621905280678433
8.87918472290039,-11.907506361265364,-8.86341918423934,0.3213914681630559,0.17540875284001245,3.0440871770260234
8.899209022521973,-12.015534548600668,-8.881809188629163,0.28295595687202885,0.16266628189012422,3.133725359971505
8.919104814529419,-12.125985585192437,-8.900044440835181,0.2825044572466869,0.17914300991222276,3.2259411443572557
8.939054727554321,-12.235208560115616,-8.918124536085337,0.3525044572466869,0.23127719966694726,3.3170840240302795
8.959047079086304,-12.330038735538894,-8.936049083205766,0.4225044572466869,0.26535645706579103,3.3939896523331274
8.979099035263062,-12.423033966975,-8.953817704713812,0.37635981158557125,0.19535645706579102,3.469216262261188
8.9991135597229,-12.512303802792244,-8.97143003691102,0.44635981158557125,0.26535645706579103,3.5408737658812246
9.019027471542358,-12.5989497027828,-8.9888857299761,0.4331787882858772,0.30985171182081117,3.6100639728066994
9.039118766784668,-12.67917317673883,-9.006184448057917,0.4753937742227573,0.2860911900363864,3.672988728680913
9.05908489227295,-12.752821478157493,-9.023325869368449,0.4710446454139311,0.26577502137050046,3.729495608789044
9.079013109207153,-12.819961800281586,-9.040309686275815,0.541044645413931,0.33577502137050047,3.7796521140057706
9.098976373672485,-12.878495983240983,-9.057135605397182,0.5951393325181562,0.3164045772515239,3.821360377843801
9.118950366973877,-12.929509848228934,-9.073803347691808,0.5434855785520631,0.33642983613535776,3.855706500537126
9.138941287994385,-12.971639434488294,-9.090312648553983,0.5594529457690078,0.34485912686213865,3.881326785934311
9.15896725654602,-13.008217416898088,-9.106663257906039,0.5442377230452258,0.41164441769942656,3.901554158992049
9.178951263427734,-13.038245792091308,-9.12285494029129,0.5068817710803706,0.48164441769942656,3.9153908518000176
9.199013710021973,-13.065249891766884,-9.138887474967062,0.5293890400158126,0.43292899390682593,3.9263624167998223
9.219003200531006,-13.089441698690221,-9.154760655997611,0.5259461839983124,0.45167439205572024,3.9346810426926098
9.23906421661377,-13.113358917701458,-9.17047429234718,0.5426888735333342,0.45699367307126537,3.942884625354278
9.259046077728271,-13.136455077558,-9.186028207972882,0.6126888735333342,0.4586719469679521,3.950426869585119
9.279147386550903,-13.158372248958726,-9.201422241917761,0.6818482173720259,0.43375572651159033,3.9569500070409642
9.299063205718994,-13.181209241417196,-9.216656248403762,0.6638324974218268,0.4155917083425449,3.9645529930134344
9.319089889526367,-13.204083257066872,-9.231730096924633,0.6945745894798894,0.44634968317579493,3.972353160142239
9.339107751846313,-13.22638014604817,-9.24664367233901,0.7,0.39079846344422564,3.97973647370916
9.359067440032959,-13.250004890086817,-9.261396874963324,0.6948795139789581,0.4446507570846008,3.988608015123493
9.379069328308105,-13.27392930863631,-9.275989620664827,0.6897249024361372,0.4433558135805653,3.997939687971483
9.399144887924194,-13.294701099640392,-9.290421840954508,0.6619961250573396,0.3733558135805653,4.004279258685884
9.419122219085693,-13.31546594900457,-9.304693483080177,0.7,0.4095423261402176,4.0107724659243935
9.439135789871216,-13.335678721442667,-9.318804510119321,0.6908501338213682,0.47954232614021763,4.016874211323346
9.459126949310303,-13.354975326584682,-9.332754901072157,0.7,0.432189047294669,4.022220425512526
9.479075908660889,-13.373127019878442,-9.346544650954618,0.6784743878990411,0.42454145797994003,4.026582368923824
9.499043464660645,-13.390005093865813,-9.36017377089128,0.6572486486285924,0.35454145797994,4.029831322974534
9.519027709960938,-13.405553716967331,-9.37364228820841,0.7,0.3480368892429398,4.031911428758921
9.539024114608765,-13.419769147197663,-9.386950246526869,0.6534188359975814,0.35653373159002527,4.032818900670794
9.559038639068604,-13.43268392160352,-9.40009770585517,0.6259783625602722,0.4250056327087806,4.032586215748349
9.57909083366394,-13.444354918426706,-9.413084742682365,0.6339378010481596,0.3550056327087806,4.031270175744341
9.598952054977417,-13.454854423806632,-9.425911450071162,0.6632454123347997,0.35781532278750106,4.02894297373547
9.619032382965088,-13.463970362442588,-9.43857793775071,0.6658060048241168,0.35240171881858273,4.025392424691878
9.639005422592163,-13.472178211477958,-9.451084332209781,0.6797745628748089,0.4029880355531351,4.021093879268177
9.659083366394043,-13.47953900226334,-9.463430776789608,0.7,0.4586258012289183,4.016108225473733
9.678991079330444,-13.486117450110353,-9.475617431776922,0.6962011429015547,0.42869885484222336,4.010500018333431
9.698963642120361,-13.496611819740973,-9.487644474496939,0.7,0.35869885484222336,4.008967345244034
9.719071865081787,-13.516498578244006,-9.499512099406292,0.7,0.351525609069504,4.016986478837714
9.739015102386475,-13.544701340878147,-9.511220518186061,0.6561219438910484,0.3773461325699465,4.033480822692086
9.759027242660522,-13.577936956382835,-9.522769959834744,0.6429943449795246,0.385537437782623,4.055166996548092
9.7790048122406,-13.613792371857569,-9.534160670761178,0.6532610839232802,0.3838358584698291,4.079631701096391
9.79913592338562,-13.650522483443364,-9.54539291487761,0.7,0.39161078705452396,4.105129568565754
9.819199800491333,-13.686892123637154,-9.556466973692643,0.6869404910132288,0.36194019465707256,4.130425149944511
9.839176893234253,-13.718469173814412,-9.56738314640412,0.7,0.4013668306078763,4.151086027410292
9.859180212020874,-13.74946887061926,-9.578141749992302,0.6609582461416721,0.3826112884934993,4.171327120626959
9.879077672958374,-13.779250555357535,-9.588743119312628,0.6068171381950378,0.39026797962375,4.190507436044907
9.899097919464111,-13.807401339619796,-9.599187607188862,0.6768171381950379,0.3557914982456715,4.208213732430934
9.919090747833252,-13.833677421407918,-9.609475584506008,0.7,0.39000768241472555,4.22420183690191
9.939149379730225,-13.857958868210972,-9.61960744030324,0.6948749402537941,0.3345910015422852,4.238351427907732
9.959096908569336,-13.880214945647664,-9.629583581867003,0.6674488166347146,0.3555959149170668,4.250631363780661
9.979217767715454,-13.900477684612845,-9.63940443482385,0.7,0.3613394878711553,4.2610732497889945
9.999211072921753,-13.918821867362709,-9.64907044323355,0.682996616512537,0.3206234395410867,4.26975142412916
10.019198894500732,-13.93534999953377,-9.658582069681971,0.6959790473803877,0.3906234395410867,4.276767929851799
10.039212226867676,-13.950181141354662,-9.66793979537413,0.6805158553645014,0.401367883635685,4.282241345980532
10.059213876724243,-13.96305791734059,-9.67714412022711,0.6302701158449053,0.4362908373307438,4.28591379711348
10.07923412322998,-13.974622659400655,-9.686195562963068,0.5784877313300967,0.4075459795724602,4.288427096437587
10.099281072616577,-13.984971300830592,-9.695094661202251,0.6053692957386374,0.3375459795724602,4.289876639628341
10.11931586265564,-13.994202525222626,-9.703841971555946,0.5915558829903602,0.3632376080285759,4.29036055366668
10.13916015625,-14.002414325675504,-9.712438069719354,0.5548359349370002,0.4332376080285759,4.28997625595615
10.159236192703247,-14.009701633087003,-9.72088355056484,0.53766321092844,0.3632376080285759,4.2888180825221625
10.179270267486572,-14.01615474951633,-9.729179028234562,0.5240960799157619,0.32449571396224214,4.2869757212817685
10.199265241622925,-14.021858382020856,-9.737325136233753,0.5409478049725294,0.32709340219385935,4.284533245787102
10.219232320785522,-14.024574770949538,-9.745322527523545,0.6109478049725294,0.39351882998831583,4.279252243425994
10.2391836643219,-14.025144688824204,-9.753171874613948,0.6366910361498594,0.46351882998831584,4.271972814210256
10.259457111358643,-14.024208689796946,-9.76087386965692,0.6948137827962637,0.39351882998831583,4.263334820140026
10.279270648956299,-14.023396031544292,-9.768429224539235,0.7,0.41826038462109877,4.254966807005058
10.29926609992981,-14.019229459795644,-9.775838670975538,0.6617580138146877,0.3971343359816821,4.243390788820106
10.319269895553589,-14.012843134941402,-9.783102960601337,0.6476017914712429,0.42990789775736643,4.2297401743400656
10.33929181098938,-14.007399672028942,-9.790222865065829,0.6238369259983301,0.40104941119439913,4.2171768069631135
10.359253644943237,-14.000438216367264,-9.797199176125169,0.6780852925032377,0.40140237523242844,4.203239040242096
10.379240274429321,-13.994922209165253,-9.804032705735128,0.6080852925032376,0.33140237523242844,4.190889503430125
10.399243593215942,-13.990555555952405,-9.810724286144325,0.6780852925032377,0.30061188047751797,4.17983126980808
10.419323921203613,-13.987102304203288,-9.817274769987057,0.7,0.3178854369185866,4.169827534216232
10.439287662506104,-13.984374493313988,-9.823685030376312,0.6894342180341482,0.3787558869086207,4.160689462937675
10.459474325180054,-13.98453879869572,-9.829955960996815,0.6519352111965417,0.4487558869086207,4.154582837698905
10.479227781295776,-13.986707581175171,-9.83608847619788,0.6461430977098643,0.39611814593896283,4.150619104977292
10.49921989440918,-13.988590573495479,-9.84208351108653,0.6455184006365016,0.46611814593896284,4.146507062408949
10.519301414489746,-13.991846338184738,-9.847942021620387,0.6426023758715018,0.42532946562394514,4.143904316564351
10.539264678955078,-13.995969798356928,-9.85366498470066,0.695892173028551,0.41893719529733076,4.142304813656267
10.559244155883789,-14.000587269471641,-9.859253398265144,0.6850528178503736,0.4322926227189602,4.141333871206497
10.579272508621216,-14.005426177956098,-9.864708281381231,0.6150528178503736,0.40455644877627506,4.140717896574866
10.599290609359741,-14.010291363583926,-9.870030674338812,0.605047719082795,0.4605587043054403,4.140260689245114
10.61930227279663,-14.01504657935083,-9.875221638743263,0.6551686353003605,0.3905587043054403,4.139824940607568
10.6392343044281,-14.01960008899867,-9.88028225760857,0.6963327988004311,0.3844477124884726,4.1393178313901
10.659247636795044,-14.026209838345777,-9.885213635450043,0.7,0.4235080294683577,4.1409962028957334
10.679336786270142,-14.031757264211073,-9.890016898377603,0.6964657290838658,0.42099727181717767,4.141740365833471
10.699218511581421,-14.036573680979833,-9.894693194188523,0.6568280703388154,0.49099727181717767,4.14188048679131
10.719229459762573,-14.042918703253367,-9.899243692460482,0.7,0.4538185579888524,4.143675010792885
10.7393217086792,-14.05015824260011,-9.903669584644597,0.7,0.4572891157306732,4.146488657955514
10.75928282737732,-14.05782829870537,-9.907972084158319,0.648775116354227,0.4169810164906086,4.149856214547052
10.779197931289673,-14.06559523980995,-9.912152426478515,0.578775116354227,0.36144251490011825,4.153442813331434
10.799257516860962,-14.073224778430895,-9.91621186923429,0.5293631787598132,0.35820769376121475,4.157012909196604
10.819323778152466,-14.080557804296594,-9.920151692300161,0.5855807225406169,0.3946665734704585,4.1604061119964335
10.839314937591553,-14.087491617089132,-9.923973197888852,0.6050010352581738,0.40175986147485687,4.16351841920028
10.859261512756348,-14.09396540439618,-9.927677710644396,0.6682546614855527,0.40813684041611864,4.166287693751784
10.879350662231445,-14.099949051029332,-9.931266577735114,0.630293357297778,0.34052727694623186,4.1686824732942185
10.899172067642212,-14.103118209089459,-9.934741168946477,0.662157516106963,0.37076347644440844,4.168377040142982
10.919322729110718,-14.105869753029708,-9.93810287677423,0.6598052295111119,0.3886849353741856,4.167766876255477
10.939268827438354,-14.106637916355663,-9.941353116517293,0.6702956237085163,0.4380156281124802,4.1652847998383695
10.959268569946289,-14.106008217468819,-9.944493326370694,0.6874844148941337,0.37746105293743326,4.1615148910981254
10.97927474975586,-14.104424186499422,-9.947524967518703,0.7,0.4398374031018467,4.156899218980719
10.99927282333374,-14.099902694030314,-9.950449524227647,0.6326503574848175,0.44522934637032463,4.149453169802667
11.019260168075562,-14.093460061758053,-9.953268503939029,0.64338358938694,0.4885736242588611,4.1401915578190245
11.039247512817383,-14.088169186358101,-9.955983437362331,0.6406060243491083,0.4185736242588611,4.13218574899577
11.059404134750366,-14.08381773919503,-9.958595878568186,0.7,0.4414115108456464,4.125221860626844
11.079234838485718,-14.080233482423635,-9.961107405081266,0.7,0.4595065385010095,4.119126077342369
11.099258184432983,-14.077276563786931,-9.963519617973207,0.6299999999999999,0.3970798708405347,4.113756945813725
11.119275093078613,-14.074833311214944,-9.965834141955678,0.7,0.33858461006544543,4.108999169259265
11.139305830001831,-14.072712016952742,-9.968052625473378,0.6752221200615167,0.3582208741363139,4.104659391479364
11.159249782562256,-14.070969470860778,-9.970176740796921,0.7,0.42822087413631393,4.100792730063857
11.179247617721558,-14.07185226853513,-9.972208184115834,0.6828304946422576,0.46231070390902473,4.099644084419296
11.1992506980896,-14.074535312559465,-9.974148675631653,0.7,0.45339405301027014,4.100386636927812
11.219244480133057,-14.078398061118415,-9.975999959650705,0.7,0.45693814565427615,4.10239810146771
11.239359378814697,-14.082978407026472,-9.977763804677267,0.7,0.40767377798445537,4.105214602349205
11.259280920028687,-14.087936467476451,-9.979442003506467,0.6951923927292227,0.47767377798445537,4.1084944639699845
11.27927541732788,-14.093026211897072,-9.981036373317238,0.6487942075356841,0.44296417911537006,4.111989838579834
11.299246072769165,-14.098073281752526,-9.98254875576536,0.6407457215711474,0.37296417911537005,4.115524525987167
11.319323062896729,-14.102957695700542,-9.983981017076431,0.5979929713532328,0.38830327239818885,4.1189766786241115
11.339239835739136,-14.10760040382858,-9.985335048138761,0.5387257298454642,0.31830327239818884,4.122265355689818
11.359298467636108,-14.111952869745997,-9.986612764596448,0.4869337825104594,0.33776704807765795,4.125340105149549
11.379266738891602,-14.11573179177923,-9.98781610694234,0.5040197240188717,0.31928856325335814,4.127915684836891
11.399275541305542,-14.119269986918296,-9.988947040610974,0.5115621600300073,0.2916961911041291,4.130322946307322
11.419306755065918,-14.122547729111922,-9.990007556071596,0.46873869635164733,0.34578986865468336,4.132540173040326
11.439250946044922,-14.12324183315659,-9.990999668921114,0.40519980229437347,0.3593864089716227,4.132242164235475
11.459234476089478,-14.12212309967943,-9.991925419977079,0.4751998022943735,0.2893864089716227,4.13019767970235
11.47924017906189,-14.117458340763733,-9.99278687537072,0.5451998022943735,0.3593864089716227,4.124671465393012
11.499255657196045,-14.108137173133455,-9.993586126639835,0.4958673549443483,0.40942254503257586,4.11455104649362
11.519237279891968,-14.095827413541963,-9.994325290821786,0.5658673549443483,0.4118358793575318,4.101502122720177
11.539235830307007,-14.079449910798045,-9.995006510546549,0.6038455421477555,0.35561098930425955,4.084443400251496
11.55924677848816,-14.060678660631476,-9.995631954129669,0.6738455421477556,0.37768348705954863,4.065046706501807
11.579225063323975,-14.04073947466665,-9.996203815665163,0.7,0.42249830094166113,4.044535659001486
11.59924864768982,-14.023427764340394,-9.996724315118577,0.7,0.36849566203542067,4.0267034492218166
11.619321346282959,-14.005484089592233,-9.997195698419947,0.6825406819581985,0.3568461120966823,4.008288391172286
11.63930892944336,-13.987574368368948,-9.997620237556788,0.6182346761226654,0.36539794904179884,3.98995413081216
11.65926194190979,-13.972476587483625,-9.998000230667028,0.6377347994595766,0.3439815997052939,3.974476356816597
11.679245471954346,-13.959729825724438,-9.998338002132039,0.6447941719554364,0.4139815997052939,3.9613918235923986
11.69925332069397,-13.951268323465069,-9.99863590266961,0.6287414732389152,0.4539666827488692,3.9526324207954584
11.719377279281616,-13.946006280563264,-9.998896309426915,0.5830020795576274,0.3839666827488692,3.9471099711363493
11.739263534545898,-13.943105200083336,-9.999121626073446,0.5962456225417554,0.38357517147320336,3.9439835740098896
11.759179830551147,-13.94192045555356,-9.999314282894058,0.5929896873887628,0.45357517147320336,3.9426061726595023
11.779277086257935,-13.944275416277804,-9.999476736881974,0.6288173948880285,0.5235751714732033,3.9447986793958307
11.799242496490479,-13.949026922241963,-9.99961147183166,0.6533749369438737,0.5872495841409546,3.949415450410303
11.819288492202759,-13.953152301031754,-9.999720998431876,0.7,0.5172495841409546,3.9534313025998777
11.839234590530396,-13.958899555373664,-9.999807854358664,0.6746343083679676,0.5002580433513504,3.9590917010149997
11.859239339828491,-13.96562186444824,-9.999874604368282,0.7,0.48290841648238714,3.965747260079958
11.879265069961548,-13.975160609796086,-9.999923840390217,0.7,0.4271482787455898,3.9752367694058695
11.89928388595581,-13.9864042040273,-9.999958181620148,0.7,0.46139568457263525,3.9864460224071525
11.919169425964355,-14.000851977273173,-9.999980274612952,0.6640720039606094,0.49967999750631864,4.000871702660222
11.939269304275513,-14.0171445410118,-9.9999927933756,0.6595221253111958,0.42967999750631863,4.0171517476362
11.959244012832642,-14.034289071328496,-9.999998439460285,0.6498096639290452,0.47889269167440945,4.0342906318682115
11.979243516921997,-14.05157351867803,-9.999999942057265,0.5925391705706715,0.4467071595217567,4.051573576620765
11.999145984649658,-14.068499619886136,-10.0,0.6625391705706716,0.4047055321361404,4.068499619886136
12.019108057022095,-14.084730735279976,-10.0,0.7,0.3731789554085117,4.084730735279976
12.039262533187866,-14.098823004064963,-10.0,0.6299999999999999,0.4431789554085117,4.098823004064963
12.059271335601807,-14.112286625361657,-10.0,0.62584784777835,0.4569345469947439,4.112286625361657
12.079283952713013,-14.124958768109911,-10.0,0.6219224563054739,0.3869345469947439,4.124958768109911
12.09926176071167,-14.134430844291668,-10.0,0.6333574155531823,0.3563112972851377,4.134430844291668
12.119260549545288,-14.141430581316301,-10.0,0.6229693746380507,0.3288328631396871,4.1414305813163015
12.1393141746521,-14.144212254548739,-10.0,0.5610860480181872,0.39883286313968713,4.144212254548739
12.159247636795044,-14.146307180621491,-10.0,0.5072891680710017,0.37895521702128465,4.146307180621491
12.179375886917114,-14.145553545921986,-10.0,0.564075831901282,0.3690347857202869,4.145553545921986
12.199275016784668,-14.142841218633174,-10.0,0.634075831901282,0.3689065825904254,4.1428412186331744
12.21931529045105,-14.138839904910828,-10.0,0.6004270839504897,0.4389065825904254,4.138839904910828
12.239262580871582,-14.135365862178695,-10.0,0.6127784133888781,0.44179684883565645,4.135365862178695
12.259238004684448,-14.128716139961021,-10.0,0.6312850260175764,0.4818066901585553,4.128716139961021
12.279335498809814,-14.120035905659275,-10.0,0.7,0.4118066901585553,4.120035905659275
12.299236536026001,-14.11017408406408,-10.0,0.6299999999999999,0.3721583398303483,4.110174084064081
12.31926679611206,-14.09975146232486,-10.0,0.6245166697725653,0.4229098359367345,4.0997514623248605
12.3392813205719,-14.089214006871893,-10.0,0.6343507618829607,0.35551375395269136,4.089214006871893
12.35928225517273,-14.078874503688164,-10.0,0.6262022844702004,0.42551375395269136,4.078874503688164
12.379273176193237,-14.068944990783642,-10.0,0.6602320737391709,0.4152798934897874,4.068944990783642
12.39925742149353,-14.061878288443305,-10.0,0.7,0.4626423812529538,4.061878288443305
12.4192636013031,-14.05698628047064,-10.0,0.7,0.42973996913642626,4.056986280470641
12.439335584640503,-14.05141735290228,-10.0,0.7,0.3716991304478143,4.0514173529022806
12.459280967712402,-14.046582267805956,-10.0,0.6979707414750009,0.41485924861044626,4.046582267805956
12.479307651519775,-14.04364342248582,-10.0,0.7,0.3813937029859517,4.04364342248582
12.499258995056152,-14.042099121151457,-10.0,0.6695571325719356,0.40310978731722574,4.042099121151457
12.519240379333496,-14.041564142668967,-10.0,0.6753048615530133,0.33357980689615946,4.0415641426689675
12.539273023605347,-14.04174431938293,-10.0,0.6134071106091141,0.3761243655404542,4.04174431938293
12.559245824813843,-14.042416480359012,-10.0,0.6205640722066164,0.36682834597886543,4.042416480359012
12.579262018203735,-14.043412649241844,-10.0,0.6905640722066164,0.3738745975366328,4.043412649241844
12.599231004714966,-14.044607613749166,-10.0,0.6673776083439589,0.41951942472369413,4.044607613749166
12.619234800338745,-14.045909164643195,-10.0,0.6515887812525034,0.4070184708631132,4.045909164643195
12.639400720596313,-14.047250446119467,-10.0,0.6776493885368109,0.4372134276723955,4.047250446119467
12.659263610839844,-14.053216670517944,-10.0,0.7,0.4254174272587989,4.053216670517944
12.679262638092041,-14.058396698865645,-10.0,0.7,0.44992018147022467,4.058396698865645
12.699229001998901,-14.078317223811295,-10.0,0.7,0.4237344211956952,4.078317223811295
12.719259262084961,-14.110267553913836,-10.0,0.7,0.410906457627425,4.110267553913836
12.73922085762024,-14.149731503639186,-10.0,0.6717735256999731,0.480906457627425,4.149731503639186
12.759302377700806,-14.193374198272947,-10.0,0.7,0.410906457627425,4.193374198272947
12.779292345046997,-14.238769168740667,-10.0,0.6299999999999999,0.3698511135822628,4.238769168740667
12.799249172210693,-14.284184856078001,-10.0,0.6697907234728335,0.4001254060363863,4.284184856078001
12.819280624389648,-14.328418007332736,-10.0,0.6445878419280051,0.4153598549833987,4.328418007332736
12.839255571365356,-14.372980380254955,-10.0,0.7,0.42089656023890715,4.372980380254955
12.859374046325684,-14.416596987498936,-10.0,0.6673650115728378,0.4330133435374592,4.416596987498936
12.879310131072998,-14.458407173366227,-10.0,0.5973650115728377,0.44373745499760847,4.458407173366227
12.899109125137329,-14.494707844200944,-10.0,0.6673650115728378,0.5137374549976085,4.494707844200944
12.919259071350098,-14.529377920518344,-10.0,0.7,0.44373745499760847,4.529377920518344
12.939305067062378,-14.562001691625044,-10.0,0.7,0.45092676608473997,4.562001691625044
12.959232330322266,-14.59234434316739,-10.0,0.7,0.39411594002158384,4.59234434316739
12.979236364364624,-14.6203028963556,-10.0,0.7,0.3984674623294268,4.6203028963556
12.999133348464966,-14.645868656796935,-10.0,0.7,0.4586059710069094,4.645868656796935
13.019303560256958,-14.666782299250864,-10.0,0.6299999999999999,0.3886059710069094,4.666782299250864
13.039292812347412,-14.683913494791133,-10.0,0.6749187606573104,0.3625475374294911,4.683913494791133
13.059248208999634,-14.700282333992439,-10.0,0.6369163553416728,0.3196156007482205,4.700282333992439
13.079298734664917,-14.713373908301609,-10.0,0.6545339348912238,0.3896156007482205,4.713373908301609
13.099255800247192,-14.72616047960338,-10.0,0.661233881600201,0.3715733418299351,4.726160479603379
13.119142532348633,-14.737262107264245,-10.0,0.6503909827396273,0.3240214044286404,4.737262107264245
13.139118909835815,-14.745720581547493,-10.0,0.591969188414514,0.3940214044286404,4.745720581547493
13.15911340713501,-14.752120251043369,-10.0,0.6267158725485205,0.36994997922913175,4.752120251043369
13.179115295410156,-14.756921252425455,-10.0,0.5707461909577249,0.29994997922913175,4.756921252425455
13.19912052154541,-14.760485320348328,-10.0,0.5186555051431059,0.36994997922913175,4.760485320348328
13.21911883354187,-14.765412655956142,-10.0,0.44865550514310587,0.3592389835848008,4.765412655956142
13.239123344421387,-14.780422423542086,-10.0,0.4984479587897657,0.29430271823541265,4.7804224235420865
13.259116649627686,-14.799723322101924,-10.0,0.5253823925182222,0.30421123885200363,4.799723322101924
13.279123306274414,-14.821496083106236,-10.0,0.5676541071757673,0.3709810846357141,4.821496083106236
13.299094438552856,-14.844411932574625,-10.0,0.5768100968003271,0.406333519598702,4.844411932574625
13.31912350654602,-14.865201456051912,-10.0,0.5874304132908581,0.336333519598702,4.865201456051912
13.339094877243042,-14.88396616943616,-10.0,0.5377633380144833,0.27856117375777106,4.88396616943616
13.359148502349854,-14.900258172682248,-10.0,0.5956050562113522,0.34856117375777107,4.900258172682248
13.379128456115723,-14.91497508051072,-10.0,0.571379027739167,0.35131339494721037,4.91497508051072
13.399136543273926,-14.928210095352396,-10.0,0.5598204959556459,0.3201155695004855,4.928210095352396
13.419133186340332,-14.940067008923513,-10.0,0.5763922486826776,0.3147973054891918,4.9400670089235135
13.439165353775024,-14.952970580715174,-10.0,0.5063922486826775,0.28620576764107686,4.952970580715174
13.459119081497192,-14.966261068554791,-10.0,0.4882960624620316,0.24380579868913632,4.966261068554791
13.479129791259766,-14.977153683228273,-10.0,0.47090861458331323,0.2696859026199673,4.9771536832282735
13.49927568435669,-14.988410056520694,-10.0,0.42540642131119943,0.19968590261996727,4.988410056520694
13.519150018692017,-14.999622428907024,-10.0,0.487081992216408,0.19094540300429802,4.999622428907024
13.539151191711426,-15.008192390158136,-10.0,0.43921511877328134,0.23186292248428803,5.008192390158136
13.559124231338501,-15.015633049317854,-10.0,0.45024919394403673,0.25204613181413155,5.015633049317854
13.579180002212524,-15.021161294193242,-10.0,0.4450402658060191,0.24993086122558456,5.0211612941932415
13.599206924438477,-15.025215517235944,-10.0,0.37504026580601907,0.17993086122558455,5.025215517235944
13.61912226676941,-15.03277176111844,-10.0,0.3880887004360554,0.17862644849927167,5.03277176111844
13.639135360717773,-15.05182668845599,-10.0,0.3337664726004002,0.10862644849927167,5.051826688455989
13.6591796875,-15.082998881817119,-10.0,0.2880065786466,0.1450747483840678,5.082998881817119
13.679147243499756,-15.12176595111816,-10.0,0.24712357398122525,0.08399908332736233,5.12176595111816
13.699166536331177,-15.164786570584418,-10.0,0.19521067764610028,0.13844283013255337,5.164786570584418
13.719209432601929,-15.209627818876651,-10.0,0.23021737214177823,0.06844283013255337,5.209627818876651
13.739208221435547,-15.256868202062,-10.0,0.30021737214177824,0.13232553868205288,5.256868202062
13.759155988693237,-15.306846310185213,-10.0,0.37021737214177824,0.06232553868205287,5.306846310185213
13.779123783111572,-15.350238579659484,-10.0,0.30021737214177824,0.13232553868205288,5.350238579659484
13.799206733703613,-15.399715793112554,-10.0,0.28454273637384153,0.17991776509792545,5.399715793112554
13.819189310073853,-15.452115522836365,-10.0,0.35454273637384154,0.24991776509792546,5.452115522836365
13.839095830917358,-15.507480533927852,-10.0,0.304437023065984,0.2169610904029105,5.507480533927852
13.85908579826355,-15.572711424763284,-10.0,0.3441526223346589,0.24678120291442612,5.572711424763284
13.879084348678589,-15.663922942103698,-10.0,0.4141526223346589,0.2698853322735522,5.663922942103698
13.89916467666626,-15.786990660783056,-10.0,0.4824189172312615,0.252119942518184,5.786990660783056
13.919142961502075,-15.928941636675573,-10.0,0.4976502276211975,0.2929739532491658,5.928941636675573
13.939019441604614,-16.077951102415444,-10.0,0.4691544036567209,0.31427701464504937,6.077951102415444
13.959031343460083,-16.225619780310538,-10.0,0.44957870721816995,0.282213195177028,6.225619780310538
13.979197263717651,-16.36383268472906,-10.0,0.40921320497989633,0.21221319517702797,6.363832684729061
13.99910831451416,-16.483832657088247,-10.0,0.40703926363028564,0.27638902446837166,6.4838326570882465
14.01919937133789,-16.5890732030705,-10.0,0.47703926363028565,0.2480382074287627,6.589073203070502
14.03913402557373,-16.678972188915054,-10.0,0.41075367578305283,0.21872068500728348,6.678972188915054
14.059213399887085,-16.75584594917862,-10.0,0.42777747572399655,0.2855948463699315,6.755845949178621
14.079107522964478,-16.81933029485417,-10.0,0.46061632321216145,0.33198239958495834,6.8193302948541685
14.099223375320435,-16.874157840153686,-10.0,0.5306163232121615,0.39542866057367065,6.874157840153686
14.119061470031738,-16.92152756723779,-10.0,0.5145611639413981,0.4260807961842511,6.9215275672377885
14.139216661453247,-16.960152467567696,-10.0,0.5210264168959109,0.4318583335413132,6.960152467567696
14.15920877456665,-16.994001775353954,-10.0,0.5745827138703314,0.38189558942453006,6.994001775353954
14.179157495498657,-17.021325607047135,-10.0,0.5874969942774622,0.45189558942453006,7.021325607047135
14.19914698600769,-17.04339685410113,-10.0,0.6366278773453085,0.4880861923529301,7.043396854101129
14.219252347946167,-17.062559674299102,-10.0,0.6002298539783804,0.4819418028427754,7.062559674299102
14.239258766174316,-17.077875723058956,-10.0,0.5803705716785041,0.4119418028427754,7.0778757230589555
14.259377479553223,-17.09011622684071,-10.0,0.6410840081330387,0.3841321643127594,7.09011622684071
14.279229164123535,-17.09526522393954,-10.0,0.6005497949477283,0.42225678522721866,7.095265223939538
14.299182891845703,-17.08608750570474,-10.0,0.6198077371623365,0.3969845667167101,7.086087505704739
14.31914758682251,-17.062567913065788,-10.0,0.6376095732953397,0.43533127453760245,7.062567913065788
14.339103937149048,-17.029706591573554,-10.0,0.593261195560917,0.3734105012996588,7.029706591573554
14.359102725982666,-16.991222744721114,-10.0,0.5891588011104611,0.43290924724773505,6.991222744721114
14.37904143333435,-16.94984783950975,-10.0,0.5953850608598439,0.38915650990442374,6.949847839509751
14.398993492126465,-16.907555292985908,-10.0,0.631376208020374,0.39308459709049204,6.907555292985908
14.419071912765503,-16.865739986339648,-10.0,0.5925443854462353,0.3939257039607037,6.865739986339648
14.439056158065796,-16.82943486951389,-10.0,0.6448116388451306,0.342545926469611,6.829434869513889
14.459043264389038,-16.793837169792692,-10.0,0.6076274264883248,0.30059918006067166,6.793837169792692
14.479021787643433,-16.759669001738782,-10.0,0.5571297455858437,0.31682728593354115,6.759669001738782
14.499048233032227,-16.727394256836796,-10.0,0.4871297455858437,0.36511212949757466,6.727394256836796
14.519115686416626,-16.69728524406526,-10.0,0.4746853323187677,0.3701289639726747,6.6972852440652595
14.539042234420776,-16.66947402627,-10.0,0.4046853323187677,0.3219269783154596,6.669474026269999
14.558974981307983,-16.643991773576115,-10.0,0.4746853323187677,0.32168624842655846,6.643991773576115
14.579047918319702,-16.62079875651454,-10.0,0.5368892909493295,0.34086858959984967,6.620798756514539
14.599126100540161,-16.59980704721188,-10.0,0.4745252752210942,0.30322542520356366,6.599807047211879
14.619129657745361,-16.580897557456357,-10.0,0.5140770250465718,0.33066273586940953,6.580897557456357
14.639545440673828,-16.561616346148124,-10.0,0.5140770250465718,0.33066273586940953,6.561616346148124
14.665442943572998,-16.544875906217616,-10.0,0.5337023218628016,0.34272613389533946,6.544875906217616
14.679370880126953,-16.52805062124999,-10.0,0.5015281108673659,0.3599026465241332,6.528050621249989
14.703885793685913,-16.511609833178188,-10.0,0.5015281108673659,0.3599026465241332,6.511609833178188
14.719415187835693,-16.49586940434661,-10.0,0.571528110867366,0.28990264652413317,6.49586940434661
14.739468097686768,-16.481030268663293,-10.0,0.571528110867366,0.28990264652413317,6.481030268663293
14.759465217590332,-16.467208237402303,-10.0,0.5015281108673659,0.3163461559091229,6.467208237402303
14.781145334243774,-16.45445694512861,-10.0,0.571528110867366,0.2463461559091229,6.454456945128609
14.800173997879028,-16.442785426148887,-10.0,0.571528110867366,0.2463461559091229,6.4427854261488875
14.819018840789795,-16.432171498205268,-10.0,0.5817147560697047,0.24239555493113585,6.432171498205268
14.839179515838623,-16.422571881236248,-10.0,0.5749486314412204,0.31239555493113585,6.422571881236248
14.859227657318115,-16.413929781700347,-10.0,0.5049486314412204,0.34523683130857535,6.413929781700347
14.879322528839111,-16.40642649024,-10.0,0.5274575320538131,0.3345445198577363,6.406426490240001
14.8992440700531,-16.399665967431172,-10.0,0.527814440213842,0.28954049475607463,6.399665967431172
14.919206619262695,-16.393599530048338,-10.0,0.5139065708674022,0.2884417748649139,6.393599530048338
14.939217567443848,-16.388175071128373,-10.0,0.5839065708674023,0.3584417748649139,6.388175071128373
14.95919132232666,-16.38333947892049,-10.0,0.5670020211942026,0.3572616899770219,6.38333947892049
14.97913122177124,-16.379040343522636,-10.0,0.4970020211942026,0.4215571830433328,6.379040343522636
14.999196290969849,-16.375227123780526,-10.0,0.5348048329062292,0.3515571830433328,6.375227123780526
15.019248008728027,-16.374168256626415,-10.0,0.4726636863953897,0.40421190761146136,6.374168256626415
15.039194583892822,-16.375050415194746,-10.0,0.5426636863953898,0.38740342572447845,6.375050415194746
15.05918550491333,-16.3772575230389,-10.0,0.5972190503485033,0.3208045186114032,6.3772575230388995
15.079118013381958,-16.380326746621375,-10.0,0.5272190503485032,0.29803586840745994,6.380326746621375
15.099188566207886,-16.38299152489668,-10.0,0.5135073724843093,0.32236261196550914,6.382991524896681
15.1192307472229,-16.38622751839196,-10.0,0.5375181778974363,0.34605404079076835,6.386227518391959
15.139177322387695,-16.3897749825327,-10.0,0.5095834124542304,0.3861501970898826,6.3897749825327
15.159192085266113,-16.3934452950462,-10.0,0.5795834124542305,0.3689448097359855,6.393445295046199
15.17907190322876,-16.3971042049383,-10.0,0.5313632809079716,0.35916607730207034,6.397104204938302
15.199131488800049,-16.400658764611318,-10.0,0.5718108140386173,0.32122640960034915,6.400658764611318
15.219177722930908,-16.401730816538123,-10.0,0.504112461999757,0.3590814051788766,6.401730816538123
15.239145755767822,-16.40336666144909,-10.0,0.5064551038190255,0.2890814051788766,6.403366661449091
15.259155988693237,-16.405350993411766,-10.0,0.5666656484350094,0.31536977298674174,6.405350993411766
15.279058694839478,-16.405208732716698,-10.0,0.6242400472506413,0.2963331260543782,6.405208732716698
15.298924684524536,-16.40359313165518,-10.0,0.5868298662349114,0.27538655445096083,6.403593131655182
15.318949699401855,-16.40219042556532,-10.0,0.5168298662349113,0.29912853174027987,6.402190425565319
15.33904767036438,-16.399778890970136,-10.0,0.5205066290393003,0.3691285317402799,6.399778890970136
15.359044313430786,-16.396730199581057,-10.0,0.46036756529356326,0.3035532077413518,6.396730199581057
15.378931760787964,-16.39331929949296,-10.0,0.4216075141623148,0.35204193271812984,6.393319299492958
15.398933172225952,-16.389746710242203,-10.0,0.3953475014015564,0.3308732984226663,6.389746710242203
15.418906211853027,-16.386155970074284,-10.0,0.3789160673215517,0.2771566984814126,6.3861559700742845
15.43910551071167,-16.38264725621024,-10.0,0.37129223697702374,0.2071566984814126,6.382647256210241
15.459063529968262,-16.379287987992317,-10.0,0.34909138806979145,0.1371566984814126,6.379287987992317
15.47905421257019,-16.37612105495177,-10.0,0.376928169064922,0.15924117304501123,6.376121054951771
15.499069213867188,-16.373171178344286,-10.0,0.4117985663644501,0.18127778135356493,6.373171178344286
15.519054412841797,-16.370449808570907,-10.0,0.34485845991293873,0.1764215986256022,6.370449808570907
15.53899621963501,-16.368087045853787,-10.0,0.32492038027266945,0.10642159862560219,6.3680870458537875
15.559099435806274,-16.365907465667522,-10.0,0.39492038027266946,0.14312835542601532,6.365907465667522
15.579031705856323,-16.363912563085623,-10.0,0.33686696500400987,0.2104087298933882,6.3639125630856235
15.599083185195923,-16.362098509398255,-10.0,0.2911083935282656,0.2343787396524567,6.362098509398255
15.61908221244812,-16.36277422708926,-10.0,0.23160923407296624,0.1643787396524567,6.362774227089261
15.639248609542847,-16.365161482774383,-10.0,0.24127432093839135,0.14608434749883598,6.365161482774383
15.659268140792847,-16.37099097146101,-10.0,0.31127432093839136,0.08407918525976127,6.3709909714610085
15.679183721542358,-16.376741384169517,-10.0,0.24127432093839135,0.15407918525976128,6.376741384169517
15.699196338653564,-16.384601668819695,-10.0,0.18107058615307298,0.21823662651819176,6.384601668819695
15.719254970550537,-16.393720272252896,-10.0,0.251070586153073,0.14823662651819175,6.393720272252896
15.739198684692383,-16.40578890754061,-10.0,0.30427666113595453,0.10989599092048591,6.405788907540611
15.75909686088562,-16.416267204824297,-10.0,0.2916419963620135,0.1355908156756777,6.4162672048242975
15.77927851676941,-16.428686034832033,-10.0,0.22164199636201348,0.09906937716645187,6.428686034832033
15.799203872680664,-16.442125423938464,-10.0,0.2916419963620135,0.16906937716645187,6.442125423938464
15.819164752960205,-16.455919479745308,-10.0,0.3616419963620135,0.23906937716645188,6.455919479745308
15.839129209518433,-16.46959633922437,-10.0,0.3212093718431422,0.18985640360158867,6.4695963392243705
15.859215497970581,-16.482831344249774,-10.0,0.3275503402657339,0.24805246768635697,6.4828313442497745
15.879066705703735,-16.49541063866965,-10.0,0.39725185540388314,0.17805246768635696,6.49541063866965
15.899132013320923,-16.507202963370506,-10.0,0.38569124677102057,0.21317354722064918,6.507202963370506
15.919182777404785,-16.51813788884484,-10.0,0.3712324004701802,0.2652375003520865,6.518137888844841
15.939226627349854,-16.525872744716768,-10.0,0.34517824166337935,0.19523750035208648,6.525872744716768
15.95914912223816,-16.531181043579586,-10.0,0.41517824166337935,0.17417045844835227,6.531181043579586
15.979182004928589,-16.535789844179593,-10.0,0.3981695962033698,0.11662435693782752,6.535789844179593
15.999229431152344,-16.536349134056284,-10.0,0.45211043254355876,0.18606271011871284,6.536349134056284
16.019222021102905,-16.53408097302857,-10.0,0.5221104325435588,0.2508782313589472,6.534080973028569
16.039201498031616,-16.529908697093003,-10.0,0.4831364193640182,0.27435304572922176,6.529908697093003
16.059224605560303,-16.524523820104562,-10.0,0.4131364193640182,0.29636205336195415,6.524523820104562
16.079110145568848,-16.51843861202242,-10.0,0.35587222174624894,0.2947614625946153,6.518438612022418
16.099199533462524,-16.51202734268409,-10.0,0.42587222174624895,0.3107971870258916,6.512027342684089
16.119220733642578,-16.507874913986296,-10.0,0.39898979120771383,0.2871389579877723,6.507874913986296
16.13924288749695,-16.512349912850176,-10.0,0.33584570341627096,0.27214631670271044,6.512349912850176
16.159139394760132,-16.522699415896625,-10.0,0.38345844128052686,0.2892985106364358,6.522699415896625
16.179200172424316,-16.53685647450145,-10.0,0.3151522559754083,0.2192985106364358,6.536856474501452
16.19921350479126,-16.54914799422903,-10.0,0.3605938424996564,0.27263245993410234,6.549147994229031
16.219172477722168,-16.56395689013355,-10.0,0.43059384249965643,0.22292921208892946,6.56395689013355
16.23925280570984,-16.58012401937463,-10.0,0.4328902248281518,0.273638400073396,6.5801240193746295
16.259220361709595,-16.59680846793031,-10.0,0.43675963077577745,0.2660981373034883,6.596808467930309
16.279241800308228,-16.613412519486285,-10.0,0.4180878499511162,0.3360981373034883,6.613412519486285
16.299270391464233,-16.629523130845335,-10.0,0.4880878499511162,0.3186810603283811,6.629523130845335
16.319215536117554,-16.64486641485197,-10.0,0.4815494690823833,0.32946897576679474,6.644866414851968
16.339137077331543,-16.65927235768019,-10.0,0.46487986415508187,0.2849335325800348,6.659272357680191
16.359248399734497,-16.67264757458165,-10.0,0.42467104017618096,0.2710756268270779,6.672647574581649
16.379143714904785,-16.684954367010448,-10.0,0.4212873233749995,0.213004870332079,6.684954367010448
16.39924716949463,-16.696194708508024,-10.0,0.4316277234151492,0.19741689506103283,6.696194708508024
16.419316291809082,-16.705953859975768,-10.0,0.37649330033804274,0.1955147283070255,6.705953859975768
16.43915629386902,-16.714871220525875,-10.0,0.42775016187573767,0.17518324683536773,6.714871220525875
16.459176063537598,-16.722968873492785,-10.0,0.3961123107268939,0.20228578615118747,6.7229688734927855
16.47919011116028,-16.730283760834578,-10.0,0.3261123107268939,0.19978038663160985,6.730283760834578
16.499273538589478,-16.73686217141708,-10.0,0.2561123107268939,0.16200961241615003,6.73686217141708
16.519265174865723,-16.742755666347144,-10.0,0.2840774298354516,0.23200961241615004,6.7427556663471435
16.53924298286438,-16.748018109839524,-10.0,0.28413912947580666,0.16200961241615003,6.748018109839524
16.55925226211548,-16.755019894301153,-10.0,0.21413912947580666,0.11537079209578222,6.755019894301153
16.579237937927246,-16.763045259666765,-10.0,0.24058707568154186,0.06323812225949949,6.7630452596667645
16.59925675392151,-16.77157007664008,-10.0,0.17058707568154186,0.09127245912444776,6.7715700766400815
16.61912751197815,-16.7802171322777,-10.0,0.18818615357682555,0.16127245912444776,6.7802171322776985
16.639249563217163,-16.787724726752096,-10.0,0.14931817333505004,0.15766048656892961,6.787724726752096
16.659233570098877,-16.797555833550884,-10.0,0.21931817333505005,0.08766048656892961,6.797555833550884
16.679211139678955,-16.811058056836334,-10.0,0.28931817333505006,0.15766048656892961,6.811058056836334
16.699237823486328,-16.829070664195175,-10.0,0.3335077717463717,0.15480313140084034,6.829070664195175
16.71924066543579,-16.84974137568726,-10.0,0.2967253431241259,0.10087348210741764,6.849741375687259
16.73923897743225,-16.87402992795671,-10.0,0.3656679197709307,0.030873482107417638,6.874029927956709
16.759251356124878,-16.900191239396193,-10.0,0.3514050032506928,0.0,6.900191239396193
16.779271602630615,-16.924647506028165,-10.0,0.33166595842048974,0.047217074781656265,6.924647506028165
16.79912257194519,-16.949591287688506,-10.0,0.26166595842048973,0.11721707478165627,6.949591287688506
16.81923747062683,-16.974216297028864,-10.0,0.27319908838078827,0.1620374132692814,6.974216297028864
16.839139223098755,-17.004919948103264,-10.0,0.3431990883807883,0.2320374132692814,7.0049199481032645
16.8591411113739,-17.031577641867496,-10.0,0.2815695397119269,0.1620374132692814,7.0315776418674965
16.87911105155945,-17.094610276782046,-10.0,0.29718050374940486,0.10902727738022805,7.094610276782046
16.899113655090332,-17.222941280897427,-10.0,0.309891557463561,0.03902727738022804,7.222941280897427
16.919052362442017,-17.42335762915695,-10.0,0.239891557463561,0.10446015372872353,7.42335762915695
16.939074993133545,-17.666244746736403,-10.0,0.309891557463561,0.04283926635980606,7.666244746736403
16.95899724960327,-17.929913617055867,-10.0,0.2705479023541555,0.0,7.929913617055867
16.979110956192017,-18.20338446904483,-10.0,0.20054790235415548,0.0,8.203384469044831
16.998992204666138,-18.476456290377392,-10.0,0.2051299228082642,0.07,8.476456290377392
17.01895022392273,-18.74205417398767,-10.0,0.18292889694974274,0.1038900424540043,8.742054173987668
17.03890895843506,-18.995461002753824,-10.0,0.2065181354741797,0.05527560010552407,8.995461002753824
17.059070587158203,-19.238354349584277,-10.0,0.13651813547417968,0.0,9.238354349584277
17.079041242599487,-19.449240554664108,-10.0,0.06651813547417967,0.07,9.449240554664108
17.098958492279053,-19.652956944828755,-10.0,0.13651813547417968,0.0,9.652956944828755
17.119070768356323,-19.8463243980832,-10.0,0.1284216351743087,0.0,9.846324398083201
17.13895297050476,-20.029723851738048,-10.0,0.19462771042541116,0.0,10.029723851738048
17.159202337265015,-20.2036826029628,-10.0,0.12462771042541115,0.059678107500076294,10.2036826029628
17.17918300628662,-20.36881571075908,-10.0,0.16973318263248055,0.1296781075000763,10.36881571075908
17.199170112609863,-20.521150285796207,-10.0,0.23755687578872292,0.08909587532281876,10.521150285796207
17.219159603118896,-20.662896837053946,-10.0,0.16755687578872291,0.15909587532281877,10.662896837053946
17.239062309265137,-20.79355343895651,-10.0,0.23755687578872292,0.08909587532281876,10.793553438956511
17.259182691574097,-20.913063738261204,-10.0,0.29842067241028397,0.08162549061700702,10.913063738261204
17.279005765914917,-21.019366004645363,-10.0,0.2914438760961637,0.011625490617007017,11.019366004645363
17.29910397529602,-21.111660346345836,-10.0,0.30327384929463713,0.0,11.111660346345836
17.319056272506714,-21.19382494882462,-10.0,0.2601254471699938,0.0,11.19382494882462
17.339052200317383,-21.26678819336101,-10.0,0.1901254471699938,0.029500778764486313,11.266788193361009
17.35910439491272,-21.329121068145355,-10.0,0.20218144025013296,0.0,11.329121068145355
17.379096746444702,-21.38011117181304,-10.0,0.1325063448707804,0.030298827216029167,11.380111171813041
17.39912748336792,-21.42419531801749,-10.0,0.06928073282644598,0.10029882721602917,11.424195318017489
17.419006824493408,-21.471586280699317,-10.0,0.13928073282644599,0.07479998998343945,11.471586280699317
17.439058780670166,-21.54087224234616,-10.0,0.16642299491271823,0.0047999899834394455,11.540872242346161
17.45909094810486,-21.64670349836232,-10.0,0.23642299491271823,0.01848362199962139,11.64670349836232
17.479074478149414,-21.786710969384426,-10.0,0.16642299491271823,0.0,11.786710969384426
17.499062061309814,-21.946766688325177,-10.0,0.10800888958678095,0.0,11.946766688325177
17.519107818603516,-22.085731149926097,-10.0,0.17800888958678096,0.07,12.085731149926097
17.539211750030518,-22.237181769850306,-10.0,0.14925689603493064,0.0,12.237181769850306
17.559224367141724,-22.393313565931333,-10.0,0.21925689603493065,0.03719272091984749,12.393313565931333
17.5792076587677,-22.548581978438836,-10.0,0.2128962101164505,0.0,12.548581978438836
17.599210500717163,-22.699158619101397,-10.0,0.14289621011645048,0.0,12.699158619101397
17.61918592453003,-22.842508015515012,-10.0,0.0845514175418064,0.07,12.842508015515012
17.639271020889282,-22.97705955143414,-10.0,0.1545514175418064,0.0,12.977059551434142
17.659229040145874,-23.099637826153977,-10.0,0.12837510832876414,0.008776916190981865,13.099637826153977
17.679190635681152,-23.212985518698662,-10.0,0.07198785522312373,0.07877691619098187,13.212985518698662
17.69925284385681,-23.314618215074578,-10.0,0.14198785522312374,0.008776916190981865,13.314618215074578
17.71922206878662,-23.39616999318117,-10.0,0.17830449962348194,0.0,13.396169993181172
17.739229440689087,-23.46697532904908,-10.0,0.17215985912189335,0.0,13.466975329049081
17.75914740562439,-23.50456888576807,-10.0,0.1546645603637442,0.0,13.50456888576807
17.7792387008667,-23.494939935776923,-10.0,0.16299578468606324,0.0,13.494939935776923
17.799212217330933,-23.4272850980352,-10.0,0.169075479407911,0.0,13.427285098035199
17.819266319274902,-23.302578865908032,-10.0,0.13097491641819925,0.014136584475636482,13.302578865908032
17.839149475097656,-23.141532471522112,-10.0,0.0783782393235013,0.0,13.141532471522112
17.85905170440674,-22.959489272405097,-10.0,0.13705234010994882,0.0,12.959489272405097
17.879064083099365,-22.767659832906958,-10.0,0.20705234010994883,0.0,12.767659832906958
17.899098873138428,-22.574088706903574,-10.0,0.27705234010994884,0.009818942286074162,12.574088706903574
17.91915249824524,-22.384409386007558,-10.0,0.20705234010994883,0.07981894228607417,12.384409386007558
17.939079999923706,-22.20243221510713,-10.0,0.27705234010994884,0.035908103622496135,12.20243221510713
17.95912218093872,-22.04443498923357,-10.0,0.34705234010994884,0.04082685539498926,12.044434989233569
17.97908639907837,-21.89342357046503,-10.0,0.35276569723442647,0.0,11.893423570465028
17.999061584472656,-21.748927898377914,-10.0,0.34227373841509673,0.0,11.748927898377914
18.019102811813354,-21.61276610447605,-10.0,0.2722737384150967,0.0,11.612766104476052
18.03909921646118,-21.485981388837864,-10.0,0.21428152966604086,0.03031560406088829,11.485981388837864
18.05908751487732,-21.373683902084075,-10.0,0.28428152966604087,0.05485471524298191,11.373683902084075
18.079071044921875,-21.30452107435212,-10.0,0.23219500872597548,0.035024652257561684,11.30452107435212
18.099123001098633,-21.329682913663554,-10.0,0.16219500872597548,0.0,11.329682913663554
18.11906671524048,-21.484555429049724,-10.0,0.20239399421319815,0.0,11.484555429049724
18.139074563980103,-21.776400450109506,-10.0,0.22426229949400278,0.0,11.776400450109506
18.159122467041016,-22.174223132518822,-10.0,0.2696377509395823,0.0,12.174223132518822
18.17916226387024,-22.519622942282005,-10.0,0.1996377509395823,0.0,12.519622942282005
18.199135780334473,-22.932739834684547,-10.0,0.2696377509395823,0.06998009979724884,12.932739834684547
18.219138860702515,-23.38200403531576,-10.0,0.25039498928294035,0.13998009979724885,13.38200403531576
18.239171504974365,-23.844535138381268,-10.0,0.32039498928294036,0.06998009979724884,13.844535138381268
18.259066581726074,-24.304091214096786,-10.0,0.27640628832683417,0.09448047913610935,14.304091214096786
18.2791805267334,-24.74715299441599,-10.0,0.23708810302719924,0.08685194840654731,14.747152994415991
18.299240112304688,-25.164764965796763,-10.0,0.2447770663473055,0.12632560497149825,15.164764965796763
18.31920838356018,-25.553693878932066,-10.0,0.3147770663473055,0.19033428793773055,15.553693878932066
18.339250326156616,-25.910133573012725,-10.0,0.36487984785169814,0.12564500933513045,15.910133573012725
18.359238386154175,-26.227663916994548,-10.0,0.29487984785169813,0.14153418457135558,16.227663916994548
18.37921380996704,-26.502851065316516,-10.0,0.36487984785169814,0.1352913649752736,16.502851065316516
18.399279832839966,-26.741775573351187,-10.0,0.30097726115316603,0.12025539297610521,16.741775573351187
18.41935157775879,-26.934917200148146,-10.0,0.2539406021806643,0.13180269580334425,16.934917200148146
18.439361810684204,-27.07495427019518,-10.0,0.19282946490973685,0.06180269580334424,17.07495427019518
18.459285497665405,-27.148935463618088,-10.0,0.18130098318040822,0.036087825261056417,17.148935463618088
18.47921395301819,-27.161187683185993,-10.0,0.23020359163463566,0.028468923475593322,17.161187683185993
18.49928307533264,-27.12792491183157,-10.0,0.24978653003752682,0.05291931314393877,17.12792491183157
18.519331216812134,-27.063924955544937,-10.0,0.17978653003752681,0.039149573836475604,17.063924955544937
18.539289236068726,-26.98257861241829,-10.0,0.24978653003752682,0.0,16.98257861241829
18.55936288833618,-26.891327682779274,-10.0,0.17978653003752681,0.07,16.891327682779274
18.579163074493408,-26.79791847787142,-10.0,0.24978653003752682,0.10090332821011544,16.79791847787142
18.59931969642639,-26.707788314965605,-10.0,0.17978653003752681,0.12632537789642811,16.707788314965605
18.61932921409607,-26.62953500639844,-10.0,0.24342601438343975,0.1842395120114088,16.62953500639844
18.639329433441162,-26.556685908999093,-10.0,0.31342601438343975,0.17641677025705577,16.556685908999093
18.659318208694458,-26.48951040111161,-10.0,0.2842405982065246,0.22499325189739466,16.48951040111161
18.679312467575073,-26.428046060811855,-10.0,0.3542405982065246,0.15846492413431407,16.428046060811855
18.699316263198853,-26.369852123796583,-10.0,0.2842405982065246,0.11807057324796916,16.369852123796583
18.719290256500244,-26.308514395659373,-10.0,0.21424059820652458,0.18807057324796916,16.308514395659373
18.739350080490112,-26.23039516446795,-10.0,0.2842405982065246,0.20603790167719127,16.23039516446795
18.759225130081177,-26.110249780613778,-10.0,0.26769812439859364,0.17046700451523067,16.110249780613778
18.77924871444702,-25.927018703263688,-10.0,0.33769812439859365,0.10173827443271877,15.927018703263688
18.799324989318848,-25.681635092850748,-10.0,0.3178851660835788,0.1226210429891944,15.681635092850748
18.819254875183105,-25.394915912424015,-10.0,0.33303496619046186,0.18563483502715827,15.394915912424015
18.839283227920532,-25.145978999689223,-10.0,0.26303496619046185,0.11563483502715827,15.145978999689223
18.859177350997925,-24.87090892445157,-10.0,0.19303496619046184,0.04563483502715826,14.87090892445157
18.8791561126709,-24.584936708705627,-10.0,0.12303496619046184,0.0,14.584936708705627
18.89924454689026,-24.29892884693594,-10.0,0.1263486028305486,0.0,14.29892884693594
18.91915798187256,-24.02043393294669,-10.0,0.07390772855200323,0.0,14.020433932946691
18.93934941291809,-23.754497069289744,-10.0,0.14390772855200323,0.0,13.754497069289744
18.959224224090576,-23.508924215525607,-10.0,0.12374349771358523,0.0,13.508924215525607
18.979369640350342,-23.28628419896175,-10.0,0.19374349771358523,0.07,13.286284198961749
18.99947762489319,-23.09007323235725,-10.0,0.26374349771358524,0.13228562816977502,13.090073232357248
19.019407510757446,-22.924339529936464,-10.0,0.19374349771358523,0.06228562816977501,12.924339529936464
19.039464473724365,-22.791091676996135,-10.0,0.20868796447582993,0.0,12.791091676996135
19.059365034103394,-22.675402489094104,-10.0,0.27868796447582994,0.03726695105433464,12.675402489094104
19.07936453819275,-22.583475285579336,-10.0,0.3174444765812949,0.06208561733365059,12.583475285579336
19.099323749542236,-22.510475422960457,-10.0,0.3874444765812949,0.09914225712418556,12.510475422960457
19.119377374649048,-22.452546024448235,-10.0,0.3762769242591456,0.05570210888981819,12.452546024448235
19.13940739631653,-22.408927346527086,-10.0,0.30907375270791804,0.0626303474418819,12.408927346527086
19.159184217453003,-22.374081832534014,-10.0,0.35200909430452143,0.08236013120040298,12.374081832534014
19.179388999938965,-22.346248336289648,-10.0,0.36561490314372336,0.15236013120040298,12.346248336289648
19.199337482452393,-22.342549583822745,-10.0,0.34399543421633993,0.12035186326131225,12.342549583822745
19.219270706176758,-22.38814070535183,-10.0,0.298204638979514,0.15030763594433666,12.38814070535183
19.239208698272705,-22.52004206527918,-10.0,0.27530032860406195,0.17370378335937858,12.520042065279181
19.259146213531494,-22.747794498375765,-10.0,0.34530032860406196,0.18427320307120681,12.747794498375765
19.279195547103882,-22.945534975585964,-10.0,0.4090579493559197,0.17660972725600005,12.945534975585964
19.2992525100708,-23.21475319455127,-10.0,0.3978036741382674,0.20961379509419203,13.214753194551271
19.31920051574707,-23.524206888118155,-10.0,0.33727702001400744,0.2301300621405244,13.524206888118155
19.339205265045166,-23.851135387431686,-10.0,0.2788252631790236,0.2839921458438039,13.851135387431686
19.359283447265625,-24.17463633462881,-10.0,0.2088252631790236,0.3539921458438039,14.174636334628811
19.37922716140747,-24.468699953453225,-10.0,0.2788252631790236,0.2839921458438039,14.468699953453225
19.399211406707764,-24.704454439700438,-10.0,0.2884505946777061,0.2625582019612193,14.704454439700438
19.419307947158813,-24.8587500381623,-10.0,0.2184505946777061,0.1925582019612193,14.858750038162299
19.439257621765137,-24.908388830024936,-10.0,0.28022534398653065,0.15968656819313765,14.908388830024936
19.459173679351807,-24.826118125494187,-10.0,0.3048606067738727,0.08968656819313764,14.826118125494187
19.47937273979187,-24.596485200474294,-10.0,0.2725332826218799,0.15968656819313765,14.596485200474294
19.499314069747925,-24.397112032165033,-10.0,0.20253328262187992,0.12469434645026922,14.397112032165033
19.519293069839478,-24.055754172585033,-10.0,0.26358099310018573,0.19469434645026923,14.055754172585033
19.539286136627197,-23.613191235504715,-10.0,0.33358099310018574,0.23803968604654074,13.613191235504715
19.559180974960327,-23.114313279957035,-10.0,0.2716222181759075,0.22005845110863448,13.114313279957035
19.579237937927246,-22.58946789046653,-10.0,0.3416222181759075,0.2900584511086345,12.58946789046653
19.599202871322632,-22.06273462223594,-10.0,0.37779239161231076,0.22005845110863448,12.06273462223594
19.619256734848022,-21.548572069710538,-10.0,0.44779239161231077,0.2086136105284095,11.548572069710538
19.639275074005127,-21.056691589687716,-10.0,0.442423794272472,0.1516249093040824,11.056691589687716
19.65921950340271,-20.59325125884535,-10.0,0.5054721421032444,0.2216249093040824,10.59325125884535
19.679145336151123,-20.161778819589248,-10.0,0.46729333311610377,0.2228012904385105,10.161778819589248
19.69914984703064,-19.76388206235242,-10.0,0.4607232337287859,0.23427672217134388,9.763882062352419
19.719086170196533,-19.418417938932773,-10.0,0.4286283453396753,0.2616462493175641,9.418417938932773
19.73907232284546,-19.09985207129377,-10.0,0.3586283453396753,0.2977663660282269,9.099852071293771
19.759045600891113,-18.80836497518224,-10.0,0.3803389199665979,0.2748543983185664,8.80836497518224
19.779051542282104,-18.557266463660564,-10.0,0.4503389199665979,0.2514078607643023,8.557266463660564
19.799140453338623,-18.36400222782264,-10.0,0.4967693065694765,0.27727983238641174,8.364002227822638
19.819143295288086,-18.229900094674534,-10.0,0.4268912275723413,0.20727983238641173,8.229900094674534
19.839035987854004,-18.140425047426618,-10.0,0.4649191436759428,0.22283117874059827,8.140425047426618
19.85907244682312,-18.08430520583259,-10.0,0.4155130734137491,0.19894604972098023,8.084305205832589
19.87907862663269,-18.0528322696195,-10.0,0.4123350829753325,0.22189777745399625,8.0528322696195
19.899100065231323,-18.039308057310226,-10.0,0.3541276865574763,0.22129625221015886,8.039308057310226
19.91913342475891,-18.02756599089378,-10.0,0.3200205937895224,0.1662317640078254,8.02756599089378
19.939196348190308,-18.02841234460435,-10.0,0.2735632100078509,0.19220920046092943,8.028412344604352
19.95915913581848,-18.037980062954322,-10.0,0.2732156367850256,0.16579604474129156,8.037980062954322
19.97918701171875,-18.05335331426123,-10.0,0.29027517716109275,0.12184775200905279,8.05335331426123
19.999141454696655,-18.072353814711644,-10.0,0.345471443782444,0.05184775200905278,8.072353814711644
20.019088745117188,-18.093372975242918,-9.999999074076394,0.29078287462412833,0.0,8.093373901166524
20.039092302322388,-18.117556647892503,-9.99999261115433,0.36078287462412834,0.02229432761669159,8.117564036738173
20.0590717792511,-18.145617318674862,-9.999975125145426,0.33433970051526546,0.05556254833936691,8.145642193529437
20.0790798664093,-18.175631340470655,-9.999941185330512,0.31317567254125595,0.12409348040819168,8.175690155140144
20.099050283432007,-18.208527453371968,-9.999885416173662,0.3159218059078556,0.12187654571607709,8.208642037198306
20.119080543518066,-18.258772873366702,-9.999802497136251,0.24592180590785562,0.10072270454838872,8.258970376230451
20.139185190200806,-18.30239722983262,-9.99968716249098,0.23047550715215026,0.17072270454838873,8.302710067341641
20.159240245819092,-18.390049222994172,-9.99953420113593,0.16047550715215025,0.10072270454838872,8.390515021858242
20.17922329902649,-18.543033461141295,-9.999338456408594,0.13820550195581732,0.030722704548388713,8.543695004732701
20.199273347854614,-18.758211447189204,-9.99909482589993,0.17973072804219542,0.10072270454838872,8.759116621289275
20.2191743850708,-19.010917000123268,-9.998798261268382,0.19879056118137656,0.08626416185870767,9.012118738854886
20.239168405532837,-19.283028438413687,-9.998443768053944,0.12879056118137655,0.01626416185870766,9.284584670359743
20.2591335773468,-19.56376370483966,-9.99802640549219,0.18323953456885633,0.03228901775553822,9.565737299347468
20.2791166305542,-19.84309016535624,-9.997541286328316,0.11323953456885633,0.0,9.845548879027925
20.2993004322052,-20.114076477675003,-9.996983576631177,0.14930179752118405,0.0,10.117092901043826
20.319283485412598,-20.372128070843306,-9.99634849560734,0.10302022136456784,0.025860967114567757,10.375779575235967
20.339259147644043,-20.616710887049468,-9.995631315415112,0.17302022136456785,0.0,10.621079571634356
20.359029293060303,-20.82906393257549,-9.994827360978594,0.15908273130364237,0.05668089911341667,10.834236571596897
20.37912678718567,-21.027546587965663,-9.99393200980171,0.17058992206759271,0.12668089911341668,11.033614578163952
20.39919924736023,-21.206531456416943,-9.992940691782259,0.12257117598957834,0.07874470174312592,11.213590764634684
20.419122457504272,-21.369572764622156,-9.99184888902595,0.19257117598957835,0.14874470174312593,11.377723875596205
20.439184188842773,-21.514926703536126,-9.990652135660442,0.26257117598957835,0.17420343808829786,11.524274567875684
20.45923089981079,-21.63953185818556,-9.98934601764939,0.33257117598957836,0.20950674019753934,11.65018584053617
20.479207038879395,-21.73949231357803,-9.987926172606485,0.40257117598957837,0.2061734100431204,11.751566140971544
20.49911069869995,-21.808118855684736,-9.986388289609495,0.33257117598957836,0.17713169507682325,11.82173056607524
20.51920485496521,-21.846223785506805,-9.984728109014304,0.3380204766214591,0.12377625085413457,11.8614956764925
20.539234399795532,-21.85517570526788,-9.982941422268954,0.2680204766214591,0.09061837695538999,11.872234282998924
20.559237003326416,-21.834377195680776,-9.981024071727694,0.1980204766214591,0.12078803345561029,11.853353123953083
20.579049348831177,-21.77956467423952,-9.978971950465004,0.23629018641717253,0.16770402282476427,11.800592723774516
20.599119186401367,-21.731975043694096,-9.976781002089657,0.23956549959897516,0.23770402282476427,11.755194041604438
20.61905026435852,-21.656620035740026,-9.974447220558744,0.30956549959897517,0.16770402282476427,11.682172815181282
20.63921618461609,-21.56396571337473,-9.971966649991726,0.2685498634231043,0.23770402282476427,11.591999063383005
20.65907907485962,-21.461737520676117,-9.969335384484465,0.3385498634231043,0.3077040228247643,11.492402136191652
20.679251670837402,-21.355553718210366,-9.966549567923277,0.284619632984395,0.3771210300922394,11.38900415028709
20.699105501174927,-21.247104541380146,-9.963605393798964,0.35461963298439503,0.40251454405486586,11.283499147581182
20.719170331954956,-21.13994004639459,-9.96049910502086,0.42461963298439503,0.33251454405486586,11.179440941373729
20.73923897743225,-21.03417582706641,-9.957226993730869,0.49461963298439504,0.40251454405486586,11.07694883333554
20.759201049804688,-20.91827352805821,-9.95378540111751,0.42461963298439503,0.4666248305886984,10.9644881269407
20.77922797203064,-20.759006192703435,-9.950170717229955,0.49461963298439504,0.3966248305886984,10.80883547547348
20.799224853515625,-20.51822347165677,-9.946379380792076,0.5646196329843951,0.4666248305886984,10.571844090864696
20.819185733795166,-20.30916976576926,-9.942407879016473,0.5504945233342005,0.43735010616481307,10.366761886752785
20.839195251464844,-20.00396753204555,-9.938252747418536,0.6204945233342005,0.4648509777337313,10.065714784627014
20.85929584503174,-19.633076941189017,-9.933910569630463,0.6663274665054633,0.3948509777337313,9.699166371558555
20.879276514053345,-19.226335285437276,-9.92937797721532,0.6201048505184008,0.35983314089477064,9.296957308221955
20.89915633201599,-18.803095466834932,-9.924651649481076,0.5986412514623953,0.32422104202210905,8.878443817353856
20.919268369674683,-18.381867135805965,-9.919728313294637,0.5552319225546671,0.39422104202210906,8.462138822511328
20.939195156097412,-17.97313737258246,-9.9146047428959,0.4852319225546671,0.43453500486910346,8.05853262968656
20.959176301956177,-17.583860899382078,-9.909277759711784,0.5141808796551777,0.3906966864317656,7.674583139670293
20.979156017303467,-17.220671988810675,-9.903744232170277,0.4734011139598442,0.39634678672999146,7.316927756640398
20.99926781654358,-16.885174793728552,-9.898001075514474,0.4774634927388979,0.4190079287812114,6.987173718214079
21.019202947616577,-16.577753715091458,-9.892045251616622,0.40746349273889787,0.4054679346457124,6.685708463474835
21.039214611053467,-16.31084288578587,-9.885873768792157,0.4774634927388979,0.4402245466783643,6.424969116993713
21.059301137924194,-16.066197010652363,-9.879483681613747,0.4688390293967677,0.3702245466783643,6.186713329038616
21.079214334487915,-15.843463552896997,-9.872872090725338,0.5388390293967678,0.43900256980210545,5.97059146217166
21.099191665649414,-15.641820147931643,-9.866036142656185,0.5226345884305192,0.36900256980210544,5.775784005275458
21.119274139404297,-15.46013977131058,-9.858973029634903,0.4905760178965284,0.3687427913688589,5.6011667416756765
21.139264345169067,-15.297113490424254,-9.851679989403502,0.48071411928802266,0.33059546481003055,5.4454335010207515
21.159295320510864,-15.151340519593235,-9.84415430503143,0.5250726558890892,0.3643526373349596,5.3071862145618045
21.179161310195923,-15.021393191351539,-9.836393304729624,0.47704671627550854,0.4177135540090967,5.184999886621915
21.199304580688477,-14.905862792694837,-9.828394361664527,0.48903142499446406,0.39096145461429843,5.07746843103031
21.219280242919922,-14.801074554414251,-9.820154893772157,0.5275983868789627,0.3209614546142984,4.980919660642094
21.239201068878174,-14.70650929333972,-9.81167236357213,0.5576725995790912,0.2509614546142984,4.894836929767589
21.259203910827637,-14.624405319309043,-9.80294427798171,0.6276725995790913,0.3209614546142984,4.821461041327332
21.279247999191284,-14.550252203058767,-9.793968188129845,0.6292614876962035,0.29569845433463343,4.756284014928921
21.299169301986694,-14.483575894485039,-9.784741689171211,0.6644401564932196,0.34254412139882334,4.698834205313828
21.319291830062866,-14.423850077193313,-9.775262420100255,0.6843416761344998,0.3394342979521025,4.648587657093058
21.339186668395996,-14.370526002659293,-9.765528063565231,0.6207128908223241,0.3085430787981022,4.604997939094062
21.35930633544922,-14.32305380364953,-9.755536345682248,0.5707257013506024,0.3437233680963982,4.567517457967282
21.37929129600525,-14.283213675673771,-9.745285035849303,0.5179325002914994,0.39008548502926715,4.537928639824468
21.399285078048706,-14.249724617180298,-9.734771946560333,0.5389676332211821,0.3294595183909405,4.514952670619966
21.419275999069214,-14.226162183973795,-9.723994933219245,0.6037876993155806,0.30463963394169696,4.50216725075455
21.43924593925476,-14.224013664306398,-9.712951893953967,0.5337876993155806,0.26981233080034145,4.5110617703524305
21.45920705795288,-14.22214826467685,-9.701640769430481,0.46378769931558056,0.2378351094305981,4.520507495246369
21.47917890548706,-14.2374922143127,-9.690059542666871,0.4626264676562278,0.20011508484487422,4.547432671645829
21.49924635887146,-14.264385052912292,-9.678206238847359,0.4393020525685279,0.2052979005605448,4.586178814064933
21.51921558380127,-14.300907113896278,-9.666078925136352,0.3693020525685279,0.2480195967585314,4.634828188759926
21.539268493652344,-14.357052997724047,-9.653675710492475,0.3470806102565257,0.3180195967585314,4.703377287231572
21.559274673461914,-14.439247574463922,-9.640994745482622,0.300373192440602,0.2480195967585314,4.798252828981299
21.579249143600464,-14.55589961873243,-9.628034222095991,0.3651538077107398,0.2624280873790849,4.92786539663644
21.59920859336853,-14.70730888171201,-9.614792373558126,0.4234939101448981,0.31943992638145574,5.092516508153883
21.61927366256714,-14.881185801479125,-9.60126747414496,0.4106300776189892,0.31836134086945095,5.279918327334165
21.6391818523407,-15.066085808098462,-9.587457838996853,0.4801567872351734,0.29775976653792896,5.478627969101609
21.659287691116333,-15.253769215037872,-9.57336182393264,0.5501567872351734,0.22775976653792895,5.680407391105232
21.67919659614563,-15.416720740727602,-9.558977825263664,0.48015678723517335,0.29775976653792896,5.8577429154639375
21.69919991493225,-15.577601867974211,-9.544304279607823,0.5501567872351734,0.26919327754178085,6.033297588366388
21.719265460968018,-15.73280493197417,-9.52933966370361,0.6201567872351734,0.33919327754178086,6.203465268270561
21.739224672317505,-15.879973764128703,-9.514082494224152,0.5501567872351734,0.40919327754178086,6.365891269904552
21.759211778640747,-16.017683557177882,-9.498531327591252,0.6201567872351734,0.4534664230386261,6.519152229586631
21.779232263565063,-16.145193959860283,-9.482684759789437,0.5663558280951111,0.38696999121108094,6.662509200070845
21.799110174179077,-16.262259542531613,-9.466541426179987,0.6363558280951112,0.4414110036531929,6.795718116351626
21.81918716430664,-16.368985106686956,-9.450100001314988,0.7,0.3923867607454304,6.918885105371968
21.839244604110718,-16.46571595548274,-9.433359198751363,0.7,0.39343853743863294,7.032356756731376
21.859115839004517,-16.552955339393545,-9.416317770864923,0.7,0.4002752325695474,7.136637568528622
21.87916588783264,-16.63130295289651,-9.3989745086644,0.7,0.4702752325695474,7.232328444232111
21.899136781692505,-16.69932635124935,-9.381328241605496,0.6614149965345859,0.5243298653524835,7.317998109643854
21.919265031814575,-16.760469324870613,-9.363377837404917,0.5914149965345858,0.4543298653524835,7.397091487465696
21.93936800956726,-16.81522187358403,-9.34512220185442,0.5550572770833968,0.4511194225132931,7.47009967172961
21.959300756454468,-16.864092760644926,-9.326560278634846,0.569496207050979,0.452697286332259,7.53753248201008
21.97924304008484,-16.907590373619357,-9.307691049130176,0.6101343148574232,0.47216729628504256,7.599899324489181
21.999324083328247,-16.948525788710846,-9.288513532241556,0.6668974348530172,0.4740682709461544,7.66001225646929
22.019211292266846,-16.986602702792283,-9.26902678420135,0.605251126103103,0.4040682709461544,7.717575918590933
22.039427757263184,-17.021690645002153,-9.249229898387172,0.6752511261031031,0.40405008942128917,7.77246074661498
22.05916690826416,-17.053777766870134,-9.22912200513594,0.605251126103103,0.4268216714286973,7.824655761734194
22.079214096069336,-17.082934924981974,-9.208702271557902,0.5830441584065555,0.3568216714286973,7.874232653424071
22.099379062652588,-17.109288553818615,-9.187969901350689,0.5430079383030533,0.2868216714286973,7.921318652467926
22.11905598640442,-17.13216944721469,-9.16692413461335,0.5706562400981783,0.30085453916581173,7.96524531260134
22.139217853546143,-17.150549786751025,-9.145564247660396,0.5267231428250669,0.361031649301367,8.00498553909063
22.159212589263916,-17.165319717779166,-9.12388955283584,0.5104966928437351,0.291031649301367,8.041430164943327
22.179173707962036,-17.17719266976831,-9.101899398327237,0.5368370005115866,0.22379521835835475,8.075293271441073
22.19905185699463,-17.186740526437163,-9.079593167979736,0.5439643101952969,0.29379521835835476,8.107147358457427
22.21901774406433,-17.194421784662232,-9.056970281110098,0.5835186863504349,0.2910863367305865,8.137451503552134
22.238985300064087,-17.20060410140252,-9.034030192320767,0.5165779167972504,0.25616052201257844,8.166573909081752
22.259064197540283,-17.203266000344282,-9.010772391313882,0.49588975181803097,0.32616052201257845,8.1924936090304
22.279178380966187,-17.203412531931672,-8.98719640270534,0.4918586640805005,0.32142912021146913,8.216216129226332
22.299002647399902,-17.204124424852843,-8.963301785838832,0.5172423190623521,0.29623837752507826,8.240822639014011
22.319000720977783,-17.20521024482719,-8.939088134599874,0.5201679292321204,0.23818854971097608,8.266122110227315
22.33900022506714,-17.206527170542977,-8.914555077229862,0.46144519850611676,0.24704244250671764,8.291972093313115
22.358993530273438,-17.20767055907213,-8.889702276140104,0.5314451985061168,0.28901501635329624,8.317968282932027
22.378955841064453,-17.208962629458643,-8.864529427725866,0.4614451985061168,0.32436308900134464,8.344433201732777
22.398963928222656,-17.21032391897506,-8.83903626218041,0.5314451985061168,0.2639645774127712,8.37128765679465
22.419105768203735,-17.211697410103568,-8.813222543309045,0.552190013974905,0.30546151736991306,8.398474866794523
22.43912172317505,-17.213043178020214,-8.787088068343149,0.5587312325835228,0.37546151736991307,8.425955109677066
22.459036350250244,-17.214334222366123,-8.76063266775423,0.6237809032201767,0.3941909042211046,8.453701554611893
22.479041576385498,-17.215553231454432,-8.733856205067951,0.56317790299654,0.4006009749160876,8.481697026386481
22.499082565307617,-17.2166900794079,-8.70675857667819,0.6331779029965401,0.33306811517344614,8.50993150272971
22.519035577774048,-17.217739898338383,-8.679339711661065,0.6266836072131992,0.3566186460690369,8.538400186677318
22.539118766784668,-17.21638525266256,-8.651599571588976,0.6034110928699374,0.42661864606903693,8.564785681073582
22.55898118019104,-17.213396214481527,-8.62353815034466,0.6013548909500241,0.41267335525022647,8.589858064136868
22.579004764556885,-17.210801055218983,-8.595155473935217,0.575774942971766,0.34267335525022646,8.615645581283767
22.599026441574097,-17.20941389959821,-8.56645160030616,0.6440093940868974,0.32214040821658274,8.642962299292051
22.619000911712646,-17.208902357999317,-8.537426619155456,0.6612767032161355,0.28938921308385035,8.671475738843862
22.639086723327637,-17.20901248238434,-8.50808065174756,0.5912767032161355,0.35938921308385036,8.700931830636778
22.658937692642212,-17.209551501476188,-8.478413850727467,0.606353997066617,0.37768388463424346,8.731137650748721
22.680315256118774,-17.210374216644876,-8.478413850727467,0.606353997066617,0.37768388463424346,8.73196036591741
22.699141025543213,-17.211372298984315,-8.433312496807515,0.5931887038052082,0.40291284507380626,8.7780598021768
22.720007181167603,-17.21246588357372,-8.387490439246807,0.5559384900145232,0.5030018474744429,8.824975444326913
22.739068508148193,-17.213596980850827,-8.356542451329982,0.4957373368553817,0.5730018474744429,8.857054529520845
22.759008169174194,-17.214724323757927,-8.325274857225383,0.5446612353436648,0.5878790196614136,8.889449466532545
22.779036283493042,-17.21581934795057,-8.293687993956077,0.5369806902483105,0.5178790196614136,8.922131353994494
22.799065113067627,-17.21677007591192,-8.261782228623952,0.5236113721504807,0.5878790196614136,8.954987847287969
22.818958520889282,-17.217688511239814,-8.229557958223765,0.5843735614791512,0.6578790196614137,8.988130553016049
22.839066743850708,-17.21856031147115,-8.197015609457177,0.5143735614791511,0.5878790196614136,9.021544702013975
22.85905408859253,-17.219376743674825,-8.164155638546791,0.5453637392446398,0.5178790196614136,9.055221105128034
22.8791606426239,-17.22244954943049,-8.130978531050209,0.47536373924463976,0.4478790196614136,9.09147101838028
22.899105548858643,-17.227008604617556,-8.097484801674053,0.5453637392446398,0.3778790196614136,9.129523802943503
22.919021368026733,-17.213949041477953,-8.06367499408802,0.6153637392446398,0.37715206750210195,9.150274047389933
22.938978672027588,-17.158883589238656,-8.029549680738922,0.6396487092599272,0.3176967286365834,9.129333908499733
22.959038972854614,-17.050613083915007,-7.99510946266472,0.6491418646648526,0.38460704021628767,9.055503621250287
22.978981733322144,-16.901291803621884,-7.960354969308574,0.7,0.3533572115796414,8.94093683431331
22.998907327651978,-16.771647255718072,-7.925286858332876,0.6593088552355766,0.4233572115796414,8.846360397385197
23.018993377685547,-16.614832098610407,-7.889905815433298,0.6355119559913873,0.4933572115796414,8.724926283177108
23.03899574279785,-16.443277615020378,-7.854212554152832,0.6288908494636416,0.4233572115796414,8.589065060867547
23.05894899368286,-16.263690435882936,-7.818207815695827,0.649155637063086,0.47154943697627455,8.445482620187109
23.079017400741577,-16.083256904684905,-7.781892368742035,0.67276262473315,0.4923864403414336,8.30136453594287
23.099079847335815,-15.906990820457969,-7.745267009260653,0.7,0.5024732757034507,8.161723811197316
23.11916422843933,-15.738264837242113,-7.708332560324355,0.7,0.47782210033859873,8.029932276917759
23.139105796813965,-15.579222815952631,-7.671089871923346,0.7,0.4851425816911068,7.908132944029285
23.159087657928467,-15.433414968711588,-7.633539820779396,0.6893776951357722,0.5551425816911069,7.799875147932192
23.179040908813477,-15.300642070028285,-7.595683310159883,0.6707418465986847,0.5711310657161084,7.704958759868402
23.199020862579346,-15.180422207092352,-7.557521269691834,0.647951796464622,0.5512075277465192,7.6229009374005186
23.2189359664917,-15.076044252732517,-7.519054655175962,0.5779517964646219,0.5651770431968179,7.556989597556555
23.23895764350891,-14.981466213904778,-7.480284448400721,0.647951796464622,0.6102401476773229,7.5011817655040565
23.25906777381897,-14.898503946821245,-7.441211656956328,0.7,0.5523807567032781,7.457292289864918
23.2790470123291,-14.82579622914703,-7.401837314048818,0.6299999999999999,0.5713597994717565,7.423958915098213
23.298990726470947,-14.762127324934069,-7.362162478314083,0.5766824419796466,0.5099581491621938,7.399964846619985
23.31899070739746,-14.70873093890659,-7.32218823363191,0.5066824419796465,0.43995814916219383,7.386542705274681
23.3390634059906,-14.663876899006693,-7.281915688940023,0.4456286257505415,0.419792597708365,7.38196121006667
23.359155893325806,-14.626138328966483,-7.241345978048127,0.5156286257505416,0.349792597708365,7.384792350918357
23.379062175750732,-14.59433662100925,-7.200480259451946,0.45742220908403386,0.3774263429316488,7.393856361557304
23.398979902267456,-14.567496671875116,-7.159319716147267,0.5274222090840339,0.36351697974379926,7.408176955727849
23.41889214515686,-14.544810427300819,-7.117865555443979,0.5543569091707468,0.42932888947900205,7.42694487185684
23.439061403274536,-14.525113650554081,-7.076119008780115,0.5022687304764986,0.3892991364794579,7.448994641773966
23.459115266799927,-14.503873217547978,-7.034081331535894,0.5023913300712592,0.38875898591715663,7.469791886012084
23.479105710983276,-14.482120380476479,-6.991753802847766,0.4643551400979049,0.45875898591715664,7.490366577628713
23.49912166595459,-14.458268583197267,-6.949137725422441,0.42753698221640657,0.38875898591715663,7.509130857774826
23.519078731536865,-14.433587500828203,-6.906234425350945,0.4975369822164066,0.4357248345716652,7.527353075477258
23.53919768333435,-14.406664532488513,-6.863045251922653,0.4611115965922363,0.4161885740562138,7.54361928056586
23.55911159515381,-14.378893946008837,-6.819571577439326,0.39111159659223627,0.3461885740562138,7.559322368569511
23.57918882369995,-14.351266511417535,-6.775814797029169,0.42781045577721666,0.3541980841710028,7.5754517143883655
23.599225997924805,-14.324466625429146,-6.731776328460855,0.49781045577721666,0.3208425463690218,7.592690296968291
23.61917781829834,-14.298947846648982,-6.687457611957571,0.45872860289411616,0.30561352237600653,7.611490234691411
23.63919711112976,-14.272675096477359,-6.642860110011068,0.38872860289411615,0.30837195618551044,7.629814986466291
23.65904402732849,-14.24986442400319,-6.597985307195688,0.3514672360499389,0.25088580577175884,7.651879116807502
23.679044008255005,-14.226766259849532,-6.552834709982418,0.331629001640249,0.30746731414001255,7.673931549867114
23.699032306671143,-14.204077159265225,-6.507409846552922,0.29495209931628774,0.37746731414001256,7.696667312712303
23.719128847122192,-14.182270155064108,-6.461712266613588,0.36495209931628775,0.42502947746317654,7.72055788845052
23.739135026931763,-14.161650559022583,-6.4157435412095705,0.3634774779598228,0.35502947746317653,7.745907017813012
23.759074449539185,-14.142399140708159,-6.369505262538822,0.3882959523866884,0.3858250348876026,7.772893878169337
23.779017448425293,-14.122289052861058,-6.322999043766146,0.4582959523866884,0.3292291841516998,7.799290009094912
23.799164533615112,-14.102112549193706,-6.27622651883723,0.4901877640257589,0.35260597495835094,7.825886030356475
23.819117784500122,-14.082421664008253,-6.229189342292699,0.5084159074793569,0.35376057385474263,7.853232321715554
23.839253664016724,-14.063587031101381,-6.18188918908213,0.4564676432381384,0.3754227327463013,7.881697842019251
23.859144687652588,-14.045843519015271,-6.1343277543781305,0.5264676432381383,0.3424861783441883,7.911515764637141
23.879122257232666,-14.030438148808736,-6.086506753390346,0.5469678300688974,0.34053080978810607,7.9439313954183906
23.89910125732422,-14.015950170737364,-6.038427921179527,0.5145109216938726,0.35955156090676604,7.977522249557837
23.91910743713379,-14.002481224407928,-5.990093012471548,0.5664461883972398,0.42955156090676605,8.01238821193638
23.939114809036255,-13.990075050228404,-5.94150380147147,0.6364461883972399,0.4544643410575372,8.048571248756934
23.959158658981323,-13.981050368267008,-5.892662081677566,0.6082834072480909,0.3844643410575372,8.088388286589442
23.97909641265869,-13.974612249141796,-5.843569665695362,0.5909120377223007,0.4388577815425378,8.131042583446433
23.999013423919678,-13.9701403818761,-5.7942283850516985,0.5847503488953225,0.4073423359823209,8.1759119968244
24.018998384475708,-13.969468438333422,-5.744640090008747,0.5147503488953225,0.37409763674259006,8.224828348324674
24.039050102233887,-13.971453556425812,-5.6948066493780605,0.5135433586803264,0.34372088762938796,8.276646907047752
24.059086561203003,-13.977548248025595,-5.644729950334621,0.5835433586803265,0.3672472022753936,8.332818297690974
24.079055070877075,-13.98633674398899,-5.594411898230877,0.5887314293836243,0.34432550224482833,8.391924845758112
24.099056243896484,-13.993967140565365,-5.543854416410779,0.5187314293836243,0.37467130350887595,8.450112724154586
24.11895513534546,-14.003389588975528,-5.493059446023823,0.5586691937898285,0.44467130350887596,8.510330142951705
24.13906455039978,-14.013808433883188,-5.442028945839103,0.5254876121436245,0.42098604562699615,8.571779488044086
24.15902280807495,-14.024644768742897,-5.390764892059334,0.48926291535841293,0.35098604562699615,8.633879876683563
24.179009199142456,-14.037801841581132,-5.33926927813491,0.48300049654440946,0.42098604562699615,8.698532563446221
24.198952198028564,-14.049907752249766,-5.287544114577928,0.529736595370341,0.49098604562699616,8.762363637671838
24.21890115737915,-14.063280844346572,-5.235591428776253,0.5342050126311368,0.42098604562699615,8.827689415570319
24.23893117904663,-14.074865301352697,-5.18341326480753,0.5087225387361831,0.3758233380597812,8.891452036545166
24.25892686843872,-14.08490210030378,-5.131011683253257,0.545349484917242,0.4396583032888156,8.953890417050523
24.279003381729126,-14.093599407495269,-5.078388761012794,0.6153494849172421,0.47877323674976646,9.015210646482476
24.29904556274414,-14.101137113324125,-5.02554659111743,0.6029634432238526,0.43368301960646927,9.075590522206696
24.31895637512207,-14.107670727309431,-4.972487282544415,0.5637721562129445,0.5036830196064692,9.135183444765016
24.338956117630005,-14.113343377782561,-4.9192129600309915,0.6140191586059518,0.49342027324259097,9.19413041775157
24.358990907669067,-14.118259866023317,-4.865725763888457,0.6043436446529813,0.4897578893602621,9.25253410213486
24.378925800323486,-14.12252156525412,-4.812027849816189,0.5713671812159009,0.4197578893602621,9.310493715437932
24.398934841156006,-14.12621614422567,-4.758121388715681,0.641367181215901,0.36530054524548167,9.36809475550999
24.418980836868286,-14.129419442330267,-4.704008566504609,0.5815047910553404,0.4353005452454817,9.425410875825659
24.438880443572998,-14.134513431864448,-4.649691583930846,0.6059831837308594,0.4966788566113245,9.484821847933603
24.458981037139893,-14.140786407102306,-4.59517265638652,0.6759831837308594,0.4693183688820135,9.545613750715786
24.47899317741394,-14.147712959135315,-4.540454013722047,0.6999891444039532,0.5393183688820136,9.607258945413268
24.49886989593506,-14.154910924273521,-4.4855379000601765,0.7,0.6093183688820136,9.669373024213344
24.518943309783936,-14.162107706035183,-4.43042657361003,0.7,0.6483899623156322,9.731681132425152
24.538865327835083,-14.168356135703222,-4.375122306481146,0.7,0.6415523116477562,9.793233829222075
24.558964014053345,-14.174539041595718,-4.319627384497515,0.7,0.6819583264180256,9.854911657098203
24.579015493392944,-14.180513486128442,-4.263944107011627,0.7,0.7,9.916569379116815
24.5989191532135,-14.186185681630384,-4.208074786718513,0.7,0.7,9.978110894911872
24.618980646133423,-14.193814798846411,-4.1520217494697755,0.6788327608257532,0.6299999999999999,10.041793049376636
24.6390278339386,-14.204918439088706,-4.095787334087646,0.7,0.6574151246994733,10.10913110500106
24.65900731086731,-14.218142779752243,-4.039373892179011,0.6299999999999999,0.5874151246994732,10.178768887573233
24.678959131240845,-14.234807939406561,-3.9827837879494723,0.7,0.5174151246994732,10.25202415145709
24.699145317077637,-14.253423816065595,-3.926019398017364,0.6392334036529064,0.5128729536756871,10.327404418048232
24.718996047973633,-14.275220351203366,-3.86908311122781,0.6185902699828147,0.5185257287323473,10.406137239975557
24.73906445503235,-14.298651664091144,-3.8119773284667646,0.671640083938837,0.4520079733431337,10.486674335624379
24.758975744247437,-14.318995328170141,-3.7547044624750514,0.7,0.41875744774937607,10.564290865695089
24.77908968925476,-14.340263820393293,-3.6972669376623957,0.6698480851948261,0.4887574477493761,10.642996882730898
24.79904794692993,-14.361614151288912,-3.6396671899214823,0.6673322010785341,0.4986185826733706,10.72194696136743
24.818983793258667,-14.380142291937835,-3.581907666441989,0.7,0.5024106664955614,10.798234625495846
24.839006185531616,-14.396221887307536,-3.523990825524619,0.6524309039115905,0.5243583130091427,10.872231061782918
24.85899782180786,-14.407860646944846,-3.4659191363951525,0.6181458987295627,0.4896133574098347,10.941941510549693
24.87892985343933,-14.413791802654064,-3.4076950790184926,0.6281046725809574,0.5583976017683743,11.006096723635572
24.89901566505432,-14.417918601506926,-3.3493211439126993,0.6144247695803642,0.584651439860463,11.068597457594226
24.919007778167725,-14.420683368062383,-3.290799831963022,0.6025774002075195,0.632938473895192,11.12988353609936
24.938939571380615,-14.422429228517045,-3.232133654235957,0.5718628492206335,0.7,11.190295574281087
24.959028244018555,-14.423421364772418,-3.1733251317932867,0.6418628492206335,0.7,11.250096232979132
24.97889518737793,-14.424282762799777,-3.1143767955061055,0.7,0.668676783144474,11.309905967293671
24.998982429504395,-14.424611719067425,-3.05529118586888,0.7,0.7,11.369320533198545
25.018988370895386,-14.424562182103855,-2.996070852813477,0.6299999999999999,0.6394210837781429,11.428491329290377
25.039027452468872,-14.424251056692315,-2.9367183555232135,0.6838417398929595,0.5694210837781428,11.487532701169101
25.0589656829834,-14.426082784826736,-2.8772362622468863,0.7,0.4994210837781428,11.54884652257985
25.079121112823486,-14.429354622087386,-2.817627150112836,0.7,0.5694210837781428,11.61172747197455
25.099043607711792,-14.435856850117693,-2.7578936049429625,0.6814224299043417,0.4994210837781428,11.67796324517473
25.11905264854431,-14.444431478812684,-2.698038221066776,0.7,0.5694210837781428,11.746393257745908
25.13899040222168,-14.45421957301379,-2.6380636011354444,0.6874644568189978,0.608862915188074,11.816155971878345
25.15906524658203,-14.464592552419063,-2.5779723559358247,0.6318742668256163,0.6772921989858149,11.88662019648324
25.179030418395996,-14.47509840286783,-2.5177671042045233,0.6297908269800245,0.6959368373453616,11.957331298663307
25.198962450027466,-14.484219850454549,-2.4574504724419093,0.5883277983404696,0.686309570558369,12.02676937801264
25.218931436538696,-14.493339136046448,-2.3970250947261658,0.6583277983404696,0.7,12.096314041320282
25.23900055885315,-14.502216582156148,-2.3364936125273523,0.7,0.7,12.165722969628796
25.259029388427734,-14.510692087146465,-2.275858674521415,0.7,0.6568097330629825,12.23483341262505
25.279035329818726,-14.518665040669713,-2.2151229364042475,0.7,0.658126296987757,12.303542104265466
25.298940181732178,-14.526078805438353,-2.154289060705718,0.7,0.6699777716305106,12.371789744732634
25.318936824798584,-14.532908779661357,-2.0933597166037368,0.7,0.7,12.439549063057619
25.339073657989502,-14.539153261154068,-2.03233757973827,0.6917493313550949,0.7,12.506815681415798
25.35908794403076,-14.544826498211043,-1.97122533202538,0.7,0.7,12.573601166185663
25.37896752357483,-14.549953442505185,-1.910025661471293,0.7,0.6980388304684311,12.639927781033892
25.398983001708984,-14.554565822467788,-1.8487412619864187,0.6777711424976587,0.7,12.70582456048137
25.418970346450806,-14.558570408510972,-1.7873748331993937,0.7,0.6928173464722931,12.771195575311578
25.439135551452637,-14.564492469263218,-1.7259290802711398,0.6797180816531181,0.678273447137326,12.838563388992078
25.459132194519043,-14.571590295131804,-1.6644067137088747,0.6203651845455169,0.7,12.90718358142293
25.479044437408447,-14.579317721987884,-1.6028104491801827,0.6679080732166767,0.6855469251051545,12.976507272807702
25.499091863632202,-14.584962453767451,-1.5411430073270385,0.646879930794239,0.6724471848458051,13.043819446440413
25.51892852783203,-14.589011820009352,-1.4794071135798514,0.6742367882281541,0.7,13.1096047064295
25.539068937301636,-14.58953000787687,-1.4176054979715182,0.6441422037780284,0.7,13.171924509905352
25.559160470962524,-14.589898199666429,-1.3557408949514542,0.7,0.7,13.234157304714975
25.578927278518677,-14.590152503460915,-1.2938160431996248,0.7,0.7,13.29633646026129
25.59890866279602,-14.590321000733903,-1.2318336854406056,0.6376694895327091,0.7,13.358487315293297
25.61906599998474,-14.590425457748992,-1.1697965682576186,0.6641455709934234,0.7,13.420628889491374
25.63901686668396,-14.590516149996406,-1.1077074419065642,0.6283038415014743,0.6688542000949382,13.482808708089841
25.659037590026855,-14.590561422025688,-1.0455690601300756,0.576221414655447,0.6844766715541482,13.544992361895613
25.679014921188354,-14.590573952921039,-0.983384179971539,0.5956070821732282,0.6722325913608074,13.6071897729495
25.69905734062195,-14.59056341221525,-0.9211555615891669,0.6654243718832731,0.7,13.669407850626083
25.71909236907959,-14.590537124226122,-0.858885968070016,0.7,0.7,13.731651156156106
25.738983154296875,-14.590500591299396,-0.7965781652440267,0.6649410434067249,0.7,13.793922426055369
25.75907802581787,-14.590457905260964,-0.7342349214980786,0.6770008865743875,0.7,13.856222983762885
25.779085159301758,-14.590412070377596,-0.6718590075900259,0.6070008865743874,0.7,13.91855306278757
25.799082279205322,-14.590365256341656,-0.6094531964627343,0.5446369155496358,0.6986769487150013,13.980912059878921
25.81910538673401,-14.590318995984452,-0.5470202630581262,0.5387739568203687,0.7,14.043298732926326
25.83903217315674,-14.590274339388458,-0.4845629841312302,0.5482300521060823,0.7,14.105711355257228
25.859153985977173,-14.590235567391677,-0.4220841380641911,0.5566870561987161,0.7,14.168151429327486
25.879170894622803,-14.585565614647635,-0.35958650468036524,0.5048642522841691,0.7,14.22597910996727
25.899230241775513,-14.570852966267996,-0.2970728650583023,0.5748642522841692,0.7,14.273780101209693
25.91920757293701,-14.533338171781782,-0.2345460013458318,0.633665869757533,0.7,14.29879217043595
25.93917202949524,-14.46475971479656,-0.17200869657407836,0.6475477309897542,0.6599908292293548,14.292751018222482
25.95911741256714,-14.3578816391863,-0.10946373447151458,0.5775477309897541,0.6436476714909076,14.248417904714785
25.979284048080444,-14.208687373849738,-0.04691389927800671,0.6475477309897542,0.6239317886531353,14.161773474571731
25.999251127243042,-14.027084066229678,0.015638024441170018,0.5775477309897541,0.6866238199174404,14.042722090670848
26.019114017486572,-13.830072556209975,0.0781892519812466,0.507547730989754,0.7,13.908261808191222
26.039180994033813,-13.625234679750925,0.14073699868395906,0.5775477309897541,0.7,13.765971678434884
26.059084177017212,-13.420359242836055,0.20327848012349925,0.507547730989754,0.7,13.623637722959554
26.079137563705444,-13.242481157788268,0.2658109122924479,0.437547730989754,0.6680334441363811,13.508292070080715
26.099214553833008,-13.06873524073973,0.3283315117877539,0.507547730989754,0.652294435352087,13.397066752527484
26.119130611419678,-12.902438501880779,0.39083749599670803,0.4796678837761281,0.6986047893762588,13.293275997877487
26.13922429084778,-12.743382201175116,0.4533260832828656,0.532644275985658,0.7,13.196708284457982
26.159119606018066,-12.593546878985496,0.515794493172038,0.462644275985658,0.7,13.109341372157534
26.17912268638611,-12.456381510053774,0.5782399465382237,0.5185907899960873,0.6915855275467038,13.034621456591998
26.199105978012085,-12.329315073281524,0.6406596657895918,0.45609360631555296,0.6783508274704217,12.969974739071116
26.21909475326538,-12.203346587204992,0.703050875054414,0.44162229053676105,0.6421712886542081,12.906397462259406
26.239112854003906,-12.069878861835846,0.7654108003670661,0.4869921205192802,0.6160472583025693,12.835289662202912
26.259090185165405,-11.918505402784952,0.8277366698539428,0.4480449331551788,0.5878200501203537,12.746242072638895
26.27912950515747,-11.749419010718356,0.8900257139194263,0.5180449331551789,0.6008511090651154,12.639444724637782
26.299121379852295,-11.602613888145545,0.9522751654318551,0.5395078746974467,0.6708511090651155,12.5548890535774
26.319101333618164,-11.433444120057741,1.0144822599094994,0.5711536979675291,0.7,12.44792637996724
26.33911681175232,-11.243933365912142,1.0766442357064712,0.5153474113345144,0.6920433470979332,12.320577601618613
26.359105110168457,-11.042972348733471,1.1387583341987284,0.49630982190370543,0.7,12.1817306829322
26.379103899002075,-10.839354509248418,1.2008217999700133,0.5144591195881365,0.6848464634269475,12.040176309218431
26.399105548858643,-10.63925761952349,1.2628318809978207,0.5844591195881366,0.6553714729845523,11.90208950052131
26.41911029815674,-10.446879844849157,1.3247858288393353,0.5144591195881365,0.6721386358141899,11.771665673688492
26.439093351364136,-10.264933712199909,1.3866808988174348,0.4978669392317532,0.7,11.651614611017344
26.459182500839233,-10.097344712981297,1.4485143502065672,0.4855433473736046,0.7,11.545859063187864
26.479227304458618,-9.94414468787162,1.5102834464188302,0.4333639400452374,0.7,11.45442813429045
26.499224424362183,-9.804976532898824,1.5719854551898127,0.48512325011193735,0.7,11.376961988088636
26.519120454788208,-9.684147187619716,1.6336176487646128,0.4835857687890528,0.6743791278451681,11.31776483638433
26.539217233657837,-9.574315279696561,1.6951773040837903,0.46816029068082554,0.6802542775869369,11.269492583780352
26.559152126312256,-9.475016584750183,1.756661702969339,0.4629718628153203,0.6942424548789858,11.231678287719522
26.579222202301025,-9.385651059905086,1.8180681323105965,0.4783853678405283,0.7,11.203719192215683
26.59909176826477,-9.305540139483114,1.8793938842502573,0.4899588613212107,0.6837783724069595,11.184934023733371
26.61910581588745,-9.23396860093082,1.9406362563702864,0.5362211367487906,0.6609018750488758,11.174604857301107
26.639113187789917,-9.170214610161157,2.0017925518779194,0.48781814560294134,0.6380361214280128,11.172007162039076
26.659115076065063,-9.113570764705928,2.0628600797916015,0.4384672319889067,0.7,11.17643084449753
26.67904233932495,-9.063358329533788,2.123836155126938,0.5084672319889068,0.6299999999999999,11.187194484660726
26.69896149635315,-9.018936369443498,2.184718099082666,0.5224043457955121,0.5599999999999998,11.203654468526164
26.71901774406433,-8.979707096035018,2.245503239226604,0.5276766476407646,0.5620261972676961,11.225210335261622
26.73906373977661,-8.945647239290862,2.3061889096816337,0.5735837911441921,0.6093294007610528,11.251836148972496
26.75907611846924,-8.915546807266876,2.3667724513116024,0.5234000814333557,0.6669250486325471,11.282319258578479
26.779037714004517,-8.88204076358324,2.4272512119073717,0.4562008139863609,0.7,11.309291975490611
26.799084663391113,-8.84473594884312,2.487622546372666,0.4610107593424617,0.7,11.332358495215786
26.819212913513184,-8.803459398433189,2.5478838169101508,0.41354136692360033,0.7,11.35134321534334
26.83920979499817,-8.76051199727458,2.608032393207271,0.4519516766257583,0.7,11.368544390481851
26.859060525894165,-8.717535930087593,2.6680656526223228,0.5219516766257584,0.6426380135118961,11.385601582709915
26.879183530807495,-8.675672581723259,2.7279809803703152,0.5751405668444931,0.6859611019492149,11.403653562093574
26.899125814437866,-8.635685410170112,2.787775769708997,0.5104021367616951,0.7,11.423461179879109
26.919182062149048,-8.598055251961746,2.8474474221247874,0.5804021367616952,0.7,11.445502674086534
26.939213752746582,-8.565370315989872,2.9069933475187213,0.5207348996587098,0.7,11.472363663508593
26.959093809127808,-8.53699242009305,2.966410964392445,0.45953460128977897,0.6777666795998811,11.503403384485495
26.979099988937378,-8.512343228855896,3.025697700034147,0.42119849937036635,0.7,11.538040928890043
26.999146223068237,-8.490933549702103,3.084850990704524,0.47196375297382476,0.6884831495583057,11.575784540406627
27.01910662651062,-8.47233822204735,3.1438682818227264,0.46778869021683933,0.7,11.616206503870076
27.039220809936523,-8.456187765737543,3.202747028152352,0.4438801682367921,0.7,11.658934793889895
27.05904483795166,-8.442161112765682,3.261484693987388,0.41671981241554024,0.6943215209059417,11.70364580675307
27.079121828079224,-8.429979282967693,3.320078753338125,0.40730899058282377,0.6883056911639869,11.750058036305818
27.09907364845276,-8.421716230148062,3.378526690117214,0.4773089905828238,0.7,11.800242920265276
27.11900758743286,-8.414076506902438,3.436825998325496,0.5126823244243861,0.7,11.850902505227934
27.139074325561523,-8.407071080271699,3.4949741822381064,0.4644611311703921,0.7,11.902045262509805
27.15905261039734,-8.391425458591236,3.552968756590305,0.49169777534902104,0.7,11.944394215181541
27.179170846939087,-8.377841530396568,3.610807246763505,0.47789826259017,0.6534691274166107,11.988648777160073
27.199101448059082,-8.346815211564923,3.668487188971209,0.4208306522667409,0.6959124736487865,12.015302400536132
27.219229698181152,-8.304491444968647,3.726006130445004,0.443879438713193,0.6467825107276439,12.030497575413651
27.239158153533936,-8.255436130675006,3.783361629620444,0.42610469847917565,0.634921771287918,12.03879776029545
27.259103298187256,-8.20299806271747,3.8405512563230886,0.4610198812186719,0.6829719699919223,12.043549319040558
27.27916693687439,-8.149592399992367,3.8975725919544235,0.4357602076232434,0.6950217138975858,12.04716499194679
27.29923987388611,-8.09692216544958,3.954423229677806,0.5057602076232435,0.6830381730571389,12.051345395127386
27.319137573242188,-8.034569122940978,4.0111007746044525,0.43576020762324347,0.679297828162089,12.04566989754543
27.33904790878296,-7.95786850703472,4.06760284397939,0.4585850333422424,0.649827259639278,12.025471351014112
27.358954668045044,-7.868591087915664,4.123927067367411,0.45019870918244137,0.6286426047328859,11.992518155283076
27.379062175750732,-7.7729309643721285,4.180071086839019,0.43488471969962134,0.698642604732886,11.953002051211147
27.39904808998108,-7.689876402792696,4.236032557156424,0.45548824049532427,0.6981165218562819,11.925908959949119
27.41910743713379,-7.603248560822884,4.291809145959453,0.404728917554021,0.7,11.895057706782337
27.439063787460327,-7.516421855812539,4.347398533951539,0.4291562663018705,0.6663819707930088,11.86382038976408
27.458981037139893,-7.429428984928699,4.402798415085684,0.4071090334653856,0.7,11.832227400014382
27.479224920272827,-7.344613386351636,4.458006496750409,0.4451796674728395,0.7,11.802619883102045
27.499096393585205,-7.263545384588167,4.513020499955688,0.45745186988264336,0.7,11.776565884543857
27.51907992362976,-7.187216928785711,4.567838159518962,0.5232701722159983,0.6720855392515659,11.755055088304672
27.538982152938843,-7.113875749090212,4.62245722425104,0.5143827955797315,0.7,11.736332973341252
27.559117555618286,-7.0422260238173555,4.676875457142103,0.47557269144803294,0.6784822314977645,11.71910148095946
27.579102516174316,-6.971323122489359,4.731090635547616,0.49644271951168784,0.677331124478951,11.702413758036975
27.59907102584839,-6.90280758888596,4.785100551374381,0.46546614464372404,0.6738146350719034,11.68790814026034
27.61906909942627,-6.843320653326846,4.838903011266314,0.42072445448488005,0.664404163416475,11.68222366459316
27.639071226119995,-6.786107917554118,4.892495836790619,0.4104786004498602,0.6501578309573233,11.678603754344739
27.659094095230103,-6.734298980092509,4.9458768646236315,0.42348563127219685,0.6406809289939701,11.68017584471614
27.679062843322754,-6.687608834200779,4.999043946736741,0.366186851784587,0.6452220955863595,11.68665278093752
27.699031591415405,-6.645704614567486,5.051994950582447,0.436186851784587,0.6326653843745589,11.697699565149932
27.719122171401978,-6.608228986885081,5.104727759280248,0.4772104563564063,0.6590911651030182,11.712956746165329
27.739033222198486,-6.574817038668008,5.157240271802639,0.4072104563564063,0.7,11.732057310470648
27.75913381576538,-6.545108211006399,5.209530403161061,0.4128910551406444,0.6731293488293886,11.75463861416746
27.77906823158264,-6.5187544713906025,5.2615960845918135,0.4564311901666225,0.7,11.780350555982416
27.79902148246765,-6.495425660263165,5.313435263742088,0.40814884999766954,0.7,11.808860924005252
27.819046020507812,-6.474812733589427,5.365045904855894,0.44373105714097627,0.7,11.839858638445321
27.8390953540802,-6.45691606437828,5.416425988960016,0.4427802008320578,0.7,11.873342053338297
27.859087228775024,-6.441091113453447,5.467573514049931,0.5108921644021758,0.6708979874849319,11.908664627503377
27.878990173339844,-6.427122202396684,5.518486495275878,0.5059673581016251,0.6700467190123163,11.945608697672562
27.899054765701294,-6.414810609467054,5.569162965128669,0.5488054174673744,0.7,11.983973574595723
27.919033765792847,-6.401658279905968,5.619600973625783,0.49435112064005815,0.6764558933675289,12.02125925353175
27.939083337783813,-6.390584967470521,5.669798588497256,0.43712850843789064,0.7,12.060383555967778
27.958983659744263,-6.3812475356065,5.719753895371657,0.44852392466040336,0.7,12.101001430978156
27.979117155075073,-6.373361899432221,5.76946499796199,0.42662116044433795,0.7,12.142826897394212
27.999012231826782,-6.366692477228677,5.818930018251759,0.4920359095302411,0.7,12.185622495480436
28.01915454864502,-6.361043585355378,5.8681470966808735,0.43289595746668064,0.6994697222718969,12.22919068203625
28.03911542892456,-6.356252409817724,5.9171143923315395,0.4885220629838296,0.6866743987658992,12.273366802149264
28.059160947799683,-6.352092588891413,5.965830083114396,0.4688794845459052,0.7,12.317922672005809
28.079141855239868,-6.34857159544576,6.014292365954226,0.3988794845459052,0.7,12.362863961399986
28.09899139404297,-6.3479034625554425,6.062499456976177,0.37424515680642806,0.7,12.41040291953162
28.118987798690796,-6.346918131249214,6.110449591691506,0.30424515680642805,0.7,12.45736772294072
28.139071702957153,-6.34805479651851,6.158141025183635,0.23424515680642805,0.7,12.506195821702146
28.159013986587524,-6.350635402378608,6.205572032294178,0.30424515680642805,0.6299999999999999,12.556207434672785
28.17903232574463,-6.354150929514625,6.252740907808729,0.37424515680642806,0.5599999999999998,12.606891837323353
28.198994874954224,-6.3559068352394545,6.299645966642938,0.3240371358511039,0.6147754764556883,12.655552801882394
28.219083547592163,-6.342496177162949,6.346285544028486,0.3391652584937402,0.6811472004652022,12.688781721191436
28.239044904708862,-6.284159335962454,6.392657995698968,0.3706999861565419,0.6324490247666834,12.676817331661422
28.259034633636475,-6.159093539300903,6.438761698075876,0.38810502485604964,0.5663830278813837,12.597855237376779
28.279081344604492,-6.050508221557922,6.484595048454615,0.3606497284886428,0.5686715244688092,12.535103270012538
28.299135208129883,-5.882800578496917,6.530156465190359,0.36354099334450446,0.5735051300749181,12.412957043687275
28.31913733482361,-5.676131294622344,6.575444387884101,0.29354099334450445,0.5813905684649943,12.251575682506445
28.339176416397095,-5.447846764733416,6.620457277568576,0.26558289640815935,0.6475617675483225,12.068304042301992
28.359142065048218,-5.210565122613714,6.665193616894204,0.33558289640815936,0.6712814024090765,11.875758739507917
28.378989934921265,-4.970971446841775,6.709651910315088,0.3583930239942857,0.6012814024090765,11.680623357156863
28.398982763290405,-4.736086343623063,6.753830684274934,0.3080544688669034,0.609639419019222,11.489917027897997
28.419039011001587,-4.510662094669925,6.797728487393009,0.31676179104717456,0.6757814565300939,11.308390582062934
28.4389910697937,-4.297750202024677,6.841343890650158,0.3583181717363187,0.6670947277545927,11.139094092674835
28.459001064300537,-4.096824069367357,6.884675487574707,0.4039318219688722,0.6638992491737006,10.981499556942065
28.47898554801941,-3.91183474593949,6.927721894428416,0.41318634179653607,0.6262428301945326,10.839556640367906
28.49906873703003,-3.7512222923377037,6.970481750392462,0.4273440346983262,0.5985490984842179,10.721704042730167
28.519126176834106,-3.6033423593563554,7.012953717753394,0.39336527445586406,0.591084512658417,10.61629607710975
28.539138078689575,-3.4682035458810816,7.055136482089132,0.4349916309979745,0.6417864586785433,10.523340027970214
28.559105396270752,-3.3454760336785876,7.097028752454815,0.3914204605785199,0.6411494878795927,10.442504786133401
28.57910180091858,-3.236919987017948,7.138629261568894,0.439395866629202,0.6812515711155718,10.375549248586843
28.599127531051636,-3.141068145992294,7.179936765998981,0.476802691158373,0.6918855147180145,10.321004911991276
28.619226217269897,-3.0588829106863438,7.220950046347873,0.45667626829119407,0.6861611083825117,10.279832957034216
28.63908624649048,-2.9883562153340066,7.261667907439481,0.3995906052109786,0.7,10.250024122773487
28.659117698669434,-2.9301023852644152,7.302089178504826,0.4247696318593808,0.7,10.232191563769241
28.679091453552246,-2.884224668765121,7.342212713367932,0.49476963185938083,0.6299999999999999,10.226437382133053
28.699044227600098,-2.848152260833136,7.38203739063184,0.4247696318593808,0.6596293888241052,10.230189651464975
28.719133853912354,-2.816833275294278,7.421562113864564,0.38896829196484767,0.7,10.238395389158843
28.739121198654175,-2.797281866083224,7.460785811784987,0.39047582218656324,0.678467596694827,10.258067677868212
28.75914692878723,-2.7864192603513707,7.499707438448915,0.3815502240718343,0.6944036491215229,10.286126698800286
28.778987646102905,-2.7818780102525724,7.538325973435004,0.43262271726736806,0.6609085880219936,10.320203983687577
28.799148082733154,-2.7818471341996482,7.57664042203065,0.36262271726736806,0.67268040291965,10.358487556230298
28.819026708602905,-2.784949889403375,7.614649815418019,0.42731687600025914,0.6605309637263417,10.399599704821394
28.839029788970947,-2.790147430753296,7.652353210859996,0.4317832420230844,0.6814623026177287,10.442500641613291
28.859028816223145,-2.7943466408206277,7.6897496918861705,0.43461684799985967,0.6896101048216223,10.484096332706798
28.879127740859985,-2.79542541170209,7.726838368478681,0.4181041951407679,0.7,10.522263780180772
28.899147272109985,-2.7943083557157693,7.763618377258325,0.37416383727686486,0.7,10.557926732974094
28.918992042541504,-2.7940119093464615,7.800088881670362,0.3629657953162678,0.6299999999999999,10.594100791016825
28.939050912857056,-2.793754527039993,7.8362490721706735,0.34640618889825425,0.687014662772417,10.630003599210667
28.959099531173706,-2.791753441192325,7.872098166411533,0.41640618889825426,0.6708988185226916,10.663851607603858
28.97905158996582,-2.7909102994870607,7.907635409427623,0.3770127527345904,0.6789923143759369,10.698545708914684
28.99913001060486,-2.788577315942227,7.94286007382204,0.3552905831416138,0.7,10.731437389764267
29.019039392471313,-2.785271002952789,7.977771459952201,0.40563167146639906,0.6443411938846111,10.763042462904991
29.039026498794556,-2.781375771911648,8.012368896115834,0.41104760932968937,0.627655728533864,10.793744668027482
29.059003829956055,-2.7771741483201327,8.046651738736898,0.34921930897282444,0.697655728533864,10.82382588705703
29.078991413116455,-2.7705540957199775,8.08061937255163,0.39846588465617977,0.6974634665052872,10.851173468271607
29.098973274230957,-2.7624287204541886,8.114271210794364,0.3771829621796497,0.7,10.876699931248552
29.11890721321106,-2.753471920933456,8.147606695383615,0.3071829621796497,0.6299999999999999,10.901078616317072
29.13895845413208,-2.7441736859001704,8.180625297107966,0.3309471664135345,0.5921043018996714,10.924798983008136
29.15896439552307,-2.7361007208490586,8.213326515812078,0.3433725685928949,0.6598227630555629,10.949427236661137
29.179033756256104,-2.72787419606995,8.24570988058258,0.3431875770940679,0.6644676268287002,10.97358407665253
29.19896626472473,-2.7174414728121024,8.277774949934123,0.35636512283526833,0.6316143103130161,10.995216422746225
29.21893310546875,-2.705751320590385,8.309521311995223,0.350332442673971,0.6607109621353446,11.015272632585608
29.239025115966797,-2.6911795274602306,8.34094858469436,0.4144593514531153,0.6669306104257702,11.03212811215459
29.259021759033203,-2.665724848686458,8.372056415945764,0.3792984560161131,0.7,11.037781264632223
29.278968811035156,-2.631065637848,8.402844483835523,0.35184830799989875,0.6778174050152301,11.033910121683522
29.298954010009766,-2.5909265790357696,8.433312496807524,0.29688004404597457,0.7,11.024239075843294
29.3190438747406,-2.548039185719669,8.463460193849265,0.22688004404597456,0.7,11.011499379568935
29.33903408050537,-2.5043731457502934,8.49328734467802,0.27569172188930685,0.7,10.997660490428313
29.358985900878906,-2.4613170869017886,8.522793749926649,0.3395583669870394,0.6299999999999999,10.984110836828437
29.379026651382446,-2.4239347173361327,8.551979241329654,0.3123126349627274,0.6125958386063575,10.975913958665787
29.3989839553833,-2.3873631191818916,8.580843681909016,0.32338695351325447,0.6144360294518991,10.968206801090908
29.419079780578613,-2.352318507563042,8.609386966160354,0.36040435109578545,0.6199409575155004,10.961705473723397
29.438979864120483,-2.30999271558023,8.637609020238642,0.4221161280974048,0.5941763375839217,10.947601735818871
29.45908260345459,-2.2428779172394333,8.665509802144314,0.39899243723892147,0.6364007410546764,10.908387719383747
29.47907304763794,-2.1533649194552846,8.693089301909236,0.32899243723892146,0.7,10.846454221364521
29.499080896377563,-2.0506536763297287,8.720347541782559,0.3515732378169196,0.7,10.771001218112287
29.51911973953247,-1.941482134246357,8.74728457641682,0.2815732378169196,0.7,10.688766710663177
29.53896951675415,-1.8307005993603844,8.773900493053738,0.3251739535137313,0.6947949000634253,10.604601092414121
29.559033155441284,-1.7217204305715972,8.800195411710341,0.3322592004790204,0.6491101154126226,10.521915842281938
29.579039573669434,-1.6168636161822236,8.82616948536473,0.33230543079684144,0.621396140474826,10.443033101546954
29.599099159240723,-1.5258242528077677,8.851822900142324,0.33079293592731124,0.6637224753387272,10.377647152950091
29.619035720825195,-1.4385915936198526,8.877155875501419,0.2879522241548694,0.6138850723393261,10.315747469121272
29.638978719711304,-1.3586183521927995,8.902168664419563,0.3409633546964324,0.6196152668446302,10.260787016612362
29.658990144729614,-1.2834786984362179,8.926861553579215,0.3060909867183364,0.6080931525677442,10.210340252015433
29.679064512252808,-1.2136766576496532,8.951234863553843,0.259573517729441,0.5380931525677441,10.164911521203496
29.69911479949951,-1.1494216437171152,8.975288948993878,0.26953133045593863,0.5745160422474145,10.124710592710993
29.718974590301514,-1.0907129201197467,8.999024198812585,0.2008748784557975,0.5045160422474144,10.089737118932332
29.73907995223999,-1.037403803393435,9.022441036372122,0.2708748784557975,0.44354624249041064,10.059844839765557
29.758983612060547,-0.9869337559257647,9.045539919669487,0.21658687858740455,0.49834769167006,10.032473675595252
29.779134511947632,-0.937449455045071,9.068321341522356,0.25308422936956054,0.5028156102076171,10.005770796567427
29.799033880233765,-0.8853212917717349,9.09078582975522,0.18573501153747207,0.47168289165943844,9.976107121526955
29.81903576850891,-0.8400622895226146,9.112933947385287,0.2111375854061044,0.4739516712166367,9.952996236907902
29.83905553817749,-0.7911192162849549,9.13476629280824,0.1977443341807521,0.4682774543203412,9.925885509093195
29.859081983566284,-0.738590800865644,9.156283499984603,0.1277443341807521,0.4398123453743754,9.894874300850248
29.879096508026123,-0.6849564577577658,9.177486238625256,0.09231230466524726,0.5098123453743755,9.862442696383022
29.898987293243408,-0.6296511382561821,9.198375214377723,0.03340653925100928,0.45366607012227167,9.828026352633906
29.919063329696655,-0.5723264089964769,9.218951169012016,0.06497446670095092,0.5236660701222717,9.791277578008492
29.939062356948853,-0.5058444320614784,9.239214880606479,0.09571909009377128,0.4536660701222717,9.745059312667957
29.95902729034424,-0.41390700282612136,9.259167163734006,0.14432502015391951,0.41039622725918884,9.673074166560127
29.97916007041931,-0.2719664946316665,9.278808869647701,0.21006560548106795,0.4330152176506817,9.550775364279367
29.999099493026733,-0.059657736186685795,9.298140886467099,0.20235096932286983,0.45132233912125225,9.357798622653785
30.0190486907959,0.2283609298272817,9.317164139363943,0.18272528507644897,0.4401872890256345,9.08880320953666
30.039047718048096,0.4784260891263516,9.33587959074826,0.22223252885873085,0.42713213862851257,8.857453501621908
30.05908203125,0.7970192547153783,9.35428824045422,0.159537442856381,0.4052497871406376,8.557268985738842
30.07903218269348,1.1571304910888127,9.372391125926136,0.20956816979582077,0.35885924624279136,8.215260634837323
30.099084615707397,1.5365886733361036,9.390189322404503,0.25598394581014877,0.34635329583659763,7.853600649068399
30.118998527526855,1.9194842853917808,9.407683943111891,0.2623314181239403,0.4127249900437891,7.48819965772011
30.13909888267517,2.294676295728625,9.424876139438709,0.29173885973999863,0.39570005016401405,7.130199843710084
30.159037351608276,2.654629389538707,9.441767101129681,0.2838744422317541,0.39826425059698517,6.787137711590974
30.17901086807251,2.9921949566023383,9.458358056469123,0.32791264857063657,0.4002378861140459,6.466163099866785
30.199007749557495,3.3029977330840796,9.474650272467507,0.298976759788493,0.4153309323545545,6.171652539383427
30.218961477279663,3.582387728788041,9.49064505504709,0.27618302161703473,0.4573054210003465,5.908257326259049
30.238975524902344,3.814064943542939,9.506343749227895,0.26226845792392856,0.4060455866809934,5.692278805684956
30.258960008621216,4.015213016393326,9.521747739313842,0.25223491470227605,0.3999858190026134,5.506534722920516
30.27897000312805,4.153341681641839,9.53685844907847,0.25313401724110013,0.3462442707922309,5.38351676743663
30.299036979675293,4.218578104753677,9.551677341951077,0.22879548127661115,0.3355324024986475,5.3330992371974
30.31895661354065,4.21525126775588,9.566205921202673,0.18737369905124074,0.3158181979041546,5.350954653446793
30.33901071548462,4.162073062765279,9.580445730131657,0.19479630038971668,0.33068004704080517,5.418372667366379
30.35896587371826,4.0779869274358,9.594398352250337,0.20145934297601348,0.4006800470408052,5.516411424814537
30.379002809524536,3.974648829879693,9.608065411470257,0.1419471301035083,0.39161769165657456,5.633416581590564
30.39897847175598,3.8606621608009037,9.62144857228865,0.15717574431459075,0.3439864577259868,5.760786411487746
30.419007539749146,3.7445996570260682,9.634549539974113,0.11790726556340819,0.3702984475996345,5.889949882948045
30.439002513885498,3.6324704821462594,9.647370060752625,0.17654644920388823,0.32550643621943887,6.014899578606365
30.458964824676514,3.5351170697218266,9.65991192199363,0.16419256049106484,0.27305834605358537,6.124794852271803
30.47899341583252,3.441503754795435,9.672176952395759,0.2002602921695507,0.216555214067921,6.230673197600324
30.498948574066162,3.3552717554319917,9.68416702217306,0.1302602921695507,0.22209582109935577,6.3288952667410685
30.519002676010132,3.278755656634977,9.695884043240774,0.0602602921695507,0.2878647335339337,6.417128386605797
30.53903889656067,3.2110046058368926,9.707329969401322,0.024039976325730128,0.25919307959266,6.496325363564429
30.558956384658813,3.151127157548531,9.718506796530288,0.028476460398087544,0.3043157551903277,6.567379638981757
30.578956127166748,3.1006129713096837,9.729416562762463,0.0,0.32200383772142227,6.62880359145278
30.59902596473694,3.057933619615866,9.740061348677624,0.0,0.3301939247641712,6.682127729061758
30.61903190612793,3.021821000409434,9.750443277486525,0.018849624320864677,0.313981686765328,6.728622277077092
30.63900351524353,2.991221249287246,9.76056451521714,0.0,0.2659012387041002,6.769343265929894
30.658952713012695,2.9675734296958027,9.770427270900086,0.0,0.2217459241393953,6.802853841204284
30.678990125656128,2.963275609939216,9.780033796755205,0.07,0.1809665011707693,6.816758186815989
30.699063777923584,2.959544133097998,9.789386388377046,0.09014734968543053,0.22903930121101435,6.829842255279049
30.719083070755005,3.008669343842155,9.798487384920964,0.16014734968543054,0.21612928626127537,6.789818041078809
30.739028930664062,3.1534381355899606,9.807339169289193,0.09206161960959436,0.22174676046706732,6.653901033699233
30.75895857810974,3.423365118623239,9.815944168316637,0.07962620850652458,0.1517467604670673,6.392579049693398
30.77906560897827,3.8171212479868974,9.824304852957031,0.00962620850652457,0.212735942909494,6.007183604970134
30.79902696609497,4.305040062149878,9.83242373846858,0.0,0.23453307838179166,5.527383676318703
30.81895422935486,4.845503385427525,9.840303384600322,0.0,0.2731762224528938,4.9947999991727965
30.839043617248535,5.408219242711058,9.847946395777704,0.07,0.24315665417350824,4.439727153066646
30.859154224395752,5.9715609578866795,9.855355421288792,0.14,0.18509787448681886,3.883794463402112
30.87909770011902,6.520490570650329,9.862533155470228,0.18655915498733522,0.21577979565598066,3.3420425848198985
30.89907956123352,7.04494283757122,9.869482337892954,0.2257367590069771,0.28577979565598066,2.824539500321734
30.9189612865448,7.50028568561417,9.876205753548462,0.22981819078326227,0.32430586502887304,2.375920067934292
30.938965797424316,7.933912021564791,9.882706233034586,0.23115151769947262,0.3738291813526302,1.948794211469795
30.95909309387207,8.341026317303019,9.888986652741387,0.2948366517527029,0.43315212340094145,1.5479603354383684
30.979060411453247,8.716680066788198,9.895049935037406,0.3045326166180894,0.5031521234009415,1.1783698682492076
30.999043703079224,9.053632577777384,9.900899048455294,0.3745326166180894,0.4491251657996327,0.8472664706779103
31.01903772354126,9.331660137615147,9.906537007878057,0.3622726555122063,0.419258446181193,0.5748768702629103
31.03902006149292,9.524370623693128,9.911966874724662,0.36808856242801996,0.4314826808217913,0.3875962510315336
31.058995962142944,9.620313802857114,9.917191757136372,0.3747466792492196,0.4405385458189994,0.29687795427925856
31.079076528549194,9.632617644063012,9.922214810162533,0.4447466792492196,0.46028109614737334,0.28959716609952046
31.099036693572998,9.579553927685518,9.927039235946413,0.4460363089758903,0.4613892145967111,0.34748530826089485
31.11906361579895,9.468587585485071,9.931668283911357,0.47004853744991126,0.4650867868727073,0.4630806984262854
31.139089822769165,9.37224377408139,9.936105250946756,0.4285779464710504,0.3950867868727073,0.563861476865366
31.15897274017334,9.208883385148129,9.940353481593842,0.40657531839795413,0.3597033872967586,0.7314700964457135
31.179121017456055,8.97548376199898,9.944416368231668,0.3365753183979541,0.33923688081558795,0.9689326062326877
31.19906735420227,8.676423999213167,9.948297351263307,0.3226517981756479,0.40923688081558796,1.2718733520501395
31.219051361083984,8.318792544252894,9.95199991930141,0.25265179817564787,0.4327748071914539,1.6332073750485172
31.239046812057495,7.897474804272504,9.955527609354533,0.28759279717691244,0.4779308427637443,2.0580528050820295
31.259031295776367,7.408280380391076,9.958884007012934,0.21759279717691243,0.4147592623298988,2.5506036266218572
31.279115438461304,6.857036630618399,9.962072746634476,0.1786004034150392,0.48231995744165035,3.105036116016077
31.29903531074524,6.261008167569738,9.965097511530718,0.22518603031523526,0.48307073743082585,3.7040893439609803
31.31906771659851,5.649581386161788,9.967962034152862,0.29518603031523527,0.48578995999880137,4.318380647991074
31.33913540840149,5.045889670192685,9.970670096277523,0.3174271905887872,0.5081340481806547,4.924780426084838
31.359057426452637,4.521749109406873,9.973225529192895,0.3252517791558057,0.530969924973324,5.451476419786022
31.37900972366333,4.013041289649999,9.97563221388468,0.26257421691901983,0.5573872288037092,5.96259092423468
31.399021863937378,3.5307760383429243,9.977894081221947,0.2658705006912351,0.510235097007826,6.447118042879023
31.419055461883545,3.0795873269281455,9.980015112143192,0.24955791454762222,0.440235097007826,6.900427785215047
31.4391131401062,2.661874802352281,9.981999337842229,0.21768362667411567,0.4498239346314222,7.320124535489947
31.458999156951904,2.287688343400369,9.983850839954158,0.14768362667411566,0.42319714282639326,7.696162496553789
31.47908663749695,1.9744430147354006,9.985573750741441,0.1266309867426753,0.471441149758175,8.01113073600604
31.499127864837646,1.7349452304418551,9.98717225327967,0.18443625297397376,0.541441149758175,8.252227022837815
31.51910924911499,1.5738301182759284,9.988650581643572,0.25443625297397376,0.604598007844761,8.414820463367644
31.539108753204346,1.4853023359954858,9.990013021093098,0.279748009853065,0.534598007844761,8.504710685097612
31.559011697769165,1.470372565208335,9.991263908259338,0.22796914201229812,0.5138113368768245,8.520891343051003
31.579004287719727,1.4574101570357814,9.992407631330327,0.2979691420122981,0.511390230897814,8.534997474294546
31.599069118499756,1.5211815402483722,9.993448630237154,0.36796914201229813,0.5435851470567286,8.472267089988781
31.619128942489624,1.6435190691139436,9.994391396839895,0.2979691420122981,0.47358514705672855,8.35087232772595
31.63897967338562,1.8009949556560474,9.995240475113576,0.28263583038002255,0.5314952131547033,8.194245519457528
31.659085273742676,1.9787269973466755,9.996000461334056,0.2934252675995231,0.5030490789748727,8.01727346398738
31.679128408432007,2.1658444588125594,9.996676004264078,0.27265560630708935,0.46613899955525984,7.8308315454515185
31.6990385055542,2.3522330402331955,9.99727180533922,0.20284669104963543,0.5185872163809835,7.645038765106025
31.71901559829712,2.533203104581297,9.997792618853829,0.27284669104963544,0.5709935348667203,7.464589514272532
31.739078760147095,2.705640126219265,9.998243252146892,0.21664364609867337,0.561488771457225,7.292603125927627
31.759008646011353,2.865289355956054,9.998628565788117,0.2866436460986734,0.5268487759120761,7.133339209832062
31.779144525527954,3.003900893251932,9.998953473763947,0.2759967608377338,0.5448240485228597,6.995052580512015
31.79914402961731,3.1321949728723975,9.99922294366332,0.2698882142081857,0.5544192517362534,6.867027970790922
31.81915521621704,3.2499415715179496,9.999441996863752,0.1998882142081857,0.4844192517362534,6.749500425345802
31.839117288589478,3.357258897247972,9.999615708717329,0.19770372446626427,0.48315726284869004,6.642356811469357
31.85912823677063,3.4545039174462433,9.999749208736564,0.24599282231181863,0.5133794459421186,6.54524529129032
31.879199028015137,3.5421900292120703,9.999847680780434,0.31599282231181863,0.5213076543901114,6.457657651568363
31.899182558059692,3.6209257521370435,9.999916363240295,0.33863333929330114,0.5913076543901115,6.3789906111032515
31.919172763824463,3.6936859866488385,9.999960549225904,0.36756947766989473,0.5995727240759878,6.306274562577065
31.939107418060303,3.7603781756288743,9.999985586751201,0.42809251826256517,0.6484886504430323,6.239607411122327
31.959006547927856,3.821097953409699,9.99999687892057,0.35809251826256516,0.6778161249775438,6.17889892551087
31.978973627090454,3.8760691479892873,9.99999988411453,0.38953046660870316,0.6246669016499071,6.123930736125242
31.99915099143982,3.9237965426045323,10.0,0.43350925456732514,0.6946669016499072,6.076203457395468
32.018943786621094,3.9647205236721663,10.0,0.45032551858574155,0.7,6.035279476327833
32.03896975517273,3.997524091609326,10.0,0.45237894446589055,0.7,6.002475908390673
32.05898714065552,4.021506496911382,10.0,0.40594134942628446,0.7,5.978493503088618
32.07901310920715,4.034097145409519,10.0,0.4046847468428314,0.7,5.965902854590481
32.09903287887573,4.033810781253816,10.0,0.410542790517211,0.7,5.966189218746184
32.11914134025574,4.019955147105253,10.0,0.4091864678496495,0.7,5.980044852894747
32.139074087142944,3.9924070312361306,10.0,0.3391864678496495,0.7,6.00759296876387
32.15893840789795,3.953758065177444,10.0,0.29669962512794884,0.6910256853327155,6.046241934822556
32.17911887168884,3.9061009071867203,10.0,0.3158267519110814,0.6454965023323893,6.093899092813279
32.201974391937256,3.8534428347512617,10.0,0.3313214999297634,0.6185053026303649,6.146557165248739
32.21905303001404,3.8077237518383638,10.0,0.3708986785868183,0.6666300667449832,6.192276248161637
32.23911261558533,3.759004547891457,10.0,0.36128988365177067,0.697466498054564,6.2409954521085425
32.25910449028015,3.711801856129916,10.0,0.3935802603745833,0.7,6.288198143870083
32.278980016708374,3.671529222141316,10.0,0.3559659334504977,0.6438110031187534,6.3284707778586835
32.29909825325012,3.6394477996999735,10.0,0.3411768494779244,0.6446908046375028,6.3605522003000265
32.319090366363525,3.613901334936174,10.0,0.33813603261020037,0.6496984059805981,6.386098665063826
32.338988065719604,3.593567198217934,10.0,0.38450466135051103,0.6779004610027186,6.406432801782066
32.35903334617615,3.577389346541521,10.0,0.3657715808739886,0.7,6.422610653458479
32.37901711463928,3.5645247346579136,10.0,0.4068479057541117,0.7,6.435475265342086
32.399001598358154,3.5543004797570443,10.0,0.35463400596287104,0.7,6.445699520242956
32.41898727416992,3.54617962428298,10.0,0.3273715268960223,0.6829937610775232,6.4538203757170205
32.4389533996582,3.539128890225111,10.0,0.2573715268960223,0.6649111218750476,6.460871109774889
32.45903134346008,3.5336121458370746,10.0,0.3273715268960223,0.7,6.466387854162925
32.47901749610901,3.529306273858045,10.0,0.35187450835015627,0.686878634430468,6.470693726141954
32.498969316482544,3.5259549309499887,10.0,0.30394547843839975,0.7,6.474045069050011
32.51895213127136,3.5233549095359815,10.0,0.3375185657432303,0.7,6.476645090464018
32.53904151916504,3.52366161269689,10.0,0.33399876082781704,0.679424100369215,6.476338387303111
32.5590181350708,3.5259791867190935,10.0,0.3619572526449338,0.7,6.474020813280907
32.57905578613281,3.5296323928615645,10.0,0.344946245350875,0.6424175210297107,6.470367607138435
32.59895586967468,3.5364333711541316,10.0,0.3416389167914167,0.6819712191820144,6.463566628845868
32.61896228790283,3.5452414913040733,10.0,0.3362881645234302,0.7,6.454758508695926
32.63906812667847,3.5552115958275303,10.0,0.28170028623659166,0.7,6.44478840417247
32.659032583236694,3.563867895123652,10.0,0.28751120312605055,0.7,6.436132104876348
32.67901158332825,3.570925302876037,10.0,0.34186708895955237,0.7,6.429074697123963
32.69896101951599,3.5790025027131316,10.0,0.3016235042968765,0.6851149087771773,6.420997497286868
32.71897554397583,3.5852588083420835,10.0,0.3303986486652866,0.6188436856493353,6.4147411916579165
32.7391402721405,3.5900854722279525,10.0,0.30135053551290186,0.6513938827440142,6.409914527772047
32.759135484695435,3.596108276814598,10.0,0.30462582773994656,0.6638725128024816,6.403891723185402
32.7791051864624,3.6028031669425085,10.0,0.23462582773994656,0.6279961194843053,6.3971968330574915
32.799068212509155,3.6097884314132482,10.0,0.1656850839359686,0.6378930861130356,6.390211568586752
32.819008350372314,3.616791288315436,10.0,0.16147855085786433,0.5972082706168294,6.3832087116845635
32.83908128738403,3.6259381531106354,10.0,0.17020693769212814,0.5775241626426577,6.374061846889365
32.85903239250183,3.640965835337724,10.0,0.2257950266217813,0.6450501902028918,6.359034164662276
32.879040241241455,3.673580253772247,10.0,0.18631922428961845,0.609790645353496,6.326419746227753
32.89911198616028,3.701896924542746,10.0,0.1886412433674559,0.5711172332987189,6.298103075457254
32.919108629226685,3.7699319589145235,10.0,0.2586412433674559,0.5999479496851563,6.2300680410854765
32.93907332420349,3.889241363978654,10.0,0.3171246614446864,0.604076003935188,6.110758636021346
32.95898795127869,4.059551341206861,10.0,0.35473784097936006,0.6719853117130696,5.940448658793139
32.979121685028076,4.2746949046717475,10.0,0.33839579896535726,0.7,5.7253050953282525
32.99906802177429,4.5199416099284155,10.0,0.3956226505478844,0.7,5.4800583900715845
33.01908898353577,4.777317569258173,10.0,0.39898152734618636,0.668587290495634,5.222682430741827
33.03904843330383,5.036335154972711,10.0,0.36577742259483786,0.7,4.963664845027289
33.059101581573486,5.2873502532022405,10.0,0.34575924176257106,0.7,4.7126497467977595
33.07901310920715,5.521558807859931,10.0,0.32342013615649196,0.6637485332787036,4.478441192140069
33.09898066520691,5.730972280513643,10.0,0.38026636737864467,0.7,4.269027719486357
33.11905336380005,5.912790404051451,10.0,0.3850953927403316,0.7,4.087209595948549
33.13903784751892,6.070870945473032,10.0,0.3715271935006604,0.6574186205863952,3.9291290545269684
33.159117221832275,6.2013485868938,10.0,0.42268203796353193,0.7,3.7986514131062004
33.17898082733154,6.299949677587598,10.0,0.4205422030435875,0.7,3.7000503224124017
33.19906282424927,6.369178622692958,10.0,0.3674535119580105,0.6716056585311889,3.6308213773070417
33.21907305717468,6.411549032771713,10.0,0.3584722486929968,0.676061878260225,3.5884509672282867
33.23910593986511,6.4341473625215295,10.0,0.34917378254700454,0.6508805680088698,3.5658526374784705
33.25911998748779,6.437784119565966,10.0,0.31644927539397033,0.658679350093007,3.5622158804340343
33.27904725074768,6.425838344952916,10.0,0.3713347596721724,0.655291049554944,3.5741616550470843
33.29899001121521,6.4033840784998795,10.0,0.3585706960083917,0.6127015750855207,3.5966159215001205
33.319191455841064,6.383888711080707,10.0,0.3184754524054006,0.5892039228230714,3.616111288919293
33.33899402618408,6.357296223391913,10.0,0.27340839539188894,0.6216337818652391,3.642703776608087
33.35912346839905,6.326475057077968,10.0,0.2549815803440288,0.6474276416003704,3.6735249429220316
33.37909173965454,6.29584537001535,10.0,0.18498158034402878,0.680761632323265,3.70415462998465
33.39902091026306,6.268472270925007,10.0,0.24660126071888955,0.7,3.731527729074993
33.41901731491089,6.246398897294897,10.0,0.2353462311299518,0.6795709121972322,3.753601102705103
33.43904972076416,6.230904698728227,10.0,0.3053462311299518,0.7,3.769095301271773
33.459126234054565,6.225021310498469,10.0,0.30958270576316865,0.6838087745010852,3.7749786895015314
33.47898197174072,6.228284807152714,10.0,0.3423317625792697,0.7,3.771715192847286
33.49906849861145,6.240131889973398,10.0,0.2986931755812839,0.7,3.759868110026602
33.51904559135437,6.2553123870281,10.0,0.3410673245461658,0.7,3.7446876129719
33.53897976875305,6.268492482147487,10.0,0.3514961685659364,0.6417029358446598,3.7315075178525126
33.55899095535278,6.283851423057466,10.0,0.31769400571007284,0.6669845160096883,3.716148576942534
33.5790593624115,6.302635312430863,10.0,0.3583805981697515,0.644708876311779,3.697364687569137
33.59911894798279,6.320986708470535,10.0,0.3733656054036692,0.618455097824335,3.679013291529465
33.61905550956726,6.338554054013745,10.0,0.32160306551028045,0.5886667899787426,3.661445945986255
33.6390917301178,6.352797479820374,10.0,0.30489212662447246,0.5770052380859851,3.6472025201796257
33.65907573699951,6.364356792069927,10.0,0.245598338698037,0.5620083155110478,3.635643207930073
33.678964376449585,6.371430779053934,10.0,0.2201034372346476,0.558380272751674,3.6285692209460656
33.69904565811157,6.372886564649308,10.0,0.23352612104732545,0.5950852078851312,3.627113435350692
33.719075441360474,6.3704016904618985,10.0,0.2240382639365271,0.5734364004340022,3.6295983095381015
33.73905396461487,6.367561547807268,10.0,0.25818580590654167,0.6434364004340023,3.6324384521927318
33.75913858413696,6.365095663442234,10.0,0.2505213279882446,0.6055839007999748,3.6349043365577662
33.77900767326355,6.362408550524876,10.0,0.26841124302241953,0.6688357761409134,3.6375914494751243
33.799111127853394,6.361954943245238,10.0,0.31770607239101084,0.6465431584324688,3.6380450567547618
33.81903910636902,6.365380988116441,10.0,0.3483566638687626,0.6909351630415768,3.634619011883559
33.83905839920044,6.373727818462876,10.0,0.337279992797412,0.7,3.626272181537124
33.85913896560669,6.38758889833305,10.0,0.32192206910345705,0.7,3.6124111016669502
33.8791184425354,6.402598412609312,10.0,0.27968431419227274,0.7,3.5974015873906877
33.89898467063904,6.418010032789303,10.0,0.3007335529336706,0.7,3.5819899672106974
33.91917848587036,6.4332947762463135,10.0,0.34623098528478297,0.7,3.5667052237536865
33.93916082382202,6.448088565825237,10.0,0.3145661928365007,0.6514645040035247,3.5519114341747633
33.959129333496094,6.4598351116140975,10.0,0.2589891419420019,0.6236782751977443,3.5401648883859025
33.9791579246521,6.470033762571543,10.0,0.24330246603582056,0.5918211422860622,3.5299662374284573
33.99919509887695,6.4780102516951645,10.0,0.23523971779737624,0.5681560102850198,3.5219897483048355
34.01918435096741,6.48191670310033,10.0,0.24441874554846438,0.5164943028241396,3.51808329689967
34.039300203323364,6.4828932318656145,10.0,0.21247667601797732,0.45842545740306373,3.5171067681343855
34.05901861190796,6.481808957406701,10.0,0.24903441748116167,0.516824747249484,3.5181910425932994
34.07907247543335,6.479321865306713,10.0,0.2741343357274309,0.4868644408881664,3.520678134693287
34.099069118499756,6.475925950581494,10.0,0.249217914105393,0.5568644408881664,3.5240740494185063
34.11911916732788,6.474304632506967,10.0,0.2317421656707302,0.5727085606008768,3.525695367493033
34.13909649848938,6.476274992277987,10.0,0.24149856592062863,0.5684869149513543,3.523725007722013
34.15906262397766,6.485320828719206,10.0,0.3026798802101985,0.6194874355383218,3.514679171280794
34.179075717926025,6.499042750694521,10.0,0.25642400855664166,0.6213648872030899,3.500957249305479
34.1991822719574,6.5109564736907934,10.0,0.2702696972200647,0.6793458604766056,3.4890435263092066
34.219072580337524,6.525994748828651,10.0,0.29094906865153464,0.6218967245472595,3.4740052511713486
34.23903203010559,6.545123292661454,10.0,0.27504166184458884,0.5604150624526665,3.4548767073385456
34.259111404418945,6.564272378238027,10.0,0.24900028823409232,0.601755316699855,3.4357276217619734
34.27896690368652,6.585247407675949,10.0,0.29827010600361975,0.6203497716737911,3.414752592324051
34.29901123046875,6.604621559220505,10.0,0.34516206352505835,0.566464363927953,3.3953784407794947
34.31911516189575,6.622373168611963,10.0,0.3422242746828124,0.5786515589384362,3.377626831388037
34.33917760848999,6.638529950205654,10.0,0.4122242746828124,0.6348481405107305,3.361470049794346
34.35919666290283,6.650836837283296,10.0,0.4041702296538279,0.6552028733817861,3.349163162716704
34.37911081314087,6.660145316290474,10.0,0.33417022965382787,0.7,3.339854683709526
34.39910554885864,6.6648094876864015,10.0,0.3829268216295168,0.6875140534713864,3.3351905123135985
34.419119358062744,6.668859040374297,10.0,0.40032443396281453,0.7,3.331140959625703
34.438984870910645,6.667324467135873,10.0,0.37199607856106015,0.6299999999999999,3.332675532864127
34.45895218849182,6.657319016684809,10.0,0.3508428502036259,0.6306096615688874,3.3426809833151907
34.47895812988281,6.639377205238999,10.0,0.3153694960428402,0.6189376900391652,3.3606227947610012
34.49895668029785,6.611763111166901,10.0,0.2932252994878218,0.5489376900391651,3.3882368888330987
34.51900672912598,6.575842257349131,10.0,0.2541966959042475,0.5287429285841061,3.424157742650869
34.53894543647766,6.535098381103135,10.0,0.2536940109357238,0.5553213549451901,3.4649016188968647
34.558960914611816,6.492078328419035,10.0,0.30180045779794457,0.6253213549451901,3.5079216715809647
34.57900142669678,6.448611077055183,10.0,0.30368908917531373,0.6389747571619226,3.551388922944817
34.5989146232605,6.408295133118085,10.0,0.27230418151244523,0.5689747571619226,3.5917048668819147
34.61902928352356,6.375863244220181,10.0,0.24548613330349328,0.5921427733870221,3.624136755779819
34.638988971710205,6.352078552692303,10.0,0.2646962409280241,0.6214011381985618,3.647921447307697
34.65899062156677,6.331428076255788,10.0,0.26777708580717446,0.6296113399462773,3.668571923744212
34.679091930389404,6.316997607332889,10.0,0.32054026475176217,0.623754429691471,3.6830023926671114
34.69898176193237,6.311900443515758,10.0,0.2902130806259811,0.6006045127892865,3.688099556484242
34.719048261642456,6.31573669402039,10.0,0.24115832014009358,0.5867793923849238,3.68426330597961
34.73903179168701,6.325676815266585,10.0,0.2564449212886393,0.5507412059837951,3.6743231847334146
34.75898838043213,6.339594594807039,10.0,0.18644492128863932,0.5769735100353135,3.660405405192961
34.77907586097717,6.3559083763347735,10.0,0.2386055643297732,0.6015561288828029,3.6440916236652265
34.79903960227966,6.373456425962117,10.0,0.2826244960166514,0.5740371430898084,3.626543574037883
34.81899333000183,6.391399297067032,10.0,0.2883467775397003,0.5410425263131036,3.608600702932968
34.838980197906494,6.413776217148265,10.0,0.2381714720837772,0.5333312163734807,3.586223782851735
34.85910248756409,6.433204430472691,10.0,0.2585664958320558,0.4733634228492154,3.566795569527309
34.87910294532776,6.455511270334553,10.0,0.28893090119585396,0.5433634228492155,3.5444887296654466
34.899049282073975,6.479229653445492,10.0,0.26955049751326443,0.543203002521186,3.5207703465545084
34.91897964477539,6.503303371399248,10.0,0.21221899507567288,0.537906717256992,3.496696628600752
34.93898916244507,6.529305785784273,10.0,0.2268689180351794,0.5103902944637229,3.470694214215727
34.95905160903931,6.55596254408761,10.0,0.225246809409,0.44039029446372285,3.4440374559123903
34.97898983955383,6.582371260834799,10.0,0.20008151976857336,0.4461244792205979,3.4176287391652007
34.999018907547,6.607911693848367,10.0,0.21429962570313366,0.4661655277473618,3.392088306151633
35.01907801628113,6.632175918578646,10.0,0.2386912768566981,0.44137090821692243,3.367824081421354
35.039063453674316,6.657230581036451,10.0,0.2121010376000777,0.46862620119878545,3.342769418963549
35.05901551246643,6.682173953099746,10.0,0.16227944845799358,0.46010986347624555,3.3178260469002536
35.07911038398743,6.703830425559631,10.0,0.17484489454422147,0.4981259257061173,3.296169574440369
35.09909176826477,6.727501695502674,10.0,0.20740790663752706,0.5285896994633366,3.2724983044973257
35.11898756027222,6.7542648986175,10.0,0.1873293313989416,0.5354344016400863,3.2457351013825004
35.13909387588501,6.782470356614059,10.0,0.21970764359924944,0.5739105707494307,3.217529643385941
35.15902256965637,6.810934224770407,10.0,0.16044327056501062,0.5210526092437793,3.189065775229593
35.17907452583313,6.841143765428326,10.0,0.21061219832394273,0.4979730761138488,3.158856234571674
35.1990168094635,6.8717696467997404,10.0,0.14061219832394273,0.45833204225578794,3.1282303532002596
35.21909689903259,6.901877568431094,10.0,0.1726280882069841,0.4231754420784999,3.098122431568906
35.23901867866516,6.930832234290224,10.0,0.2223879679152742,0.42755517507845053,3.069167765709776
35.25907278060913,6.958222774122484,10.0,0.22878931584302337,0.44118035263323674,3.0417772258775164
35.279048681259155,6.986121375951208,10.0,0.17293810593429954,0.5111803526332368,3.0138786240487923
35.29898405075073,7.010343654344036,10.0,0.13385215523187072,0.46891212857270137,2.9896563456559644
35.319119453430176,7.041617047787427,10.0,0.17189544560853393,0.39891212857270136,2.958382952212573
35.33913540840149,7.076963800757513,10.0,0.16591431927401573,0.40320802996808186,2.923036199242487
35.35901737213135,7.114208269599506,10.0,0.09591431927401572,0.33320802996808185,2.885791730400494
35.37905550003052,7.151789280718895,10.0,0.06961809482891113,0.35358677606040134,2.848210719281105
35.399006366729736,7.188613603960986,10.0,0.09649855841416866,0.38342612783366337,2.8113863960390137
35.41907548904419,7.223941845488957,10.0,0.12531374965328723,0.4019926710700382,2.776058154511043
35.43904137611389,7.259616213976192,10.0,0.12744549300987273,0.39264015096181526,2.7403837860238083
35.45898485183716,7.296907149366693,10.0,0.06451702502090484,0.3371687753772129,2.7030928506333067
35.47907471656799,7.33665446992768,10.0,0.09009996068198234,0.4071687753772129,2.66334553007232
35.49904704093933,7.377060411133743,10.0,0.02451528620440513,0.3617405402933945,2.6229395888662568
35.51897668838501,7.412141880901515,10.0,0.05194697354454547,0.29174054029339447,2.5878581190984846
35.53909087181091,7.4473175507845335,10.0,0.09213971544522792,0.34690590190642967,2.5526824492154665
35.55903434753418,7.486264295349331,10.0,0.117695098859258,0.4046681000565876,2.513735704650669
35.57901978492737,7.540702005758923,10.0,0.08000624750275165,0.36229848849528923,2.4592979942410773
35.599008321762085,7.627628218575508,10.0,0.010006247502751642,0.2922984884952892,2.3723717814244916
35.61907696723938,7.753360162770309,10.0,0.0,0.2680791655456413,2.246639837229691
35.639015436172485,7.907364852494191,10.0,0.030456997454166412,0.26846762490633397,2.092635147505809
35.65908169746399,8.079264808671056,10.0,0.008179951459169388,0.24382909131410985,1.9207351913289443
35.679088830947876,8.263696757712133,10.0,0.0,0.21400932339194684,1.7363032422878675
35.699037313461304,8.461237891596713,10.0,0.0,0.23461529170337586,1.5387621084032865
35.71909523010254,8.674259973485418,10.0,0.04465135559439659,0.20667316881183057,1.3257400265145822
35.73903512954712,8.859211183693217,10.0,0.029027871787548065,0.2087674057128605,1.1407888163067827
35.7590754032135,9.059949051465102,10.0,0.05505963787436485,0.19424724951561062,0.940050948534898
35.77907109260559,9.266361597378467,10.0,0.025012293830513954,0.2152006644773063,0.7336384026215335
35.7990608215332,9.4735920310133,10.0,0.06757275946438313,0.20259080920543043,0.5264079689866996
35.819016456604004,9.675929017387519,10.0,0.0780758336186409,0.23115556221629946,0.324070982612481
35.83898639678955,9.867218193220628,10.0,0.08190226648002863,0.20284342859114973,0.1327818067793718
35.85901594161987,10.04579237020706,10.0,0.10809633415192366,0.2088962825963971,-0.045792370207060173
35.87904953956604,10.210828654428763,10.0,0.097663682885468,0.21775851352314918,-0.21082865442876297
35.89906430244446,10.362112269603942,10.0,0.0709719704464078,0.23067110823641984,-0.3621122696039425
35.91907525062561,10.499856486463125,10.0,0.06210958119481802,0.2234875806624767,-0.4998564864631252
35.939112186431885,10.624566268085106,10.0,0.06320258765481412,0.18634119117807119,-0.6245662680851058
35.95908498764038,10.732842484481237,10.0,0.06514002825133502,0.22379890689800946,-0.7328424844812371
35.9791476726532,10.828627700509667,10.0,0.039192697731778026,0.228249702604371,-0.8286277005096672
35.999138832092285,10.913212503002427,10.0,0.03354132059030235,0.158249702604371,-0.913212503002427
36.019102334976196,10.985472145934391,10.0,0.0,0.1454904529469785,-0.9854721459343914
36.03920030593872,11.044950231004211,10.0,0.04246092215180397,0.17692540615971653,-1.0449502310042114
36.05901074409485,11.09166660948529,10.0,0.05199130065739155,0.18059653306554524,-1.0916666094852907
36.07907152175903,11.128287751189019,10.0,0.048583949683234096,0.2414913129265186,-1.1282877511890188
36.09902906417847,11.156931792742881,10.0,0.04897914614412002,0.22373272182594506,-1.1569317927428813
36.11893367767334,11.174647489844368,10.0,0.04833235320984386,0.265555233528721,-1.174647489844368
36.13904666900635,11.175040285160334,10.0,0.04030759175657295,0.19953200297604767,-1.1750402851603337
36.159154415130615,11.15412518757695,10.0,0.0522419475892093,0.1978080340864834,-1.15412518757695
36.18345618247986,11.135966165867256,10.0,0.020395159808686003,0.17967439007188646,-1.1359661658672557
36.20145344734192,11.103195133592862,10.0,0.05838894107728265,0.17769391678448287,-1.1031951335928625
36.219099044799805,11.061138561884691,10.0,0.08896448844461702,0.14298670955176918,-1.0611385618846914
36.23909664154053,11.013740832729706,10.0,0.07354119708179496,0.11524557538505165,-1.013740832729706
36.25909376144409,10.963882402281707,10.0,0.12091532637714408,0.18524557538505165,-0.9638824022817065
36.27890586853027,10.913628830521256,10.0,0.07937702079652809,0.16556768864567845,-0.9136288305212563
36.29901385307312,10.864425228884764,10.0,0.03459527259110473,0.23072973638947575,-0.8644252288847643
36.31908655166626,10.81724767163679,10.0,0.0,0.22049087286170094,-0.8172476716367907
36.33900237083435,10.772720724670213,10.0,0.0,0.16234121099289028,-0.7727207246702132
36.359062910079956,10.72889199459181,10.0,0.0,0.1598966857435879,-0.7288919945918106
36.37904977798462,10.68207063765275,10.0,0.0,0.17348066996957628,-0.6820706376527497
36.39897060394287,10.641419140152248,10.0,0.0,0.15834853891457884,-0.641419140152248
36.419005155563354,10.599109964552792,10.0,0.009292030707001686,0.19863563496794073,-0.5991099645527918
36.43897795677185,10.556764452022795,10.0,0.06445012055337429,0.22953750658954947,-0.5567644520227955
36.45896363258362,10.515509712055977,10.0,0.029149753972887993,0.19503595400776236,-0.5155097120559766
36.47895169258118,10.476099865648456,10.0,0.098738519474864,0.219500175678986,-0.47609986564845563
36.498974084854126,10.439010088508445,10.0,0.09000781085342169,0.25090508815075724,-0.4390100885084447
36.519014835357666,10.404509283202236,10.0,0.15863946732133627,0.2602072684111771,-0.4045092832022359
36.539007902145386,10.37271599211098,10.0,0.14960377011448145,0.28605012875224917,-0.3727159921109795
36.55906391143799,10.343641196202668,10.0,0.07960377011448144,0.34257499408151476,-0.3436411962026682
36.582420110702515,10.317220876990989,10.0,0.09423938050866126,0.27257499408151475,-0.317220876990989
36.59904980659485,10.293340610037196,10.0,0.1186297333985567,0.2952509627881226,-0.29334061003719647
36.61895561218262,10.272607152575745,10.0,0.1042414142936468,0.27075138811196653,-0.27260715257574475
36.63905906677246,10.256169006524415,10.0,0.0342414142936468,0.26050799649383394,-0.25616900652441466
36.65901064872742,10.243147525290459,10.0,0.015683921650052057,0.21641519975091783,-0.2431475252904587
36.67896342277527,10.237475068480137,10.0,0.004969799555838095,0.21918425482872395,-0.237475068480137
36.69888758659363,10.244005641426144,10.0,0.007953596431761967,0.2004087879991856,-0.24400564142614378
36.71888756752014,10.265789131662526,10.0,0.0011490463651716576,0.1304087879991856,-0.26578913166252605
36.73887586593628,10.297592898101641,10.0,0.0,0.15497681115928558,-0.2975928981016409
36.75888419151306,10.335518367358375,10.0,0.02723463624715805,0.22497681115928558,-0.33551836735837526
36.778892517089844,10.376696329846743,10.0,0.013113324530422688,0.26394298260274796,-0.37669632984674273
36.798874855041504,10.419048169639622,10.0,0.05255893338471651,0.20017657761636642,-0.41904816963962155
36.81891894340515,10.461099183391353,10.0,0.03072474431246519,0.2185933716333237,-0.4610991833913527
36.838906049728394,10.49760894714397,10.0,0.014517645351588726,0.27047556040051846,-0.49760894714396997
36.85905194282532,10.533531708292314,10.0,0.001973995938897133,0.2572385320177999,-0.5335317082923137
36.87908411026001,10.568100008368782,10.0,0.010949142277240753,0.18723853201779989,-0.5681000083687824
36.89913821220398,10.600816482422449,10.0,0.030568433925509453,0.21738886171195176,-0.6008164824224487
36.9189510345459,10.631384475172423,10.0,0.10056843392550946,0.2117910528479841,-0.6313844751724229
36.93890047073364,10.659654558664132,10.0,0.030568433925509453,0.23229321780789164,-0.6596545586641316
36.958884477615356,10.685583504319753,10.0,0.0,0.21454668360936907,-0.6855835043197533
36.978893995285034,10.709202986854272,10.0,0.0,0.2466082641779211,-0.7092029868542724
36.99895000457764,10.73059587255988,10.0,0.039507415145635605,0.19622939395892885,-0.7305958725598796
37.01896333694458,10.749878400463887,10.0,0.026491617783904076,0.19278532093565431,-0.7498784004638868
37.03896617889404,10.767186926174933,10.0,0.04452051967382431,0.13828092267911402,-0.7671869261749329
37.05889272689819,10.782214630104908,10.0,0.03712217370048165,0.20828092267911402,-0.7822146301049084
37.078892946243286,10.795715620475194,10.0,0.04745494341477752,0.2573040405492064,-0.7957156204751943
37.098968505859375,10.807800368325548,10.0,0.07332870690152049,0.2449468801001784,-0.8078003683255481
37.11893033981323,10.81858292959887,10.0,0.05847462313249707,0.22985270230274168,-0.81858292959887
37.138909578323364,10.828176844309333,10.0,0.03341516526415944,0.17068667693238226,-0.8281768443093327
37.158990144729614,10.836692301782112,10.0,0.03201249858830124,0.19377876801590888,-0.8366923017821115
37.17903113365173,10.844234259991435,10.0,0.011176907108165324,0.1960315625852671,-0.8442342599914348
37.19903230667114,10.848584929077157,10.0,0.022996578947640955,0.22910937999549774,-0.8485849290771572
37.21903896331787,10.850604329785675,10.0,0.014637321815825999,0.22904842593343333,-0.8506043297856749
37.238948583602905,10.853267604107064,10.0,0.015677447780035436,0.2924044454899557,-0.8532676041070637
37.25916409492493,10.856307910124322,10.0,0.004459484829567373,0.24475746475727633,-0.8563079101243218
37.27902841567993,10.858947581431206,10.0,0.05114814580883831,0.1779792817738779,-0.858947581431206
37.298988819122314,10.861821798057695,10.0,0.0904148401459679,0.2479792817738779,-0.8618217980576954
37.318947553634644,10.864783175598125,10.0,0.11363301367964596,0.21640008532078342,-0.8647831755981255
37.33890104293823,10.867727046612746,10.0,0.1638672346016392,0.2332996989843376,-0.867727046612746
37.359143018722534,10.870581172529402,10.0,0.23386723460163922,0.1677026863452919,-0.8705811725294019
37.3790180683136,10.873297743072474,10.0,0.19468401656951756,0.16995887837940232,-0.8732977430724738
37.39908576011658,10.875847175417656,10.0,0.1933714211266488,0.23995887837940233,-0.8758471754176558
37.41902542114258,10.87821332682372,10.0,0.15724114927463234,0.21876645996802824,-0.8782133268237207
37.44065284729004,10.880389815208282,10.0,0.15172078779898585,0.2557111883127071,-0.8803898152082823
37.46091890335083,10.880060858166472,10.0,0.15172078779898585,0.2557111883127071,-0.8800608581664715
37.47955822944641,10.878000337403561,10.0,0.13820544949732722,0.3257111883127071,-0.8780003374035612
37.49945044517517,10.876211340669608,10.0,0.17588392964564264,0.34329066559308546,-0.8762113406696077
37.51935338973999,10.852391025784092,10.0,0.1586362751480192,0.37829100846880453,-0.8523910257840921
37.53926706314087,10.772201704927477,10.0,0.19706796056590975,0.36596669390433806,-0.7722017049274772
37.55917239189148,10.610962343381006,10.0,0.1560069540794939,0.37267899786689657,-0.6109623433810061
37.57923173904419,10.372196827445713,10.0,0.16790162718854845,0.37930970307075756,-0.3721968274457126
37.59920310974121,10.08819215013833,10.0,0.20583714119158686,0.36089150834464806,-0.0881921501383296
37.61914014816284,9.780250149996917,10.0,0.1788955586310476,0.29089150834464805,0.21974985000308322
37.639246702194214,9.463797532686,10.0,0.15083973987959326,0.2861701387503125,0.5362024673140002
37.65908360481262,9.149773682393253,10.0,0.15185932994820178,0.265333291847346,0.8502263176067473
37.679224491119385,8.854978263676557,10.0,0.20637278811074794,0.3121879182347037,1.145021736323443
37.699132442474365,8.590573231412565,10.0,0.22065056015737355,0.305843735817907,1.4094267685874353
37.7191379070282,8.361010031819921,10.0,0.20089323160238565,0.2695743839778878,1.6389899681800788
37.73918271064758,8.157248850391175,10.0,0.20634024118073285,0.2834008473494031,1.8427511496088247
37.759241342544556,7.976779349992248,10.0,0.2373447855282575,0.3039764489569642,2.023220650007752
37.779191970825195,7.817244049810765,10.0,0.2346007609087974,0.27421429451191204,2.182755950189235
37.79918169975281,7.676453771199574,10.0,0.16460076090879738,0.3269776075669505,2.323546228800426
37.81909537315369,7.552393930471639,10.0,0.15608638362027705,0.3204315675013639,2.4476060695283612
37.83911919593811,7.440907960236388,10.0,0.11049911961890757,0.39043156750136393,2.5590920397636117
37.85912370681763,7.338777407128313,10.0,0.14545059041120112,0.43756686471038836,2.6612225928716873
37.879175901412964,7.23888753924829,10.0,0.19457066641189158,0.39580454624825495,2.7611124607517104
37.899157762527466,7.138553898153308,10.0,0.21493862778879702,0.32580454624825494,2.861446101846692
37.919108152389526,7.040556303321454,10.0,0.1697806736920029,0.35798803694182413,2.9594436966785462
37.93910884857178,6.955472289491028,10.0,0.1970956737641245,0.3806023893468954,3.044527710508972
37.95920729637146,6.872891883590471,10.0,0.19644081685692072,0.33916231594615953,3.127108116409529
37.979180335998535,6.794226832573763,10.0,0.16866094712167978,0.3586551134996988,3.205773167426237
37.99920701980591,6.72035451947816,10.0,0.22645423654466867,0.4286551134996988,3.2796454805218396
38.019235372543335,6.651758045287828,10.0,0.18386706802994013,0.46596402994924563,3.3482419547121722
38.03922748565674,6.588633918315814,10.0,0.24446434248238802,0.3959640299492456,3.4113660816841858
38.05918002128601,6.530974406260169,10.0,0.21752347890287638,0.46596402994924563,3.469025593739831
38.079288721084595,6.478630119069767,10.0,0.22878103330731392,0.4744395487346627,3.5213698809302327
38.099175214767456,6.431357211152794,10.0,0.26586731895804405,0.4092794753947236,3.568642788847206
38.11921215057373,6.388852656472503,10.0,0.24238701164722443,0.4354697898366429,3.611147343527497
38.13922166824341,6.350780309632562,10.0,0.31238701164722443,0.48961836326503533,3.6492196903674383
38.15921187400818,6.317724926072951,10.0,0.2665046897530556,0.4623860385605075,3.682275073927049
38.179176807403564,6.290406700387677,10.0,0.3284431879222393,0.45134716987246054,3.7095932996123233
38.199020862579346,6.270109709276615,10.0,0.3032691699266434,0.478503651391802,3.729890290723385
38.21921253204346,6.255224455304251,10.0,0.24234191298484803,0.43033547274404543,3.7447755446957487
38.23917269706726,6.2421740392163505,10.0,0.23781239258125425,0.43487662629791873,3.7578259607836495
38.25918960571289,6.228425659851321,10.0,0.2309067115932703,0.4465306922198214,3.771574340148679
38.27915096282959,6.212238477849997,10.0,0.18754179187119008,0.4371726046652474,3.787761522150003
38.29910731315613,6.19246761465486,10.0,0.16307319670915604,0.47458863066145557,3.80753238534514
38.31915807723999,6.17072865565217,10.0,0.21564742147922517,0.40458863066145556,3.8292713443478297
38.33913612365723,6.148195623782003,10.0,0.24051853984594346,0.4386076761932053,3.8518043762179968
38.35915541648865,6.125704900103059,10.0,0.25151673022657633,0.4724896943719067,3.8742950998969414
38.379077196121216,6.106177879589556,10.0,0.2517864280892536,0.4177101387233414,3.8938221204104444
38.39914631843567,6.089198793824468,10.0,0.2777456236584112,0.4828261493296303,3.910801206175532
38.41908097267151,6.076753283745324,10.0,0.2937107054097578,0.4742869215608515,3.923246716254676
38.43913817405701,6.067784706688651,10.0,0.2595829000277445,0.4686563743800797,3.932215293311349
38.45905780792236,6.061467505143804,10.0,0.3114802246494219,0.4807856765166797,3.9385324948561964
38.47908139228821,6.059474734388429,10.0,0.2714443137450144,0.45205675741293805,3.940525265611571
38.499160051345825,6.058221799785945,10.0,0.2634346071211621,0.47752415692069905,3.9417782002140553
38.519171476364136,6.059832109935433,10.0,0.2990346323279664,0.5333596386537828,3.9401678900645667
38.539063692092896,6.0610723862044775,10.0,0.33601599145215005,0.5167430054918803,3.9389276137955225
38.55917549133301,6.062022956834288,10.0,0.3805655236868188,0.4564396489934005,3.937977043165712
38.579078912734985,6.062747251410126,10.0,0.3710645945323631,0.5264396489934005,3.9372527485898736
38.59913992881775,6.063376102452988,10.0,0.44067977234255523,0.5283214313081406,3.936623897547012
38.61917519569397,6.061524926808226,10.0,0.41676854766439647,0.5594417707166575,3.938475073191774
38.63922643661499,6.057999960710282,10.0,0.3579870206816122,0.5475622977233432,3.9420000392897183
38.65915274620056,6.048772616466753,10.0,0.2879870206816122,0.5497891696273289,3.951227383533247
38.679155111312866,6.033511349580569,10.0,0.2399835743708536,0.5514142795569204,3.966488650419431
38.69912123680115,6.009828551040092,10.0,0.3099835743708536,0.5912968724138044,3.9901714489599076
38.71906399726868,5.97628778293538,10.0,0.252937950710766,0.5247642605668805,4.02371221706462
38.7390193939209,5.929834781268876,10.0,0.2719671582384035,0.4575747757322095,4.070165218731124
38.7590594291687,5.87563745885135,10.0,0.2572642895905301,0.4578383277972169,4.12436254114865
38.77907109260559,5.819805795593888,10.0,0.2546086479490623,0.3878383277972169,4.180194204406112
38.79917097091675,5.764310388734733,10.0,0.1846086479490623,0.3521705581863351,4.235689611265267
38.81925582885742,5.716127859634594,10.0,0.11460864794906228,0.3018717891593404,4.283872140365406
38.83928966522217,5.670994160700447,10.0,0.1004454825958237,0.3718717891593404,4.329005839299553
38.8591685295105,5.631483961443106,10.0,0.1333499734243378,0.3018717891593404,4.368516038556894
38.87905931472778,5.601553718253177,10.0,0.19640990690793841,0.3398319049795098,4.398446281746823
38.89900803565979,5.583699029567466,10.0,0.19763100747484713,0.397620928945107,4.416300970432534
38.918989419937134,5.57933503925274,10.0,0.12763100747484712,0.42900861567453813,4.42066496074726
38.93892049789429,5.586772784530935,10.0,0.19309447590727358,0.43139223917954933,4.413227215469065
38.95901155471802,5.604528111430199,10.0,0.22808445875067263,0.49249393283957016,4.395471888569801
38.97894024848938,5.631298236886582,10.0,0.29808445875067263,0.45643862500422966,4.368701763113418
38.99901103973389,5.6636243411435085,10.0,0.25756096695084124,0.4188976117932178,4.3363756588564915
39.01897168159485,5.701273916557713,10.0,0.23488933820743113,0.3971815721654273,4.298726083442287
39.03898763656616,5.733962239171633,10.0,0.28026771028060465,0.3686953147464372,4.266037760828367
39.05903339385986,5.767693308452355,10.0,0.32537853200454264,0.4119771791213132,4.232306691547645
39.07903027534485,5.801259670408818,10.0,0.33428295370656996,0.35794379911952984,4.198740329591182
39.09892821311951,5.833826991978814,10.0,0.3367947083385661,0.42794379911952984,4.166173008021186
39.118943214416504,5.862525743268515,10.0,0.27882016119081526,0.39638641796642315,4.137474256731485
39.13896989822388,5.887781108827688,10.0,0.21965650510508566,0.46638641796642316,4.112218891172312
39.1589469909668,5.90766281550254,10.0,0.16428821202833205,0.4292354724519826,4.09233718449746
39.179028034210205,5.9209717555545875,10.0,0.23428821202833205,0.41499355818712486,4.0790282444454125
39.19895148277283,5.924731928703127,10.0,0.2602232546778396,0.42681122488909734,4.075268071296873
39.21900177001953,5.921760616314052,10.0,0.2612202820600942,0.44442253477507604,4.078239383685948
39.238991022109985,5.914192054461914,10.0,0.28351553541142493,0.50041853181654,4.085807945538086
39.259055852890015,5.907620835827328,10.0,0.2668604460777715,0.4738066877388336,4.092379164172672
39.279051065444946,5.897924501977814,10.0,0.2726485204184428,0.46538081124061126,4.102075498022186
39.29906749725342,5.886313070122677,10.0,0.282750228070654,0.4547946994342782,4.113686929877323
39.31906032562256,5.87367746673385,10.0,0.26368962379638106,0.5007489417829492,4.12632253326615
39.33932065963745,5.8629798519149405,10.0,0.19368962379638105,0.5025400764924415,4.1370201480850595
39.35906910896301,5.851593912438368,10.0,0.26368962379638106,0.4582839332205184,4.148406087561632
39.37910342216492,5.842346299437947,10.0,0.327482657157816,0.5050060696584113,4.157653700562053
39.39926791191101,5.834827646008195,10.0,0.2799889907473698,0.5545429199618228,4.165172353991805
39.419350147247314,5.828708047364135,10.0,0.3437737241620198,0.6202513336819537,4.171291952635865
39.439083099365234,5.823721486159777,10.0,0.4137737241620198,0.5502513336819537,4.176278513840223
39.45914316177368,5.819653330872553,10.0,0.42389443731401116,0.5714102356565125,4.180346669127447
39.47929883003235,5.816121254587249,10.0,0.38815184897277505,0.5678825880736984,4.183878745412751
39.499168157577515,5.810947311264682,10.0,0.3304202615329996,0.5931764710099376,4.189052688735318
39.5190966129303,5.804769317964204,10.0,0.30392308747861535,0.5231764710099376,4.195230682035796
39.53922176361084,5.795740403476289,10.0,0.3734708226332441,0.48557430343338615,4.204259596523711
39.55907320976257,5.782652902936366,10.0,0.3034708226332441,0.48166489857816464,4.217347097063634
39.57918429374695,5.764774959573788,10.0,0.3294334883103147,0.5402559253909565,4.235225040426212
39.599066734313965,5.739408143529264,10.0,0.32961977111699525,0.5239850550481058,4.260591856470736
39.619038820266724,5.70950824285659,10.0,0.25961977111699525,0.45398505504810577,4.29049175714341
39.63906645774841,5.674931410957902,10.0,0.2792835203796858,0.4892095039375997,4.325068589042098
39.65913701057434,5.6403336909960125,10.0,0.2958507301151985,0.5235142345317578,4.3596663090039875
39.67913007736206,5.606633281828155,10.0,0.31632580848934594,0.5312149315849817,4.393366718171845
39.69912385940552,5.577373726176317,10.0,0.26360909881594125,0.5200519287736094,4.422626273823683
39.71907353401184,5.549040404627294,10.0,0.2509836904570693,0.5010725321025526,4.450959595372706
39.739091873168945,5.524413496918405,10.0,0.2486184459045762,0.4589636610598242,4.475586503081595
39.759169578552246,5.507642727414269,10.0,0.21538015416415873,0.5289636610598243,4.492357272585731
39.77920722961426,5.496770669571525,10.0,0.19999224002065602,0.5867237134427703,4.503229330428475
39.79921340942383,5.490282273310698,10.0,0.2532347446173662,0.5167237134427702,4.509717726689302
39.81918454170227,5.48932603165263,10.0,0.2921544318884844,0.5209825891778743,4.51067396834737
39.839024782180786,5.494553866021007,10.0,0.3621544318884844,0.5909825891778744,4.505446133978993
39.859095096588135,5.503939259524518,10.0,0.4039231131464476,0.5590620779023445,4.496060740475482
39.879074573516846,5.518281409254448,10.0,0.4319851196050877,0.5910979986713207,4.481718590745552
39.899133920669556,5.53568843899821,10.0,0.3632013446331257,0.6610979986713208,4.46431156100179
39.919105052948,5.5508016666443165,10.0,0.4096953480184311,0.6658228239380695,4.4491983333556835
39.938992500305176,5.565570856002148,10.0,0.41877343809755985,0.7,4.434429143997852
39.95914363861084,5.579711842683092,10.0,0.48877343809755985,0.672193056717515,4.420288157316908
39.979236364364624,5.590727459795998,10.0,0.446793059767806,0.6707680857973173,4.409272540204002
39.99908781051636,5.596965592883306,10.0,0.4590838839724893,0.6815009284066036,4.403034407116694
40.01935529708862,5.592771929498595,9.999999305557296,0.46805403562786524,0.7,4.4072273760587
40.03918194770813,5.579126719955954,9.999994458365746,0.4345911684870953,0.7,4.420867738409792
40.059221029281616,5.554643573345795,9.99998134385907,0.42119345343264286,0.6808628987520933,4.445337770513274
40.07934856414795,5.516328814276775,9.999955888997883,0.43991787074657623,0.6643397983163595,4.483627074721109
40.09923076629639,5.457834928931881,9.999914062130246,0.3715193801984424,0.7,4.542079133198365
40.11919546127319,5.368335832943248,9.999851872852188,0.4107755878433818,0.6559377171099185,4.631516039908941
40.139209032058716,5.290630432785485,9.999765371868236,0.4104436808632454,0.5998404815793037,4.709134939082751
40.159281730651855,5.187561355237216,9.999650650851947,0.3872284652100643,0.5953072284348309,4.812089295614731
40.17920732498169,5.069591538456718,9.999503842306446,0.3172284652100643,0.6176814765669405,4.9299123038497275
40.199240922927856,4.9443810418757765,9.999321119424947,0.31138102697150316,0.6030264331959188,5.05494007754917
40.21928286552429,4.817441220176689,9.999098695951286,0.37816460417525377,0.6213359239511191,5.181657475774597
40.23922395706177,4.69496207670076,9.998832826040458,0.340686287599965,0.6913359239511192,5.303870749339698
40.259225606918335,4.581125505898705,9.998519804119143,0.270686287599965,0.6955114155821502,5.4173942982204375
40.27926683425903,4.478608395710667,9.998155964746237,0.20068628759996499,0.7,5.51954756903557
40.29915404319763,4.388971736917833,9.997737682473382,0.1953828325489303,0.6889661995694041,5.6087659455555485
40.319055795669556,4.312960300232306,9.997261371705504,0.23697787802608217,0.7,5.684301071473198
40.33923888206482,4.253048645614897,9.996723486561335,0.30082600098045076,0.6798437748104333,5.743674840946437
40.3592095375061,4.201031817458882,9.996120520733944,0.299094226443558,0.6751055464148521,5.795088703275062
40.379250049591064,4.163052559586981,9.995449007351283,0.3076232692686608,0.6767000764841213,5.832396447764302
40.39924502372742,4.142773506807236,9.994705518836694,0.355695983627229,0.6757530463975854,5.851932012029458
40.41922354698181,4.149221210788911,9.993886666769463,0.3436719283921411,0.6638732334715314,5.844665455980552
40.43922758102417,4.18332826062321,9.992989101745332,0.29144802619644905,0.6813543724012561,5.809660841122122
40.45927166938782,4.235748062979449,9.992009513237043,0.36144802619644906,0.671562560473103,5.756261450257594
40.47920107841492,4.299506026442859,9.990944629454864,0.34606463548669125,0.7,5.691438603012005
40.499335050582886,4.369458920313191,9.989791217207122,0.35167104930558707,0.6604340679943561,5.620332296893931
40.519429445266724,4.441871090492239,9.988546081760727,0.32993390218296553,0.6891217462718486,5.546674991268488
40.53937220573425,4.511766662718936,9.987206066701717,0.34484276262053754,0.6941738848574459,5.47543940398278
40.55924916267395,4.578072164890258,9.98576805379577,0.3467090009286767,0.6465340529568493,5.407695888905512
40.57924818992615,4.635640294735259,9.984228962848753,0.3419501330278581,0.687064812798053,5.348588668113495
40.599326610565186,4.687802372243004,9.982585751567242,0.3569627530447906,0.7,5.2947833793242385
40.619317054748535,4.732518437525883,9.980835415419058,0.2869627530447906,0.6604748710989952,5.248316977893175
40.639241456985474,4.770884161323499,9.978974987493794,0.2830641564208781,0.6145111553370952,5.208090826170295
40.659286975860596,4.801511589574804,9.977001538363348,0.28421995940094347,0.5874564245343208,5.175489948788544
40.67920279502869,4.825956966599379,9.974912175942459,0.21421995940094346,0.5603928182274103,5.14895520934308
40.699195861816406,4.843147808457206,9.972704045349223,0.24778764503484124,0.6168940354138612,5.129556236892017
40.719242334365845,4.857163077469345,9.970374328765645,0.23054887162928933,0.6138934975489974,5.113211251296301
40.73921585083008,4.868603284819003,9.967920245298151,0.2698737661767518,0.6170810875948518,5.099316960479148
40.75924110412598,4.877953399295549,9.965339050838132,0.26111717423831576,0.6018719203304499,5.087385651542583
40.77921652793884,4.8902380510707255,9.962628037922467,0.32486938586866015,0.6572975120972842,5.072389986851742
40.79922342300415,4.900903899383987,9.959784535594057,0.2675029551092302,0.5872975120972841,5.05888063621007
40.819252490997314,4.9134975761351045,9.956805909262355,0.2743889400217449,0.5745541368331759,5.043308333127251
40.83922791481018,4.9317310759373765,9.953689560563902,0.29550709104572886,0.6261961188819258,5.021958484626525
40.85922956466675,4.9534013444811595,9.950432927222847,0.2741883387271082,0.6961961188819259,4.997031582741688
40.87915658950806,4.976887607692775,9.947033482911491,0.3424434801045572,0.7,4.970145875218717
40.899221658706665,5.001016247280815,9.943488737110808,0.3462893904134398,0.7,4.942472489829993
40.919228315353394,5.024955161192526,9.939796234970979,0.3668995981052285,0.7,4.914841073778453
40.93921971321106,5.048131387830531,9.935953557171926,0.35276275565323884,0.6764220044016838,4.887822169341395
40.95922565460205,5.070167059827101,9.931958319783838,0.34426207625714594,0.7,4.861791259956737
40.979190826416016,5.090829777101778,9.927808174127708,0.39556231134978587,0.7,4.836978397025931
40.99925255775452,5.10999430318374,9.923500806635856,0.36442195223120505,0.7,4.813506503452116
41.019224882125854,5.126633434021687,9.919033938712467,0.33237512753752524,0.7,4.79240050469078
41.03924918174744,5.1397433060681115,9.914405326594117,0.3696914461388951,0.6451672695577144,4.774662020526006
41.05928111076355,5.147739966674178,9.909612761210312,0.2996914461388951,0.6621079005300998,4.761872794536134
41.07920694351196,5.149657991480192,9.904654068044003,0.346363231553114,0.6464562516659498,4.7549960765638115
41.099159479141235,5.144987017424827,9.899527106992139,0.31547066384402567,0.636898736283183,4.754540089567311
41.11910963058472,5.1335462086810155,9.894229772226177,0.3610402997717028,0.6282962875440716,4.760683563545162
41.13910412788391,5.11770472658127,9.888759992052625,0.2910402997717028,0.6208581820130348,4.771055265471356
41.161884784698486,5.099224123489505,9.88022753845023,0.2949593982979422,0.621953443204984,4.781003414960725
41.17906641960144,5.079397492948615,9.877294978547217,0.35068565079418473,0.6187568372581154,4.797897485598602
41.19910669326782,5.059158466831566,9.871295771248395,0.2806856507941847,0.6015949929598718,4.8121373044168285
41.2192006111145,5.039166396203043,9.865116170329118,0.21068565079418472,0.5932596317026764,4.825949774126076
41.23926091194153,5.021808770061556,9.858754272679098,0.2364064706250792,0.6092386479023844,4.836945502617542
41.259262561798096,5.007118758826973,9.852208208486283,0.24968299081025175,0.6176677281502634,4.84508944965931
41.279271841049194,4.994668774373467,9.845476141097384,0.17968299081025174,0.5903207669500261,4.8508073667239175
41.299248933792114,4.9864191347752165,9.83855626687841,0.20440894392726472,0.5777745228726416,4.852137132103193
41.31926107406616,4.983620738950857,9.831446815075191,0.2744089439272647,0.5870899307075887,4.847826076124334
41.33923602104187,4.986998769852381,9.824146047673924,0.25136919503507665,0.5389052713755518,4.837147277821543
41.35923671722412,4.999210494376757,9.816652259261685,0.20510801484284452,0.5155763840768486,4.817441764884928
41.37924098968506,5.03345052745841,9.808963776886978,0.13510801484284451,0.4592016330454498,4.775513249428569
41.39927268028259,5.102935732782433,9.80107895992025,0.16795461093483022,0.4296640074346214,4.698143227137817
41.419233083724976,5.1973866177008246,9.792996199914434,0.13510263924894383,0.39756818772293623,4.595609582213609
41.43927073478699,5.309005280008364,9.784713920465476,0.11242420812544873,0.35515138418413694,4.475708640457112
41.4592559337616,5.405915452383547,9.77623057707286,0.10741019509208849,0.42515138418413695,4.370315124689314
41.47926473617554,5.516062880418662,9.767544657000153,0.16099650300515345,0.49331991256214675,4.251481776581491
41.49927067756653,5.637134419520274,9.75865467913552,0.21293913833273104,0.517659711400047,4.121520259615245
41.51930475234985,5.764919152862947,9.749559193852264,0.25359696410072496,0.5177427373014507,3.9846400409893166
41.53928232192993,5.896315334527559,9.740256782869357,0.18359696410072496,0.521963683993381,3.8439414483417984
41.559239864349365,6.0290733731786235,9.730746059111967,0.25359696410072496,0.5472602901168284,3.7016726859333433
41.579304695129395,6.159278507029982,9.721025666571993,0.23181056491506746,0.49888965684251163,3.561747159542011
41.59923577308655,6.284278900711316,9.711094280168595,0.22574526192096522,0.46905427250341747,3.4268153794572793
41.619240283966064,6.402369811658377,9.70095060560872,0.22806424046342721,0.4303898868270335,3.298580793950342
41.63926100730896,6.512549257739808,9.69059337924764,0.19039164627378335,0.37819157737569187,3.178044121507831
41.65912055969238,6.612013439512839,9.680021367949479,0.13495109001582017,0.37918685899378035,3.06800792843664
41.67923307418823,6.698370781569338,9.669233368947747,0.11289700078254095,0.41518693194986556,2.9708625873784094
41.69926595687866,6.7740749416025094,9.658228209705868,0.12113922978227487,0.3692029245317099,2.8841532681033586
41.719255208969116,6.84038443484396,9.647004747777707,0.10753077598696104,0.35943547786475394,2.806620312933747
41.73931550979614,6.898420996783274,9.635561870668113,0.06687170969729772,0.3187902696550009,2.7371408738848384
41.76112747192383,6.949181795159041,9.617983791285319,0.04780896151845804,0.3290066072836635,2.6688019961262777
41.77927088737488,6.995867543222775,9.612013569842079,0.11780896151845804,0.38728482519538376,2.6161460266193037
41.79918313026428,7.038492443178793,9.59990606963499,0.09759354891662947,0.39439086766244147,2.561413626456197
41.81928586959839,7.079489730904806,9.587575000986241,0.12889040934329382,0.3636559859037516,2.508085270081436
41.83915734291077,7.120592379958208,9.575019399063523,0.152957060583285,0.3412821475535748,2.4544270191053146
41.85921883583069,7.1606849549782075,9.562238328148691,0.17841711009328715,0.34428411918954227,2.4015533731704837
41.879173278808594,7.2013356648758755,9.5492308814983,0.14250035325472704,0.3550183178044972,2.3478952166224243
41.8991436958313,7.23662964907094,9.535996181204123,0.13956734791805497,0.3728067279912648,2.299366532133183
41.91922998428345,7.271945837369906,9.522533378053687,0.1208099915873026,0.40350724767224166,2.2505875406837808
41.939151763916016,7.310979389982571,9.508841651390814,0.10020164467801801,0.33350724767224166,2.1978622614082424
41.959025382995605,7.351566225947926,9.494920208976135,0.15730723806133023,0.3332138966317871,2.1433539830282085
41.97914242744446,7.392162280374671,9.480768286847631,0.13871168226411096,0.31057021129090573,2.0886060064729604
41.9991340637207,7.431694833062855,9.466385149181166,0.15647337839414827,0.3228336294661858,2.0346903161183105
42.01918411254883,7.469446822035453,9.451770088151012,0.19285940260102502,0.32103439702332254,1.982323266115559
42.03915333747864,7.504967116647285,9.43692242379038,0.20833831906726114,0.34179260118544336,1.9319553071430944
42.05914640426636,7.538001186450884,9.421841503851955,0.17047954604437104,0.3401004482540884,1.883840317401071
42.07912850379944,7.568437763770555,9.406526703668426,0.14296570301463357,0.36446534251008417,1.8380889398978715
42.09923052787781,7.596268020895281,9.390977426013016,0.13150528978963844,0.3870124813649454,1.794709405117735
42.11914825439453,7.620430960671176,9.375193100960013,0.1925427296425914,0.3170124813649454,1.754762140288837
42.13920760154724,7.642533396784211,9.359173185745297,0.14517389398475639,0.2669566571447649,1.7166397889610856
42.15917611122131,7.662622140031901,9.34291716462688,0.11034229558368674,0.29499646832380677,1.6802950245949786
42.179171562194824,7.680782774939408,9.326424548745429,0.07016051348706237,0.308299607570807,1.6456417738060205
42.19910454750061,7.697125561933046,9.309694875984801,0.07717953782936088,0.3081596575237927,1.6125693140517559
42.2191903591156,7.711774994935218,9.292727710832574,0.10336130645533553,0.2756230353869614,1.5809527158973564
42.23926663398743,7.724862173151993,9.275522644240574,0.09741836201807014,0.27650884690490785,1.5506604710885812
42.259241580963135,7.736519328584528,9.25807929348541,0.07402796458860389,0.24736385757831159,1.5215599649008826
42.27918720245361,7.746875995090929,9.240397302029006,0.08594348721613637,0.27757472696510377,1.493521306938077
42.29911684989929,7.756056418600888,9.222476339379124,0.02518774263968221,0.22274566593376222,1.466419920778236
42.31918978691101,7.7641778976642595,9.204316100949907,0.0,0.21629417652991834,1.4401382032856471
42.3391010761261,7.771229173138284,9.185916307922396,0.04578683152794838,0.1651317771783215,1.4146871347841117
42.359233379364014,7.779788259404346,9.167276707105078,0.047504448564723134,0.16202403896284523,1.3874884477007319
42.37919044494629,7.78916906772191,9.148397070794399,0.11750444856472314,0.23202403896284524,1.3592280030724888
42.39922285079956,7.798873397884646,9.129277196635309,0.11394073341973127,0.17328323685360375,1.3304037987506634
42.419230222702026,7.80854668339766,9.109916907481784,0.08737589505501092,0.23937601112556878,1.301370224084124
42.439202308654785,7.817943467492697,9.090316051257362,0.017375895055010915,0.16937601112556877,1.2723725837646658
42.45931529998779,7.826900547868843,9.070474500815672,0.08340491470880806,0.22997760691476288,1.2435739529468295
42.479278564453125,7.835316155747371,9.050392153800964,0.10645925183780491,0.2568112417383236,1.2150759980535923
42.4991717338562,7.843133874976849,9.030068932508643,0.1665864244569093,0.31467191048694076,1.1869350575317936
42.519224643707275,7.850330277294668,9.009504783745799,0.1547551502007991,0.2738550297243637,1.159174506451131
42.53925180435181,7.856905464629423,8.98869967869173,0.14718818455003202,0.33582832583022537,1.1317942140623076
42.559215784072876,7.86261421014596,8.967653612758495,0.18813212751410902,0.36075817153585377,1.105039402612535
42.5792760848999,7.867832358442251,8.946366605451413,0.21291472553275526,0.4199312563313288,1.078534247009162
42.599308252334595,7.872572223768855,8.92483870022962,0.28291472553275526,0.46034308255446377,1.0522664764607645
42.61924386024475,7.8768549644600085,8.903069964366592,0.31641167162917555,0.39034308255446376,1.0262149999065837
42.63925313949585,7.878390976067545,8.88106048881067,0.38307180016301573,0.4529701373053831,1.0026695127431253
42.65924334526062,7.877978681998178,8.8588103880456,0.385960249863565,0.44523183810320915,0.9808317060474216
42.67928671836853,7.873907650826015,8.836319799951058,0.3454194913432002,0.4516118443084997,0.9624121491250426
42.69922351837158,7.865086275992006,8.813588885663183,0.39892301958054305,0.45198085063981125,0.948502609671177
42.71920585632324,7.848565195666834,8.790617829435107,0.34579171862453223,0.38198085063981124,0.9420526337682729
42.7392144203186,7.822498765777879,8.767406838497486,0.3406117848865688,0.3468533151774318,0.9449080727196071
42.75932478904724,7.799867225840731,8.743956142919037,0.30058129055425525,0.38321408564137527,0.9440889170783064
42.77912878990173,7.761574627802077,8.720265995467058,0.30269852390512825,0.44954962218092986,0.9586913676649802
42.799076318740845,7.697198926135711,8.696336671467964,0.30815665394067765,0.42952188784169265,0.999137745332253
42.81910157203674,7.590923197119335,8.672168468667824,0.23815665394067764,0.45303250411438056,1.0812452715484886
42.839189529418945,7.4328655859214425,8.659994886859058,0.23815665394067764,0.45303250411438056,1.2271293009376159
42.85910081863403,7.22679244795376,8.623116728910095,0.22486295830458403,0.4564879334522993,1.3963242809563345
42.87906289100647,6.988167004486263,8.598233898287656,0.20598232466727495,0.4439402821465046,1.6100668938013936
42.8990957736969,6.733220315041379,8.573113601255539,0.23557733092457056,0.4959773535831482,1.83989328621416
42.91909861564636,6.47597264862779,8.547756245566015,0.24282399332150817,0.4496291804118664,2.071783596938225
42.939064741134644,6.226222851655289,8.522162260554191,0.29594519501551986,0.4561145732170553,2.295939408898902
42.959051847457886,5.990579405474874,8.49633209699854,0.3453613086603582,0.47566893864335724,2.505752691523665
42.97907018661499,5.785987749238159,8.47026622698143,0.2753613086603582,0.532563773728034,2.6842784777432707
42.999043226242065,5.595628961077548,8.443965143749656,0.29133217392489313,0.5272457080884487,2.8483361826721083
43.01904559135437,5.420172930111561,8.417429361574973,0.2820333548076451,0.5250545128239901,2.997256431463412
43.039047718048096,5.2573758395421075,8.390659415614623,0.31203418301418423,0.5638909771098406,3.1332835760725155
43.0589702129364,5.107661901198938,8.363655861771871,0.3234555319137871,0.5510633329852135,3.2559939605729333
43.07902908325195,4.9709809592281005,8.336419276556526,0.3435727738030255,0.5806645735158236,3.365438317328426
43.098987102508545,4.846954693120507,8.30895025694549,0.27605702804401516,0.6506645735158236,3.461995563824983
43.119032859802246,4.73498681621827,8.281249420243267,0.34605702804401517,0.5859393607630046,3.5462626040249967
43.13896918296814,4.632029013830599,8.253317403942509,0.31469547050073743,0.6069348268015893,3.6212883901119097
43.15896463394165,4.5380428747717,8.225154865584548,0.34103678399696946,0.5369348268015892,3.6871119908128476
43.17897272109985,4.450448924065808,8.196762482619913,0.3910349258221686,0.5001671279771835,3.746313558554106
43.19896602630615,4.369603391527287,8.168140952268875,0.36769751319661736,0.5374128746791393,3.798537560741588
43.21903586387634,4.299411236092879,8.139290991381973,0.3225941606797278,0.5904828908844502,3.839879755289094
43.239073038101196,4.2323168840450185,8.110213336300541,0.34306258196011186,0.5430604669256718,3.8778964522555226
43.25898575782776,4.169142470109809,8.080908742717245,0.347701215185225,0.5179476330979378,3.9117662726074363
43.2789945602417,4.1080393753380395,8.051377985536615,0.35534182377159595,0.5225360587230534,3.943338610198575
43.2990620136261,4.049985343882026,8.021621858735562,0.28534182377159595,0.5004507459691376,3.971636514853536
43.31911778450012,3.9932627918666945,7.991641175223933,0.3265328987687826,0.5651881627729745,3.998378383357238
43.33908724784851,3.938959976239128,7.961436766705018,0.35477266676723956,0.5677626587441773,4.022476790465889
43.3590874671936,3.8877690070766895,7.931009483536095,0.30615236081182956,0.5605059473766596,4.043240476459406
43.37910294532776,3.842404946192217,7.900360194588959,0.29324445717036723,0.5715632590456516,4.057955248396742
43.39911913871765,3.8022837067407362,7.869489787110449,0.3094570155441761,0.5384054149492294,4.067206080369713
43.41908240318298,3.7668614194313865,7.838399166582984,0.28939407534897327,0.5603390525086434,4.071537747151597
43.43916940689087,3.7361068852154675,7.807089256585086,0.3593940753489733,0.49684099508362123,4.0709823713696185
43.45908164978027,3.7089346111097123,7.775560998651921,0.28939407534897327,0.5455817135973484,4.066626387542208
43.47907733917236,3.6872829752349907,7.743815352135825,0.2747025204077363,0.47797208307223626,4.056532376900835
43.4991409778595,3.672352841256197,7.711853294066831,0.30510646786540746,0.5272808562024147,4.039500452810634
43.51920819282532,3.6624848130155097,7.679675819013209,0.280520403124392,0.5426454034625203,4.017191005997699
43.53915572166443,3.6563928951655185,7.647283938941989,0.24223341170698404,0.5416017005211324,3.9908910437764704
43.55907654762268,3.6530843415231464,7.614678683079495,0.3076132548227906,0.5305846285066218,3.9615943415563484
43.57917308807373,3.651796254754685,7.581861097771877,0.3521047507598996,0.5106282539656968,3.930064843017192
43.59911298751831,3.651945492116075,7.548832246345641,0.33953596122562885,0.5006853200486512,3.8968867542295658
43.61917066574097,3.655405481631749,7.515593208968179,0.3788911386579275,0.5706853200486512,3.8601877273364296
43.639137983322144,3.6587575190454715,7.482145082508301,0.3613073493540287,0.5585886207214208,3.823387563462829
43.65911555290222,3.661667843509645,7.448488980396766,0.3392560652643442,0.5762587771555991,3.786821136887121
43.67913579940796,3.666789398540499,7.414626032486813,0.31583275862038135,0.5104756937167259,3.7478366339463145
43.699103116989136,3.670995504915196,7.380557384914692,0.31244543643668293,0.5387096931031556,3.709561879999496
43.71918034553528,3.6744549070866235,7.346284199960191,0.3323568467237055,0.46870969310315563,3.671829292873568
43.73922038078308,3.6773044909585244,7.311807655907178,0.36171388702467083,0.46924985123245283,3.634503164948654
43.759177446365356,3.6796554064965896,7.277128946904117,0.30935244338586926,0.5227131128069595,3.5974735404075275
43.779178857803345,3.6792816505580244,7.242249282824609,0.26622245909646153,0.5733534499761299,3.562967632266585
43.799200773239136,3.67702524144537,7.207169889127924,0.25931581791490316,0.5033534499761299,3.5301446476825538
43.81920552253723,3.6735206457134226,7.171892006719524,0.32931581791490316,0.48579496098129304,3.4983713610061016
43.83911347389221,3.6692414472371837,7.1364168918115976,0.2810389241203666,0.44150574458210023,3.467175444574414
43.85920023918152,3.6645370026788413,7.100745815783597,0.2939345370978117,0.40373290283052476,3.4362088131047557
43.87919735908508,3.6604524838031143,7.064880065042759,0.344626871868968,0.3891923329737619,3.404427581239645
43.89918565750122,3.656114892081971,7.0288209408846445,0.3278762176632881,0.3762106061857775,3.3727060488026734
43.91922211647034,3.6540321857694424,6.992569759353661,0.3248670934699476,0.4101055473965243,3.338537573584219
43.93907880783081,3.6535705682258808,6.956127851103602,0.30000803945586085,0.4480102718752459,3.3025572828777214
43.95916175842285,3.6565634411738577,6.919496561258175,0.3027776195667684,0.43833167710719856,3.262933120084317
43.978930950164795,3.6618768587469273,6.882677249271522,0.23520562192425132,0.47796361380635055,3.2208003905245945
43.9990074634552,3.670978394720385,6.845671288788774,0.291472056414932,0.4282608018201426,3.1746928940683885
44.01903033256531,3.68247121356861,6.80848006750656,0.29434400401078165,0.44701248639641555,3.12600885393795
44.03893709182739,3.6953220786724943,6.771104987033546,0.2494200353976339,0.41189184272108825,3.0757829083610515
44.05902314186096,3.7087775329372596,6.733547462750966,0.1794200353976339,0.34189184272108825,3.0247699298137065
44.078967332839966,3.7222983059307135,6.695808923673159,0.17058022326789796,0.3792115252595976,2.9735106177424453
44.099031925201416,3.7340373862453577,6.657890812308084,0.20240552357397973,0.3446983795744017,2.9238534260627262
44.119136095047,3.7480166268250206,6.619794584517868,0.1751169656123966,0.2812426936012343,2.871777957692847
44.139137506484985,3.7631834174732735,6.581521709379327,0.2451169656123966,0.21124269360123427,2.818338291906054
44.15905165672302,3.7810916860808197,6.543073669044501,0.1751169656123966,0.14164445841131956,2.7619819829636816
44.17912435531616,3.8004321610978455,6.504451958601182,0.11258260353468358,0.12758909644006045,2.7040197975033364
44.19905209541321,3.822574050571275,6.4656580859334465,0.0756657329108566,0.19758909644006045,2.6430840353621714
44.21908140182495,3.848394548627844,6.42669357158219,0.10393959476612508,0.2321339070927933,2.578299022954346
44.239108085632324,3.876089639714341,6.387559948605648,0.03393959476612507,0.2753128826749161,2.511470308891307
44.259055376052856,3.906673233325179,6.348258762439942,0.0,0.24250999913929255,2.441585529114763
44.279064655303955,3.9384570968865633,6.308791570759595,0.02297178842127323,0.23363501468120368,2.370334473873032
44.29905128479004,3.9660526587111287,6.269159943338073,0.057337360456585884,0.2177705697846249,2.303107284626944
44.319096326828,3.996512503521308,6.22936546190831,0.10536476038396358,0.24249214382289203,2.2328529583870025
44.339077949523926,4.028159057251026,6.189409720023244,0.12582302652299404,0.2799002498519257,2.1612506627722183
44.35908508300781,4.059795834205055,6.149294322916342,0.08588148839771748,0.28758343524677904,2.0894984887112873
44.378947496414185,4.090592036506616,6.109020887362141,0.15588148839771748,0.2864430719651863,2.018428850855525
44.39897084236145,4.122309109553213,6.068591041536761,0.21200827665627003,0.2204502695836708,1.946281931983548
44.41905164718628,4.1561462493869525,6.028006424878457,0.24989046312868596,0.21360598324245067,1.8718601754915047
44.4390594959259,4.197513216137764,5.987268687948134,0.2957721032947302,0.27499143971508594,1.7897554718103699
44.459120750427246,4.252285423591425,5.94637949228989,0.25123956583440304,0.32915474666660877,1.6940940686984653
44.47902989387512,4.314925133120987,5.905340510291535,0.2190847859531641,0.3508491442204103,1.5904153771705483
44.49902367591858,4.381378592696228,5.864153425045132,0.26722806103527547,0.3492754919585422,1.4827748323489045
44.51905298233032,4.439075182936845,5.8228199302075225,0.3372280610352755,0.33656940126238616,1.3837447472706774
44.5391058921814,4.4965069391586505,5.78134172986086,0.2802744185179472,0.3538226287942961,1.2848347907022095
44.55893802642822,4.549924790937433,5.7397205383731364,0.3288722833245993,0.3396279120948747,1.1897957474357037
44.57901167869568,4.592197797201536,5.69795808025872,0.36587076760828496,0.34774779790459426,1.105760283057184
44.59894061088562,4.620983015174617,5.656056090038885,0.36646049392642455,0.31653798261104377,1.0350730748642682
44.61893939971924,4.635008551894832,5.614016312102332,0.3395669080060907,0.30839135946152957,0.9790077602074998
44.639018058776855,4.631463617155388,5.5718405005657345,0.35182043926091866,0.2793100297581986,0.9403768834103463
44.65900444984436,4.604226262840226,5.529530419134258,0.28182043926091865,0.3493100297581986,0.9253041562940325
44.679038763046265,4.540403322489394,5.487087840962104,0.25145049997838215,0.3760629431289271,0.9466845184727104
44.699002742767334,4.42737096812865,5.444514548513023,0.21603387826355175,0.3499520090353325,1.0171435803843734
44.719027280807495,4.259974192921152,5.401812333420858,0.22661735908361152,0.41995200903533253,1.141838140499706
44.73920392990112,4.114636038843376,5.358982996350074,0.19007953302236275,0.4730883279573754,1.244346957506698
44.75899600982666,3.921460642954222,5.316028346856289,0.21060037286253647,0.40308832795737537,1.3945677039020667
44.77912139892578,3.6978332042694,5.272950203246797,0.2466691513475962,0.41557917603669914,1.5751169989773968
44.79914903640747,3.4612643982303206,5.229750392441112,0.26751811103196815,0.34557917603669913,1.7684859942107911
44.81920385360718,3.2219415175041317,5.186430749831492,0.20616070226999,0.291640172539337,1.96448923232736
44.839110374450684,2.9893293875908085,5.142993119143464,0.17837126412661747,0.31557982677040847,2.1536637315526552
44.85918927192688,2.769825229883685,5.099439352296365,0.14002108806045727,0.31992609409062417,2.32961412241268
44.87912583351135,2.5652106218377417,5.05577130926387,0.18776847654255108,0.27078656834928544,2.490560687426128
44.89919090270996,2.376330599779359,5.011990857934524,0.17380550363333896,0.2492797596511081,2.6356602581551654
44.91912913322449,2.210306470309677,4.968099873972267,0.13261317321332172,0.23387208749918492,2.7577934036625895
44.93920087814331,2.071482188973151,4.924100240676967,0.14718700432451443,0.16387208749918492,2.8526180517038164
44.95919394493103,1.9509514035645628,4.879993848844965,0.07718700432451442,0.20219532599119694,2.929042445280402
44.979158878326416,1.8528775317929913,4.835782596629579,0.019208798941690475,0.1856789962705806,2.9829050648365873
44.99927878379822,1.7729865191098606,4.79146838940166,0.0,0.19985424367157967,3.0184818702918
45.01924800872803,1.710146831655148,4.79146838940166,0.0,0.19985424367157967,3.081321557746512
45.03943371772766,1.6608067942105154,4.79146838940166,0.0,0.19985424367157967,3.130661595191145
45.05942487716675,1.6221437008516748,4.79146838940166,0.0,0.19985424367157967,3.1693246885499855
45.079317808151245,1.5919155655711326,4.79146838940166,0.0,0.19985424367157967,3.199552823830528
45.09932827949524,1.570659194435182,4.79146838940166,0.0,0.19985424367157967,3.2208091949664786
45.119369983673096,1.5631436887069399,4.79146838940166,0.0,0.19985424367157967,3.2283247006947207
45.13946986198425,1.5862175222254506,4.79146838940166,0.0,0.19985424367157967,3.2052508671762094
45.159318923950195,1.664675224828911,4.79146838940166,0.0,0.19985424367157967,3.1267931645727494
45.179272413253784,1.7327942053495067,4.79146838940166,0.0,0.19985424367157967,3.058674184052154
45.19928455352783,1.8757379417359517,4.79146838940166,0.0,0.19985424367157967,2.915730447665709
45.21936249732971,2.0946823988740824,4.79146838940166,0.0,0.19985424367157967,2.696785990527578
45.239274978637695,2.376859647612365,4.79146838940166,0.0,0.19985424367157967,2.414608741789295
45.25921130180359,2.697836752285188,4.79146838940166,0.0,0.19985424367157967,2.0936316371164723
45.279340982437134,3.037304159889549,4.79146838940166,0.0,0.19985424367157967,1.7541642295121114
45.299285650253296,3.380667942500368,4.79146838940166,0.0,0.19985424367157967,1.4108004469012925
45.319374322891235,3.7176887549081283,4.79146838940166,0.0,0.19985424367157967,1.073779634493532
45.33932709693909,4.041421716671599,4.79146838940166,0.0,0.19985424367157967,0.7500466727300612
45.35926651954651,4.347393249674539,4.79146838940166,0.0,0.19985424367157967,0.4440751397271212
45.37918972969055,4.632964194695799,4.79146838940166,0.0,0.19985424367157967,0.15850419470586097
45.39952564239502,4.880904180135716,4.79146838940166,0.0,0.19985424367157967,-0.08943579073405594
45.419281005859375,5.112106924298212,4.79146838940166,0.0,0.19985424367157967,-0.3206385348965517
45.43926286697388,5.325590984542563,4.79146838940166,0.0,0.19985424367157967,-0.5341225951409028
45.459325075149536,5.521141644054478,4.79146838940166,0.0,0.19985424367157967,-0.729673254652818
45.479310274124146,5.699082397608854,4.79146838940166,0.0,0.19985424367157967,-0.9076140082071937
45.49930787086487,5.860102045544502,4.79146838940166,0.0,0.19985424367157967,-1.0686336561428416
45.519227743148804,6.005124969034317,4.79146838940166,0.0,0.19985424367157967,-1.2136565796326568
45.53929305076599,6.135214817119441,4.79146838940166,0.0,0.19985424367157967,-1.3437464277177806
45.559293270111084,6.251503939218651,4.79146838940166,0.0,0.19985424367157967,-1.4600355498169906
45.57926917076111,6.3551425597395905,4.79146838940166,0.0,0.19985424367157967,-1.5636741703379302
45.599257946014404,6.447263004665209,4.79146838940166,0.0,0.19985424367157967,-1.6557946152635488
45.61927270889282,6.52895532575204,4.79146838940166,0.0,0.19985424367157967,-1.73748693635038
45.639386892318726,6.599882684623631,4.79146838940166,0.0,0.19985424367157967,-1.8084142952219704
45.65937948226929,6.66283242754202,4.79146838940166,0.0,0.19985424367157967,-1.87136403814036
45.67936897277832,6.718582040794713,4.79146838940166,0.0,0.19985424367157967,-1.9271136513930527
45.69935989379883,6.767861309790069,4.79146838940166,0.0,0.19985424367157967,-1.9763929203884087
45.71929860115051,6.811347654422642,4.79146838940166,0.0,0.19985424367157967,-2.0198792650209816
45.73931574821472,6.8496642691968,4.79146838940166,0.0,0.19985424367157967,-2.0581958797951394
45.759477376937866,6.8833802604973995,4.79146838940166,0.0,0.19985424367157967,-2.091911871095739
45.77972364425659,6.913012167421953,4.79146838940166,0.0,0.19985424367157967,-2.1215437780202926
45.79979085922241,6.939026403526148,4.79146838940166,0.0,0.19985424367157967,-2.1475580141244874
45.819562911987305,6.961842273865829,4.79146838940166,0.0,0.19985424367157967,-2.170373884464169
45.839471101760864,6.981651595011574,4.79146838940166,0.0,0.19985424367157967,-2.1901832056099133
45.85939931869507,6.999034270489519,4.79146838940166,0.0,0.19985424367157967,-2.2075658810878585
45.87975311279297,7.014273326822831,4.79146838940166,0.0,0.19985424367157967,-2.222804937421171
45.89977478981018,7.027621843549061,4.79146838940166,0.0,0.19985424367157967,-2.2361534541474004
45.9197461605072,7.03930542973144,4.79146838940166,0.0,0.19985424367157967,-2.24783704032978
45.93977451324463,7.049524668076585,4.79146838940166,0.0,0.19985424367157967,-2.2580562786749248
45.95978879928589,7.058457472137768,4.79146838940166,0.0,0.19985424367157967,-2.2669890827361074
45.9795401096344,7.066261321025314,4.79146838940166,0.0,0.19985424367157967,-2.2747929316236535
45.99959135055542,7.07307535014025,4.79146838940166,0.0,0.19985424367157967,-2.28160696073859
