time,theta,target,p1_cmd,p2_cmd,error
48.47841215133667,5.182955423202918,0.0,0.0,0.0,-5.182955423202918
48.49836874008179,5.184263660605334,0.0,0.0,0.0,-5.184263660605334
48.51849436759949,5.184705328017052,0.0,0.0,0.0,-5.184705328017052
48.538455963134766,5.184929990242816,0.0,0.0,0.0,-5.184929990242816
48.55839514732361,5.1850675414249565,0.0,0.0,0.0,-5.1850675414249565
48.57843017578125,5.195469754902161,0.0,0.0,0.0,-5.195469754902161
48.59844517707825,5.219887089407117,0.0,0.0,0.0,-5.219887089407117
48.618475914001465,5.259760235370429,0.0,0.0,0.0,-5.259760235370429
48.638375997543335,5.312818022201329,0.0,0.0,0.0,-5.312818022201329
48.65840411186218,5.377574553932556,0.0,0.0,0.0,-5.377574553932556
48.67835354804993,5.4478448882791755,0.0,0.0,0.0,-5.4478448882791755
48.6984179019928,5.519727843120366,0.0,0.0,0.0,-5.519727843120366
48.71844506263733,5.59071773629235,0.0,0.0,0.0,-5.59071773629235
48.738399505615234,5.65679197281257,0.0,0.0,0.0,-5.65679197281257
48.7584593296051,5.713220593843773,0.0,0.0,0.0,-5.713220593843773
48.77839660644531,5.763777946539231,0.0,0.0,0.0,-5.763777946539231
48.79837155342102,5.804275063237054,0.0,0.0,0.0,-5.804275063237054
48.81839942932129,5.829765685953364,0.0,0.0,0.0,-5.829765685953364
48.83848762512207,5.837247156577536,0.0,0.0,0.0,-5.837247156577536
48.85843110084534,5.8274511803469125,0.0,0.0,0.0,-5.8274511803469125
48.87838673591614,5.798994515591993,0.0,0.0,0.0,-5.798994515591993
48.89836359024048,5.756058057503811,0.0,0.0,0.0,-5.756058057503811
48.91833782196045,5.704230128399148,0.0,0.0,0.0,-5.704230128399148
48.93861722946167,5.6476085793602975,0.0,0.0,0.0,-5.6476085793602975
48.95859146118164,5.589156702132055,0.0,0.0,0.0,-5.589156702132055
48.97854995727539,5.538444409938049,0.0,0.0,0.0,-5.538444409938049
48.998509883880615,5.486973464340303,0.0,0.0,0.0,-5.486973464340303
49.0187132358551,5.436332772385417,0.0,0.0,0.0,-5.436332772385417
49.03861474990845,5.38760323055689,0.0,0.0,0.0,-5.38760323055689
49.05859684944153,5.341484928195577,0.0,0.0,0.0,-5.341484928195577
49.078638315200806,5.2983952560670255,0.0,0.0,0.0,-5.2983952560670255
49.09852457046509,5.258544355753454,0.0,0.0,0.0,-5.258544355753454
49.11855697631836,5.22199291519558,0.0,0.0,0.0,-5.22199291519558
49.138360261917114,5.188696217795528,0.0,0.0,0.0,-5.188696217795528
49.15829348564148,5.158537502476735,0.0,0.0,0.0,-5.158537502476735
49.17859983444214,5.131353029836929,0.0,0.0,0.0,-5.131353029836929
49.198606967926025,5.10775154766543,0.0,0.0,0.0,-5.10775154766543
49.21870517730713,5.086459838659101,0.0,0.0,0.0,-5.086459838659101
49.23857831954956,5.0673335404338875,0.0,0.0,0.0,-5.0673335404338875
49.25834274291992,5.050215327987253,0.0,0.0,0.0,-5.050215327987253
49.27839374542236,5.0349430148376575,0.0,0.0,0.0,-5.0349430148376575
49.29851579666138,5.021355309026396,0.0,0.0,0.0,-5.021355309026396
49.318451166152954,5.009295788375978,0.0,0.0,0.0,-5.009295788375978
49.3384735584259,4.998615533935632,0.0,0.0,0.0,-4.998615533935632
49.358665227890015,4.989174761866973,0.0,0.0,0.0,-4.989174761866973
49.37839865684509,4.980843716527416,0.0,0.0,0.0,-4.980843716527416
49.39843511581421,4.973503026757781,0.0,0.0,0.0,-4.973503026757781
49.418536901474,4.967129661781357,0.0,0.0,0.0,-4.967129661781357
49.438515424728394,4.961510167808137,0.0,0.0,0.0,-4.961510167808137
49.45854187011719,4.956562398254934,0.0,0.0,0.0,-4.956562398254934
49.47853922843933,4.9522115927457655,0.0,0.0,0.0,-4.9522115927457655
49.498536825180054,4.948390091437634,0.0,0.0,0.0,-4.948390091437634
49.51850605010986,4.945036949489728,0.0,0.0,0.0,-4.945036949489728
49.53848481178284,4.942097492326473,0.0,0.0,0.0,-4.942097492326473
49.55854678153992,4.939522841492336,0.0,0.0,0.0,-4.939522841492336
49.57848787307739,4.937269432572239,0.0,0.0,0.0,-4.937269432572239
49.5985164642334,4.935298540303335,0.0,0.0,0.0,-4.935298540303335
49.618481397628784,4.933575821195487,0.0,0.0,0.0,-4.933575821195487
49.63857698440552,4.932080112580399,0.0,0.0,0.0,-4.932080112580399
49.65849733352661,4.9307722680230635,0.0,0.0,0.0,-4.9307722680230635
49.67851519584656,4.929629378258342,0.0,0.0,0.0,-4.929629378258342
49.69851326942444,4.928631183596066,0.0,0.0,0.0,-4.928631183596066
49.71866822242737,4.927759798629949,0.0,0.0,0.0,-4.927759798629949
49.738611698150635,4.926999458452134,0.0,0.0,0.0,-4.926999458452134
49.758610248565674,4.92633628649349,0.0,0.0,0.0,-4.92633628649349
49.778613567352295,4.925758083503213,0.0,0.0,0.0,-4.925758083503213
49.79861330986023,4.92525413677274,0.0,0.0,0.0,-4.92525413677274
49.81863594055176,4.924815048448817,0.0,0.0,0.0,-4.924815048448817
49.838632106781006,4.924432581630287,0.0,0.0,0.0,-4.924432581630287
49.85862135887146,4.924100514174564,0.0,0.0,0.0,-4.924100514174564
49.878522872924805,4.923811213430686,0.0,0.0,0.0,-4.923811213430686
49.89853596687317,4.923559242097974,0.0,0.0,0.0,-4.923559242097974
49.91845941543579,4.923339839721177,0.0,0.0,0.0,-4.923339839721177
49.93846321105957,4.923148841429914,0.0,0.0,0.0,-4.923148841429914
49.9585280418396,4.922982605800099,0.0,0.0,0.0,-4.922982605800099
49.97851085662842,4.922837950952542,0.0,0.0,0.0,-4.922837950952542
49.99852752685547,4.922712098057025,0.0,0.0,0.0,-4.922712098057025
50.01852512359619,4.92260262146903,0.0,0.0,0.0,-4.92260262146903
50.03845262527466,4.922507404787513,0.0,0.0,0.0,-4.922507404787513
50.05862760543823,4.922424602183421,0.0,0.0,0.0,-4.922424602183421
50.07856559753418,4.9223527108485055,0.0,0.0,0.0,-4.9223527108485055
50.0983145236969,4.922290186515892,0.0,0.0,0.0,-4.922290186515892
50.11827802658081,4.9222358161418605,0.0,0.0,0.0,-4.9222358161418605
50.13855481147766,4.922188542273275,0.0,0.0,0.0,-4.922188542273275
50.15847563743591,4.922147443396244,0.0,0.0,0.0,-4.922147443396244
50.17852711677551,4.922111716704007,0.0,0.0,0.0,-4.922111716704007
50.198500633239746,4.922080662999346,0.0,0.0,0.0,-4.922080662999346
50.21846890449524,4.922053673477469,0.0,0.0,0.0,-4.922053673477469
50.238436698913574,4.9220302181633775,0.0,0.0,0.0,-4.9220302181633775
50.2585289478302,4.922009835803143,0.0,0.0,0.0,-4.922009835803143
50.27852940559387,4.921992125031444,0.0,0.0,0.0,-4.921992125031444
50.29851961135864,4.9219767480872765,0.0,0.0,0.0,-4.9219767480872765
50.31847882270813,4.921963386002832,0.0,0.0,0.0,-4.921963386002832
50.33848476409912,4.921951775556826,0.0,0.0,0.0,-4.921951775556826
50.358278036117554,4.921941687756662,0.0,0.0,0.0,-4.921941687756662
50.37820363044739,4.921932923419395,0.0,0.0,0.0,-4.921932923419395
50.39817571640015,4.921925309316728,0.0,0.0,0.0,-4.921925309316728
50.41822123527527,4.921918694813364,0.0,0.0,0.0,-4.921918694813364
50.438260316848755,4.921912948936642,0.0,0.0,0.0,-4.921912948936642
50.45826864242554,4.921907957822953,0.0,0.0,0.0,-4.921907957822953
50.47826552391052,4.921903622493165,0.0,0.0,0.0,-4.921903622493165
50.49824929237366,4.921899856915191,0.0,0.0,0.0,-4.921899856915191
50.518391609191895,4.921896587544254,0.0,0.0,0.0,-4.921896587544254
50.538283586502075,4.921893747765765,0.0,0.0,0.0,-4.921893747765765
50.55820107460022,4.9218912812158395,0.0,0.0,0.0,-4.9218912812158395
50.57829737663269,4.92188913890883,0.0,0.0,0.0,-4.92188913890883
50.59836983680725,4.921887278274879,0.0,0.0,0.0,-4.921887278274879
50.61847400665283,4.921885662322327,0.0,0.0,0.0,-4.921885662322327
50.63849401473999,4.921884258908945,0.0,0.0,0.0,-4.921884258908945
50.65849280357361,4.92188304010792,0.0,0.0,0.0,-4.92188304010792
50.67852997779846,4.921881981656396,0.0,0.0,0.0,-4.921881981656396
50.69844174385071,4.921881062475875,0.0,0.0,0.0,-4.921881062475875
50.71844124794006,4.92188026425517,0.0,0.0,0.0,-4.92188026425517
50.73834729194641,4.9218795712195735,0.0,0.0,0.0,-4.9218795712195735
50.75823163986206,4.921878969376609,0.0,0.0,0.0,-4.921878969376609
50.77846932411194,4.921878446735768,0.0,0.0,0.0,-4.921878446735768
50.79848027229309,4.921877992881316,0.0,0.0,0.0,-4.921877992881316
50.818503856658936,4.921877598765828,0.0,0.0,0.0,-4.921877598765828
50.83844041824341,4.9218772565307285,0.0,0.0,0.0,-4.9218772565307285
50.85843873023987,4.9218769593503,0.0,0.0,0.0,-4.9218769593503
50.878530979156494,4.921876701296122,0.0,0.0,0.0,-4.921876701296122
50.89831733703613,4.921876477219263,0.0,0.0,0.0,-4.921876477219263
50.918482303619385,4.921876282647906,0.0,0.0,0.0,-4.921876282647906
50.93848443031311,4.921876113698402,0.0,0.0,0.0,-4.921876113698402
50.958499908447266,4.921875967012128,0.0,0.0,0.0,-4.921875967012128
50.9784734249115,4.921875839641212,0.0,0.0,0.0,-4.921875839641212
50.998472452163696,4.9218757290432125,0.0,0.0,0.0,-4.9218757290432125
51.01847171783447,4.92187563301015,0.0,0.0,0.0,-4.92187563301015
51.038519859313965,4.92187554962455,0.0,0.0,0.0,-4.92187554962455
51.05849575996399,4.921875477221247,0.0,0.0,0.0,-4.921875477221247
51.078495025634766,4.921875414354217,0.0,0.0,0.0,-4.921875414354217
51.09844493865967,4.921875359767745,0.0,0.0,0.0,-4.921875359767745
51.11848211288452,4.9218753123714105,0.0,0.0,0.0,-4.9218753123714105
51.138487339019775,4.921875271218329,0.0,0.0,0.0,-4.921875271218329
51.15852165222168,4.921875235486273,0.0,0.0,0.0,-4.921875235486273
51.17844247817993,4.921875204462791,0.0,0.0,0.0,-4.921875204462791
51.19831347465515,4.921875177525892,0.0,0.0,0.0,-4.921875177525892
51.21823859214783,4.921875154137373,0.0,0.0,0.0,-4.921875154137373
51.238121509552,4.921875133829891,0.0,0.0,0.0,-4.921875133829891
51.258148431777954,4.92187511619764,0.0,0.0,0.0,-4.92187511619764
51.27814245223999,4.921875100888246,0.0,0.0,0.0,-4.921875100888246
51.298216104507446,4.921875087595742,0.0,0.0,0.0,-4.921875087595742
51.31831908226013,4.921875076054453,0.0,0.0,0.0,-4.921875076054453
51.33832573890686,4.921875066033692,0.0,0.0,0.0,-4.921875066033692
51.358877420425415,4.921875057333158,0.0,0.0,0.0,-4.921875057333158
51.37867856025696,4.921875049778927,0.0,0.0,0.0,-4.921875049778927
51.39840054512024,4.92187504322015,0.0,0.0,0.0,-4.92187504322015
51.41858720779419,4.92187503752549,0.0,0.0,0.0,-4.92187503752549
51.43901300430298,4.921875032581111,0.0,0.0,0.0,-4.921875032581111
51.459166288375854,4.92187502828817,0.0,0.0,0.0,-4.92187502828817
0.016108036041259766,4.921875024560845,-8.691409856826053e-08,0.0,0.0,-4.921875111474943
0.03478693962097168,4.92187502132462,-8.691409856826053e-08,0.0,0.0,-4.921875108238718
0.05472302436828613,4.921875018514793,-1.0809936586703058e-05,0.0,0.0,-4.92188582845138
0.0753934383392334,4.921875016075188,-1.8656140930260645e-05,0.0,0.0,-4.921893672216118
0.09540629386901855,4.921875013957026,-6.272756976547373e-05,0.04734223708510399,0.03974221274256706,-4.921937741526791
0.11459851264953613,4.9218750121179555,-0.00014812714781199478,0.005361717194318771,0.039799975838832324,-4.922023139265767
0.13541865348815918,4.921875010521206,-0.00018809344757188322,0.005361717194318771,0.039799975838832324,-4.922063103968778
0.15434670448303223,4.921875009134867,-0.00034934914805260695,0.07536171719431878,0.06989935660021729,-4.92222435828292
0.17874765396118164,4.921875007931195,-0.0004961576935536887,0.014327708333730704,0.019531747933797305,-4.922371165624749
0.1947767734527588,4.921875006886122,-0.0005827922525228855,0.014327708333730704,0.019531747933797305,-4.922457799138645
0.216705322265625,4.921875005978752,-0.0009013040487141841,0.02375360734760762,0.034580961477331584,-4.922776310027466
0.23482894897460938,4.921875005190941,-0.0009013040487141841,0.02375360734760762,0.034580961477331584,-4.922776309239655
0.255246639251709,4.921875004506937,-0.0014801958808569006,0.07427059642970563,0.044526409034006065,-4.923355200387794
0.2746164798736572,4.92187500391306,-0.0014801958808569006,0.07427059642970563,0.044526409034006065,-4.923355199793917
0.2945713996887207,4.921875003397438,-0.0020461459955779704,0.036359047219157226,0.020613023687474197,-4.923921149393016
0.3141779899597168,4.921875002949757,-0.0024929968019414667,0.0,0.0029038317989034113,-4.9243679997516985
0.33433079719543457,4.921875002561066,-0.002738628294495974,0.0,0.0029038317989034113,-4.924613630855562
0.3547086715698242,4.921875002223593,-0.0035696436648344787,0.02022400312125683,0.0,-4.925444645888428
0.37485289573669434,4.92187500193059,-0.0035696436648344787,0.02022400312125683,0.0,-4.925444645595425
0.39429616928100586,4.921875001676194,-0.004913527322142716,0.08299075625836849,0.0,-4.926788528998337
0.4162111282348633,4.921875001455321,-0.006113333230537595,0.11411684192717075,0.040316544473171234,-4.927988334685859
0.4342050552368164,4.921875001263552,-0.006552068805492005,0.11411684192717075,0.040316544473171234,-4.928427070069044
0.4543919563293457,4.921875001097052,-0.007990486762957397,0.09178533032536507,0.042165188351646066,-4.92986548786001
0.47423720359802246,4.921875000952491,-0.007990486762957397,0.09178533032536507,0.042165188351646066,-4.929865487715449
0.49414634704589844,4.92187500082698,-0.010208782792878379,0.02178533032536506,0.058517696568742394,-4.932083783619858
0.5142669677734375,4.921875000718007,-0.010208782792878379,0.02178533032536506,0.058517696568742394,-4.932083783510885
0.5343930721282959,4.921875000623394,-0.01211187003435461,0.0,0.06429046182893217,-4.9339868706577485
0.5541927814483643,4.921875000541248,-0.013500496618324158,0.0,0.05477446201257408,-4.935375497159572
0.5749871730804443,4.921875000469926,-0.014231946204230041,0.0,0.05477446201257408,-4.9361069466741565
0.5946657657623291,4.921875000408003,-0.016579439083534344,0.0,0.013285002438351512,-4.9384544394915375
0.614185094833374,4.92187500035424,-0.019164584580941637,0.007019384298473597,0.013621758291264996,-4.941039584935182
0.6350443363189697,4.92187500030756,-0.02008085310532534,0.007019384298473597,0.013621758291264996,-4.941955853412885
0.6547880172729492,4.921875000267033,-0.021997427791863505,0.05387327307835221,0.019039941573282704,-4.943872428058896
0.6763379573822021,4.921875000231845,-0.025087824057542046,0.009453567210584879,0.0,-4.946962824289387
0.6949739456176758,4.921875000201294,-0.026176866351940744,0.009453567210584879,0.0,-4.948051866553235
0.7143862247467041,4.921875000174769,-0.02962567123435523,0.0035623107105493546,0.0,-4.951500671409124
0.7345325946807861,4.921875000151739,-0.02962567123435523,0.0035623107105493546,0.0,-4.9515006713860945
0.7546496391296387,4.921875000131744,-0.034660949161867634,0.0,0.011015677824616432,-4.956535949293612
0.7778668403625488,4.921875000114384,-0.03737196207753311,0.0,0.00031397584825754166,-4.9592469621919175
0.7950344085693359,4.921875000099311,-0.03737196207753311,0.0,0.00031397584825754166,-4.959246962176844
0.8143348693847656,4.921875000086225,-0.04168772382622844,0.01669207401573658,0.014442447572946548,-4.963562723912454
0.8345487117767334,4.921875000074863,-0.043194090737644575,0.01669207401573658,0.014442447572946548,-4.9650690908125075
0.854633092880249,4.921875000064999,-0.047921061789918874,0.08008976466953754,0.0013649333268404007,-4.969796061854917
0.8744237422943115,4.921875000056433,-0.052966517088508906,0.010089764669537538,0.0,-4.974841517144942
0.894629716873169,4.921875000048997,-0.054720573040208526,0.010089764669537538,0.0,-4.976595573089206
0.9147965908050537,4.921875000042541,-0.05833889237811497,0.08008976466953754,0.0,-4.9802138924206565
0.9355587959289551,4.921875000036935,-0.06404644282807433,0.010089764669537538,0.0,-4.985921442865009
0.9543180465698242,4.921875000032068,-0.06602484395649436,0.010089764669537538,0.0,-4.987899843988562
0.9750807285308838,4.921875000027843,-0.07219182587229218,0.00965662190690636,0.0,-4.994066825900135
0.9946832656860352,4.9218750000241736,-0.07219182587229218,0.00965662190690636,0.0,-4.994066825896466
1.0152111053466797,4.9218750000209885,-0.08096606128753361,0.0,0.0,-5.002841061308522
1.0396218299865723,4.921875000018223,-0.08559467340588248,0.0,0.0,-5.007469673424105
1.0542898178100586,4.921875000015822,-0.08559467340588248,0.0,0.0,-5.007469673421705
1.07435941696167,4.921875000013737,-0.09284568483864573,0.0,0.0,-5.014720684852382
1.0948808193206787,4.921875000011927,-0.09534593195599642,0.0,0.0,-5.017220931967924
1.1144006252288818,4.921875000010356,-0.10310013339733105,0.018505653366446495,0.021431680768728256,-5.024975133407687
1.1343669891357422,4.921875000008991,-0.11124000794737407,0.0,0.009758776985108852,-5.033115007956365
1.1548233032226562,4.921875000007807,-0.11404020316673164,0.0,0.009758776985108852,-5.035915203174539
1.1749539375305176,4.921875000006779,-0.11977246154976945,0.0,0.0,-5.041647461556548
1.1958587169647217,4.921875000005886,-0.1287042287516046,0.012851654551923275,0.0,-5.05057922875749
1.2146992683410645,4.921875000005111,-0.13177136028223158,0.012851654551923275,0.0,-5.053646360287342
1.2344529628753662,4.9218750000044365,-0.1412457273209017,0.010916581144556403,0.07,-5.063120727325338
1.2548871040344238,4.921875000003852,-0.1412457273209017,0.010916581144556403,0.07,-5.063120727324754
1.274341344833374,4.921875000003345,-0.15452385890261583,0.0,0.057830612808465964,-5.076398858905961
1.3004801273345947,4.921875000002904,-0.1614437331215911,0.0,0.0,-5.083318733124496
1.3148574829101562,4.921875000002522,-0.1614437331215911,0.0,0.0,-5.083318733124114
1.3344471454620361,4.921875000002189,-0.1721795468249298,0.015076612122356892,0.010668057017028332,-5.0940545468271194
1.3548698425292969,4.921875000001902,-0.17585395232607642,0.015076612122356892,0.010668057017028332,-5.097728952327978
1.3749942779541016,4.921875000001651,-0.18716754188510143,0.00043013133108615875,0.0,-5.109042541886753
1.3942561149597168,4.9218750000014335,-0.19892104007975017,0.02712348662316799,0.018856123089790344,-5.120796040081184
1.4146208763122559,4.921875000001245,-0.20293757792814474,0.02712348662316799,0.018856123089790344,-5.12481257792939
1.4362237453460693,4.921875000001082,-0.21528607953452433,0.0,0.0,-5.137161079535606
1.4543485641479492,4.921875000000939,-0.21950252294901113,0.0,0.0,-5.14137752294995
1.4748408794403076,4.921875000000815,-0.23245534299984638,0.016052456572651863,0.0,-5.1543303430006615
1.4945478439331055,4.921875000000709,-0.23245534299984638,0.016052456572651863,0.0,-5.154330343000555
1.5142841339111328,4.9218750000006155,-0.2504408061477362,0.054998161271214485,0.0,-5.172315806148352
1.5353045463562012,4.921875000000535,-0.2504408061477362,0.054998161271214485,0.0,-5.172315806148271
1.55513334274292,4.9218750000004645,-0.26447245443552936,0.10378947667777538,0.0,-5.186347454435994
1.574242353439331,4.921875000000403,-0.27897433342800637,0.033789476677775376,0.0,-5.20084933342841
1.5942738056182861,4.921875000000351,-0.28391357078350754,0.033789476677775376,0.0,-5.2057885707838585
1.6149091720581055,4.921875000000305,-0.2990493943912804,0.058785021603107446,0.03163929656147957,-5.220924394391585
1.639125108718872,4.921875000000265,-0.3094066207523603,0.0,0.09533941373229027,-5.231281620752625
1.6548542976379395,4.921875000000231,-0.3146657024012516,0.0,0.09533941373229027,-5.2365407024014825
1.6775314807891846,4.921875000000201,-0.3307666310522522,0.05707307159900665,0.0971986911026761,-5.252641631052453
1.6944363117218018,4.921875000000174,-0.3307666310522522,0.05707307159900665,0.0971986911026761,-5.252641631052426
1.7143657207489014,4.921875000000152,-0.34735616319113927,0.07301717810332775,0.053534984472207725,-5.269231163191291
1.7348136901855469,4.921875000000132,-0.35299525222229305,0.07301717810332775,0.053534984472207725,-5.274870252222425
1.7541882991790771,4.9218750000001155,-0.3702421880790595,0.06822421727702022,0.06514223560225219,-5.292117188079175
1.7742187976837158,4.9218750000001,-0.38798643015792217,0.13822421727702022,0.11477570503484458,-5.309861430158023
1.7946231365203857,4.921875000000087,-0.3940122956493626,0.13822421727702022,0.11477570503484458,-5.31588729564945
1.8141653537750244,4.921875000000076,-0.41242499901375923,0.14560749910771847,0.12762168131303042,-5.334299999013836
1.8392844200134277,4.921875000000067,-0.4249806009364778,0.19155123613774777,0.1494273644639179,-5.346855600936545
1.8542873859405518,4.921875000000058,-0.4313428954209534,0.19155123613774777,0.1494273644639179,-5.353217895421011
1.880889892578125,4.921875000000051,-0.45076911850169943,0.22254604630172253,0.1340830138651654,-5.37264411850175
1.8945419788360596,4.921875000000044,-0.45076911850169943,0.22254604630172253,0.1340830138651654,-5.372644118501744
1.9141550064086914,4.921875000000039,-0.4707066555553976,0.15254604630172253,0.14636772579979151,-5.3925816555554364
1.9350941181182861,4.921875000000034,-0.477466621946312,0.15254604630172253,0.14636772579979151,-5.399341621946346
1.9542171955108643,4.919558651915874,-0.498090306938808,0.22254604630172253,0.21636772579979152,-5.417648958854682
1.9741661548614502,4.901796372397765,-0.5192317131523687,0.20351048342883588,0.14636772579979151,-5.421028085550134
1.994234561920166,4.834395856819136,-0.5263943351496696,0.20351048342883588,0.14636772579979151,-5.360790191968806
2.0143675804138184,4.6624871369612535,-0.5482299118489885,0.20458498113323004,0.08484124101232737,-5.210717048810242
2.038543462753296,4.329865776843822,-0.5630775762096207,0.19274884164799005,0.09835823241155595,-4.892943353053443
2.055164337158203,3.817943276587076,-0.57058883954513,0.19274884164799005,0.09835823241155595,-4.388532116132206
2.0758187770843506,3.160228156058771,-0.5934732963315731,0.1666919168131426,0.09068560774903744,-3.753701452390344
2.0941829681396484,2.418582347509,-0.5934732963315731,0.1666919168131426,0.09068560774903744,-3.012055643840573
2.1144635677337646,1.6381859224952966,-0.6248068990399877,0.0966919168131426,0.020685607749037438,-2.2629928215352844
2.1352033615112305,0.9606258218314989,-0.6248068990399877,0.0966919168131426,0.020685607749037438,-1.5854327208714865
2.155287265777588,0.263166364373041,-0.6489252803938136,0.04196913831401616,0.0351074982387945,-0.9120916447668546
2.1744725704193115,-0.4297333268829884,-0.665299539461049,0.0,0.04145922576542943,-0.23556621257806065
2.1952085494995117,-1.10352094412886,-0.6735754512545716,0.0,0.04145922576542943,0.4299454928742884
2.2144196033477783,-1.7555414801556812,-0.6987589938582297,0.0,0.11145922576542944,1.0567824862974515
2.234250545501709,-2.3914735322934106,-0.7244773557594255,0.0,0.18145922576542944,1.6669961765339851
2.2552008628845215,-3.008736309119871,-0.733169222720898,0.0,0.18145922576542944,2.275567086398973
2.2746012210845947,-3.5967638778630175,-0.7596026979709943,0.0,0.19941924703773112,2.837161179892023
2.2947704792022705,-4.148987839250856,-0.7596026979709943,0.0,0.19941924703773112,3.389385141279862
2.3144030570983887,-4.659473163909502,-0.7956838990500941,0.0,0.20747149740811438,3.863789264859408
2.335282564163208,-5.118248469698342,-0.7956838990500941,0.0,0.20747149740811438,4.322564570648248
2.355184316635132,-5.516568903273998,-0.823373501685325,0.0,0.24642499541398138,4.693195401588673
2.3743481636047363,-5.851684523355171,-0.8421330933739299,0.0,0.19819815089460463,5.009551429981242
2.395024061203003,-6.092373115140658,-0.8516029292056008,0.0,0.19819815089460463,5.240770185935057
2.414641857147217,-6.198589820946497,-0.8803728859764366,0.06890775263309479,0.12819815089460462,5.31821693497006
2.4368093013763428,-6.12984982218397,-0.9096839487426379,0.0,0.17903156613465399,5.220165873441332
2.4544460773468018,-5.84179698895655,-0.9195746302096944,0.0,0.17903156613465399,4.922222358746856
2.475759744644165,-5.302453343910198,-0.949607846199036,0.0,0.10903156613465398,4.3528454977111615
2.4943764209747314,-4.514761137265645,-0.949607846199036,0.0,0.10903156613465398,3.565153291066609
2.5150349140167236,-3.519738071565524,-0.9904952162542018,0.0,0.06081161340232938,2.529242855311322
2.5344815254211426,-2.399981732603537,-0.9904952162542018,0.0,0.06081161340232938,1.409486516349335
2.5546042919158936,-1.2277318592073931,-1.0217932348210215,0.0,0.06410104380454867,0.20593862438637167
2.574280023574829,-0.20995459016433232,-1.0429597753797288,0.05249464511871338,0.027942966385744505,-0.8330051852153966
2.5951318740844727,0.8314283367602672,-1.053633394548588,0.05249464511871338,0.027942966385744505,-1.8850617313088551
2.6143181324005127,1.8571290589996192,-1.086015569002766,0.12249464511871339,0.04914876976516097,-2.9431446280023854
2.635704755783081,2.837955951030131,-1.1189395111893299,0.07080755352973939,0.0,-3.956895462219461
2.6550025939941406,3.7432339857969263,-1.1300344914914935,0.07080755352973939,0.0,-4.87326847728842
2.6744980812072754,4.553647972078951,-1.1636802000489423,0.09956232987344266,0.0,-5.7173281721278935
2.694333791732788,5.251333043816266,-1.1636802000489423,0.09956232987344266,0.0,-6.415013243865208
2.7142577171325684,5.82685157331515,-1.2093821705648937,0.16956232987344266,0.0,-7.036233743880043
2.7343637943267822,6.276868055362811,-1.2093821705648937,0.16956232987344266,0.0,-7.486250225927704
2.7548670768737793,6.6093223507104515,-1.2442885614792265,0.23956232987344267,0.010525520890951157,-7.853610912189678
2.7742714881896973,6.832827670153229,-1.2678590160035677,0.27144118867814543,0.01708772173151374,-8.100686686156797
2.794443130493164,7.026880694855235,-1.2797340045329426,0.27144118867814543,0.01708772173151374,-8.306614699388177
2.8143131732940674,7.127036058529991,-1.3157175895630575,0.282597973048687,0.0,-8.44275364809305
2.836962938308716,7.140801576262611,-1.3522382929071175,0.23542977780103685,0.021556327119469643,-8.493039869169728
2.854192018508911,7.059454388067942,-1.3645310271690236,0.23542977780103685,0.021556327119469643,-8.423985415236965
2.8750603199005127,6.847013578232058,-1.3645310271690236,0.23542977780103685,0.021556327119469643,-8.211544605401082
2.8944172859191895,6.437931851899236,-1.4017661017123435,0.21213188305497171,0.03830539435148239,-7.83969795361158
2.914822816848755,5.75480222226911,-1.4522437544339848,0.2798259063065052,0.016376737505197525,-7.207045976703095
2.9342103004455566,4.723285637920231,-1.4522437544339848,0.2798259063065052,0.016376737505197525,-6.175529392354216
2.9541547298431396,3.2986130020183846,-1.490723327913128,0.2896096920967102,0.03245913237333298,-4.789336329931513
2.9742941856384277,1.5040607758267235,-1.5166714050358503,0.3429571232199669,0.04668229725211859,-3.0207321808625736
2.9946999549865723,-0.5603323903006221,-1.5297337730185698,0.3429571232199669,0.04668229725211859,-0.9694013827179477
3.0143883228302,-2.35269124359283,-1.5692734429292794,0.3189587025344372,0.08846558909863234,0.7834178006635506
3.034226417541504,-4.304651253782043,-1.6093405843853763,0.28305319234728815,0.01846558909863233,2.695310669396667
3.0541703701019287,-6.292859923825448,-1.622813195871984,0.28305319234728815,0.01846558909863233,4.670046727953464
3.0741567611694336,-8.24921447899989,-1.6499333387472206,0.2157545341551304,0.0,6.59928114025267
3.096890449523926,-10.131884273077953,-1.6910497430545108,0.16922486111521723,0.05911412462592125,8.44083453002344
3.1146180629730225,-11.913756512076475,-1.7048712236409898,0.16922486111521723,0.05911412462592125,10.208885288435486
3.134568929672241,-13.576339340799485,-1.7466825960574905,0.09922486111521722,0.05508789047598839,11.829656744741994
3.1549806594848633,-15.112248886424858,-1.7466825960574905,0.09922486111521722,0.05508789047598839,13.365566290367367
3.1742124557495117,-16.522011264431978,-1.8032375173800874,0.11844386845827104,0.1250878904759884,14.718773747051891
3.1993064880371094,-17.80700015145034,-1.8318590477311247,0.10377651486545802,0.1950878904759884,15.975141103719213
3.214397430419922,-18.97145806847579,-1.8318590477311247,0.10377651486545802,0.1950878904759884,17.139599020744665
3.2342369556427,-19.98247016205972,-1.8752194211633055,0.03377651486545802,0.20806266866624357,18.107250740896415
3.254821538925171,-20.89929488046731,-1.889786663699459,0.03377651486545802,0.20806266866624357,19.00950821676785
3.274338483810425,-21.712637985245276,-1.9338284146015852,0.10357295040041209,0.25342293210327627,19.77880957064369
3.294165849685669,-22.400240342558785,-1.9783781412644381,0.15662765938788653,0.3234229321032763,20.421862201294346
3.315070152282715,-22.931424293136526,-1.9933404649740492,0.15662765938788653,0.3234229321032763,20.938083828162476
3.3344833850860596,-23.27510603735106,-2.0234331161213763,0.22662765938788654,0.36749595500528814,21.251672921229684
3.3583245277404785,-23.37757540782897,-2.068990516463905,0.29662765938788654,0.43749595500528815,21.308584891365065
3.3742213249206543,-23.187036367416244,-2.0842874652390933,0.29662765938788654,0.43749595500528815,21.10274890217715
3.3968307971954346,-22.684500000490395,-2.13051021288955,0.2606863044574857,0.36749595500528814,20.553989787600845
3.4150006771087646,-21.881214070950616,-2.13051021288955,0.2606863044574857,0.36749595500528814,19.750703858061065
3.4343717098236084,-20.827662499458626,-2.1772284356588845,0.31269808489829304,0.32430479772388937,18.650434063799743
3.4545533657073975,-19.91294212664031,-2.192910743414914,0.31269808489829304,0.32430479772388937,17.720031383225397
3.4746217727661133,-18.806067793147946,-2.2402847116849505,0.28643353659659626,0.25430479772388936,16.565783081462996
3.4942679405212402,-17.58563324311643,-2.288146705933169,0.2580541838333011,0.18430479772388936,15.29748653718326
3.51496958732605,-16.316170064441394,-2.3042085791786917,0.2580541838333011,0.18430479772388936,14.011961485262702
3.5344340801239014,-15.04842547533467,-2.3527160610580107,0.3040853683277965,0.17768428118899465,12.695709414276658
3.554469347000122,-13.815285858858218,-2.3527160610580107,0.3040853683277965,0.17768428118899465,11.462569797800207
3.574415445327759,-12.640997790641956,-2.418138902228123,0.3062488502264023,0.23136320354416967,10.222858888413832
3.5948283672332764,-11.53853509310495,-2.418138902228123,0.3062488502264023,0.23136320354416967,9.120396190876829
3.614593982696533,-10.526597919743965,-2.418138902228123,0.3062488502264023,0.23136320354416967,8.108459017515841
3.6345174312591553,-9.636636373307185,-2.5178549174916993,0.3271476356685162,0.17871798964217306,7.118781455815486
3.654534339904785,-8.903494861427301,-2.5178549174916993,0.3271476356685162,0.17871798964217306,6.385639943935602
3.675305128097534,-8.26696268282151,-2.5684167090869243,0.3971476356685162,0.24646056832745672,5.6985459737345865
3.694384813308716,-7.785323770975417,-2.6194426150853087,0.4671476356685162,0.2660443020798266,5.1658811558901085
3.714446544647217,-7.442495017204695,-2.636553713659042,0.4671476356685162,0.2660443020798266,4.805941303545653
3.734365940093994,-7.219014385907698,-2.670928726443088,0.5371476356685162,0.1960443020798266,4.54808565946461
3.7568376064300537,-7.1028512172058145,-2.7228710530958833,0.5011610035598278,0.1528875776566565,4.379980164109931
3.7750213146209717,-7.08050456183871,-2.7402858419786313,0.5011610035598278,0.1528875776566565,4.340218719860079
3.7951223850250244,-7.1401244004900075,-2.7928301108720768,0.46349864274263386,0.16165295662358403,4.347294289617931
3.8148345947265625,-7.282901463886286,-2.7928301108720768,0.46349864274263386,0.16165295662358403,4.4900713530142085
3.834162712097168,-7.5121039066266295,-2.8635831081884024,0.430211855173111,0.09165295662358403,4.648520798438227
3.8549084663391113,-7.83467303748324,-2.8635831081884024,0.430211855173111,0.09165295662358403,4.971089929294838
3.8748674392700195,-8.252969484507165,-2.9171628062313775,0.360211855173111,0.02165295662358402,5.335806678275787
3.8942720890045166,-8.61614513942878,-2.9531254072678714,0.3133198566734791,0.0,5.663019732160908
3.9148592948913574,-9.086061082572067,-2.971179059115355,0.3133198566734791,0.0,6.114882023456712
3.9350857734680176,-9.664059117396407,-3.0256274376642103,0.2433198566734791,0.0,6.6384316797321965
3.954350471496582,-10.338957349938868,-3.0805034387418258,0.3133198566734791,0.06277035176753998,7.2584539111970425
3.974271535873413,-11.093486216870298,-3.0988896774893533,0.3133198566734791,0.06277035176753998,7.994596539380945
3.994706153869629,-11.908919264477012,-3.1543287112112264,0.2433198566734791,0.13277035176753998,8.754590553265786
4.014239072799683,-12.77064434136929,-3.1543287112112264,0.2433198566734791,0.13277035176753998,9.616315630158063
4.0347900390625,-13.676557504048121,-3.228895012966454,0.21675450608134272,0.1730297838151455,10.447662491081667
4.058665037155151,-14.624032822237602,-3.2664525372490343,0.2287656764686108,0.2430297838151455,11.357580284988568
4.074908971786499,-15.59162022530468,-3.2664525372490343,0.2287656764686108,0.2430297838151455,12.325167688055647
4.094263553619385,-16.549992773708283,-3.3231277761535,0.2310477804578841,0.1730297838151455,13.226864997554783
4.11481499671936,-17.382076288645404,-3.342109187691916,0.2310477804578841,0.1730297838151455,14.039967100953488
4.134864568710327,-18.19682686143562,-3.3993198644625475,0.2631878528930247,0.2430297838151455,14.797506996973073
4.154273986816406,-18.968800254782078,-3.456926330955499,0.19743019828572872,0.3130297838151455,15.51187392382658
4.174721956253052,-19.658287306708,-3.476215571358074,0.19743019828572872,0.3130297838151455,16.182071735349925
4.194777488708496,-20.2051355081146,-3.51492355219343,0.2674301982857287,0.3830297838151455,16.69021195592117
4.217133283615112,-20.566690639251853,-3.57330642841781,0.19743019828572872,0.3130297838151455,16.993384210834044
4.234513998031616,-20.736740077893227,-3.5928521976292065,0.19743019828572872,0.3130297838151455,17.14388788026402
4.256173849105835,-20.736862903189536,-3.5928521976292065,0.19743019828572872,0.3130297838151455,17.14401070556033
4.274739503860474,-20.57726052661248,-3.6517412375600578,0.1640190679766238,0.35845561608672144,16.925519289052424
4.295248985290527,-20.248381056845716,-3.7308400566619278,0.2340190679766238,0.3049613712728024,16.517541000183787
4.3143274784088135,-19.73646947654528,-3.7308400566619278,0.2340190679766238,0.3049613712728024,16.005629419883352
4.3344128131866455,-19.29201477280515,-3.790592351532273,0.21704065697267655,0.23496137127280237,15.501422421272878
4.354511022567749,-18.65554138665996,-3.8507056770836576,0.24705885061994198,0.2901259244978428,14.8048357095763
4.3750715255737305,-17.849193765023433,-3.8708227415502634,0.24705885061994198,0.2901259244978428,13.97837102347317
4.39515495300293,-16.91599350551371,-3.911174586469222,0.29795692572370175,0.2325482511520386,13.004818919044489
4.41487455368042,-15.916961932491178,-3.9719935751215427,0.36795692572370176,0.16254825115203858,11.944968357369635
4.434779167175293,-14.898534588719997,-3.9923434071434247,0.36795692572370176,0.16254825115203858,10.906191181576572
4.454439640045166,-13.893475866704442,-4.05362050771011,0.3189789658226073,0.18647074297070504,9.839855358994331
4.474283218383789,-12.924190943507954,-4.05362050771011,0.3189789658226073,0.18647074297070504,8.870570435797845
4.494572401046753,-12.00529920186961,-4.135846574954868,0.3889789658226073,0.11647074297070503,7.869452626914742
4.517500638961792,-11.147943220003201,-4.1771800697924775,0.4052361252345145,0.0569489561021328,6.970763150210724
4.534862756729126,-10.372138734713587,-4.1771800697924775,0.4052361252345145,0.0569489561021328,6.19495866492111
4.55413293838501,-9.698565473356034,-4.239451099536346,0.3688146511651576,0.0,5.459114373819688
4.574320316314697,-9.141887070642587,-4.2602794616268636,0.3688146511651576,0.0,4.881607609015724
4.594382286071777,-8.75982858354491,-4.322975582132679,0.30514545390382414,0.07,4.436853001412231
4.614105939865112,-8.59483166159426,-4.364946684870729,0.29795382428914313,0.09565652318298817,4.229884976723531
4.634289741516113,-8.652124024596942,-4.407054699474439,0.29795382428914313,0.09565652318298817,4.245069325122503
4.654288291931152,-8.922529289656792,-4.449297867015456,0.32247270528227095,0.10609789907932282,4.473231422641335
4.675065994262695,-9.394057152950035,-4.512912159037896,0.3508814766630531,0.15965085074305535,4.881144993912139
4.694935083389282,-10.057711515610867,-4.534182577741648,0.3508814766630531,0.15965085074305535,5.523528937869219
4.714889764785767,-10.897547693818865,-4.598187666579142,0.3188292279466987,0.11155508801341057,6.2993600272397225
4.734220266342163,-11.867735044185233,-4.598187666579142,0.3188292279466987,0.11155508801341057,7.269547377606091
4.754621982574463,-12.9028925825609,-4.683971653143711,0.26295024227350955,0.14296331599354745,8.21892092941719
4.777660608291626,-13.801642786205658,-4.727049796753203,0.19295024227350954,0.14410904159769417,9.074592989452455
4.794285774230957,-14.736213547775002,-4.727049796753203,0.19295024227350954,0.14410904159769417,10.009163751021799
4.814326286315918,-15.671034054560227,-4.791894564927373,0.2527250285074115,0.19439552089199424,10.879139489632854
4.834461450576782,-16.581390934344963,-4.813569250168508,0.2527250285074115,0.19439552089199424,11.767821684176454
4.854562044143677,-17.443814454590772,-4.87876936332142,0.3227250285074115,0.26439552089199425,12.56504509126935
4.874402284622192,-18.229368188590325,-4.94422869073613,0.2768411866948009,0.32220428144559266,13.285139497854194
4.894345045089722,-18.908397615413033,-4.966104982412093,0.2768411866948009,0.32220428144559266,13.94229263300094
4.9151647090911865,-19.45616367785442,-5.0099409349964015,0.3205436214432121,0.39220428144559266,14.44622274285802
4.936570405960083,-19.865891587323034,-5.0099409349964015,0.3205436214432121,0.39220428144559266,14.855950652326634
4.954482555389404,-20.14809542955681,-5.097939728885732,0.3774333826825023,0.345746808256954,15.050155700671079
4.975383281707764,-20.292591833181866,-5.164217403370421,0.39177629422396426,0.2980657150410116,15.128374429811444
4.995167255401611,-20.41804729997752,-5.164217403370421,0.39177629422396426,0.2980657150410116,15.253829896607098
5.014374494552612,-20.38864609540892,-5.252946860389892,0.32177629422396425,0.29841639681486415,15.135699235019027
5.040304660797119,-20.189917945585222,-5.2974612333575894,0.25177629422396425,0.3625067977490835,14.892456712227633
5.0543670654296875,-19.834805459843636,-5.2974612333575894,0.25177629422396425,0.3625067977490835,14.537344226486047
5.074204444885254,-19.36421599084615,-5.3644144334064086,0.32177629422396425,0.3215875832620077,13.999801557439742
5.094751358032227,-18.825820805203374,-5.386779637415373,0.32177629422396425,0.3215875832620077,13.439041167788002
5.114973068237305,-18.256834792079047,-5.454014264722262,0.2860628041252494,0.2515875832620077,12.802820527356786
5.134274959564209,-17.67928020684365,-5.521452299148417,0.33402888577431444,0.2665458857524209,12.157827907695232
5.154394626617432,-17.113311796967164,-5.5439757050945415,0.33402888577431444,0.2665458857524209,11.569336091872621
5.179282188415527,-16.57030695500765,-5.5439757050945415,0.33402888577431444,0.2665458857524209,11.026331249913106
5.194674253463745,-16.057562992730393,-5.634283090220497,0.40402888577431445,0.2388421721267514,10.423279902509897
5.214338302612305,-15.612385593706257,-5.656912145668568,0.40402888577431445,0.2388421721267514,9.95547344803769
5.234392166137695,-15.19283657402193,-5.724920661516296,0.33402888577431444,0.2711453079688363,9.467915912505635
5.254926681518555,-14.80214569479059,-5.747629790604486,0.33402888577431444,0.2711453079688363,9.054515904186104
5.2750914096832275,-14.441795731633098,-5.815872570580043,0.36333803001791243,0.20369741464732216,8.625923161053056
5.296814203262329,-14.112016959850695,-5.884283204470711,0.43333803001791243,0.24226165334461258,8.227733755379983
5.314267635345459,-13.812163623659252,-5.907122883654796,0.43333803001791243,0.24226165334461258,7.9050407400044564
5.336293458938599,-13.540998512056147,-5.975746815196297,0.46747994307428603,0.2667693994450383,7.56525169685985
5.354750156402588,-13.301538903554603,-5.975746815196297,0.46747994307428603,0.2667693994450383,7.325792088358305
5.375145435333252,-13.106626686001597,-6.067480753896531,0.5087128195539117,0.3367693994450383,7.0391459321050664
5.394940376281738,-12.966323889643835,-6.067480753896531,0.5087128195539117,0.3367693994450383,6.898843135747304
5.414974927902222,-12.8792311339799,-6.136448900767049,0.5787128195539117,0.35828929508803414,6.742782233212851
5.4342827796936035,-12.803614979928824,-6.18250372277299,0.5724786267988384,0.3619845127477311,6.6211112571558335
5.455122709274292,-12.772689520049557,-6.205553189796645,0.5724786267988384,0.3619845127477311,6.567136330252912
5.474492311477661,-12.787518467234806,-6.274786763426541,0.5672000557556749,0.3719984600110911,6.512731703808265
5.496609687805176,-12.840685758848043,-6.344142744504722,0.637200055755675,0.4419984600110911,6.496543014343321
5.514795541763306,-12.921397243789027,-6.367287415185876,0.637200055755675,0.4419984600110911,6.554109828603151
5.53502082824707,-13.016796895542265,-6.436795876521361,0.5672000557556749,0.5119984600110912,6.580001019020904
5.555063009262085,-13.122200760839684,-6.436795876521361,0.5672000557556749,0.5119984600110912,6.685404884318323
5.574669599533081,-13.231775449360567,-6.529637967600282,0.6057234950736166,0.5623001347645187,6.7021374817602855
5.595102310180664,-13.341359280773995,-6.529637967600282,0.6057234950736166,0.5623001347645187,6.811721313173713
5.614463567733765,-13.450377740511328,-6.5993836500224905,0.6757234950736166,0.49230013476451867,6.850994090488838
5.6343302726745605,-13.556130334225628,-6.669219418570077,0.7,0.5623001347645187,6.886910915655551
5.654800891876221,-13.647947436080317,-6.692516823220146,0.7,0.5623001347645187,6.955430612860171
5.674311637878418,-13.736545374990003,-6.739138305067877,0.7,0.5386926423176193,6.997407069922126
5.698012590408325,-13.82288870515036,-6.809133328808124,0.6697481878101825,0.5356592257390731,7.013755376342236
5.714997291564941,-13.90539045891442,-6.8324807145604325,0.6697481878101825,0.5356592257390731,7.0729097443539874
5.736455202102661,-13.983049603957326,-6.90256637606698,0.5997481878101825,0.6056592257390732,7.080483227890346
5.754465818405151,-14.055298469259823,-6.90256637606698,0.5997481878101825,0.6056592257390732,7.152732093192842
5.774334907531738,-14.11725265282356,-6.972711843709185,0.575758694782853,0.561979682899546,7.144540809114375
5.794909954071045,-14.168107207960444,-6.996105744307481,0.575758694782853,0.561979682899546,7.172001463652964
5.815131425857544,-14.209911912069881,-7.066320040096333,0.6457586947828531,0.514760339416098,7.143591871973548
5.834354877471924,-14.244329008271388,-7.136577761901578,0.7,0.4635125489602798,7.107751246369809
5.854880094528198,-14.272707757718862,-7.1600054375378495,0.7,0.4635125489602798,7.112702320181013
5.874248027801514,-14.297346912533039,-7.20687187800247,0.648734313249588,0.5207070948253387,7.090475034530568
5.8980371952056885,-14.312904117893995,-7.277195351206274,0.6392533684149384,0.4910408535669559,7.035708766687721
5.915192365646362,-14.321743170449725,-7.300641815780667,0.6392533684149384,0.4910408535669559,7.021101354669058
5.936953544616699,-14.325682973283964,-7.300641815780667,0.6392533684149384,0.4910408535669559,7.025041157503297
5.9546191692352295,-14.326116020079494,-7.370993477569441,0.6822506280615925,0.4967662643338555,6.955122542510053
5.974344968795776,-14.324101929873105,-7.441358061014065,0.640485362894833,0.5239090833510274,6.88274386885904
5.994449615478516,-14.320441187341372,-7.464814575541495,0.640485362894833,0.5239090833510274,6.8556266117998765
6.0145423412323,-14.315733190818218,-7.535185424458504,0.6293441884219646,0.5762836102093571,6.780547766359714
6.0344343185424805,-14.31042187092083,-7.605552749012969,0.586224627494812,0.5062836102093571,6.704869121907861
6.055102825164795,-14.304831473689385,-7.629006522430554,0.586224627494812,0.5062836102093571,6.67582495125883
6.074390649795532,-14.299194569129742,-7.6759095010093725,0.6353543817996978,0.5135028242017143,6.62328506812037
6.097721576690674,-14.294300464674052,-7.746248633840816,0.5973060697317123,0.4485595776583069,6.548051830833236
6.114585638046265,-14.289424735070257,-7.769689878510272,0.5973060697317123,0.4485595776583069,6.519734856559985
6.135982275009155,-14.2846902676146,-7.839994562462149,0.5561191596090793,0.4557995769078844,6.444695705152451
6.154696702957153,-14.28017869446862,-7.839994562462149,0.5561191596090793,0.4557995769078844,6.440184132006472
6.175237655639648,-14.27594084137792,-7.933679959903667,0.4861820496618747,0.4320564000750893,6.342260881474253
6.1945130825042725,-14.272004797047506,-7.933679959903667,0.4861820496618747,0.4320564000750893,6.338324837143839
6.214440822601318,-14.268382117204222,-8.003894255692517,0.4235630117356777,0.4491278502042406,6.2644878615117054
6.234450340270996,-14.26507256954197,-8.0740581002753,0.4935630117356777,0.5191278502042407,6.191014469266669
6.254812002182007,-14.259751392055952,-8.097433623933018,0.4935630117356777,0.5191278502042407,6.162317768122934
6.27444863319397,-14.250856866855218,-8.144164476052513,0.5518427905440331,0.5469038530881518,6.106692390802705
6.297972917556763,-14.239714778546919,-8.21420637407389,0.5539885184075684,0.4769038530881518,6.025508404473028
6.314839601516724,-14.23004093300663,-8.23753813497865,0.5539885184075684,0.4769038530881518,5.9925027980279815
6.336271524429321,-14.216589797686582,-8.23753813497865,0.5539885184075684,0.4769038530881518,5.979051662707933
6.3543860912323,-14.200869534068351,-8.307483176779854,0.5544517126213759,0.4069038530881518,5.893386357288497
6.374550104141235,-14.183987484229958,-8.377347426193213,0.5445945320930332,0.3369038530881518,5.806640058036745
6.39504861831665,-14.166743405054936,-8.40061634997751,0.5445945320930332,0.3369038530881518,5.766127055077426
6.4144251346588135,-14.149702333264035,-8.470362032399715,0.4745945320930332,0.4069038530881518,5.67934030086432
6.434199810028076,-14.13325138206483,-8.540010674113075,0.5445945320930332,0.38803132009459673,5.593240707951754
6.454457759857178,-14.117643880148051,-8.56320412347864,0.5445945320930332,0.38803132009459673,5.554439756669412
6.474579811096191,-14.103033555647142,-8.609555335184888,0.48010282053612174,0.3934315051021987,5.493478220462254
6.496942520141602,-14.089500904609501,-8.609555335184888,0.48010282053612174,0.3934315051021987,5.479945569424613
6.514759302139282,-14.077073436044309,-8.702107836885132,0.43368705197237434,0.3234315051021987,5.374965599159177
6.534620761871338,-14.06628359054767,-8.771382978062842,0.4703818394150585,0.26886254756478606,5.2949006124848275
6.555307388305664,-14.056373110866192,-8.771382978062842,0.4703818394150585,0.26886254756478606,5.284990132803349
6.574783563613892,-14.047334611105404,-8.863551099232948,0.4861314019467682,0.28413621823070584,5.183783511872456
6.599543809890747,-14.039139980229416,-8.863551099232948,0.4861314019467682,0.28413621823070584,5.175588880996468
6.615223407745361,-14.031747452788172,-8.93251924610347,0.44754759429953994,0.22865326444385586,5.099228206684703
6.634489059448242,-14.025106879966817,-8.97841899901903,0.51754759429954,0.29865326444385587,5.046687880947786
6.654467344284058,-14.019163611696095,-9.00134441390844,0.51754759429954,0.29865326444385587,5.017819197787656
6.674497365951538,-14.013861311720333,-9.070019787452804,0.4589627589192242,0.3686532644438559,4.94384152426753
6.69465970993042,-14.011460305411969,-9.138538574312,0.3889627589192242,0.4386532644438559,4.87292173109997
6.714453935623169,-14.015770455326546,-9.161342202303185,0.3889627589192242,0.4386532644438559,4.854428253023361
6.7352306842803955,-14.024628449439415,-9.229641682261226,0.4589627589192242,0.508653264443856,4.794986767178189
6.758609294891357,-14.032319186083537,-9.275079338483701,0.4797847586777062,0.5341418422269637,4.757239847599836
6.775197744369507,-14.043089129522741,-9.297768821044624,0.4797847586777062,0.5341418422269637,4.745320308478117
6.796401500701904,-14.055713989011128,-9.297768821044624,0.4797847586777062,0.5341418422269637,4.757945167966504
6.815159559249878,-14.06929451004672,-9.365716909779499,0.5497847586777063,0.4641418422269637,4.703577600267222
6.834264516830444,-14.083180901696833,-9.433479266951869,0.6197847586777063,0.4244294616091067,4.6497016347449645
6.854527711868286,-14.094597422627594,-9.456024294905454,0.6197847586777063,0.4244294616091067,4.63857312772214
6.874598026275635,-14.090099450003336,-9.523528665800082,0.6044890873786064,0.4696364889550025,4.566570784203254
6.894166469573975,-14.05381899251568,-9.590831827281749,0.6744890873786065,0.4407126552122647,4.4629871652339315
6.914728879928589,-13.980204774198468,-9.61322036258463,0.6744890873786065,0.4407126552122647,4.366984411613837
6.935045003890991,-13.88259935132133,-9.657927196685161,0.7,0.4000015577930028,4.224672154636169
6.9558000564575195,-13.773218836019659,-9.657927196685161,0.7,0.4000015577930028,4.115291639334497
6.9749226570129395,-13.678251880017577,-9.747053139610106,0.6870398957282304,0.33572000476298874,3.9311987404074706
6.994771718978882,-13.576089548055078,-9.813638243028393,0.6467380288988351,0.3383658344554717,3.7624513050266852
7.0146965980529785,-13.471621926205065,-9.813638243028393,0.6467380288988351,0.3383658344554717,3.6579836831766723
7.034255027770996,-13.368306328200264,-9.902060271114264,0.6833365958184003,0.385166198264342,3.466246057086
7.059335470199585,-13.270830123100511,-9.902060271114264,0.6833365958184003,0.385166198264342,3.3687698519862472
7.074326276779175,-13.186927865288073,-9.946113520490542,0.652825155109167,0.4425903598475272,3.2408143447975313
7.094204664230347,-13.137828521483206,-10.011990857934519,0.6725270681083202,0.46807183908997124,3.125837663548687
7.114660739898682,-13.132727393142705,-10.033895017587911,0.6725270681083202,0.46807183908997124,3.098832375554794
7.134268522262573,-13.162953699861134,-10.099439352296363,0.7,0.46951229569269365,3.0635143475647713
7.15451979637146,-13.216921140333644,-10.16472656744273,0.7,0.510979410975706,3.0521945728909152
7.174343109130859,-13.285956401418316,-10.186430749831489,0.7,0.510979410975706,3.099525651586827
7.194730520248413,-13.345894577645941,-10.251365391728408,0.7,0.4968734837765807,3.0945291859175335
7.214262008666992,-13.415677913670876,-10.251365391728408,0.7,0.4968734837765807,3.1643125219424686
7.234738349914551,-13.490460372564742,-10.337521222215333,0.649550338089466,0.4827922291751021,3.1529391503494093
7.2577478885650635,-13.569060588670467,-10.380413442242316,0.6548737592995166,0.5197148479218596,3.188647146428151
7.274195671081543,-13.648241043858055,-10.380413442242316,0.6548737592995166,0.5197148479218596,3.267827601615739
7.294240474700928,-13.725737729269568,-10.444514548513022,0.6540449876803904,0.4497148479218596,3.2812231807565464
7.314929246902466,-13.802338832328038,-10.465817422258354,0.6540449876803904,0.4497148479218596,3.3365214100696843
7.3348705768585205,-13.876299067482321,-10.529530419134256,0.5840449876803904,0.45361511021619677,3.346768648348066
7.354187250137329,-13.946475793345655,-10.592945300525558,0.6177817865926771,0.38361511021619676,3.353530492820097
7.374927282333374,-14.012175067563422,-10.614016312102336,0.6177817865926771,0.38361511021619676,3.398158755461086
7.395065784454346,-14.073032894122477,-10.656056090038879,0.5477817865926771,0.3474042417085731,3.416976804083598
7.41596794128418,-14.125871212915145,-10.71885685946959,0.5201459254045038,0.37925643116002916,3.4070143534455557
7.434866666793823,-14.172483273673974,-10.739720538373142,0.5201459254045038,0.37925643116002916,3.432762735300832
7.454412221908569,-14.213542241572569,-10.802098811314263,0.5901459254045038,0.44925643116002917,3.4114434302583057
7.474252700805664,-14.249662035135641,-10.802098811314263,0.5901459254045038,0.44925643116002917,3.447563223821378
7.494698524475098,-14.279082893483693,-10.884765374966767,0.6191189814079552,0.4016908480203712,3.3943175185169263
7.519118070602417,-14.303075418967232,-10.92587861963922,0.6851570982206612,0.41362434983020663,3.3771967993280114
7.534263372421265,-14.32034886215861,-10.92587861963922,0.6851570982206612,0.41362434983020663,3.3944702425193896
7.554178476333618,-14.332500122555953,-10.98726868794814,0.6868692511878907,0.4404032061225736,3.345231434607813
7.574238061904907,-14.340773369874654,-11.007656592856577,0.6868692511878907,0.4404032061225736,3.333116777018077
7.594624757766724,-14.346134984667033,-11.068591041536763,0.6168692511878906,0.4419721337850207,3.2775439431302704
7.614173650741577,-14.349332931713707,-11.129177258449735,0.5622518499754368,0.5093107568915003,3.2201556732639727
7.634886741638184,-14.352109470987093,-11.149294322916338,0.5622518499754368,0.5093107568915003,3.202815148070755
7.654968023300171,-14.35567076631314,-11.209407648467723,0.6197084104083477,0.4393107568915003,3.146263117845418
7.678166389465332,-14.359683280271787,-11.209407648467723,0.6197084104083477,0.4393107568915003,3.150275631804064
7.69495964050293,-14.363903452480931,-11.269159943338067,0.5654680495522915,0.4662357023055666,3.094743509142864
7.716194152832031,-14.36815663785575,-11.328545819460185,0.6271532950364052,0.3962357023055666,3.0396108183955644
7.734654903411865,-14.372320661280524,-11.328545819460185,0.6271532950364052,0.3962357023055666,3.0437748418203388
7.754899024963379,-14.37862936024934,-11.407147802370796,0.6527763073705135,0.3479215556080454,2.971481557878544
7.774693250656128,-14.386261443777892,-11.407147802370796,0.6527763073705135,0.3479215556080454,2.9791136414070962
7.795261859893799,-14.394611581565794,-11.46565808593345,0.6382117224298416,0.33298078153980903,2.928953495632344
7.814429044723511,-14.40324039879205,-11.523784428641921,0.6044059087894855,0.36020184469176464,2.879455970150129
7.834437847137451,-14.409519021655619,-11.5430736690445,0.6044059087894855,0.36020184469176464,2.8664453526111195
7.854969501495361,-14.414970282326625,-11.600680135537448,0.6234430083446203,0.39629635375691585,2.814290146789176
7.874441862106323,-14.41873269677334,-11.600680135537448,0.6234430083446203,0.39629635375691585,2.8180525612358913
7.895057439804077,-14.421222913658864,-11.676872223846502,0.6142184445075689,0.43967976954532795,2.7443506898123626
7.920206785202026,-14.420447509536084,-11.714700730219336,0.573893279712647,0.4357086412864738,2.7057467793167476
7.9343743324279785,-14.417424304678839,-11.714700730219336,0.573893279712647,0.4357086412864738,2.702723574459503
7.954314708709717,-14.412919497675023,-11.77110498703355,0.6325189815275369,0.39247862177668147,2.641814510641474
7.975278854370117,-14.407504322532587,-11.789815421528743,0.6325189815275369,0.39247862177668147,2.6176889010038433
7.99455189704895,-14.403915887951262,-11.845671288788767,0.7,0.43542153316317134,2.558244599162496
8.01436734199524,-14.401690844417333,-11.901110322510656,0.6521617963910102,0.5054215331631713,2.5005805219066772
8.034646987915039,-14.400471426402447,-11.919496561258176,0.6521617963910102,0.5054215331631713,2.4809748651442707
8.054996728897095,-14.399982633820164,-11.974372562335796,0.7,0.5525596578675323,2.4256100714843676
8.074437141418457,-14.39955825162076,-11.974372562335796,0.7,0.5525596578675323,2.425185689284964
8.095004558563232,-14.399645741977416,-12.046874592732133,0.6355171620845794,0.48255965786753224,2.3527711492452834
8.11591362953186,-14.402402811276692,-12.046874592732133,0.6355171620845794,0.48255965786753224,2.35552821854456
8.137588500976562,-14.406941455583961,-12.118605768887727,0.7,0.41255965786753224,2.288335686696234
8.154728174209595,-14.412597931528875,-12.136416891811601,0.7,0.41255965786753224,2.276181039717274
8.176026582717896,-14.421198103709296,-12.136416891811601,0.7,0.41255965786753224,2.2847812118976947
8.19444489479065,-14.431616253047846,-12.224734474982203,0.6309882447123527,0.4375666897254996,2.206881778065643
8.214338064193726,-14.443022564514509,-12.242249282824604,0.6309882447123527,0.4375666897254996,2.200773281689905
8.234455585479736,-14.454814621925186,-12.242249282824604,0.6309882447123527,0.4375666897254996,2.212565339100582
8.254428625106812,-14.466563832497345,-12.31180765590717,0.7,0.4075721777486615,2.1547561765901744
8.275167226791382,-14.47565728521368,-12.329071273556908,0.7,0.4075721777486615,2.1465860116567725
8.297542572021484,-14.483552453028873,-12.397617348892767,0.7,0.3375721777486615,2.085935104136105
8.315293788909912,-14.489521229800026,-12.414626032486822,0.7,0.3375721777486615,2.0748951973132037
8.339849948883057,-14.493994666583484,-12.465342958176432,0.657973126322031,0.2929591255891137,2.028651708407052
8.354701042175293,-14.497311572531652,-12.482145082508294,0.657973126322031,0.2929591255891137,2.0151664900233577
8.380531311035156,-14.497421410012734,-12.532238932736314,0.7,0.22295912558911368,1.9651824772764197
8.394923210144043,-14.495300785759893,-12.532238932736314,0.7,0.22295912558911368,1.9630618530235786
8.414381742477417,-14.49168681527491,-12.581861097771883,0.6299999999999999,0.2929591255891137,1.9098257175030273
8.434798002243042,-14.503345278126648,-12.598296365544757,0.6299999999999999,0.2929591255891137,1.9050489125818917
8.45462155342102,-14.553100593675776,-12.647283938941987,0.643480502180755,0.3629591255891137,1.9058166547337887
8.474390029907227,-14.65348577023203,-12.695791420821312,0.6718898230418562,0.4329591255891137,1.9576943494107173
8.494420766830444,-14.802606253088909,-12.711853294066835,0.6718898230418562,0.4329591255891137,2.0907529590220744
8.514284372329712,-14.932076463531974,-12.74381535213583,0.6761307312361895,0.3629591255891137,2.1882611113961445
8.53732967376709,-15.098689309630783,-12.791352361566847,0.6789010729361324,0.42214682469842957,2.307336948063936
8.554893970489502,-15.286709639530287,-12.807089256585082,0.6789010729361324,0.42214682469842957,2.479620382945205
8.574455499649048,-15.48464393280686,-12.853971946176673,0.7,0.35214682469842956,2.630671986630187
8.594234704971313,-15.684247733708741,-12.853971946176673,0.7,0.35214682469842956,2.8302757875320683
8.614680051803589,-15.879750604960137,-12.915712534760903,0.6369996190071106,0.42214682469842957,2.9640380701992335
8.63430118560791,-16.06956894143516,-12.915712534760903,0.6369996190071106,0.42214682469842957,3.153856406674258
8.654316186904907,-16.25043626923843,-12.961436766705008,0.6707214869558811,0.4885866991686635,3.2889995025334233
8.674365520477295,-16.4203196624261,-12.991641175223918,0.7,0.521016818981152,3.4286784872021805
8.694419384002686,-16.578096570861998,-13.00665953502595,0.7,0.521016818981152,3.5714370358360483
8.714528560638428,-16.723306358314904,-13.051377985536618,0.7,0.45101681898115203,3.671928372778286
8.734325885772705,-16.849381203163443,-13.095589358838742,0.7,0.38101681898115203,3.7537918443247005
8.754537582397461,-16.965421680155064,-13.11021333630053,0.7,0.38101681898115203,3.8552083438545335
8.774874925613403,-17.071434247213634,-13.153744480076254,0.6812832828611135,0.3543411867576651,3.9176897671373805
8.79966926574707,-17.167687674387555,-13.18248031652299,0.7,0.38735214265761897,3.9852073578645655
8.814505577087402,-17.254625845186094,-13.196762482619908,0.7,0.38735214265761897,4.057863362566186
8.839832782745361,-17.332802574997846,-13.239264908144998,0.6912891620770096,0.4148295374470763,4.093537666852848
8.855066299438477,-17.402833439997146,-13.239264908144998,0.6912891620770096,0.4148295374470763,4.163568531852148
8.874322652816772,-17.463044342662307,-13.281249420243268,0.6894779417663812,0.4848295374470763,4.181794922419039
8.894361972808838,-17.514847639773446,-13.295128776359011,0.6894779417663812,0.4848295374470763,4.219718863414435
8.914207935333252,-17.559445908254244,-13.350066661252773,0.6747753702104091,0.4148295374470763,4.20937924700147
8.93516993522644,-17.597864322259476,-13.363655861771862,0.6747753702104091,0.4148295374470763,4.234208460487613
8.95921802520752,-17.63122017016751,-13.363655861771862,0.6747753702104091,0.4148295374470763,4.267564308395647
8.975109338760376,-17.65993821586637,-13.430726557070717,0.6900959003716707,0.3706787714618258,4.229211658795652
8.995208740234375,-17.68467807389254,-13.430726557070717,0.6900959003716707,0.3706787714618258,4.253951516821825
9.015998840332031,-17.70600274430455,-13.483328594964153,0.7,0.3455126957851462,4.222674149340396
9.03527045249939,-17.72439328282904,-13.483328594964153,0.7,0.3455126957851462,4.241064687864888
9.054356813430786,-17.74257749817538,-13.522162260554197,0.6417313188314437,0.28462416323600337,4.220415237621182
9.07469367980957,-17.757822814333288,-13.534988804052672,0.6417313188314437,0.28462416323600337,4.222834010280616
9.094324111938477,-17.770625039956304,-13.573113601255539,0.5841286450624465,0.21462416323600336,4.197511438700765
9.11429738998413,-17.781392941421206,-13.585703408095773,0.5841286450624465,0.21462416323600336,4.195689533325433
9.134416103363037,-17.790464054248737,-13.623116728910093,0.5446449227631092,0.28462416323600337,4.167347325338644
9.158480644226074,-17.798117542688605,-13.659994886859057,0.47464492276310916,0.33462416025577113,4.138122655829548
9.174391746520996,-17.80476249675494,-13.672168468667833,0.47464492276310916,0.33462416025577113,4.132594028087107
9.198074340820312,-17.810353988878266,-13.672168468667833,0.47464492276310916,0.33462416025577113,4.138185520210433
9.214838981628418,-17.815066403776665,-13.708331212450592,0.40464492276310915,0.2694336214917712,4.106735191326074
9.234360218048096,-17.823676729816928,-13.743956142919039,0.47464492276310916,0.30500051024137065,4.0797205868978885
9.254682302474976,-17.834767544406585,-13.75571143852077,0.47464492276310916,0.30500051024137065,4.079056105885815
9.274540662765503,-17.84728896054682,-13.790617829435092,0.45034405879676337,0.28433287533698604,4.056671131111727
9.298616886138916,-17.86047404392795,-13.824984372605645,0.5203440587967634,0.2286168077844195,4.035489671322306
9.314768552780151,-17.873772606111608,-13.836319799951063,0.5203440587967634,0.2286168077844195,4.037452806160545
9.33922553062439,-17.88679950625667,-13.836319799951063,0.5203440587967634,0.2286168077844195,4.050479706305605
9.354355096817017,-17.8992943926982,-13.881060488810661,0.5489079941064119,0.2486728338408284,4.018233903887538
9.379451513290405,-17.911090451430766,-13.881060488810661,0.5489079941064119,0.2486728338408284,4.030029962620105
9.39526104927063,-17.92133209079006,-13.935632761431762,0.5432095213793218,0.24905996187590063,3.9856993293582974
9.414652585983276,-17.92866593893066,-13.935632761431762,0.5432095213793218,0.24905996187590063,3.993033177498898
9.434744596481323,-17.936103157506427,-13.978206765178982,0.47320952137932176,0.2284465858247131,3.957896392327445
9.454797983169556,-17.943416168057567,-13.978206765178982,0.47320952137932176,0.2284465858247131,3.9652094028785854
9.474219799041748,-17.950450172530054,-14.019816976431926,0.5277249166928231,0.2596693781670183,3.9306331960981282
9.49421501159668,-17.957105004401303,-14.019816976431926,0.5277249166928231,0.2596693781670183,3.9372880279693767
9.514268398284912,-17.9633210830191,-14.060463432312616,0.5204329119250177,0.1896693781670183,3.9028576507064834
9.534729719161987,-17.969068588124102,-14.060463432312616,0.5204329119250177,0.1896693781670183,3.908605155811486
9.55505084991455,-17.97433915635304,-14.100146558782756,0.5904329119250178,0.22245622805319726,3.874192597570284
9.574289798736572,-17.979139548298203,-14.100146558782756,0.5904329119250178,0.22245622805319726,3.8789929895154476
9.594508647918701,-17.983486851180665,-14.138867175106745,0.5259758604690432,0.27583150572143494,3.84461967607392
9.614997625350952,-17.98726129053513,-14.138867175106745,0.5259758604690432,0.27583150572143494,3.848394115428386
9.634360790252686,-17.997630983429836,-14.17662649831467,0.5430684218183159,0.34583150572143495,3.821004485115166
9.654797554016113,-18.030839102850017,-14.17662649831467,0.5430684218183159,0.34583150572143495,3.8542126045353466
9.674363374710083,-18.09293323831765,-14.204316100949889,0.613068421818316,0.3032528308685869,3.88861713736776
9.69431471824646,-18.173454550743987,-14.213426147665382,0.613068421818316,0.3032528308685869,3.9600284030786046
9.714210033416748,-18.264652888939086,-14.240397302029006,0.6426111678406596,0.24798608920536935,4.02425558691008
9.734954833984375,-18.36086375771608,-14.24926814910944,0.6426111678406596,0.24798608920536935,4.111595608606638
9.754347562789917,-18.45570425680572,-14.275522644240585,0.7,0.2962686193641275,4.180181612565136
9.77436375617981,-18.547093412658143,-14.284154939752113,0.7,0.2962686193641275,4.262938472906029
9.794460535049438,-18.633676781565057,-14.309694875984796,0.6949199082329869,0.361216559773311,4.323981905580261
9.815429925918579,-18.714640249444336,-14.318089372316416,0.6949199082329869,0.361216559773311,4.39655087712792
9.834432363510132,-18.784934799352623,-14.342917164626884,0.7,0.291216559773311,4.4420176347257385
9.854439973831177,-18.850597983420815,-14.351074719606181,0.7,0.291216559773311,4.499523263814634
9.874488830566406,-18.91363011327986,-14.383114678968942,0.7,0.25945349416695535,4.530515434310919
9.894927740097046,-18.9708572112183,-14.390977426013,0.7,0.25945349416695535,4.579879785205298
9.914427995681763,-19.02486038161629,-14.414213376759013,0.6506236054003238,0.32945349416695535,4.610647004857276
9.93488097190857,-19.075201027234762,-14.421841503851937,0.6506236054003238,0.32945349416695535,4.653359523382825
9.954262971878052,-19.121671032468452,-14.444375372800504,0.6224110152572393,0.3134940357413143,4.677295659667948
9.974475622177124,-19.161911506523776,-14.451770088151008,0.6224110152572393,0.3134940357413143,4.710141418372768
9.994792699813843,-19.199080884831535,-14.473605664850325,0.5524110152572392,0.35249389498494565,4.72547521998121
10.014939069747925,-19.233137545133502,-14.480768286847624,0.5524110152572392,0.35249389498494565,4.752369258285878
10.036859273910522,-19.264134612776196,-14.501909693061194,0.5308879624307155,0.3644873748999089,4.762224919715003
10.054970741271973,-19.2910470582963,-14.508841651390822,0.5308879624307155,0.3644873748999089,4.782205406905478
10.079246997833252,-19.315555695132776,-14.508841651390822,0.5308879624307155,0.3644873748999089,4.8067140437419535
10.09518027305603,-19.337748770992267,-14.535996181204132,0.5640211749076842,0.2944873748999089,4.801752589788135
10.114588022232056,-19.35774860736789,-14.535996181204132,0.5640211749076842,0.2944873748999089,4.821752426163757
10.134394645690918,-19.37338162088374,-14.56865710457903,0.5423400393873452,0.3428816563170403,4.804724516304711
10.154841423034668,-19.385569518311563,-14.56865710457903,0.5423400393873452,0.3428816563170403,4.816912413732533
10.174237728118896,-19.395043294801052,-14.587575000986243,0.6123400393873453,0.3196062939893454,4.807468293814809
10.195178031921387,-19.402382215642913,-14.593768542351844,0.6123400393873453,0.3196062939893454,4.8086136732910685
10.21416163444519,-19.408044891062715,-14.612013569842059,0.5810458723455667,0.265622490150854,4.7960313212206565
10.234501838684082,-19.412394040015837,-14.617983791285319,0.5810458723455667,0.265622490150854,4.794410248730518
10.254233598709106,-19.415716217838924,-14.641310804485382,0.6485299009829759,0.2834480601083487,4.774405413353541
10.275136947631836,-19.418600617444156,-14.647004747777697,0.6485299009829759,0.2834480601083487,4.771595869666459
10.294975757598877,-19.420741835353994,-14.663758006463308,0.660246474482119,0.2629290400724858,4.756983828890686
10.314168453216553,-19.422310422235487,-14.66923336894773,0.660246474482119,0.2629290400724858,4.7530770532877575
10.337541341781616,-19.423439930873354,-14.685334297598745,0.6664868977852165,0.3074587723892182,4.738105633274609
10.354260444641113,-19.424234696278013,-14.690593379247638,0.6664868977852165,0.3074587723892182,4.733641317030376
10.37937045097351,-19.424776009627696,-14.690593379247638,0.6664868977852165,0.3074587723892182,4.734182630380058
10.394328832626343,-19.42744336196966,-14.716086429216489,0.5964868977852165,0.23893464270047843,4.711356932753173
10.414331674575806,-19.4315171215908,-14.716086429216489,0.5964868977852165,0.23893464270047843,4.715430692374312
10.434357166290283,-19.436460380675584,-14.73552754556447,0.5264868977852164,0.30893464270047843,4.700932835111114
10.454989671707153,-19.441877297999337,-14.73552754556447,0.5264868977852164,0.30893464270047843,4.706349752434868
10.474517345428467,-19.447480446783445,-14.749559193852257,0.5607109609432517,0.2889241415541619,4.697921252931188
10.495321989059448,-19.45234524361299,-14.75413271429682,0.5607109609432517,0.2889241415541619,4.698212529316169
10.514488458633423,-19.457289018715088,-14.767544657000148,0.5586384294461457,0.2189241415541619,4.68974436171494
10.534636735916138,-19.46215735791172,-14.771913032430579,0.5586384294461457,0.2189241415541619,4.690244325481142
10.554403066635132,-19.466844996242777,-14.788880097397715,0.5868129750620572,0.2889241415541619,4.677964898845062
10.574889659881592,-19.471283581079643,-14.792996199914437,0.5868129750620572,0.2889241415541619,4.678287381165205
10.594645738601685,-19.475432199802864,-14.805046011508217,0.5529522990714757,0.3106833908241242,4.670386188294646
10.615295171737671,-19.479270077333943,-14.808963776886959,0.5529522990714757,0.3106833908241242,4.670306300446985
10.637817859649658,-19.482790973261157,-14.820423386412855,0.6229522990714758,0.2406833908241242,4.662367586848301
10.654293537139893,-19.485998907133144,-14.824146047673906,0.6229522990714758,0.2406833908241242,4.661852859459238
10.679436206817627,-19.488904918931443,-14.824146047673906,0.6229522990714758,0.2406833908241242,4.664758871257536
10.695003271102905,-19.489208285851127,-14.842039791282787,0.6929522990714758,0.2671920573990792,4.647168494568341
10.71495795249939,-19.489471676756125,-14.842039791282787,0.6929522990714758,0.2671920573990792,4.647431885473338
10.734320163726807,-19.49024094217461,-14.852208208486282,0.6954633198212832,0.29789318989031016,4.638032733688327
10.7548348903656,-19.49134130421928,-14.855504376966895,0.6954633198212832,0.29789318989031016,4.6358369272523845
10.774452209472656,-19.492642639574484,-14.865116170329124,0.7,0.266220909608528,4.62752646924536
10.795401811599731,-19.494049270502106,-14.868228639717774,0.7,0.266220909608528,4.625820630784332
10.81444239616394,-19.495491966064506,-14.877294978547235,0.7,0.336220909608528,4.618196987517271
10.834623336791992,-19.49460534124383,-14.880227538450242,0.7,0.336220909608528,4.614377802793587
10.854473114013672,-19.494440531068694,-14.888759992052623,0.6980137282982468,0.30573436501435935,4.60568053901607
10.875250101089478,-19.49478142277146,-14.894229772226211,0.6980137282982468,0.30573436501435935,4.600551650545249
10.89455533027649,-19.495464580934883,-14.902111753419716,0.7,0.33495340193621814,4.593352827515167
10.914384603500366,-19.496367466121182,-14.904654068044017,0.7,0.33495340193621814,4.5917133980771645
10.934382438659668,-19.497151374091683,-14.91202967477594,0.6557116813957691,0.39500353182666004,4.585121699315742
10.955196619033813,-19.498079782867357,-14.91440532659411,0.6557116813957691,0.39500353182666004,4.583674456273247
10.975559711456299,-19.499084090959055,-14.921287451278056,0.6048704020678997,0.3896362360101193,4.577796639680999
10.99448299407959,-19.500114648796874,-14.923500806635843,0.6048704020678997,0.3896362360101193,4.576613842161031
11.01742696762085,-19.501136278952185,-14.929902755908541,0.6748704020678997,0.36164613137952983,4.571233523043643
11.03472375869751,-19.50212478315978,-14.931958319783849,0.6748704020678997,0.36164613137952983,4.57016646337593
11.058675765991211,-19.503064226809162,-14.937893817852279,0.6866006501764059,0.31068417872302234,4.565170408956883
11.075078248977661,-19.5039448350176,-14.939796234970956,0.6866006501764059,0.31068417872302234,4.564148600046643
11.0992910861969,-19.504761368944692,-14.939796234970956,0.6866006501764059,0.31068417872302234,4.564965133973736
11.114892959594727,-19.505511878465317,-14.947033482911497,0.7,0.3190799958538264,4.55847839555382
11.139586925506592,-19.506196749126957,-14.947033482911497,0.7,0.3190799958538264,4.55916326621546
11.154382944107056,-19.506791371320976,-14.95526511119538,0.7,0.32267870870418847,4.551526260125595
11.17463731765747,-19.50733424479878,-14.95526511119538,0.7,0.32267870870418847,4.5520691336034
11.195153951644897,-19.507826867258455,-14.96122301344748,0.7,0.3621449221391231,4.546603853810975
11.2144775390625,-19.50827160333202,-14.96122301344748,0.7,0.3621449221391231,4.54704858988454
11.23469853401184,-19.508671357487195,-14.9666457070159,0.7,0.34454566542990506,4.542025650471295
11.255420684814453,-19.509029332604094,-14.9666457070159,0.7,0.34454566542990506,4.542383625588194
11.2744619846344,-19.509348854422658,-14.971554559975857,0.6604987390339374,0.32885404978878796,4.537794294446801
11.2949378490448,-19.509633246369336,-14.971554559975857,0.6604987390339374,0.32885404978878796,4.538078686393479
11.315225839614868,-19.509885742675138,-14.975971525614646,0.68175217397511,0.32820721296593547,4.533914217060492
11.334574699401855,-19.510109430379828,-14.975971525614646,0.68175217397511,0.32820721296593547,4.534137904765181
11.354360103607178,-19.510307212928424,-14.978974987493823,0.7,0.25820721296593546,4.531332225434602
11.375215291976929,-19.510478932786746,-14.979919146894671,0.7,0.25820721296593546,4.530559785892075
11.394392967224121,-19.51063088128985,-14.982585751567253,0.6299999999999999,0.2909142447821796,4.528045129722596
11.414426326751709,-19.510765092409983,-14.98342056091646,0.6299999999999999,0.2909142447821796,4.527344531493522
11.434364080429077,-19.510883446371313,-14.985768053795784,0.6802257645130156,0.31283823570236563,4.525115392575529
11.455379486083984,-19.510987667054454,-14.986499503381673,0.6802257645130156,0.31283823570236563,4.524488163672782
11.47440218925476,-19.511079324314206,-14.988546081760745,0.6549186567962169,0.30943654390983283,4.522533242553461
11.4950852394104,-19.51115983964865,-14.989180313056082,0.6549186567962169,0.30943654390983283,4.521979526592567
11.514368295669556,-19.511230494046792,-14.990944629454859,0.6008721302449702,0.33325547265820205,4.5202858645919335
11.534493684768677,-19.511292437142455,-14.99148793623268,0.6008721302449702,0.33325547265820205,4.519804500909775
11.554394721984863,-19.51134669703423,-14.992989101745323,0.6105941022932528,0.26325547265820204,4.518357595288908
11.574344635009766,-19.511394190309304,-14.993447931194503,0.6105941022932528,0.26325547265820204,4.517946259114801
11.59437870979309,-19.511435425183283,-14.994705518836739,0.5845003324747085,0.25670921326614915,4.516729906346544
11.614948987960815,-19.51147153311502,-14.995086472677865,0.5845003324747085,0.25670921326614915,4.516385060437155
11.634379863739014,-19.51150312835233,-14.996120520733927,0.5145003324747084,0.2812729448918253,4.515382607618404
11.654786348342896,-19.511530756471306,-14.996430356335182,0.5145003324747084,0.2812729448918253,4.515100400136124
11.67436933517456,-19.509238552887243,-14.99750700319806,0.5067806434258817,0.25561711833812295,4.511731549689184
11.694862842559814,-19.505395450394953,-14.997737682473367,0.5067806434258817,0.25561711833812295,4.507657767921586
11.714337825775146,-19.500576408437787,-14.998344464140372,0.46444361697882397,0.18972173974849282,4.5022319442974155
11.7343111038208,-19.495206503371158,-14.998519804119134,0.46444361697882397,0.18972173974849282,4.496686699252024
11.755307674407959,-19.49191185093353,-14.998971424341088,0.4936922792717813,0.25972173974849283,4.492940426592442
11.77425217628479,-19.490145458563838,-14.999098695951298,0.4936922792717813,0.25972173974849283,4.491046762612539
11.796314001083374,-19.489487118804835,-14.999098695951298,0.4936922792717813,0.25972173974849283,4.4903884228535365
11.814398765563965,-19.488915531417856,-14.99950384230643,0.5226155653968452,0.18972173974849282,4.489411689111426
11.834260940551758,-19.48911949441076,-14.99950384230643,0.5226155653968452,0.18972173974849282,4.489615652104332
11.855639457702637,-19.48985676409311,-14.999811906552424,0.5102734839916228,0.21280839190818368,4.490044857540685
11.875279903411865,-19.49094502749829,-14.999811906552424,0.5102734839916228,0.21280839190818368,4.491133120945868
11.894305229187012,-19.492248403206226,-14.999937272430222,0.5248975366726516,0.14280839190818367,4.492311130776004
11.915406227111816,-19.49366684138051,-14.999955888997869,0.5248975366726516,0.14280839190818367,4.49371095238264
11.939603805541992,-19.495127816904184,-14.999955888997869,0.5248975366726516,0.14280839190818367,4.4951719279063145
11.954826354980469,-19.49657983418337,-14.999997659190427,0.5657938368991016,0.2114864207897335,4.496582174992941
11.97523832321167,-19.500303709564314,-14.999997659190427,0.5657938368991016,0.2114864207897335,4.5003060503738865
11.994359731674194,-19.507823778855183,-15.0,0.534050057120621,0.24622380287386475,4.507823778855183
12.015342235565186,-19.533996856087157,-15.0,0.534050057120621,0.24622380287386475,4.533996856087157
12.035954475402832,-19.55672098997035,-15.0,0.5656658284738658,0.31622380287386476,4.556720989970351
12.05480170249939,-19.61069661671741,-15.0,0.5656658284738658,0.31622380287386476,4.610696616717409
12.074808120727539,-19.687272744834537,-15.0,0.5656658284738658,0.31622380287386476,4.687272744834537
12.094545841217041,-19.77752858307693,-15.0,0.5592371406406162,0.24622380287386475,4.777528583076929
12.114442348480225,-19.874907397163724,-15.0,0.5592371406406162,0.24622380287386475,4.8749073971637245
12.134530067443848,-19.974667282540082,-15.0,0.48923714064061624,0.2963994287047535,4.974667282540082
12.154890060424805,-20.071135504160118,-15.0,0.48923714064061624,0.2963994287047535,5.071135504160118
12.17448353767395,-20.162774990837658,-15.0,0.5592371406406162,0.2314892403874546,5.162774990837658
12.194644689559937,-20.248645383811386,-15.0,0.5592371406406162,0.2314892403874546,5.248645383811386
12.214661359786987,-20.328245572144894,-15.0,0.5910585666447876,0.2985177628789097,5.328245572144894
12.234377384185791,-20.401392744568145,-15.0,0.5910585666447876,0.2985177628789097,5.401392744568145
12.255603075027466,-20.464900987202007,-15.0,0.5910585666447876,0.2985177628789097,5.464900987202007
12.275155544281006,-20.523269470197384,-15.0,0.6112721594423054,0.2981349675019737,5.523269470197384
12.296528577804565,-20.576529681590685,-15.0,0.6112721594423054,0.2981349675019737,5.576529681590685
12.31445837020874,-20.624838120310983,-15.0,0.5820347065478562,0.3681349675019737,5.624838120310983
12.33964991569519,-20.668433990893647,-15.0,0.650551810339093,0.30502405714592895,5.6684339908936465
12.35502576828003,-20.707607639359097,-15.0,0.650551810339093,0.30502405714592895,5.707607639359097
12.374835968017578,-20.742677281563665,-15.0,0.650551810339093,0.30502405714592895,5.742677281563665
12.394309520721436,-20.773972104661052,-15.0,0.63717412058264,0.26034384917817077,5.773972104661052
12.414551019668579,-20.799503892476743,-15.0,0.63717412058264,0.26034384917817077,5.799503892476743
12.435023069381714,-20.82035990124203,-15.0,0.7,0.22659468230209312,5.820359901242028
12.455146789550781,-20.83741854751221,-15.0,0.7,0.22659468230209312,5.837418547512211
12.474436283111572,-20.852229299731903,-15.0,0.6913507746532559,0.24073393222293815,5.852229299731903
12.494983911514282,-20.864249114530274,-15.0,0.6913507746532559,0.24073393222293815,5.864249114530274
12.515289783477783,-20.874013617886483,-15.0,0.6326703147962689,0.2364943171699997,5.874013617886483
12.534435987472534,-20.88195428361421,-15.0,0.6326703147962689,0.2364943171699997,5.88195428361421
12.554333448410034,-20.890735220109406,-15.0,0.6365215525031089,0.16649431716999968,5.890735220109406
12.574532985687256,-20.899868371582937,-15.0,0.6365215525031089,0.16649431716999968,5.8998683715829365
12.594420433044434,-20.90900546144905,-15.0,0.6620956741273403,0.20991820078692397,5.909005461449048
12.615724563598633,-20.920220827897033,-15.0,0.6904113691300153,0.13991820078692396,5.920220827897033
12.63544225692749,-20.941849537121897,-15.0,0.6904113691300153,0.13991820078692396,5.941849537121897
12.655200719833374,-20.99330460890592,-15.0,0.6904113691300153,0.13991820078692396,5.99330460890592
12.67548155784607,-21.089600224247157,-15.0,0.6603887051343917,0.20991820078692397,6.089600224247157
12.694668531417847,-21.17320653603023,-15.0,0.6603887051343917,0.20991820078692397,6.173206536030229
12.714276313781738,-21.305623261810435,-15.0,0.5903887051343917,0.25915617104968985,6.305623261810435
12.734730243682861,-21.482351005453015,-15.0,0.5903887051343917,0.25915617104968985,6.482351005453015
12.754327297210693,-21.69909676231053,-15.0,0.5203887051343916,0.32915617104968986,6.699096762310528
12.774939060211182,-21.94487498065142,-15.0,0.5203887051343916,0.32915617104968986,6.94487498065142
12.794297695159912,-22.204341119595075,-15.0,0.5903887051343917,0.39915617104968987,7.204341119595075
12.81511926651001,-22.46416006963826,-15.0,0.5903887051343917,0.39915617104968987,7.464160069638261
12.834254026412964,-22.717376574540317,-15.0,0.5852889349870383,0.32915617104968986,7.717376574540317
12.85443377494812,-22.95701730812191,-15.0,0.5852889349870383,0.32915617104968986,7.957017308121909
12.874225616455078,-23.171647478280292,-15.0,0.6047874154709278,0.27712297018966636,8.171647478280292
12.8942391872406,-23.357994871780264,-15.0,0.6047874154709278,0.27712297018966636,8.357994871780264
12.914165019989014,-23.494928284953293,-15.0,0.5919331476278602,0.2199821318348404,8.494928284953293
12.934582233428955,-23.556869279768833,-15.0,0.5919331476278602,0.2199821318348404,8.556869279768833
12.954235553741455,-23.55350782001373,-15.0,0.6176449131406843,0.256981014724588,8.553507820013731
12.974211692810059,-23.504877144526088,-15.0,0.6176449131406843,0.256981014724588,8.504877144526088
12.994246244430542,-23.42608501422271,-15.0,0.6203336607385426,0.298450733985519,8.42608501422271
13.01441240310669,-23.328419886038784,-15.0,0.6203336607385426,0.298450733985519,8.328419886038784
13.034229516983032,-23.22021989704363,-15.0,0.6107519039604812,0.25798996862373313,8.22021989704363
13.05485987663269,-23.109870547247905,-15.0,0.6107519039604812,0.25798996862373313,8.109870547247905
13.077636480331421,-23.00093653890398,-15.0,0.6537245506141334,0.21265139382681808,8.000936538903979
13.094331741333008,-22.893540195159453,-15.0,0.6537245506141334,0.21265139382681808,7.893540195159453
13.114322185516357,-22.792358650459327,-15.0,0.6537245506141334,0.21265139382681808,7.792358650459327
13.134436845779419,-22.704510250063166,-15.0,0.7,0.26980096426210365,7.704510250063166
13.154463529586792,-22.62188818828124,-15.0,0.7,0.26980096426210365,7.62188818828124
13.174440145492554,-22.545073734655308,-15.0,0.6439857564866542,0.33020641234121284,7.545073734655308
13.194362878799438,-22.474317568734786,-15.0,0.6439857564866542,0.33020641234121284,7.4743175687347865
13.214481592178345,-22.411950490182956,-15.0,0.7,0.3470187350024935,7.4119504901829565
13.235317945480347,-22.354737637145824,-15.0,0.7,0.3470187350024935,7.354737637145824
13.254268646240234,-22.302612646920444,-15.0,0.7,0.2873744345118757,7.302612646920444
13.274585008621216,-22.25539533518854,-15.0,0.7,0.2873744345118757,7.255395335188538
13.298352241516113,-22.212831208104454,-15.0,0.7,0.26589493032894096,7.212831208104454
13.315195083618164,-22.174620865037703,-15.0,0.7,0.26589493032894096,7.174620865037703
13.335489988327026,-22.140441604655898,-15.0,0.7,0.26589493032894096,7.140441604655898
13.354497194290161,-22.110766298154456,-15.0,0.6299999999999999,0.2928986600448843,7.110766298154456
13.374624490737915,-22.084198187423464,-15.0,0.6299999999999999,0.2928986600448843,7.084198187423464
13.394379377365112,-22.06048847378682,-15.0,0.7,0.2893093160667922,7.060488473786819
13.414345741271973,-22.03938901380262,-15.0,0.7,0.2893093160667922,7.039389013802619
13.434480428695679,-22.020658658935837,-15.0,0.6299999999999999,0.2538004636147525,7.020658658935837
13.454996824264526,-22.004067474620868,-15.0,0.6299999999999999,0.2538004636147525,7.004067474620868
13.477094411849976,-21.989399375196786,-15.0,0.6832067455351352,0.26871863727807066,6.989399375196786
13.49559473991394,-21.97645358909542,-15.0,0.6832067455351352,0.26871863727807066,6.976453589095421
13.515088319778442,-21.965045272930983,-15.0,0.6832067455351352,0.26871863727807066,6.965045272930983
13.535439014434814,-21.955005518249187,-15.0,0.6923432928696274,0.31918233980773947,6.9550055182491874
13.554429054260254,-21.948497284335748,-15.0,0.6923432928696274,0.31918233980773947,6.9484972843357475
13.574659585952759,-21.942846669488997,-15.0,0.6666326859220861,0.24918233980773946,6.942846669488997
13.595324039459229,-21.93970749135472,-15.0,0.6666326859220861,0.24918233980773946,6.939707491354721
13.614542484283447,-21.938395440705698,-15.0,0.7,0.2091853358352091,6.938395440705698
13.635750770568848,-21.938387055997318,-15.0,0.7,0.2091853358352091,6.9383870559973175
13.658534526824951,-21.939284393110103,-15.0,0.7,0.21880959351896306,6.939284393110103
13.674403667449951,-21.94078717764607,-15.0,0.7,0.21880959351896306,6.940787177646069
13.695407152175903,-21.942670888383738,-15.0,0.7,0.21880959351896306,6.942670888383738
13.714316844940186,-21.944769538008103,-15.0,0.6299999999999999,0.28608349343179723,6.944769538008103
13.734632730484009,-21.94696217028785,-15.0,0.6299999999999999,0.28608349343179723,6.946962170287851
13.754445552825928,-21.95147864257369,-15.0,0.6228961880505084,0.2820919682772364,6.95147864257369
13.77458906173706,-21.969071917912053,-15.0,0.6228961880505084,0.2820919682772364,6.9690719179120535
13.796074390411377,-21.984346848738465,-15.0,0.6518966789543628,0.33013581163599154,6.984346848738465
13.814941167831421,-22.010862848784644,-15.0,0.6518966789543628,0.33013581163599154,7.010862848784644
13.834375858306885,-22.044487849102516,-15.0,0.6518966789543628,0.33013581163599154,7.0444878491025165
13.855281591415405,-22.082164438539234,-15.0,0.7,0.26013581163599153,7.082164438539234
13.874631404876709,-22.121662219956175,-15.0,0.7,0.26013581163599153,7.121662219956175
13.89444613456726,-22.15906765775563,-15.0,0.6576995112001895,0.33013581163599154,7.159067657755632
13.915377616882324,-22.194033978296915,-15.0,0.6576995112001895,0.33013581163599154,7.194033978296915
13.934459686279297,-22.226384602073512,-15.0,0.673501356318593,0.30532815731479784,7.226384602073512
13.954416990280151,-22.256065816827075,-15.0,0.673501356318593,0.30532815731479784,7.256065816827075
13.979296445846558,-22.28311066706558,-15.0,0.673501356318593,0.30532815731479784,7.2831106670655785
13.994639873504639,-22.307611585964114,-15.0,0.6994025584310293,0.34338812581612727,7.307611585964114
14.015082597732544,-22.328883909289985,-15.0,0.6994025584310293,0.34338812581612727,7.328883909289985
14.034466028213501,-22.348168995056632,-15.0,0.7,0.2951969136984553,7.348168995056632
14.054798603057861,-22.36556552812839,-15.0,0.7,0.2951969136984553,7.365565528128389
14.074380159378052,-22.381191825685896,-15.0,0.6299999999999999,0.28728400315507313,7.381191825685896
14.09488320350647,-22.395176722895673,-15.0,0.6299999999999999,0.28728400315507313,7.395176722895673
14.114322185516357,-22.4076529650742,-15.0,0.6152202432230114,0.3004031279624905,7.407652965074199
14.134369611740112,-22.418752514962875,-15.0,0.6152202432230114,0.3004031279624905,7.4187525149628755
14.15668272972107,-22.42860331387775,-15.0,0.6852202432230114,0.2675314196886029,7.428603313877751
14.1746187210083,-22.437327138051728,-15.0,0.6852202432230114,0.2675314196886029,7.437327138051728
14.199563980102539,-22.445038272171978,-15.0,0.6852202432230114,0.2675314196886029,7.445038272171978
14.215349197387695,-22.451842785483862,-15.0,0.7,0.28089849888696333,7.451842785483862
14.234472751617432,-22.45775063766871,-15.0,0.7,0.28089849888696333,7.45775063766871
14.255097389221191,-22.462967593605487,-15.0,0.6299999999999999,0.3037714330048766,7.462967593605487
14.275300741195679,-22.46756717421321,-15.0,0.6299999999999999,0.3037714330048766,7.467567174213212
14.294490098953247,-22.47161671654428,-15.0,0.5599999999999998,0.34170145220472475,7.471616716544279
14.315267086029053,-22.47517748779749,-15.0,0.5599999999999998,0.34170145220472475,7.475177487797492
14.334505558013916,-22.47830492447966,-15.0,0.6299999999999999,0.30019486002041956,7.478304924479659
14.354748964309692,-22.481048952189823,-15.0,0.6299999999999999,0.30019486002041956,7.481048952189823
14.374507665634155,-22.483454352974512,-15.0,0.7,0.2808503252954688,7.483454352974512
14.395183563232422,-22.485561156043268,-15.0,0.7,0.2808503252954688,7.485561156043268
14.414391040802002,-22.487405034412557,-15.0,0.7,0.335563865074655,7.487405034412557
14.435494422912598,-22.48900593668922,-15.0,0.7,0.335563865074655,7.489005936689221
14.454538106918335,-22.4904076394434,-15.0,0.65097366720438,0.31312600761069914,7.490407639443401
14.47498345375061,-22.491634040381435,-15.0,0.65097366720438,0.31312600761069914,7.4916340403814345
14.49452519416809,-22.492706358443083,-15.0,0.6103607945144176,0.38312600761069915,7.492706358443083
14.514672994613647,-22.49132704464223,-15.0,0.6103607945144176,0.38312600761069915,7.4913270446422295
14.53446912765503,-22.490597575093283,-15.0,0.671065416932106,0.3185960224212613,7.4905975750932825
14.555514812469482,-22.490338699733453,-15.0,0.671065416932106,0.3185960224212613,7.490338699733453
14.575737953186035,-22.490413512518092,-15.0,0.6167096726596355,0.2932405772001948,7.490413512518092
14.594570398330688,-22.488401778788777,-15.0,0.6167096726596355,0.2932405772001948,7.488401778788777
14.616995334625244,-22.484993789723784,-15.0,0.6167096726596355,0.2932405772001948,7.484993789723784
14.634664058685303,-22.480705806224105,-15.0,0.6502484314143657,0.2232405772001948,7.480705806224105
14.657749891281128,-22.476982869472266,-15.0,0.6711930956691503,0.2932405772001948,7.476982869472266
14.675471067428589,-22.472687256426543,-15.0,0.6711930956691503,0.2932405772001948,7.472687256426543
14.69873046875,-22.468107084062687,-15.0,0.6233062956482172,0.2232405772001948,7.468107084062687
14.71480393409729,-22.463449972322753,-15.0,0.6233062956482172,0.2232405772001948,7.463449972322753
14.738947629928589,-22.461178505767563,-15.0,0.6034258238971233,0.2932405772001948,7.461178505767563
14.754274606704712,-22.46062392591836,-15.0,0.6034258238971233,0.2932405772001948,7.460623925918359
14.779756546020508,-22.461276477860032,-15.0,0.6330703224986791,0.31647740698768756,7.461276477860032
14.794709920883179,-22.46275028197691,-15.0,0.6330703224986791,0.31647740698768756,7.462750281976909
14.819583177566528,-22.464755669827728,-15.0,0.6330703224986791,0.31647740698768756,7.464755669827728
14.835110664367676,-22.46707743355062,-15.0,0.563070322498679,0.314137645981973,7.467077433550621
14.854591846466064,-22.46955775592495,-15.0,0.563070322498679,0.314137645981973,7.469557755924949
14.8742835521698,-22.471711235135977,-15.0,0.6330703224986791,0.38413764598197303,7.471711235135977
14.894326210021973,-22.47395254703406,-15.0,0.6330703224986791,0.38413764598197303,7.4739525470340595
14.91535234451294,-22.47619579626029,-15.0,0.6341012289514765,0.3887222722766455,7.4761957962602885
14.935245037078857,-22.4783812705217,-15.0,0.6341012289514765,0.3887222722766455,7.478381270521702
14.954350471496582,-22.47815266939737,-15.0,0.6390889069763943,0.3187222722766455,7.478152669397371
14.974770545959473,-22.47625332352405,-15.0,0.6390889069763943,0.3187222722766455,7.476253323524048
14.994301557540894,-22.468610871943337,-15.0,0.6257159855915233,0.25853865033364853,7.468610871943337
15.014282703399658,-22.447915395222573,-15.0,0.6257159855915233,0.25853865033364853,7.447915395222573
15.034366607666016,-22.414066273674813,-15.0,0.682508520479314,0.2331682350335177,7.414066273674813
15.055320501327515,-22.36965662983123,-15.0,0.682508520479314,0.2331682350335177,7.36965662983123
15.074398517608643,-22.319082265368817,-15.0,0.7,0.2269830647704657,7.319082265368817
15.095130443572998,-22.26555888864142,-15.0,0.7,0.2269830647704657,7.265558888641419
15.11429214477539,-22.219088526449994,-15.0,0.631343525648117,0.2969830647704657,7.219088526449994
15.134297132492065,-22.173367381813833,-15.0,0.631343525648117,0.2969830647704657,7.173367381813833
15.154341220855713,-22.129371604934963,-15.0,0.7,0.3139734358189162,7.129371604934963
15.17461085319519,-22.09005008683576,-15.0,0.7,0.3139734358189162,7.09005008683576
15.194353818893433,-22.055011531818042,-15.0,0.6601431488990783,0.25325785359716974,7.055011531818042
15.21535062789917,-22.02387127651251,-15.0,0.6601431488990783,0.25325785359716974,7.023871276512509
15.235455513000488,-21.99625940199788,-15.0,0.6212402366101741,0.20174611514783464,6.996259401997879
15.254961252212524,-21.971825979731733,-15.0,0.6212402366101741,0.20174611514783464,6.971825979731733
15.275704622268677,-21.95024418842704,-15.0,0.5797729201614856,0.19871701012714765,6.950244188427039
15.29536747932434,-21.93121186998434,-15.0,0.5797729201614856,0.19871701012714765,6.931211869984342
15.3161461353302,-21.91445196021609,-15.0,0.5766413920093327,0.19575783369480632,6.914451960216091
15.334668636322021,-21.899900578654485,-15.0,0.5766413920093327,0.19575783369480632,6.899900578654485
15.356309175491333,-21.887078245685778,-15.0,0.5838894262444227,0.24614321572124026,6.887078245685778
15.37461805343628,-21.878111155330792,-15.0,0.5838894262444227,0.24614321572124026,6.878111155330792
15.396477699279785,-21.881323560079053,-15.0,0.6351892739068716,0.31609244031249545,6.881323560079053
15.414463520050049,-21.90217633346283,-15.0,0.6351892739068716,0.31609244031249545,6.90217633346283
15.436079978942871,-21.93704853704716,-15.0,0.7,0.38609244031249546,6.937048537047161
15.454478025436401,-21.980739309197478,-15.0,0.7,0.38609244031249546,6.980739309197478
15.474479913711548,-22.02940382079178,-15.0,0.7,0.31609244031249545,7.0294038207917815
15.49481201171875,-22.077924098325788,-15.0,0.7,0.31609244031249545,7.077924098325788
15.514389038085938,-22.125065446945406,-15.0,0.7,0.3102123303466942,7.125065446945406
15.534623861312866,-22.16769026521505,-15.0,0.7,0.3102123303466942,7.16769026521505
15.554839849472046,-22.20469822070005,-15.0,0.6299999999999999,0.32030391731648705,7.204698220700049
15.576921939849854,-22.23586952108378,-15.0,0.6776969592273234,0.3899402473249938,7.235869521083782
15.595081329345703,-22.262165278776987,-15.0,0.6776969592273234,0.3899402473249938,7.262165278776987
15.61682939529419,-22.284381558055962,-15.0,0.6776969592273234,0.3899402473249938,7.284381558055962
15.634423017501831,-22.303178803804244,-15.0,0.6076969592273234,0.3199402473249938,7.303178803804244
15.65880012512207,-22.31910585637516,-15.0,0.6776969592273234,0.29489779913215897,7.31910585637516
15.675240278244019,-22.332619573170817,-15.0,0.6776969592273234,0.29489779913215897,7.332619573170817
15.699310541152954,-22.344100881607684,-15.0,0.6776969592273234,0.29489779913215897,7.344100881607684
15.714270830154419,-22.353867930318938,-15.0,0.6984489551931619,0.364897799132159,7.353867930318938
15.735240936279297,-22.362186878250355,-15.0,0.6984489551931619,0.364897799132159,7.3621868782503554
15.755311489105225,-22.369280758737812,-15.0,0.6969055281905456,0.30852748492150567,7.369280758737812
15.775126218795776,-22.37543984689239,-15.0,0.6969055281905456,0.30852748492150567,7.375439846892391
15.794437170028687,-22.380684250477636,-15.0,0.6269055281905456,0.3007151930721011,7.3806842504776355
15.814501285552979,-22.385155116366697,-15.0,0.6269055281905456,0.3007151930721011,7.385155116366697
15.834497451782227,-22.388970868918495,-15.0,0.5784901430038734,0.2307151930721011,7.388970868918495
15.85451364517212,-22.39223102881699,-15.0,0.5784901430038734,0.2307151930721011,7.39223102881699
15.874479055404663,-22.395019363766487,-15.0,0.5181512062577529,0.2435164509655442,7.395019363766487
15.894514083862305,-22.399722840155196,-15.0,0.5181512062577529,0.2435164509655442,7.399722840155196
15.914552927017212,-22.405632576678116,-15.0,0.5082447857735677,0.3135164509655442,7.405632576678116
15.934640645980835,-22.41222440739949,-15.0,0.5082447857735677,0.3135164509655442,7.4122244073994885
15.954490900039673,-22.419116280400758,-15.0,0.5612289787409825,0.2435164509655442,7.4191162804007575
15.974458456039429,-22.42509998049833,-15.0,0.5612289787409825,0.2435164509655442,7.425099980498331
15.994551658630371,-22.431230123511398,-15.0,0.5534557991800828,0.1735164509655442,7.431230123511398
16.014773845672607,-22.437300423639115,-15.0,0.5534557991800828,0.1735164509655442,7.437300423639115
16.03456401824951,-22.443169175955155,-15.0,0.536386103662662,0.14375437288894316,7.4431691759551555
16.055243492126465,-22.448743266762722,-15.0,0.536386103662662,0.14375437288894316,7.4487432667627225
16.07454228401184,-22.453965786883494,-15.0,0.5043316644756122,0.1475421886926051,7.453965786883494
16.095457315444946,-22.45880647392429,-15.0,0.5043316644756122,0.1475421886926051,7.458806473924291
16.114840984344482,-22.46557071947361,-15.0,0.5743316644756122,0.1744013082270976,7.465570719473611
16.13497257232666,-22.473492760136438,-15.0,0.5743316644756122,0.1744013082270976,7.473492760136438
16.155402183532715,-22.484326546165377,-15.0,0.5084964716760441,0.17959541017538866,7.484326546165377
16.17440414428711,-22.499213598332485,-15.0,0.5084964716760441,0.17959541017538866,7.499213598332485
16.1945698261261,-22.51213891710846,-15.0,0.5004038605792447,0.16863261843449434,7.512138917108459
16.21469235420227,-22.527745714898494,-15.0,0.5004038605792447,0.16863261843449434,7.527745714898494
16.235172986984253,-22.55406909236064,-15.0,0.5568083021743222,0.20608944753534159,7.554069092360638
16.255302906036377,-22.598723986890086,-15.0,0.5568083021743222,0.20608944753534159,7.598723986890086
16.27476477622986,-22.65725106741757,-15.0,0.5365795101923867,0.252232018209761,7.657251067417569
16.294298887252808,-22.72387102180159,-15.0,0.5365795101923867,0.252232018209761,7.723871021801589
16.31431293487549,-22.794356366128188,-15.0,0.5854945126874371,0.2736049511504825,7.794356366128188
16.33432102203369,-22.865668900882593,-15.0,0.5854945126874371,0.2736049511504825,7.865668900882593
16.35431432723999,-22.935676551638835,-15.0,0.6554945126874372,0.28082290320075115,7.935676551638835
16.37517023086548,-23.000616463231054,-15.0,0.6554945126874372,0.28082290320075115,8.000616463231054
16.394259214401245,-23.058008589846292,-15.0,0.5854945126874371,0.35082290320075116,8.058008589846292
16.41507315635681,-23.107837899464215,-15.0,0.5854945126874371,0.35082290320075116,8.107837899464215
16.434309244155884,-23.151908688178143,-15.0,0.5154945126874371,0.3853563666192349,8.151908688178143
16.455031156539917,-23.188501891956857,-15.0,0.5154945126874371,0.3853563666192349,8.188501891956857
16.474493980407715,-23.216620553531524,-15.0,0.44549451268743706,0.34399035198963246,8.216620553531524
16.494542360305786,-23.231162855389808,-15.0,0.44549451268743706,0.34399035198963246,8.231162855389808
16.515869855880737,-23.22662663038965,-15.0,0.4228608185751362,0.27399035198963245,8.22662663038965
16.534717559814453,-23.199692993487666,-15.0,0.4228608185751362,0.27399035198963245,8.199692993487666
16.557214975357056,-23.146330645426957,-15.0,0.43493967283051443,0.20399035198963245,8.146330645426957
16.574758768081665,-23.064436050531228,-15.0,0.43493967283051443,0.20399035198963245,8.064436050531228
16.59849739074707,-22.957932794598797,-15.0,0.46943292919080687,0.13399035198963244,7.957932794598797
16.614832639694214,-22.827878334083856,-15.0,0.46943292919080687,0.13399035198963244,7.827878334083856
16.639363765716553,-22.714961731016725,-15.0,0.46943292919080687,0.13399035198963244,7.714961731016725
16.654253244400024,-22.58222346552203,-15.0,0.5394329291908069,0.13501983293681402,7.582223465522031
16.67497491836548,-22.441532112283614,-15.0,0.5394329291908069,0.13501983293681402,7.441532112283614
16.694329977035522,-22.29902460564754,-15.0,0.46943292919080687,0.1514832635351922,7.2990246056475385
16.7144718170166,-22.161327752693904,-15.0,0.46943292919080687,0.1514832635351922,7.161327752693904
16.735229015350342,-22.032917619633896,-15.0,0.533016087147407,0.2214832635351922,7.032917619633896
16.755303859710693,-21.916658443922525,-15.0,0.533016087147407,0.2214832635351922,6.916658443922525
16.774498224258423,-21.814219431638527,-15.0,0.5521733794687314,0.2524594900885131,6.814219431638527
16.794966459274292,-21.737977492131375,-15.0,0.5521733794687314,0.2524594900885131,6.737977492131375
16.8150315284729,-21.695838963287052,-15.0,0.6221733794687314,0.2522598385682795,6.695838963287052
16.835245847702026,-21.678498552364626,-15.0,0.6221733794687314,0.2522598385682795,6.678498552364626
16.85551142692566,-21.663443164880068,-15.0,0.5690307238278909,0.19589914678246712,6.663443164880068
16.874925136566162,-21.665767961618037,-15.0,0.5690307238278909,0.19589914678246712,6.665767961618037
16.894346237182617,-21.68010342432831,-15.0,0.5460946050612254,0.16741049400181507,6.680103424328308
16.914311408996582,-21.700087102832946,-15.0,0.5460946050612254,0.16741049400181507,6.700087102832946
16.934327125549316,-21.721150905656323,-15.0,0.5563997210143132,0.2266780037304852,6.721150905656323
16.954524755477905,-21.742409807402495,-15.0,0.5563997210143132,0.2266780037304852,6.742409807402495
16.974304914474487,-21.763243944944445,-15.0,0.5661519526643677,0.2966780037304852,6.7632439449444455
16.995115041732788,-21.783233968103474,-15.0,0.5661519526643677,0.2966780037304852,6.783233968103474
17.01440405845642,-21.80211085099912,-15.0,0.5790805894089861,0.3350703761598561,6.802110850999121
17.03531312942505,-21.822033418298545,-15.0,0.5790805894089861,0.3350703761598561,6.822033418298545
17.054356813430786,-21.842157240370973,-15.0,0.5794555242778732,0.34735736797214484,6.842157240370973
17.074485301971436,-21.859574140792297,-15.0,0.5794555242778732,0.34735736797214484,6.859574140792297
17.094395875930786,-21.874695938412675,-15.0,0.5400872375490142,0.27735736797214483,6.874695938412675
17.114543437957764,-21.88778097663448,-15.0,0.5400872375490142,0.27735736797214483,6.887780976634481
17.134926319122314,-21.896790118771364,-15.0,0.5408310291264204,0.29589235613704656,6.896790118771364
17.156582832336426,-21.902730788289585,-15.0,0.5171024815086274,0.2546424215531442,6.902730788289585
17.17475128173828,-21.90638359107832,-15.0,0.5171024815086274,0.2546424215531442,6.9063835910783204
17.196258068084717,-21.90835101719241,-15.0,0.5171024815086274,0.2546424215531442,6.908351017192409
17.21504831314087,-21.909095962353366,-15.0,0.5240379461925475,0.21599704230786299,6.909095962353366
17.234507083892822,-21.90897216322381,-15.0,0.46686607244424505,0.19882668944657778,6.908972163223812
17.254493951797485,-21.90824821402867,-15.0,0.46686607244424505,0.19882668944657778,6.908248214028671
17.274466276168823,-21.90712649195005,-15.0,0.49900981056503935,0.2688266894465778,6.907126491950049
17.294775009155273,-21.905758047479186,-15.0,0.49900981056503935,0.2688266894465778,6.9057580474791855
17.31447672843933,-21.90456992905154,-15.0,0.5018272748589514,0.33437853666604495,6.90456992905154
17.334800481796265,-21.90322274491993,-15.0,0.5018272748589514,0.33437853666604495,6.90322274491993
17.354466676712036,-21.90411692984288,-15.0,0.5319233289360998,0.26437853666604494,6.904116929842878
17.37521982192993,-21.90654435968762,-15.0,0.5319233289360998,0.26437853666604494,6.906544359687619
17.394468784332275,-21.909972776786056,-15.0,0.5542996222525833,0.28512677567661737,6.909972776786056
17.41469955444336,-21.914006104468164,-15.0,0.5542996222525833,0.28512677567661737,6.914006104468164
17.43452763557434,-21.918353293278003,-15.0,0.6242996222525834,0.21512677567661737,6.9183532932780025
17.455318689346313,-21.920487566099936,-15.0,0.6242996222525834,0.21512677567661737,6.920487566099936
17.474494695663452,-21.921028542261094,-15.0,0.576962947025895,0.25242466526688073,6.921028542261094
17.49452495574951,-21.92044858838126,-15.0,0.576962947025895,0.25242466526688073,6.920448588381259
17.514280796051025,-21.91994505761586,-15.0,0.5402315511554479,0.18242466526688073,6.919945057615859
17.53420925140381,-21.9186681647938,-15.0,0.5402315511554479,0.18242466526688073,6.9186681647938
17.55443024635315,-21.91688776220044,-15.0,0.5370186018943786,0.17544140371144745,6.916887762200439
17.574999570846558,-21.914804553897344,-15.0,0.5370186018943786,0.17544140371144745,6.914804553897344
17.594518899917603,-21.912565925409197,-15.0,0.6070186018943786,0.23062789517105553,6.912565925409197
17.61439538002014,-21.912594692002997,-15.0,0.6070186018943786,0.23062789517105553,6.9125946920029975
17.634465217590332,-21.914197588695867,-15.0,0.5540353327989578,0.23981212715269062,6.914197588695867
17.654568433761597,-21.919167949254017,-15.0,0.5540353327989578,0.23981212715269062,6.9191679492540175
17.674484491348267,-21.926346290970336,-15.0,0.5855494894087314,0.25570513943792317,6.926346290970336
17.695016860961914,-21.93950176491285,-15.0,0.5855494894087314,0.25570513943792317,6.939501764912851
17.71437978744507,-21.956462126779048,-15.0,0.5523034453392028,0.24667020777822468,6.956462126779048
17.735267639160156,-21.971187545969883,-15.0,0.5523034453392028,0.24667020777822468,6.971187545969883
17.754414081573486,-21.98840328568046,-15.0,0.5478555744513869,0.17667020777822467,6.988403285680459
17.774813175201416,-22.006895034284916,-15.0,0.5478555744513869,0.17667020777822467,7.006895034284916
17.794415712356567,-22.025785725619297,-15.0,0.4778555744513869,0.14995836387039158,7.025785725619297
17.815003633499146,-22.042139304517278,-15.0,0.4778555744513869,0.14995836387039158,7.042139304517278
17.83448338508606,-22.05861600603074,-15.0,0.40785557445138687,0.21541942576528522,7.058616006030739
17.85448431968689,-22.074743984384916,-15.0,0.40785557445138687,0.21541942576528522,7.0747439843849165
17.875863075256348,-22.09020469530288,-15.0,0.4778555744513869,0.2721684045589063,7.09020469530288
17.89455795288086,-22.104794469927768,-15.0,0.4778555744513869,0.2721684045589063,7.104794469927768
17.916908979415894,-22.118394797291902,-15.0,0.48344606265425677,0.2666642103774938,7.118394797291902
17.934547901153564,-22.130949438774433,-15.0,0.48344606265425677,0.2666642103774938,7.130949438774433
17.95842719078064,-22.141849699044784,-15.0,0.48344606265425677,0.2666642103774938,7.1418496990447835
17.97488760948181,-22.151910775334073,-15.0,0.5147170285880565,0.275862578904489,7.151910775334073
17.999608278274536,-22.16112381226048,-15.0,0.5147170285880565,0.275862578904489,7.161123812260481
18.015153408050537,-22.169505009036445,-15.0,0.561439097970724,0.2702557273639831,7.169505009036445
18.035224199295044,-22.17708754037662,-15.0,0.561439097970724,0.2702557273639831,7.177087540376618
18.054868936538696,-22.18159914944695,-15.0,0.491439097970724,0.25793034550384614,7.181599149446949
18.074357271194458,-22.183858853044317,-15.0,0.491439097970724,0.25793034550384614,7.183858853044317
18.0948326587677,-22.1821785248489,-15.0,0.4810659721866249,0.18928364631370637,7.182178524848901
18.114450216293335,-22.177805812567517,-15.0,0.4810659721866249,0.18928364631370637,7.177805812567517
18.134490489959717,-22.17167826537113,-15.0,0.5231464304402469,0.20923973959521386,7.171678265371131
18.154401302337646,-22.164493335049087,-15.0,0.5231464304402469,0.20923973959521386,7.164493335049087
18.17444157600403,-22.158255195103504,-15.0,0.4531464304402469,0.198476347742835,7.158255195103504
18.194417238235474,-22.151347212813526,-15.0,0.4531464304402469,0.198476347742835,7.151347212813526
18.21439027786255,-22.146472378366806,-15.0,0.46839060798287374,0.128476347742835,7.146472378366806
18.23505210876465,-22.143138204357005,-15.0,0.46839060798287374,0.128476347742835,7.143138204357005
18.25426173210144,-22.140962014730018,-15.0,0.39839060798287373,0.09596557912067505,7.140962014730018
18.275110244750977,-22.141963839718322,-15.0,0.39839060798287373,0.09596557912067505,7.141963839718322
18.295056343078613,-22.145146648457544,-15.0,0.4217719324678181,0.08836712452233764,7.145146648457544
18.315109491348267,-22.15207679131532,-15.0,0.4217719324678181,0.08836712452233764,7.15207679131532
18.33735418319702,-22.161427115918922,-15.0,0.3840451464802025,0.14891792597831222,7.161427115918922
18.354962825775146,-22.174528372660674,-15.0,0.3840451464802025,0.14891792597831222,7.174528372660674
18.379394054412842,-22.20147141163224,-15.0,0.3840451464802025,0.14891792597831222,7.201471411632241
18.39511275291443,-22.224864045955808,-15.0,0.3930862807482479,0.10571736978949042,7.224864045955808
18.415079832077026,-22.269210423440555,-15.0,0.3930862807482479,0.10571736978949042,7.269210423440555
18.43480658531189,-22.333891160940233,-15.0,0.3230862807482479,0.03936965155065986,7.333891160940233
18.45510721206665,-22.41099109289561,-15.0,0.3230862807482479,0.03936965155065986,7.41099109289561
18.474499940872192,-22.494685193698423,-15.0,0.3930862807482479,0.10936965155065986,7.494685193698423
18.495044469833374,-22.583070074050973,-15.0,0.3930862807482479,0.10936965155065986,7.583070074050973
18.514206647872925,-22.674700052009314,-15.0,0.441145014092326,0.10153864989639255,7.674700052009314
18.53468132019043,-22.768485460991815,-15.0,0.441145014092326,0.10153864989639255,7.7684854609918155
18.554439067840576,-22.86361263376549,-15.0,0.3930664845556019,0.10616365461261007,7.8636126337654915
18.57447338104248,-22.964113747124017,-15.0,0.3930664845556019,0.10616365461261007,7.964113747124017
18.59428834915161,-23.074964190589277,-15.0,0.44991379238665086,0.047654423998901574,8.074964190589277
18.61445164680481,-23.17120737575204,-15.0,0.44991379238665086,0.047654423998901574,8.17120737575204
18.63430619239807,-23.27827511122956,-15.0,0.37991379238665085,0.11765442399890158,8.278275111229561
18.6549870967865,-23.394672304839762,-15.0,0.37991379238665085,0.11765442399890158,8.394672304839762
18.675644636154175,-23.5214309660257,-15.0,0.30991379238665084,0.17774212716729376,8.5214309660257
18.69429039955139,-23.665943877220247,-15.0,0.30991379238665084,0.17774212716729376,8.665943877220247
18.7169349193573,-23.835194357098764,-15.0,0.3387496329098938,0.10774212716729376,8.835194357098764
18.734740018844604,-24.033380926120014,-15.0,0.3387496329098938,0.10774212716729376,9.033380926120014
18.759220838546753,-24.25570814260089,-15.0,0.3387496329098938,0.10774212716729376,9.255708142600891
18.77475094795227,-24.486627221999413,-15.0,0.36912300132215004,0.07940411022515032,9.486627221999413
18.79485583305359,-24.71511184530627,-15.0,0.36912300132215004,0.07940411022515032,9.715111845306271
18.814420700073242,-24.935883855093927,-15.0,0.32840384609997253,0.07908896958339023,9.935883855093927
18.834413766860962,-25.145480411643202,-15.0,0.32840384609997253,0.07908896958339023,10.145480411643202
18.85530924797058,-25.327457493293494,-15.0,0.31680244460701923,0.05721799140679645,10.327457493293494
18.874731063842773,-25.502104318621605,-15.0,0.31680244460701923,0.05721799140679645,10.502104318621605
18.894176721572876,-25.664740544787545,-15.0,0.3640635448694227,0.019333636815426825,10.664740544787545
18.915228366851807,-25.81474818342156,-15.0,0.3640635448694227,0.019333636815426825,10.81474818342156
18.934227466583252,-25.952030816981864,-15.0,0.4340635448694227,0.08933363681542683,10.952030816981864
18.954294681549072,-26.07685684188809,-15.0,0.4340635448694227,0.08933363681542683,11.076856841888091
18.97478485107422,-26.19205732172127,-15.0,0.3722574844956396,0.019333636815426825,11.192057321721268
18.994202613830566,-26.297535989960213,-15.0,0.3722574844956396,0.019333636815426825,11.297535989960213
19.017964601516724,-26.395798547159604,-15.0,0.4422574844956396,0.08933363681542683,11.395798547159604
19.034626245498657,-26.48645923563117,-15.0,0.4422574844956396,0.08933363681542683,11.48645923563117
19.05419135093689,-26.56517316003948,-15.0,0.4422574844956396,0.08933363681542683,11.565173160039478
19.075196981430054,-26.637791900911772,-15.0,0.3722574844956396,0.15933363681542684,11.637791900911772
19.09522294998169,-26.706579535497006,-15.0,0.3722574844956396,0.15933363681542684,11.706579535497006
19.114853143692017,-26.77089326784795,-15.0,0.3782688308507202,0.08933363681542683,11.77089326784795
19.134963750839233,-26.830404533700463,-15.0,0.3782688308507202,0.08933363681542683,11.830404533700463
19.15440583229065,-26.894277079579304,-15.0,0.440287873521447,0.15767961567151356,11.894277079579304
19.174363136291504,-26.959495531031585,-15.0,0.440287873521447,0.15767961567151356,11.959495531031585
19.19425344467163,-27.021613648705824,-15.0,0.47006902508437615,0.1697147927607875,12.021613648705824
19.215540647506714,-27.077624870751084,-15.0,0.47006902508437615,0.1697147927607875,12.077624870751084
19.234381198883057,-27.12791819282889,-15.0,0.40006902508437614,0.16017209006357003,12.12791819282889
19.255203247070312,-27.170598150273133,-15.0,0.40006902508437614,0.16017209006357003,12.170598150273133
19.27436065673828,-27.20765397899729,-15.0,0.42507275074720363,0.15332524724188257,12.207653978997289
19.29550790786743,-27.236721656425118,-15.0,0.42507275074720363,0.15332524724188257,12.236721656425118
19.314560651779175,-27.25715849669628,-15.0,0.43297642443329076,0.12307216845336366,12.257158496696281
19.335431337356567,-27.26874556758908,-15.0,0.43297642443329076,0.12307216845336366,12.268745567589079
19.354413986206055,-27.271564037799667,-15.0,0.40637576553970556,0.053072168453363655,12.271564037799667
19.375247716903687,-27.270534077223214,-15.0,0.40637576553970556,0.053072168453363655,12.270534077223214
19.395227909088135,-27.266858216456797,-15.0,0.37445459116250257,0.12307216845336366,12.266858216456797
19.415077924728394,-27.26144144213197,-15.0,0.37445459116250257,0.12307216845336366,12.261441442131972
19.436519384384155,-27.254958221839747,-15.0,0.4444545911625026,0.18950638048234392,12.254958221839747
19.45414900779724,-27.247905133636294,-15.0,0.4444545911625026,0.18950638048234392,12.247905133636294
19.477563858032227,-27.242958457811298,-15.0,0.37445459116250257,0.2035557121399324,12.242958457811298
19.4949152469635,-27.238663627565405,-15.0,0.37445459116250257,0.2035557121399324,12.238663627565405
19.517714262008667,-27.23587634263541,-15.0,0.43966323483735303,0.14448711801203895,12.235876342635411
19.53499722480774,-27.234209627769793,-15.0,0.43966323483735303,0.14448711801203895,12.234209627769793
19.55802321434021,-27.233365165028907,-15.0,0.4357013806886969,0.12482738833758045,12.233365165028907
19.575355529785156,-27.233114078244068,-15.0,0.4357013806886969,0.12482738833758045,12.233114078244068
19.598536491394043,-27.23096540806433,-15.0,0.4131025497056542,0.1560031693789642,12.230965408064328
19.614626169204712,-27.218289949241427,-15.0,0.4131025497056542,0.1560031693789642,12.218289949241427
19.638797283172607,-27.194004153291477,-15.0,0.4101651697140185,0.2260031693789642,12.194004153291477
19.654905557632446,-27.162294094017852,-15.0,0.4101651697140185,0.2260031693789642,12.162294094017852
19.679371118545532,-27.12626300201299,-15.0,0.4101651697140185,0.2260031693789642,12.12626300201299
19.694747924804688,-27.088180200859107,-15.0,0.4608009322267024,0.17226407986017872,12.088180200859107
19.719422340393066,-27.055115740597216,-15.0,0.4608009322267024,0.17226407986017872,12.055115740597216
19.735096216201782,-27.02096858229585,-15.0,0.39080093222670237,0.13119008328649212,12.02096858229585
19.754337310791016,-26.98696934785926,-15.0,0.39080093222670237,0.13119008328649212,11.986969347859262
19.77430248260498,-26.947019860402474,-15.0,0.35964334736578146,0.20119008328649213,11.947019860402474
19.794416904449463,-26.899357612003516,-15.0,0.35964334736578146,0.20119008328649213,11.899357612003516
19.814779043197632,-26.847594364324458,-15.0,0.33094789440743605,0.13555963989230801,11.847594364324458
19.834425687789917,-26.794346857715745,-15.0,0.33094789440743605,0.13555963989230801,11.794346857715745
19.85477042198181,-26.741471746288436,-15.0,0.26094789440743604,0.11521991621586491,11.741471746288436
19.874290943145752,-26.690248811208566,-15.0,0.26094789440743604,0.11521991621586491,11.690248811208566
19.89463758468628,-26.632258028153576,-15.0,0.22724998007528463,0.04521991621586491,11.632258028153576
19.914218425750732,-26.55488033471313,-15.0,0.29724998007528464,0.0,11.554880334713129
19.934293746948242,-26.487699045721808,-15.0,0.29724998007528464,0.0,11.487699045721808
19.95435357093811,-26.393849554881157,-15.0,0.28560524879954735,0.0,11.393849554881157
19.97451376914978,-26.28395024642712,-15.0,0.28560524879954735,0.0,11.283950246427121
19.99433994293213,-26.168115781516974,-15.0,0.2741553222667424,0.07,11.168115781516974
20.014566659927368,-26.053528026213606,-14.999999826171804,0.2741553222667424,0.07,11.053528200041802
20.0347683429718,-25.94745885528397,-14.999988916731494,0.28318214303813855,0.07017742220370565,10.947469938552475
20.054805994033813,-25.85241831612374,-14.999988916731494,0.28318214303813855,0.07017742220370565,10.852429399392244
20.074443340301514,-25.772175528185272,-14.999911777995766,0.2612008813675491,0.0001774222037056461,10.772263750189506
20.094901084899902,-25.704325758729947,-14.999911777995766,0.2612008813675491,0.0001774222037056461,10.70441398073418
20.115002632141113,-25.64687211078477,-14.999771521170667,0.1912008813675491,0.0,10.647100589614103
20.134424924850464,-25.600469938207887,-14.99953074373647,0.1594143799599258,0.0,10.600939194471417
20.155162811279297,-25.56018238727291,-14.999423563075993,0.1594143799599258,0.0,10.560758824196917
20.174328804016113,-25.527988148105468,-14.999007684612893,0.2294143799599258,0.0,10.528980463492575
20.19446873664856,-25.504580188701954,-14.998834415494954,0.2294143799599258,0.0,10.505745773207
20.215020656585693,-25.487891921513928,-14.998197391902572,0.2807147156354038,0.04471789300441742,10.489694529611356
20.23443603515625,-25.478627186593503,-14.998197391902572,0.2807147156354038,0.04471789300441742,10.48042979469093
20.254337787628174,-25.474762862974803,-14.997039608238286,0.28063299208675724,0.11471789300441743,10.477723254736517
20.274350881576538,-25.474751403171485,-14.997039608238286,0.28063299208675724,0.11471789300441743,10.4777117949332
20.29467463493347,-25.477416369176304,-14.995475364946765,0.30116177610849243,0.18471789300441743,10.481941004229538
20.314393997192383,-25.479553745176258,-14.995475364946765,0.30116177610849243,0.18471789300441743,10.484078380229493
20.334766387939453,-25.48358468525318,-14.994000692001055,0.23116177610849242,0.11471789300441743,10.489583993252126
20.354291200637817,-25.486508274789767,-14.99224104146789,0.2689768030474077,0.04471789300441742,10.494267233321876
20.374988079071045,-25.489046609868215,-14.991587095259831,0.2689768030474077,0.04471789300441742,10.497459514608384
20.394468545913696,-25.486156820579396,-14.98941103767339,0.284319104736496,0.0,10.496745782906006
20.415104627609253,-25.479572922450455,-14.988611446995478,0.284319104736496,0.0,10.490961475454977
20.434362649917603,-25.465963990400844,-14.985978203490662,0.3183939364904652,0.021510744467377663,10.479985786910182
20.45506978034973,-25.445517921179352,-14.985019531639683,0.3183939364904652,0.021510744467377663,10.46049838953967
20.474379301071167,-25.420861764297527,-14.981889258909728,0.2600353975946198,0.03656294383108616,10.438972505387799
20.494274854660034,-25.39624752141867,-14.981889258909728,0.2600353975946198,0.03656294383108616,10.41435826250894
20.514376640319824,-25.376943793110115,-14.977092163521457,0.1900353975946198,0.0,10.399851629588658
20.53440523147583,-25.361837391977307,-14.977092163521457,0.1900353975946198,0.0,10.38474522845585
20.55483913421631,-25.354677195903196,-14.97153610759154,0.2600353975946198,0.05090471729636192,10.383141088311657
20.574892282485962,-25.362490376859093,-14.97153610759154,0.2600353975946198,0.05090471729636192,10.390954269267553
20.594772338867188,-25.38976324917835,-14.965171503134485,0.3300353975946198,0.12090471729636193,10.424591746043866
20.614566802978516,-25.41344225323543,-14.965171503134485,0.3300353975946198,0.12090471729636193,10.448270750100946
20.634910583496094,-25.455025080586477,-14.957949974987589,0.3116852061802636,0.1616050486266613,10.497075105598888
20.654158115386963,-25.50794764213266,-14.957949974987589,0.3116852061802636,0.1616050486266613,10.549997667145071
20.675270318984985,-25.567351792588223,-14.949824351884915,0.3816852061802636,0.0994356755912304,10.617527440703308
20.694320917129517,-25.62969233774893,-14.949824351884915,0.3816852061802636,0.0994356755912304,10.679867985864016
20.714085578918457,-25.690113118663167,-14.943109119951714,0.4516852061802636,0.1694356755912304,10.747003998711453
20.734986782073975,-25.745291737565346,-14.94074865753129,0.4516852061802636,0.1694356755912304,10.804543080034057
20.754154920578003,-25.79305867862642,-14.933291414031794,0.467815767189313,0.16820095233619214,10.859767264594625
20.774606943130493,-25.832102372601938,-14.930678101676264,0.467815767189313,0.16820095233619214,10.901424270925673
20.79417324066162,-25.861741729418867,-14.92244602689494,0.5373570128882419,0.23820095233619215,10.939295702523927
20.81483817100525,-25.88747537573604,-14.919569071188112,0.5373570128882419,0.23820095233619215,10.96790630454793
20.834266424179077,-25.90177778821112,-14.910530222390765,0.60028211321478,0.26243489146232607,10.991247565820355
20.855133771896362,-25.905447002780818,-14.907379121127804,0.60028211321478,0.26243489146232607,10.998067881653014
20.874215126037598,-25.89931755638629,-14.897502425867055,0.67028211321478,0.2793846680223942,11.001815130519235
20.894136667251587,-25.88654369280361,-14.894066965822983,0.67028211321478,0.2793846680223942,10.992476726980627
20.914151191711426,-25.86717505284015,-14.879592469941958,0.7,0.22429153233766558,10.987582582898192
20.934173107147217,-25.83910357257569,-14.875787635704587,0.7,0.22429153233766558,10.963315936871105
20.954686164855957,-25.80572709067651,-14.863916639567677,0.7,0.24139516897499563,10.941810451108832
20.975085020065308,-25.767229144037707,-14.859805511817092,0.7,0.24139516897499563,10.907423632220615
20.99680733680725,-25.723872189452987,-14.847001613271711,0.7,0.30015208296477797,10.876870576181275
21.014665126800537,-25.678282930995984,-14.842574902556134,0.7,0.30015208296477797,10.83570802843985
21.038665056228638,-25.638701172854574,-14.842574902556134,0.7,0.30015208296477797,10.79612627029844
21.055351972579956,-25.60029511312534,-14.824059349551847,0.7,0.268026971295476,10.776235763573494
21.07961869239807,-25.563717858122683,-14.824059349551847,0.7,0.268026971295476,10.739658508570836
21.094989776611328,-25.527058496669575,-14.799054213984277,0.7,0.19802697129547597,10.728004282685298
21.114476442337036,-25.493624607343694,-14.799054213984277,0.7,0.19802697129547597,10.694570393359417
21.135091066360474,-25.460995866335598,-14.777519984105252,0.6299999999999999,0.25313981004059316,10.683475882230345
21.154563188552856,-25.42978629259094,-14.777519984105252,0.6299999999999999,0.25313981004059316,10.652266308485688
21.174984216690063,-25.40038496964749,-14.754589957094435,0.6074028845131396,0.2774597903341055,10.645795012553055
21.194933891296387,-25.37533083914065,-14.754589957094435,0.6074028845131396,0.2774597903341055,10.620740882046213
21.214324474334717,-25.351640134267395,-14.736457279435538,0.5407647649943828,0.3474597903341055,10.615182854831858
21.234688997268677,-25.331837152244265,-14.730232340658237,0.5407647649943828,0.3474597903341055,10.601604811586029
21.25446891784668,-25.31464369765764,-14.71100875393379,0.5382707387860863,0.2774597903341055,10.60363494372385
21.274474143981934,-25.298012267571835,-14.704416416972567,0.5382707387860863,0.2774597903341055,10.593595850599268
21.29430627822876,-25.28452587635975,-14.684079582565555,0.5352041384857147,0.32953959830105306,10.600446293794196
21.314948558807373,-25.271263051908537,-14.677112533756818,0.5352041384857147,0.32953959830105306,10.59415051815172
21.334251880645752,-25.258505052882434,-14.65564090635014,0.5411181639600544,0.3227247953042388,10.602864146532294
21.354307889938354,-25.24643393142353,-14.648292095347847,0.5411181639600544,0.3227247953042388,10.598141836075685
21.374229669570923,-25.232841686716583,-14.625664916229796,0.5115790910739451,0.25953269597142936,10.607176770486786
21.394896745681763,-25.204653033237815,-14.617927553773955,0.5115790910739451,0.25953269597142936,10.58672547946386
21.414414167404175,-25.148538124245622,-14.59412484414371,0.44364548695273687,0.2126755214855075,10.554413280101912
21.434411764144897,-25.060606998790867,-14.58599239982887,0.44364548695273687,0.2126755214855075,10.474614598961997
21.454352617263794,-24.950578019569786,-14.560994954101977,0.4563924990314989,0.2826755214855075,10.389583065467809
21.475056409835815,-24.855048050636803,-14.552461154145723,0.4563924990314989,0.2826755214855075,10.30258689649108
21.494358777999878,-24.74515854772284,-14.526250533259589,0.42484374565072347,0.3005715087428689,10.218908014463253
21.514329433441162,-24.625874971684212,-14.508265428593628,0.42484374565072347,0.3005715087428689,10.117609543090584
21.5344455242157,-24.50089381423181,-14.480513565738713,0.4948437456507235,0.3705715087428689,10.020380248493096
21.554829359054565,-24.37524909338607,-14.47105509112894,0.4948437456507235,0.3705715087428689,9.90419400225713
21.57441473007202,-24.25013847958153,-14.442051333143986,0.5648437456507235,0.3005715087428689,9.808087146437543
21.594398498535156,-24.11711438258661,-14.432172858432985,0.5648437456507235,0.3005715087428689,9.684941524153626
21.614478826522827,-23.977466874849497,-14.401901211217439,0.5697294722590595,0.26404064524918797,9.575565663632059
21.634417295455933,-23.836899270894246,-14.391597528375478,0.5697294722590595,0.26404064524918797,9.445301742518769
21.654542446136475,-23.6924481861323,-14.36004273589896,0.5851659045834093,0.334040645249188,9.33240545023334
21.674750328063965,-23.535208616108395,-14.349308881803951,0.5851659045834093,0.334040645249188,9.185899734304444
21.694609880447388,-23.398689206896783,-14.316456419411734,0.5891521645057946,0.2833659199252725,9.082232787485049
21.71501135826111,-23.250068113967107,-14.305287673617721,0.5891521645057946,0.2833659199252725,8.944780440349385
21.734490156173706,-23.09695832153198,-14.271123741336226,0.5700860169995575,0.34582053843885663,8.825834580195753
21.754597902297974,-22.94476595859965,-14.259515623841882,0.5700860169995575,0.34582053843885663,8.685250334757768
21.774424076080322,-22.797221837797043,-14.224027139684155,0.5195694563258438,0.2758205384388566,8.573194698112887
21.794917106628418,-22.656794804616563,-14.211975408701274,0.5195694563258438,0.2758205384388566,8.444819395915289
21.814431190490723,-22.527328448805516,-14.175150001972481,0.5361619458813219,0.24629536647349598,8.352178446833035
21.83502745628357,-22.408887236992264,-14.16265065169448,0.5361619458813219,0.24629536647349598,8.246236585297783
21.85438084602356,-22.301225379936206,-14.124476656297384,0.6061619458813219,0.2611426776647568,8.176748723638822
21.875261306762695,-22.20388806849275,-14.111525914667794,0.6061619458813219,0.2611426776647568,8.092362153824954
21.894345998764038,-22.116287298830244,-14.071992362408245,0.676161945881322,0.21108144059777262,8.044294936421998
21.915117502212524,-22.0402300740554,-14.071992362408245,0.676161945881322,0.21108144059777262,7.968237711647156
21.93518352508545,-21.97172322509055,-14.017683302781627,0.7,0.2727345368266106,7.954039922308922
21.954676389694214,-21.91026621009061,-14.017683302781627,0.7,0.2727345368266106,7.892582907308984
21.975366353988647,-21.857641912947127,-13.975746209045933,0.6299999999999999,0.2793375924602151,7.881895703901193
21.994377613067627,-21.814855904570457,-13.932770298362332,0.6021402283757924,0.3134400286152959,7.8820856062081255
22.014418125152588,-21.782347347775644,-13.918213304471568,0.6021402283757924,0.3134400286152959,7.864134043304077
22.034396171569824,-21.75783406722871,-13.87384484758076,0.6721402283757925,0.3394587040320039,7.883989219647951
22.054360151290894,-21.73952019396024,-13.85882232090974,0.6721402283757925,0.3394587040320039,7.880697873050499
22.074416160583496,-21.725994967818078,-13.813053407336854,0.6965811241418123,0.3088414427265525,7.912941560481224
22.09478211402893,-21.716152298129973,-13.797562821566597,0.6965811241418123,0.3088414427265525,7.918589476563376
22.115091562271118,-21.706810514498457,-13.750386201920024,0.6477572496980428,0.3720284011587501,7.956424312578433
22.134983777999878,-21.698699739442514,-13.750386201920024,0.6477572496980428,0.3720284011587501,7.948313537522489
22.154846906661987,-21.69102085625062,-13.685834329253758,0.6338447358459234,0.3967105504497886,8.005186526996862
22.174962282180786,-21.683844332843897,-13.685834329253758,0.6338447358459234,0.3967105504497886,7.998010003590139
22.19504475593567,-21.67720587522217,-13.619389751969603,0.6308111355639994,0.36641049016267063,8.057816123252568
22.21428942680359,-21.671116103407392,-13.619389751969603,0.6308111355639994,0.36641049016267063,8.05172635143779
22.23428964614868,-21.665567933302757,-13.568309879504222,0.6184677260927856,0.43641049016267064,8.097258053798535
22.254372358322144,-21.66054217057778,-13.551045288481149,0.6184677260927856,0.43641049016267064,8.109496882096632
22.27429175376892,-21.65601171523524,-13.498536298218887,0.6079305347986519,0.4697924328222871,8.157475417016354
22.294850826263428,-21.65194469037411,-13.480794604058012,0.6079305347986519,0.4697924328222871,8.171150086316096
22.314284086227417,-21.64830674126182,-13.42685229533079,0.6762403038330376,0.3997924328222871,8.22145444593103
22.33500075340271,-21.645062697527855,-13.408632201899811,0.6762403038330376,0.3997924328222871,8.236430495628044
22.354295015335083,-21.642246135933664,-13.353252996629351,0.6772881014505401,0.3846112508699298,8.288993139304313
22.374533653259277,-21.637415990416457,-13.334553414210156,0.6772881014505401,0.3846112508699298,8.302862576206302
22.394298315048218,-21.628998198810077,-13.277734350213468,0.7,0.4001570586487651,8.35126384859661
22.41471529006958,-21.61599400037774,-13.258554393270618,0.7,0.4001570586487651,8.357439607107121
22.434403896331787,-21.600146897811225,-13.200293117565497,0.6898026045411825,0.3902322044968605,8.399853780245728
22.45513343811035,-21.582742818387555,-13.180632102514725,0.6898026045411825,0.3902322044968605,8.40211071587283
22.474308013916016,-21.564715975980928,-13.120926864625218,0.6757578251883387,0.3202322044968605,8.44378911135571
22.494462490081787,-21.5444153220292,-13.100784307601927,0.6757578251883387,0.3202322044968605,8.443631014427272
22.51429557800293,-21.523070344666277,-13.039633952863838,0.7,0.336712963283062,8.483436391802439
22.534912824630737,-21.503878893399417,-13.019009567491597,0.7,0.336712963283062,8.48486932590782
22.554277658462524,-21.484372679778573,-12.956413530357956,0.6664707854390144,0.3733483882248402,8.527959149420617
22.574234008789062,-21.467436887095673,-12.93530722551699,0.6664707854390144,0.3733483882248402,8.532129661578683
22.594260931015015,-21.450457834977115,-12.871265522863554,0.6331895746290683,0.38958829768002035,8.57919231211356
22.614771604537964,-21.436212564900192,-12.849677400459239,0.6331895746290683,0.38958829768002035,8.586535164440953
22.634400844573975,-21.424241558894952,-12.78419062488997,0.6596506115049123,0.43688621126115323,8.640050934004982
22.654325485229492,-21.41416570678655,-12.76212097762134,0.6596506115049123,0.43688621126115323,8.652044729165212
22.674309730529785,-21.405671739489033,-12.695190290773887,0.7,0.4016474162787199,8.710481448715147
22.694541215896606,-21.398500376021424,-12.672639599902116,0.7,0.4016474162787199,8.725860776119308
22.714266538619995,-21.392436667806336,-12.581235658870213,0.631580439209938,0.46295807637274267,8.811201008936123
22.734325408935547,-21.387302123633056,-12.558084623918655,0.631580439209938,0.46295807637274267,8.829217499714401
22.754276275634766,-21.382948278980983,-12.487912285838075,0.5894478231668472,0.3931592193990946,8.895035993142908
22.77423071861267,-21.37925143804736,-12.464281967992864,0.5894478231668472,0.3931592193990946,8.914969470054494
22.796496391296387,-21.37604174636396,-12.392673342935929,0.5525032587349414,0.36299309074878694,8.983368403428031
22.81442165374756,-21.373321632618904,-12.368564820873885,0.5525032587349414,0.36299309074878694,9.004756811745018
22.83932328224182,-21.371013258435077,-12.368564820873885,0.5525032587349414,0.36299309074878694,9.002448437561192
22.85432004928589,-21.36905170744704,-12.246233457820189,0.5960336968302726,0.3199933761358261,9.12281824962685
22.874194622039795,-21.367382749529607,-12.246233457820189,0.5960336968302726,0.3199933761358261,9.121149291709418
22.895314931869507,-21.363644658155945,-12.146227202511078,0.6660336968302727,0.33162144605070354,9.217417455644867
22.915247440338135,-21.35856790418794,-12.146227202511078,0.6660336968302727,0.33162144605070354,9.212340701676862
22.934377431869507,-21.35269513869773,-12.069977608105361,0.6723914802819491,0.3540365345403552,9.282717530592368
22.95437240600586,-21.3464242552967,-12.044324521108383,0.6723914802819491,0.3540365345403552,9.302099734188317
22.974573850631714,-21.340042115453784,-11.94053245396286,0.6994439200311899,0.3239431440457702,9.399509661490924
22.99507975578308,-21.33375089968169,-11.91429011073306,0.6994439200311899,0.3239431440457702,9.41946078894863
23.017271995544434,-21.328288705525992,-11.834858723149948,0.6814545658230782,0.3939431440457702,9.493429982376044
23.035446166992188,-21.32294622589021,-11.808147249617308,0.6814545658230782,0.3939431440457702,9.514798976272901
23.054423332214355,-21.317827698099745,-11.808147249617308,0.6814545658230782,0.3939431440457702,9.509680448482436
23.074763774871826,-21.312999621133294,-11.672838553113053,0.6114545658230781,0.3239431440457702,9.640161068020241
23.09490394592285,-21.308500529079115,-11.672838553113053,0.6114545658230781,0.3239431440457702,9.635661975966062
23.114360094070435,-21.30434851659821,-11.59025755271802,0.6366419687867164,0.3939431440457702,9.71409096388019
23.13495659828186,-21.30054700464262,-11.562498840486533,0.6366419687867164,0.3939431440457702,9.738048164156087
23.154346704483032,-21.297089131934563,-11.450309731169094,0.6320757919922471,0.4639431440457702,9.846779400765469
23.175131797790527,-21.29396107618894,-11.42197472312703,0.6320757919922471,0.4639431440457702,9.871986353061908
23.194855213165283,-21.291144544426093,-11.336281904537751,0.6023191751912236,0.3939431440457702,9.954862639888342
23.214509963989258,-21.288618620518964,-11.307488960152511,0.6023191751912236,0.3939431440457702,9.981129660366452
23.239280939102173,-21.286425548892893,-11.220426672601082,0.6457316333428025,0.4352588635310531,10.065998876291811
23.2548348903656,-21.284457036818438,-11.191178717677474,0.6457316333428025,0.4352588635310531,10.093278319140964
23.274522066116333,-21.285012727423513,-11.191178717677474,0.6457316333428025,0.4352588635310531,10.09383400974604
23.294463396072388,-21.28730703463159,-11.073056085947762,0.607822267152369,0.3695172202214599,10.214250948683826
23.314696073532104,-21.290748484675923,-11.043243717471125,0.607822267152369,0.3695172202214599,10.247504767204799
23.33441686630249,-21.294896018628673,-10.922873533410035,0.677822267152369,0.33641011830419304,10.372022485218638
23.355109214782715,-21.299424676825915,-10.89250186115924,0.677822267152369,0.33641011830419304,10.406922815666675
23.37707805633545,-21.30409870415721,-10.800720389177918,0.607822267152369,0.3345421891799197,10.50337831497929
23.39438223838806,-21.308750518549676,-10.769905148998472,0.607822267152369,0.3345421891799197,10.538845369551204
23.414363622665405,-21.31326430619556,-10.769905148998472,0.607822267152369,0.3345421891799197,10.543359157197088
23.435009717941284,-21.315246914687137,-10.614178513170172,0.5378222671523689,0.3168119717529044,10.701068401516965
23.455275774002075,-21.31696826599792,-10.614178513170172,0.5378222671523689,0.3168119717529044,10.70278975282775
23.47425103187561,-21.316913685406092,-10.5194305766301,0.5747338702157139,0.3868119717529044,10.797483108775992
23.49494504928589,-21.315627015744322,-10.48763070427165,0.5747338702157139,0.3868119717529044,10.827996311472672
23.51709818840027,-21.313518471174994,-10.359351638026418,0.5047338702157138,0.32896332824137064,10.954166833148577
23.535269737243652,-21.310894638851206,-10.327013231362066,0.5047338702157138,0.32896332824137064,10.98388140748914
23.554391860961914,-21.307982048562074,-10.327013231362066,0.5047338702157138,0.32896332824137064,10.980968817200008
23.575029611587524,-21.304945653650293,-10.163722195543754,0.48057545203715546,0.2799056881060824,11.14122345810654
23.594323873519897,-21.3019032903364,-10.163722195543754,0.48057545203715546,0.2799056881060824,11.138181094792648
23.614399909973145,-21.298936962649147,-10.064477865472632,0.41057545203715545,0.25042389342095706,11.234459097176515
23.635269165039062,-21.2961016250708,-10.031186417936357,0.41057545203715545,0.25042389342095706,11.264915207134443
23.654564142227173,-21.29343199567861,-9.896977960793532,0.4085598893091081,0.3170291558792815,11.396454034885078
23.675045251846313,-21.291114155281438,-9.863166581826151,0.4085598893091081,0.3170291558792815,11.427947573455286
23.699427604675293,-21.288935413537683,-9.863166581826151,0.4085598893091081,0.3170291558792815,11.425768831711531
23.71562957763672,-21.28691070750292,-9.692568399920383,0.4785598893091081,0.24702915587928148,11.594342307582536
23.734293222427368,-21.285046352568802,-9.692568399920383,0.4785598893091081,0.24702915587928148,11.59247795264842
23.754377603530884,-21.278709813078216,-9.554257893808234,0.4085598893091081,0.17702915587928147,11.724451919269981
23.774471759796143,-21.26248493631045,-9.519428316042738,0.4085598893091081,0.17702915587928147,11.743056620267712
23.799432039260864,-21.2398194189379,-9.519428316042738,0.4085598893091081,0.17702915587928147,11.72039110289516
23.81432008743286,-21.21327770597931,-9.343784013439048,0.3854012440517543,0.10702915587928147,11.86949369254026
23.83444619178772,-21.187059515552622,-9.343784013439048,0.3854012440517543,0.10702915587928147,11.843275502113574
23.8544020652771,-21.161757015166845,-9.237211537775469,0.3154012440517543,0.12059145612176508,11.924545477391376
23.874792098999023,-21.140073727952448,-9.201491631567194,0.3154012440517543,0.12059145612176508,11.938582096385254
23.894349098205566,-21.121247744392292,-9.057641881769289,0.32239181416109186,0.15153584820684046,12.063605862623003
23.914300441741943,-21.107446884598573,-9.021438548931346,0.32239181416109186,0.15153584820684046,12.086008335667227
23.93433380126953,-21.0975000975997,-9.021438548931346,0.32239181416109186,0.15153584820684046,12.076061548668353
23.954336643218994,-21.09280876871927,-8.87567158849732,0.25239181416109185,0.18696655151899905,12.217137180221949
23.979518175125122,-21.09420776573055,-8.87567158849732,0.25239181416109185,0.18696655151899905,12.218536177233227
23.99555230140686,-21.10211646155445,-8.691342577577547,0.26899324441328626,0.1896995807113126,12.410773883976901
24.01511836051941,-21.114338233907848,-8.691342577577547,0.26899324441328626,0.1896995807113126,12.4229956563303
24.03437304496765,-21.12923368127813,-8.579630843057467,0.33899324441328627,0.2596995807113126,12.549602838220663
24.054757595062256,-21.147909991129115,-8.542209974067092,0.33899324441328627,0.2596995807113126,12.605700017062023
24.074316263198853,-21.168720201886792,-8.391617847346318,0.33893797745433385,0.1896995807113126,12.777102354540474
24.09543514251709,-21.18814777946534,-8.353744447693,0.33893797745433385,0.1896995807113126,12.83440333177234
24.117188453674316,-21.205015298328643,-8.239589169035735,0.26893797745433384,0.22490246762055904,12.965426129292908
24.13510751724243,-21.21611510971671,-8.201360271074904,0.26893797745433384,0.22490246762055904,13.014754838641807
24.15956425666809,-21.21365085770904,-8.086147338089003,0.2617328660140627,0.15490246762055904,13.127503519620038
24.17467164993286,-21.169401344705303,-8.047568857283853,0.2617328660140627,0.15490246762055904,13.12183248742145
24.19534134864807,-21.067182273481432,-8.047568857283853,0.2617328660140627,0.15490246762055904,13.01961341619758
24.215104818344116,-20.92044361038333,-7.85338714316438,0.3317328660140627,0.08490246762055903,13.06705646721895
24.23494243621826,-20.746649792117807,-7.85338714316438,0.3317328660140627,0.08490246762055903,12.893262648953428
24.25541877746582,-20.558644310294568,-7.6965175248798845,0.32770705515024,0.057447798964567476,12.862126785414684
24.27500295639038,-20.365722549657168,-7.6965175248798845,0.32770705515024,0.057447798964567476,12.669205024777284
24.294382572174072,-20.176786818581018,-7.577992425873677,0.39770705515024,0.09985012229997664,12.59879439270734
24.314278841018677,-19.997915434815134,-7.5383198866761445,0.39770705515024,0.09985012229997664,12.459595548138989
24.33423900604248,-19.842614732626302,-7.378819440046488,0.46596514695760544,0.10799423832911997,12.463795292579814
24.354511976242065,-19.695912651340908,-7.3387437551859485,0.46596514695760544,0.10799423832911997,12.35716889615496
24.374174118041992,-19.565998365835544,-7.218041774724282,0.5359651469576054,0.059467120510525995,12.347956591111261
24.394977807998657,-19.478964608859325,-7.177650827061556,0.5359651469576054,0.059467120510525995,12.30131378179777
24.414331674575806,-19.463386510460914,-7.056012849756915,0.6059651469576055,0.037961092260666185,12.407373660704
24.434712171554565,-19.53491224223872,-7.0153131857131505,0.6059651469576055,0.037961092260666185,12.519599056525568
24.454198837280273,-19.69516606142893,-6.89275898457978,0.5489059669661218,0.023031605822034174,12.802407076849152
24.47447180747986,-19.942937725995872,-6.851757239278438,0.5489059669661218,0.023031605822034174,13.091180486717434
24.49440312385559,-20.28202914624775,-6.728306850090265,0.4789059669661218,0.0,13.553722296157487
24.514332056045532,-20.72193972453974,-6.687009745125605,0.4789059669661218,0.0,14.034929979414136
24.534376859664917,-21.259661437345308,-6.56268345972172,0.4089059669661218,0.0,14.696977977623588
24.554333686828613,-21.72652515709037,-6.521097800927308,0.4089059669661218,0.0,15.205427356163064
24.575610160827637,-22.29355382134198,-6.395916160517441,0.3389059669661218,0.07,15.89763766082454
24.59434485435486,-22.949956336374562,-6.354048835734641,0.3389059669661218,0.07,16.59590750063992
24.616942882537842,-23.676616589043665,-6.228032624204664,0.2689059669661218,0.10692222759127618,17.448583964839003
24.634708881378174,-24.45377256997828,-6.185890601051122,0.2689059669661218,0.10692222759127618,18.267881968927156
24.658987522125244,-25.261734468589268,-6.0590608382685165,0.3346788803624803,0.14633215934038163,19.202673630320753
24.67539143562317,-26.079065196930106,-6.01665116190668,0.3346788803624803,0.14633215934038163,20.062414035023426
24.699576377868652,-26.881362666496006,-6.01665116190668,0.3346788803624803,0.14633215934038163,20.864711504589327
24.715081930160522,-27.652073864220995,-5.803624666841715,0.4046788803624803,0.21633215934038164,21.84844919737928
24.73512601852417,-28.37590114792542,-5.803624666841715,0.4046788803624803,0.21633215934038164,22.572276481083705
24.75421953201294,-29.024923910702796,-5.6750424444306695,0.41898695112642587,0.28633215934038164,23.349881466272127
24.774686098098755,-29.58842204368414,-5.6320566937125776,0.41898695112642587,0.28633215934038164,23.956365349971563
24.794291257858276,-30.052433191915906,-5.502730783456823,0.47634572641429246,0.35633215934038165,24.549702408459083
24.814258575439453,-30.391103049888404,-5.4595007848822235,0.47634572641429246,0.35633215934038165,24.93160226500618
24.83416724205017,-30.596726123734097,-5.329453134885453,0.40634572641429245,0.38860573872923854,25.267272988848646
24.85496425628662,-30.660507717855833,-5.24246127335716,0.40634572641429245,0.38860573872923854,25.41804644449867
24.874223947525024,-30.56617933747186,-5.111542618527739,0.33634572641429245,0.32390719905495646,25.45463671894412
24.895139455795288,-30.30429182805899,-5.067790035175815,0.33634572641429245,0.32390719905495646,25.236501792883175
24.9184672832489,-29.89122877956982,-4.936199747944533,0.40634572641429245,0.39390719905495647,24.955029031625287
24.93436098098755,-29.36783395707296,-4.89222704098108,0.40634572641429245,0.39390719905495647,24.47560691609188
24.955054998397827,-28.765384422449195,-4.89222704098108,0.40634572641429245,0.39390719905495647,23.873157381468115
24.974417686462402,-28.098422696833996,-4.671565193259157,0.3989810794169897,0.33999700322747234,23.426857503574837
24.994707107543945,-27.51934949831339,-4.627276486056779,0.3989810794169897,0.33999700322747234,22.89207301225661
25.019340753555298,-26.873667459196835,-4.627276486056779,0.3989810794169897,0.33999700322747234,22.246390973140056
25.035051107406616,-26.184839016309507,-4.405077533284821,0.4687907844359869,0.2763393990695477,21.779761483024686
25.054750680923462,-25.481879578300447,-4.405077533284821,0.4687907844359869,0.2763393990695477,21.076802045015626
25.074347257614136,-24.787631448999058,-4.271171133187183,0.5387907844359869,0.3463393990695477,20.516460315811877
25.094478845596313,-24.11309816372266,-4.226440725169255,0.5387907844359869,0.3463393990695477,19.886657438553407
25.11436891555786,-23.467719328172574,-4.091971470555476,0.47304256971430725,0.28092294380068783,19.3757478576171
25.13546657562256,-22.859599493347424,-4.047057331600165,0.47304256971430725,0.28092294380068783,18.81254216174726
25.154351949691772,-22.29338596471841,-3.8669585339037376,0.5430425697143073,0.2122349460422993,18.426427430814673
25.175034761428833,-21.771202233447113,-3.821825725365226,0.5430425697143073,0.2122349460422993,17.949376508081887
25.19484043121338,-21.29336283429544,-3.686175708662864,0.4900968440945144,0.2390133254975081,17.607187125632578
25.214280366897583,-20.878490468132753,-3.6408768178610487,0.4900968440945144,0.2390133254975081,17.237613650271705
25.237501859664917,-20.49871476629327,-3.5047404187910285,0.5600968440945144,0.2487570141255856,16.99397434750224
25.254275798797607,-20.155641816832237,-3.4592833645224452,0.5600968440945144,0.2487570141255856,16.69635845230979
25.27932620048523,-19.849419879934082,-3.4592833645224452,0.5600968440945144,0.2487570141255856,16.390136515411637
25.295140743255615,-19.59076247012053,-3.231433591058577,0.6300968440945145,0.29376017123460774,16.359328879061955
25.314876079559326,-19.39743916722385,-3.231433591058577,0.6300968440945145,0.29376017123460774,16.166005576165276
25.334317445755005,-19.273121455856472,-3.0485063696074057,0.6606525114501711,0.3011007435433567,16.224615086249067
25.355108499526978,-19.204642753822398,-3.0485063696074057,0.6606525114501711,0.3011007435433567,16.156136384214992
25.37446117401123,-19.176753483537706,-2.8650384922069385,0.6979029594684836,0.3453259967081249,16.311714991330767
25.39434576034546,-19.17779185676212,-2.8650384922069385,0.6979029594684836,0.3453259967081249,16.31275336455518
25.4141685962677,-19.20352813486077,-2.727102198465902,0.6279029594684835,0.3807254336588085,16.476425936394868
25.434590101242065,-19.225873028584395,-2.6810622497990924,0.6279029594684835,0.3807254336588085,16.544810778785305
25.454244375228882,-19.265141224570907,-2.5427659561257023,0.5579029594684835,0.4412176102213562,16.722375268445205
25.474239110946655,-19.315129105901793,-2.496610070563312,0.5579029594684835,0.4412176102213562,16.818519035338483
25.494269847869873,-19.371245245533082,-2.35797818278472,0.5757823319311137,0.5112176102213561,17.013267062748362
25.514354467391968,-19.43013901852092,-2.311714510990557,0.5757823319311137,0.5112176102213561,17.118424507530364
25.53423500061035,-19.487093594051732,-2.1727715253098605,0.5057823319311137,0.44121761022135614,17.314322068741873
25.555073976516724,-19.541200209201627,-2.1264082469572774,0.5057823319311137,0.44121761022135614,17.41479196224435
25.577280282974243,-19.59190271272599,-2.1264082469572774,0.5057823319311137,0.44121761022135614,17.465494465768714
25.59687566757202,-19.634271831688906,-1.8942478214967355,0.5125366227093036,0.37121761022135613,17.740024010192172
25.61437678337097,-19.65583802272789,-1.8942478214967355,0.5125366227093036,0.37121761022135613,17.761590201231158
25.634380340576172,-19.65312114023864,-1.7081375012980917,0.5825366227093036,0.44121761022135614,17.94498363894055
25.654312133789062,-19.650762273496163,-1.6615611628598455,0.5825366227093036,0.44121761022135614,17.989201110636316
25.674453735351562,-19.62461224078491,-1.5217233898642455,0.6525366227093037,0.5112176102213561,18.102888850920664
25.695149660110474,-19.577993815070073,-1.4750762699573094,0.6525366227093037,0.5112176102213561,18.102917545112764
25.714383840560913,-19.51607071981706,-1.288328952105024,0.6542079580199789,0.5534730751626193,18.227741767712033
25.735304355621338,-19.44514927728872,-1.2416050047809186,0.6542079580199789,0.5534730751626193,18.203544272507802
25.757717847824097,-19.36984688596883,-1.1013523822471178,0.5842079580199788,0.5173926625959575,18.268494503721712
25.774834394454956,-19.293486159898446,-1.0545763125816308,0.5842079580199788,0.5173926625959575,18.238909847316815
25.795045375823975,-19.21840281405014,-1.0545763125816308,0.5842079580199788,0.5173926625959575,18.16382650146851
25.814229249954224,-19.14618552510213,-0.8205303945871876,0.5142079580199788,0.5167263856367208,18.325655130514942
25.834916353225708,-19.07554587406743,-0.8205303945871876,0.5142079580199788,0.5167263856367208,18.255015479480242
25.854145765304565,-18.99859832760647,-0.6799891249243011,0.5057001167532871,0.5867263856367209,18.31860920268217
25.874449253082275,-18.931790503204912,-0.6331262070962875,0.5057001167532871,0.5867263856367209,18.298664296108626
25.8943030834198,-18.85434408178889,-0.4924972676816317,0.46034140676230884,0.5167263856367208,18.36184681410726
25.91495966911316,-18.766916695177493,-0.4456092975874526,0.46034140676230884,0.5167263856367208,18.32130739759004
25.93431782722473,-18.66327912458393,-0.25801304486111754,0.5303414067623089,0.5774337759451009,18.405266079722814
25.955039739608765,-18.5395318942527,-0.21110549802594747,0.5303414067623089,0.5774337759451009,18.328426396226753
25.974332571029663,-18.395812840686414,-0.07037084891701006,0.5766446529325913,0.5958529895381071,18.325441991769402
25.994884252548218,-18.223478665364517,-0.023457036661756803,0.5766446529325913,0.5958529895381071,18.20002162870276
26.01629066467285,-18.012647354652874,0.1172838779718699,0.5729586490799556,0.543946295811329,18.12993123262474
26.034855127334595,-17.755153295150933,0.16419560170727365,0.5729586490799556,0.543946295811329,17.919348896858207
26.057413816452026,-17.467401736177013,0.304917720185248,0.607644346486486,0.473946295811329,17.77231945636226
26.074663162231445,-17.16621757212664,0.35181900201874505,0.607644346486486,0.473946295811329,17.518036574145384
26.097960948944092,-16.904721791301235,0.4924972676816317,0.6714088292230735,0.450308153538499,17.397219058982866
26.114388942718506,-16.636603746961857,0.5393797570205443,0.6714088292230735,0.450308153538499,17.1759835039824
26.138541221618652,-16.370952230589715,0.5393797570205443,0.6714088292230735,0.450308153538499,16.91033198761026
26.155226469039917,-16.11401513375177,0.7268444761968436,0.7,0.46472184932092203,16.840859609948616
26.17944049835205,-15.869902452026782,0.7268444761968436,0.7,0.46472184932092203,16.596746928223624
26.19465732574463,-15.641130921792668,0.9141797946940926,0.7,0.463324799335096,16.55531071648676
26.219539642333984,-15.429044304454674,0.9141797946940926,0.7,0.463324799335096,16.343224099148767
26.235153913497925,-15.23413622127399,1.05457631258162,0.7,0.393324799335096,16.28871253385561
26.25438404083252,-15.05629679347336,1.1948672478660356,0.6299999999999999,0.44909875044832004,16.251164041339393
26.27512836456299,-14.894999858805855,1.241605004780915,0.6299999999999999,0.44909875044832004,16.13660486358677
26.295204877853394,-14.74944397962539,1.3817333423837574,0.5599999999999998,0.4853282565833069,16.131177322009147
26.319305896759033,-14.62306864910284,1.3817333423837574,0.5599999999999998,0.4853282565833069,16.004801991486598
26.334720611572266,-14.50893535071109,1.568353590195109,0.6299999999999999,0.5553282565833069,16.0772889409062
26.355222463607788,-14.406313099152554,1.568353590195109,0.6299999999999999,0.5553282565833069,15.974666689347663
26.37438440322876,-14.314390793932263,1.801232699955019,0.6558309524506329,0.6253282565833069,16.115623493887284
26.39443588256836,-14.232323064574773,1.801232699955019,0.6558309524506329,0.6253282565833069,16.033555764529794
26.414743661880493,-14.159263016996103,1.9871787432590011,0.6349398038536309,0.5921924252272583,16.146441760255104
26.43479013442993,-14.09670136673137,1.9871787432590011,0.6349398038536309,0.5921924252272583,16.08388010999037
26.45491313934326,-14.043080503380478,2.1727715253098516,0.5649398038536309,0.6359617661894299,16.21585202869033
26.474987030029297,-13.997082907760566,2.1727715253098516,0.5649398038536309,0.6359617661894299,16.16985443307042
26.495203495025635,-13.959908894510718,2.35797818278472,0.50653676263988,0.6585845750034787,16.31788707729544
26.514848709106445,-13.929843286022967,2.35797818278472,0.50653676263988,0.6585845750034787,16.287821468807685
26.534301280975342,-13.903739557122465,2.496610070563314,0.5556397023051975,0.6001323115290143,16.400349627685777
26.554373264312744,-13.885159836446073,2.6349925544540085,0.5213052811473606,0.5301323115290142,16.52015239090008
26.57445001602173,-13.872295811163934,2.681062249799094,0.5213052811473606,0.5301323115290142,16.553358060963028
26.59437346458435,-13.863740826037338,2.819090826375387,0.4926593838632105,0.5566225770325399,16.682831652412723
26.615275621414185,-13.8584042815773,2.8650384922069385,0.4926593838632105,0.5566225770325399,16.72344277378424
26.63440775871277,-13.8531274989813,3.002688827816879,0.456385572850704,0.5195357139618135,16.855816326798177
26.654951810836792,-13.848031294850918,3.002688827816879,0.456385572850704,0.5195357139618135,16.850720122667795
26.675071954727173,-13.838562130738039,3.1857542326904067,0.4733646432310341,0.4495357139618135,17.024316363428447
26.695212841033936,-13.810090716447206,3.1857542326904067,0.4733646432310341,0.4495357139618135,16.995844949137613
26.714367151260376,-13.757589331830369,3.368254858839908,0.5141781302541493,0.3795357139618135,17.12584419067028
26.734893798828125,-13.687464520542019,3.368254858839908,0.5141781302541493,0.3795357139618135,17.055719379381927
26.75529384613037,-13.626580369010021,3.5047404187910374,0.5741080264002083,0.31668321209261185,17.13132078780106
26.774354934692383,-13.551769431127571,3.6408768178610558,0.61808955617249,0.38668321209261186,17.192646248988627
26.794338941574097,-13.469256854383152,3.686175708662855,0.61808955617249,0.38668321209261186,17.155432563046006
26.815038919448853,-13.38356948023878,3.821825725365226,0.5561716290563343,0.45668321209261187,17.205395205604006
26.835147380828857,-13.295618887524931,3.821825725365226,0.5561716290563343,0.45668321209261187,17.117444612890157
26.855332136154175,-13.208414236022183,4.002098478933483,0.5063810641318558,0.5266832120926119,17.210512714955666
26.87445831298828,-13.124025970008356,4.002098478933483,0.5063810641318558,0.5266832120926119,17.126124448941837
26.89489984512329,-13.04381795400948,4.136840407414432,0.5736075261980293,0.5001133874268271,17.180658361423912
26.914326906204224,-12.970943679666778,4.271171133187181,0.595720359534025,0.5701133874268272,17.24211481285396
26.93523406982422,-12.9050838724782,4.315854393370323,0.595720359534025,0.5701133874268272,17.220938265848524
26.954533338546753,-12.845831905087815,4.449616446588667,0.525720359534025,0.5837733265967109,17.295448351676484
26.97938299179077,-12.794387834224915,4.449616446588667,0.525720359534025,0.5837733265967109,17.244004280813584
26.99425458908081,-12.750382485509576,4.627276486056786,0.5543776413053272,0.617244508585427,17.377658971566362
27.019473552703857,-12.712703683874878,4.627276486056786,0.5543776413053272,0.617244508585427,17.339980169931664
27.0349760055542,-12.680412198814034,4.71580242273409,0.5294096355885265,0.547244508585427,17.396214621548125
27.054412364959717,-12.655030025130715,4.848200481353931,0.5775489991158245,0.5766893632919528,17.50323050648465
27.075150966644287,-12.63743221645516,4.8922270409810835,0.5775489991158245,0.5766893632919528,17.529659257436244
27.095338582992554,-12.625705063712832,5.023981715869038,0.5474967116117475,0.6466893632919528,17.64968677958187
27.1181538105011,-12.618364621528055,5.155238997488244,0.5343697040900586,0.7,17.7736036190163
27.1352219581604,-12.616580907284636,5.198878704592726,0.5343697040900586,0.7,17.815459611877362
27.157336473464966,-12.618703797095543,5.329453134885458,0.5431129539012907,0.7,17.948156931981003
27.17486047744751,-12.623484189075269,5.329453134885458,0.5431129539012907,0.7,17.952937323960725
27.19437026977539,-12.62763464744127,5.459500784882227,0.5471060627698896,0.6299999999999999,18.0871354323235
27.215106964111328,-12.633587977237623,5.5027307834568155,0.5471060627698896,0.6299999999999999,18.136318760694436
27.235225677490234,-12.64063664686395,5.632056693712574,0.4771060627698896,0.7,18.272693340576524
27.25561547279358,-12.648260351155733,5.760826884484633,0.456668539047241,0.6299999999999999,18.409087235640364
27.27456545829773,-12.656082541353172,5.80362466684171,0.456668539047241,0.6299999999999999,18.45970720819488
27.296466827392578,-12.663836442983708,5.931634844516708,0.4374605436623094,0.7,18.595471287500416
27.315171003341675,-12.671338559458745,5.931634844516708,0.4374605436623094,0.7,18.602973403975454
27.334473609924316,-12.669202681074191,6.059060838268511,0.3674605436623094,0.6374394938349723,18.728263519342704
27.354644536972046,-12.637265250130541,6.101404265969084,0.3674605436623094,0.6374394938349723,18.738669516099627
27.375158548355103,-12.557673774735159,6.228032624204673,0.4374605436623094,0.5674394938349723,18.78570639893983
27.394278287887573,-12.428549573097754,6.354048835734638,0.4615717232972381,0.5984075452387332,18.782598408832392
27.41453981399536,-12.316440644538737,6.3959161605174515,0.4615717232972381,0.5984075452387332,18.71235680505619
27.434860944747925,-12.154873693392016,6.521097800927308,0.5268147141486403,0.600151602406986,18.675971494319324
27.454349279403687,-11.940048766888786,6.521097800927308,0.5268147141486403,0.600151602406986,18.461146567816094
27.47437620162964,-11.6753627966706,6.687009745125614,0.46206990636885137,0.6657882148819043,18.362372541796212
27.494805812835693,-11.383020092143639,6.687009745125614,0.46206990636885137,0.6657882148819043,18.070029837269253
27.51491117477417,-11.079172222265802,6.810681020583061,0.5320699063688514,0.5957882148819043,17.889853242848865
27.53447914123535,-10.775340968078282,6.933685836376561,0.47977072723209835,0.6657882148819043,17.709026804454844
27.554872035980225,-10.47952869524833,6.974537375896279,0.47977072723209835,0.6657882148819043,17.45406607114461
27.575233936309814,-10.197082350920143,7.0966359533214245,0.5497707272320984,0.6137565898196771,17.293718304241565
27.599281311035156,-9.931363562287798,7.0966359533214245,0.5497707272320984,0.6137565898196771,17.027999515609224
27.614953756332397,-9.684266396843162,7.25835451689947,0.5054549085348843,0.6340993030415847,16.94262091374263
27.639978885650635,-9.46973032911391,7.338743755185931,0.5754549085348843,0.6033898631529881,16.80847408429984
27.65516209602356,-9.272666322604655,7.338743755185931,0.5754549085348843,0.6033898631529881,16.611410077790588
27.674381017684937,-9.092931668757666,7.498565920105111,0.5054549085348843,0.6538438016967847,16.59149758886278
27.695185661315918,-8.929970531753971,7.538319886676135,0.5054549085348843,0.6538438016967847,16.468290418430108
27.714345455169678,-8.785271122744025,7.65709163892037,0.5754549085348843,0.6937626192765309,16.442362761664395
27.73537254333496,-8.657069490075893,7.696517524879887,0.5754549085348843,0.6937626192765309,16.353587014955778
27.754371881484985,-8.543705630318827,7.8142956047415915,0.5054549085348843,0.6755482165561988,16.35800123506042
27.774255990982056,-8.445951837739933,7.853387143164362,0.5054549085348843,0.6755482165561988,16.299338980904295
27.794257164001465,-8.361616783073273,7.970152895613133,0.5215325052291153,0.6728548759082331,16.331769678686406
27.81434202194214,-8.288824762494027,8.00890391720235,0.5215325052291153,0.6728548759082331,16.297728679696377
27.836400985717773,-8.225968733405422,8.124638983440025,0.534166553467512,0.6866896457457914,16.350607716845445
27.854467630386353,-8.171395524160065,8.163043418758654,0.534166553467512,0.6866896457457914,16.33443894291872
27.87904167175293,-8.124288759890515,8.277729742913817,0.466595755368471,0.7,16.40201850280433
27.894410371780396,-8.08360953591286,8.315781624616157,0.466595755368471,0.7,16.399391160529017
27.919681072235107,-8.048466852228731,8.315781624616157,0.466595755368471,0.7,16.36424847684489
27.9353609085083,-8.018095922749394,8.504697882745884,0.44419552333652956,0.7,16.522793805495276
27.954830169677734,-7.991839782953215,8.504697882745884,0.44419552333652956,0.7,16.496537665699098
27.975516319274902,-7.96681732521448,8.654197496942984,0.3834772961586712,0.6977327613160014,16.621014822157463
27.99461269378662,-7.94331122309874,8.654197496942984,0.3834772961586712,0.6977327613160014,16.597508720041724
28.014519453048706,-7.921477852739939,8.765354498543033,0.4015408954024313,0.7,16.686832351282973
28.035458087921143,-7.899065397187751,8.802220645021311,0.4015408954024313,0.7,16.701286042209063
28.054490566253662,-7.87684139828077,8.912255702207226,0.3479283986985682,0.6299999999999999,16.789097100487997
28.075664281845093,-7.857545955024093,8.948745124671593,0.3479283986985682,0.6299999999999999,16.806291079695686
28.094510793685913,-7.831632168076588,9.093749185464265,0.3180686174333094,0.6832310232520102,16.925381353540853
28.114624977111816,-7.778640883416001,9.129760130085508,0.3180686174333094,0.6832310232520102,16.90840101350151
28.134610652923584,-7.682758849638321,9.237211537775455,0.38243030890822394,0.7,16.919970387413777
28.154780387878418,-7.543398265335979,9.272833783623202,0.38243030890822394,0.7,16.81623204895918
28.177273511886597,-7.363613075821474,9.37911136171309,0.37046423316001875,0.7,16.742724437534562
28.194584369659424,-7.14195718173504,9.414339778255847,0.37046423316001875,0.7,16.55629695999089
28.215239763259888,-6.873896952571053,9.414339778255847,0.37046423316001875,0.7,16.288236730826902
28.23443102836609,-6.5714044871520585,9.55425789380823,0.40611825644969923,0.7,16.12566238096029
28.255375862121582,-6.2552845693151164,9.588986993548453,0.40611825644969923,0.7,15.844271562863568
28.274447917938232,-5.938030596635688,9.692568399920379,0.4506003162264822,0.7,15.630598996556067
28.294946432113647,-5.66258259767684,9.726892572681919,0.4506003162264822,0.7,15.38947517035876
28.314391136169434,-5.389199141188497,9.863166581826153,0.3806003162264822,0.7,15.25236572301465
28.3352108001709,-5.124454667437499,9.896977960793524,0.3806003162264822,0.7,15.021432628231024
28.354449033737183,-4.8726879744661105,9.997790425341304,0.4506003162264822,0.7,14.870478399807414
28.37440848350525,-4.638887026512889,10.031186417936361,0.4506003162264822,0.7,14.670073444449251
28.394437789916992,-4.423726532513001,10.130746026412403,0.42329840123653395,0.7,14.554472558925404
28.41439986228943,-4.227183864901833,10.163722195543766,0.42329840123653395,0.7,14.390906060445598
28.43675136566162,-4.051068984263627,10.262015835975241,0.49329840123653396,0.6736375324428081,14.313084820238867
28.454715251922607,-3.893784333550633,10.294567877883974,0.49329840123653396,0.6736375324428081,14.188352211434607
28.47862148284912,-3.756040360284761,10.391582841642624,0.44286348775029166,0.7,14.147623201927384
28.49480938911438,-3.6354991868454714,10.423706588133669,0.44286348775029166,0.7,14.05920577497914
28.51938271522522,-3.530842262503175,10.423706588133669,0.44286348775029166,0.7,13.954548850636844
28.535028219223022,-3.4392177775076513,10.55112199730383,0.4315363952144979,0.7,13.990339774811481
28.55440354347229,-3.3613764714238052,10.55112199730383,0.4315363952144979,0.7,13.912498468727636
28.574662923812866,-3.2951601909576547,10.707943892353345,0.4443629282712935,0.7,14.003104083311
28.59514617919922,-3.2387635487620328,10.707943892353345,0.4443629282712935,0.7,13.946707441115379
28.61446499824524,-3.190673762602752,10.831425069521806,0.47824065864086135,0.7,14.02209883212456
28.635015726089478,-3.149621157244406,10.831425069521806,0.47824065864086135,0.7,13.981046226766212
28.654500007629395,-3.114538376970053,10.953133767757237,0.44550713256001456,0.7,14.06767214472729
28.674560546875,-3.086843071370541,10.953133767757237,0.44550713256001456,0.7,14.039976839127778
28.695022106170654,-3.0650088679067915,11.073056085947758,0.37550713256001456,0.7,14.138064953854549
28.714836597442627,-3.04782110936786,11.073056085947758,0.37550713256001456,0.7,14.120877195315618
28.735162496566772,-3.0328982585800452,11.161817485434483,0.3423726907372473,0.7,14.194715744014529
28.754439115524292,-3.021357262017177,11.249561157673376,0.2723726907372473,0.7,14.270918419690553
28.77483558654785,-3.0101530488531716,11.278581982763964,0.2723726907372473,0.7,14.288735031617135
28.79512906074524,-2.9971616966088885,11.364960633045978,0.20237269073724728,0.7,14.362122329654866
28.814378261566162,-2.980955070166754,11.364960633045978,0.20237269073724728,0.7,14.345915703212732
28.834638118743896,-2.9629423011239306,11.450309731169085,0.24167189195752126,0.7,14.413252032293016
28.855320692062378,-2.939517049232054,11.478529816289996,0.24167189195752126,0.7,14.418046865522049
28.874544858932495,-2.9036843703909656,11.590257552718022,0.25688721340149623,0.7,14.493941923108988
28.894902229309082,-2.825432880848265,11.617900513890962,0.25688721340149623,0.7,14.443333394739227
28.914520740509033,-2.6757698118360085,11.700133322505547,0.18688721340149622,0.7,14.375903134341556
28.93517565727234,-2.441072094460592,11.727311723543725,0.18688721340149622,0.7,14.168383818004317
28.954532623291016,-2.2373015441179778,11.8081472496173,0.25688721340149623,0.7,14.045448793735277
28.97487235069275,-1.955730481220409,11.8081472496173,0.25688721340149623,0.7,13.763877730837708
28.99496865272522,-1.615959740276614,11.914290110733056,0.32688721340149623,0.7,13.53024985100967
29.014981508255005,-1.2261884793285904,11.914290110733056,0.32688721340149623,0.7,13.140478590061646
29.03538751602173,-0.7887967352777634,11.99266419399708,0.30408241484314186,0.7,12.781460929274843
29.057182550430298,-0.320590756444365,12.069977608105344,0.23408241484314185,0.7,12.390568364549708
29.07501792907715,0.15436231976649079,12.095512491132034,0.23408241484314185,0.7,11.941150171365543
29.099003076553345,0.6214844598777524,12.171406816191546,0.25990341145545226,0.7,11.549922356313793
29.114946126937866,1.0685400826064728,12.196467796575305,0.25990341145545226,0.7,11.127927713968832
29.13879156112671,1.489875791723246,12.270937945661945,0.32990341145545227,0.6823537655174732,10.781062153938699
29.155434608459473,1.8799263463790656,12.270937945661945,0.32990341145545227,0.6823537655174732,10.39101159928288
29.174479484558105,2.218578196394815,12.344336937335665,0.26403293270617706,0.662064117193222,10.12575874094085
29.19494342803955,2.5319932866021255,12.368564820873868,0.26403293270617706,0.662064117193222,9.836571534271743
29.215399503707886,2.819619396052411,12.440531990934108,0.3261802296712993,0.7,9.620912594881696
29.234466552734375,3.081752628732491,12.51142287704154,0.38789118338376266,0.6899290492758154,9.429670248309048
29.255125761032104,3.319270514734217,12.534813676994961,0.38789118338376266,0.6899290492758154,9.215543162260744
29.274885177612305,3.533431304128225,12.60426672575328,0.4525335680320857,0.6867222185712307,9.070835421625056
29.299463272094727,3.725724526582875,12.60426672575328,0.4525335680320857,0.6867222185712307,8.878542199170406
29.314767122268677,3.8977610976516455,12.672639599902126,0.4007172498479484,0.6572523410897702,8.77487850225048
29.338637113571167,4.048877441555262,12.739931017017028,0.34640228260308487,0.67965530003421,8.691053575461765
29.355314016342163,4.176847653827121,12.739931017017028,0.34640228260308487,0.67965530003421,8.563083363189907
29.37437891960144,4.283052026721075,12.806139928733163,0.30678880099207145,0.6976092844735831,8.523087902012088
29.39505958557129,4.37526137479401,12.827968861994478,0.30678880099207145,0.6976092844735831,8.452707487200467
29.414681434631348,4.444448734646799,12.892733210902811,0.2553711708262561,0.7,8.448284476256013
29.4343478679657,4.493505698535544,12.956413530357963,0.3253711708262561,0.7,8.46290783182242
29.454529285430908,4.527287592369417,12.977399357383486,0.3253711708262561,0.7,8.45011176501407
29.475210666656494,4.551885751414369,13.039633952863852,0.2689848788455127,0.6481427073478698,8.487748201449483
29.49439787864685,4.569456786178561,13.039633952863852,0.2689848788455127,0.6481427073478698,8.470177166685291
29.51525568962097,4.584000183303242,13.120926864625233,0.2537282830476759,0.6493282086914405,8.53692668132199
29.534385204315186,4.600690049071837,13.120926864625233,0.2537282830476759,0.6493282086914405,8.520236815553396
29.555312156677246,4.6184309503041465,13.180632102514704,0.21318683534860594,0.6529265031451359,8.562201152210557
29.574410915374756,4.638750668712518,13.21983381496359,0.2100595845282076,0.6472356737824156,8.581083146251071
29.59530234336853,4.662642407115281,13.239254228047095,0.2100595845282076,0.6472356737824156,8.576611820931813
29.61530065536499,4.683385824381608,13.296794141588805,0.1660818359255789,0.6327166388975456,8.613408317207197
29.63798499107361,4.711028197099991,13.35325299662934,0.11415064468979819,0.6428571771131828,8.642224799529348
29.6550555229187,4.745050285516071,13.371832615844777,0.11415064468979819,0.6428571771131828,8.626782330328705
29.677336931228638,4.784923299131188,13.426852295330765,0.1021741092577575,0.697406919603236,8.641928996199576
29.695026397705078,4.830125749904057,13.426852295330765,0.1021741092577575,0.697406919603236,8.596726545426709
29.714265823364258,4.8801549656992655,13.480794604058012,0.0354120493307708,0.6689116674708202,8.600639638358746
29.73470401763916,4.946116331832806,13.49853629821888,0.0354120493307708,0.6689116674708202,8.552419966386076
29.754254579544067,5.051517978016516,13.55104528848117,0.09025605250149948,0.5989116674708201,8.499527310464654
29.777799129486084,5.213965094669562,13.602482012283534,0.058249796219169925,0.5289116674708201,8.388516917613973
29.795219659805298,5.439549778953082,13.619389751969592,0.058249796219169925,0.5289116674708201,8.17983997301651
29.819112300872803,5.726206802246897,13.619389751969592,0.058249796219169925,0.5289116674708201,7.8931829497226955
29.83519411087036,5.975089748571941,13.685834329253769,0.058317961930297146,0.5044523557322098,7.710744580681828
29.85530972480774,6.293927714707447,13.685834329253769,0.058317961930297146,0.5044523557322098,7.391906614546322
29.875321865081787,6.6807483045182,13.766229357937885,0.034253229214809666,0.5156567427935077,7.085481053419684
29.89433979988098,7.116175418844979,13.766229357937885,0.034253229214809666,0.5156567427935077,6.650053939092905
29.914392948150635,7.576204386373345,13.813053407336838,0.014296811833046208,0.4849926527263595,6.2368490209634935
29.934318780899048,8.04351365307308,13.828426753518027,0.014296811833046208,0.4849926527263595,5.784913100444946
29.954365015029907,8.515145527410187,13.873844847580745,0.009256127583794127,0.5465689520956947,5.358699320170558
29.97480297088623,8.991248080961164,13.888750745601008,0.009256127583794127,0.5465689520956947,4.897502664639845
29.994239568710327,9.471806337068836,13.94721132970065,0.054013288873247634,0.47656895209569466,4.475404992631814
30.015353202819824,9.954376115588644,13.961536573695248,0.054013288873247634,0.47656895209569466,4.007160458106604
30.034175157546997,10.434890375293461,14.003819386122387,0.12401328887324764,0.4154816566826774,3.568929010828926
30.054370403289795,10.852085123680823,14.017683302781645,0.12401328887324764,0.4154816566826774,3.1655981791008223
30.076725959777832,11.279746578229481,14.0585866888892,0.14510369393508865,0.4329784138919784,2.7788401106597185
30.09433341026306,11.717305118297821,14.071992362408263,0.14510369393508865,0.4329784138919784,2.3546872441104423
30.1191565990448,12.157155215648656,14.071992362408263,0.14510369393508865,0.4329784138919784,1.9148371467596075
30.134450912475586,12.587004781245696,14.124476656297382,0.13896808400284483,0.38488520671147836,1.5374718750516863
30.15494680404663,12.998579533614237,14.124476656297382,0.13896808400284483,0.38488520671147836,1.1258971226831456
30.174906492233276,13.38661394957233,14.187537084703688,0.08521710708271696,0.37148561969865096,0.8009231351313577
30.19489622116089,13.745754754771529,14.187537084703688,0.08521710708271696,0.37148561969865096,0.4417823299321597
30.21419930458069,14.070728809597572,14.224027139684118,0.09372717421036197,0.32562912151683104,0.15329833008654603
30.23478102684021,14.349508563235757,14.235967582570638,0.09372717421036197,0.32562912151683104,-0.1135409806651193
30.254181146621704,14.570324664061555,14.271123741336265,0.06453448067884876,0.29425610870588553,-0.29920092272529075
30.274217128753662,14.76204284050129,14.282621608970764,0.06453448067884876,0.29425610870588553,-0.47942123153052485
30.294205904006958,14.902249984652745,14.327516012926615,0.11278574075084163,0.3086645704554392,-0.5747339717261291
30.314297437667847,15.002983429718608,14.338466737895459,0.11278574075084163,0.3086645704554392,-0.6645166918231489
30.33431315422058,15.071328048771768,14.37066859519749,0.13296040985267593,0.30159743911121023,-0.7006594535742785
30.355120420455933,15.101476719609767,14.381186758495275,0.13296040985267593,0.30159743911121023,-0.7202899611144922
30.376871585845947,15.085769882814228,14.381186758495275,0.13296040985267593,0.30159743911121023,-0.7045831243189529
30.394815921783447,15.027044919633607,14.422188560337169,0.08990011084359123,0.31643716654274595,-0.6048563592964378
30.41927170753479,14.935355401944246,14.422188560337169,0.08990011084359123,0.31643716654274595,-0.5131668416070774
30.43505549430847,14.823185817472645,14.471055091128939,0.04847173112910225,0.3319819601112975,-0.3521307263437059
30.455106735229492,14.699747396993594,14.471055091128939,0.04847173112910225,0.3319819601112975,-0.22869230586465505
30.474445104599,14.571735070068895,14.499118387704513,0.08182582351844742,0.3557586496556176,-0.0726166823643819
30.49496603012085,14.46059149952296,14.508265428593639,0.08182582351844742,0.3557586496556176,0.0476739290706778
30.51421332359314,14.349738211043224,14.543826064861157,0.11707158106844856,0.3633444061363114,0.19408785381793336
30.5347638130188,14.242008073444945,14.552461154145693,0.11707158106844856,0.3633444061363114,0.3104530807007482
30.554219007492065,14.139286431644038,14.577760194795431,0.05650043952744438,0.3652943366998805,0.43847376315139286
30.57431387901306,14.042750810938792,14.585992399828875,0.05650043952744438,0.3652943366998805,0.5432415888900834
30.597684860229492,13.953056065422542,14.585992399828875,0.05650043952744438,0.3652943366998805,0.6329363344063328
30.61481499671936,13.870476753390925,14.617927553773917,0.06994559335987999,0.3905368534708394,0.7474508003829925
30.634759664535522,13.795016051168066,14.617927553773917,0.06994559335987999,0.3905368534708394,0.8229115026058516
30.655165672302246,13.72880490284548,14.65564090635013,0.04252123739104702,0.4237568577611817,0.9268360035046488
30.674887657165527,13.675395997549646,14.65564090635013,0.04252123739104702,0.4237568577611817,0.9802449088004828
30.694527864456177,13.643868606101462,14.677112533756862,0.0,0.3812887383485211,1.0332439276554002
30.71465492248535,13.616495719913619,14.684079582565573,0.0,0.3812887383485211,1.0675838626519543
30.734368562698364,13.613870140578001,14.704416416972563,0.011632532812654972,0.3761635696375741,1.0905462763945621
30.75476336479187,13.635451797269573,14.71750854535825,0.011632532812654972,0.3761635696375741,1.082056748088677
30.774293661117554,13.680227588231514,14.736457279435548,0.009789177333004773,0.39540978650096786,1.0562296912040345
30.79461359977722,13.751515250038848,14.74259154249679,0.009789177333004773,0.39540978650096786,0.9910762924579419
30.817753791809082,13.855553196200665,14.74259154249679,0.009789177333004773,0.39540978650096786,0.8870383462961247
30.834750175476074,13.993495028274403,14.766231457547182,0.0,0.38578251133207214,0.7727364292727792
30.85461187362671,14.165248482008892,14.766231457547182,0.0,0.38578251133207214,0.6009829755382903
30.874808073043823,14.365225674596397,14.79379973320534,0.010761173442006111,0.45578251133207215,0.4285740586089428
30.89495301246643,14.5795361460461,14.79379973320534,0.010761173442006111,0.45578251133207215,0.21426358715923932
30.914353847503662,14.798154102712942,14.809308136088035,0.08076117344200612,0.5257825113320722,0.011154033375092354
30.935137033462524,14.987963794272584,14.814308630322692,0.08076117344200612,0.5257825113320722,-0.173655163949892
30.954404592514038,15.178799921554651,14.82881065318822,0.13717286445200444,0.489742696979083,-0.3499892683664303
30.974337816238403,15.365319525137389,14.83347997911208,0.13717286445200444,0.489742696979083,-0.5318395460253083
30.99419093132019,15.543925251518539,14.85134857268294,0.1266561110317707,0.5122444282704963,-0.6925766788355983
31.014294147491455,15.714643366850746,14.85561634825535,0.1266561110317707,0.5122444282704963,-0.8590270185953965
31.035884141921997,15.889281732661459,14.86795031208699,0.19665611103177072,0.4422444282704963,-1.0213314205744695
31.054375410079956,16.082887584896003,14.871907114343834,0.19665611103177072,0.4422444282704963,-1.210980470552169
31.077088117599487,16.298463508749883,14.883322215243801,0.23450238570570947,0.44007305318024,-1.4151412935060819
31.09439754486084,16.5236179337159,14.886977474221645,0.23450238570570947,0.44007305318024,-1.6366404594942559
31.11812400817871,16.74717512902179,14.897502425867035,0.3045023857057095,0.4176794354012235,-1.8496727031547557
31.13432264328003,16.9614147456564,14.900865854445648,0.3045023857057095,0.4176794354012235,-2.0605488912107504
31.15933108329773,17.14742305061573,14.910530222390761,0.3300890671461821,0.4253647060273214,-2.236892828224967
31.174228191375732,17.322717103501844,14.913611818524739,0.3300890671461821,0.4253647060273214,-2.4091052849771053
31.19938588142395,17.47205130198464,14.913611818524739,0.3300890671461821,0.4253647060273214,-2.5584394834598996
31.21513271331787,17.56698973365024,14.927999878952114,0.3152273502573371,0.45524177263956506,-2.6389898546981243
31.234530687332153,17.575316876520205,14.927999878952114,0.3152273502573371,0.45524177263956506,-2.6473169975680904
31.255051374435425,17.465357350541748,14.9383260105194,0.38166642751544716,0.46218622365500767,-2.527031340022347
31.274444580078125,17.220543837451302,14.9383260105194,0.38166642751544716,0.46218622365500767,-2.282217826931902
31.29507088661194,16.83523941287602,14.94764626729608,0.31166642751544715,0.4838989216974004,-1.8875931455799417
31.315052032470703,16.325445839124665,14.94764626729608,0.31166642751544715,0.4838989216974004,-1.3777995718285858
31.334341526031494,15.721772961951519,14.956005144416284,0.2567272021993995,0.4967462791269644,-0.7657678175352345
31.354594945907593,15.050272308180723,14.956005144416284,0.2567272021993995,0.4967462791269644,-0.09426716376443878
31.37505793571472,14.467258296351083,14.96344832082702,0.23461507294327022,0.47733514552470285,0.4961900244759363
31.39414072036743,13.824638702105867,14.96344832082702,0.23461507294327022,0.47733514552470285,1.1388096187211527
31.41413187980652,13.14365631972375,14.96845792569755,0.27356436137109996,0.5202595608448608,1.8248016059738
31.4342520236969,12.45397511399289,14.970022668214789,0.27356436137109996,0.5202595608448608,2.516047554221899
31.45474076271057,11.776428350747318,14.974412133403447,0.26147015891969205,0.5143540159938855,3.197983782656129
31.474242687225342,11.125166606681034,14.978360626112163,0.2803685975819826,0.5516622618911786,3.853194019431129
31.49466633796692,10.511642204564001,14.97958243441424,0.2803685975819826,0.5516622618911786,4.467940229850239
31.51511812210083,9.942815139974911,14.98297587246536,0.21036859758198262,0.5628372210217638,5.040160732490449
31.534584760665894,9.420025347934647,14.98297587246536,0.21036859758198262,0.5628372210217638,5.562950524530713
31.554142236709595,8.94299021365254,14.985978203490646,0.15789087645709515,0.6101005899859591,6.042987989838107
31.57505774497986,8.512623927367208,14.986895862389005,0.15789087645709515,0.6101005899859591,6.474271935021797
31.59415078163147,8.13896892984121,14.989411037673477,0.14635354157537223,0.5991931420890613,6.850442107832267
31.614938020706177,7.808547402643487,14.99017294535573,0.14635354157537223,0.5991931420890613,7.1816255427122435
31.634155988693237,7.535394006557049,14.992241041467853,0.09872042637318373,0.6432920483080669,7.456847034910804
31.654606819152832,7.33238034289005,14.992860712670364,0.09872042637318373,0.6432920483080669,7.660480369780314
31.67416286468506,7.208914596837213,14.994522743411025,0.07040730740875006,0.5732920483080668,7.7856081465738125
31.69463324546814,7.169435032751934,14.995014006396119,0.07040730740875006,0.5732920483080668,7.825578973644185
31.71411895751953,7.2124945871879085,14.996311929492421,0.03462247800081969,0.5085822433559222,7.783817342304513
31.734286069869995,7.337229196586338,14.996688928280744,0.03462247800081969,0.5085822433559222,7.6594597316944055
31.754124879837036,7.543202510001332,14.997665652080904,0.1046224780008197,0.5693313718168063,7.454463142079573
31.774296283721924,7.823337713025788,14.997942848682175,0.1046224780008197,0.5693313718168063,7.174605135656387
31.794211626052856,8.166132164011561,14.99883441549498,0.12779393639415504,0.573323302096687,6.832702251483418
31.814334869384766,8.463755058315357,14.99900768461286,0.12779393639415504,0.573323302096687,6.535252626297503
31.83414626121521,8.818032422835195,14.999423563075993,0.1688709243759513,0.533748731142841,6.181391140240798
31.854767084121704,9.218538367640624,14.9995307437365,0.1688709243759513,0.533748731142841,5.780992376095876
31.87449336051941,9.656812924351073,14.99977152117065,0.13498074036091567,0.5504332428192718,5.342958596819578
31.895347833633423,10.11440283635862,14.999828124260468,0.13498074036091567,0.5504332428192718,4.885425287901848
31.91899824142456,10.571032734457248,14.999940823838855,0.1627956408634782,0.5457632310083134,4.428908089381608
31.934309005737305,11.0172777413203,14.999962687718096,0.1627956408634782,0.5457632310083134,3.9826849463977965
31.954319715499878,11.444548866269983,14.999962687718096,0.1627956408634782,0.5457632310083134,3.555413821448113
31.974265575408936,11.847380419153247,14.999999826171795,0.2327956408634782,0.47576323100831336,3.1526194070185483
31.994261026382446,12.222620140906118,14.999999826171795,0.2327956408634782,0.47576323100831336,2.777379685265677
32.01421904563904,12.566489365782193,15.0,0.3027956408634782,0.5089803593745452,2.4335106342178072
32.035279750823975,12.865045406217824,15.0,0.3027956408634782,0.5089803593745452,2.134954593782176
32.054248571395874,13.138720597521877,15.0,0.3397490230575204,0.5017269453546029,1.8612794024781234
32.07425022125244,13.383268661303303,15.0,0.3397490230575204,0.5017269453546029,1.616731338696697
32.09417366981506,13.59650785806403,15.0,0.30574004326015713,0.5268973665824157,1.4034921419359705
32.11432886123657,13.773115239952002,15.0,0.30574004326015713,0.5268973665824157,1.226884760047998
32.134894371032715,13.891828234501903,15.0,0.27629361461848023,0.4568973665824157,1.1081717654980974
32.15494155883789,13.92782233510149,15.0,0.27629361461848023,0.4568973665824157,1.0721776648985095
32.17651629447937,13.86140227689185,15.0,0.23770015474408868,0.4473643542965871,1.13859772310815
32.194281816482544,13.697801665301162,15.0,0.23770015474408868,0.4473643542965871,1.3021983346988382
32.218348264694214,13.457114931876449,15.0,0.18470951702445748,0.48555074424948513,1.5428850681235513
32.23441195487976,13.162279916224756,15.0,0.18470951702445748,0.48555074424948513,1.8377200837752437
32.25923037528992,12.906296628140542,15.0,0.13231000464409592,0.5211462432285767,2.0937033718594584
32.27436947822571,12.606088290590904,15.0,0.13231000464409592,0.5211462432285767,2.393911709409096
32.29937720298767,12.27612501397803,15.0,0.13231000464409592,0.5211462432285767,2.72387498602197
32.314472913742065,11.93419068624467,15.0,0.1029229571297765,0.5202299861353818,3.065809313755331
32.33522367477417,11.595269491700321,15.0,0.1029229571297765,0.5202299861353818,3.4047305082996786
32.354527950286865,11.269689740645434,15.0,0.13135875735431912,0.5456102213007394,3.7303102593545656
32.3753707408905,10.964273662911975,15.0,0.13135875735431912,0.5456102213007394,4.035726337088025
32.39486765861511,10.683228434327727,15.0,0.13458802315406504,0.5847049785894338,4.316771565672273
32.41490626335144,10.433466681895279,15.0,0.13458802315406504,0.5847049785894338,4.566533318104721
32.434406042099,10.23054704874619,15.0,0.20458802315406505,0.6017993709188882,4.769452951253809
32.45512104034424,10.093307137098266,15.0,0.20458802315406505,0.6017993709188882,4.906692862901734
32.474170446395874,9.9741519419042,15.0,0.18081506448797885,0.6272150410455648,5.0258480580958
32.49506211280823,9.929646611979091,15.0,0.18081506448797885,0.6272150410455648,5.070353388020909
32.515077352523804,9.956695335111515,15.0,0.20120913456194106,0.6677670611185018,5.043304664888485
32.53432893753052,10.032731236600531,15.0,0.20120913456194106,0.6677670611185018,4.967268763399469
32.557708740234375,10.140788755145046,15.0,0.13120913456194105,0.6396572796744291,4.859211244854954
32.574301958084106,10.270556365735409,15.0,0.13120913456194105,0.6396572796744291,4.729443634264591
32.60023236274719,10.41661606586315,15.0,0.14502648307941857,0.6040449237567369,4.583383934136849
32.61429238319397,10.570142544586293,15.0,0.14502648307941857,0.6040449237567369,4.429857455413707
32.6349139213562,10.724809127523672,15.0,0.14502648307941857,0.6040449237567369,4.275190872476328
32.65448451042175,10.87619138316953,15.0,0.2061378662195057,0.674044923756737,4.12380861683047
32.674254179000854,11.025935442273502,15.0,0.2061378662195057,0.674044923756737,3.974064557726498
32.694356203079224,11.15594705753495,15.0,0.2761378662195057,0.7,3.8440529424650496
32.71547555923462,11.285790905167028,15.0,0.2761378662195057,0.7,3.714209094832972
32.73445463180542,11.412096203878395,15.0,0.3212515787687153,0.6616197794675827,3.587903796121605
32.75450277328491,11.530298584963928,15.0,0.3212515787687153,0.6616197794675827,3.469701415036072
32.774362087249756,11.63975762688602,15.0,0.2966213209088892,0.6527935748919844,3.36024237311398
32.79434418678284,11.7379425870715,15.0,0.2966213209088892,0.6527935748919844,3.2620574129285007
32.81670641899109,11.823392788494786,15.0,0.3136496824678034,0.6640062972903251,3.176607211505214
32.8343825340271,11.893112948616757,15.0,0.3136496824678034,0.6640062972903251,3.106887051383243
32.85888934135437,11.943120818301624,15.0,0.30065358444117013,0.6360173810273408,3.056879181698376
32.87438178062439,11.973486268656657,15.0,0.30065358444117013,0.6360173810273408,3.026513731343343
32.89467096328735,11.982459156575663,15.0,0.30065358444117013,0.6360173810273408,3.017540843424337
32.914323568344116,11.990249646955652,15.0,0.36904997392557565,0.675816311314702,3.009750353044348
32.93480443954468,11.976151568274954,15.0,0.36904997392557565,0.675816311314702,3.023848431725046
32.95536255836487,11.944905323275758,15.0,0.3092000932898373,0.7,3.0550946767242415
32.97437810897827,11.902571789094882,15.0,0.3092000932898373,0.7,3.097428210905118
32.99441456794739,11.853652936678145,15.0,0.2521750779356808,0.7,3.146347063321855
33.01553225517273,11.799132954196608,15.0,0.2521750779356808,0.7,3.200867045803392
33.034377336502075,11.742159404760313,15.0,0.274842813750729,0.7,3.2578405952396867
33.05515170097351,11.684983187588271,15.0,0.274842813750729,0.7,3.315016812411729
33.07440686225891,11.629173074503235,15.0,0.30862301602028314,0.6777657892554998,3.3708269254967647
33.09489154815674,11.575782700176452,15.0,0.30862301602028314,0.6777657892554998,3.424217299823548
33.11425447463989,11.527796474751907,15.0,0.23862301602028313,0.656859640777111,3.4722035252480925
33.13491940498352,11.486133608691805,15.0,0.23862301602028313,0.656859640777111,3.513866391308195
33.1541690826416,11.448655773224505,15.0,0.2285906220506877,0.5886843621730804,3.5513442267754947
33.17421627044678,11.417388850541025,15.0,0.2285906220506877,0.5886843621730804,3.582611149458975
33.195631980895996,11.391259942723831,15.0,0.16623379985801878,0.6517783224582672,3.6087400572761688
33.21441054344177,11.371704772129641,15.0,0.16623379985801878,0.6517783224582672,3.6282952278703586
33.23780798912048,11.359547313257023,15.0,0.22310429762117567,0.7,3.640452686742977
33.254451751708984,11.35284856867273,15.0,0.22310429762117567,0.7,3.64715143132727
33.279457807540894,11.352434232964594,15.0,0.22310429762117567,0.7,3.647565767035406
33.294769525527954,11.361028540586226,15.0,0.21213238823227587,0.6454195499420166,3.6389714594137743
33.314183473587036,11.377969921540117,15.0,0.21213238823227587,0.6454195499420166,3.6220300784598827
33.335217237472534,11.400262527941242,15.0,0.14949203419499102,0.654351614229381,3.5997374720587576
33.355308532714844,11.41961753797597,15.0,0.14949203419499102,0.654351614229381,3.58038246202403
33.37454295158386,11.442488985383358,15.0,0.2139972760062665,0.7,3.557511014616642
33.39529061317444,11.467200106788932,15.0,0.2139972760062665,0.7,3.5327998932110685
33.414496421813965,11.49485411884685,15.0,0.21549823621287945,0.7,3.5051458811531493
33.4346718788147,11.526139734679118,15.0,0.21549823621287945,0.7,3.473860265320882
33.454367876052856,11.563755958491212,15.0,0.20199184605851772,0.7,3.436244041508788
33.47505474090576,11.602461579017966,15.0,0.20199184605851772,0.7,3.397538420982034
33.49421286582947,11.640903790660948,15.0,0.22298065872862938,0.7,3.359096209339052
33.51446795463562,11.680466251330003,15.0,0.22298065872862938,0.7,3.319533748669997
33.534215211868286,11.717447802511783,15.0,0.22267192526604052,0.6982000085292384,3.282552197488217
33.55488634109497,11.751662059632698,15.0,0.22267192526604052,0.6982000085292384,3.2483379403673016
33.57513451576233,11.781367751196544,15.0,0.20045739895547743,0.7,3.2186322488034556
33.59508514404297,11.80884373519544,15.0,0.20045739895547743,0.7,3.19115626480456
33.61697244644165,11.834046881327144,15.0,0.23383896908606405,0.7,3.1659531186728564
33.634631633758545,11.85469078444435,15.0,0.23383896908606405,0.7,3.145309215555651
33.65881133079529,11.87162385873761,15.0,0.2705573450669181,0.7,3.1283761412623896
33.674187898635864,11.885533194595356,15.0,0.2705573450669181,0.7,3.1144668054046445
33.69417357444763,11.896975721856798,15.0,0.2705573450669181,0.7,3.1030242781432023
33.71508765220642,11.904086937480647,15.0,0.2469188824191224,0.7,3.0959130625193527
33.73521709442139,11.90800229349433,15.0,0.2469188824191224,0.7,3.091997706505669
33.75509214401245,11.907278331105918,15.0,0.1769188824191224,0.7,3.0927216688940824
33.774181842803955,11.903351068922039,15.0,0.1769188824191224,0.7,3.0966489310779615
33.794265031814575,11.89994131962623,15.0,0.20364796324516649,0.7,3.1000586803737704
33.81474018096924,11.89202558050472,15.0,0.20364796324516649,0.7,3.10797441949528
33.834227561950684,11.881188687518724,15.0,0.164964686621679,0.6795453008264303,3.1188113124812755
33.854862451553345,11.86860842340344,15.0,0.164964686621679,0.6795453008264303,3.1313915765965596
33.87427544593811,11.855148799352493,15.0,0.20203081100131387,0.6095453008264302,3.1448512006475067
33.895328998565674,11.841433116065613,15.0,0.20203081100131387,0.6095453008264302,3.1585668839343874
33.91435718536377,11.83021740250581,15.0,0.17592664948548192,0.6601045943051576,3.1697825974941907
33.93499994277954,11.82103370792074,15.0,0.17592664948548192,0.6601045943051576,3.1789662920792594
33.954166889190674,11.815819797317932,15.0,0.13497276744688863,0.6649533203989266,3.184180202682068
33.97435235977173,11.813500633020563,15.0,0.13497276744688863,0.6649533203989266,3.1864993669794366
33.99484872817993,11.815569572255026,15.0,0.14653496771003122,0.5949533203989266,3.1844304277449744
34.014668703079224,11.817365878120912,15.0,0.14653496771003122,0.5949533203989266,3.1826341218790883
34.03612017631531,11.824507822330508,15.0,0.16671762197162027,0.6323561551421879,3.1754921776694918
34.05482482910156,11.83517451711175,15.0,0.16671762197162027,0.6323561551421879,3.1648254828882507
34.077345848083496,11.859590055456037,15.0,0.17631458910997028,0.7,3.140409944543963
34.094812870025635,11.90217719482272,15.0,0.17631458910997028,0.7,3.0978228051772803
34.11887717247009,11.958579941100634,15.0,0.24631458910997028,0.6915852285921573,3.041420058899366
34.134913206100464,12.02309224911238,15.0,0.24631458910997028,0.6915852285921573,2.9769077508876194
34.15941834449768,12.093853433019989,15.0,0.18756791966850872,0.7,2.906146566980011
34.174428939819336,12.169406408403043,15.0,0.18756791966850872,0.7,2.8305935915969567
34.19419288635254,12.2462964777062,15.0,0.18756791966850872,0.7,2.753703522293801
34.214540243148804,12.31977248858095,15.0,0.19394257076899524,0.7,2.6802275114190497
34.2351348400116,12.383566237154053,15.0,0.19394257076899524,0.7,2.616433762845947
34.25438594818115,12.442011722000057,15.0,0.1818336245499086,0.6607954695820808,2.557988277999943
34.27431082725525,12.495202083009922,15.0,0.1818336245499086,0.6607954695820808,2.5047979169900785
34.294432640075684,12.541024163474912,15.0,0.16608914890210147,0.6869564920663833,2.458975836525088
34.31429481506348,12.582837092529502,15.0,0.16608914890210147,0.6869564920663833,2.417162907470498
34.33417010307312,12.618447020106606,15.0,0.13126241945545192,0.6561250992119312,2.381552979893394
34.355178356170654,12.64880996842338,15.0,0.13126241945545192,0.6561250992119312,2.3511900315766194
34.37420201301575,12.674728255378655,15.0,0.09759485878865237,0.6701583376154303,2.325271744621345
34.39483571052551,12.696876293857526,15.0,0.09759485878865237,0.6701583376154303,2.3031237061424736
34.41429829597473,12.715821882346367,15.0,0.07165917166392322,0.6401859967038035,2.2841781176536333
34.434534549713135,12.734360150872549,15.0,0.07165917166392322,0.6401859967038035,2.265639849127451
34.454219818115234,12.750455548911452,15.0,0.10097699397127147,0.5701859967038034,2.249544451088548
34.47418928146362,12.770734060509227,15.0,0.10097699397127147,0.5701859967038034,2.229265939490773
34.49521446228027,12.809598079470797,15.0,0.09407922317157502,0.539916360862553,2.1904019205292027
34.514336347579956,12.881194103702082,15.0,0.09407922317157502,0.539916360862553,2.1188058962979177
34.538267612457275,12.994485365209057,15.0,0.11582986515830274,0.5643294845893978,2.005514634790943
34.55487394332886,13.143016935518158,15.0,0.11582986515830274,0.5643294845893978,1.8569830644818417
34.574289083480835,13.314427548820136,15.0,0.11582986515830274,0.5643294845893978,1.6855724511798638
34.594321489334106,13.499528337108687,15.0,0.12173581560025926,0.5393493549153208,1.5004716628913126
34.615039587020874,13.6915760894317,15.0,0.12173581560025926,0.5393493549153208,1.3084239105682993
34.63439130783081,13.88338766887718,15.0,0.15082613815437074,0.5390524552157148,1.1166123311228198
34.656150579452515,14.069980033467269,15.0,0.15082613815437074,0.5390524552157148,0.9300199665327309
34.67470192909241,14.23198428833368,15.0,0.15082613815437074,0.5390524552157148,0.7680157116663207
34.694326877593994,14.388685841880417,15.0,0.10947763611446137,0.530677561177872,0.6113141581195833
34.7148277759552,14.537574390095687,15.0,0.10947763611446137,0.530677561177872,0.46242560990431336
34.734347343444824,14.677112235877605,15.0,0.12199351721326823,0.49791468353476365,0.3228877641223953
34.75497817993164,14.806477761688868,15.0,0.12199351721326823,0.49791468353476365,0.19352223831113236
34.774253606796265,14.925368378483338,15.0,0.1555273325077724,0.4660525065800174,0.07463162151666225
34.795403242111206,15.03384997894702,15.0,0.1555273325077724,0.4660525065800174,-0.033849978947019466
34.81432247161865,15.132242659369277,15.0,0.08552733250777239,0.48347986163105805,-0.13224265936927715
34.834330558776855,15.221034644782632,15.0,0.08552733250777239,0.48347986163105805,-0.22103464478263213
34.85715627670288,15.300818072034607,15.0,0.03860714846174235,0.4172428068658336,-0.3008180720346072
34.87511157989502,15.3700880805424,15.0,0.03860714846174235,0.4172428068658336,-0.3700880805424003
34.899493932724,15.432383637315414,15.0,0.03860714846174235,0.4172428068658336,-0.4323836373154144
34.91429162025452,15.48587673557408,15.0,0.019485807054443305,0.42229097242932756,-0.4858767355740792
34.93426966667175,15.5318460135357,15.0,0.019485807054443305,0.42229097242932756,-0.5318460135357004
34.95434331893921,15.573694225845374,15.0,0.0,0.4099903395352884,-0.5736942258453741
34.97446584701538,15.61157712143382,15.0,0.0,0.4099903395352884,-0.6115771214338199
34.99436640739441,15.64570738596044,15.0,0.0,0.40104023366700847,-0.6457073859604403
35.01473116874695,15.67864799499802,15.0,0.0,0.40104023366700847,-0.6786479949980198
35.034218072891235,15.709894146368963,15.0,0.01009658258408308,0.3668694347096606,-0.7098941463689634
35.05433487892151,15.741456219698163,15.0,0.01009658258408308,0.3668694347096606,-0.7414562196981631
35.07723355293274,15.774722259230186,15.0,0.018064226023852825,0.427914805705659,-0.7747222592301863
35.09537887573242,15.80360468407421,15.0,0.018064226023852825,0.427914805705659,-0.8036046840742106
35.11957406997681,15.833371576046808,15.0,0.018064226023852825,0.427914805705659,-0.8333715760468081
35.13438320159912,15.86991734255048,15.0,0.0,0.39799200556706626,-0.8699173425504796
35.15461015701294,15.919473815149898,15.0,0.0,0.39799200556706626,-0.9194738151498978
35.17435812950134,15.988342954368889,15.0,0.006399615202099085,0.4195019323332234,-0.9883429543688891
35.19515562057495,16.078076647265142,15.0,0.006399615202099085,0.4195019323332234,-1.0780766472651422
35.214599609375,16.186886573031078,15.0,0.021706913132220507,0.3495019323332234,-1.186886573031078
35.23435997962952,16.30607880269714,15.0,0.021706913132220507,0.3495019323332234,-1.3060788026971402
35.25473928451538,16.429341078868745,15.0,0.0484686722047627,0.39177785284351546,-1.4293410788687453
35.274367332458496,16.554498113563163,15.0,0.0484686722047627,0.39177785284351546,-1.554498113563163
35.29888033866882,16.684621754337662,15.0,0.030159991700202227,0.41019545711111266,-1.6846217543376625
35.314385414123535,16.81939840391429,15.0,0.030159991700202227,0.41019545711111266,-1.8193984039142883
35.335521936416626,16.936414932087985,15.0,0.030159991700202227,0.41019545711111266,-1.9364149320879847
35.35437512397766,17.06008435154405,15.0,0.0003568609245121479,0.40222648746799666,-2.060084351544049
35.3753559589386,17.182799096559325,15.0,0.0003568609245121479,0.40222648746799666,-2.182799096559325
35.3946533203125,17.301616609328455,15.0,0.0,0.3740013002557679,-2.3016166093284554
35.41476917266846,17.414595757942283,15.0,0.0,0.3740013002557679,-2.4145957579422834
35.43437886238098,17.520542139641464,15.0,0.0,0.389752453486435,-2.5205421396414636
35.45510506629944,17.62112784155883,15.0,0.0,0.389752453486435,-2.621127841558831
35.474318742752075,17.713022846663513,15.0,0.0,0.37281616433989245,-2.713022846663513
35.494933128356934,17.796459580786365,15.0,0.0,0.37281616433989245,-2.7964595807863653
35.51473069190979,17.874138747277026,15.0,0.013578157871961594,0.38057243154849846,-2.8741387472770263
35.53505539894104,17.945771593814893,15.0,0.013578157871961594,0.38057243154849846,-2.945771593814893
35.55741238594055,18.00796506005249,15.0,0.0,0.4060945257684215,-3.0079650600524914
35.57503533363342,18.06531486407247,15.0,0.0,0.4060945257684215,-3.0653148640724694
35.5997519493103,18.117788907138966,15.0,0.0,0.4060945257684215,-3.1177889071389657
35.614575147628784,18.165493394260295,15.0,0.0,0.40967268153559405,-3.165493394260295
35.63451313972473,18.20862779449647,15.0,0.0,0.40967268153559405,-3.2086277944964685
35.65436911582947,18.247451099306286,15.0,0.0,0.4191069401009007,-3.2474510993062857
35.674381494522095,18.2822568175492,15.0,0.0,0.4191069401009007,-3.2822568175492
35.69440722465515,18.313354697800673,15.0,0.003446964779868722,0.3491069401009007,-3.3133546978006727
35.71521067619324,18.341057605034223,15.0,0.003446964779868722,0.3491069401009007,-3.341057605034223
35.73434829711914,18.365672323289306,15.0,0.033221433172002435,0.28557114548515516,-3.3656723232893064
35.75524878501892,18.387493327646855,15.0,0.033221433172002435,0.28557114548515516,-3.3874933276468546
35.77428412437439,18.40643888074678,15.0,0.06662824959494174,0.34748091421555716,-3.40643888074678
35.79509902000427,18.425564143755135,15.0,0.06662824959494174,0.34748091421555716,-3.4255641437551354
35.81433439254761,18.444310185473395,15.0,0.07929735374636948,0.3084546352131291,-3.4443101854733946
35.835036754608154,18.46229877756896,15.0,0.07929735374636948,0.3084546352131291,-3.462298777568961
35.85432767868042,18.47928717255018,15.0,0.04302457091398537,0.2857240369869395,-3.4792871725501797
35.87462782859802,18.495133122849822,15.0,0.04302457091398537,0.2857240369869395,-3.495133122849822
35.894320249557495,18.50976793510039,15.0,0.05586870317347348,0.3094462031824513,-3.5097679351003883
35.91468095779419,18.523175815648113,15.0,0.05586870317347348,0.3094462031824513,-3.5231758156481128
35.93432426452637,18.533061782100763,15.0,0.07491433178074658,0.33341627254616457,-3.533061782100763
35.95421314239502,18.53792460428484,15.0,0.07491433178074658,0.33341627254616457,-3.5379246042848393
35.97421836853027,18.529904897289516,15.0,0.08192025008611381,0.352863938207738,-3.5299048972895157
35.99511742591858,18.52294198292333,15.0,0.08192025008611381,0.352863938207738,-3.5229419829233315
36.01424860954285,18.502470520035224,15.0,0.022940157679840922,0.35744308692868787,-3.5024705200352244
36.0345094203949,18.47315580700351,15.0,0.022940157679840922,0.35744308692868787,-3.4731558070035113
36.057002544403076,18.438471331676414,15.0,0.05948350462131202,0.3987785877054556,-3.438471331676414
36.07553267478943,18.40097123023449,15.0,0.05948350462131202,0.3987785877054556,-3.4009712302344894
36.09937405586243,18.362503761198568,15.0,0.05948350462131202,0.3987785877054556,-3.3625037611985675
36.11556696891785,18.322061835543504,15.0,0.05830444558523595,0.41858733085449773,-3.3220618355435043
36.13451790809631,18.28131433362483,15.0,0.05830444558523595,0.41858733085449773,-3.281314333624831
36.15443134307861,18.241428480499064,15.0,0.0,0.47192404804285604,-3.2414284804990636
36.17491912841797,18.203192299179605,15.0,0.0,0.47192404804285604,-3.203192299179605
36.19431757926941,18.167109658100802,15.0,0.0,0.4334785306220873,-3.1671096581008022
36.214802265167236,18.135781787882614,15.0,0.0,0.4334785306220873,-3.135781787882614
36.23944139480591,18.11090681749604,15.0,0.0,0.4334785306220873,-3.1109068174960406
36.25485801696777,18.09811852647103,15.0,0.05150971934199333,0.45649599855300027,-3.09811852647103
36.274303674697876,18.110276876973845,15.0,0.05150971934199333,0.45649599855300027,-3.1102768769738454
36.294310569763184,18.15797302898812,15.0,0.12150971934199334,0.46572401200886804,-3.1579730289881205
36.31542992591858,18.242994103764683,15.0,0.12150971934199334,0.46572401200886804,-3.2429941037646834
36.337197065353394,18.35864866211503,15.0,0.12705957720056177,0.425322907171212,-3.35864866211503
36.354907512664795,18.49253257490647,15.0,0.12705957720056177,0.425322907171212,-3.4925325749064697
36.375131130218506,18.635549744155067,15.0,0.12705957720056177,0.425322907171212,-3.6355497441550675
36.39436101913452,18.781141492253997,15.0,0.19705957720056178,0.4571477567171677,-3.7811414922539974
36.41515278816223,18.924684437371784,15.0,0.19705957720056178,0.4571477567171677,-3.924684437371784
36.435943603515625,19.049312087148476,15.0,0.2193794938363135,0.4482487310981377,-4.049312087148476
36.45523953437805,19.17122617240716,15.0,0.2193794938363135,0.4482487310981377,-4.1712261724071595
36.47531199455261,19.285726088021047,15.0,0.2193794938363135,0.4482487310981377,-4.285726088021047
36.49423432350159,19.38974228533685,15.0,0.2138547807559371,0.43795412698294955,-4.389742285336851
36.51526379585266,19.462888228555176,15.0,0.2138547807559371,0.43795412698294955,-4.462888228555176
36.53439259529114,19.48023567082304,15.0,0.2838547807559371,0.4920904591074212,-4.480235670823038
36.55461812019348,19.41899145915945,15.0,0.2838547807559371,0.4920904591074212,-4.41899145915945
36.57424712181091,19.272344234622526,15.0,0.2838547807559371,0.4920904591074212,-4.272344234622526
36.59419798851013,19.051711836459578,15.0,0.2138547807559371,0.518566508903168,-4.051711836459578
36.614922523498535,18.773923787950256,15.0,0.2138547807559371,0.518566508903168,-3.773923787950256
36.63426947593689,18.45217587761871,15.0,0.28281477686017753,0.532297908454202,-3.4521758776187106
36.65422058105469,18.172826127254616,15.0,0.28281477686017753,0.532297908454202,-3.1728261272546163
36.677619218826294,17.847304569697375,15.0,0.2223159543797374,0.462297908454202,-2.847304569697375
36.69506359100342,17.48439397623855,15.0,0.2223159543797374,0.462297908454202,-2.4843939762385503
36.71467614173889,17.102761812383914,15.0,0.2223159543797374,0.462297908454202,-2.102761812383914
36.73551344871521,16.715867539256337,15.0,0.19860834289342166,0.4281145291915162,-1.7158675392563367
36.75427722930908,16.33319851741323,15.0,0.19860834289342166,0.4281145291915162,-1.33319851741323
36.7742714881897,15.965865821902021,15.0,0.13731592182070018,0.42387976819183665,-0.9658658219020211
36.79445457458496,15.61886645261576,15.0,0.13731592182070018,0.42387976819183665,-0.6188664526157606
36.815871238708496,15.295135345211339,15.0,0.1607315655425191,0.4228216398786752,-0.2951353452113388
36.83434295654297,14.996097815974766,15.0,0.1607315655425191,0.4228216398786752,0.0039021840252342344
36.85943412780762,14.73646579830089,15.0,0.1607315655425191,0.4228216398786752,0.2635342016991107
36.8742299079895,14.498990266688084,15.0,0.1406991056725383,0.4928216398786752,0.5010097333119159
36.89451050758362,14.28547918706924,15.0,0.1406991056725383,0.4928216398786752,0.7145208129307594
36.91433930397034,14.096556756604098,15.0,0.14862908549606801,0.4554022760223596,0.9034432433959019
36.93535804748535,13.932008499185045,15.0,0.14862908549606801,0.4554022760223596,1.067991500814955
36.95434904098511,13.791043065165058,15.0,0.14624705688096584,0.44424976549111295,1.2089569348349425
36.97485876083374,13.670172927680662,15.0,0.14624705688096584,0.44424976549111295,1.329827072319338
36.9964439868927,13.56876245751987,15.0,0.1343618376273662,0.4828921272512524,1.4312375424801296
37.014474630355835,13.483540953525466,15.0,0.1343618376273662,0.4828921272512524,1.5164590464745338
37.03422498703003,13.411809992214366,15.0,0.1343618376273662,0.4828921272512524,1.5881900077856344
37.05433654785156,13.351339759637789,15.0,0.1456074990425259,0.5188407651241868,1.6486602403622115
37.074214935302734,13.29883795983645,15.0,0.1456074990425259,0.5188407651241868,1.7011620401635508
37.0942599773407,13.257017640428185,15.0,0.18232587129808964,0.5415335255768149,1.7429823595718155
37.114952087402344,13.223718638285558,15.0,0.18232587129808964,0.5415335255768149,1.7762813617144424
37.13431930541992,13.19953231605846,15.0,0.21985636801458897,0.5299618733208625,1.8004676839415392
37.15497303009033,13.189261955124854,15.0,0.21985636801458897,0.5299618733208625,1.810738044875146
37.17428016662598,13.193560718939919,15.0,0.1989340312872082,0.5063153230678289,1.8064392810600811
37.19418811798096,13.210181966234876,15.0,0.1989340312872082,0.5063153230678289,1.7898180337651244
37.21841025352478,13.234924118135403,15.0,0.15063667447306217,0.4363153230678289,1.7650758818645969
37.23422384262085,13.266971162707497,15.0,0.15063667447306217,0.4363153230678289,1.733028837292503
37.25505232810974,13.30093109819667,15.0,0.15063667447306217,0.4363153230678289,1.6990689018033294
37.2742235660553,13.333008331695963,15.0,0.16195213572122158,0.3663153230678289,1.6669916683040373
37.29434299468994,13.360858604790712,15.0,0.16195213572122158,0.3663153230678289,1.639141395209288
37.314287185668945,13.387112803318223,15.0,0.15492681517265738,0.4363153230678289,1.6128871966817773
37.33485674858093,13.41156647308166,15.0,0.15492681517265738,0.4363153230678289,1.5884335269183403
37.3541944026947,13.436441405026534,15.0,0.1671639886777848,0.45025813749991345,1.5635585949734665
37.37490153312683,13.46095336124778,15.0,0.1671639886777848,0.45025813749991345,1.53904663875222
37.39664554595947,13.484567191634657,15.0,0.19657102051191033,0.48627251557074475,1.5154328083653432
37.414589643478394,13.506934861406767,15.0,0.19657102051191033,0.48627251557074475,1.4930651385932325
37.439244985580444,13.527847474849043,15.0,0.19657102051191033,0.48627251557074475,1.4721525251509568
37.454240798950195,13.547198284941926,15.0,0.21381601515226067,0.44035590610466885,1.452801715058074
37.47502541542053,13.564954308456548,15.0,0.21381601515226067,0.44035590610466885,1.4350456915434524
37.49495720863342,13.58113466631862,15.0,0.2409065944235772,0.4918963181134312,1.4188653336813797
37.514195680618286,13.595794166049721,15.0,0.2409065944235772,0.4918963181134312,1.4042058339502788
37.53443503379822,13.608521917991066,15.0,0.2658859548252076,0.43511339447461056,1.391478082008934
37.55439734458923,13.620061517126356,15.0,0.2658859548252076,0.43511339447461056,1.3799384828736443
37.57431411743164,13.630471723671473,15.0,0.24788136417977513,0.49806366286240505,1.369528276328527
37.59461283683777,13.63982311634386,15.0,0.24788136417977513,0.49806366286240505,1.3601768836561394
37.61426830291748,13.643559926497884,15.0,0.17788136417977513,0.56774477831088,1.3564400735021156
37.63460731506348,13.640982126221514,15.0,0.17788136417977513,0.56774477831088,1.3590178737784857
37.65442228317261,13.629453562632982,15.0,0.24013385216705502,0.6302886994834989,1.3705464373670182
37.67426085472107,13.60274641579121,15.0,0.24013385216705502,0.6302886994834989,1.3972535842087908
37.69593954086304,13.561567689992225,15.0,0.21382807607762516,0.6195153294410556,1.4384323100077747
37.714720487594604,13.513738897758817,15.0,0.21382807607762516,0.6195153294410556,1.4862611022411834
37.737526178359985,13.46023527420901,15.0,0.2567275021504611,0.5656968130078166,1.5397647257909899
37.75485849380493,13.41378206223069,15.0,0.2567275021504611,0.5656968130078166,1.5862179377693106
37.778237104415894,13.363868241579725,15.0,0.2525269639957696,0.5264542697276919,1.6361317584202748
37.79435729980469,13.312866223326548,15.0,0.2525269639957696,0.5264542697276919,1.687133776673452
37.81872773170471,13.262452517092855,15.0,0.20163138856180013,0.4982788859214633,1.7375474829071447
37.835102558135986,13.213776088743385,15.0,0.20163138856180013,0.4982788859214633,1.7862239112566147
37.859336853027344,13.165272853618514,15.0,0.20163138856180013,0.4982788859214633,1.8347271463814856
37.87496757507324,13.12048456080996,15.0,0.19260516942478717,0.49838780317251796,1.8795154391900404
37.899346113204956,13.079456984912758,15.0,0.19260516942478717,0.49838780317251796,1.920543015087242
37.914390325546265,13.042122806769937,15.0,0.1397360245976597,0.5224666286612045,1.957877193230063
37.934643507003784,13.01065427679157,15.0,0.1397360245976597,0.5224666286612045,1.9893457232084302
37.9548282623291,12.986405609056435,15.0,0.1215473356936127,0.5924666286612046,2.013594390943565
37.97449851036072,12.965352296630904,15.0,0.1215473356936127,0.5924666286612046,2.034647703369096
37.995100021362305,12.951848112088069,15.0,0.16157810569740833,0.5809228900054586,2.0481518879119314
38.014397859573364,12.946259653431214,15.0,0.1472486871574074,0.6005591689774883,2.0537403465687856
38.034414529800415,12.948632934342516,15.0,0.1472486871574074,0.6005591689774883,2.051367065657484
38.05458998680115,12.956473736140293,15.0,0.17215936810709537,0.5376973613331211,2.0435262638597074
38.07458424568176,12.970221875504734,15.0,0.17215936810709537,0.5376973613331211,2.029778124495266
38.09476685523987,12.987710805154354,15.0,0.16825244429521263,0.47304856918548466,2.0122891948456463
38.114484786987305,13.009653443711285,15.0,0.16825244429521263,0.47304856918548466,1.9903465562887153
38.135130882263184,13.041060289638292,15.0,0.22798130887560547,0.5036563216874492,1.958939710361708
38.154301404953,13.080529412738903,15.0,0.20235974940471352,0.48813297461514593,1.919470587261097
38.17427182197571,13.11479751310942,15.0,0.20235974940471352,0.48813297461514593,1.8852024868905808
38.194687843322754,13.154310670846794,15.0,0.163904237030074,0.5064610545689356,1.8456893291532062
38.214293479919434,13.196425577684838,15.0,0.163904237030074,0.5064610545689356,1.8035744223151617
38.234588861465454,13.239237674623569,15.0,0.12207653972320259,0.4663620856756461,1.7607623253764313
38.254260778427124,13.28140571789236,15.0,0.12207653972320259,0.4663620856756461,1.7185942821076399
38.275120973587036,13.319698731704914,15.0,0.14399015198461712,0.4796802415678394,1.6803012682950857
38.29426145553589,13.3542910176003,15.0,0.07399015198461711,0.4834375514349085,1.6457089823997002
38.31520414352417,13.385401174306677,15.0,0.07399015198461711,0.4834375514349085,1.6145988256933226
38.334359645843506,13.415589155450533,15.0,0.04140723939053714,0.4134375514349085,1.584410844549467
38.354304790496826,13.44202466238032,15.0,0.04140723939053714,0.4134375514349085,1.5579753376196805
38.37474870681763,13.467473417283406,15.0,0.06544641475193202,0.43352177421358645,1.532526582716594
38.394771099090576,13.489568676027833,15.0,0.06544641475193202,0.43352177421358645,1.510431323972167
38.414692640304565,13.51074976207337,15.0,0.03594689327292144,0.43023439714481354,1.4892502379266297
38.434691190719604,13.533054004468976,15.0,0.03594689327292144,0.43023439714481354,1.4669459955310238
38.4548397064209,13.557866891424997,15.0,0.04993971413932741,0.40768637167086125,1.4421331085750033
38.47491502761841,13.586084640870503,15.0,0.04993971413932741,0.40768637167086125,1.413915359129497
38.494933128356934,13.615923665362207,15.0,0.05382472835481167,0.3642076406048727,1.3840763346377933
38.514715909957886,13.650735087612501,15.0,0.05382472835481167,0.3642076406048727,1.3492649123874987
38.534918546676636,13.692715484844433,15.0,0.016239361837506294,0.3742752897905302,1.3072845151555672
38.554471254348755,13.750150663277548,15.0,0.0,0.4005869462506962,1.249849336722452
38.5749568939209,13.823755776432119,15.0,0.0,0.4005869462506962,1.1762442235678812
38.5953004360199,13.906652354780055,15.0,0.025211770087480545,0.33838086420466423,1.0933476452199447
38.61514663696289,13.978625280551885,15.0,0.025211770087480545,0.33838086420466423,1.021374719448115
38.63516664505005,14.058622952250689,15.0,0.012542772106826305,0.3581115364449215,0.9413770477493113
38.65471529960632,14.144402473331413,15.0,0.012542772106826305,0.3581115364449215,0.8555975266685873
38.674806118011475,14.248151680237386,15.0,0.04078799020498991,0.4091756812648964,0.7518483197626136
38.6943838596344,14.380178764508257,15.0,0.002916901372373104,0.37303110057284355,0.6198212354917434
38.715035915374756,14.54458198566651,15.0,0.002916901372373104,0.37303110057284355,0.4554180143334907
38.73517942428589,14.731772904484178,15.0,0.0,0.3784938252883148,0.26822709551582236
38.75882077217102,14.929858315248397,15.0,0.005055252928286791,0.3548021617697668,0.07014168475160254
38.77468299865723,15.130290306903081,15.0,0.005055252928286791,0.3548021617697668,-0.1302903069030812
38.79819679260254,15.327069823864223,15.0,0.03052241774275899,0.336272452341218,-0.3270698238642229
38.814701080322266,15.516126300137365,15.0,0.03052241774275899,0.336272452341218,-0.5161263001373655
38.83423137664795,15.680269959678762,15.0,0.0,0.3508525726737571,-0.6802699596787622
38.854243993759155,15.83734965618151,15.0,0.0,0.3508525726737571,-0.8373496561815106
38.87439489364624,15.985383043522107,15.0,0.03613324463367462,0.3308494587781024,-0.9853830435221074
38.895193338394165,16.12323163740452,15.0,0.03613324463367462,0.3308494587781024,-1.123231637404519
38.91431760787964,16.250373088072124,15.0,0.0446839164942503,0.29518709828873396,-1.2503730880721236
38.93673634529114,16.366726767230848,15.0,0.10017718560993671,0.24723818277736426,-1.3667267672308476
38.95497465133667,16.472520982617933,15.0,0.10017718560993671,0.24723818277736426,-1.472520982617933
38.97646737098694,16.56819260586438,15.0,0.10017718560993671,0.24723818277736426,-1.568192605864379
38.994539976119995,16.654311859293703,15.0,0.04497518204152584,0.2796165098788333,-1.6543118592937027
39.01433753967285,16.731526559861376,15.0,0.04130574595183134,0.26823097033222437,-1.7315265598613756
39.035348653793335,16.80052134708826,15.0,0.04130574595183134,0.26823097033222437,-1.8005213470882602
39.054625511169434,16.860424382879213,15.0,0.04134790009629796,0.21345616815407992,-1.8604243828792129
39.076388359069824,16.91399773819733,15.0,0.0,0.2801262581141782,-1.913997738197331
39.09469699859619,16.95944635319091,15.0,0.0,0.2801262581141782,-1.9594463531909092
39.11645030975342,16.998053889177513,15.0,0.0,0.336655157932837,-1.9980538891775126
39.134589195251465,17.023943203838567,15.0,0.0,0.336655157932837,-2.0239432038385665
39.1558575630188,17.028734640368324,15.0,0.0,0.3156282243671012,-2.0287346403683237
39.17464065551758,17.00948023360237,15.0,0.0,0.3156282243671012,-2.009480233602371
39.194371700286865,16.974031502625998,15.0,0.00976541917771101,0.274888028705318,-1.9740315026259978
39.21429371833801,16.92826875859618,15.0,0.00976541917771101,0.274888028705318,-1.9282687585961789
39.234400510787964,16.876548175253507,15.0,0.04509988706558943,0.2779309692213428,-1.8765481752535074
39.254799365997314,16.822052483828084,15.0,0.04509988706558943,0.2779309692213428,-1.8220524838280845
39.27477169036865,16.767065484808963,15.0,0.05066002067178488,0.3479309692213428,-1.7670654848089633
39.29512977600098,16.719324368375812,15.0,0.11560824420303106,0.3416712298223865,-1.719324368375812
39.314467668533325,16.67173635349397,15.0,0.11560824420303106,0.3416712298223865,-1.6717363534939693
39.33479285240173,16.62550885702904,15.0,0.07465778570622206,0.37824644289707066,-1.6255088570290397
39.35439872741699,16.58144467078232,15.0,0.07465778570622206,0.37824644289707066,-1.5814446707823215
39.37536406517029,16.540044384413353,15.0,0.03708935808390379,0.40544037848507286,-1.5400443844133527
39.39451766014099,16.501585490902333,15.0,0.03708935808390379,0.40544037848507286,-1.5015854909023325
39.41460299491882,16.466183211345108,15.0,0.03918725880794227,0.33544037848507285,-1.4661832113451077
39.43445134162903,16.43383701932338,15.0,0.06280809896998107,0.3722883498648298,-1.4338370193233807
39.454596757888794,16.404466006335,15.0,0.06280809896998107,0.3722883498648298,-1.4044660063349994
39.474706172943115,16.384884608643286,15.0,0.0798082526307553,0.3700923482773942,-1.3848846086432864
39.494343519210815,16.379567996012888,15.0,0.0798082526307553,0.3700923482773942,-1.379567996012888
39.51437973976135,16.37495197718761,15.0,0.0570119961630553,0.3543257369546336,-1.3749519771876102
39.53945207595825,16.38029179721684,15.0,0.0570119961630553,0.3543257369546336,-1.3802917972168416
39.554670095443726,16.39240601763902,15.0,0.050231290282681584,0.35853377039340556,-1.3924060176390185
39.57438063621521,16.40890633497286,15.0,0.023198292823508382,0.34811922776309073,-1.4089063349728583
39.59429597854614,16.428018285253266,15.0,0.023198292823508382,0.34811922776309073,-1.4280182852532661
39.61443042755127,16.44844053123642,15.0,0.08485135179944336,0.40968957411852897,-1.4484405312364217
39.63789176940918,16.46923465684246,15.0,0.07468792353756726,0.4129349275844288,-1.4692346568424597
39.65503811836243,16.489739055783865,15.0,0.07468792353756726,0.4129349275844288,-1.4897390557838648
39.67756509780884,16.509501824999763,15.0,0.11341731552965939,0.3892323377894354,-1.509501824999763
39.694788217544556,16.528228627042708,15.0,0.11341731552965939,0.3892323377894354,-1.528228627042708
39.71433353424072,16.544487714694352,15.0,0.10038788919337094,0.38502912394498706,-1.5444877146943519
39.73524212837219,16.55985887870153,15.0,0.10038788919337094,0.38502912394498706,-1.5598588787015295
39.754382610321045,16.57420820293205,15.0,0.07605649088509381,0.41060235895012737,-1.5742082029320486
39.77496361732483,16.587469602340658,15.0,0.07605649088509381,0.41060235895012737,-1.5874696023406578
39.79458522796631,16.59962584769164,15.0,0.1429541960824281,0.3476130569705856,-1.599625847691641
39.81747055053711,16.610694098112905,15.0,0.18144223024137318,0.4176130569705856,-1.610694098112905
39.83503079414368,16.620714945989587,15.0,0.18144223024137318,0.4176130569705856,-1.6207149459895867
39.85440731048584,16.636693234433054,15.0,0.19567778636701405,0.4257893362248433,-1.6366932344330536
39.874842405319214,16.654071990298625,15.0,0.19567778636701405,0.4257893362248433,-1.6540719902986254
39.89500570297241,16.671965468156923,15.0,0.21781525132246315,0.4806848601603997,-1.6719654681569232
39.91631007194519,16.687428533043605,15.0,0.21781525132246315,0.4806848601603997,-1.6874285330436045
39.93515062332153,16.700853960769017,15.0,0.163363077910617,0.45794709075038553,-1.7008539607690167
39.95430302619934,16.710135904257847,15.0,0.163363077910617,0.45794709075038553,-1.7101359042578466
39.97451162338257,16.71166254390195,15.0,0.14652033639140427,0.5045063425952685,-1.7116625439019515
39.994534969329834,16.700813222627723,15.0,0.14652033639140427,0.5045063425952685,-1.7008132226277226
40.01478576660156,16.66543929727985,14.999999305557296,0.14587786683114246,0.46178860265557886,-1.665439991722554
40.03436493873596,16.600065249551676,14.999999305557296,0.14587786683114246,0.46178860265557886,-1.6000659439943803
40.05469584465027,16.515576630153816,14.999989190063413,0.18472876289160922,0.4665427245365572,-1.5155874400904032
40.07436990737915,16.417721743946306,14.999955888997883,0.14779198059113696,0.47758239974995376,-1.4177658549484224
40.0948052406311,16.313161865587535,14.999937272430234,0.14779198059113696,0.47758239974995376,-1.313224593157301
40.11527061462402,16.206700495416367,14.999885760585332,0.13654572219820693,0.5352526689114165,-1.2068147348310347
40.137054204940796,16.101724164354206,14.999765371868236,0.15836786181898788,0.5066336067559314,-1.10195879248597
40.155248403549194,16.010581033553034,14.999711781537997,0.15836786181898788,0.5066336067559314,-1.0108692520150377
40.17740535736084,15.923729507367621,14.999503842306446,0.20281949342461303,0.5346480859609437,-0.9242256650611758
40.19462752342224,15.842147808485326,14.999503842306446,0.20281949342461303,0.5346480859609437,-0.8426439661788798
40.21439814567566,15.768692853581499,14.999215105322952,0.17707617284031585,0.5360207901269314,-0.7694777482585469
40.235029458999634,15.702818473496313,14.999098695951286,0.17707617284031585,0.5360207901269314,-0.703719777545027
40.25434064865112,15.643945524578665,14.998682439110144,0.23500073776813224,0.5419913203388569,-0.6452630854685211
40.27454614639282,15.591487223010681,14.998155964746237,0.24891508818836883,0.5141767290353891,-0.5933312582644437
40.29428744316101,15.54486694288938,14.997953854004422,0.24891508818836883,0.5141767290353891,-0.546913088884958
40.315337896347046,15.50353031071504,14.997261371705504,0.27822279633255675,0.511065458546218,-0.5062689390095372
40.33483624458313,15.464636671442188,14.997261371705504,0.27822279633255675,0.511065458546218,-0.467375299736684
40.35460901260376,15.42846492494793,14.996120520733944,0.3272206083056517,0.5265450381141272,-0.43234440421398546
40.37432074546814,15.397059691133068,14.996120520733944,0.3272206083056517,0.5265450381141272,-0.4009391703991234
40.394495725631714,15.363237532452356,14.995086472677857,0.2890481360373087,0.5178848343368736,-0.36815105977449925
40.414236068725586,15.32631165638572,14.993886666769463,0.27068980486365035,0.5167629184600082,-0.332424989616257
40.43440294265747,15.285886828434665,14.993447931194508,0.27068980486365035,0.5167629184600082,-0.2924388972401566
40.45479702949524,15.232515348621815,14.992009513237043,0.2177956707892008,0.5606501350578037,-0.24050583538477177
40.4742693901062,15.141445452442975,14.992009513237043,0.2177956707892008,0.5606501350578037,-0.14943593920593123
40.494460582733154,14.996478586548216,14.989791217207122,0.1477956707892008,0.5735051377143827,-0.0066873693410940405
40.51434874534607,14.801682090283503,14.989791217207122,0.1477956707892008,0.5735051377143827,0.18810912692361903
40.53459572792053,14.57509240105957,14.987206066701717,0.21055252210469916,0.578975561207917,0.41211366564214735
40.5544114112854,14.334707877629068,14.987206066701717,0.21055252210469916,0.578975561207917,0.6524981890726487
40.57455825805664,14.093393389053098,14.985011334107398,0.1882801737007685,0.626272826588538,0.8916179450542998
40.59416079521179,13.860109130683908,14.982585751567242,0.17076472112210467,0.6463078662220505,1.1224766208833348
40.61498212814331,13.657565781537823,14.981724160413512,0.17076472112210467,0.6463078662220505,1.3241583788756888
40.634276151657104,13.465013736047224,14.978974987493794,0.21628878929885104,0.5983544580105808,1.5139612514465703
40.65434813499451,13.28679249128151,14.978974987493794,0.21628878929885104,0.5983544580105808,1.6921824962122844
40.67446327209473,13.12322214214458,14.974912175942459,0.26319497742922976,0.6589214085999993,1.8516900337978779
40.69434428215027,12.97645524557722,14.974912175942459,0.26319497742922976,0.6589214085999993,1.9984569303652382
40.71464014053345,12.845227724202749,14.971554559975857,0.1952147624758072,0.6956501520637539,2.126326835773108
40.73440194129944,12.728252036037405,14.967920245298151,0.20911064197542145,0.7,2.2396682092607456
40.75491809844971,12.62425827407287,14.966645707015896,0.20911064197542145,0.7,2.342387432943026
40.77444052696228,12.529705900389684,14.962628037922467,0.27911064197542146,0.7,2.432922137532783
40.794989347457886,12.446519596038362,14.961223013447471,0.27911064197542146,0.7,2.514703417409109
40.814361333847046,12.371103959082904,14.956805909262355,0.25187015888513997,0.7,2.585701950179452
40.83520483970642,12.305626177625529,14.955265111195382,0.25187015888513997,0.7,2.649638933569854
40.85444235801697,12.253172809353213,14.950432927222847,0.26787573081674054,0.7,2.697260117869634
40.87522053718567,12.211148346474001,14.948751212933528,0.26787573081674054,0.7,2.737602866459527
40.89437985420227,12.175158799304944,14.943488737110808,0.19787573081674054,0.7,2.7683299378058646
40.91457390785217,12.141993139062368,14.941661107621885,0.19787573081674054,0.7,2.7996679685595165
40.93427777290344,12.109346624769191,14.935953557171926,0.16796791752101853,0.6821994695812463,2.8266069324027345
40.95478415489197,12.077921094505918,14.933975156043505,0.16796791752101853,0.6821994695812463,2.856054061537588
40.974159479141235,12.04585550427622,14.927808174127708,0.19820404623867943,0.6121994695812463,2.881952669851488
40.99535918235779,12.016506774230972,14.925674286341504,0.19820404623867943,0.6121994695812463,2.909167512110532
41.0191376209259,11.989818604749482,14.919033938712467,0.24376144831301644,0.5976947752013801,2.9292153339629845
41.03421068191528,11.965681772426294,14.91673998955605,0.24376144831301644,0.5976947752013801,2.9510582171297557
41.05926752090454,11.944725558360707,14.91673998955605,0.24376144831301644,0.5976947752013801,2.9720144311953423
41.074824810028076,11.928074800597141,14.907154315161355,0.2485889211599715,0.5654430818930267,2.979079514564214
41.09925317764282,11.914853357453362,14.907154315161355,0.2485889211599715,0.5654430818930267,2.992300957707993
41.11418056488037,11.906678646929084,14.894229772226177,0.3073485136334784,0.6334569138661026,2.9875511252970934
41.134305238723755,11.899908393635574,14.894229772226177,0.3073485136334784,0.6334569138661026,2.9943213785906035
41.1548216342926,11.896608426232685,14.883115728773573,0.3255070500378497,0.6924601105228065,2.986507302540888
41.17506814002991,11.895805821768775,14.883115728773573,0.3255070500378497,0.6924601105228065,2.987309907004798
41.19426727294922,11.896758989271701,14.871295771248395,0.2930547535722144,0.7,2.9745367819766937
41.21488118171692,11.898906560985232,14.871295771248395,0.2930547535722144,0.7,2.972389210263163
41.23447370529175,11.897194447290289,14.858754272679098,0.22305475357221438,0.7,2.961559825388809
41.254780530929565,11.895707946468002,14.858754272679098,0.22305475357221438,0.7,2.9630463262110958
41.2744243144989,11.89155597627253,14.848865538690724,0.16502028140472247,0.6349021986126899,2.957309562418194
41.29439449310303,11.881029351792163,14.845476141097384,0.16502028140472247,0.6349021986126899,2.964446789305221
41.31480288505554,11.866352445299361,14.835025347566411,0.16995478230761363,0.584995512664318,2.96867290226705
41.33883213996887,11.849179642473922,14.824146047673924,0.16010427004890515,0.5226033300161361,2.9749664052000018
41.35533595085144,11.830725826307066,14.820423386412825,0.16010427004890515,0.5226033300161361,2.9896975601057587
41.379339933395386,11.814184939797789,14.820423386412825,0.16010427004890515,0.5226033300161361,3.0062384466150363
41.39480757713318,11.801725018173775,14.8050460115082,0.17533517624484374,0.5467418383806943,3.003320993334425
41.419320583343506,11.794744382868837,14.8050460115082,0.17533517624484374,0.5467418383806943,3.010301628639363
41.43417024612427,11.794069874569916,14.784713920465476,0.18975483807967974,0.5597378050908446,2.9906440458955608
41.454384088516235,11.80010960332546,14.784713920465476,0.18975483807967974,0.5597378050908446,2.9846043171400165
41.47493934631348,11.805353450032621,14.767544657000153,0.16539449054049327,0.546953616477549,2.962191206967532
41.49511647224426,11.817522922975046,14.767544657000153,0.16539449054049327,0.546953616477549,2.950021734025107
41.514427185058594,11.836498423248816,14.749559193852264,0.14882352757500483,0.55285902954638,2.9130607706034475
41.53421664237976,11.862017507669195,14.749559193852264,0.14882352757500483,0.55285902954638,2.8875416861830683
41.55491256713867,11.891409084788265,14.730746059111967,0.08434996563242747,0.6228590295463801,2.839336974323702
41.57444787025452,11.922715807639344,14.730746059111967,0.08434996563242747,0.6228590295463801,2.8080302514726228
41.594273805618286,11.956844015956365,14.716086429216492,0.08538251621881499,0.6002501328289509,2.759242413260127
41.61427569389343,11.996665223711346,14.711094280168595,0.08538251621881499,0.6002501328289509,2.7144290564572486
41.63416361808777,12.053289282240565,14.695798764187739,0.155382516218815,0.6577224735915661,2.642509481947174
41.654237031936646,12.133990039459539,14.69059337924764,0.155382516218815,0.6577224735915661,2.5566033397881007
41.674185037612915,12.243185228908601,14.674654440901975,0.1349293947056867,0.6390045271068812,2.431469211993374
41.69422221183777,12.337991280273854,14.669233368947747,0.1349293947056867,0.6390045271068812,2.3312420886738927
41.714109897613525,12.4678217364864,14.65264383680886,0.16989682464161887,0.6499487054347992,2.18482210032246
41.73419713973999,12.625506835074594,14.647004747777707,0.16989682464161887,0.6499487054347992,2.021497912703113
41.75415563583374,12.798383448981017,14.62975781192094,0.18964386953273787,0.6087789390981198,1.8313743629399237
41.7743616104126,12.97725564726045,14.623898495693439,0.18964386953273787,0.6087789390981198,1.6466428484329896
41.794185400009155,13.15789445138396,14.59990606963499,0.12248447759309783,0.5915743098407984,1.4420116182510299
41.814892053604126,13.3373159369384,14.59376854235184,0.12248447759309783,0.5915743098407984,1.2564526054134415
41.83425545692444,13.51116326265421,14.575019399063523,0.15404979733983054,0.616861906349659,1.0638561364093135
41.854626178741455,13.676557158261183,14.568657104579046,0.15404979733983054,0.616861906349659,0.8920999463178632
41.87414741516113,13.831720528243846,14.5492308814983,0.09832031501689925,0.5876793642342091,0.717510353254454
41.89484000205994,13.975688661259756,14.542641991803386,0.09832031501689925,0.5876793642342091,0.5669533305436296
41.915205001831055,14.100685470025155,14.522533378053687,0.16832031501689926,0.5510915857553482,0.421847908028532
41.93490266799927,14.216611957665755,14.51571618034065,0.16832031501689926,0.5510915857553482,0.2991042226748952
41.954957723617554,14.323183147539428,14.51571618034065,0.16832031501689926,0.5510915857553482,0.19253303280122225
41.97445201873779,14.420447658327696,14.487873104522967,0.13883486209670082,0.5190908466279507,0.06742544619527102
41.996421337127686,14.508684536153561,14.466385149181166,0.16671675076941028,0.4490908466279507,-0.042299386972395325
42.01522374153137,14.588325523299334,14.459106652235784,0.16671675076941028,0.4490908466279507,-0.12921887106355
42.036070823669434,14.659897043288565,14.459106652235784,0.16671675076941028,0.4490908466279507,-0.20079039105278085
42.05449604988098,14.726293757629698,14.42941116045487,0.19570607325294986,0.41344663575291635,-0.296882597174827
42.07705092430115,14.787346274912329,14.42941116045487,0.19570607325294986,0.41344663575291635,-0.35793511445745807
42.095298767089844,14.843077784924333,14.398781410783299,0.15786691760877147,0.4767193578183651,-0.4442963741410342
42.11826205253601,14.895960977503877,14.375193100960013,0.20774124941090122,0.5190820068120956,-0.5207678765438644
42.134339570999146,14.94187551547346,14.36721262498844,0.20774124941090122,0.5190820068120956,-0.5746628904850208
42.15830421447754,14.983019879663601,14.36721262498844,0.20774124941090122,0.5190820068120956,-0.6158072546751612
42.17472267150879,15.017450271091729,14.33470046053895,0.16702314844587818,0.5346379231661558,-0.6827498105527781
42.19877743721008,15.046309859157464,14.309694875984801,0.1983624920831062,0.5381623434834182,-0.7366149831726627
42.214988708496094,15.070539484878962,14.30124100614177,0.1983624920831062,0.5381623434834182,-0.7692984787371913
42.23986840248108,15.088598312091978,14.275522644240574,0.20385265030199662,0.5355114003643393,-0.813075667851404
42.2542359828949,15.09957873689783,14.275522644240574,0.20385265030199662,0.5355114003643393,-0.8240560926572549
42.2743980884552,15.105353254022427,14.249268149109444,0.23578416235977784,0.5469033418223261,-0.8560851049129834
42.29486441612244,15.107359662792112,14.240397302029006,0.23578416235977784,0.5469033418223261,-0.8669623607631056
42.31498146057129,15.104379590485188,14.213426147665395,0.2723578182631172,0.5577930023893714,-0.8909534428197929
42.337430477142334,15.098014545522009,14.185916307922396,0.24996169150108472,0.6248882522806525,-0.9120982375996132
42.354681730270386,15.092488250977661,14.176626498314675,0.24996169150108472,0.6248882522806525,-0.9158617526629858
42.376283168792725,15.082351696795945,14.176626498314675,0.24996169150108472,0.6248882522806525,-0.9057251984812691
42.39497971534729,15.06696374624045,14.148397070794399,0.23512592312181368,0.6712101323530077,-0.9185666754460513
42.41434645652771,15.043701130193696,14.119627114023563,0.2692653700360097,0.6652284178882837,-0.9240740161701329
42.434438705444336,15.013265661333804,14.109916907481784,0.2692653700360097,0.6652284178882837,-0.9033487538520202
42.45512652397156,14.974017496698666,14.080425369790305,0.22482431080425158,0.7,-0.8935921269083611
42.47744393348694,14.927366239211803,14.050392153800964,0.20840528566623107,0.6732166789472103,-0.8769740854108399
42.495108127593994,14.876802427280621,14.04026065633692,0.20840528566623107,0.6732166789472103,-0.8365417709437004
42.51816487312317,14.824853635512207,14.009504783745799,0.25069125700974837,0.6412406049668788,-0.8153488517664087
42.53527212142944,14.77331196874776,13.999132351608235,0.25069125700974837,0.6412406049668788,-0.7741796171395254
42.55846357345581,14.72109511010909,13.967653612758495,0.2445291965850629,0.7,-0.753441497350595
42.57441687583923,14.675759100279288,13.957040224620272,0.2445291965850629,0.7,-0.7187188756590164
42.59729027748108,14.632739913039886,13.957040224620272,0.2445291965850629,0.7,-0.6756996884196145
42.61505675315857,14.592463711529131,13.92483870022962,0.21119923290098086,0.7,-0.6676250112995117
42.63445520401001,14.555154209223241,13.892095312444985,0.28119923290098087,0.7,-0.6630588967782565
42.655351638793945,14.523204954165397,13.88106048881067,0.28119923290098087,0.7,-0.6421444653547272
42.67452692985535,14.495820841141727,13.847595145386943,0.3339929331489839,0.7,-0.6482256957547836
42.69466257095337,14.472329291801584,13.836319799951058,0.3339929331489839,0.7,-0.6360094918505261
42.71438002586365,14.452160558286025,13.802133362876654,0.34022232074523345,0.7,-0.6500271954093702
42.73474311828613,14.434831332427033,13.790617829435107,0.34022232074523345,0.7,-0.644213502991926
42.75535583496094,14.419931082909253,13.755711438520773,0.3332974074804224,0.7,-0.6642196443884796
42.77982306480408,14.402477951135484,13.720265995467058,0.34596196957165376,0.7,-0.6822119556684267
42.794809341430664,14.387324696529884,13.708331212450597,0.34596196957165376,0.7,-0.6789934840792871
42.81966996192932,14.368238822139386,13.708331212450597,0.34596196957165376,0.7,-0.6599076096887888
42.83524417877197,14.337659040882654,13.647761707092883,0.3044518942409195,0.6703723099082708,-0.6898973337897711
42.859623432159424,14.283687307207261,13.647761707092883,0.3044518942409195,0.6703723099082708,-0.635925600114378
42.87540292739868,14.196359615913705,13.598233898287656,0.29306596260750667,0.6844707185402512,-0.5981257176260488
42.89962863922119,14.069634256755329,13.598233898287656,0.29306596260750667,0.6844707185402512,-0.4714003584676725
42.91537022590637,13.91193483783311,13.547756245566015,0.2630488604702987,0.6918558611534535,-0.3641785922670948
42.94091200828552,13.736877594748394,13.522162260554191,0.23741660196566955,0.6735024622641503,-0.21471533419420297
42.954829692840576,13.55437756182332,13.522162260554191,0.23741660196566955,0.6735024622641503,-0.032215301269129526
42.974478006362915,13.371517681746454,13.48332859496415,0.1901391849317588,0.640706459339708,0.11181091321769543
42.99445724487305,13.195543459678062,13.47026622698143,0.1901391849317588,0.640706459339708,0.2747227673033681
43.014798164367676,13.04275814724304,13.43072655707072,0.15899195451522247,0.5798233955167233,0.3879684098276801
43.039170026779175,12.898653901835873,13.390659415614623,0.13998500373447315,0.6398437715135514,0.49200551377875
43.05525875091553,12.766693555815978,13.377186804128016,0.13998500373447315,0.6398437715135514,0.6104932483120376
43.07931327819824,12.651278621661156,13.336419276556526,0.20226264115655795,0.6384395038941875,0.6851406548953705
43.095300912857056,12.552713903122719,13.322713782943731,0.20226264115655795,0.6384395038941875,0.7699998798210128
43.118715047836304,12.473083373361577,13.281249420243267,0.17661113966489211,0.6635141106555238,0.8081660468816896
43.13545536994934,12.413335510807853,13.281249420243267,0.17661113966489211,0.6635141106555238,0.8679139094354138
43.154563426971436,12.371288756346594,13.239264908145008,0.15499514270806686,0.6423488794127479,0.8679761517984144
43.175288677215576,12.347277678981625,13.225154865584548,0.15499514270806686,0.6423488794127479,0.8778771866029231
43.19447207450867,12.341059335440086,13.182480316522986,0.12750479694688693,0.6764588071266189,0.8414209810828996
43.21541404724121,12.351996056470703,13.168140952268875,0.12750479694688693,0.6764588071266189,0.8161448957981712
43.235047817230225,12.361491596897233,13.124780578836695,0.12748116271570326,0.6811582864494994,0.7632889819394624
43.259278774261475,12.387437080220701,13.124780578836695,0.12748116271570326,0.6811582864494994,0.7373434986159939
43.27449178695679,12.433389973752409,13.066171585398415,0.14887354912236334,0.7,0.6327816116460063
43.29955458641052,12.501293931478848,13.066171585398415,0.14887354912236334,0.7,0.5648776539195666
43.31520366668701,12.594236807531397,12.991641175223933,0.21887354912236334,0.6971802479121834,0.39740436769253584
43.33966636657715,12.711387118828425,12.991641175223933,0.21887354912236334,0.6971802479121834,0.28025405639550804
43.35513758659363,12.849213001029572,12.931009483536094,0.2521548120863736,0.7,0.0817964825065225
43.37930607795715,13.002400039741666,12.931009483536094,0.2521548120863736,0.7,-0.07139055620557144
43.394505739212036,13.162219408940876,12.90036019458896,0.28125523203983904,0.6893234502524137,-0.26185921435191695
43.41447138786316,13.322433442572732,12.838399166582985,0.29920111211016776,0.679155239649117,-0.4840342759897478
43.43445038795471,13.476382830474947,12.822771564341116,0.29920111211016776,0.679155239649117,-0.6536112661338311
43.45469689369202,13.610045619566174,12.791352361566847,0.28227456646040083,0.7,-0.8186932579993265
43.479684591293335,13.733340348215535,12.791352361566847,0.28227456646040083,0.7,-0.9419879866486873
43.495262145996094,13.843867857478498,12.711853294066831,0.2948160123638809,0.7,-1.1320145634116674
43.51956534385681,13.935665521057995,12.711853294066831,0.2948160123638809,0.7,-1.2238122269911642
43.535391092300415,14.007401786623909,12.679675819013209,0.2754856207035482,0.6775897227227687,-1.3277259676107
43.55449557304382,14.056364151922038,12.631007917987628,0.22971297508105637,0.6657708229497075,-1.4253562339344104
43.575228691101074,14.07895242162177,12.614678683079495,0.22971297508105637,0.6657708229497075,-1.4642737385422748
43.5945360660553,14.075677405091996,12.565373013206196,0.21477470906451346,0.6571849545463919,-1.5103043918858
43.61952567100525,14.052208220850353,12.565373013206196,0.21477470906451346,0.6571849545463919,-1.486835207644157
43.63488793373108,14.017647438958907,12.498895212670657,0.20165321497246624,0.6698004908859729,-1.5187522262882496
43.66075944900513,13.97629349619319,12.448488980396766,0.18899616586044432,0.6613980371505022,-1.527804515796424
43.67511320114136,13.940388947267698,12.448488980396766,0.18899616586044432,0.6613980371505022,-1.4918999668709318
43.69437837600708,13.902454137648956,12.397617348892767,0.18362720903009178,0.5913980371505021,-1.5048367887561884
43.715386390686035,13.86642526465647,12.380557384914692,0.18362720903009178,0.5913980371505021,-1.4858678797417788
43.73457860946655,13.834986103139888,12.311807655907177,0.17681349568068983,0.6185322954505681,-1.523178447232711
43.75445294380188,13.809879789216485,12.294493496774226,0.17681349568068983,0.6185322954505681,-1.5153862924422583
43.77465844154358,13.792150169585867,12.259714158021369,0.16584581635892393,0.5748608960956334,-1.5324360115644975
43.7996871471405,13.782327867737893,12.259714158021369,0.16584581635892393,0.5748608960956334,-1.5226137097165235
43.81523942947388,13.780573047841571,12.171892006719524,0.2015720581263304,0.6066778256744145,-1.608681041122047
43.83958101272583,13.786784339163754,12.171892006719524,0.2015720581263304,0.6066778256744145,-1.6148923324442297
43.854676246643066,13.800681385562706,12.118605768887734,0.21140705548226835,0.6316234982758759,-1.6820756166749717
43.87449288368225,13.821866899891868,12.06488006504276,0.1848939073830843,0.6770573622733354,-1.7569868348491084
43.89485740661621,13.84026070432431,12.046874592732129,0.1848939073830843,0.6770573622733354,-1.7933861115921808
43.91438817977905,13.861210121934246,11.99256975935366,0.2045117908716202,0.6271985276788472,-1.8686403625805852
43.935303688049316,13.88338249875567,11.97437256233579,0.2045117908716202,0.6271985276788472,-1.9090099364198814
43.9543731212616,13.905819968470452,11.919496561258175,0.15883363723754884,0.578405185714364,-1.9863234072122768
43.97484278678894,13.927850229389236,11.901110322510647,0.15883363723754884,0.578405185714364,-2.026739906878589
43.994330406188965,13.949017045863481,11.845671288788774,0.2031479471921921,0.5796538293315097,-2.103345757074708
44.01523971557617,13.969026281529137,11.827098748471485,0.2031479471921921,0.5796538293315097,-2.141927533057652
44.03436231613159,13.987704142944688,11.771104987033546,0.22386093005537988,0.5737396716093643,-2.216599155911142
44.05434060096741,14.004965004814585,11.752348941372945,0.22386093005537988,0.5737396716093643,-2.2526160634416392
44.07431936264038,14.020786738357131,11.695808923673159,0.1663023115694523,0.5678168097464367,-2.3249778146839724
44.09438610076904,14.035191901427908,11.6768722238465,0.1663023115694523,0.5678168097464367,-2.3583196775814077
44.114949464797974,14.047698831787235,11.619794584517868,0.1904748821258545,0.5491161486087366,-2.4279042472693675
44.135040044784546,14.059092332091177,11.619794584517868,0.1904748821258545,0.5491161486087366,-2.4392977475733097
44.15514373779297,14.069412191184039,11.543073669044501,0.22066738396883012,0.5082167377648874,-2.526338522139538
44.17467284202576,14.078714341318259,11.543073669044501,0.22066738396883012,0.5082167377648874,-2.5356406722737574
44.19520092010498,14.087064453552985,11.48507644780657,0.21144918013364078,0.5026196525385602,-2.6019880057464153
44.21439242362976,14.09684958066224,11.42669357158219,0.24511043760925533,0.48454005876090367,-2.670156009080051
44.234949827194214,14.107373555027516,11.407147802370794,0.24511043760925533,0.48454005876090367,-2.7002257526567224
44.25532364845276,14.118133360007564,11.348258762439942,0.24334410425275566,0.5196894691279157,-2.7698745975676218
44.27450370788574,14.12877339479914,11.348258762439942,0.24334410425275566,0.5196894691279157,-2.780514632359198
44.295920610427856,14.1390498225758,11.269159943338073,0.27178276363760234,0.537835399149917,-2.8698898792377268
44.31529355049133,14.1464865137911,11.269159943338073,0.27178276363760234,0.537835399149917,-2.877326570453027
44.334314584732056,14.152943238971966,11.209407648467728,0.24973678622394802,0.5284607480233534,-2.943535590504238
44.35497546195984,14.155044331937814,11.189409720023244,0.24973678622394802,0.5284607480233534,-2.9656346119145702
44.37528681755066,14.151748365862696,11.129177258449737,0.21858939561992885,0.5287857662723399,-3.0225711074129595
44.39907455444336,14.133208832640271,11.068591041536761,0.20225021462887527,0.5910776194022036,-3.06461779110351
44.415483474731445,14.083722890741594,11.04831797666072,0.20225021462887527,0.5910776194022036,-3.0354049140808748
44.43513059616089,14.004780983557874,11.04831797666072,0.20225021462887527,0.5910776194022036,-2.9564630068971542
44.455536127090454,13.905143696981256,10.94637949228989,0.20989586167037488,0.5210776194022035,-2.9587642046913665
44.47470712661743,13.796074083177176,10.94637949228989,0.20989586167037488,0.5210776194022035,-2.849694590887287
44.494340658187866,13.681011129518811,10.884765374966765,0.22273670915514232,0.488042665182147,-2.7962457545520465
44.514655113220215,13.564817791236562,10.864153425045131,0.22273670915514232,0.488042665182147,-2.7006643661914307
44.53436732292175,13.453217921091793,10.802098811314266,0.22924452401697637,0.5313734090910291,-2.651119109777527
44.5543053150177,13.356324064552112,10.739720538373136,0.22697244711220266,0.5913799866125917,-2.6166035261789755
44.57437586784363,13.263624066653673,10.71885685946959,0.22697244711220266,0.5913799866125917,-2.5447672071840834
44.595308780670166,13.178596487552621,10.656056090038884,0.24449660755693914,0.585935653655324,-2.522540397513737
44.61433815956116,13.101138913174074,10.656056090038884,0.24449660755693914,0.585935653655324,-2.4450828231351895
44.63442635536194,13.03098070203617,10.571840500565735,0.25015463573858143,0.5754160215170121,-2.4591402014704347
44.654547691345215,12.967741497920718,10.571840500565735,0.25015463573858143,0.5754160215170121,-2.3959009973549836
44.67430019378662,12.910974763149063,10.50832558095334,0.21815741701051594,0.606228651946876,-2.4026491821957237
44.694265604019165,12.860199760148696,10.465817422258352,0.2800795835070312,0.5947005166695452,-2.3943823378903435
44.71475100517273,12.814924666557948,10.423179443965818,0.2800795835070312,0.5947005166695452,-2.39174522259213
44.73446607589722,12.774662922663676,10.38041344224232,0.2735675776936114,0.6264177761063909,-2.3942494804213563
44.75816226005554,12.738944447314932,10.316028346856289,0.2919282781518996,0.6478041573450899,-2.422916100458643
44.77495074272156,12.707932755081169,10.294504597833752,0.2919282781518996,0.6478041573450899,-2.4134281572474166
44.79700994491577,12.68039785102283,10.229750392441112,0.2748851532675326,0.7,-2.4506474585817184
44.81443119049072,12.656003535443991,10.229750392441112,0.2748851532675326,0.7,-2.4262531430028798
44.83437514305115,12.63211717265711,10.164726567442727,0.34049997279420496,0.6951571589335799,-2.4673906052143835
44.85449719429016,12.606896798405677,10.142993119143464,0.34049997279420496,0.6951571589335799,-2.463903679262213
44.87478423118591,12.579098178104042,10.077619498744127,0.34006359324906954,0.7,-2.5014786793599146
44.894954204559326,12.547925040165682,10.011990857934524,0.37601329282973894,0.7,-2.5359341822311574
44.91529893875122,12.512913244987434,9.9900590650036,0.37601329282973894,0.7,-2.5228541799838347
44.93488931655884,12.473841577690218,9.924100240676967,0.3843325822532643,0.6374830275774002,-2.5497413370132502
44.95438528060913,12.428347036163515,9.924100240676967,0.3843325822532643,0.6374830275774002,-2.504246795486548
44.97437286376953,12.377273947649298,9.835782596629578,0.3836240344250109,0.5843155056238174,-2.5414913510197206
44.99449014663696,12.33293098824338,9.835782596629578,0.3836240344250109,0.5843155056238174,-2.497148391613802
45.01445698738098,12.278223401681231,9.835782596629578,0.35149284680723214,0.5776955273933708,-2.4424408050516533
45.03446292877197,12.203860472110888,9.835782596629578,0.35149284680723214,0.5776955273933708,-2.36807787548131
45.0545768737793,12.10159071656021,9.835782596629578,0.35149284680723214,0.5776955273933708,-2.2658081199306324
45.07485032081604,11.964101949829443,9.835782596629578,0.35149284680723214,0.5776955273933708,-2.128319353199865
45.094852447509766,11.7965088568496,9.835782596629578,0.35149284680723214,0.5776955273933708,-1.9607262602200226
45.11492586135864,11.610106438226063,9.835782596629578,0.35149284680723214,0.5776955273933708,-1.7743238415964857
45.13508415222168,11.41323569805834,9.835782596629578,0.35149284680723214,0.5776955273933708,-1.5774531014287625
45.15499925613403,11.205016981768194,9.835782596629578,0.35149284680723214,0.5776955273933708,-1.3692343851386166
45.17498564720154,10.980505677041599,9.835782596629578,0.35149284680723214,0.5776955273933708,-1.144723080412021
45.195099115371704,10.750594830898384,9.835782596629578,0.35149284680723214,0.5776955273933708,-0.9148122342688065
45.21498489379883,10.550980364374194,9.835782596629578,0.35149284680723214,0.5776955273933708,-0.7151977677446162
45.23509097099304,10.351998816755685,9.835782596629578,0.35149284680723214,0.5776955273933708,-0.5162162201261076
45.254987478256226,10.158701019766847,9.835782596629578,0.35149284680723214,0.5776955273933708,-0.3229184231372688
45.27506065368652,9.976761735693147,9.835782596629578,0.35149284680723214,0.5776955273933708,-0.1409791390635693
45.29508566856384,9.80750684284915,9.835782596629578,0.35149284680723214,0.5776955273933708,0.028275753780427237
45.315086126327515,9.651522974574812,9.835782596629578,0.35149284680723214,0.5776955273933708,0.18425962205476587
45.334970235824585,9.508867838462107,9.835782596629578,0.35149284680723214,0.5776955273933708,0.3269147581674705
45.35498309135437,9.379230239754758,9.835782596629578,0.35149284680723214,0.5776955273933708,0.45655235687481976
45.37509822845459,9.262050952851391,9.835782596629578,0.35149284680723214,0.5776955273933708,0.5737316437781868
45.395304918289185,9.156613213112164,9.835782596629578,0.35149284680723214,0.5776955273933708,0.6791693835174133
45.4149968624115,9.062109722620868,9.835782596629578,0.35149284680723214,0.5776955273933708,0.7736728740087102
45.434760332107544,8.980059379387635,9.835782596629578,0.35149284680723214,0.5776955273933708,0.8557232172419429
45.45485210418701,8.906453374230706,9.835782596629578,0.35149284680723214,0.5776955273933708,0.9293292223988718
45.47474765777588,8.840652519449229,9.835782596629578,0.35149284680723214,0.5776955273933708,0.9951300771803488
45.494789361953735,8.782007143869413,9.835782596629578,0.35149284680723214,0.5776955273933708,1.0537754527601653
45.51498484611511,8.72987741671712,9.835782596629578,0.35149284680723214,0.5776955273933708,1.1059051799124582
45.53492856025696,8.683647204839282,9.835782596629578,0.35149284680723214,0.5776955273933708,1.1521353917902957
45.55506253242493,8.642733073110318,9.835782596629578,0.35149284680723214,0.5776955273933708,1.1930495235192602
45.57468366622925,8.60658967418523,9.835782596629578,0.35149284680723214,0.5776955273933708,1.2291929224443479
45.594804763793945,8.574712488317182,9.835782596629578,0.35149284680723214,0.5776955273933708,1.2610701083123956
45.61474347114563,8.546638650374149,9.835782596629578,0.35149284680723214,0.5776955273933708,1.2891439462554288
45.6348876953125,8.521946426465533,9.835782596629578,0.35149284680723214,0.5776955273933708,1.3138361701640449
45.655216217041016,8.50050800724566,9.835782596629578,0.35149284680723214,0.5776955273933708,1.3352745893839177
45.6749005317688,8.481640383492246,9.835782596629578,0.35149284680723214,0.5776955273933708,1.3541422131373313
45.694833278656006,8.465055638165918,9.835782596629578,0.35149284680723214,0.5776955273933708,1.3707269584636599
45.714728116989136,8.450493624708697,9.835782596629578,0.35149284680723214,0.5776955273933708,1.3852889719208807
45.734699010849,8.437720341530285,9.835782596629578,0.35149284680723214,0.5776955273933708,1.3980622550992923
45.75482106208801,8.426526113910183,9.835782596629578,0.35149284680723214,0.5776955273933708,1.4092564827193943
45.774789810180664,8.416723690050452,9.835782596629578,0.35149284680723214,0.5776955273933708,1.4190589065791261
45.79484724998474,8.408146327677459,9.835782596629578,0.35149284680723214,0.5776955273933708,1.427636268952119
45.81475377082825,8.400645924506604,9.835782596629578,0.35149284680723214,0.5776955273933708,1.4351366721229741
45.83477544784546,8.394091228444747,9.835782596629578,0.35149284680723214,0.5776955273933708,1.4416913681848307
45.85470747947693,8.388366150346881,9.835782596629578,0.35149284680723214,0.5776955273933708,1.4474164462826966
45.87481951713562,8.383395491374129,9.835782596629578,0.35149284680723214,0.5776955273933708,1.4523871052554487
45.89480376243591,8.379052539444935,9.835782596629578,0.35149284680723214,0.5776955273933708,1.456730057184643
45.91477417945862,8.3752600385775,9.835782596629578,0.35149284680723214,0.5776955273933708,1.4605225580520784
45.93480157852173,8.371949821199902,9.835782596629578,0.35149284680723214,0.5776955273933708,1.463832775429676
45.95488405227661,8.369061828920936,9.835782596629578,0.35149284680723214,0.5776955273933708,1.466720767708642
45.97514224052429,8.366543218660091,9.835782596629578,0.35149284680723214,0.5776955273933708,1.4692393779694868
45.994994163513184,8.364347551624212,9.835782596629578,0.35149284680723214,0.5776955273933708,1.4714350450053661
