time,theta,target,p1_cmd,p2_cmd,error
78.60828185081482,-24.597076584691806,0.0,0.0,0.0,24.597076584691806
78.62832498550415,-24.603285168974455,0.0,0.0,0.0,24.603285168974455
78.64843344688416,-24.605381217708036,0.0,0.0,0.0,24.605381217708036
78.66843748092651,-24.606447411321835,0.0,0.0,0.0,24.606447411321835
78.6883430480957,-24.607100196593006,0.0,0.0,0.0,24.607100196593006
78.70858025550842,-24.614417217312713,0.0,0.0,0.0,24.614417217312713
78.72848153114319,-24.640323043404898,0.0,0.0,0.0,24.640323043404898
78.74837970733643,-24.692804175943223,0.0,0.0,0.0,24.692804175943223
78.76858162879944,-24.769996715001696,0.0,0.0,0.0,24.769996715001696
78.78849148750305,-24.867801896045776,0.0,0.0,0.0,24.867801896045776
78.80849170684814,-24.98088170994824,0.0,0.0,0.0,24.98088170994824
78.82857775688171,-25.10316944858522,0.0,0.0,0.0,25.10316944858522
78.84838151931763,-25.20628626889458,0.0,0.0,0.0,25.20628626889458
78.86885356903076,-25.315474556568326,0.0,0.0,0.0,25.315474556568326
78.8890163898468,-25.418663918964,0.0,0.0,0.0,25.418663918964
78.90851163864136,-25.486588898760548,0.0,0.0,0.0,25.486588898760548
78.92857956886292,-25.472079260374485,0.0,0.0,0.0,25.472079260374485
78.9485490322113,-25.328707157556774,0.0,0.0,0.0,25.328707157556774
78.96861124038696,-25.02566819254015,0.0,0.0,0.0,25.02566819254015
78.98840665817261,-24.54823845014206,0.0,0.0,0.0,24.54823845014206
79.00835490226746,-23.893102247751955,0.0,0.0,0.0,23.893102247751955
79.02837824821472,-23.074205842511034,0.0,0.0,0.0,23.074205842511034
79.0484311580658,-22.12171298025153,0.0,0.0,0.0,22.12171298025153
79.06845021247864,-21.29579880177421,0.0,0.0,0.0,21.29579880177421
79.08841037750244,-20.35998299412651,0.0,0.0,0.0,20.35998299412651
79.10832571983337,-19.35869471156196,0.0,0.0,0.0,19.35869471156196
79.12862157821655,-18.338374944423443,0.0,0.0,0.0,18.338374944423443
79.14881920814514,-17.331742582490286,0.0,0.0,0.0,17.331742582490286
79.16865253448486,-16.36114496734926,0.0,0.0,0.0,16.36114496734926
79.18853235244751,-15.44114766776622,0.0,0.0,0.0,15.44114766776622
79.20855402946472,-14.580532602671365,0.0,0.0,0.0,14.580532602671365
79.22866678237915,-13.78383532396921,0.0,0.0,0.0,13.78383532396921
79.24842524528503,-13.052523197637818,0.0,0.0,0.0,13.052523197637818
79.26880621910095,-12.385893907437572,0.0,0.0,0.0,12.385893907437572
79.28883528709412,-11.781756431110283,0.0,0.0,0.0,11.781756431110283
79.30870652198792,-11.25725158082165,0.0,0.0,0.0,11.25725158082165
79.32859945297241,-10.781569965420541,0.0,0.0,0.0,10.781569965420541
79.34871339797974,-10.352335068274346,0.0,0.0,0.0,10.352335068274346
79.36855936050415,-9.96667252351513,0.0,0.0,0.0,9.96667252351513
79.3883466720581,-9.621437818327374,0.0,0.0,0.0,9.621437818327374
79.40849781036377,-9.313381590742393,0.0,0.0,0.0,9.313381590742393
79.42844700813293,-9.039267225124046,0.0,0.0,0.0,9.039267225124046
79.44841480255127,-8.795952212282081,0.0,0.0,0.0,8.795952212282081
79.46842813491821,-8.580442193492507,0.0,0.0,0.0,8.580442193492507
79.48840308189392,-8.389924603809547,0.0,0.0,0.0,8.389924603809547
79.50839519500732,-8.221787256176125,0.0,0.0,0.0,8.221787256176125
79.52865409851074,-8.075806400740678,0.0,0.0,0.0,8.075806400740678
79.5485155582428,-7.946881855020955,0.0,0.0,0.0,7.946881855020955
79.56871247291565,-7.833202057217864,0.0,0.0,0.0,7.833202057217864
79.58870387077332,-7.733106965952219,0.0,0.0,0.0,7.733106965952219
79.608731508255,-7.64508553070425,0.0,0.0,0.0,7.64508553070425
79.62870597839355,-7.567770008972191,0.0,0.0,0.0,7.567770008972191
79.64840388298035,-7.499928242754255,0.0,0.0,0.0,7.499928242754255
79.66859149932861,-7.440454721000309,0.0,0.0,0.0,7.440454721000309
79.68873000144958,-7.3883610342524335,0.0,0.0,0.0,7.3883610342524335
79.70870399475098,-7.342766158597547,0.0,0.0,0.0,7.342766158597547
79.7286467552185,-7.302886877073251,0.0,0.0,0.0,7.302886877073251
79.7486846446991,-7.268262669680157,0.0,0.0,0.0,7.268262669680157
79.76844334602356,-7.2379669300622265,0.0,0.0,0.0,7.2379669300622265
79.78847765922546,-7.211476100160627,0.0,0.0,0.0,7.211476100160627
79.8086850643158,-7.188326248895831,0.0,0.0,0.0,7.188326248895831
79.82871890068054,-7.1681070877447715,0.0,0.0,0.0,7.1681070877447715
79.8486967086792,-7.150456400344179,0.0,0.0,0.0,7.150456400344179
79.86878204345703,-7.135054906472229,0.0,0.0,0.0,7.135054906472229
79.88843083381653,-7.12162156309783,0.0,0.0,0.0,7.12162156309783
79.9084460735321,-7.109909292847356,0.0,0.0,0.0,7.109909292847356
79.92853808403015,-7.099701121921974,0.0,0.0,0.0,7.099701121921974
79.94870400428772,-7.09080670419543,0.0,0.0,0.0,7.09080670419543
79.96863269805908,-7.083084343669785,0.0,0.0,0.0,7.083084343669785
79.98866939544678,-7.076354454601781,0.0,0.0,0.0,7.076354454601781
80.00867342948914,-7.070491282289221,0.0,0.0,0.0,7.070491282289221
80.0286660194397,-7.065384637750544,0.0,0.0,0.0,7.065384637750544
80.04876160621643,-7.06093804766763,0.0,0.0,0.0,7.06093804766763
80.06853604316711,-7.0570671078975336,0.0,0.0,0.0,7.0570671078975336
80.08869791030884,-7.053698021772212,0.0,0.0,0.0,7.053698021772212
80.10859370231628,-7.0507663052713045,0.0,0.0,0.0,7.0507663052713045
80.12837100028992,-7.048215642226675,0.0,0.0,0.0,7.048215642226675
80.14848804473877,-7.045996873907051,0.0,0.0,0.0,7.045996873907051
80.16847491264343,-7.044070482604548,0.0,0.0,0.0,7.044070482604548
80.18830871582031,-7.042394566458154,0.0,0.0,0.0,7.042394566458154
80.20838689804077,-7.040936794044079,0.0,0.0,0.0,7.040936794044079
80.2284767627716,-7.039668959433371,0.0,0.0,0.0,7.039668959433371
80.24866342544556,-7.038566465549292,0.0,0.0,0.0,7.038566465549292
80.26825499534607,-7.037607870206552,0.0,0.0,0.0,7.037607870206552
80.28825736045837,-7.036774487652214,0.0,0.0,0.0,7.036774487652214
80.30821228027344,-7.036050039158331,0.0,0.0,0.0,7.036050039158331
80.32818460464478,-7.035420346893537,0.0,0.0,0.0,7.035420346893537
80.34826254844666,-7.034873065923349,0.0,0.0,0.0,7.034873065923349
80.36823558807373,-7.034397449757014,0.0,0.0,0.0,7.034397449757014
80.38837385177612,-7.033984507658349,0.0,0.0,0.0,7.033984507658349
80.40840291976929,-7.033625618501157,0.0,0.0,0.0,7.033625618501157
80.42871189117432,-7.033313731944632,0.0,0.0,0.0,7.033313731944632
80.44862031936646,-7.033042712211513,0.0,0.0,0.0,7.033042712211513
80.46889305114746,-7.032807220470237,0.0,0.0,0.0,7.032807220470237
80.48854088783264,-7.032602612136454,0.0,0.0,0.0,7.032602612136454
80.5082802772522,-7.032424847243872,0.0,0.0,0.0,7.032424847243872
80.52849698066711,-7.0322704122549435,0.0,0.0,0.0,7.0322704122549435
80.54842686653137,-7.0321362518781365,0.0,0.0,0.0,7.0321362518781365
80.56844162940979,-7.032019709632508,0.0,0.0,0.0,7.032019709632508
80.58857607841492,-7.031918476054424,0.0,0.0,0.0,7.031918476054424
80.60847663879395,-7.031830543577344,0.0,0.0,0.0,7.031830543577344
80.62861227989197,-7.03175419835572,0.0,0.0,0.0,7.03175419835572
80.6484968662262,-7.0316878823651425,0.0,0.0,0.0,7.0316878823651425
80.66850972175598,-7.031630280233013,0.0,0.0,0.0,7.031630280233013
80.68841576576233,-7.0315802486744605,0.0,0.0,0.0,7.0315802486744605
80.7085964679718,-7.03153679406453,0.0,0.0,0.0,7.03153679406453
80.72848987579346,-7.031499052915996,0.0,0.0,0.0,7.031499052915996
80.7484962940216,-7.031466274889868,0.0,0.0,0.0,7.031466274889868
80.76845026016235,-7.0314378080128055,0.0,0.0,0.0,7.0314378080128055
80.78866624832153,-7.031413085817014,0.0,0.0,0.0,7.031413085817014
80.80827903747559,-7.031391616154374,0.0,0.0,0.0,7.031391616154374
80.82826089859009,-7.0313729714682704,0.0,0.0,0.0,7.0313729714682704
80.84852313995361,-7.031356783675774,0.0,0.0,0.0,7.031356783675774
80.86854267120361,-7.031342725679552,0.0,0.0,0.0,7.031342725679552
80.88842034339905,-7.031330517495129,0.0,0.0,0.0,7.031330517495129
80.90836381912231,-7.031319915899175,0.0,0.0,0.0,7.031319915899175
80.9282500743866,-7.0313107096120575,0.0,0.0,0.0,7.0313107096120575
80.94826912879944,-7.031302715109862,0.0,0.0,0.0,7.031302715109862
80.96843075752258,-7.031295772984011,0.0,0.0,0.0,7.031295772984011
80.9882173538208,-7.031289744777156,0.0,0.0,0.0,7.031289744777156
81.00821208953857,-7.031284510233298,0.0,0.0,0.0,7.031284510233298
81.02820205688477,-7.031279964908068,0.0,0.0,0.0,7.031279964908068
81.04815411567688,-7.03127601809217,0.0,0.0,0.0,7.03127601809217
81.06821632385254,-7.031272591365839,0.0,0.0,0.0,7.031272591365839
81.08869457244873,-7.031269615835764,0.0,0.0,0.0,7.031269615835764
81.10856246948242,-7.031267032117551,0.0,0.0,0.0,7.031267032117551
81.12848925590515,-7.031264788637808,0.0,0.0,0.0,7.031264788637808
81.14863395690918,-7.031262840607717,0.0,0.0,0.0,7.031262840607717
81.16859245300293,-7.031261149131296,0.0,0.0,0.0,7.031261149131296
81.18865966796875,-7.031259680430714,0.0,0.0,0.0,7.031259680430714
81.20854592323303,-7.0312584051733165,0.0,0.0,0.0,7.0312584051733165
81.22831320762634,-7.031257297887042,0.0,0.0,0.0,7.031257297887042
81.24828839302063,-7.031256336452634,0.0,0.0,0.0,7.031256336452634
81.26844882965088,-7.031255501662577,0.0,0.0,0.0,7.031255501662577
81.28837418556213,-7.031254776876538,0.0,0.0,0.0,7.031254776876538
81.30845427513123,-7.031254147560268,0.0,0.0,0.0,7.031254147560268
81.32819414138794,-7.031253601140996,0.0,0.0,0.0,7.031253601140996
81.34811878204346,-7.031253126701177,0.0,0.0,0.0,7.031253126701177
81.36828088760376,-7.031252714760689,0.0,0.0,0.0,7.031252714760689
81.38824939727783,-7.03125235708766,0.0,0.0,0.0,7.03125235708766
81.40817379951477,-7.031252046534182,0.0,0.0,0.0,7.031252046534182
81.42814636230469,-7.031251776893623,0.0,0.0,0.0,7.031251776893623
81.44820213317871,-7.031251542776728,0.0,0.0,0.0,7.031251542776728
81.46824073791504,-7.0312513395039975,0.0,0.0,0.0,7.0312513395039975
81.488196849823,-7.031251163012253,0.0,0.0,0.0,7.031251163012253
81.50823521614075,-7.0312510097776135,0.0,0.0,0.0,7.0312510097776135
81.52824473381042,-7.031250876731251,0.0,0.0,0.0,7.031250876731251
81.54831337928772,-7.031250761213693,0.0,0.0,0.0,7.031250761213693
81.56823015213013,-7.031250660915753,0.0,0.0,0.0,7.031250660915753
81.5882396697998,-7.031250573832403,0.0,0.0,0.0,7.031250573832403
0.007019519805908203,-7.03125049822272,-7.41481678572509e-08,0.0,0.0,7.031250424074552
0.02621912956237793,-7.031250432575107,-1.997994128594976e-06,0.0,0.012468259781599045,7.031248434580979
0.046189308166503906,-7.03125037557709,-9.23144447204424e-06,0.01705147512257099,0.08246825978159905,7.031241144132618
0.06626701354980469,-7.031250326089089,-2.5280296234674474e-05,0.07026326097548008,0.07855867518112064,7.031225045792854
0.08657622337341309,-7.031250283121649,-5.3622016293064875e-05,0.09152377024292946,0.050558372568339116,7.031196661105356
0.10681414604187012,-7.03125024581622,-9.770581746910222e-05,0.11913246475160122,0.03660408424213529,7.031152539998751
0.12681794166564941,-7.031250213426139,-0.00016095273463517874,0.04913246475160121,0.0,7.031089260691504
0.1464221477508545,-7.0312501853038,-0.00016095273463517874,0.04913246475160121,0.0,7.0310892325691645
0.17207837104797363,-7.031250160886912,-0.00042510583214036687,0.0,0.0,7.0308250550547715
0.1957261562347412,-7.031250139687261,-0.0004994614597643,0.0,0.0,7.030750678227497
0.2065267562866211,-7.031250121280957,-0.0004994614597643,0.0,0.0,7.030750659821193
0.2326202392578125,-7.031250105299951,-0.0004994614597643,0.0,0.0,7.030750643840187
0.2486274242401123,-7.031250091424688,-0.0004994614597643,0.0,0.0,7.030750629964924
0.2694733142852783,-7.031250079377714,-0.0012708282395845932,0.0,0.04216054081916809,7.02997925113813
0.28841161727905273,-7.031250068918132,-0.0012708282395845932,0.0,0.04216054081916809,7.029979240678547
0.30847764015197754,-7.031250059836779,-0.0012708282395845932,0.0,0.04216054081916809,7.029979231597195
0.3264915943145752,-7.031250051952118,-0.0023549055069433883,0.0,0.05297771841287613,7.0288951464451745
0.3463757038116455,-7.031250045106394,-0.002580026086391784,0.0,0.05297771841287613,7.028670019020002
0.368863582611084,-7.031250039162715,-0.0036217650078458766,0.0,0.0,7.027628274154869
0.38657307624816895,-7.0312500340022215,-0.003919435910833103,0.0,0.0,7.027330598091388
0.40673375129699707,-7.031250029521719,-0.004907904831991804,0.0,0.0,7.0263421246897275
0.42679572105407715,-7.031250025631608,-0.005650194549944546,0.0,0.0,7.025599831081664
0.4465508460998535,-7.0312500222540955,-0.006462613842555766,0.0,0.0,7.02478740841154
0.46648597717285156,-7.031250019321637,-0.0073481163636517095,0.0,0.0,7.023901902957985
0.48713207244873047,-7.031250016775588,-0.008309628959002694,0.0,0.0,7.022940387816585
0.5064828395843506,-7.0312500145650345,-0.00881979636222827,0.0,0.0,7.022430218202806
0.52691650390625,-7.031250012645767,-0.009900753449448949,0.0,0.0,7.0213492591963185
0.5466446876525879,-7.03125001097941,-0.011064920939546112,0.0546540692448616,0.011246422305703163,7.020185090039864
0.5665020942687988,-7.03125000953263,-0.012315132449422738,0.0,0.08124642230570317,7.018934877083207
0.5867557525634766,-7.031250008276493,-0.01365419513039928,0.0,0.011246422305703163,7.017595813146094
0.606621503829956,-7.0312500071858794,-0.015084889744318826,0.0,0.02665179129689932,7.0161651174415605
0.626685619354248,-7.031250006238977,-0.016609970739652313,0.0,0.079325414262712,7.014640035499325
0.6467852592468262,-7.03125000541685,-0.018232166327603737,0.0,0.1376319294795394,7.013017839089247
0.6666409969329834,-7.031250004703057,-0.019954178558215352,0.07,0.14519728813320398,7.011295826144841
0.6866292953491211,-7.031250004083321,-0.02177868339647283,0.14,0.07519728813320398,7.009471320686848
0.7066318988800049,-7.0312500035452485,-0.02370833079841053,0.07361644446849824,0.1357787710800767,7.007541672746838
0.7266941070556641,-7.03125000307808,-0.025745744787216588,0.06184389661997558,0.06577877108007668,7.0055042582908635
0.746544361114502,-7.031250002672471,-0.027893523529338243,0.08255728367716075,0.0,7.003356479143133
0.7666101455688477,-7.031250002320312,-0.03015423941058694,0.10357814501971008,0.0,7.001095762909725
0.7865900993347168,-7.0312500020145565,-0.03253043911224356,0.03357814501971007,0.0,6.998719562902313
0.8066918849945068,-7.0312500017490915,-0.03502464368716361,0.0,0.05398758873343468,6.996225358061928
0.8269138336181641,-7.031250001518608,-0.03763934863588245,0.0,0.07190904393792152,6.993610652882726
0.8467676639556885,-7.031250001318496,-0.040377023982720445,0.0,0.05211491510272026,6.990872977335776
0.8667097091674805,-7.031250001144754,-0.043240114351888195,0.0,0.031906114891171455,6.988009886792866
0.8867568969726562,-7.031250000993905,-0.04623103904359174,0.0,0.043017457239329815,6.985018961950313
0.9066207408905029,-7.0312500008629355,-0.049352192110137715,0.0,0.11301745723932982,6.981897808752798
0.9267599582672119,-7.031250000749224,-0.05260594243203859,0.021055852994322777,0.052642441056668765,6.978644058317185
0.9467253684997559,-7.031250000650496,-0.05599463379411785,0.008970950730144978,0.018572236113250262,6.975255366856378
0.9678149223327637,-7.031250000564778,-0.05952058496161516,0.0,0.08476721744984389,6.971729415603162
0.9864675998687744,-7.031250000490354,-0.05952058496161516,0.0,0.08476721744984389,6.971729415528739
1.0063555240631104,-7.031250000425739,-0.06895096655604717,0.0,0.02436331536620856,6.962299033869693
1.026235818862915,-7.0312500003696385,-0.0729752278840288,0.0,0.0507918043807149,6.95827477248561
1.0465662479400635,-7.03125000032093,-0.07714687588422839,0.0,0.0,6.954103124436702
1.0664222240447998,-7.031250000278639,-0.08146809307455531,0.0,0.0654236227273941,6.949781907204084
1.0866823196411133,-7.031250000241923,-0.08594103744801881,0.029583178460597992,0.08695013448596,6.945308962793904
1.1068835258483887,-7.0312500002100435,-0.09056784254883336,0.099583178460598,0.06339428760111332,6.94068215766121
1.126250982284546,-7.031250000182366,-0.0953506175485239,0.1355372627079487,0.07255399785935879,6.935899382633842
1.146357774734497,-7.031250000158336,-0.10029144732203092,0.08873303577303887,0.0297227893024683,6.930958552836304
1.166921854019165,-7.0312500001374705,-0.10539239252381559,0.018733035773038864,0.029300900117959827,6.925857607613655
1.1888737678527832,-7.031250000119356,-0.1106554896639653,0.06195735186338425,0.04379583051195368,6.920594510455391
1.206355333328247,-7.031250000103628,-0.1106554896639653,0.06195735186338425,0.04379583051195368,6.920594510439663
1.2269494533538818,-7.031250000089973,-0.11885856591266383,0.007182411849498749,0.020749405899550766,6.91239143417731
1.2461891174316406,-7.031250000078118,-0.12743769724807602,0.030418427661061287,0.007383624964859337,6.903812302830042
1.2698047161102295,-7.031250000067824,-0.13336928701876005,0.0346164358779788,0.05690158059587702,6.897880713049064
1.286559820175171,-7.031250000058886,-0.13336928701876005,0.0346164358779788,0.05690158059587702,6.897880713040126
1.3065671920776367,-7.031250000051127,-0.14575028476279975,0.026354257948696613,0.007789655530359596,6.8854997152883275
1.3313298225402832,-7.03125000004439,-0.14575028476279975,0.026354257948696613,0.007789655530359596,6.885499715281591
1.3466951847076416,-7.031250000038541,-0.155496520550713,0.0,0.06070040067424998,6.875753479487828
1.3662335872650146,-7.031250000033463,-0.16221675227940646,0.037955302745103836,0.0458164912997745,6.869033247754056
1.3872482776641846,-7.031250000029053,-0.16564437179839073,0.037955302745103836,0.0458164912997745,6.865605628230663
1.4068961143493652,-7.031250000025226,-0.17619993072751344,0.0,0.038690349960234016,6.855050069297713
1.4279465675354004,-7.0312500000219025,-0.1871691715669763,0.07,0.00849927490344271,6.844080828454926
1.4467146396636963,-7.031250000019017,-0.1909185301536073,0.07,0.00849927490344271,6.84033146986541
1.4683103561401367,-7.031250000016511,-0.20244843726244535,0.0,0.009809162758756429,6.828801562754066
1.4874825477600098,-7.031250000014335,-0.2063863872563889,0.0,0.009809162758756429,6.824863612757946
1.5089807510375977,-7.031250000012447,-0.21848709609653283,0.01729896478354931,0.0,6.812762903915914
1.527379035949707,-7.031250000010807,-0.2226169700809806,0.01729896478354931,0.0,6.808633029929827
1.5493957996368408,-7.031250000009384,-0.2352983412223866,0.03477213904261589,0.024103743955492973,6.795951658786997
1.56636643409729,-7.031250000008147,-0.23962338045429307,0.03477213904261589,0.024103743955492973,6.791626619553854
1.589648962020874,-7.0312500000070735,-0.2528950014014674,0.0,0.07898957096040249,6.778354998605606
1.6071910858154297,-7.031250000006142,-0.257418356420391,0.0,0.07898957096040249,6.77383164358575
1.631422758102417,-7.031250000005333,-0.2760142746758602,0.007116743363440037,0.1097800713032484,6.755235725329473
1.6469745635986328,-7.031250000004631,-0.28078981765802963,0.007116743363440037,0.1097800713032484,6.750460182346601
1.666238784790039,-7.031250000004021,-0.28078981765802963,0.007116743363440037,0.1097800713032484,6.750460182345991
1.6868109703063965,-7.031250000003491,-0.3004037719564973,0.004960490623489022,0.1532943043857813,6.730846228046994
1.7076287269592285,-7.031250000003032,-0.3004037719564973,0.004960490623489022,0.1532943043857813,6.730846228046535
1.7263081073760986,-7.031250000002633,-0.3208452075493694,0.0,0.08329430438578128,6.7104047924532635
1.7471649646759033,-7.031250000002286,-0.3208452075493694,0.0,0.08329430438578128,6.710404792452917
1.7675800323486328,-7.031250000001985,-0.3421253435731725,0.05873678997159004,0.09916420497000217,6.689124656428812
1.7871012687683105,-7.031250000001724,-0.3421253435731725,0.05873678997159004,0.09916420497000217,6.689124656428551
1.8062593936920166,-7.0312500000014975,-0.3586423937419019,0.0799059048295021,0.08311527252197265,6.672607606259596
1.8277308940887451,-7.0312500000013,-0.3642550481672613,0.0799059048295021,0.08311527252197265,6.666994951834039
1.84639310836792,-7.031250000001129,-0.38724484090918354,0.14369506388902664,0.013115272521972643,6.644005159091945
1.8671486377716064,-7.0312500000009805,-0.39312787763959983,0.14369506388902664,0.013115272521972643,6.638122122361381
1.8864083290100098,-7.031250000000852,-0.41110489525004823,0.128962229937315,0.0,6.6201451047508035
1.9064068794250488,-7.03125000000074,-0.4172070466521265,0.128962229937315,0.0,6.614042953348614
1.9263482093811035,-7.031250000000642,-0.4358450409498907,0.08348209783434868,0.0,6.595404959050751
1.9473707675933838,-7.031250000000558,-0.44216871104730426,0.08348209783434868,0.0,6.5890812889532535
1.9692251682281494,-7.031250000000485,-0.46147476651303854,0.07706275442615151,0.0,6.569775233487446
1.9868557453155518,-7.031250000000421,-0.4680222743960601,0.07706275442615151,0.0,6.563227725604361
2.011329174041748,-7.031250000000367,-0.4680222743960601,0.07706275442615151,0.0,6.563227725604307
2.027369737625122,-7.031250000000319,-0.5016072399883234,0.007062754426151507,0.013237239792943,6.5296427600119955
2.046919822692871,-7.031250000000277,-0.5016072399883234,0.007062754426151507,0.013237239792943,6.529642760011954
2.0666427612304688,-7.031250000000242,-0.5295002099009701,0.009317681025713676,0.0,6.501749790099272
2.0871999263763428,-7.03125000000021,-0.5295002099009701,0.009317681025713676,0.0,6.50174979009924
2.1076667308807373,-7.031250000000183,-0.5583133172139799,0.0,0.07,6.472936682786203
2.1267151832580566,-7.031250000000159,-0.5583133172139799,0.0,0.07,6.472936682786179
2.1462137699127197,-7.0312500000001386,-0.5805318024856355,0.0,0.03319022402167321,6.450718197514503
2.1664154529571533,-7.031250000000121,-0.5880545449186574,0.0,0.03319022402167321,6.443195455081463
2.1862151622772217,-7.031250000000105,-0.6109741620015452,0.03924848139286041,0.0,6.42027583799856
2.2065939903259277,-7.0312500000000915,-0.618731548145115,0.03924848139286041,0.0,6.412518451854977
2.2262015342712402,-7.031250000000079,-0.6503516565976397,0.0,0.0,6.380898343402439
2.2471108436584473,-7.031250000000069,-0.6584048720637963,0.0,0.0,6.372845127936273
2.266237735748291,-7.03125000000006,-0.6829218769900584,0.0,0.0,6.348328123010002
2.287414789199829,-7.031250000000053,-0.6912136776216629,0.0,0.0,6.34003632237839
2.3064401149749756,-7.031250000000047,-0.7164488954811055,0.05930369719862938,0.0,6.314801104518942
2.3263442516326904,-7.031250000000042,-0.7249809030165018,0.05930369719862938,0.0,6.30626909698354
2.346921920776367,-7.031250000000036,-0.7509390801097874,0.0,0.04007530212402344,6.280310919890249
2.367588758468628,-7.031250000000032,-0.7597128371379147,0.0,0.04007530212402344,6.271537162862117
2.3913543224334717,-7.0312500000000275,-0.7597128371379147,0.0,0.04007530212402344,6.271537162862113
2.4064064025878906,-7.031250000000025,-0.8044934473660507,0.0,0.03134983964264393,6.226756552633974
2.4263994693756104,-7.031250000000021,-0.8044934473660507,0.0,0.03134983964264393,6.2267565526339705
2.446302652359009,-7.031250000000019,-0.8320944141766387,0.0,0.01840630080550909,6.19915558582338
2.4670562744140625,-7.031250000000017,-0.8414173418241438,0.0,0.01840630080550909,6.189832658175873
2.486398458480835,-7.031250000000015,-0.8793242205241479,0.0,0.028157440945506096,6.151925779475867
2.507589817047119,-7.031250000000013,-0.8889551202291777,0.0,0.028157440945506096,6.142294879770835
2.528341770172119,-7.0312500000000115,-0.9182190501039581,0.0,0.008208198472857475,6.113030949896054
2.5472218990325928,-7.031250000000011,-0.9280976778026127,0.0,0.008208198472857475,6.103152322197398
2.566171169281006,-7.031250000000011,-0.9280976778026127,0.0,0.008208198472857475,6.103152322197398
2.587435483932495,-7.03125000000001,-0.978423817583329,0.013059930875897408,0.0,6.0528261824166805
2.6065754890441895,-7.031250000000009,-0.978423817583329,0.013059930875897408,0.0,6.05282618241668
2.62626576423645,-7.031250000000008,-1.009368270208599,0.0,0.0,6.021881729791409
2.6470882892608643,-7.031250000000007,-1.0198082596375209,0.0,0.0,6.0114417403624865
2.6662280559539795,-7.031250000000006,-1.0621956520751938,0.0,0.011291055008769035,5.969054347924812
2.6863722801208496,-7.031250000000005,-1.0729496412360051,0.0,0.011291055008769035,5.958300358764
2.711357831954956,-7.031250000000005,-1.0729496412360051,0.0,0.011291055008769035,5.958300358764
2.7277629375457764,-7.031250000000005,-1.1276650991420603,0.030271412804722786,0.0,5.903584900857945
2.747535228729248,-7.031250000000005,-1.1276650991420603,0.030271412804722786,0.0,5.903584900857945
2.766313314437866,-7.031250000000005,-1.172575039260249,0.03667728928849101,0.0,5.858674960739757
2.7877871990203857,-7.031250000000005,-1.1839609056676328,0.03667728928849101,0.0,5.847289094332373
2.80997633934021,-7.031250000000005,-1.2184993007980798,0.0,0.0,5.812750699201926
2.8266091346740723,-7.031250000000005,-1.2301391645296538,0.0,0.0,5.801110835470352
2.84665584564209,-7.031250000000005,-1.2301391645296538,0.0,0.0,5.801110835470352
2.8663995265960693,-7.031250000000005,-1.277334946430147,0.03454883024096489,0.01574675180017948,5.753915053569859
2.8867478370666504,-7.031250000000005,-1.2892931486994945,0.03454883024096489,0.01574675180017948,5.741956851300511
2.907526731491089,-7.031250000000005,-1.2892931486994945,0.03454883024096489,0.01574675180017948,5.741956851300511
2.926466464996338,-7.031250000000005,-1.3623825604179263,0.0,0.0,5.668867439582079
2.947056531906128,-7.031250000000005,-1.37478776056499,0.0,0.0,5.656462239435015
2.96850323677063,-7.031250000000005,-1.37478776056499,0.0,0.0,5.656462239435015
2.9864659309387207,-7.031250000000005,-1.4377736745748486,0.0,0.011960419826209545,5.593476325425157
3.0075347423553467,-7.031250000000005,-1.450562989537258,0.0,0.011960419826209545,5.580687010462747
3.0319759845733643,-7.031250000000005,-1.502361303421409,0.0,0.0,5.528888696578596
3.048316478729248,-7.031250000000005,-1.5154712227398115,0.0,0.0,5.515778777260194
3.067202568054199,-7.031250000000005,-1.5154712227398115,0.0,0.0,5.515778777260194
3.0862233638763428,-7.031250000000005,-1.5685526478637473,0.06315171718597412,0.0,5.462697352136258
3.106684446334839,-7.031250000000005,-1.581983491987601,0.06315171718597412,0.0,5.449266508012404
3.128546953201294,-7.031250000000005,-1.6226613202155964,0.027081690728664398,0.0,5.408588679784409
3.1468329429626465,-7.031250000000005,-1.6363490464565322,0.027081690728664398,0.0,5.394900953543473
3.1662683486938477,-7.031250000000005,-1.6363490464565322,0.027081690728664398,0.0,5.394900953543473
3.1864733695983887,-7.031250000000005,-1.705751182982175,0.02520393009763211,0.0,5.325498817017831
3.2076900005340576,-7.031250000000005,-1.705751182982175,0.02520393009763211,0.0,5.325498817017831
3.226229429244995,-7.031250000000005,-1.7624290695644127,0.0,0.0,5.268820930435592
3.2463700771331787,-7.031250000000005,-1.7767590938829756,0.0,0.0,5.25449090611703
3.2684786319732666,-7.031250000000005,-1.7767590938829756,0.0,0.0,5.25449090611703
3.287968397140503,-7.031250000000005,-1.834721195935925,0.0,0.0,5.19652880406408
3.307781934738159,-7.031250000000005,-1.834721195935925,0.0,0.0,5.19652880406408
3.326463222503662,-7.031250000000005,-1.8937100187527403,0.0,0.043908726423978806,5.137539981247265
3.3475656509399414,-7.031250000000005,-1.9086175547050739,0.0,0.043908726423978806,5.122632445294931
3.366245985031128,-7.031250000000005,-1.9688885429326168,0.0,0.038851819932460785,5.0623614570673885
3.3870315551757812,-7.031250000000005,-1.984116409300879,0.0,0.038851819932460785,5.047133590699127
3.4089629650115967,-7.031250000000005,-2.0301839656287504,0.0,0.0683471318334341,5.001066034371255
3.426548957824707,-7.031250000000005,-2.045667727575101,0.0,0.0683471318334341,4.985582272424905
3.4513301849365234,-7.031250000000005,-2.045667727575101,0.0,0.0683471318334341,4.985582272424905
3.4662601947784424,-7.031250000000005,-2.1240447270840535,0.07,0.040989844128489494,4.907205272915952
3.4865477085113525,-7.031250000000005,-2.1240447270840535,0.07,0.040989844128489494,4.907205272915952
3.507643938064575,-7.031250000000005,-2.18789445427298,0.019913922697305686,0.0,4.843355545727025
3.5267152786254883,-7.031250000000005,-2.18789445427298,0.019913922697305686,0.0,4.843355545727025
3.5461409091949463,-7.031250000000005,-2.2364501699823394,0.01992327959698742,0.0,4.794799830017666
3.566779613494873,-7.031250000000005,-2.2527625425137394,0.01992327959698742,0.0,4.778487457486266
3.586242914199829,-7.031250000000005,-2.318646706075502,0.05134856568140095,0.07,4.712603293924504
3.606236219406128,-7.031250000000005,-2.335276217971523,0.05134856568140095,0.07,4.695973782028482
3.6262149810791016,-7.031250000000005,-2.3855444190394364,0.12134856568140096,0.04497388534247876,4.645705580960569
3.6470682621002197,-7.031250000000005,-2.402426895696034,0.12134856568140096,0.04497388534247876,4.628823104303971
3.666186571121216,-7.031250000000005,-2.453452917734076,0.07157530473035878,0.01562122784554959,4.5777970822659295
3.686530828475952,-7.031250000000005,-2.470587631369927,0.07157530473035878,0.01562122784554959,4.560662368630078
3.7080039978027344,-7.031250000000005,-2.470587631369927,0.07157530473035878,0.01562122784554959,4.560662368630078
3.7276012897491455,-7.031250000000005,-2.539755367555667,0.09565452137452668,0.029518248215317733,4.491494632444338
3.750305414199829,-7.031250000000005,-2.609926814542657,0.08996579121288961,0.0,4.421323185457348
3.767141580581665,-7.031250000000005,-2.627626098670395,0.08996579121288961,0.0,4.40362390132961
3.791386604309082,-7.031250000000005,-2.681098452782601,0.034826625841233194,0.07,4.350151547217404
3.806701183319092,-7.031250000000005,-2.699047208091937,0.034826625841233194,0.07,4.332202791908069
3.8313868045806885,-7.031250000000005,-2.699047208091937,0.034826625841233194,0.07,4.332202791908069
3.846212148666382,-7.031250000000005,-2.7714637898319316,0.0,0.0523131412267685,4.259786210168073
3.8676774501800537,-7.031250000000005,-2.7714637898319316,0.0,0.0523131412267685,4.259786210168073
3.888180732727051,-7.031250000000005,-2.8448718161115765,0.0,0.08868857443332673,4.186378183888429
3.9070682525634766,-7.031250000000005,-2.863378242720355,0.0,0.08868857443332673,4.16787175727965
3.927103042602539,-7.031250000000005,-2.863378242720355,0.0,0.08868857443332673,4.16787175727965
3.9472525119781494,-7.031250000000005,-2.9568334577380395,0.0,0.14588215544819833,4.074416542261966
3.9667961597442627,-7.031250000000005,-2.9568334577380395,0.0,0.14588215544819833,4.074416542261966
3.9862401485443115,-7.031250000000005,-3.0136424771361257,0.0,0.07588215544819832,4.01760752286388
4.006221055984497,-7.031250000000005,-3.0327010234597243,0.0,0.07588215544819832,3.998548976540281
4.0262205600738525,-7.031250000000005,-3.090242215734132,0.007914258167147636,0.032846201211214066,3.9410077842658735
4.046558856964111,-7.031250000000005,-3.1095442048356197,0.007914258167147636,0.032846201211214066,3.9217057951643857
4.066317081451416,-7.031250000000005,-3.1873579946130235,0.07791425816714764,0.0,3.843892005386982
4.087122440338135,-7.031250000000005,-3.2069624927110354,0.07791425816714764,0.0,3.82428750728897
4.10614800453186,-7.031250000000005,-3.266137174575627,0.009216380938887603,0.0,3.7651128254243784
4.12721848487854,-7.031250000000005,-3.285982180383225,0.009216380938887603,0.0,3.7452678196167803
4.146202325820923,-7.031250000000005,-3.345876317978877,0.004821265749633319,0.013260502368211746,3.6853736820211282
4.166234016418457,-7.031250000000005,-3.365960442512781,0.004821265749633319,0.013260502368211746,3.6652895574872244
4.187490701675415,-7.031250000000005,-3.426569791985348,0.0,0.0,3.604680208014657
4.206648826599121,-7.031250000000005,-3.4468915951195824,0.0,0.0,3.584358404880423
4.228827238082886,-7.031250000000005,-3.4468915951195824,0.0,0.0,3.584358404880423
4.246252775192261,-7.031250000000005,-3.528769751174842,0.0,0.0,3.5024802488251634
4.269272089004517,-7.031250000000005,-3.590796184606059,0.05224058777093887,0.0,3.4404538153939463
4.286260604858398,-7.031250000000005,-3.61158882303647,0.05224058777093887,0.0,3.4196611769635354
4.309267520904541,-7.031250000000005,-3.674316828999364,0.06459859013557434,0.0,3.3569331710006414
4.326256036758423,-7.031250000000005,-3.674316828999364,0.06459859013557434,0.0,3.3569331710006414
4.346299409866333,-7.031250000000005,-3.7375678441445936,0.04872363060712814,0.0,3.2936821558554117
4.366926670074463,-7.031250000000005,-3.758767260424746,0.04872363060712814,0.0,3.2724827395752594
4.386192560195923,-7.031250000000005,-3.844140852110894,0.036009191535413265,0.0,3.187109147889111
4.406282186508179,-7.031250000000005,-3.8656276989818306,0.036009191535413265,0.0,3.1656223010181748
4.426225662231445,-7.031250000000005,-3.930430785805824,0.038479826413095,0.0,3.1008192141941815
4.447260618209839,-7.031250000000005,-3.952145630619821,0.038479826413095,0.0,3.0791043693801843
4.467256307601929,-7.031250000000005,-4.0176300542122325,0.007309949956834316,0.0,3.013619945787773
4.487103700637817,-7.031250000000005,-4.03957111589203,0.007309949956834316,0.0,2.9916788841079756
4.509713649749756,-7.031250000000005,-4.105731463422874,0.07730994995683432,0.05766100808978081,2.9255185365771315
4.5270936489105225,-7.031250000000005,-4.127896914619253,0.07730994995683432,0.05766100808978081,2.9033530853807523
4.551518201828003,-7.031250000000005,-4.127896914619253,0.07730994995683432,0.05766100808978081,2.9033530853807523
4.566263198852539,-7.031250000000005,-4.239558901931874,0.01373479392379523,0.043156628496944904,2.7916910980681315
4.587039947509766,-7.031250000000005,-4.239558901931874,0.01373479392379523,0.043156628496944904,2.7916910980681315
4.606374025344849,-7.031250000000005,-4.329882987156512,0.0,0.0,2.7013670128434937
4.626367807388306,-7.031250000000005,-4.329882987156512,0.0,0.0,2.7013670128434937
4.646247386932373,-7.031250000000005,-4.398201050865079,0.016825897619128227,0.0,2.6330489491349267
4.667134761810303,-7.031250000000005,-4.421082600117305,0.016825897619128227,0.0,2.6101673998827
4.686272859573364,-7.031250000000005,-4.4900520668360455,0.055040786042809486,0.0,2.54119793316396
4.707560777664185,-7.031250000000005,-4.513149737299918,0.055040786042809486,0.0,2.518100262700087
4.726314067840576,-7.031250000000005,-4.6060762219745826,0.03917829692363739,0.0,2.4251737780254228
4.747535705566406,-7.031250000000005,-4.62944114168278,0.03917829692363739,0.0,2.4018088583172252
4.766305685043335,-7.031250000000005,-4.69985370663146,0.05003230646252632,0.05308760702610016,2.3313962933685453
4.787789583206177,-7.031250000000005,-4.723430052255394,0.05003230646252632,0.05308760702610016,2.307819947744611
4.8100152015686035,-7.031250000000005,-4.794473675416019,0.004084397107362747,0.04014376178383827,2.2367763245839862
4.8274054527282715,-7.031250000000005,-4.818259291973594,0.004084397107362747,0.04014376178383827,2.2129907080264113
4.851367235183716,-7.031250000000005,-4.818259291973594,0.004084397107362747,0.04014376178383827,2.2129907080264113
4.86676549911499,-7.031250000000005,-4.93796425020731,0.0,0.0128717552870512,2.0932857497926953
4.887535333633423,-7.031250000000005,-4.93796425020731,0.0,0.0128717552870512,2.0932857497926953
4.906246662139893,-7.031250000000005,-5.0104037045389465,0.0,0.0,2.020846295461059
4.92764139175415,-7.031250000000005,-5.0346520896608,0.0,0.0,1.9965979103392053
4.9463276863098145,-7.031250000000005,-5.13215131719722,0.0,0.0,1.8990986828027854
4.966256141662598,-7.031250000000005,-5.156651823697209,0.0,0.0,1.8745981763027961
4.986314058303833,-7.031250000000005,-5.230452689548557,0.03675857186317444,0.001275072107091546,1.8007973104514488
5.006803512573242,-7.031250000000005,-5.255152269779914,0.03675857186317444,0.001275072107091546,1.7760977302200915
5.029594421386719,-7.031250000000005,-5.329546808496618,0.10675857186317445,0.0,1.7017031915033876
5.046465158462524,-7.031250000000005,-5.354443088979218,0.10675857186317445,0.0,1.6768069110207877
5.06640362739563,-7.031250000000005,-5.354443088979218,0.10675857186317445,0.0,1.6768069110207877
5.088022708892822,-7.031250000000005,-5.4796534534551595,0.03675857186317444,0.0,1.5515965465448458
5.106435775756836,-7.031250000000005,-5.4796534534551595,0.03675857186317444,0.0,1.5515965465448458
5.1264050006866455,-7.031250000000005,-5.580687326805222,0.0,0.008299778215587139,1.4505626731947832
5.146450519561768,-7.031250000000005,-5.606064727716312,0.0,0.008299778215587139,1.4251852722836933
5.170422554016113,-7.031250000000005,-5.708045368626775,0.07,0.0,1.3232046313732306
5.186960220336914,-7.031250000000005,-5.733657499016298,0.07,0.0,1.2975925009837077
5.207605600357056,-7.031250000000005,-5.733657499016298,0.07,0.0,1.2975925009837077
5.2263734340667725,-7.031250000000005,-5.810772073389535,0.12283552035689355,0.033600449562072754,1.22047792661047
5.2467942237854,-7.031250000000005,-5.836569124894292,0.12283552035689355,0.033600449562072754,1.1946808751057132
5.2664384841918945,-7.031250000000005,-5.9402139904865106,0.1309164210036397,0.04691196698695421,1.0910360095134948
5.2869439125061035,-7.031250000000005,-5.966238558114998,0.1309164210036397,0.04691196698695421,1.065011441885007
5.3119354248046875,-7.031250000000005,-5.966238558114998,0.1309164210036397,0.04691196698695421,1.065011441885007
5.327672243118286,-7.031250000000005,-6.097033294119813,0.15880396652966738,0.07500292453914881,0.9342167058801927
5.346931219100952,-7.031250000000005,-6.097033294119813,0.15880396652966738,0.07500292453914881,0.9342167058801927
5.366644859313965,-7.031250000000005,-6.202465399107333,0.1554116496630013,0.14500292453914881,0.8287846008926723
5.386622190475464,-7.031250000000005,-6.22893262949548,0.1554116496630013,0.14500292453914881,0.8023173705045252
5.409524917602539,-7.031250000000005,-6.308593705089957,0.2254116496630013,0.09289229352027178,0.7226562949100481
5.428094863891602,-7.031250000000005,-6.33523329101475,0.2254116496630013,0.09289229352027178,0.6960167089852556
5.4473865032196045,-7.031250000000005,-6.33523329101475,0.2254116496630013,0.09289229352027178,0.6960167089852556
5.466453790664673,-7.031250000000005,-6.442216535899234,0.24541807906702162,0.11064859356731177,0.5890334641007717
5.48675012588501,-7.031250000000005,-6.469067710177294,0.24541807906702162,0.11064859356731177,0.5621822898227116
5.506598234176636,-7.038199044252475,-6.5768886496753165,0.21624570326879622,0.08971839275211096,0.4613103945771586
5.527864217758179,-7.0660060538810665,-6.603947070837071,0.21624570326879622,0.08971839275211096,0.4620589830439954
5.551688194274902,-7.146945664610801,-6.603947070837071,0.21624570326879622,0.08971839275211096,0.5429985937737296
5.566967964172363,-7.325198383423797,-6.739849486234189,0.14862395809963347,0.13894142460078002,0.5853488971896077
5.586442470550537,-7.638151841346963,-6.739849486234189,0.14862395809963347,0.13894142460078002,0.898302355112774
5.60654354095459,-7.909866023597067,-6.849293122455345,0.10442705066874625,0.1555643292888999,1.0605729011417218
5.6272406578063965,-8.334868529244696,-6.876752776038907,0.10442705066874625,0.1555643292888999,1.4581157532057896
5.649674654006958,-8.882937384827567,-6.959365835267647,0.12414358915761114,0.0855643292888999,1.9235715495599202
5.667994260787964,-9.504357769671424,-6.986980949414464,0.12414358915761114,0.0855643292888999,2.5173768202569597
5.686471700668335,-10.158032874576099,-6.986980949414464,0.12414358915761114,0.0855643292888999,3.1710519251616347
5.7064149379730225,-10.81688393870621,-7.097823677621527,0.11769323037937285,0.015564329288899892,3.7190602610846835
5.72797966003418,-11.459649824913416,-7.125629010115018,0.11769323037937285,0.015564329288899892,4.334020814798398
5.746613025665283,-12.048823405835547,-7.237223404951841,0.15266606943681837,0.025919752493500703,4.811600000883706
5.767035007476807,-12.559765384521992,-7.265214341770701,0.15266606943681837,0.025919752493500703,5.294551042751291
5.791346788406372,-12.982056269359546,-7.377541841615553,0.1674974941276014,0.016753813549876206,5.604514427743993
5.807530879974365,-13.322377016016201,-7.405713716267506,0.1674974941276014,0.016753813549876206,5.916663299748695
5.826384782791138,-13.617852177064785,-7.405713716267506,0.1674974941276014,0.016753813549876206,6.212138460797279
5.846590995788574,-13.853332870800193,-7.4904423218552045,0.09749749412760139,0.0,6.362890548944988
5.867372989654541,-14.040936513268024,-7.518755552587648,0.09749749412760139,0.0,6.522180960680376
5.88644814491272,-14.190341419054358,-7.632355209496,0.027497494127601385,0.0,6.557986209558358
5.9066267013549805,-14.309276679664286,-7.660840850893298,0.027497494127601385,0.0,6.648435828770988
5.931551694869995,-14.406230143105665,-7.660840850893298,0.027497494127601385,0.0,6.745389292212367
5.946542501449585,-14.485360282299693,-7.803773805039987,0.07255898555740714,0.07,6.681586477259706
5.9663732051849365,-14.550025222952137,-7.803773805039987,0.07255898555740714,0.07,6.746251417912149
5.98623514175415,-14.602938682213566,-7.918714247054735,0.07176052033901215,0.04838357277214528,6.68422443515883
6.006328344345093,-14.64629526393922,-7.947530246449682,0.07176052033901215,0.04838357277214528,6.698765017489537
6.031311273574829,-14.684187515583773,-7.947530246449682,0.07176052033901215,0.04838357277214528,6.73665726913409
6.047399997711182,-14.717086535896701,-8.092085776890956,0.028353892266750336,0.0,6.625000759005745
6.067811489105225,-14.743533125555503,-8.092085776890956,0.028353892266750336,0.0,6.651447348664547
6.08628511428833,-14.764800986127765,-8.208289007679381,0.0,0.07,6.556511978448384
6.107996702194214,-14.78191129064446,-8.237415775911161,0.0,0.07,6.544495514733299
6.130280017852783,-14.795682897851552,-8.354220710248839,0.05572199448943138,0.0,6.441462187602713
6.146556615829468,-14.806772562017677,-8.383495408268562,0.05572199448943138,0.0,6.423277153749115
6.166455984115601,-14.815707134125757,-8.383495408268562,0.05572199448943138,0.0,6.432211725857195
6.18627405166626,-14.822909351777636,-8.471492602367253,0.0,0.0,6.351416749410383
6.206692934036255,-14.828718496254092,-8.50088202830837,0.0,0.0,6.327836467945723
6.226545333862305,-14.83340693998685,-8.618719475981045,0.0,0.07,6.214687464005804
6.2468581199646,-14.83719340348432,-8.648247758724894,0.0,0.07,6.188945644759427
6.271463871002197,-14.840480907765832,-8.648247758724894,0.0,0.07,6.192233149040938
6.287966012954712,-14.843107872474638,-8.796292504386281,0.049807459115982056,0.14,6.046815368088357
6.307325839996338,-14.845206805950523,-8.796292504386281,0.049807459115982056,0.14,6.048914301564242
6.326258420944214,-14.846883662099486,-8.885434643836222,0.0,0.0952641659975052,5.961449018263265
6.346479415893555,-14.848223158233694,-8.91520000575099,0.0,0.0952641659975052,5.933023152482704
6.366306304931641,-14.84929302842718,-9.034512525057611,0.0,0.025264165997505195,5.814780503369569
6.3875226974487305,-14.85014742540489,-9.064402387417442,0.0,0.025264165997505195,5.785745037987448
6.406386137008667,-14.850829641363244,-9.154216809664105,0.0,0.07757692381739617,5.69661283169914
6.426251649856567,-14.8513742840269,-9.18420253454335,0.0,0.07757692381739617,5.6671717494835505
6.450835466384888,-14.851809016973524,-9.304377785131324,0.07,0.007576923817396164,5.5474312318422
6.466909408569336,-14.852155951441562,-9.334478638394831,0.07,0.007576923817396164,5.517677313046731
6.486343622207642,-14.85245716880437,-9.334478638394831,0.07,0.007576923817396164,5.51797853040954
6.508186101913452,-14.852694283988823,-9.455103912439018,0.10986695408821107,0.0,5.397590371549805
6.526743650436401,-14.852880625909494,-9.455103912439018,0.10986695408821107,0.0,5.397776713470476
6.5463080406188965,-14.853026790693509,-9.576074044122414,0.17986695408821107,0.016132114455103874,5.276952746571094
6.566948175430298,-14.853141197067519,-9.606368875415582,0.17986695408821107,0.016132114455103874,5.246772321651937
6.589956521987915,-14.853230529503778,-9.697375491755448,0.1902403946593404,0.0,5.15585503774833
6.606611490249634,-14.853300091726831,-9.727751029351062,0.1902403946593404,0.0,5.12554906237577
6.6267688274383545,-14.8533540886418,-9.727751029351062,0.1902403946593404,0.0,5.125603059290738
6.646412134170532,-14.8533958511155,-9.849447491500257,0.23910645429044963,0.06916475296020508,5.003948359615244
6.666704416275024,-14.853428015140237,-9.879919117172568,0.23910645429044963,0.06916475296020508,4.973508897967669
6.687545537948608,-14.85345266459075,-10.001989238204112,0.16910645429044963,0.09826800413429737,4.851463426386637
6.706375598907471,-14.853474065873016,-10.032551600187045,0.16910645429044963,0.09826800413429737,4.820922465685971
6.7280592918396,-14.853490026071125,-10.032551600187045,0.16910645429044963,0.09826800413429737,4.82093842588408
6.746522665023804,-14.853501786369359,-10.154973923389923,0.14100853230804206,0.03305979259312153,4.698527862979436
6.768067836761475,-14.853510319557946,-10.185621645391327,0.14100853230804206,0.03305979259312153,4.667888674166619
6.786438226699829,-14.85583273445222,-10.308374618923025,0.07404251273721457,0.0,4.547458115529194
6.807821273803711,-14.868966511623787,-10.339102301611078,0.07404251273721457,0.0,4.529864210012709
6.831388473510742,-14.917059687108306,-10.339102301611078,0.07404251273721457,0.0,4.577957385497228
6.847517013549805,-15.022912707061728,-10.492966506932945,0.11693895112723113,0.0,4.529946200128784
6.866323232650757,-15.196207364331805,-10.492966506932945,0.11693895112723113,0.0,4.70324085739886
6.886337518692017,-15.42336024084964,-10.616315774797316,0.1600833522900939,0.0,4.807044466052323
6.907861948013306,-15.681935392253362,-10.647187096136737,0.1600833522900939,0.0,5.034748296116625
6.928613662719727,-15.90643694043919,-10.739879177072623,0.16121617977507413,0.0,5.166557763366567
6.947527170181274,-16.150439095988922,-10.770801847470567,0.16121617977507413,0.0,5.379637248518355
6.968016862869263,-16.401555340802528,-10.770801847470567,0.16121617977507413,0.0,5.6307534933319605
6.986347436904907,-16.65099475080746,-10.894613240308773,0.09121617977507412,0.0,5.756381510498686
7.006679534912109,-16.89269551502876,-10.9255951700195,0.09121617977507412,0.0,5.967100345009259
7.027494668960571,-17.122651169410812,-10.9255951700195,0.09121617977507412,0.0,6.197055999391312
7.0467588901519775,-17.33838844356922,-11.080668327503723,0.13774429936893284,0.019595306366682053,6.257720116065496
7.066338539123535,-17.538564176209526,-11.080668327503723,0.13774429936893284,0.019595306366682053,6.457895848705803
7.086345672607422,-17.72265555656243,-11.204909863693494,0.09106154670007527,0.01816742983646691,6.517745692868935
7.107677459716797,-17.890723351897314,-11.235993829918167,0.09106154670007527,0.01816742983646691,6.654729521979148
7.126397132873535,-18.043232069850724,-11.360417403549661,0.021061546700075262,0.08651162800379097,6.682814666301063
7.146312713623047,-18.175644032510352,-11.391544119625205,0.021061546700075262,0.08651162800379097,6.7840999128851465
7.171590328216553,-18.293561504700495,-11.391544119625205,0.021061546700075262,0.08651162800379097,6.90201738507529
7.186437129974365,-18.398303685088894,-11.547291578786794,0.09106154670007527,0.10366017674095929,6.8510121063021
7.207411289215088,-18.49113409666247,-11.547291578786794,0.09106154670007527,0.10366017674095929,6.943842517875677
7.226512908935547,-18.573244291156016,-11.672012915059138,0.13876027916558087,0.047126273857429624,6.901231376096877
7.246857404708862,-18.645744427262052,-11.703208536796655,0.13876027916558087,0.047126273857429624,6.942535890465397
7.269009351730347,-18.707342523460674,-11.796828542881077,0.11913111177273095,0.04101958847604692,6.910513980579598
7.2872865200042725,-18.759744864866388,-11.828045518595514,0.11913111177273095,0.04101958847604692,6.931699346270873
7.306761026382446,-18.802062608775568,-11.828045518595514,0.11913111177273095,0.04101958847604692,6.974017090180054
7.326397657394409,-18.836260509025177,-11.984197704636276,0.18913111177273095,0.077650181716308,6.8520628043889005
7.347244024276733,-18.859284546618902,-11.984197704636276,0.18913111177273095,0.077650181716308,6.875086841982625
7.366641283035278,-18.87927460388937,-12.109186886390109,0.20216057349927724,0.147650181716308,6.770087717499262
7.388318777084351,-18.88666382380021,-12.140441694363055,0.20216057349927724,0.147650181716308,6.746222129437154
7.408926486968994,-18.8804733104688,-12.234220588574804,0.1504081738460809,0.077650181716308,6.6462527218939975
7.428043603897095,-18.860381034403858,-12.26548430158524,0.1504081738460809,0.077650181716308,6.5948967328186185
7.4472784996032715,-18.831162395872667,-12.26548430158524,0.1504081738460809,0.077650181716308,6.565678094287428
7.466571092605591,-18.794058470651304,-12.390553625822509,0.18690736119635404,0.007650181716307991,6.403504844828795
7.486419200897217,-18.752455449656875,-12.45309385440295,0.18690736119635404,0.007650181716307991,6.2993615952539255
7.5083348751068115,-18.706507539922544,-12.45309385440295,0.18690736119635404,0.007650181716307991,6.253413685519595
7.526800870895386,-18.658752707800243,-12.578176538217997,0.19185328104533256,0.034664377635344856,6.080576169582246
7.546460151672363,-18.611001396284802,-12.578176538217997,0.19185328104533256,0.034664377635344856,6.032824858066805
7.566283226013184,-18.564511010855746,-12.734515698414764,0.26185328104533256,0.10466437763534486,5.829995312440982
7.587658405303955,-18.52414687127033,-12.734515698414764,0.26185328104533256,0.10466437763534486,5.7896311728555645
7.606287002563477,-18.48507651263887,-12.828300937595625,0.2943243566993624,0.17466437763534487,5.656775575043245
7.626441240310669,-18.44793448408303,-12.859558305636936,0.2943243566993624,0.17466437763534487,5.5883761784460955
7.646363019943237,-18.41311071006712,-12.984559952312313,0.27485239096917213,0.12810638493858278,5.428550757754806
7.6674041748046875,-18.38081492713917,-13.015802295363715,0.27485239096917213,0.12810638493858278,5.365012631775455
7.686764717102051,-18.351126189263294,-13.015802295363715,0.27485239096917213,0.12810638493858278,5.335323893899579
7.707177639007568,-18.330979741632593,-13.140732722287598,0.20485239096917213,0.08592637202702463,5.190247019344994
7.72699499130249,-18.32957387992325,-13.140732722287598,0.20485239096917213,0.08592637202702463,5.18884115763565
7.747271776199341,-18.352803654104118,-13.296791463203345,0.14567941420711578,0.015926372027024627,5.056012190900773
7.766439199447632,-18.39948168475294,-13.296791463203345,0.14567941420711578,0.015926372027024627,5.102690221549594
7.786303997039795,-18.463532568889676,-13.421537703214693,0.12259572551585735,0.05656308284960687,5.041994865674983
7.80655574798584,-18.519143181793915,-13.452708421213206,0.12259572551585735,0.05656308284960687,5.066434760580709
7.828121185302734,-18.586244796668314,-13.546179008592848,0.19259572551585735,0.008616972481831908,5.0400657880754665
7.846508741378784,-18.659559380643504,-13.577321277352212,0.19259572551585735,0.008616972481831908,5.082238103291292
7.86630392074585,-18.73757352134966,-13.577321277352212,0.19259572551585735,0.008616972481831908,5.160252243997448
7.886303186416626,-18.819112175861445,-13.732913212172804,0.19039455206133427,0.076391447102651,5.086198963688641
7.907705068588257,-18.90094994609337,-13.732913212172804,0.19039455206133427,0.076391447102651,5.168036733920566
7.926384449005127,-18.983154998593637,-13.85723021112947,0.2603945520613343,0.14222499332390726,5.125924787464166
7.947172403335571,-19.06344865274297,-13.888285878690217,0.2603945520613343,0.14222499332390726,5.175162774052753
7.970939874649048,-19.142614904373062,-14.012407609340297,0.27988202617503705,0.1408361077774316,5.130207295032765
7.987070083618164,-19.216595318047187,-14.043411706632153,0.27988202617503705,0.1408361077774316,5.173183611415034
8.007128477096558,-19.285024004247507,-14.043411706632153,0.27988202617503705,0.1408361077774316,5.2416122976153545
8.02649998664856,-19.34443553667395,-14.136357276190333,0.2264005851838738,0.14247805753257126,5.2080782604836156
8.04861569404602,-19.399375747766072,-14.167316160026292,0.2264005851838738,0.14247805753257126,5.23205958773978
8.06752324104309,-19.449762323159277,-14.167316160026292,0.2264005851838738,0.14247805753257126,5.282446163132985
8.087246417999268,-19.493341751408124,-14.35281290386326,0.22961076562292876,0.1341279068728909,5.140528847544864
8.107448816299438,-19.531044537299096,-14.35281290386326,0.22961076562292876,0.1341279068728909,5.178231633435836
8.126335620880127,-19.561355521443062,-14.47621701491531,0.24446319908834996,0.13532276614569128,5.085138506527752
8.14664602279663,-19.583417113937344,-14.507033493067054,0.24446319908834996,0.13532276614569128,5.07638362087029
8.16657304763794,-19.599167409547537,-14.507033493067054,0.24446319908834996,0.13532276614569128,5.092133916480483
8.187198400497437,-19.610118904518412,-14.630154673406201,0.17571517945267262,0.16878658696077764,4.979964231112211
8.210600137710571,-19.617448621015438,-14.753033852376118,0.24067738772369923,0.22202430455945432,4.864414768639319
8.226526498794556,-19.6220695471814,-14.783714207812274,0.24067738772369923,0.22202430455945432,4.8383553393691265
8.246753454208374,-19.62608155325654,-14.783714207812274,0.24067738772369923,0.22202430455945432,4.842367345444266
8.26637887954712,-19.62817054269571,-14.906271382495373,0.31067738772369924,0.2032922802027315,4.721899160200337
8.286335706710815,-19.628868787327914,-14.906271382495373,0.31067738772369924,0.2032922802027315,4.722597404832541
8.306368350982666,-19.62626629759382,-14.99801076179588,0.3482489930186421,0.16950624040327966,4.628255535797939
8.32642912864685,-19.616807074552998,-15.028555405856636,0.3482489930186421,0.16950624040327966,4.588251668696362
8.34615182876587,-19.58662015900726,-15.150552508499738,0.3396238870639354,0.14347037277184427,4.436067650507523
8.366529941558838,-19.515035589935007,-15.181005343887,0.3396238870639354,0.14347037277184427,4.334030246048007
8.386425495147705,-19.3911037958704,-15.27224897064893,0.37133770060725513,0.10963581851683557,4.1188548252214705
8.406500339508057,-19.231762505206206,-15.30262450824455,0.37133770060725513,0.10963581851683557,3.9291379969616553
8.431609153747559,-19.052025894132534,-15.30262450824455,0.37133770060725513,0.10963581851683557,3.7494013858879836
8.446491718292236,-18.862860032030632,-15.454200079642963,0.34939409044571224,0.1631096003111452,3.4086599523876693
8.4679114818573,-18.698621400919954,-15.454200079642963,0.34939409044571224,0.1631096003111452,3.2444213212769917
8.486326456069946,-18.52953407019897,-15.54489608756098,0.3891435526032001,0.1994320487137884,2.98463798263799
8.507145643234253,-18.37080059861563,-15.575085264148958,0.3891435526032001,0.1994320487137884,2.7957153344666725
8.526356935501099,-18.251238295701416,-15.695622214868669,0.4163177106250078,0.21779009676538408,2.5556160808327473
8.546857595443726,-18.187514400484403,-15.72570046156625,0.4163177106250078,0.21779009676538408,2.4618139389181533
8.566223859786987,-18.17815229520855,-15.815797465456644,0.42995333855040374,0.21242758794687688,2.362354829751908
8.586473941802979,-18.206795562382055,-15.845783190335888,0.42995333855040374,0.21242758794687688,2.361012372046167
8.608423948287964,-18.261081727039343,-15.935597612582555,0.475175661938265,0.20146984397433698,2.3254841144567884
8.627769231796265,-18.331748240226332,-15.965487474942389,0.475175661938265,0.20146984397433698,2.3662607652839434
8.651208877563477,-18.41424616249314,-15.965487474942389,0.475175661938265,0.20146984397433698,2.4487586875507503
8.667733669281006,-18.500471377845884,-16.114565356163773,0.4642579117510468,0.271469843974337,2.3859060216821106
8.687810897827148,-18.575334311249428,-16.114565356163773,0.4642579117510468,0.271469843974337,2.460768955085655
8.706760883331299,-18.65201095174682,-16.23336954057629,0.5015620076749474,0.20146984397433698,2.4186414111705297
8.727540731430054,-18.727926552974235,-16.23336954057629,0.5015620076749474,0.20146984397433698,2.4945570123979444
8.746224164962769,-18.801312803617204,-16.32219679732451,0.4529957370553166,0.2209901825990528,2.4791160062926956
8.766356229782104,-18.86869178193322,-16.351752241275104,0.4529957370553166,0.2209901825990528,2.5169395406581145
8.786207675933838,-18.930122460668457,-16.469700368635497,0.47156096712686124,0.20578912342898548,2.4604220920329603
8.806371212005615,-18.985802567941512,-16.499117971691632,0.47156096712686124,0.20578912342898548,2.48668459624988
8.826422929763794,-19.036020997532955,-16.587200909442394,0.44693505668081346,0.18444040860049427,2.44882008809056
8.847737789154053,-19.081122351342703,-16.61650459173143,0.44693505668081346,0.18444040860049427,2.464617759611272
8.870171070098877,-19.121480843093426,-16.704240929325696,0.4577508661616594,0.1949675993528217,2.4172399137677303
8.886398553848267,-19.159797740021467,-16.762584224088837,0.4577508661616594,0.1949675993528217,2.3972135159326307
8.907334804534912,-19.193065448211225,-16.762584224088837,0.4577508661616594,0.1949675993528217,2.4304812241223885
8.92694354057312,-19.224570621017566,-16.87890938910944,0.4640413648169488,0.20210804301314056,2.3456612319081245
8.946444272994995,-19.25402125576615,-16.87890938910944,0.4640413648169488,0.20210804301314056,2.3751118666567095
8.966256380081177,-19.290534072584194,-16.96583075515155,0.44740525024943056,0.15047406288795173,2.3247033174326432
8.987340450286865,-19.3379388956697,-16.99474205821009,0.44740525024943056,0.15047406288795173,2.3431968374596117
9.006403923034668,-19.396292440189537,-17.110069592156606,0.4033007188420743,0.15138867823407054,2.2862228480329314
9.027418375015259,-19.460712850829914,-17.138821075631064,0.4033007188420743,0.15138867823407054,2.32189177519885
9.050281286239624,-19.532282091008604,-17.138821075631064,0.4033007188420743,0.15138867823407054,2.3934610153775395
9.06637167930603,-19.61851230894562,-17.282086337939383,0.4027824239758775,0.10343068791553378,2.3364259710062356
9.087242126464844,-19.721918559148698,-17.282086337939383,0.4027824239758775,0.10343068791553378,2.439832221209315
9.106610774993896,-19.83916238057278,-17.39609633268408,0.3327824239758775,0.0988187431357801,2.443066047888699
9.126317739486694,-19.94095645971008,-17.39609633268408,0.3327824239758775,0.0988187431357801,2.5448601270259985
9.14630937576294,-20.053624126156162,-17.48124444741235,0.3517223083553836,0.0986188384849811,2.572379678743811
9.166926383972168,-20.175507725285346,-17.509557678144784,0.3517223083553836,0.0986188384849811,2.665950047140562
9.1863272190094,-20.31447839005316,-17.62245815838445,0.34163812912534924,0.08359833109716419,2.6920202316687103
9.207603454589844,-20.473236579449164,-17.650594221257833,0.34163812912534924,0.08359833109716419,2.822642358191331
9.228100299835205,-20.648503785148318,-17.73478565822929,0.3107538576377556,0.1134092495922232,2.9137181269190293
9.247488737106323,-20.83061868182177,-17.76277659504815,0.3107538576377556,0.1134092495922232,3.0678420867736165
9.271445989608765,-21.012690231848723,-17.76277659504815,0.3107538576377556,0.1134092495922232,3.2499136368005708
9.286309719085693,-21.196882242038775,-17.902176322378473,0.3807538576377556,0.14868138592282776,3.294705919660302
9.306629180908203,-21.389274461911285,-17.902176322378473,0.3807538576377556,0.14868138592282776,3.4870981395328116
9.327431678771973,-21.59387365081615,-18.013019050585548,0.4190207250369713,0.2051189304474974,3.5808546002306016
9.347683906555176,-21.77151189028871,-18.013019050585548,0.4190207250369713,0.2051189304474974,3.7584928397031625
9.366295576095581,-21.955789426402344,-18.1232472239611,0.4698811374558136,0.25518117706815246,3.8325422024412426
9.386522769927979,-22.139821873112265,-18.15070687754465,0.4698811374558136,0.25518117706815246,3.989114995567615
9.407628536224365,-22.316517581854875,-18.232849210903805,0.3998811374558136,0.2631352781463647,4.08366837095107
9.426932096481323,-22.48114419130677,-18.260150513765797,0.3998811374558136,0.2631352781463647,4.220993677540974
9.448810338973999,-22.628416427674246,-18.260150513765797,0.3998811374558136,0.2631352781463647,4.3682659139084485
9.466569423675537,-22.755120615898445,-18.39605292916292,0.4560630935383961,0.22366698227415327,4.359067686735525
9.486380100250244,-22.857250320830733,-18.39605292916292,0.4560630935383961,0.22366698227415327,4.461197391667813
9.508670806884766,-22.93035406085511,-18.50403931692154,0.3860630935383961,0.15366698227415326,4.42631474393357
9.527685403823853,-22.967472204032024,-18.50403931692154,0.3860630935383961,0.15366698227415326,4.463432887110486
9.546443223953247,-22.97630086325377,-18.611359722617408,0.3821340177534148,0.13985099814424756,4.364941140636361
9.566564321517944,-22.983966130596464,-18.63808446098326,0.3821340177534148,0.13985099814424756,4.3458816696132025
9.58648943901062,-22.971902703122442,-18.718003047537792,0.4185095142899081,0.06985099814424756,4.25389965558465
9.606761455535889,-22.946454040767954,-18.74455679614452,0.4185095142899081,0.06985099814424756,4.201897244623435
9.628791570663452,-22.914695301158645,-18.82395831808689,0.47545137743931265,0.037949016462662244,4.0907369830717535
9.646759510040283,-22.879390703616373,-18.85033835337049,0.47545137743931265,0.037949016462662244,4.029052350245884
9.667377710342407,-22.84487001956567,-18.85033835337049,0.47545137743931265,0.037949016462662244,3.9945316661951793
9.68775224685669,-22.814119963525826,-18.98157743172119,0.4674964838055894,0.028884247090318227,3.8325425318046378
9.707578659057617,-22.789115674436303,-18.98157743172119,0.4674964838055894,0.028884247090318227,3.8075382427151148
9.726468801498413,-22.782659356484277,-19.085765399915815,0.43566800210159273,0.0,3.696893956568463
9.748106241226196,-22.817052428790845,-19.11169944955998,0.43566800210159273,0.0,3.7053529792308666
9.770771741867065,-22.913657483438698,-19.214978988568156,0.43127441288437696,0.0,3.698678494870542
9.787105560302734,-22.997532458328138,-19.240683900128246,0.43127441288437696,0.0,3.7568485581998914
9.806524753570557,-23.14691362273808,-19.240683900128246,0.43127441288437696,0.0,3.906229722609833
9.826435565948486,-23.356387964059195,-19.31752013208376,0.4404846334224567,0.03834298253059387,4.038867831975434
9.847649097442627,-23.622928308484028,-19.343038844452828,0.4404846334224567,0.03834298253059387,4.2798894640312
9.866445302963257,-23.954509812314768,-19.444642656667714,0.4009556711977348,0.06782574020326138,4.509867155647054
9.886552095413208,-24.364223102495597,-19.469925066828587,0.4009556711977348,0.06782574020326138,4.89429803566701
9.909634351730347,-24.85678516924004,-19.545485307186066,0.3352595881884918,0.13782574020326138,5.311299862053975
9.927859783172607,-25.41707443432181,-19.570575876691613,0.3352595881884918,0.13782574020326138,5.846498557630195
9.947880744934082,-26.01427201772035,-19.570575876691613,0.3352595881884918,0.13782574020326138,6.443696141028738
9.967673778533936,-26.62136631767757,-19.695300521511683,0.3965972342854366,0.17670092888176442,6.9260657961658865
9.986659288406372,-27.219334777451753,-19.695300521511683,0.3965972342854366,0.17670092888176442,7.5240342559400695
10.006271362304688,-27.738506261087466,-19.769547310451447,0.3329397642379627,0.13732110492885113,7.968958950636019
10.027612209320068,-28.24596314921566,-19.794197343275798,0.3329397642379627,0.13732110492885113,8.451765805939864
10.046537399291992,-28.72727664007644,-19.89229905449524,0.4029397642379627,0.11279650747776032,8.8349775855812
10.066675662994385,-29.170797428784898,-19.916699146037292,0.4029397642379627,0.11279650747776032,9.254098282747606
10.086199522018433,-29.54858302609609,-19.989596295461055,0.3333213603263721,0.06529724940657616,9.558986730635034
10.1077401638031,-29.829059481436015,-20.01379382516123,0.3333213603263721,0.06529724940657616,9.815265656274786
10.127542495727539,-29.99980976314776,-20.086079862023293,0.4033213603263721,0.06937693867832423,9.913729901124466
10.147840738296509,-30.085213590848625,-20.110072553435593,0.4033213603263721,0.06937693867832423,9.975141037413032
10.171639680862427,-30.111402981531548,-20.110072553435593,0.4033213603263721,0.06937693867832423,10.001330428095955
10.187105417251587,-30.095772964777172,-20.2292598276956,0.3333213603263721,0.03599679160863162,9.866513137081572
10.207663536071777,-30.051507933664002,-20.2292598276956,0.3333213603263721,0.03599679160863162,9.822248105968402
10.226472854614258,-30.01307590351163,-20.30014629336853,0.30140449611004444,0.0,9.7129296101431
10.246477842330933,-29.95515251250602,-20.32366998292439,0.30140449611004444,0.0,9.631482529581632
10.266392469406128,-29.88753371669591,-20.41723550941274,0.3525499379402027,0.0,9.470298207283168
10.287143230438232,-29.817279116760172,-20.44049392105399,0.3525499379402027,0.0,9.376785195706184
10.30647349357605,-29.747045291392002,-20.509947933163954,0.33992056680377575,0.0,9.237097358228048
10.32653021812439,-29.68330959680588,-20.532991764804702,0.33992056680377575,0.0,9.150317832001178
10.350077629089355,-29.63039982028756,-20.532991764804702,0.33992056680377575,0.0,9.097408055482859
10.366281032562256,-29.588720294164485,-20.647398880674388,0.319809298417531,0.013301442377269268,8.941321413490098
10.38635540008545,-29.56288858386877,-20.647398880674388,0.319809298417531,0.013301442377269268,8.915489703194382
10.40630841255188,-29.555694292458156,-20.71538898980966,0.35833122899290176,0.0,8.840305302648495
10.426425218582153,-29.5662674883312,-20.737942588598255,0.35833122899290176,0.0,8.828324899732944
10.44620418548584,-29.575447406934686,-20.827604881287844,0.39724530225154014,0.06666799634695053,8.747842525646842
10.466952323913574,-29.596873217324465,-20.849881827693068,0.39724530225154014,0.06666799634695053,8.746991389631397
10.486238956451416,-29.6262401094788,-20.916378064215955,0.32724530225154014,0.0,8.709862045262845
10.507527589797974,-29.662665108341336,-20.938431551940912,0.32724530225154014,0.0,8.724233556400424
10.527180194854736,-29.700716204901433,-20.938431551940912,0.32724530225154014,0.0,8.76228465296052
10.546950578689575,-29.741210272568303,-21.026082801555823,0.39724530225154014,0.0426911860704422,8.71512747101248
10.569267272949219,-29.782333963293535,-21.026082801555823,0.39724530225154014,0.0426911860704422,8.756251161737712
10.586865901947021,-29.82512751545439,-21.11282829023885,0.46724530225154015,0.10951374471187592,8.712299225215542
10.610968828201294,-29.870269449244297,-21.198660917083313,0.5372453022515402,0.17951374471187592,8.671608532160985
10.626399517059326,-29.92048550824337,-21.21997562484384,0.5372453022515402,0.17951374471187592,8.70050988339953
10.651703596115112,-29.982167908723362,-21.283573769010122,0.5809547554468737,0.207771125882864,8.69859413971324
10.667126178741455,-30.03572214364656,-21.304657475115558,0.5809547554468737,0.207771125882864,8.731064668531001
10.686232805252075,-30.10826786691631,-21.304657475115558,0.5809547554468737,0.207771125882864,8.803610391800753
10.706182718276978,-30.20599085990823,-21.38841117696352,0.6509547554468738,0.22939750708639622,8.81757968294471
10.727486848831177,-30.3232587086737,-21.38841117696352,0.6509547554468738,0.22939750708639622,8.93484753171018
10.747790813446045,-30.446378753804634,-21.47123024882517,0.6244249925529586,0.2675931953638792,8.975148504979465
10.767735719680786,-30.563369760012787,-21.47123024882517,0.6244249925529586,0.2675931953638792,9.092139511187618
10.786314725875854,-30.668387674053786,-21.532727413051088,0.6391225889837371,0.2649565066024661,9.135660261002698
10.806218385696411,-30.755372532429455,-21.593692729284587,0.569122588983737,0.2589109401963651,9.161679803144867
10.826844215393066,-30.811325070047502,-21.613895876307048,0.569122588983737,0.2589109401963651,9.197429193740454
10.847294092178345,-30.8187687130158,-21.67414815989791,0.5240102138137446,0.1927462007664144,9.144620553117889
10.866952657699585,-30.766843021978133,-21.67414815989791,0.5240102138137446,0.1927462007664144,9.092694862080222
10.88639497756958,-30.72175981129339,-21.753647832510616,0.5095815563341604,0.17974311595782638,8.968111978782773
10.906290531158447,-30.62200856671654,-21.753647832510616,0.5095815563341604,0.17974311595782638,8.868360734205925
10.927408456802368,-30.486914909379657,-21.832186165580204,0.5128446126123891,0.1118371013365686,8.654728743799453
10.946852445602417,-30.330833482954862,-21.832186165580204,0.5128446126123891,0.1118371013365686,8.498647317374658
10.966276407241821,-30.16428787236877,-21.890455795164378,0.5163047444308178,0.0969040153361857,8.273832077204393
10.986214876174927,-29.994863336173736,-21.948179453196303,0.5370843615615741,0.12032209912315012,8.046683882977433
11.00643277168274,-29.83022066834128,-21.967298976540274,0.5370843615615741,0.12032209912315012,7.862921691801006
11.026541948318481,-29.675554880771084,-22.02429138063283,0.5537454076344148,0.10756098775193096,7.651263500138253
11.046245336532593,-29.534211387416825,-22.02429138063283,0.5537454076344148,0.10756098775193096,7.509920006783993
11.066693782806396,-29.408162739675458,-22.099424076885544,0.5410958864027635,0.17756098775193097,7.308738662789914
11.091201305389404,-29.29837593910341,-22.099424076885544,0.5410958864027635,0.17756098775193097,7.198951862217864
11.106716394424438,-29.20305623585663,-22.15512818388844,0.5829629786545412,0.17678573574870826,7.047928051968189
11.126145839691162,-29.124651414895943,-22.210276989293675,0.5869708457263187,0.1591223556175828,6.914374425602269
11.146490097045898,-29.067010735040814,-22.22853621016806,0.5869708457263187,0.1591223556175828,6.838474524872755
11.166205167770386,-29.02762788321676,-22.282941818483316,0.5756827998207883,0.1443487697839737,6.744686064733443
11.186224937438965,-28.9996481441371,-22.300952791908067,0.5756827998207883,0.1443487697839737,6.698695352229034
11.20650315284729,-28.982642535088385,-22.35461216136078,0.5056827998207882,0.11776682674884797,6.628030373727604
11.22809386253357,-28.973707522959995,-22.35461216136078,0.5056827998207882,0.11776682674884797,6.619095361599214
11.247020483016968,-28.970613670765655,-22.425284158187512,0.4963621281506494,0.04776682674884797,6.545329512578142
11.267541646957397,-28.96934216398235,-22.425284158187512,0.4963621281506494,0.04776682674884797,6.544058005794838
11.28631854057312,-28.97168628115943,-22.477630796829345,0.48647762261796745,0.11263220727443696,6.494055484330083
11.306790828704834,-28.976479961004284,-22.494954175409624,0.48647762261796745,0.11263220727443696,6.481525785594659
11.326417207717896,-28.980641956234045,-22.54654708226593,0.5564776226179675,0.13844304874539376,6.434094873968114
11.346373319625854,-28.986462272724157,-22.563618808093278,0.5564776226179675,0.13844304874539376,6.42284346463088
11.366521835327148,-28.99328103287729,-22.631274882359996,0.623494067718275,0.10258664906024934,6.362006150517296
11.386468172073364,-29.002929932838953,-22.648030963932097,0.623494067718275,0.10258664906024934,6.354898968906856
11.406348705291748,-29.0189229929465,-22.697919457821968,0.5772697902517394,0.07108518451452256,6.321003535124532
11.426517963409424,-29.04353378327257,-22.714422232851426,0.5772697902517394,0.07108518451452256,6.329111550421143
11.446316003799438,-29.080430709804236,-22.76354983001765,0.5553258094238118,0.09658116072416306,6.316880879786588
11.466543197631836,-29.127205279548264,-22.779798659537885,0.5553258094238118,0.09658116072416306,6.3474066200103785
11.486447811126709,-29.19350601660121,-22.82816353284687,0.5049382183002309,0.10067292040213943,6.36534248375434
11.506463527679443,-29.287836334949642,-22.844157837862188,0.5049382183002309,0.10067292040213943,6.443678497087454
11.526308536529541,-29.410731126688624,-22.89175834100632,0.45840695828665057,0.06963253131136299,6.518972785682305
11.546381950378418,-29.51743152252944,-22.907497603100822,0.45840695828665057,0.06963253131136299,6.609933919428617
11.569815397262573,-29.649816415426557,-22.95433227242491,0.46912643548566857,0.04967255441471935,6.6954841430016465
11.587822675704956,-29.801184963585094,-22.96981603437127,0.46912643548566857,0.04967255441471935,6.8313689292138235
11.611437559127808,-29.96638258124595,-22.96981603437127,0.46912643548566857,0.04967255441471935,6.9965665468746785
11.626934051513672,-30.141464530384535,-23.046275295055064,0.47274298595730224,0.11105773149058223,7.095189235329471
11.647493839263916,-30.32574672076553,-23.046275295055064,0.47274298595730224,0.11105773149058223,7.279471425710465
11.666353702545166,-30.51387882915376,-23.09138244529494,0.45748661460820594,0.04105773149058223,7.422496383858821
11.686317205429077,-30.699726813498618,-23.106289981247265,0.45748661460820594,0.04105773149058223,7.593436832251353
11.70630168914795,-30.879090286112277,-23.150627824306717,0.4633160871686415,0.0,7.7284624618055595
11.727166175842285,-31.05153898663141,-23.165278804064076,0.4633160871686415,0.0,7.886260182567334
11.746395587921143,-31.21463995462975,-23.223240906117006,0.43029908512253323,0.027705274522304535,7.9913990485127435
11.766495704650879,-31.356248379211372,-23.23757093043558,0.43029908512253323,0.027705274522304535,8.118677448775792
11.786381244659424,-31.489897711574482,-23.280175686644355,0.4834929970325903,0.02376779494807124,8.209722024930127
11.80757188796997,-31.61449650032689,-23.29424881701782,0.4834929970325903,0.02376779494807124,8.32024768330907
11.8283109664917,-31.7341578669804,-23.336082803946432,0.4328194787027315,0.0,8.398075063033968
11.847281455993652,-31.85186883045748,-23.34989899571374,0.4328194787027315,0.0,8.50196983474374
11.871092319488525,-31.97438821446751,-23.40452145207599,0.43316290224320264,0.027152180671691895,8.56986676239152
11.886906623840332,-32.10860018832671,-23.418016508012375,0.43316290224320264,0.027152180671691895,8.690583680314337
11.906338691711426,-32.254345508152774,-23.418016508012375,0.43316290224320264,0.027152180671691895,8.836329000140399
11.926361560821533,-32.40426056190215,-23.458116436198996,0.46085022645420404,0.0,8.946144125703153
11.947374820709229,-32.55312083589777,-23.47135469438567,0.46085022645420404,0.0,9.081766141512102
11.966546535491943,-32.699641631902075,-23.523666096859497,0.4274792957527098,0.04629674553871155,9.175975535042578
11.986738443374634,-32.82685472784658,-23.536583606629392,0.4274792957527098,0.04629674553871155,9.290271121217188
12.006493330001831,-32.9511255900806,-23.574951569651237,0.4974792957527098,0.0030276142060756683,9.376174020429364
12.027790307998657,-33.07007768900229,-23.58761276234713,0.4974792957527098,0.0030276142060756683,9.482464926655158
12.048196077346802,-33.18451685719703,-23.58761276234713,0.4974792957527098,0.0030276142060756683,9.5969040948499
12.066432237625122,-33.292805399930124,-23.637617439582048,0.5674792957527098,0.0,9.655187960348076
12.091363906860352,-33.39396790557734,-23.637617439582048,0.5674792957527098,0.0,9.756350465995293
12.107436180114746,-33.487514678268525,-23.69868488016137,0.5344135147554335,0.0,9.788829798107155
12.126495361328125,-33.573306296671014,-23.69868488016137,0.5344135147554335,0.0,9.874621416509644
12.147685289382935,-33.65376665580782,-23.746390281595843,0.5061902255786118,0.0,9.907376374211978
12.16683840751648,-33.735352546653985,-23.746390281595843,0.5061902255786118,0.0,9.988962265058142
12.18638801574707,-33.822519066560254,-23.781500699201917,0.5761902255786118,0.07,10.041018367358337
12.207206726074219,-33.898199264609815,-23.79307700413782,0.5761902255786118,0.07,10.105122260471994
12.22638726234436,-33.99087008645813,-23.83874743065372,0.5464726032537874,0.1158178073167801,10.152122655804412
12.247805833816528,-34.10448167376163,-23.850006547453273,0.5464726032537874,0.1158178073167801,10.25447512630836
12.266744613647461,-34.238909477857824,-23.883404229861107,0.583834813706344,0.16138035029172898,10.355505247996717
12.286509037017822,-34.388885684333445,-23.894410390550714,0.583834813706344,0.16138035029172898,10.494475293782731
12.311435222625732,-34.548025247837714,-23.937804347924796,0.6538348137063441,0.1811997440457344,10.610220899912918
12.327550649642944,-34.707019045388165,-23.948495425342685,0.6538348137063441,0.1811997440457344,10.75852362004548
12.346752643585205,-34.85940498403376,-23.948495425342685,0.6538348137063441,0.1811997440457344,10.910909558691074
12.366440057754517,-35.00086876992577,-23.98019174036248,0.6799795212817845,0.11615409672260285,11.020677029563295
12.386991262435913,-35.12638528310059,-23.99063172979139,0.6799795212817845,0.11615409672260285,11.1357535533092
12.406523942947388,-35.23056811419238,-24.0317660336812,0.7,0.1825822439789772,11.198802080511179
12.42746639251709,-35.321022308060265,-24.04189350752376,0.7,0.1825822439789772,11.279128800536505
12.45171570777893,-35.381823811888374,-24.04189350752376,0.7,0.1825822439789772,11.339930304364614
12.468114614486694,-35.40652863198854,-24.091597537819165,0.7,0.23941501572728158,11.314931094169378
12.48749566078186,-35.40087761308759,-24.091597537819165,0.7,0.23941501572728158,11.309280075268422
12.506494760513306,-35.374290954635676,-24.130244930762977,0.7,0.16941501572728157,11.244046023872698
12.526973485946655,-35.33154715124215,-24.139752409441495,0.7,0.16941501572728157,11.191794741800653
12.55172848701477,-35.26944202730938,-24.17716715605035,0.670856923609972,0.1428618784993887,11.092274871259033
12.566514730453491,-35.17931124648244,-24.186367450653457,0.670856923609972,0.1428618784993887,10.992943795828985
12.588151931762695,-35.053558995459596,-24.186367450653457,0.670856923609972,0.1428618784993887,10.86719154480614
12.606566190719604,-34.899429911493044,-24.222557550970958,0.6774831724353134,0.09034171514213085,10.676872360522086
12.627331256866455,-34.72965289047402,-24.231452736648585,0.6774831724353134,0.09034171514213085,10.498200153825437
12.651676177978516,-34.58224814621212,-24.231452736648585,0.6774831724353134,0.09034171514213085,10.350795409563538
12.667393684387207,-34.4255010116486,-24.275019096983506,0.6600317445583641,0.16034171514213086,10.150481914665093
12.687720537185669,-34.26639588973737,-24.275019096983506,0.6600317445583641,0.16034171514213086,9.991376792753861
12.706568002700806,-34.11216250264049,-24.308786322378317,0.6439402469433844,0.13603455916047097,9.80337618026217
12.728080034255981,-33.96769407979626,-24.31707812300995,0.6439402469433844,0.13603455916047097,9.65061595678631
12.746572971343994,-33.836132007991985,-24.31707812300995,0.6439402469433844,0.13603455916047097,9.519053884982036
12.766406297683716,-33.71700173940277,-24.349648343402365,0.607036951277405,0.12194580182433129,9.367353396000404
12.786789417266846,-33.61196237162995,-24.35764217530707,0.607036951277405,0.12194580182433129,9.25432019632288
12.806312084197998,-33.5194785691124,-24.389025837998425,0.5810525448061525,0.0934246887266636,9.130452731113976
12.826855659484863,-33.43815301723523,-24.396724391113477,0.5810525448061525,0.0934246887266636,9.041428626121753
12.847132682800293,-33.36903744219343,-24.396724391113477,0.5810525448061525,0.0934246887266636,8.972313051079954
12.868440389633179,-33.30902953533771,-24.43433869175945,0.5653196436353027,0.02342468872666359,8.874690843578257
12.886484146118164,-33.25812381488127,-24.43433869175945,0.5653196436353027,0.02342468872666359,8.823785123121823
12.906655073165894,-33.217198257860645,-24.463383093613633,0.5490420659072697,0.0,8.753815164247012
12.927374601364136,-33.18891601187609,-24.47049979009901,0.5490420659072697,0.0,8.71841622177708
12.947791337966919,-33.17710998208461,-24.47049979009901,0.5490420659072697,0.0,8.7066101919856
12.966386556625366,-33.184008200451736,-24.49839276001169,0.5374254121445119,0.0,8.685615440440046
12.987738609313965,-33.208348917809744,-24.50522319794215,0.5374254121445119,0.0,8.703125719867593
13.007697582244873,-33.25806144501436,-24.531977725603937,0.4674254121445119,0.0,8.726083719410425
13.026615858078003,-33.34261735098485,-24.538525233487007,0.4674254121445119,0.0,8.804092117497845
13.04711651802063,-33.465360760456605,-24.538525233487007,0.4674254121445119,0.0,8.926835526969597
13.066324710845947,-33.622975313243536,-24.56415495905009,0.49913813417777414,0.0,9.058820354193447
13.087557792663574,-33.75982029206377,-24.570423028751666,0.49913813417777414,0.0,9.189397263312106
13.106236696243286,-33.92178541729427,-24.594942248775798,0.5031170808896421,0.03224126994609833,9.326843168518469
13.127448797225952,-34.09692993082584,-24.600934537007003,0.5031170808896421,0.03224126994609833,9.495995393818834
13.147867679595947,-34.27661267443808,-24.600934537007003,0.5031170808896421,0.03224126994609833,9.675678137431074
13.166187047958374,-34.45471206421039,-24.624358210404786,0.4700003230199217,0.039637543726712465,9.830353853805605
13.187405586242676,-34.62701789690397,-24.63007854020809,0.4700003230199217,0.039637543726712465,9.996939356695883
13.206167459487915,-34.79075853634527,-24.652422294190934,0.5111493953689932,0.0,10.138336242154338
13.226205587387085,-34.9442345930612,-24.65787465642687,0.5111493953689932,0.0,10.286359936634334
13.251402854919434,-35.08653622637652,-24.679154792450642,0.5440479629859327,0.0,10.407381433925881
13.267777681350708,-35.217325979509916,-24.68434334728393,0.5440479629859327,0.0,10.532982632225984
13.28626012802124,-35.336672855965936,-24.68434334728393,0.5440479629859327,0.0,10.652329508682005
13.306241989135742,-35.44029286117551,-24.699596228043497,0.523388939090073,0.013690332882106304,10.74069663313201
13.327139616012573,-35.534891894094535,-24.70457684699484,0.523388939090073,0.013690332882106304,10.830315047099695
13.346360445022583,-35.62073198878421,-24.723985725324138,0.453388939090073,0.08369033288210631,10.89674626346007
13.367345094680786,-35.69822598986057,-24.72871045656109,0.453388939090073,0.08369033288210631,10.969515533299479
13.386292695999146,-35.76788061152295,-24.742581643579587,0.488295244462788,0.1268109741434455,11.02529896794336
13.407353639602661,-35.83025441354683,-24.74710499859849,0.488295244462788,0.1268109741434455,11.083149414948341
13.431764364242554,-35.88592724584648,-24.764701658777653,0.4207874931767582,0.09025766205042601,11.121225587068828
13.447609663009644,-35.93547846416693,-24.76897760780131,0.4207874931767582,0.09025766205042601,11.166500856365616
13.467644214630127,-35.979471812153804,-24.76897760780131,0.4207874931767582,0.09025766205042601,11.210494204352493
13.486883640289307,-36.01381263602192,-24.785594489465446,0.4907874931767582,0.0346055018529296,11.228218146556472
13.506235122680664,-36.03822760873685,-24.785594489465446,0.4907874931767582,0.0346055018529296,11.252633119271401
13.52650237083435,-36.059425311391806,-24.79755156273753,0.5135773216560482,0.07848229136317969,11.261873748654274
13.547252416610718,-36.071192864091536,-24.801442048869227,0.5135773216560482,0.07848229136317969,11.26975081522231
13.566418170928955,-36.07146759045834,-24.81653357064423,0.4803667237237095,0.08747677940875292,11.254934019814112
13.587886571884155,-36.0591196880742,-24.82018991195185,0.4803667237237095,0.08747677940875292,11.238929776122347
13.608547687530518,-36.03832978250343,-24.83088270685798,0.5064804629608988,0.15747677940875293,11.207447075645451
13.628015995025635,-36.01222414252426,-24.834355628201642,0.5064804629608988,0.15747677940875293,11.177868514322618
13.65168023109436,-35.98311430884879,-24.834355628201642,0.5064804629608988,0.15747677940875293,11.148758680647148
13.667342901229858,-35.95268500761287,-24.85104521297834,0.5764804629608988,0.22747677940875294,11.10163979463453
13.68747878074646,-35.92214119103927,-24.85104521297834,0.5764804629608988,0.22747677940875294,11.071095978060931
13.706370115280151,-35.89000646531034,-24.860527148223678,0.6332823930308222,0.1926373914256692,11.029479317086665
13.72658395767212,-35.848348240170104,-24.863600546357723,0.6332823930308222,0.1926373914256692,10.98474769381238
13.746340990066528,-35.81217950551836,-24.872562302751923,0.7,0.1226373914256692,10.939617202766435
13.766437292098999,-35.748923325245556,-24.87546420513038,0.7,0.1226373914256692,10.873459120115175
13.786433696746826,-35.64072366838265,-24.88665152496292,0.7,0.11112599015235902,10.754072143419727
13.806491136550903,-35.4763625659015,-24.88934451033604,0.7,0.11112599015235902,10.587018055565462
13.826313018798828,-35.261110105460574,-24.897178222352466,0.6708863645792007,0.11219616698566826,10.363931883108108
13.846657752990723,-35.01849880779076,-24.899708552678025,0.6708863645792007,0.11219616698566826,10.118790255112739
13.866349220275879,-34.7632785923063,-24.907060397061898,0.6766104002483189,0.07010281550232322,9.856218195244402
13.886886358261108,-34.50371042290742,-24.909432157451185,0.6766104002483189,0.07010281550232322,9.594278265456232
13.906736612319946,-34.25027948944242,-24.916314534555227,0.6066104002483188,0.14010281550232323,9.333964954887193
13.927412271499634,-34.01010685333101,-24.918531906925434,0.6066104002483188,0.14010281550232323,9.091574946405576
13.948552370071411,-33.78778924342216,-24.924957508432954,0.6156431069783865,0.14369772459845992,8.862831734989207
13.967634677886963,-33.59476741846118,-24.927024772115992,0.6156431069783865,0.14369772459845992,8.66774264634519
13.990997076034546,-33.418462413762335,-24.934928115218604,0.6420321544818579,0.12301268886309119,8.48353429854373
14.00685429573059,-33.26999682527386,-24.936813910243693,0.6420321544818579,0.12301268886309119,8.333182915030164
14.02623963356018,-33.15404613747557,-24.936813910243693,0.6420321544818579,0.12301268886309119,8.217232227231875
14.04743242263794,-33.06373553127457,-24.944005366205847,0.6138902461342512,0.10337223570328208,8.11973016506872
14.067346334457397,-32.993614150277274,-24.944005366205847,0.6138902461342512,0.10337223570328208,8.049608784071427
14.086461067199707,-32.93936385144811,-24.950647807889847,0.6381934160552918,0.15626431714277716,7.988716043558259
14.10715937614441,-32.89756705647796,-24.952224811614098,0.6381934160552918,0.15626431714277716,7.945342244863863
14.126427412033081,-32.86552177160142,-24.95675988564814,0.6501684185303747,0.08626431714277716,7.9087618859532824
14.147631406784058,-32.845726940996464,-24.958207259509415,0.6501684185303747,0.08626431714277716,7.887519681487049
14.166399717330933,-32.83959542295139,-24.962360651364147,0.635800716113299,0.121671633082442,7.8772347715872435
14.186264753341675,-32.834271882439566,-24.96368322135789,0.635800716113299,0.121671633082442,7.870588661081676
14.207778215408325,-32.83849373606849,-24.96746956088778,0.7,0.15740730728488417,7.871024175180715
14.226625919342041,-32.849234367112366,-24.96867225438173,0.7,0.15740730728488417,7.880562112730637
14.249869585037231,-32.86421974515334,-24.972106476470657,0.6544342756271362,0.1638675744039938,7.892113268682685
14.26675295829773,-32.88175850332127,-24.973194322813352,0.6544342756271362,0.1638675744039938,7.90856418050792
14.291215419769287,-32.90060855723473,-24.977269800331392,0.5890430927276611,0.22051893196534367,7.923338756903341
14.306265830993652,-32.91987262033618,-24.978221316603523,0.5890430927276611,0.22051893196534367,7.941651303732655
14.33136796951294,-32.93891654377898,-24.978221316603523,0.5890430927276611,0.22051893196534367,7.9606952271754565
14.347390174865723,-32.95730566194506,-24.981767833672386,0.5998439125716686,0.1567046793503687,7.975537828272671
14.366279125213623,-32.97243897384404,-24.981767833672386,0.5998439125716686,0.1567046793503687,7.990671140171656
14.386518239974976,-32.98027933344681,-24.984915110255713,0.6041207428090274,0.08670467935036869,7.995364223191096
14.407100677490234,-32.98708653382781,-24.984915110255713,0.6041207428090274,0.08670467935036869,8.002171423572094
14.427284240722656,-32.98644135638273,-24.987684867550584,0.6384356471709907,0.0887801861902699,7.998756488832143
14.447182655334473,-32.98063690676318,-24.987684867550584,0.6384356471709907,0.0887801861902699,7.992952039212597
14.467641830444336,-32.97371825142136,-24.990099246550557,0.6277798091061413,0.14465518952813,7.983619004870803
14.48705768585205,-32.96620803102194,-24.990099246550557,0.6277798091061413,0.14465518952813,7.976108784471386
14.506532192230225,-32.95848485217414,-24.991690371040963,0.646978869382292,0.12950759851839394,7.966794481133174
14.528195858001709,-32.95313364819892,-24.99218081048067,0.646978869382292,0.12950759851839394,7.960952837718253
14.546487808227539,-32.94957100195096,-24.993952547233135,0.5769788693822919,0.15909417630638928,7.955618454717822
14.567554950714111,-32.94734454605264,-24.994349805450035,0.5769788693822919,0.15909417630638928,7.952994740602605
14.586551189422607,-32.94842120790803,-24.995437871802384,0.6118602413870393,0.1550201224675402,7.952983336105643
14.606863498687744,-32.951763775387704,-24.995767235849307,0.6118602413870393,0.1550201224675402,7.955996539538397
14.626298904418945,-32.954665877813355,-24.995767235849307,0.6118602413870393,0.1550201224675402,7.958898641964048
14.646997213363647,-32.95911178296818,-24.997181113777913,0.6818602413870394,0.18679653578903527,7.9619306691902665
14.666434049606323,-32.96451281192068,-24.997181113777913,0.6818602413870394,0.18679653578903527,7.967331698142765
14.687299251556396,-32.970434907622256,-24.998055673324536,0.6943286753259599,0.18197301640640945,7.972379234297719
14.706930875778198,-32.97656284988479,-24.998055673324536,0.6943286753259599,0.18197301640640945,7.978507176560257
14.726373672485352,-32.98267226787185,-24.998578266877015,0.7,0.11197301640640944,7.984094000994833
14.747864007949829,-32.98860780619779,-24.99872917176038,0.7,0.11197301640640944,7.98987863443741
14.766459941864014,-32.99194979254871,-24.999226976178267,0.7,0.041973016406409436,7.992722816370442
14.786641597747803,-32.99108592268724,-24.999326989705683,0.7,0.041973016406409436,7.991758932981558
14.806344985961914,-32.98732351462884,-24.999574894167843,0.6532710313796997,0.0,7.987748620460998
14.827910661697388,-32.98164699654247,-24.999641520376702,0.6532710313796997,0.0,7.982005476165771
14.846314191818237,-32.9767184986115,-24.999799176251013,0.6296551626175642,0.0,7.976919322360484
14.866780519485474,-32.97282787948047,-24.999839047265393,0.6296551626175642,0.0,7.972988832215076
14.886321306228638,-32.969760687501235,-24.999926518317483,0.6356473921798169,0.0,7.969834169183752
14.906612396240234,-32.96966261550592,-24.99994637798366,0.6356473921798169,0.0,7.969716237522256
14.927773714065552,-32.97626211697616,-24.99994637798366,0.6356473921798169,0.0,7.976315738992497
14.946506977081299,-33.00355412929936,-24.999990768555502,0.6496660432778298,0.0,8.003563360743858
14.966948986053467,-33.08387739394997,-24.999995268758468,0.6496660432778298,0.0,8.0838821251915
14.98662281036377,-33.240612482787526,-25.0,0.6053464061580598,0.05579124763607979,8.240612482787526
15.007662773132324,-33.46945447316877,-25.0,0.6053464061580598,0.05579124763607979,8.469454473168767
15.026589632034302,-33.74466574760788,-25.0,0.6054873760615009,0.007814526557922363,8.744665747607883
15.047466039657593,-34.04946375134306,-25.0,0.6054873760615009,0.007814526557922363,9.049463751343062
15.06976866722107,-34.314097160048526,-25.0,0.6270716987375635,0.0,9.314097160048526
15.087477684020996,-34.60348972518256,-25.0,0.6270716987375635,0.0,9.603489725182563
15.106966972351074,-34.907085301570646,-25.0,0.6270716987375635,0.0,9.907085301570646
15.12659478187561,-35.21254478239045,-25.0,0.598599204403581,0.028962349519133568,10.212544782390452
15.147014856338501,-35.51124854257832,-25.0,0.598599204403581,0.028962349519133568,10.511248542578322
15.166394710540771,-35.797387605593954,-25.0,0.528599204403581,0.06458359397947788,10.797387605593954
15.186954021453857,-36.06725831130244,-25.0,0.528599204403581,0.06458359397947788,11.067258311302439
15.206513166427612,-36.31871692070173,-25.0,0.598599204403581,0.027065297588706017,11.318716920701732
15.22666049003601,-36.55075968348688,-25.0,0.598599204403581,0.027065297588706017,11.55075968348688
15.24644136428833,-36.763201116919205,-25.0,0.5437842473213095,0.04679950326681137,11.763201116919205
15.26700234413147,-36.956428979271884,-25.0,0.5437842473213095,0.04679950326681137,11.956428979271884
15.28692626953125,-37.12419434270808,-25.0,0.6105273604218382,0.08280988037586212,12.12419434270808
15.306840658187866,-37.27456079517985,-25.0,0.6105273604218382,0.08280988037586212,12.274560795179852
15.33124303817749,-37.408879412800346,-25.0,0.6550894059066195,0.037292324006557465,12.408879412800346
15.34712290763855,-37.528511565572956,-25.0,0.6550894059066195,0.037292324006557465,12.528511565572956
15.367223024368286,-37.63478989467391,-25.0,0.6550894059066195,0.037292324006557465,12.634789894673908
15.386341571807861,-37.72899196518184,-25.0,0.6358336467121262,0.08802146464586258,12.72899196518184
15.407718896865845,-37.81232341730421,-25.0,0.6358336467121262,0.08802146464586258,12.812323417304214
15.426312685012817,-37.88590815912132,-25.0,0.6891933675680775,0.06837987713515759,12.885908159121321
15.446682214736938,-37.95078370869977,-25.0,0.6891933675680775,0.06837987713515759,12.950783708699767
15.466190099716187,-38.00790023561534,-25.0,0.6225906904612202,0.13634812645614147,13.007900235615338
15.487393379211426,-38.05580584918957,-25.0,0.6225906904612202,0.13634812645614147,13.055805849189568
15.50624418258667,-38.097398725983105,-25.0,0.6756448965345043,0.1056395024061203,13.097398725983105
15.527149438858032,-38.13216319285339,-25.0,0.6756448965345043,0.1056395024061203,13.13216319285339
15.54647445678711,-38.1612685660264,-25.0,0.6065839152608532,0.10818907571956515,13.1612685660264
15.567380428314209,-38.18335982639232,-25.0,0.6065839152608532,0.10818907571956515,13.18335982639232
15.586528301239014,-38.19536431231567,-25.0,0.6316936813120264,0.10004321159794927,13.195364312315668
15.607873678207397,-38.193097300956524,-25.0,0.6316936813120264,0.10004321159794927,13.193097300956524
15.62733244895935,-38.17866098570932,-25.0,0.5803955696348566,0.03004321159794926,13.178660985709321
15.646328210830688,-38.15615257775054,-25.0,0.5803955696348566,0.03004321159794926,13.15615257775054
15.669390678405762,-38.12863065890616,-25.0,0.6503955696348567,0.0,13.128630658906161
15.686501502990723,-38.09835179078742,-25.0,0.6503955696348567,0.0,13.098351790787419
15.711148262023926,-38.06695599602244,-25.0,0.7,0.018233153969049454,13.066955996022443
15.726664781570435,-38.03969736543478,-25.0,0.7,0.018233153969049454,13.039697365434783
15.751619338989258,-38.01194519968623,-25.0,0.7,0.018233153969049454,13.011945199686231
15.767480373382568,-37.984581639455726,-25.0,0.7,0.0,12.984581639455726
15.78719687461853,-37.962841856902116,-25.0,0.7,0.0,12.962841856902116
15.807857036590576,-37.94789753798092,-25.0,0.6379854835569858,0.0,12.947897537980921
15.826609373092651,-37.94038341909901,-25.0,0.6379854835569858,0.0,12.940383419099007
15.84647822380066,-37.9382282055228,-25.0,0.5679854835569857,0.0,12.938228205522798
15.867111444473267,-37.944484679264335,-25.0,0.5679854835569857,0.0,12.944484679264335
15.886382579803467,-37.96568424999363,-25.0,0.5772048133611678,0.02121581695973873,12.965684249993629
15.906527519226074,-38.00133698711307,-25.0,0.5772048133611678,0.02121581695973873,13.00133698711307
15.926231622695923,-38.04840533467116,-25.0,0.6472048133611679,0.05834701098501682,13.048405334671159
15.94676923751831,-38.089271275733076,-25.0,0.6472048133611679,0.05834701098501682,13.089271275733076
15.966409921646118,-38.1353267657826,-25.0,0.620553682371974,0.12661860324442387,13.135326765782601
15.986408710479736,-38.18377302742614,-25.0,0.620553682371974,0.12661860324442387,13.183773027426142
16.006404399871826,-38.23491942422504,-25.0,0.690553682371974,0.05661860324442386,13.23491942422504
16.027005672454834,-38.28659332419392,-25.0,0.690553682371974,0.05661860324442386,13.286593324193923
16.046266794204712,-38.33495540931091,-25.0,0.6253941827267409,0.12661860324442387,13.334955409310908
16.066967248916626,-38.37742624696133,-25.0,0.6253941827267409,0.12661860324442387,13.377426246961328
16.08631467819214,-38.4123694769446,-25.0,0.6953941827267409,0.11683518160134554,13.412369476944598
16.107031106948853,-38.4388469047975,-25.0,0.6953941827267409,0.11683518160134554,13.4388469047975
16.126354455947876,-38.45642999432679,-25.0,0.7,0.07418984640389681,13.45642999432679
16.147536993026733,-38.46273915393865,-25.0,0.7,0.07418984640389681,13.46273915393865
16.166879892349243,-38.46821692739416,-25.0,0.6401979893445968,0.10704822931438684,13.46821692739416
16.187308073043823,-38.45654193571775,-25.0,0.6401979893445968,0.10704822931438684,13.456541935717752
16.20751643180847,-38.42862796614355,-25.0,0.6368387497961521,0.03704822931438684,13.428627966143551
16.227726936340332,-38.390170390102504,-25.0,0.6368387497961521,0.03704822931438684,13.390170390102504
16.247650861740112,-38.34540297673172,-25.0,0.566838749796152,0.05211776338517665,13.34540297673172
16.266709089279175,-38.29743271429015,-25.0,0.566838749796152,0.05211776338517665,13.297432714290153
16.28864884376526,-38.24850206675005,-25.0,0.6368387497961521,0.07320483431220054,13.24850206675005
16.30710506439209,-38.20251026462164,-25.0,0.6368387497961521,0.07320483431220054,13.202510264621637
16.32901644706726,-38.15977183604701,-25.0,0.6664697144180536,0.08178300533443689,13.159771836047007
16.347570419311523,-38.12041950380239,-25.0,0.6664697144180536,0.08178300533443689,13.120419503802388
16.36935567855835,-38.086772562405244,-25.0,0.6474908579140901,0.03800281632691621,13.086772562405244
16.386244535446167,-38.05755942883703,-25.0,0.6474908579140901,0.03800281632691621,13.057559428837031
16.41064739227295,-38.03261164696271,-25.0,0.57749085791409,0.0,13.032611646962707
16.42627763748169,-38.01128399102134,-25.0,0.57749085791409,0.0,13.011283991021337
16.45128583908081,-37.99303289179536,-25.0,0.57749085791409,0.0,12.993032891795359
16.467018842697144,-37.97739971442126,-25.0,0.6093237727135419,0.03520096838474274,12.97739971442126
16.491309881210327,-37.966313253132526,-25.0,0.6093237727135419,0.03520096838474274,12.966313253132526
16.507498025894165,-37.96099338242814,-25.0,0.5767270579189061,0.0,12.960993382428143
16.5315580368042,-37.96213542537385,-25.0,0.5767270579189061,0.0,12.962135425373852
16.5463969707489,-37.9700520367124,-25.0,0.5889688973501324,0.0,12.970052036712403
16.566675662994385,-37.98246548919351,-25.0,0.5889688973501324,0.0,12.982465489193508
16.586973667144775,-37.99324316556809,-25.0,0.5543246028199791,0.00957622192800045,12.993243165568089
16.60630750656128,-38.009349006164825,-25.0,0.5543246028199791,0.00957622192800045,13.009349006164825
16.626872777938843,-38.028731217613505,-25.0,0.5288512745127081,0.07957622192800046,13.028731217613505
16.64695453643799,-38.049878315997354,-25.0,0.5288512745127081,0.07957622192800046,13.049878315997354
16.666297435760498,-38.07401028885164,-25.0,0.5988512745127081,0.14957622192800046,13.074010288851639
16.68682312965393,-38.09957950150335,-25.0,0.5988512745127081,0.14957622192800046,13.09957950150335
16.706385612487793,-38.12547311890143,-25.0,0.6043290889821946,0.08973647408187391,13.125473118901432
16.72750425338745,-38.1509096379506,-25.0,0.6043290889821946,0.08973647408187391,13.150909637950598
16.7462158203125,-38.17304194059305,-25.0,0.6743290889821947,0.02591181300580503,13.173041940593052
16.766845703125,-38.18997955663063,-25.0,0.6743290889821947,0.02591181300580503,13.189979556630632
16.786335229873657,-38.19822995979913,-25.0,0.7,0.0,13.198229959799129
16.806256532669067,-38.193279912209775,-25.0,0.7,0.0,13.193279912209775
16.826263189315796,-38.18898215451198,-25.0,0.7,0.0,13.188982154511983
16.846240758895874,-38.16629473260474,-25.0,0.7,0.0,13.16629473260474
16.866340160369873,-38.13143213450984,-25.0,0.6446541219949722,0.0,13.131432134509843
16.886479139328003,-38.08903169743334,-25.0,0.6446541219949722,0.0,13.089031697433342
16.90645122528076,-38.04482943205222,-25.0,0.6414146384224295,0.021859532222151756,13.044829432052218
16.92690420150757,-38.00285694609367,-25.0,0.6414146384224295,0.021859532222151756,13.002856946093672
16.949254751205444,-37.968172097850534,-25.0,0.6793280502781271,0.09185953222215176,12.968172097850534
16.966588497161865,-37.946412259851705,-25.0,0.6793280502781271,0.09185953222215176,12.946412259851705
16.991355419158936,-37.94346875151638,-25.0,0.6793280502781271,0.09185953222215176,12.943468751516377
17.006221294403076,-37.962937665621176,-25.0,0.6397265864536166,0.021859532222151756,12.962937665621176
17.026423692703247,-37.99977705655039,-25.0,0.6397265864536166,0.021859532222151756,12.999777056550393
17.046415090560913,-38.03176195630945,-25.0,0.5992815939709544,0.0,13.031761956309452
17.06646490097046,-38.07316450092014,-25.0,0.5992815939709544,0.0,13.073164500920143
17.08637285232544,-38.12001719762959,-25.0,0.569539582170546,0.0,13.120017197629593
17.10762667655945,-38.16942066545591,-25.0,0.569539582170546,0.0,13.16942066545591
17.126296043395996,-38.21929382582278,-25.0,0.5745996025390923,0.0,13.219293825822781
17.14790964126587,-38.268178823591235,-25.0,0.5745996025390923,0.0,13.268178823591235
17.166454076766968,-38.31508910403963,-25.0,0.633121193666011,0.0,13.315089104039629
17.18645739555359,-38.35939146903531,-25.0,0.633121193666011,0.0,13.359391469035309
17.206438779830933,-38.40071484288488,-25.0,0.7,0.03581687808036804,13.40071484288488
17.226677179336548,-38.441196342754864,-25.0,0.7,0.03581687808036804,13.441196342754864
17.24630093574524,-38.48002620781011,-25.0,0.7,0.10581687808036805,13.480026207810113
17.26713514328003,-38.51373928802461,-25.0,0.7,0.10581687808036805,13.51373928802461
17.28624653816223,-38.54595607966374,-25.0,0.7,0.17581687808036806,13.545956079663739
17.306413412094116,-38.57628450842745,-25.0,0.7,0.17581687808036806,13.576284508427449
17.3262357711792,-38.60450201478475,-25.0,0.7,0.10581687808036805,13.60450201478475
17.347651481628418,-38.62819329829363,-25.0,0.7,0.10581687808036805,13.628193298293631
17.36702537536621,-38.64811637475309,-25.0,0.7,0.1114686487056315,13.648116374753087
17.387648344039917,-38.66258070971121,-25.0,0.7,0.1114686487056315,13.662580709711207
17.409252643585205,-38.66592325941398,-25.0,0.6871939355507493,0.09542163850739599,13.66592325941398
17.42629313468933,-38.65450369799289,-25.0,0.6871939355507493,0.09542163850739599,13.654503697992887
17.447019338607788,-38.62154988406115,-25.0,0.6871939355507493,0.09542163850739599,13.621549884061153
17.46761155128479,-38.56987459796594,-25.0,0.6492375375702977,0.14410915615037084,13.569874597965942
17.487083435058594,-38.52500879524538,-25.0,0.6492375375702977,0.14410915615037084,13.525008795245377
17.50629425048828,-38.46760400505394,-25.0,0.5903636308386921,0.08080740662291647,13.467604005053943
17.526697158813477,-38.40300277676298,-25.0,0.5903636308386921,0.08080740662291647,13.403002776762982
17.546269416809082,-38.33742195003094,-25.0,0.659791344590485,0.11944618837907911,13.337421950030937
17.5662522315979,-38.27057274103429,-25.0,0.659791344590485,0.11944618837907911,13.270572741034293
17.586403131484985,-38.20460434234616,-25.0,0.7,0.11485993552953006,13.204604342346158
17.607579231262207,-38.14330267547936,-25.0,0.7,0.11485993552953006,13.143302675479362
17.626343965530396,-38.08454168001752,-25.0,0.6299999999999999,0.04485993552953005,13.084541680017523
17.646814823150635,-38.03141037305649,-25.0,0.6299999999999999,0.04485993552953005,13.031410373056488
17.667046070098877,-37.983589607476944,-25.0,0.7,0.0,12.983589607476944
17.686443090438843,-37.940717751183236,-25.0,0.7,0.0,12.940717751183236
17.710017681121826,-37.90349531097857,-25.0,0.7,0.07,12.90349531097857
17.72758960723877,-37.87009572070251,-25.0,0.7,0.07,12.870095720702508
17.751405000686646,-37.84023164980772,-25.0,0.7,0.07,12.84023164980772
17.767082452774048,-37.81592669396702,-25.0,0.7,0.06905164435040206,12.815926693967022
17.78669834136963,-37.800756241320336,-25.0,0.7,0.06905164435040206,12.800756241320336
17.80626893043518,-37.79464659953594,-25.0,0.6501845128834247,0.07979002553503961,12.794646599535938
17.82701563835144,-37.794991438570975,-25.0,0.6501845128834247,0.07979002553503961,12.794991438570975
17.846380949020386,-37.79981034544039,-25.0,0.5801845128834247,0.020491327675990767,12.799810345440392
17.867702960968018,-37.80760985046899,-25.0,0.5801845128834247,0.020491327675990767,12.807609850468992
17.88677430152893,-37.81727406550728,-25.0,0.5162429223954677,0.008507752376608557,12.817274065507277
17.906535387039185,-37.82797877225594,-25.0,0.5162429223954677,0.008507752376608557,12.827978772255939
17.92630624771118,-37.83727287195928,-25.0,0.5162429223954677,0.008507752376608557,12.837272871959279
17.946378469467163,-37.84719343742199,-25.0,0.512816691417247,0.0,12.847193437421993
17.966581344604492,-37.85728767828929,-25.0,0.512816691417247,0.0,12.857287678289289
17.986324548721313,-37.86723651804731,-25.0,0.582816691417247,0.0,12.867236518047307
18.006590127944946,-37.87682216442621,-25.0,0.582816691417247,0.0,12.876822164426208
18.027374744415283,-37.88821926318574,-25.0,0.582816691417247,0.0,12.88821926318574
18.04610276222229,-37.90289054006682,-25.0,0.578530187997967,0.0,12.90289054006682
18.067586660385132,-37.921765685119674,-25.0,0.578530187997967,0.0,12.921765685119674
18.08708143234253,-37.94306330227126,-25.0,0.648530187997967,0.07,12.943063302271263
18.10679030418396,-37.96548222468536,-25.0,0.648530187997967,0.07,12.96548222468536
18.12612295150757,-37.98808913546682,-25.0,0.636623308043927,0.14,12.988089135466822
18.146295309066772,-38.00771703258912,-25.0,0.636623308043927,0.14,13.00771703258912
18.166456699371338,-38.02727225796213,-25.0,0.5927242412976921,0.07,13.027272257962132
18.188031435012817,-38.046261631073534,-25.0,0.5927242412976921,0.07,13.046261631073534
18.206896543502808,-38.064357511369714,-25.0,0.5787152079679072,0.049727685451507575,13.064357511369714
18.22926425933838,-38.079039525959786,-25.0,0.5787152079679072,0.049727685451507575,13.079039525959786
18.246378660202026,-38.08633069715394,-25.0,0.5787152079679072,0.049727685451507575,13.08633069715394
18.267930030822754,-38.08597982707492,-25.0,0.6487152079679073,0.005545917600393302,13.085979827074922
18.28633165359497,-38.07801384378024,-25.0,0.6487152079679073,0.005545917600393302,13.07801384378024
18.30624508857727,-38.06496849455544,-25.0,0.6419903656095267,0.017656199336051948,13.064968494555437
18.327722549438477,-38.04873892597716,-25.0,0.6419903656095267,0.017656199336051948,13.048738925977162
18.346312522888184,-38.03072538952277,-25.0,0.6570611178502441,0.0031654608249664373,13.030725389522772
18.36777901649475,-38.01508557726564,-25.0,0.6570611178502441,0.0031654608249664373,13.015085577265637
18.386275053024292,-37.99836860443729,-25.0,0.6564897332899273,0.04627965360879899,12.998368604437289
18.406416654586792,-37.98366037908861,-25.0,0.6564897332899273,0.04627965360879899,12.983660379088612
18.427634716033936,-37.970735024134456,-25.0,0.6564897332899273,0.04627965360879899,12.970735024134456
18.44733762741089,-37.95938866241318,-25.0,0.669570243600756,0.03688586007803679,12.959388662413183
18.46706986427307,-37.95175441872449,-25.0,0.669570243600756,0.03688586007803679,12.95175441872449
18.486331939697266,-37.946899739237736,-25.0,0.695897240806371,0.018447880335152156,12.946899739237736
18.507099390029907,-37.94410363519769,-25.0,0.695897240806371,0.018447880335152156,12.944103635197692
18.52734351158142,-37.94281106839118,-25.0,0.6293584077246488,0.08844788033515216,12.94281106839118
18.54649043083191,-37.94259689457614,-25.0,0.6293584077246488,0.08844788033515216,12.942596894576141
18.56653094291687,-37.9454537440357,-25.0,0.6293584077246488,0.08844788033515216,12.945453744035703
18.58660578727722,-37.947934133675325,-25.0,0.6244160059466959,0.14554748345166446,12.947934133675325
18.60727071762085,-37.95252191179492,-25.0,0.6244160059466959,0.14554748345166446,12.952521911794918
18.62641668319702,-37.95845253029558,-25.0,0.6184695196896792,0.08350943807512523,12.958452530295581
18.646623373031616,-37.965159558618296,-25.0,0.6184695196896792,0.08350943807512523,12.965159558618296
18.668452739715576,-37.969912754902126,-25.0,0.6184695196896792,0.08350943807512523,12.969912754902126
18.68726682662964,-37.97086723963085,-25.0,0.5484695196896792,0.11118013259023429,12.970867239630849
18.70669984817505,-37.96684171024551,-25.0,0.5484695196896792,0.11118013259023429,12.966841710245511
18.726401567459106,-37.957146904855584,-25.0,0.6184695196896792,0.10575079578906299,12.957146904855584
18.746544122695923,-37.94145348881101,-25.0,0.6184695196896792,0.10575079578906299,12.941453488811007
18.766302585601807,-37.92432350162541,-25.0,0.6103527016565204,0.035750795789062983,12.924323501625409
18.786291360855103,-37.90433081115435,-25.0,0.6103527016565204,0.035750795789062983,12.904330811154352
18.811681509017944,-37.886972646849756,-25.0,0.6103527016565204,0.035750795789062983,12.886972646849756
18.827208280563354,-37.87012219491195,-25.0,0.6803527016565205,0.0942851683869958,12.87012219491195
18.847438097000122,-37.85175213383206,-25.0,0.6803527016565205,0.0942851683869958,12.851752133832058
18.866271495819092,-37.835127071080706,-25.0,0.7,0.1577757528796792,12.835127071080706
18.88621950149536,-37.820152201772494,-25.0,0.7,0.1577757528796792,12.820152201772494
18.90624499320984,-37.80671818561694,-25.0,0.6299999999999999,0.12729800555855036,12.806718185616937
18.926195859909058,-37.79470846796749,-25.0,0.6299999999999999,0.12729800555855036,12.794708467967489
18.946165084838867,-37.78400455501241,-25.0,0.5599999999999998,0.1908929205313325,12.784004555012409
18.966768980026245,-37.774489728925595,-25.0,0.5599999999999998,0.1908929205313325,12.774489728925595
18.98780059814453,-37.76373523344755,-25.0,0.5599999999999998,0.1908929205313325,12.763735233447548
19.00747036933899,-37.75008677337849,-25.0,0.6299999999999999,0.12089292053133249,12.750086773378492
19.031116485595703,-37.73823683188481,-25.0,0.5599999999999998,0.11939239827916026,12.738236831884812
19.046720504760742,-37.715234111784234,-25.0,0.5599999999999998,0.11939239827916026,12.715234111784234
19.066492557525635,-37.67119303571872,-25.0,0.5599999999999998,0.11939239827916026,12.671193035718723
19.086267709732056,-37.60211808688632,-25.0,0.5598280451545723,0.09916561236605048,12.602118086886321
19.107237815856934,-37.51747556300663,-25.0,0.5598280451545723,0.09916561236605048,12.517475563006627
19.1261887550354,-37.424250850959055,-25.0,0.5709404315153368,0.10257021756842732,12.424250850959055
19.146700382232666,-37.327522046388246,-25.0,0.5709404315153368,0.10257021756842732,12.327522046388246
19.166313886642456,-37.23090864511128,-25.0,0.5498281459609278,0.08225255319848657,12.230908645111278
19.187304735183716,-37.139237984713546,-25.0,0.5498281459609278,0.08225255319848657,12.139237984713546
19.20630931854248,-37.0534164258917,-25.0,0.5427158966945715,0.01225255319848656,12.053416425891697
19.22635841369629,-36.97623570467712,-25.0,0.5427158966945715,0.01225255319848656,11.976235704677123
19.24745488166809,-36.90922543200124,-25.0,0.6127158966945716,0.060904255900532,11.909225432001243
19.26676869392395,-36.84891080023695,-25.0,0.6127158966945716,0.060904255900532,11.84891080023695
19.288893461227417,-36.79715276337879,-25.0,0.5541961309598991,0.0,11.79715276337879
19.307263612747192,-36.75501839549349,-25.0,0.5541961309598991,0.0,11.755018395493487
19.32888174057007,-36.72299523456643,-25.0,0.6241961309598991,0.022207776084542274,11.722995234566433
19.347143173217773,-36.69883908706941,-25.0,0.6241961309598991,0.022207776084542274,11.698839087069409
19.366166591644287,-36.68310019388889,-25.0,0.6941961309598992,0.0,11.68310019388889
19.387086153030396,-36.67362255764625,-25.0,0.6941961309598992,0.0,11.673622557646247
19.4070987701416,-36.671059998088765,-25.0,0.6241961309598991,0.0,11.671059998088765
19.428626775741577,-36.675684399503,-25.0,0.6640828998672077,0.0,11.675684399502998
19.44732356071472,-36.68981154388355,-25.0,0.6640828998672077,0.0,11.68981154388355
19.4689838886261,-36.70207709131788,-25.0,0.638592725797207,0.019279608502984047,11.702077091317882
19.486178874969482,-36.73471413806451,-25.0,0.638592725797207,0.019279608502984047,11.734714138064511
19.508935928344727,-36.79222242398199,-25.0,0.609152948661358,0.0371064692735672,11.79222242398199
19.527085781097412,-36.872439205259205,-25.0,0.609152948661358,0.0371064692735672,11.872439205259205
19.54623579978943,-36.97094745431401,-25.0,0.6110480867238948,0.10155211389064789,11.970947454314008
19.56678867340088,-37.07956442439301,-25.0,0.6110480867238948,0.10155211389064789,12.079564424393013
19.586424350738525,-37.194656473594364,-25.0,0.6734737373801181,0.0679546594619751,12.194656473594364
19.607372522354126,-37.31352909535936,-25.0,0.694721372044296,0.0,12.313529095359357
19.626288890838623,-37.431894753504935,-25.0,0.694721372044296,0.0,12.431894753504935
19.647319316864014,-37.54447242221518,-25.0,0.694721372044296,0.0,12.544472422215179
19.667407512664795,-37.642215228433784,-25.0,0.7,0.0,12.642215228433784
19.68654203414917,-37.73260934603256,-25.0,0.6955183281563222,0.04606027156114578,12.732609346032561
19.706227779388428,-37.81551688100119,-25.0,0.6955183281563222,0.04606027156114578,12.815516881001187
19.726200103759766,-37.89103936294919,-25.0,0.6917864222079515,0.009246721863746643,12.891039362949194
19.746987104415894,-37.95944194464366,-25.0,0.6917864222079515,0.009246721863746643,12.959441944643658
19.766864776611328,-38.023412788305144,-25.0,0.7,0.039040254428982735,13.023412788305144
19.786112546920776,-38.08261948869205,-25.0,0.6614322856068611,0.0,13.082619488692053
19.80613422393799,-38.13927307020441,-25.0,0.6614322856068611,0.0,13.13927307020441
19.82698893547058,-38.19729290237046,-25.0,0.6030558541417121,0.0,13.197292902370457
19.84678602218628,-38.254732598983594,-25.0,0.6030558541417121,0.0,13.254732598983594
19.866880416870117,-38.31025552769614,-25.0,0.6521402977406978,0.02562994696199894,13.310255527696143
19.886643886566162,-38.358461951972075,-25.0,0.6521402977406978,0.02562994696199894,13.358461951972075
19.906214714050293,-38.40483785438323,-25.0,0.7,0.04337678663432598,13.404837854383231
19.926284790039062,-38.45103642824285,-25.0,0.6299999999999999,0.0,13.451036428242851
19.946433782577515,-38.49821062274012,-25.0,0.6299999999999999,0.0,13.498210622740118
19.967164516448975,-38.54481919335042,-25.0,0.5599999999999998,0.0011392923770472407,13.54481919335042
19.99122714996338,-38.589806528754316,-25.0,0.5599999999999998,0.0011392923770472407,13.589806528754316
20.006863117218018,-38.63248214947457,-25.0,0.5553941446729003,0.07113929237704725,13.63248214947457
20.03135108947754,-38.672427386977326,-25.0,0.5553941446729003,0.07113929237704725,13.672427386977326
20.047708749771118,-38.70942340125404,-25.0,0.5184933188743888,0.04999826620798559,13.709423401254043
20.06646966934204,-38.74339591678338,-25.0,0.5184933188743888,0.04999826620798559,13.743395916783378
20.08652687072754,-38.774373027230396,-25.0,0.5884933188743888,0.03869397151749582,13.774373027230396
20.106914281845093,-38.80245318948764,-25.0,0.5884933188743888,0.03869397151749582,13.802453189487643
20.127066135406494,-38.82683310327997,-25.0,0.6584933188743889,0.0,13.826833103279967
20.147027254104614,-38.84894840215039,-25.0,0.6584933188743889,0.0,13.848948402150391
20.167012691497803,-38.868907897473825,-25.0,0.6461285867728292,0.0,13.868907897473825
20.187127828598022,-38.88452763539056,-25.0,0.6461285867728292,0.0,13.884527635390562
20.20715641975403,-38.89903775431435,-25.0,0.6121358566917479,0.03247440606355667,13.89903775431435
20.227017879486084,-38.912394740963805,-25.0,0.6121358566917479,0.03247440606355667,13.912394740963805
20.24705171585083,-38.924598762544036,-25.0,0.6630089798010885,0.05922149680554867,13.924598762544036
20.26609492301941,-38.93568032146436,-25.0,0.6108668328262865,0.04329337738454342,13.93568032146436
20.287217617034912,-38.945690186485336,-25.0,0.6108668328262865,0.04329337738454342,13.945690186485336
20.307236909866333,-38.95469186497311,-25.0,0.5408668328262864,0.08655261062085629,13.954691864973107
20.32674288749695,-38.96275603855001,-25.0,0.5408668328262864,0.08655261062085629,13.962756038550012
20.346414804458618,-38.969757559937605,-25.0,0.5526351645775138,0.01655261062085628,13.969757559937605
20.366321802139282,-38.9760354087557,-25.0,0.5526351645775138,0.01655261062085628,13.976035408755699
20.386321306228638,-38.98164515673429,-25.0,0.6226351645775139,0.0,13.981645156734288
20.406376123428345,-38.98432666255172,-25.0,0.6226351645775139,0.0,13.984326662551723
20.4272563457489,-38.98490359788352,-25.0,0.5751631160266697,0.0,13.984903597883523
20.446486234664917,-38.984003534683644,-25.0,0.5751631160266697,0.0,13.984003534683644
20.466230154037476,-38.98210129828597,-25.0,0.6451631160266698,0.0,13.982101298285968
20.48648238182068,-38.97955310524083,-25.0,0.6451631160266698,0.0,13.979553105240832
20.50620460510254,-38.976623400709975,-25.0,0.5928503097780049,0.04660523682832718,13.976623400709975
20.527348041534424,-38.97582226590503,-25.0,0.662850309778005,0.0670470017939806,13.97582226590503
20.546148538589478,-38.97652070778757,-25.0,0.662850309778005,0.0670470017939806,13.976520707787571
20.567986965179443,-38.97712711286206,-25.0,0.7,0.03264952264726162,13.977127112862057
20.586501359939575,-38.97876881528929,-25.0,0.7,0.03264952264726162,13.978768815289293
20.608540296554565,-38.981086348098714,-25.0,0.6608624093234539,0.10264952264726163,13.981086348098714
20.62727975845337,-38.98381222113123,-25.0,0.6608624093234539,0.10264952264726163,13.983812221131231
20.648877143859863,-38.986749879195266,-25.0,0.7,0.03264952264726162,13.986749879195266
20.667479991912842,-38.98744086924617,-25.0,0.7,0.03264952264726162,13.987440869246171
20.68973731994629,-38.98655315670437,-25.0,0.7,0.0,13.986553156704367
20.706876039505005,-38.984592303814544,-25.0,0.7,0.0,13.984592303814544
20.73060917854309,-38.98193774671533,-25.0,0.7,0.048738252371549606,13.981937746715332
20.74624228477478,-38.97655496873772,-25.0,0.7,0.048738252371549606,13.976554968737723
20.77139377593994,-38.9694190844847,-25.0,0.7,0.024868424981832504,13.969419084484699
20.786338567733765,-38.96322352758845,-25.0,0.7,0.024868424981832504,13.963223527588447
20.812923192977905,-38.955874451723844,-25.0,0.6499312900006771,0.08473515138030052,13.955874451723844
20.826810836791992,-38.950234196361755,-25.0,0.6499312900006771,0.08473515138030052,13.950234196361755
20.846292734146118,-38.94592950260135,-25.0,0.6369524167850613,0.15473515138030053,13.945929502601352
20.86663293838501,-38.94266591353253,-25.0,0.6369524167850613,0.15473515138030053,13.94266591353253
20.88623309135437,-38.940211466945996,-25.0,0.7,0.12821772292256356,13.940211466945996
20.911453008651733,-38.938383721567696,-25.0,0.7,0.0834938657283783,13.938383721567696
20.92676544189453,-38.93472309253205,-25.0,0.7,0.0834938657283783,13.934723092532053
20.95124912261963,-38.92756950579192,-25.0,0.7,0.0834938657283783,13.927569505791922
20.967423915863037,-38.91354561485522,-25.0,0.680758924037218,0.1385114935040474,13.913545614855217
20.986328840255737,-38.890486647097376,-25.0,0.680758924037218,0.1385114935040474,13.890486647097376
21.007169723510742,-38.870466262566616,-25.0,0.7,0.2085114935040474,13.870466262566616
21.02783966064453,-38.83974490332428,-25.0,0.7,0.2085114935040474,13.83974490332428
21.046111822128296,-38.800084166593955,-25.0,0.6299999999999999,0.22652357757091524,13.800084166593955
21.067418575286865,-38.75294321966776,-25.0,0.6299999999999999,0.22652357757091524,13.752943219667763
21.08619713783264,-38.68795097130779,-25.0,0.7,0.15652357757091523,13.687950971307792
21.106244325637817,-38.589108941370704,-25.0,0.7,0.15652357757091523,13.589108941370704
21.13132905960083,-38.448513354201,-25.0,0.7,0.15652357757091523,13.448513354200998
21.146156549453735,-38.25945846442573,-25.0,0.7,0.08652357757091522,13.259458464425727
21.166979789733887,-38.02782912468236,-25.0,0.7,0.08652357757091522,13.027829124682363
21.1861515045166,-37.77273297202735,-25.0,0.7,0.09383034147322178,12.772732972027349
21.20743703842163,-37.55125197937821,-25.0,0.7,0.09383034147322178,12.551251979378208
21.226901531219482,-37.315764809992395,-25.0,0.6299999999999999,0.07364755123853683,12.315764809992395
21.24738073348999,-37.07675546374704,-25.0,0.6299999999999999,0.07364755123853683,12.076755463747041
21.271358728408813,-36.84391509641328,-25.0,0.6299999999999999,0.07364755123853683,11.843915096413284
21.28778100013733,-36.62381241230127,-25.0,0.7,0.0395883247256279,11.62381241230127
21.30676245689392,-36.42067420455421,-25.0,0.7,0.0395883247256279,11.42067420455421
21.326283931732178,-36.23467287589339,-25.0,0.7,0.0,11.234672875893388
21.346729040145874,-36.070109229414875,-25.0,0.7,0.0,11.070109229414875
21.366196155548096,-35.929405530924505,-25.0,0.7,0.07,10.929405530924505
21.386791706085205,-35.81593176052499,-25.0,0.7,0.07,10.81593176052499
21.40616226196289,-35.74057639090295,-25.0,0.6546194411814212,0.0,10.740576390902952
21.426950216293335,-35.67515093508315,-25.0,0.6546194411814212,0.0,10.675150935083153
21.449411392211914,-35.65772638067602,-25.0,0.6923582263290882,0.05851937457919121,10.657726380676017
21.46756601333618,-35.69726501589276,-25.0,0.6923582263290882,0.05851937457919121,10.69726501589276
21.48758840560913,-35.78690887145643,-25.0,0.6923582263290882,0.05851937457919121,10.786908871456433
21.50614881515503,-35.91130862605665,-25.0,0.6458726793527603,0.11964527517557144,10.911308626056652
21.52676486968994,-36.056570605463925,-25.0,0.6458726793527603,0.11964527517557144,11.056570605463925
21.546123027801514,-36.2194437580617,-25.0,0.6490365786477923,0.1168585354462266,11.2194437580617
21.56748676300049,-36.392573130269845,-25.0,0.6490365786477923,0.1168585354462266,11.392573130269845
21.588475942611694,-36.56826346564268,-25.0,0.6846510617062449,0.12829578202217817,11.56826346564268
21.606746435165405,-36.73878594769166,-25.0,0.6846510617062449,0.12829578202217817,11.73878594769166
21.627716302871704,-36.89890849000095,-25.0,0.6846510617062449,0.12829578202217817,11.898908490000949
21.647536993026733,-37.03793096935651,-25.0,0.6843085137836169,0.13766754418611526,12.037930969356509
21.667696714401245,-37.16597394306023,-25.0,0.6843085137836169,0.13766754418611526,12.16597394306023
21.6861674785614,-37.278383511925654,-25.0,0.6143085137836168,0.06766754418611526,12.278383511925654
21.707215785980225,-37.37233918540168,-25.0,0.6143085137836168,0.06766754418611526,12.372339185401678
21.73135733604431,-37.44405190833094,-25.0,0.6143085137836168,0.06766754418611526,12.444051908330941
21.746288537979126,-37.493792435854665,-25.0,0.5999030704505275,0.112590302079916,12.493792435854665
21.767133474349976,-37.524644252153614,-25.0,0.5999030704505275,0.112590302079916,12.524644252153614
21.786166191101074,-37.54387959112628,-25.0,0.5840780931420158,0.10652805801481008,12.543879591126277
21.806317806243896,-37.554539407026,-25.0,0.5840780931420158,0.10652805801481008,12.554539407025999
21.828155040740967,-37.556645546065695,-25.0,0.5171532603807281,0.08318377595394849,12.556645546065695
21.846235990524292,-37.55507130961043,-25.0,0.5171532603807281,0.08318377595394849,12.555071309610433
21.866793632507324,-37.550982245214364,-25.0,0.5171532603807281,0.08318377595394849,12.550982245214364
21.88910150527954,-37.54743201510692,-25.0,0.5667730430967639,0.013183775953948484,12.54743201510692
21.90630793571472,-37.5421717969952,-25.0,0.5667730430967639,0.013183775953948484,12.542171796995198
21.926308631896973,-37.53586248717825,-25.0,0.4967730430967639,0.00715021429583429,12.53586248717825
21.94710874557495,-37.52899077998876,-25.0,0.4967730430967639,0.00715021429583429,12.52899077998876
21.967358350753784,-37.52190954570616,-25.0,0.5667730430967639,0.0,12.521909545706158
21.98731541633606,-37.51718575126753,-25.0,0.5667730430967639,0.0,12.517185751267533
22.01126980781555,-37.51654023158229,-25.0,0.5667730430967639,0.0,12.51654023158229
22.02799654006958,-37.51874441431112,-25.0,0.4967730430967639,0.07,12.518744414311122
22.047536849975586,-37.525186201636274,-25.0,0.4967730430967639,0.07,12.525186201636274
22.06617784500122,-37.53671792162638,-25.0,0.5528307085938284,0.0,12.536717921626384
22.087257385253906,-37.55148109195481,-25.0,0.5528307085938284,0.0,12.551481091954813
22.106224536895752,-37.56429885335559,-25.0,0.6228307085938285,0.039906278252601624,12.564298853355588
22.127599239349365,-37.57922839034811,-25.0,0.6228307085938285,0.039906278252601624,12.579228390348113
22.146343231201172,-37.5952312589673,-25.0,0.6382808751321862,0.01627245545387268,12.595231258967303
22.16631507873535,-37.61387423690576,-25.0,0.6382808751321862,0.01627245545387268,12.613874236905758
22.190670251846313,-37.63385964939427,-25.0,0.6382808751321862,0.01627245545387268,12.633859649394267
22.206995248794556,-37.654250777220206,-25.0,0.6871343283809255,0.04445474222302437,12.654250777220206
22.226235151290894,-37.67438630097019,-25.0,0.6871343283809255,0.04445474222302437,12.674386300970191
22.247650384902954,-37.693813617543285,-25.0,0.659325855866773,0.0656066332012415,12.693813617543285
22.267640829086304,-37.71223702241023,-25.0,0.659325855866773,0.0656066332012415,12.712237022410228
22.28623938560486,-37.72947758297974,-25.0,0.6552168657898436,0.04958123899996281,12.72947758297974
22.306941270828247,-37.745442189912346,-25.0,0.6552168657898436,0.04958123899996281,12.745442189912346
22.32628345489502,-37.75930306924701,-25.0,0.6810010770231019,0.10178445838391781,12.75930306924701
22.346609830856323,-37.77676686439773,-25.0,0.6810010770231019,0.10178445838391781,12.776766864397729
22.36672806739807,-37.79395656979714,-25.0,0.6810010770231019,0.10178445838391781,12.793956569797139
22.386487007141113,-37.81050286496107,-25.0,0.6919236831262241,0.050747452303767204,12.810502864961073
22.406781911849976,-37.826166184119096,-25.0,0.6919236831262241,0.050747452303767204,12.826166184119096
22.426222801208496,-37.838487052231244,-25.0,0.6306464612379203,0.07892414927482605,12.838487052231244
22.446431875228882,-37.84584525602125,-25.0,0.6306464612379203,0.07892414927482605,12.84584525602125
22.46614408493042,-37.84956256563827,-25.0,0.622200919863535,0.09163213614374399,12.849562565638273
22.487447023391724,-37.85065301213333,-25.0,0.622200919863535,0.09163213614374399,12.850653012133328
22.510024070739746,-37.84989015232326,-25.0,0.6719645248621235,0.14810912031680346,12.849890152323262
22.52690052986145,-37.84786012732144,-25.0,0.6719645248621235,0.14810912031680346,12.84786012732144
22.546284675598145,-37.84609760778586,-25.0,0.6719645248621235,0.14810912031680346,12.846097607785858
22.56621813774109,-37.84347319081541,-25.0,0.7,0.09865470323711634,12.84347319081541
22.586752891540527,-37.84031928298881,-25.0,0.7,0.09865470323711634,12.840319282988808
22.609916925430298,-37.836880722084004,-25.0,0.6644192568957805,0.02865470323711633,12.836880722084004
22.629545211791992,-37.82870237346219,-25.0,0.6644192568957805,0.02865470323711633,12.828702373462193
22.647777795791626,-37.81513105249852,-25.0,0.6644192568957805,0.02865470323711633,12.815131052498522
22.666818380355835,-37.798171549235924,-25.0,0.6644192568957805,0.02865470323711633,12.798171549235924
22.68642497062683,-37.77930564677894,-25.0,0.6857772700488567,0.006726430095732205,12.779305646778937
22.707140922546387,-37.759612805614246,-25.0,0.6857772700488567,0.006726430095732205,12.759612805614246
22.72646403312683,-37.7398645917472,-25.0,0.7,0.0,12.7398645917472
22.74685001373291,-37.72271868827199,-25.0,0.7,0.0,12.72271868827199
22.766621589660645,-37.708028216094675,-25.0,0.7,0.0,12.708028216094675
22.786904096603394,-37.69543040426522,-25.0,0.7,0.040842510759830475,12.695430404265217
22.806328058242798,-37.686934475425986,-25.0,0.7,0.040842510759830475,12.686934475425986
22.826226472854614,-37.68382789160337,-25.0,0.6784300066530704,0.09967603534460068,12.683827891603372
22.846380710601807,-37.68686286310346,-25.0,0.6784300066530704,0.09967603534460068,12.686862863103457
22.86701512336731,-37.703349044694754,-25.0,0.6784300066530704,0.09967603534460068,12.703349044694754
22.887404203414917,-37.73800907427987,-25.0,0.7,0.10155538958497345,12.738009074279873
22.906239986419678,-37.7866951896147,-25.0,0.7,0.10155538958497345,12.786695189614697
22.926197052001953,-37.843840432153094,-25.0,0.6299999999999999,0.14572615665383637,12.843840432153094
22.946847677230835,-37.90303881397942,-25.0,0.6299999999999999,0.14572615665383637,12.903038813979421
22.966151237487793,-37.954436360487506,-25.0,0.7,0.07986268890090287,12.954436360487506
22.986879110336304,-38.006727761221235,-25.0,0.7,0.07986268890090287,13.006727761221235
23.008761882781982,-38.05594553320795,-25.0,0.677519441395998,0.05249621090479195,13.055945533207947
23.02707052230835,-38.09709859751335,-25.0,0.677519441395998,0.05249621090479195,13.097098597513352
23.047373056411743,-38.126932792924336,-25.0,0.677519441395998,0.05249621090479195,13.126932792924336
23.067606925964355,-38.14348615034975,-25.0,0.6075194413959979,0.07834478025324643,13.143486150349752
23.087985038757324,-38.15269498379106,-25.0,0.6075194413959979,0.07834478025324643,13.152694983791058
23.106642246246338,-38.15655975681532,-25.0,0.677519441395998,0.06959495064802468,13.15655975681532
23.12730383872986,-38.15429444631743,-25.0,0.677519441395998,0.06959495064802468,13.15429444631743
23.151647806167603,-38.14783100181912,-25.0,0.7,0.120512978406623,13.147831001819121
23.1662917137146,-38.140938307099944,-25.0,0.7,0.120512978406623,13.140938307099944
23.18638801574707,-38.1349538935659,-25.0,0.7,0.120512978406623,13.1349538935659
23.206353187561035,-38.12873329919737,-25.0,0.7,0.09336051088757813,13.128733299197371
23.226287603378296,-38.12251260134815,-25.0,0.7,0.09336051088757813,13.122512601348149
23.246450662612915,-38.11645577745417,-25.0,0.7,0.023360510887578123,13.11645577745417
23.26659345626831,-38.1106724041519,-25.0,0.7,0.023360510887578123,13.110672404151899
23.29032564163208,-38.10523138446677,-25.0,0.7,0.08642180037684738,13.10523138446677
23.306787967681885,-38.10017155439826,-25.0,0.7,0.08642180037684738,13.100171554398258
23.327589988708496,-38.09550984245954,-25.0,0.7,0.08642180037684738,13.095509842459542
23.34678363800049,-38.09356386258763,-25.0,0.6299999999999999,0.036738344999030226,13.09356386258763
23.366832733154297,-38.09355546314158,-25.0,0.6299999999999999,0.036738344999030226,13.093555463141577
23.386448860168457,-38.09489309049762,-25.0,0.616055927351117,0.10133519914932548,13.09489309049762
23.407869338989258,-38.097130388695035,-25.0,0.616055927351117,0.10133519914932548,13.097130388695035
23.426610469818115,-38.09907286811097,-25.0,0.6860559273511171,0.1314235232491046,13.099072868110973
23.447219610214233,-38.10393647519842,-25.0,0.6860559273511171,0.1314235232491046,13.103936475198417
23.46631622314453,-38.110700860537264,-25.0,0.7,0.06617825997062027,13.110700860537264
23.487146139144897,-38.118607214584806,-25.0,0.7,0.06617825997062027,13.118607214584806
23.50736427307129,-38.1270983866224,-25.0,0.7,0.047014340357854956,13.1270983866224
23.52648639678955,-38.135771977851135,-25.0,0.7,0.047014340357854956,13.135771977851135
23.549725770950317,-38.144343682303834,-25.0,0.7,0.047014340357854956,13.144343682303834
23.5675630569458,-38.15030236375201,-25.0,0.7,0.05529247091151773,13.150302363752012
23.59142804145813,-38.1566053982389,-25.0,0.7,0.05529247091151773,13.156605398238902
23.60690426826477,-38.16298149780152,-25.0,0.670645448192954,0.06830054295249283,13.162981497801518
23.626319408416748,-38.16851739023134,-25.0,0.670645448192954,0.06830054295249283,13.168517390231337
23.646430253982544,-38.17404670865454,-25.0,0.7,0.09158085805363952,13.174046708654537
23.6663818359375,-38.17942573630182,-25.0,0.7,0.09158085805363952,13.179425736301823
23.686386585235596,-38.184558611215955,-25.0,0.7,0.16158085805363953,13.184558611215955
23.706676244735718,-38.18938523688705,-25.0,0.7,0.16158085805363953,13.189385236887048
23.726224660873413,-38.193871942621996,-25.0,0.7,0.13572259549982846,13.193871942621996
23.747029066085815,-38.198004299970265,-25.0,0.7,0.13572259549982846,13.198004299970265
23.76975965499878,-38.1994652779425,-25.0,0.7,0.09869046439416707,13.199465277942501
23.787307739257812,-38.19903226417323,-25.0,0.7,0.09869046439416707,13.199032264173233
23.806705474853516,-38.19266243667883,-25.0,0.7,0.09869046439416707,13.19266243667883
23.826502799987793,-38.17770419454281,-25.0,0.7,0.16869046439416707,13.177704194542812
23.84669542312622,-38.14327674209255,-25.0,0.7,0.16869046439416707,13.143276742092553
23.866249561309814,-38.11338594890064,-25.0,0.6830626510083675,0.09869046439416707,13.113385948900643
23.887512922286987,-38.072598087406824,-25.0,0.6830626510083675,0.09869046439416707,13.072598087406824
23.906434535980225,-38.025316295337205,-25.0,0.7,0.16869046439416707,13.025316295337205
23.927714824676514,-37.974770052815195,-25.0,0.7,0.16869046439416707,12.974770052815195
23.946234703063965,-37.92097217967801,-25.0,0.6592533260583877,0.14910721679218114,12.92097217967801
23.966384172439575,-37.86864997288136,-25.0,0.6592533260583877,0.14910721679218114,12.868649972881357
23.986340761184692,-37.81873168123992,-25.0,0.5892533260583876,0.07910721679218113,12.818731681239917
24.006983995437622,-37.76948234519718,-25.0,0.5892533260583876,0.07910721679218113,12.769482345197183
24.02669095993042,-37.72199561363751,-25.0,0.5892533260583876,0.07910721679218113,12.72199561363751
24.047607898712158,-37.67466831232974,-25.0,0.6592533260583877,0.009107216792181128,12.674668312329743
24.067758798599243,-37.62869905415188,-25.0,0.6592533260583877,0.009107216792181128,12.62869905415188
24.087223529815674,-37.58878737055097,-25.0,0.7,0.0,12.588787370550968
24.10975933074951,-37.55023223836772,-25.0,0.6376867450773716,0.0,12.55023223836772
24.12679362297058,-37.513635456657155,-25.0,0.6376867450773716,0.0,12.513635456657155
24.14991569519043,-37.48167975922815,-25.0,0.6748739078640937,0.0,12.48167975922815
24.16715431213379,-37.45842255327075,-25.0,0.6748739078640937,0.0,12.45842255327075
24.190108060836792,-37.44645278657671,-25.0,0.6748739078640937,0.0,12.446452786576707
24.207431316375732,-37.44727121234087,-25.0,0.7,0.017212139442563057,12.447271212340873
24.230926990509033,-37.46853223715398,-25.0,0.7,0.0,12.46853223715398
24.246935844421387,-37.51733004755681,-25.0,0.7,0.0,12.517330047556811
24.2713680267334,-37.590917353340544,-25.0,0.7,0.0,12.590917353340544
24.287576913833618,-37.65480773099512,-25.0,0.7,0.0,12.654807730995117
24.311306953430176,-37.735254828813424,-25.0,0.7,0.0,12.735254828813424
24.32696795463562,-37.82508172564305,-25.0,0.7,0.029670681804418564,12.825081725643052
24.34630823135376,-37.91905626893359,-25.0,0.6299999999999999,0.06242397800087929,12.919056268933588
24.36669898033142,-38.01575134524539,-25.0,0.6299999999999999,0.06242397800087929,13.015751345245391
24.386616468429565,-38.11410401016034,-25.0,0.6299999999999999,0.06242397800087929,13.11410401016034
24.406306743621826,-38.21101592963708,-25.0,0.65704537846148,0.08225787617266178,13.211015929637078
24.426767349243164,-38.304373032193425,-25.0,0.65704537846148,0.08225787617266178,13.304373032193425
24.447000741958618,-38.392800611983134,-25.0,0.6156595415621995,0.1522578761726618,13.392800611983134
24.466981649398804,-38.473157394199944,-25.0,0.6156595415621995,0.1522578761726618,13.473157394199944
24.48616051673889,-38.54347421586655,-25.0,0.683633028641343,0.08225787617266178,13.543474215866553
24.50627374649048,-38.60452507571121,-25.0,0.683633028641343,0.08225787617266178,13.604525075711209
24.526224851608276,-38.65797020032273,-25.0,0.7,0.08306313498178497,13.65797020032273
24.546126127243042,-38.70009129337449,-25.0,0.7,0.10752257896820083,13.700091293374491
24.56701421737671,-38.728604142672474,-25.0,0.7,0.10752257896820083,13.728604142672474
24.58694553375244,-38.74228082295856,-25.0,0.7,0.07497815234819427,13.742280822958563
24.60896325111389,-38.7429757951274,-25.0,0.692127233184874,0.004978152348194265,13.7429757951274
24.626681566238403,-38.734635611037646,-25.0,0.692127233184874,0.004978152348194265,13.734635611037646
24.646313905715942,-38.720239588939734,-25.0,0.7,0.02757996728876605,13.720239588939734
24.666687965393066,-38.70201670593749,-25.0,0.7,0.02757996728876605,13.702016705937488
24.68620228767395,-38.68161602240749,-25.0,0.660634496062994,0.0009160492406226628,13.68161602240749
24.70627737045288,-38.660240339108434,-25.0,0.660634496062994,0.0009160492406226628,13.660240339108434
24.726821422576904,-38.64168142512108,-25.0,0.6308191090822219,0.0,13.641681425121078
24.74616289138794,-38.622637470962395,-25.0,0.5985969722270965,0.015859493985772133,13.622637470962395
24.76623249053955,-38.6060748668681,-25.0,0.5985969722270965,0.015859493985772133,13.606074866868099
24.78722643852234,-38.59167226562728,-25.0,0.6104486713185906,0.02832110784947872,13.591672265627281
24.811414003372192,-38.58146588719606,-25.0,0.6184359526261687,0.0,13.58146588719606
24.82673454284668,-38.57675945909056,-25.0,0.6184359526261687,0.0,13.57675945909056
24.850425958633423,-38.57599722623231,-25.0,0.5928504874929785,0.0031269313767552376,13.57599722623231
24.866278171539307,-38.580310990835216,-25.0,0.5928504874929785,0.0031269313767552376,13.580310990835216
24.886131763458252,-38.58803675510402,-25.0,0.6319141907617449,0.05608267802745104,13.58803675510402
24.907224416732788,-38.60024516393843,-25.0,0.6319141907617449,0.05608267802745104,13.600245163938432
24.92680311203003,-38.61524537862243,-25.0,0.6204766247421503,0.0,13.615245378622433
24.947102546691895,-38.62826894798474,-25.0,0.5504766247421502,0.0,13.628268947984743
24.9668607711792,-38.64309679336341,-25.0,0.5504766247421502,0.0,13.643096793363412
24.98746681213379,-38.661103415338815,-25.0,0.6204766247421503,0.0,13.661103415338815
25.006500244140625,-38.67852704262043,-25.0,0.6204766247421503,0.0,13.67852704262043
25.02622652053833,-38.695086535353994,-25.0,0.6904766247421503,0.020997988060116768,13.695086535353994
25.047033309936523,-38.71292574155842,-25.0,0.6904766247421503,0.020997988060116768,13.712925741558422
25.06646227836609,-38.731183661305046,-25.0,0.6539155565947294,0.0,13.731183661305046
25.08622121810913,-38.74925122574661,-25.0,0.6414912412688136,0.0,13.749251225746612
25.106282711029053,-38.76671040437816,-25.0,0.6414912412688136,0.0,13.76671040437816
25.127512216567993,-38.78328687533732,-25.0,0.6181311379000545,0.0,13.783286875337318
25.150973796844482,-38.79881336369526,-25.0,0.6181311379000545,0.0,13.79881336369526
25.16716694831848,-38.8122938572977,-25.0,0.6881311379000545,0.037373386323451996,13.812293857297703
25.19128966331482,-38.82490546445973,-25.0,0.6881311379000545,0.037373386323451996,13.824905464459732
25.206202268600464,-38.836581182541856,-25.0,0.6894761604815722,0.0,13.836581182541856
25.226290225982666,-38.84729913807954,-25.0,0.7,0.0,13.847299138079542
25.24659538269043,-38.85706937992259,-25.0,0.7,0.0,13.857069379922592
25.266162872314453,-38.86592386469912,-25.0,0.673973624408245,0.0,13.86592386469912
25.286705493927002,-38.87390892353765,-25.0,0.673973624408245,0.0,13.873908923537648
25.31138515472412,-38.88107965076135,-25.0,0.673973624408245,0.0,13.88107965076135
25.3274028301239,-38.8874957754318,-25.0,0.7,0.0,13.887495775431802
25.35077214241028,-38.89553501974028,-25.0,0.647978064417839,0.02346845529973507,13.89553501974028
25.366527318954468,-38.90448977774707,-25.0,0.647978064417839,0.02346845529973507,13.904489777747067
25.386214017868042,-38.91616078003575,-25.0,0.6414457152597606,0.06999163143336773,13.916160780035753
25.406408071517944,-38.92629384219763,-25.0,0.6414457152597606,0.06999163143336773,13.92629384219763
25.426252365112305,-38.93820862768503,-25.0,0.5714457152597605,0.010218603536486626,13.938208627685029
25.449130058288574,-38.95104695041138,-25.0,0.6414457152597606,0.008245106786489487,13.951046950411381
25.46637201309204,-38.96418839139417,-25.0,0.6414457152597606,0.008245106786489487,13.964188391394167
25.48917841911316,-38.9771940311034,-25.0,0.7,0.0,13.977194031103402
25.5062358379364,-38.98976258365355,-25.0,0.7,0.0,13.989762583653551
25.529732942581177,-38.999379953067695,-25.0,0.7,0.008539052680134773,13.999379953067695
25.546857357025146,-39.00669402369593,-25.0,0.7,0.008539052680134773,14.006694023695928
25.5691819190979,-39.012215506520285,-25.0,0.7,0.008539052680134773,14.012215506520285
25.58740234375,-39.01634637485279,-25.0,0.6840029738843441,0.0,14.016346374852787
25.610841035842896,-39.0217188290687,-25.0,0.6988232422620058,0.019154643639922142,14.021718829068703
25.62626051902771,-39.02638333098423,-25.0,0.6988232422620058,0.019154643639922142,14.026383330984231
25.650784254074097,-39.031861913728534,-25.0,0.6988232422620058,0.019154643639922142,14.031861913728534
25.666443586349487,-39.03776155361468,-25.0,0.6721872713416814,0.07756407000124454,14.03776155361468
25.69220280647278,-39.04379816716693,-25.0,0.657282998599112,0.03701711632311344,14.043798167166933
25.70706796646118,-39.04977082563757,-25.0,0.657282998599112,0.03701711632311344,14.049770825637573
25.72615122795105,-39.05554165338101,-25.0,0.7,0.0,14.055541653381013
25.747092247009277,-39.0610202039001,-25.0,0.7,0.0,14.0610202039001
25.767494201660156,-39.06615135776362,-25.0,0.6404161982238292,0.032923221588134766,14.066151357763623
25.791260719299316,-39.07090598569555,-25.0,0.641904567182064,0.10292322158813477,14.070905985695553
25.806576013565063,-39.07295743028775,-25.0,0.641904567182064,0.10292322158813477,14.072957430287751
25.831106185913086,-39.07473854685857,-25.0,0.641904567182064,0.10292322158813477,14.074738546858569
25.847278594970703,-39.076939990007794,-25.0,0.571904567182064,0.11097030777484179,14.076939990007794
25.86617922782898,-39.079375364970176,-25.0,0.571904567182064,0.11097030777484179,14.079375364970176
25.886603832244873,-39.079592692258196,-25.0,0.5638144045323132,0.040970307774841785,14.079592692258196
25.907490253448486,-39.078263679412366,-25.0,0.5638144045323132,0.040970307774841785,14.078263679412366
25.926320791244507,-39.073579286887416,-25.0,0.6338144045323133,0.0,14.073579286887416
25.94627547264099,-39.06205507381801,-25.0,0.6338144045323133,0.0,14.062055073818009
25.966252088546753,-39.04145107853089,-25.0,0.6228434283286333,0.0,14.04145107853089
25.98771357536316,-39.008134416106664,-25.0,0.6228434283286333,0.0,14.008134416106664
26.006247758865356,-38.96686584103838,-25.0,0.6336142838001251,0.0,13.966865841038377
26.026473999023438,-38.92116165201791,-25.0,0.6336142838001251,0.0,13.921161652017908
26.046340703964233,-38.88148010822698,-25.0,0.6751936681568622,0.04891304671764374,13.881480108226981
26.06671953201294,-38.8414449200664,-25.0,0.6751936681568622,0.04891304671764374,13.841444920066401
26.086278915405273,-38.80453556866393,-25.0,0.7,0.03640784788876772,13.80453556866393
26.106298208236694,-38.773086452404335,-25.0,0.7,0.03640784788876772,13.773086452404335
26.126309394836426,-38.748575094792656,-25.0,0.6641582854092121,0.0,13.748575094792656
26.14632296562195,-38.7295285627567,-25.0,0.6641582854092121,0.0,13.729528562756698
26.167378664016724,-38.714779760919754,-25.0,0.6719596072100102,0.0,13.714779760919754
26.187201738357544,-38.70340478145633,-25.0,0.6719596072100102,0.0,13.703404781456328
26.211536645889282,-38.694672979346116,-25.0,0.6867423460818827,0.04902444779872894,13.694672979346116
26.22736883163452,-38.688007202202094,-25.0,0.6867423460818827,0.04902444779872894,13.688007202202094
26.247569799423218,-38.68758481757385,-25.0,0.6867423460818827,0.04902444779872894,13.68758481757385
26.266838788986206,-38.687218092455616,-25.0,0.7,0.02182200364768505,13.687218092455616
26.287328958511353,-38.693508051048035,-25.0,0.7,0.02182200364768505,13.693508051048035
26.306179523468018,-38.70657218873481,-25.0,0.7,0.008580735884606838,13.70657218873481
26.327462673187256,-38.723997234654995,-25.0,0.7,0.008580735884606838,13.723997234654995
26.346176862716675,-38.743992046835245,-25.0,0.7,0.0,13.743992046835245
26.36673903465271,-38.765244807205775,-25.0,0.7,0.0,13.765244807205775
26.38770842552185,-38.786811199523285,-25.0,0.7,0.041083142161369324,13.786811199523285
26.407947778701782,-38.80802705447355,-25.0,0.7,0.041083142161369324,13.808027054473548
26.426262140274048,-38.82844029142711,-25.0,0.7,0.041083142161369324,13.828440291427107
26.446230173110962,-38.84775805694027,-25.0,0.6299999999999999,0.0,13.847758056940272
26.467546463012695,-38.86580581177709,-25.0,0.6299999999999999,0.0,13.865805811777093
26.486342668533325,-38.88147533330749,-25.0,0.613093924820423,0.0,13.881475333307492
26.507708072662354,-38.89610047405192,-25.0,0.613093924820423,0.0,13.89610047405192
26.52632784843445,-38.90961476431569,-25.0,0.543093924820423,0.00787460058927536,13.909614764315691
26.546565294265747,-38.922001311896416,-25.0,0.543093924820423,0.00787460058927536,13.922001311896416
26.57352924346924,-38.93327810533958,-25.0,0.613093924820423,0.0,13.933278105339582
26.58771514892578,-38.943486886589156,-25.0,0.613093924820423,0.0,13.943486886589156
26.606240034103394,-38.9526847961302,-25.0,0.613093924820423,0.0,13.9526847961302
26.62628746032715,-38.9609381640416,-25.0,0.6830939248204231,0.0,13.9609381640416
26.648075342178345,-38.970634303276185,-25.0,0.6830939248204231,0.0,13.970634303276185
26.667848110198975,-38.981077022510185,-25.0,0.6830939248204231,0.0,13.981077022510185
26.68632960319519,-38.991763084841494,-25.0,0.7,0.0,13.991763084841494
26.70650863647461,-39.001040996985665,-25.0,0.7,0.0,14.001040996985665
26.726652145385742,-39.010391858687235,-25.0,0.6299999999999999,0.0038694862741976976,14.010391858687235
26.746851205825806,-39.019546948756705,-25.0,0.6299999999999999,0.0038694862741976976,14.019546948756705
26.767081260681152,-39.02832477825662,-25.0,0.6299999999999999,0.0038694862741976976,14.028324778256618
26.786343574523926,-39.03660923118593,-25.0,0.6097826129943131,0.0738694862741977,14.036609231185928
26.807331562042236,-39.04433265853036,-25.0,0.6097826129943131,0.0738694862741977,14.044332658530358
26.832921028137207,-39.05146285837852,-25.0,0.6129595217015593,0.0038694862741976976,14.051462858378521
26.848000049591064,-39.057993098360754,-25.0,0.6129595217015593,0.0038694862741976976,14.057993098360754
26.866379499435425,-39.0639345141834,-25.0,0.6129595217015593,0.0038694862741976976,14.063934514183401
26.88633370399475,-39.066994010804116,-25.0,0.5429595217015593,0.06225716811604798,14.066994010804116
26.906997203826904,-39.06797115005244,-25.0,0.5429595217015593,0.06225716811604798,14.067971150052443
26.927427053451538,-39.06881952729539,-25.0,0.5429595217015593,0.06225716811604798,14.068819527295389
26.946409940719604,-39.068212755013455,-25.0,0.5206538189109413,0.0,14.068212755013455
26.966619968414307,-39.066611255775165,-25.0,0.5206538189109413,0.0,14.066611255775165
26.98749852180481,-39.06436104600708,-25.0,0.5206538189109413,0.0,14.064361046007079
27.007029056549072,-39.059403210558735,-25.0,0.5739821392949669,0.015422247350215912,14.059403210558735
27.02777910232544,-39.05269537454125,-25.0,0.5739821392949669,0.015422247350215912,14.052695374541251
27.046346426010132,-39.044948806690336,-24.999981537111054,0.5039821392949668,0.0,14.044967269579281
27.06629753112793,-39.039001264097976,-24.999981537111054,0.5039821392949668,0.0,14.039019726986922
27.086304187774658,-39.03446003608738,-24.999892755967412,0.5739821392949669,0.0,14.034567280119969
27.106325387954712,-39.03101529023838,-24.999853036634935,0.5739821392949669,0.0,14.031162253603444
27.12786316871643,-39.028422925346014,-24.999853036634935,0.5739821392949669,0.0,14.028569888711079
27.14691424369812,-39.02649092908207,-24.999598352502133,0.643982139294967,0.0017925859428942204,14.02689257657994
27.16744351387024,-39.02481352059951,-24.999598352502133,0.643982139294967,0.0017925859428942204,14.025215168097375
27.187578916549683,-39.02361216062613,-24.99900107708047,0.6717107639368622,0.02597851725295186,14.024611083545658
27.206713914871216,-39.0250894644272,-24.99900107708047,0.6717107639368622,0.02597851725295186,14.026088387346725
27.22650909423828,-39.028388381466335,-24.998453952356577,0.7,0.034023736137896776,14.029934429109758
27.24749445915222,-39.032865612794424,-24.99823518517272,0.7,0.034023736137896776,14.034630427621703
27.26633930206299,-39.03804328120611,-24.997156533753987,0.6883585982024669,0.0,14.04088674745212
27.28627872467041,-39.04125465451992,-24.99683196006728,0.6883585982024669,0.0,14.044422694452638
27.307791709899902,-39.04533199043068,-24.99683196006728,0.6883585982024669,0.0,14.048500030363403
27.327516317367554,-39.04758700117115,-24.995290188986115,0.6183585982024669,0.0,14.052296812185038
27.350910186767578,-39.048516829951915,-24.99332125744112,0.6883585982024669,0.0,14.055195572510794
27.366426944732666,-39.04850170774522,-24.992756469984307,0.6883585982024669,0.0,14.05574523776091
27.38631796836853,-39.04848857825927,-24.992756469984307,0.6883585982024669,0.0,14.05573210827496
27.407744646072388,-39.047819240269305,-24.990184190336016,0.7,0.008812387473881245,14.057635049933289
27.42669916152954,-39.04671175302937,-24.990184190336016,0.7,0.008812387473881245,14.056527562693354
27.44713854789734,-39.04532912360573,-24.987074772314887,0.7,0.0,14.058254351290845
27.466206789016724,-39.043791824858786,-24.987074772314887,0.7,0.0,14.056717052543899
27.486254930496216,-39.04218761117266,-24.984361620961412,0.7,0.07,14.057825990211246
27.506269216537476,-39.04057919856091,-24.983380742081994,0.7,0.07,14.057198456478918
27.526207208633423,-39.04364295516943,-24.980198493101103,0.6909860389307141,0.11198897257447243,14.063444462068329
27.547422170639038,-39.05218751216474,-24.979055483656193,0.6909860389307141,0.11198897257447243,14.07313202850855
27.56615376472473,-39.06431373493007,-24.975369735101154,0.7,0.14396842911839486,14.088943999828913
27.587429761886597,-39.074842031132086,-24.974053234043406,0.7,0.14396842911839486,14.10078879708868
27.6074321269989,-39.087749062878125,-24.969830220511362,0.7,0.07396842911839485,14.117918842366763
27.62887692451477,-39.101968154318826,-24.965182480561676,0.677094592526555,0.06638856185600162,14.13678567375715
27.647483110427856,-39.11209113792727,-24.963535667344793,0.677094592526555,0.06638856185600162,14.14855547058248
27.66933250427246,-39.1167859069752,-24.958293093659112,0.6630149723961949,0.09511667815968394,14.15849281331609
27.687505960464478,-39.11295391813907,-24.956442633207054,0.6630149723961949,0.09511667815968394,14.156511284932016
27.709176063537598,-39.09866770567855,-24.950573192042146,0.7,0.07286077318713069,14.148094513636405
27.72625732421875,-39.07518035765772,-24.950573192042146,0.7,0.07286077318713069,14.124607165615576
27.746245622634888,-39.04592108755094,-24.944212952941324,0.7,0.10101618757471442,14.101708134609613
27.766984939575195,-39.013423878303875,-24.941980790883132,0.7,0.10101618757471442,14.071443087420743
27.786380290985107,-38.97953412040986,-24.934939121775514,0.7,0.031016187574714416,14.044594998634345
27.80806279182434,-38.95011016735967,-24.927366442715858,0.7,0.06906157901510596,14.02274372464381
27.82625102996826,-38.92002365918625,-24.924721302728233,0.7,0.06906157901510596,13.995302356458016
27.84632396697998,-38.89026987992021,-24.91641451901878,0.6880001926794648,0.13906157901510596,13.973855360901432
27.86650776863098,-38.8615313653315,-24.91641451901878,0.6880001926794648,0.13906157901510596,13.945116846312722
27.88627600669861,-38.83425543421257,-24.90444962322819,0.6929325715638697,0.09036057954654098,13.929805810984384
27.907145261764526,-38.811030587292564,-24.90444962322819,0.6929325715638697,0.09036057954654098,13.906580964064375
27.927615880966187,-38.79123163253014,-24.891433450050553,0.7,0.10174789605662227,13.89979818247959
27.947394609451294,-38.77201768666355,-24.891433450050553,0.7,0.10174789605662227,13.880584236613
27.966238737106323,-38.753716458026425,-24.87732849847206,0.6469432160258293,0.06727684615179896,13.876387959554364
27.98618984222412,-38.73884785993093,-24.873627820487417,0.6469432160258293,0.06727684615179896,13.86522003944351
28.006250619888306,-38.72443901205477,-24.862098066887906,0.6962787330150604,0.1266864570789039,13.862340945166867
28.027201414108276,-38.71192888245335,-24.85811037749307,0.6962787330150604,0.1266864570789039,13.85381850496028
28.046239137649536,-38.69986762741757,-24.845706248231544,0.6699340667575597,0.05668645707890391,13.854161379186024
28.067068576812744,-38.690752373047566,-24.841422694235696,0.6699340667575597,0.05668645707890391,13.84932967881187
28.086276292800903,-38.68160723654829,-24.828117925103964,0.6545170413330197,0.0,13.853489311444324
28.10664677619934,-38.67499871169196,-24.82352984997211,0.6545170413330197,0.0,13.851468861719852
28.127524852752686,-38.6680098865149,-24.80929876490295,0.7,0.0,13.85871112161195
28.146775007247925,-38.66094110192448,-24.804397707538257,0.7,0.0,13.856543394386222
28.169809341430664,-38.65631942424179,-24.789215214952367,0.6482308849692344,0.0,13.867104209289419
28.187035083770752,-38.65583561102346,-24.783992908478453,0.6482308849692344,0.0,13.87184270254501
28.21247673034668,-38.6605549763934,-24.762282868174673,0.6966755360364913,0.0,13.898272108218727
28.226263523101807,-38.6710803374696,-24.75664766893106,0.6966755360364913,0.0,13.914432668538538
28.246976852416992,-38.680218724681176,-24.75664766893106,0.6966755360364913,0.0,13.923571055750116
28.266179084777832,-38.69561156391325,-24.739235770975803,0.6266755360364913,0.0,13.95637579293745
28.287275791168213,-38.714942946445085,-24.73326142596248,0.6266755360364913,0.0,13.981681520482606
28.306246995925903,-38.73881683560717,-24.7084994304744,0.6685643132030963,0.0,14.030317405132767
28.32763957977295,-38.765216667142475,-24.70209042595672,0.6685643132030963,0.0,14.063126241185756
28.34621286392212,-38.79499155213366,-24.682331579182666,0.5985643132030962,0.07,14.112659972950993
28.367172241210938,-38.82632596925793,-24.67556649544119,0.5985643132030962,0.07,14.150759473816741
28.387843370437622,-38.85791779163969,-24.65472852194015,0.6140330372750757,0.059750568754971034,14.203189269699543
28.407716274261475,-38.88885580355212,-24.647600138544973,0.6140330372750757,0.059750568754971034,14.241255665007145
28.426592588424683,-38.91852432349388,-24.647600138544973,0.6140330372750757,0.059750568754971034,14.270924184948903
28.446277379989624,-38.94652916847215,-24.610570561709803,0.6765396831929682,0.1179173893108964,14.33595860676235
28.46798038482666,-38.970843689879935,-24.610570561709803,0.6765396831929682,0.1179173893108964,14.360273128170132
28.4862380027771,-38.99375088093863,-24.587227225487222,0.7,0.10965235128998757,14.406523655451405
28.50710391998291,-39.01507685129874,-24.57925598120776,0.7,0.10965235128998757,14.435820870090978
28.52682852745056,-39.032426144946776,-24.546409329872986,0.7,0.039652351289987564,14.48601681507379
28.54655408859253,-39.04423972991916,-24.537955215602658,0.7,0.039652351289987564,14.506284514316505
28.571666479110718,-39.04958062614611,-24.50315696849167,0.7,0.0,14.54642365765444
28.58805012702942,-39.04565226455261,-24.494209997197064,0.7,0.0,14.551442267355544
28.607873916625977,-39.02844014522298,-24.494209997197064,0.7,0.0,14.534230148025916
28.62622594833374,-39.00245501137608,-24.466769123466076,0.6732814040035009,0.011548180133104324,14.535685887910002
28.64677405357361,-38.97106114881931,-24.45742091312217,0.6732814040035009,0.011548180133104324,14.513640235697139
28.666132926940918,-38.93905421917317,-24.41901185076217,0.7,0.028225520625710487,14.520042368411001
28.68740749359131,-38.91126498567867,-24.409153693989655,0.7,0.028225520625710487,14.502111291689015
28.712164163589478,-38.8856540304293,-24.368686694567888,0.7,0.03322026785463095,14.516967335861413
28.72670340538025,-38.864547386697915,-24.35830958490126,0.7,0.03322026785463095,14.506237801796654
28.746607542037964,-38.84944196101216,-24.35830958490126,0.7,0.03322026785463095,14.491132376110901
28.76615309715271,-38.838902965795995,-24.32654783785029,0.7,0.08457867335528135,14.512355127945707
28.78687334060669,-38.834129825979375,-24.315749312853654,0.7,0.08457867335528135,14.51838051312572
28.806227922439575,-38.833487332049245,-24.271489903665476,0.6299999999999999,0.04746104683727026,14.56199742838377
28.826231956481934,-38.835730836753626,-24.26015708041614,0.6299999999999999,0.04746104683727026,14.575573756337487
28.852487325668335,-38.8399197722879,-24.2137442447208,0.5833364288508891,0.11746104683727027,14.6261755275671
28.866817474365234,-38.84534956704378,-24.20186907401395,0.5833364288508891,0.11746104683727027,14.643480493029834
28.886225700378418,-38.85149813666122,-24.20186907401395,0.5833364288508891,0.11746104683727027,14.649629062647271
28.906218767166138,-38.856836481783525,-24.15327128864213,0.6533364288508892,0.08253931876271964,14.703565193141394
28.92649221420288,-38.86261879585804,-24.140846057503342,0.6533364288508892,0.08253931876271964,14.721772738354698
28.9498770236969,-38.86855708980295,-24.10290374703852,0.639210195094347,0.048688626550138,14.765653342764427
28.96631407737732,-38.87213087312235,-24.090033138261543,0.639210195094347,0.048688626550138,14.782097734860809
28.986323356628418,-38.87165177888279,-24.090033138261543,0.639210195094347,0.048688626550138,14.78161864062125
29.006253004074097,-38.8660539136196,-24.037427271504708,0.6686146415770053,0.011788374446332461,14.828626642114894
29.02629542350769,-38.85704818134778,-24.02399355675304,0.6686146415770053,0.011788374446332461,14.833054624594737
29.047484397888184,-38.845912756478086,-23.969121560839543,0.6058723039925098,0.0,14.876791195638543
29.0664701461792,-38.8335915617581,-23.955117952768227,0.6058723039925098,0.0,14.878473608989871
29.086498975753784,-38.82077147828939,-23.955117952768227,0.6058723039925098,0.0,14.86565352552116
29.10630226135254,-38.807942748399356,-23.897953329374438,0.6758723039925099,0.0085950568318367,14.909989419024917
29.126259088516235,-38.7968045175758,-23.88337336557204,0.6758723039925099,0.0085950568318367,14.91343115200376
29.148255109786987,-38.788091964398234,-23.823890910162685,0.6512148272991181,0.0,14.964201054235549
29.16709542274475,-38.783610205928355,-23.80872845017843,0.6512148272991181,0.0,14.974881755749923
29.18680763244629,-38.78218519091284,-23.80872845017843,0.6512148272991181,0.0,14.97345674073441
29.206339359283447,-38.78523723426836,-23.746904240115168,0.6141329635679722,0.0,15.03833299415319
29.227251291275024,-38.79131851845148,-23.731153462486088,0.6141329635679722,0.0,15.060165055965395
29.246625423431396,-38.80165993050157,-23.666964845136057,0.6006147055700422,0.07,15.134695085365514
29.26765537261963,-38.81468779716004,-23.650620244414124,0.6006147055700422,0.07,15.164067552745916
29.287808418273926,-38.83155462264455,-23.650620244414124,0.6006147055700422,0.07,15.180934378230429
29.306230545043945,-38.85064339038822,-23.58404582525852,0.6706147055700422,0.005407377779483802,15.2665975651297
29.326438665390015,-38.870772393284675,-23.567102209037788,0.6706147055700422,0.005407377779483802,15.303670184246887
29.34862446784973,-38.88824890751722,-23.498121839780424,0.6905367496982218,0.0,15.390127067736799
29.367263078689575,-38.90626698127613,-23.48057432572417,0.6905367496982218,0.0,15.425692655551963
29.387317895889282,-38.92418634726137,-23.48057432572417,0.6905367496982218,0.0,15.443612021537199
29.406237363815308,-38.941564889772486,-23.40916909240003,0.7,0.013428348116576672,15.532395797372455
29.427360773086548,-38.95579342915941,-23.3910131052679,0.7,0.013428348116576672,15.564780323891508
29.447789907455444,-38.96977539447796,-23.317165316351712,0.6939751583151519,0.07095039542764425,15.652610078126251
29.46640110015869,-38.98321760106484,-23.29839658502685,0.6939751583151519,0.07095039542764425,15.684821016037986
29.48787260055542,-38.995930633876014,-23.29839658502685,0.6939751583151519,0.07095039542764425,15.697534048849164
29.506428718566895,-39.007802146227114,-23.222089759541646,0.7,0.0009503954276442461,15.785712386685468
29.527067184448242,-39.01877628249268,-23.202704314057847,0.7,0.0009503954276442461,15.816071968434834
29.546324729919434,-39.02883789670004,-23.12392316968352,0.6802687671035528,0.0,15.904914727016521
29.567450761795044,-39.03757364704008,-23.103917338252366,0.6802687671035528,0.0,15.933656308787711
29.586493015289307,-39.04558511965446,-23.043152364833343,0.6905650559812784,0.0,16.00243275482112
29.606974124908447,-39.05288238162878,-23.02264777943424,0.6905650559812784,0.0,16.030234602194536
29.628637313842773,-39.05717490022499,-22.960383480724957,0.7,0.0,16.096791419500036
29.646320104599,-39.061583602101315,-22.93937813017659,0.7,0.0,16.122205471924726
29.671135425567627,-39.06595681174015,-22.85410071752799,0.7,0.034478720277547836,16.21185609421216
29.68641686439514,-39.070190113690174,-22.832466808521183,0.7,0.034478720277547836,16.23772330516899
29.711198329925537,-39.07421467027511,-22.832466808521183,0.7,0.034478720277547836,16.24174786175393
29.726413249969482,-39.077988169654446,-22.74466980171588,0.7,0.064227394759655,16.333318367938567
29.74694585800171,-39.081487839437976,-22.74466980171588,0.7,0.064227394759655,16.336818037722097
29.76613187789917,-39.08470507911916,-22.677494861307462,0.7,0.08543587289750576,16.4072102178117
29.787193059921265,-39.087498368750396,-22.654849921479503,0.7,0.08543587289750576,16.432648447270893
29.806199550628662,-39.09006656374375,-22.586154008275656,0.6299999999999999,0.06767203658819199,16.50391255546809
29.826995372772217,-39.092410727901665,-22.56300139840384,0.6299999999999999,0.06767203658819199,16.529409329497824
29.846146821975708,-39.09453750442937,-22.492780563191697,0.6704050014913081,0.0710409414023161,16.60175694123767
29.86742901802063,-39.0941408887109,-22.469119038435988,0.6704050014913081,0.0710409414023161,16.625021850274916
29.886112451553345,-39.09200202689885,-22.397369760322725,0.7,0.0010409414023160868,16.69463226657612
29.906211137771606,-39.08639305644637,-22.373198218007595,0.7,0.0010409414023160868,16.713194838438774
29.92617630958557,-39.0785216402801,-22.2999174007674,0.6554517567157745,0.030800132378935807,16.778604239512703
29.947445154190063,-39.069286223945255,-22.27523487916415,0.6554517567157745,0.030800132378935807,16.794051344781106
29.966201066970825,-39.05934679820997,-22.200419847585156,0.6176812097430229,0.0892849101871252,16.858926950624816
29.98930048942566,-39.04918033383541,-22.1244526508503,0.5832719512283802,0.06853468932211398,16.924727682985107
30.006295204162598,-39.04035354990326,-22.098874020925486,0.5832719512283802,0.06853468932211398,16.941479528977773
30.02909517288208,-39.03146046978639,-22.021368930308217,0.5132719512283801,0.0,17.01009153947817
30.04714012145996,-39.02275571781903,-22.021368930308217,0.5132719512283801,0.0,17.001386787510814
30.066198348999023,-39.01441118771107,-21.942709388771355,0.5832719512283802,0.0,17.071701798939714
30.08642053604126,-39.00653677985974,-21.916232872397977,0.5832719512283802,0.0,17.090303907461767
30.107028245925903,-38.99919643890756,-21.8360330160248,0.6153968840837478,0.0019933099392801523,17.16316342288276
30.12965679168701,-38.99473685235922,-21.754677359568806,0.6853968840837479,0.03217912488617003,17.24005949279041
30.1470468044281,-38.992395713358626,-21.727301907086936,0.6853968840837479,0.03217912488617003,17.26509380627169
30.169706106185913,-38.99390405510982,-21.64440475385236,0.623213656693697,0.0,17.349499301257463
30.18654227256775,-38.9980464186509,-21.616515428737152,0.623213656693697,0.0,17.38153098991375
30.20890474319458,-39.00390915061514,-21.53207665208495,0.5532136566936969,0.05363883823156357,17.471832498530187
30.22678542137146,-39.00899932418915,-21.53207665208495,0.5532136566936969,0.05363883823156357,17.476922672104198
30.246100187301636,-39.01754807187121,-21.446481812234047,0.623213656693697,0.0,17.571066259637163
30.26733112335205,-39.02595742800597,-21.417693345876316,0.623213656693697,0.0,17.60826408212965
30.28665041923523,-39.03636468589721,-21.33055760812815,0.6873894189298153,0.04854787886142731,17.705807077769062
30.306154251098633,-39.04788536506349,-21.242266798994926,0.7,0.04642340447753668,17.805618566068567
30.327383995056152,-39.05987577857672,-21.21257996249452,0.7,0.04642340447753668,17.847295816082198
30.346597909927368,-39.071876454298014,-21.122750169652452,0.7,0.0,17.949126284645562
30.366886377334595,-39.083567981414504,-21.122750169652452,0.7,0.0,17.960817811762052
30.387020111083984,-39.09473665100667,-21.001183433534436,0.6299999999999999,0.0,18.093553217472234
30.40626883506775,-39.10293145681272,-21.001183433534436,0.6299999999999999,0.0,18.101748023278283
30.427106142044067,-39.10884470181002,-20.9086645448498,0.6246613390929996,0.0,18.200180156960222
30.44611930847168,-39.113978732088995,-20.81499520620165,0.6946613390929997,0.0,18.298983525887344
30.467198371887207,-39.11747487255376,-20.783516682012625,0.6946613390929997,0.0,18.333958190541132
30.486534595489502,-39.119741226404784,-20.688315675724404,0.6540475239045918,0.0,18.43142555068038
30.509429931640625,-39.12109366503208,-20.62421109145404,0.6669152195565402,0.06384830176830292,18.496882573578038
30.527470588684082,-39.12177567265853,-20.59196781971349,0.6669152195565402,0.06384830176830292,18.52980785294504
30.548240900039673,-39.12197403779698,-20.49447491497252,0.6492944641970098,0.0,18.62749912282446
30.5662784576416,-39.12414759452259,-20.49447491497252,0.6492944641970098,0.0,18.62967267955007
30.58623957633972,-39.12763579680362,-20.362706587848997,0.6013090855441987,0.07,18.76492920895462
30.607115983963013,-39.13194519495269,-20.329447564056956,0.6013090855441987,0.07,18.802497630895736
30.6261785030365,-39.13671140594641,-20.228911161921125,0.6569444670341908,0.14,18.90780024402528
30.646384477615356,-39.13935294913136,-20.19514620860793,0.6569444670341908,0.14,18.944206740523427
30.666300058364868,-39.141646404366334,-20.09309416453185,0.6854571702890098,0.18076684638857843,19.048552239834486
30.687836408615112,-39.14475670653064,-20.058824737260146,0.6854571702890098,0.18076684638857843,19.085931969270497
30.70695662498474,-39.146036054815006,-19.955261593658648,0.7,0.2295768627524376,19.19077446115636
30.726394414901733,-39.14600994128722,-19.920489264888666,0.7,0.2295768627524376,19.225520676398553
30.749240159988403,-39.14276141967428,-19.815419913042824,0.6633301831781864,0.1595768627524376,19.327341506631456
30.766826391220093,-39.13041124667362,-19.780146370914686,0.6633301831781864,0.1595768627524376,19.35026487575893
30.79139995574951,-39.102799339944845,-19.780146370914686,0.6633301831781864,0.1595768627524376,19.32265296903016
30.807789087295532,-39.04215115974413,-19.601905583816126,0.7,0.2295768627524376,19.440245575928003
30.827131032943726,-38.92772613384344,-19.601905583816126,0.7,0.2295768627524376,19.325820550027316
30.846355438232422,-38.753484594078,-19.457072420336136,0.6532813094556331,0.1595768627524376,19.296412173741867
30.866355895996094,-38.533022399624215,-19.457072420336136,0.6532813094556331,0.1595768627524376,19.07594997928808
30.88634157180786,-38.341611493732316,-19.347145819496212,0.7,0.2295768627524376,18.994465674236103
30.90778613090515,-38.11312962120666,-19.310256367776848,0.7,0.2295768627524376,18.802873253429812
30.926334381103516,-37.85797155214595,-19.161465925541386,0.6299999999999999,0.1595768627524376,18.696505626604562
30.947201251983643,-37.593325731044956,-19.123960854485905,0.6299999999999999,0.1595768627524376,18.46936487655905
30.966301202774048,-37.3290646155983,-19.01071003200766,0.659611151665449,0.2295768627524376,18.31835458359064
30.986884117126465,-37.069718934706216,-18.97271504572775,0.659611151665449,0.2295768627524376,18.097003888978467
31.008294105529785,-36.82062244630232,-18.97271504572775,0.659611151665449,0.2295768627524376,17.847907400574574
31.026525020599365,-36.585209757859744,-18.819515568531735,0.7,0.1595768627524376,17.76569418932801
31.04691195487976,-36.36550584540257,-18.819515568531735,0.7,0.1595768627524376,17.54599027687084
31.06625986099243,-36.162503214516015,-18.664372331160415,0.7,0.08957686275243759,17.4981308833556
31.087640523910522,-35.976451079649834,-18.625284010773953,0.7,0.08957686275243759,17.35116706887588
31.106290578842163,-35.814915866022446,-18.467725650848745,0.7,0.019576862752437585,17.3471902151737
31.127500534057617,-35.66682681509955,-18.42803563923355,0.7,0.019576862752437585,17.238791175865998
31.147232055664062,-35.53429642487003,-18.42803563923355,0.7,0.019576862752437585,17.10626078563648
31.16725492477417,-35.41838194823518,-18.268079114974437,0.6931846768595278,0.08957686275243759,17.150302833260742
31.186668634414673,-35.319379821727004,-18.268079114974437,0.6931846768595278,0.08957686275243759,17.051300706752567
31.20625329017639,-35.23473387308295,-18.06545482610219,0.6231846768595277,0.1595768627524376,17.169279046980762
31.22672963142395,-35.16692297571253,-18.024574652959096,0.6231846768595277,0.1595768627524376,17.142348322753435
31.250029802322388,-35.1149088724901,-17.901226899089707,0.5934436690248548,0.10557264804840089,17.21368197340039
31.2662136554718,-35.079870435592774,-17.859875878245287,0.5934436690248548,0.10557264804840089,17.219994557347487
31.287739038467407,-35.062179094675855,-17.859875878245287,0.5934436690248548,0.10557264804840089,17.20230321643057
31.30749797821045,-35.054686612383136,-17.65136634200127,0.5699666809476911,0.1755726480484009,17.403320270381865
31.327465772628784,-35.04818144796445,-17.65136634200127,0.5699666809476911,0.1755726480484009,17.39681510596318
31.346195936203003,-35.05114391947376,-17.48246547915051,0.6399666809476912,0.22780280873179437,17.56867844032325
31.366578340530396,-35.0606043499475,-17.43995124968768,0.6399666809476912,0.22780280873179437,17.620653100259823
31.3863422870636,-35.074328806880175,-17.311718295778213,0.6436841628048569,0.15780280873179436,17.76261051110196
31.40641450881958,-35.09065326651842,-17.26874460203634,0.6436841628048569,0.15780280873179436,17.821908664482084
31.431394815444946,-35.10372071157311,-17.26874460203634,0.6436841628048569,0.15780280873179436,17.834976109536772
31.447680711746216,-35.1095488107598,-17.05216560311167,0.5736841628048568,0.1598674929048866,18.057383207648126
31.466808080673218,-35.10324595882965,-17.05216560311167,0.5736841628048568,0.1598674929048866,18.051080355717982
31.48624277114868,-35.074785208205526,-16.92085776821594,0.5232051344309001,0.153509637741372,18.153927439989587
31.506291151046753,-35.02705139878074,-16.87686310388183,0.5232051344309001,0.153509637741372,18.15018829489891
31.526291847229004,-34.969505267543916,-16.699763655386125,0.5932051344309002,0.10002525749616326,18.26974161215779
31.547534942626953,-34.9195422471816,-16.655209762575716,0.5932051344309002,0.10002525749616326,18.264332484605887
31.567163228988647,-34.863281141932795,-16.520882196136252,0.5232051344309001,0.15976446348242462,18.342398945796543
31.586567401885986,-34.80412826565854,-16.47588517719651,0.5232051344309001,0.15976446348242462,18.32824308846203
31.61033844947815,-34.74452578960618,-16.47588517719651,0.5232051344309001,0.15976446348242462,18.26864061240967
31.62959384918213,-34.68849819535708,-16.249252302397487,0.5932051344309002,0.08976446348242462,18.43924589295959
31.647359132766724,-34.636430245324014,-16.249252302397487,0.5932051344309002,0.08976446348242462,18.387177942926527
31.666128873825073,-34.59080118002872,-16.065983529609404,0.561870618769899,0.14828407275490463,18.524817650419315
31.686167240142822,-34.550846987199016,-16.019895866327907,0.561870618769899,0.14828407275490463,18.53095112087111
31.70739507675171,-34.518203786289476,-16.019895866327907,0.561870618769899,0.14828407275490463,18.49830791996157
31.72717022895813,-34.493815313430815,-15.834471018825468,0.5568907745648175,0.14261982287280262,18.659344294605347
31.751221656799316,-34.47580316870085,-15.834471018825468,0.5568907745648175,0.14261982287280262,18.64133214987538
31.766146898269653,-34.4601645647744,-15.60029258673708,0.5395920835901051,0.07261982287280261,18.859871978037322
31.78646969795227,-34.4491167696315,-15.60029258673708,0.5395920835901051,0.07261982287280261,18.848824182894422
31.80778980255127,-34.44154882387169,-15.411052649167962,0.4850921258796006,0.14261982287280262,19.03049617470373
31.826632022857666,-34.43659736578167,-15.411052649167962,0.4850921258796006,0.14261982287280262,19.02554471661371
31.846184730529785,-34.43359376396117,-15.268027368482425,0.48815731010399754,0.12148756789974868,19.165566395478745
31.866647720336914,-34.432022264583,-15.2201451068712,0.48815731010399754,0.12148756789974868,19.211877157711797
31.886168241500854,-34.43148689222698,-15.027587650322458,0.49696797090582545,0.051487567899748676,19.40389924190452
31.90633749961853,-34.43400165118405,-14.979192590922107,0.49696797090582545,0.051487567899748676,19.45480906026194
31.928346157073975,-34.43625234735547,-14.83339829207458,0.540710251359269,0.07425686816684901,19.60285405528089
31.94660711288452,-34.44057666191071,-14.78459810899049,0.540710251359269,0.07425686816684901,19.65597855292022
31.9712872505188,-34.44622730435353,-14.78459810899049,0.540710251359269,0.07425686816684901,19.661629195363037
31.986746072769165,-34.451133336390136,-14.539094620902887,0.5044758576434105,0.14425686816684902,19.91203871548725
32.0075147151947,-34.459226156458186,-14.539094620902887,0.5044758576434105,0.14425686816684902,19.9201315355553
32.02621555328369,-34.47163551978248,-14.390601043023384,0.49827644466422494,0.07425686816684901,20.081034476759097
32.046287298202515,-34.48671602210408,-14.340906383006764,0.49827644466422494,0.07425686816684901,20.14580963909732
32.066272258758545,-34.50325440024909,-14.141151753383225,0.568276444664225,0.14425686816684902,20.362102646865864
32.086665630340576,-34.52036952320414,-14.090970614372125,0.568276444664225,0.14425686816684902,20.429398908832013
32.10628628730774,-34.53743417456732,-13.939850133657181,0.498276444664225,0.21425686816684902,20.597584040910142
32.127665281295776,-34.55401403227709,-13.889285313335458,0.498276444664225,0.21425686816684902,20.66472871894163
32.149521350860596,-34.56982020141659,-13.737021220741733,0.428276444664225,0.14425686816684902,20.83279898067486
32.167041301727295,-34.58467241171177,-13.686077688905641,0.428276444664225,0.14425686816684902,20.89859472280613
32.19156837463379,-34.59615424435892,-13.686077688905641,0.428276444664225,0.14425686816684902,20.91007655545328
32.206621408462524,-34.606123064608276,-13.429957977136306,0.43233836569823325,0.07425686816684901,21.176165087471972
32.227137327194214,-34.606698616191515,-13.429957977136306,0.43233836569823325,0.07425686816684901,21.17674063905521
32.246307373046875,-34.598418270547796,-13.275175990890922,0.5023383656982332,0.11322655628435313,21.323242279656874
32.26679301261902,-34.579572323506085,-13.223398899119958,0.5023383656982332,0.11322655628435313,21.356173424386128
32.28638505935669,-34.55156805140318,-13.067522883770003,0.5723383656982333,0.1349978773575276,21.484045167633177
32.306286573410034,-34.51330793943499,-13.015383722183143,0.5723383656982333,0.1349978773575276,21.497924217251843
32.326159715652466,-34.46429996687248,-12.805933411760375,0.6423383656982333,0.16325595329515635,21.658366555112107
32.34729862213135,-34.41143468872518,-12.75334907706904,0.6423383656982333,0.16325595329515635,21.65808561165614
32.366244316101074,-34.357283460414585,-12.595069201785334,0.7,0.23325595329515636,21.76221425862925
32.38685178756714,-34.305982534246205,-12.54213474100904,0.7,0.23325595329515636,21.763847793237165
32.408342361450195,-34.25801340260988,-12.382812589820086,0.7,0.2501912589650601,21.8752008127898
32.427462577819824,-34.21636537781314,-12.3295334179705,0.7,0.2501912589650601,21.886831959842638
32.451037883758545,-34.17514646506621,-12.3295334179705,0.7,0.2501912589650601,21.84561304709571
32.466902017593384,-34.13531192521545,-12.061864579645412,0.6784552976489067,0.20004839333705604,22.073447345570035
32.48725152015686,-34.09285608257655,-12.061864579645412,0.6784552976489067,0.20004839333705604,22.03099150293114
32.50644254684448,-34.04506575738692,-11.846222700649367,0.7,0.20939312758855522,22.198843056737555
32.527148723602295,-33.99019701781491,-11.846222700649367,0.7,0.20939312758855522,22.14397431716554
32.54622173309326,-33.920276069554305,-11.683626987940308,0.7,0.2793931275885552,22.236649081613997
32.56746006011963,-33.837110214780566,-11.629265666882857,0.7,0.2793931275885552,22.207844547897707
32.58658719062805,-33.74693653447906,-11.411016101960463,0.7,0.33853275927715004,22.3359204325186
32.607733488082886,-33.65427187350844,-11.356254426561776,0.7,0.33853275927715004,22.298017446946666
32.62626314163208,-33.56231919342102,-11.191496866336129,0.6862642837688326,0.40853275927715005,22.370822327084888
32.64746451377869,-33.48248352890572,-11.13642137249874,0.6862642837688326,0.40853275927715005,22.34606215640698
32.67054748535156,-33.403969082198955,-10.915347548936325,0.7,0.33853275927715004,22.48862153326263
32.68692755699158,-33.321492523168054,-10.85988795723821,0.7,0.33853275927715004,22.461604565929846
32.706780195236206,-33.21527413858445,-10.85988795723821,0.7,0.33853275927715004,22.35538618134624
32.727755069732666,-33.05830295161317,-10.637296069652738,0.7,0.393207228211686,22.421006881960434
32.74755120277405,-32.82388985886354,-10.637296069652738,0.7,0.393207228211686,22.1865937892108
32.76634979248047,-32.500170800927854,-10.413516317743055,0.7,0.323207228211686,22.0866544831848
32.787697553634644,-32.10442236444682,-10.35738856810385,0.7,0.323207228211686,21.74703379634297
32.81134533882141,-31.666757291519442,-10.35738856810385,0.7,0.323207228211686,21.30936872341559
32.82773971557617,-31.204563315681757,-10.075671708617826,0.7,0.253207228211686,21.12889160706393
32.847980976104736,-30.72593137674437,-10.075671708617826,0.7,0.253207228211686,20.650259668126544
32.86625027656555,-30.310370907305224,-9.905792704808222,0.6299999999999999,0.32258085074834525,20.404578202497
32.88779282569885,-29.885379686897355,-9.849027167607641,0.6299999999999999,0.32258085074834525,20.036352519289714
32.90628170967102,-29.465038649935572,-9.621279201434179,0.6651996086537837,0.39258085074834526,19.843759448501395
32.92698645591736,-29.061321930823162,-9.56417267587877,0.6651996086537837,0.39258085074834526,19.49714925494439
32.94828200340271,-28.679792048707753,-9.392452389920026,0.7,0.3470257956068963,19.28733965878773
32.96660876274109,-28.323727888770925,-9.335080016351254,0.7,0.3470257956068963,18.98864787241967
32.987998962402344,-27.99473575407306,-9.335080016351254,0.7,0.3470257956068963,18.659655737721806
33.00619435310364,-27.693217870927487,-9.104939507100635,0.6364874437451362,0.3164627484511584,18.588278363826852
33.02765870094299,-27.41872953687713,-9.047243579766,0.6364874437451362,0.3164627484511584,18.37148595711113
33.04619336128235,-27.170249509405647,-8.815828446218088,0.6081186540424823,0.313766882289201,18.35442106318756
33.06760263442993,-26.946383007295346,-8.757818778218912,0.6081186540424823,0.313766882289201,18.188564229076434
33.09142279624939,-26.75201639457996,-8.757818778218912,0.6081186540424823,0.313766882289201,17.99419761636105
33.10629177093506,-26.57675850039463,-8.466854939720047,0.5381186540424823,0.3030022676102817,18.10990356067458
33.12782669067383,-26.419392051227952,-8.466854939720047,0.5381186540424823,0.3030022676102817,17.952537111507905
33.14622712135315,-26.278600025594443,-8.291558579502322,0.6081186540424823,0.3730022676102817,17.98704144609212
33.166311264038086,-26.153030828979713,-8.233009183462876,0.6081186540424823,0.3730022676102817,17.920021645516837
33.186259269714355,-26.041344474250085,-7.998235943383261,0.5500659726560115,0.3201848372630775,18.043108530866824
33.20712685585022,-25.942244351749867,-7.939400737271011,0.5500659726560115,0.3201848372630775,18.002843614478856
33.23143553733826,-25.854498152980174,-7.939400737271011,0.5500659726560115,0.3201848372630775,17.915097415709162
33.246432304382324,-25.776950709126503,-7.644393594649017,0.5451273837126791,0.29097212029621006,18.132557114477486
33.26697492599487,-25.708530875440502,-7.644393594649017,0.5451273837126791,0.29097212029621006,18.064137280791485
33.28634333610535,-25.64825409855142,-7.4667390811525856,0.5752433457411825,0.22097212029621005,18.181515017398834
33.30671977996826,-25.595920261917122,-7.407414991227437,0.5752433457411825,0.22097212029621005,18.188505270689685
33.32632112503052,-25.54978434445166,-7.169599988498021,0.5687581038102507,0.29097212029621006,18.380184355953638
33.346636056900024,-25.509169287519615,-7.110018636733063,0.5687581038102507,0.29097212029621006,18.399150650786552
33.369516134262085,-25.473459317753473,-6.930974949884778,0.5453584285452961,0.28810170472599567,18.542484367868695
33.38670349121094,-25.44441380605897,-6.871195225165117,0.5453584285452961,0.28810170472599567,18.573218580893855
33.411287784576416,-25.4207627878589,-6.871195225165117,0.5453584285452961,0.28810170472599567,18.549567562693785
33.42622447013855,-25.401481999314612,-6.571576592582893,0.4772690476849675,0.3581017047259957,18.82990540673172
33.44718956947327,-25.385744829875495,-6.571576592582893,0.4772690476849675,0.3581017047259957,18.814168237292602
33.46643424034119,-25.37288374032899,-6.331042723210338,0.5472690476849675,0.28810170472599567,19.041841017118653
33.48642349243164,-25.362359272225156,-6.331042723210338,0.5472690476849675,0.28810170472599567,19.031316549014818
33.50622892379761,-25.35373514687469,-6.150170528297927,0.5204876954481006,0.3581017047259957,19.203564618576763
33.52634000778198,-25.34624746106104,-6.089792175121964,0.5204876954481006,0.3581017047259957,19.256455285939076
33.54619264602661,-25.340157250315702,-5.908400159285929,0.49260090056806805,0.31417558864690365,19.431757091029773
33.56616187095642,-25.335198205254354,-5.847851911755171,0.49260090056806805,0.31417558864690365,19.487346293499183
33.58623385429382,-25.328839192756078,-5.665960376551698,0.47521664898842575,0.2702417612168938,19.66287881620438
33.606600284576416,-25.321675381379308,-5.544497941297877,0.47521664898842575,0.2702417612168938,19.77717744008143
33.62626004219055,-25.30950867777492,-5.422878350234335,0.40521664898842574,0.3152229279372841,19.886630327540587
33.64924693107605,-25.277973278752775,-5.2401617656548645,0.47521664898842575,0.24522292793728412,20.03781151309791
33.66612100601196,-25.226866830874606,-5.17918136189094,0.47521664898842575,0.24522292793728412,20.047685468983666
33.68909454345703,-25.156564576316594,-4.996021523591775,0.505464078374207,0.3152229279372841,20.16054305272482
33.70626378059387,-25.065516706310422,-4.996021523591775,0.505464078374207,0.3152229279372841,20.069495182718647
33.72619843482971,-24.955509850598396,-4.812542764990745,0.5448103039339185,0.38522292793728413,20.14296708560765
33.746307134628296,-24.859999089860814,-4.751314315676929,0.5448103039339185,0.38522292793728413,20.108684774183885
33.766141414642334,-24.7523087925548,-4.567428415624573,0.5892136930301786,0.45522292793728414,20.184880376930227
33.786174297332764,-24.638996993907355,-4.506067704752255,0.5892136930301786,0.45522292793728414,20.1329292891551
33.80623197555542,-24.52476693088404,-4.321795396777844,0.614163061119616,0.38522292793728413,20.202971534106197
33.8284649848938,-24.4129095805752,-4.1372469294829415,0.544163061119616,0.4319335346017033,20.275662651092258
33.846713066101074,-24.305648258655285,-4.075671431113431,0.544163061119616,0.4319335346017033,20.229976827541854
33.86705732345581,-24.202089760746265,-3.8907729977954766,0.614163061119616,0.439225144488737,20.31131676295079
33.88733649253845,-24.09688340086993,-3.8907729977954766,0.614163061119616,0.439225144488737,20.206110403074454
33.90704584121704,-23.97709073417611,-3.6438568346587026,0.6664671241119504,0.369225144488737,20.333233899517406
33.92619252204895,-23.834109390708797,-3.6438568346587026,0.6664671241119504,0.369225144488737,20.190252556050094
33.94677424430847,-23.671840860137586,-3.4583963050588657,0.5964671241119504,0.439225144488737,20.21344455507872
33.96617078781128,-23.530955178983337,-3.272714552380666,0.6664671241119504,0.509225144488737,20.25824062660267
33.986934423446655,-23.378131851474294,-3.210773519382453,0.6664671241119504,0.509225144488737,20.16735833209184
34.00647783279419,-23.221044511047168,-3.024815218680608,0.7,0.439225144488737,20.19622929236656
34.0301034450531,-23.065135490882927,-2.838663344992554,0.6836774915456771,0.3703818617295474,20.226472145890373
34.046931743621826,-22.9141538745699,-2.7765717573804345,0.6836774915456771,0.3703818617295474,20.137582117189467
34.06925702095032,-22.77057384097512,-2.7765717573804345,0.6836774915456771,0.3703818617295474,19.994002083594687
34.08759570121765,-22.635918838381322,-2.652329780357647,0.7,0.4189193321298808,19.983589058023675
34.10622215270996,-22.511011805900328,-2.4658264243456145,0.6807453695684671,0.41438821869902315,20.045185381554713
34.126407861709595,-22.39616743421348,-2.4036229666875464,0.6807453695684671,0.41438821869902315,19.992544467525935
34.14731955528259,-22.291339100951824,-2.216911760749589,0.6842770891264081,0.4412426443677396,20.074427340202234
34.16646218299866,-22.196230451501933,-2.216911760749589,0.6842770891264081,0.4412426443677396,19.979318690752343
34.18677568435669,-22.113654693810403,-1.9677447182254362,0.6240556145086884,0.5112426443677396,20.145909975584967
34.20630669593811,-22.03868510142927,-1.780720853427809,0.6523160429671406,0.45143598827533427,20.25796424800146
34.22669076919556,-21.97097441822407,-1.780720853427809,0.6523160429671406,0.45143598827533427,20.19025356479626
34.2462215423584,-21.910090139101232,-1.5311803400566362,0.6754093093797564,0.5214359882753343,20.378909799044596
34.266627073287964,-21.85555194533472,-1.5311803400566362,0.6754093093797564,0.5214359882753343,20.324371605278085
34.28750228881836,-21.806858966534346,-1.343908962808971,0.7,0.4514359882753343,20.462950003725375
34.30620074272156,-21.76350925791221,-1.1565514849309473,0.7,0.5214359882753343,20.606957772981264
34.32625699043274,-21.725013357126365,-1.094081932378426,0.7,0.5214359882753343,20.63093142474794
34.34646654129028,-21.690903371625478,-0.9066283187950397,0.6299999999999999,0.555183620331809,20.784275052830438
34.3684356212616,-21.66073872207105,-0.7816262272197818,0.5599999999999998,0.6156089130323381,20.879112494851267
34.38632822036743,-21.636425759853356,-0.7191166112738898,0.5599999999999998,0.6156089130323381,20.917309148579466
34.407379388809204,-21.615316625316552,-0.7191166112738898,0.5599999999999998,0.6156089130323381,20.896200014042662
34.42651557922363,-21.593857844934018,-0.5315588228503927,0.5440708840638397,0.6856089130323382,21.062299022083625
34.44637870788574,-21.565772707016045,-0.2814308616385226,0.6140708840638398,0.6156089130323381,21.284341845377522
34.46700620651245,-21.519927123186157,-0.2814308616385226,0.6140708840638398,0.6156089130323381,21.238496261547635
34.48744297027588,-21.45137199635742,-0.0938122911941015,0.6840708840638399,0.6700831587892027,21.357559705163318
34.506195068359375,-21.35263559199668,0.09381229119408374,0.7,0.7,21.446447883190764
34.52681803703308,-21.217007265835292,0.1563530764359946,0.7,0.7,21.373360342271287
34.547239780426025,-21.045430914573217,0.34396697099071716,0.7,0.6299999999999999,21.389397885563934
34.57118225097656,-20.844142252932052,0.5315588228503927,0.7,0.5599999999999998,21.375701075782445
34.58613681793213,-20.622888247244777,0.5940824640180686,0.7,0.5599999999999998,21.216970711262846
34.61019968986511,-20.38664878596613,0.7816262272197676,0.7,0.5207857801020144,21.168275013185898
34.62627720832825,-20.181539654204144,0.7816262272197676,0.7,0.5207857801020144,20.96316588142391
34.64617681503296,-19.965829453513063,0.9066283187950326,0.6887524722144007,0.5617490237951277,20.872457772308096
34.66630721092224,-19.748440977281703,0.9691199046246268,0.6887524722144007,0.5617490237951277,20.71756088190633
34.68728017807007,-19.53561605390755,1.1565514849309295,0.7,0.5402565537393091,20.69216753883848
34.70638656616211,-19.3315698632608,1.3439089628089604,0.6299999999999999,0.5594602687656878,20.67547882606976
34.7262966632843,-19.13899882419867,1.4063429142378396,0.6299999999999999,0.5594602687656878,20.54534173843651
34.7469642162323,-18.95715704199188,1.5935829264066896,0.6366116284579038,0.6294602687656878,20.55073996839857
34.76645064353943,-18.787560012422023,1.5935829264066896,0.6366116284579038,0.6294602687656878,20.381142938828713
34.78616452217102,-18.630937660038278,1.843075406429385,0.5666116284579037,0.5594602687656878,20.474013066467663
34.806252002716064,-18.48745502990544,1.843075406429385,0.5666116284579037,0.5594602687656878,20.330530436334826
34.82756161689758,-18.356880463110823,2.030058590778051,0.6206016572564839,0.6279239518940447,20.386939053888874
34.846251487731934,-18.243512290492735,2.216911760749575,0.6734613882750271,0.6952033652365206,20.46042405124231
34.86726093292236,-18.14028372137659,2.279165192900667,0.6734613882750271,0.6952033652365206,20.419448914277258
34.887136459350586,-18.04681850034165,2.4658264243456074,0.7,0.6252033652365205,20.512644924687258
34.90735936164856,-17.962597975736482,2.4658264243456074,0.7,0.6252033652365205,20.42842440008209
34.92623710632324,-17.88701825928439,2.7144604222589415,0.7,0.6952033652365206,20.60147868154333
34.94733643531799,-17.81943217442867,2.7144604222589415,0.7,0.6952033652365206,20.53389259668761
34.96839189529419,-17.759179533690062,2.962785515833506,0.6760344792157411,0.7,20.72196504952357
34.98648428916931,-17.705608511628093,2.962785515833506,0.6760344792157411,0.7,20.6683940274616
35.00638699531555,-17.66040661778511,3.1488096599609996,0.6139540176838636,0.6787844810634851,20.80921627774611
35.0273334980011,-17.62220904768697,3.2107735193824496,0.6139540176838636,0.6787844810634851,20.83298256706942
35.04633450508118,-17.589883236653876,3.3965263837449484,0.6376451037824153,0.6585203025490045,20.986409620398824
35.06655669212341,-17.5618171421978,3.4583963050588515,0.6376451037824153,0.6585203025490045,21.02021344725665
35.086325883865356,-17.538120078074726,3.70562580772652,0.5676451037824153,0.7,21.243745885801246
35.10747766494751,-17.51808219050439,3.7673684504053604,0.5676451037824153,0.7,21.28545064090975
35.12621545791626,-17.494164947484663,3.95243402983062,0.5051933239400386,0.6966952451504766,21.446598977315283
35.146294355392456,-17.463550820338728,4.014066986134107,0.5051933239400386,0.6966952451504766,21.477617806472836
35.16625118255615,-17.429092000638857,4.014066986134107,0.5051933239400386,0.6966952451504766,21.443158986772964
35.18631291389465,-17.392870891283188,4.321795396777851,0.43519332394003857,0.7,21.71466628806104
35.20630741119385,-17.35638033351832,4.321795396777851,0.43519332394003857,0.7,21.67817573029617
35.22630000114441,-17.316031630767622,4.567428415624548,0.36519332394003856,0.6299999999999999,21.88346004639217
35.246257305145264,-17.250903040965746,4.567428415624548,0.36519332394003856,0.6299999999999999,21.818331456590293
35.266647815704346,-17.133217714403457,4.812542764990745,0.43519332394003857,0.5630135956406592,21.945760479394202
35.28790760040283,-17.03104030923301,4.812542764990745,0.43519332394003857,0.5630135956406592,21.843583074223755
35.30620718002319,-16.854038142252776,5.057110811713272,0.5051933239400386,0.6197723346948623,21.91114895396605
35.32664680480957,-16.59266746437553,5.11816423426043,0.5051933239400386,0.6197723346948623,21.71083169863596
35.34722685813904,-16.244839245529803,5.301105016999475,0.5024300106987356,0.5497723346948622,21.54594426252928
35.36656928062439,-15.8229628060483,5.301105016999475,0.5024300106987356,0.5497723346948622,21.124067823047774
35.386518716812134,-15.356139734582358,5.544497941297859,0.4324300106987356,0.4797723346948622,20.90063767588022
35.41143345832825,-14.870400684823737,5.544497941297859,0.4324300106987356,0.4797723346948622,20.414898626121598
35.42665410041809,-14.384324567874135,5.72663159584631,0.4218059903383254,0.5497723346948622,20.110956163720445
35.44624328613281,-13.910824815072043,5.908400159285925,0.40222630597650993,0.4797723346948622,19.81922497435797
35.46628379821777,-13.45853939430342,5.968906567891231,0.40222630597650993,0.4797723346948622,19.427445962194653
35.48678398132324,-13.030592619422329,6.089792175121961,0.4272070037573575,0.49431880820542556,19.12038479454429
35.50767803192139,-12.65903830347055,6.270796223654141,0.45103985391557205,0.5469942155852912,18.92983452712469
35.527409076690674,-12.308236539989354,6.331042723210327,0.45103985391557205,0.5469942155852912,18.639279263199683
35.55139946937561,-11.981094436428881,6.331042723210327,0.45103985391557205,0.5469942155852912,18.312137159639207
35.567219257354736,-11.679007664893735,6.6315949309132876,0.4642792273685335,0.6169942155852912,18.310602595807023
35.58669114112854,-11.402285301293864,6.6315949309132876,0.4642792273685335,0.6169942155852912,18.033880232207153
35.60679244995117,-11.150473547429788,6.87119522516511,0.5055197965726255,0.6869942155852913,18.0216687725949
35.62626266479492,-10.922600687482245,6.87119522516511,0.5055197965726255,0.6869942155852913,17.793795912647354
35.64630746841431,-10.715044531574538,7.05038707036438,0.534561753682792,0.6552169715240597,17.765431601938918
35.66617202758789,-10.529386429114632,7.229130712327546,0.5674864914640783,0.7,17.758517141442177
35.68734645843506,-10.363831285490068,7.288610395444117,0.5674864914640783,0.7,17.652441680934185
35.707484006881714,-10.2189187998619,7.466739081152582,0.5607205372676252,0.6299999999999999,17.68565788101448
35.72724485397339,-10.09310208004807,7.466739081152582,0.5607205372676252,0.6299999999999999,17.55984116120065
35.74769735336304,-9.982926165164477,7.703504482550208,0.6016224887594579,0.7,17.686430647714687
35.76679277420044,-9.888834069831752,7.703504482550208,0.6016224887594579,0.7,17.59233855238196
35.78638529777527,-9.810709615977881,7.880509582069585,0.5316224887594578,0.7,17.691219198047467
35.806591272354126,-9.745734935009342,7.939400737270994,0.5316224887594578,0.7,17.685135672280335
35.82624912261963,-9.693922577777766,8.174401818884789,0.5009468428418038,0.7,17.868324396662555
35.84730529785156,-9.652618022131167,8.233009183462862,0.5009468428418038,0.7,17.885627205594027
35.86641192436218,-9.619700556950727,8.408481858651392,0.49162929762154794,0.7,18.028182415602117
35.88629341125488,-9.59579248501229,8.46685493972005,0.49162929762154794,0.7,18.06264742473234
35.91153049468994,-9.578772255956487,8.46685493972005,0.49162929762154794,0.7,18.045627195676538
35.926732778549194,-9.566984754065723,8.757818778218883,0.42162929762154794,0.6299999999999999,18.324803532284605
35.946999073028564,-9.556750543974948,8.757818778218883,0.42162929762154794,0.6299999999999999,18.314569322193833
35.966270208358765,-9.550256857900402,8.931661510303101,0.35162929762154793,0.6416481790319084,18.4819183682035
35.98628115653992,-9.546532406993247,8.98948411642018,0.35162929762154793,0.6416481790319084,18.536016523413426
36.00627589225769,-9.542513222049307,9.220139184313211,0.42162929762154794,0.6679387838765978,18.76265240636252
36.026408672332764,-9.536078897720873,9.277642151262128,0.42162929762154794,0.6679387838765978,18.813721048983002
36.0463650226593,-9.528136640786478,9.277642151262128,0.42162929762154794,0.6679387838765978,18.805778792048606
36.0662727355957,-9.512407276467037,9.506999107509529,0.3930233540758488,0.6487179213389753,19.019406383976566
36.090102672576904,-9.468520204674752,9.506999107509529,0.3930233540758488,0.6487179213389753,18.975519312184282
36.10636305809021,-9.3853848468168,9.792192665368162,0.34665228899568296,0.7,19.17757751218496
36.13132929801941,-9.2748630731837,9.792192665368162,0.34665228899568296,0.7,19.067055738551865
36.146220207214355,-9.145915672760934,10.019115356289568,0.41665228899568296,0.7,19.165031029050503
36.167535066604614,-9.033960247530414,10.019115356289568,0.41665228899568296,0.7,19.053075603819984
36.186732053756714,-8.901100636811202,10.2449163167689,0.48665228899568297,0.6730250723659992,19.1460169535801
36.206865549087524,-8.736375756219362,10.2449163167689,0.48665228899568297,0.6730250723659992,18.98129207298826
36.22634506225586,-8.537644753075732,10.413516317743067,0.44650716748088576,0.7,18.9511610708188
36.246949672698975,-8.318214949268517,10.469571316458577,0.44650716748088576,0.7,18.787786265727092
36.26616168022156,-8.090191212866594,10.693056331408457,0.37650716748088575,0.7,18.78324754427505
36.28687858581543,-7.864524188542098,10.748741979769967,0.37650716748088575,0.7,18.613266168312066
36.306315422058105,-7.646441520744518,10.915347548936325,0.33442977886646963,0.7,18.56178906968084
36.326476097106934,-7.439374344066688,10.970731052432463,0.33442977886646963,0.7,18.41010539649915
36.348769664764404,-7.245415545334079,11.136421372498738,0.3564803048595784,0.7,18.381836917832818
36.36639451980591,-7.065673332859261,11.191496866336117,0.3564803048595784,0.7,18.25717019919538
36.391433238983154,-6.909616554952017,11.191496866336117,0.3564803048595784,0.7,18.101113421288133
36.40647888183594,-6.765050290924702,11.465698421807609,0.4264803048595784,0.7,18.23074871273231
36.427393198013306,-6.632275141440591,11.465698421807609,0.4264803048595784,0.7,18.0979735632482
36.44625425338745,-6.51118914426506,11.683626987940286,0.47716574411839224,0.6559453465044498,18.194816132205347
36.46751308441162,-6.401413412058646,11.737907169744517,0.47716574411839224,0.6559453465044498,18.13932058180316
36.4869019985199,-6.302386696260455,11.900257344619511,0.47096726758405544,0.6853617399930954,18.202644040879967
36.506771087646484,-6.213435875421116,11.954209439084892,0.47096726758405544,0.6853617399930954,18.167645314506007
36.53139305114746,-6.133827863417112,11.954209439084892,0.47096726758405544,0.6853617399930954,18.088037302502002
36.54676795005798,-6.06280724424298,12.222719445234816,0.40096726758405543,0.7,18.285526689477795
36.56708383560181,-5.999623000902933,12.222719445234816,0.40096726758405543,0.7,18.22234244613775
36.586276054382324,-5.9435469648403245,12.382812589820105,0.3986074433289466,0.7,18.326359554660428
36.607001543045044,-5.8948603186415784,12.436006095075584,0.3986074433289466,0.7,18.33086641371716
36.626272201538086,-5.853931387207324,12.647916636173782,0.3372927263937888,0.6838980287313461,18.501848023381108
36.647764444351196,-5.819469490230545,12.700676706740978,0.3372927263937888,0.6838980287313461,18.520146196971524
36.667763233184814,-5.790407708429039,12.858429376442416,0.35804070463404036,0.613898028731346,18.648837084871456
36.686880350112915,-5.765862661092645,12.910836637772526,0.35804070463404036,0.613898028731346,18.67669929886517
36.71029567718506,-5.745101731215327,13.119572019026982,0.28804070463404036,0.543898028731346,18.86467375024231
36.72631525993347,-5.725199979267938,13.171530799831629,0.28804070463404036,0.543898028731346,18.896730779099567
36.7472448348999,-5.706419504050406,13.171530799831629,0.28804070463404036,0.543898028731346,18.877950303882034
36.76636266708374,-5.686596455045325,13.378455853220913,0.26823930589482164,0.5082266269624232,19.06505230826624
36.787633180618286,-5.659622644793833,13.378455853220913,0.26823930589482164,0.5082266269624232,19.038078498014748
36.806296825408936,-5.6098621629871115,13.53268500196738,0.19823930589482164,0.5782266269624232,19.142547164954493
36.82734704017639,-5.566658842237084,13.583909262746452,0.19823930589482164,0.5782266269624232,19.150568104983535
36.84626865386963,-5.498810318934287,13.787870544567355,0.26823930589482164,0.6145011420547961,19.28668086350164
36.867464780807495,-5.413315512908009,13.838625346389549,0.26823930589482164,0.6145011420547961,19.25194085929756
36.88717293739319,-5.315500802774002,13.990319496736511,0.19823930589482164,0.6722712787985801,19.305820299510515
36.90662145614624,-5.1885433438611965,14.040693093089665,0.19823930589482164,0.6722712787985801,19.229236436950863
36.930514097213745,-5.009944631195843,14.040693093089665,0.19823930589482164,0.6722712787985801,19.050637724285508
36.94705772399902,-4.77238768764071,14.29111382204158,0.2612284365110097,0.7,19.06350150968229
36.966336250305176,-4.483925862438335,14.29111382204158,0.2612284365110097,0.7,18.775039684479914
36.98777985572815,-4.14917809899143,14.489695460440153,0.3312284365110097,0.6304649457335472,18.638873559431584
37.0075364112854,-3.76099074553568,14.489695460440153,0.3312284365110097,0.6304649457335472,18.250686205975832
37.02623629570007,-3.3250688026422948,14.637595361886888,0.2612284365110097,0.668976467847824,17.962664164529183
37.04676556587219,-2.946590242206534,14.686696352605587,0.2612284365110097,0.668976467847824,17.63328659481212
37.06617212295532,-2.5365589275520684,14.882097625387381,0.3312284365110097,0.6393510147929191,17.41865655293945
37.087085247039795,-2.115418019198376,14.93069582067838,0.3312284365110097,0.6393510147929191,17.046113839876757
37.10616087913513,-1.6976597284284352,15.075880714317748,0.32023057116195536,0.6262062516063451,16.77354044274618
37.126222372055054,-1.2932609129868917,15.124071499585376,0.32023057116195536,0.6262062516063451,16.417332412572268
37.14620304107666,-0.9087992154129483,15.268027368482414,0.39023057116195536,0.6962062516063452,16.176826583895362
37.16702938079834,-0.5483178968335537,15.31580623056157,0.39023057116195536,0.6962062516063452,15.864124127395124
37.18889594078064,-0.21630967502401885,15.4585196553912,0.441241116505116,0.7,15.67482933041522
37.20638847351074,0.08717164971848473,15.505882161483889,0.441241116505116,0.7,15.418710511765404
37.230700969696045,0.36052418401796055,15.505882161483889,0.441241116505116,0.7,15.14535797746593
37.24673056602478,0.603429325163721,15.741117716634449,0.3917458814196286,0.7,15.137688391470729
37.26622557640076,0.8143257703692273,15.741117716634449,0.3917458814196286,0.7,14.926791946265222
37.28715252876282,0.9995738939307016,15.927397764368123,0.3217458814196286,0.6797822553664445,14.927823870437422
37.30688166618347,1.1598086526455005,15.927397764368123,0.3217458814196286,0.6797822553664445,14.767589111722623
37.327171087265015,1.2938139515646643,16.111963259041637,0.3507559295557437,0.6675375195220112,14.818149307476974
37.34735178947449,1.4037527376521284,16.111963259041637,0.3507559295557437,0.6675375195220112,14.708210521389509
37.366076946258545,1.4940779700022413,16.24925230239745,0.2807559295557437,0.6606795259751379,14.75517433239521
37.3861985206604,1.5683994999600834,16.294797761348775,0.2807559295557437,0.6606795259751379,14.726398261388692
37.40627932548523,1.6296464354832751,16.43077797961932,0.24370598411187505,0.653122436068952,14.801131544136046
37.42669463157654,1.682514205253207,16.520882196136235,0.24370598411187505,0.653122436068952,14.838367990883027
37.44623017311096,1.7304849941420195,16.655209762575687,0.21576290382072305,0.6815099006518721,14.924724768433668
37.46714234352112,1.7761065190088825,16.699763655386135,0.21576290382072305,0.6815099006518721,14.923657136377253
37.486124753952026,1.8157162916711351,16.83275612843191,0.2247012321837244,0.7,15.017039836760775
37.50697731971741,1.8556005046271349,16.876863103881824,0.2247012321837244,0.7,15.021262599254689
37.5284526348114,1.8969405423280938,16.876863103881824,0.2247012321837244,0.7,14.97992256155373
37.546231269836426,1.942834951265861,17.052165603111646,0.2479326416738329,0.6621964693069458,15.109330651845786
37.57111573219299,1.9929995431252987,17.225656580477697,0.23280957518145418,0.6832474645227193,15.232657037352398
37.58684062957764,2.049440734132639,17.268744602036342,0.23280957518145418,0.6832474645227193,15.219303867903704
37.60627746582031,2.131917507292515,17.268744602036342,0.23280957518145418,0.6832474645227193,15.136827094743827
37.62723112106323,2.2465188561632456,17.43995124968768,0.16280957518145417,0.6538650177419185,15.193432393524436
37.64763951301575,2.3850456962775564,17.43995124968768,0.16280957518145417,0.6538650177419185,15.054905553410125
37.66621255874634,2.5365398541136717,17.567147538020244,0.1464317498914895,0.662756261229515,15.030607683906572
37.686381816864014,2.695364592653219,17.609314950231116,0.1464317498914895,0.662756261229515,14.913950357577898
37.70625376701355,2.833260285641391,17.735120246406396,0.19456479905173157,0.592756261229515,14.901859960765005
37.726948499679565,2.988717849744258,17.776822353927038,0.19456479905173157,0.592756261229515,14.78810450418278
37.74622368812561,3.1731236109209138,17.942460497650337,0.16271490810438966,0.5423756662011145,14.769336886729423
37.76630210876465,3.4005724058889903,17.98357647979976,0.16271490810438966,0.5423756662011145,14.583004073910768
37.786314725875854,3.675087141574815,18.106216809760824,0.11646972058340882,0.5314004729688167,14.431129668186008
37.80648589134216,3.986639892092894,18.1468604160293,0.11646972058340882,0.5314004729688167,14.160220523936404
37.82638096809387,4.3203402792217505,18.1468604160293,0.11646972058340882,0.5314004729688167,13.826520136807549
37.846155643463135,4.662945691034335,18.308247364042217,0.05291883109137391,0.5577370553463696,13.645301673007882
37.86664700508118,5.0027070294470395,18.34829631979582,0.05291883109137391,0.5577370553463696,13.345589290348782
37.88621163368225,5.333854904256389,18.507295665021232,0.007716508787125098,0.4973004712909459,13.173440760764842
37.90663528442383,5.654925364965343,18.546745509732276,0.007716508787125098,0.4973004712909459,12.891820144766932
37.92624235153198,5.933686936270992,18.664372331160408,0.0,0.5170308529585599,12.730685394889417
37.94662690162659,6.214144126974424,18.703339810206558,0.0,0.5170308529585599,12.489195683232133
37.96620416641235,6.5138674711809585,18.819515568531727,0.0,0.4987220290303229,12.305648097350769
37.98665499687195,6.851502404760198,18.857998059657596,0.0,0.4987220290303229,12.0064956548974
38.006352186203,7.234367830403789,18.972715045727725,0.0,0.4287220290303229,11.738347215323936
38.02769494056702,7.6640389217564975,19.01071003200768,0.0,0.4287220290303229,11.346671110251183
38.04938340187073,8.142692553335047,19.123960854485922,0.02666015550494194,0.4482801979780196,10.981268301150875
38.06743907928467,8.672866158006906,19.161465925541386,0.02666015550494194,0.4482801979780196,10.48859976753448
38.095224380493164,9.252648035470068,19.161465925541386,0.02666015550494194,0.4482801979780196,9.908817890071317
38.116117000579834,9.870137543020816,19.161465925541386,0.02666015550494194,0.4482801979780196,9.29132838252057
38.13110303878784,10.499860510018685,19.161465925541386,0.02666015550494194,0.4482801979780196,8.6616054155227
38.146594524383545,11.046602067557071,19.161465925541386,0.02666015550494194,0.4482801979780196,8.114863857984314
38.166574239730835,11.596179295815965,19.52973737714308,0.012228081002831459,0.5182801979780196,7.933558081327114
38.186402559280396,12.133242075986667,19.565883636966632,0.012228081002831459,0.5182801979780196,7.432641560979965
38.212594985961914,12.652091029141811,19.744747802659226,0.04402528144419193,0.48853691957890977,7.092656773517415
38.22804665565491,13.151563849804024,19.78014637091465,0.04402528144419193,0.48853691957890977,6.628582521110626
38.247353315353394,13.631363879254176,19.78014637091465,0.04402528144419193,0.48853691957890977,6.148782491660475
38.266324281692505,14.091803538475368,19.920489264888694,0.11402528144419194,0.41853691957890976,5.828685726413326
38.2875189781189,14.528977373298988,19.95526159365869,0.11402528144419194,0.41853691957890976,5.426284220359703
38.307209968566895,14.943102248123235,19.95526159365869,0.11402528144419194,0.41853691957890976,5.012159345535455
38.326438426971436,15.3395689417743,20.093094164531863,0.16928937815129758,0.41532366088591505,4.753525222757563
38.347405433654785,15.722587163188951,20.127237616186555,0.16928937815129758,0.41532366088591505,4.404650452997604
38.36828303337097,16.055133361940726,20.127237616186555,0.16928937815129758,0.41532366088591505,4.072104254245829
38.38745665550232,16.379527730742108,20.32944756405695,0.09928937815129757,0.41353835485875595,3.9499198333148406
38.407708406448364,16.687394270822814,20.32944756405695,0.09928937815129757,0.41353835485875595,3.6420532932341345
38.42627477645874,16.97566711465156,20.461723158148992,0.05948948301374912,0.48353835485875596,3.486056043497431
38.44699835777283,17.24041681235445,20.494474914972535,0.05948948301374912,0.48353835485875596,3.2540581026180853
38.46651554107666,17.47258495073269,20.494474914972535,0.05948948301374912,0.48353835485875596,3.021889964239847
38.48688507080078,17.65052398024247,20.656327065693738,0.1080098394304514,0.48438252182211716,3.0058030854512694
38.50672721862793,17.76294348720904,20.656327065693738,0.1080098394304514,0.48438252182211716,2.8933835784846984
38.52630805969238,17.822258916033036,20.78351668201264,0.1031481814570725,0.4659808766981586,2.961257765979603
38.546751499176025,17.84544238795244,20.814995206201644,0.1031481814570725,0.4659808766981586,2.9695528182492055
38.56630825996399,17.84060196386653,20.90866454484982,0.14601972000673413,0.4945225161453708,3.068062580983291
38.58629059791565,17.83639938409325,20.93963206874254,0.14601972000673413,0.4945225161453708,3.1032326846492886
38.61140012741089,17.812775471990353,21.06222291413475,0.10807204293087125,0.5189710915973409,3.2494474421443975
38.62777853012085,17.776284488318076,21.09255059011013,0.10807204293087125,0.5189710915973409,3.3162661017920527
38.647862672805786,17.731818004604804,21.09255059011013,0.10807204293087125,0.5189710915973409,3.3607325855053247
38.666266202926636,17.68298380413775,21.18276489058988,0.12547540897503495,0.4931606897106393,3.4997810864521313
38.687593936920166,17.632402893276744,21.21257996249453,0.12547540897503495,0.4931606897106393,3.580177069217786
38.70628380775452,17.579625458015755,21.330557608128153,0.16215634206309915,0.5437372238328679,3.750932150112398
38.72779440879822,17.526713303602666,21.3597312250412,0.16215634206309915,0.5437372238328679,3.833017921438536
38.74664258956909,17.475102070111692,21.3597312250412,0.16215634206309915,0.5437372238328679,3.8846291549295096
38.76694321632385,17.42575463940301,21.50367347805586,0.1903544650413096,0.613737223832868,4.077918838652849
38.787261962890625,17.37928014808643,21.50367347805586,0.1903544650413096,0.613737223832868,4.124393329969429
38.81147336959839,17.338929808175262,21.50367347805586,0.1903544650413096,0.613737223832868,4.164743669880597
38.826343297958374,17.300992779210837,21.672165607892865,0.18501654686406255,0.6513247659197077,4.3711728286820275
38.84631967544556,17.265731815157217,21.672165607892865,0.18501654686406255,0.6513247659197077,4.406433792735648
38.86630415916443,17.230942544283852,21.754677359568788,0.1985972528345883,0.7,4.523734815284936
38.887834548950195,17.1950814217137,21.781924355642076,0.1985972528345883,0.7,4.586842933928377
38.90638089179993,17.15710457992769,21.889627983997606,0.19030827889218926,0.6557130336761474,4.732523404069916
38.92685556411743,17.116342728535976,21.91623287239799,0.19030827889218926,0.6557130336761474,4.799890143862015
38.946906089782715,17.072404390167417,21.99527739315721,0.1565070622600615,0.6426210494711995,4.9228730029897925
38.9670946598053,17.025101368279998,22.021368930308213,0.1565070622600615,0.6426210494711995,4.9962675620282155
38.99156093597412,16.976707969200408,22.021368930308213,0.1565070622600615,0.6426210494711995,5.044660961107805
39.00650477409363,16.92883261835862,22.149903139302474,0.11606407025828958,0.6680887358263135,5.221070520943854
39.026615381240845,16.887266016442023,22.149903139302474,0.11606407025828958,0.6680887358263135,5.2626371228604505
39.04636573791504,16.846489658437296,22.22548615068738,0.12706458428874612,0.6564529275521636,5.378996492250085
39.0678551197052,16.80733684496774,22.250424478870023,0.12706458428874612,0.6564529275521636,5.443087633902284
39.086339712142944,16.77034358199068,22.348899015553435,0.17181197041645646,0.6498980613425374,5.578555433562755
39.106414794921875,16.735825254027944,22.373198218007587,0.17181197041645646,0.6498980613425374,5.637372963979644
39.12745523452759,16.706252042429526,22.373198218007587,0.17181197041645646,0.6498980613425374,5.666946175578062
39.14743161201477,16.683209358790872,22.469119038435977,0.18097293702885509,0.6190448811277747,5.785909679645105
39.17037057876587,16.66530993951697,22.563001398403834,0.14780330611392856,0.6464399917051196,5.8976914588868645
39.18633675575256,16.651454668284554,22.586154008275642,0.14780330611392856,0.6464399917051196,5.934699339991088
39.20627808570862,16.640773537318754,22.586154008275642,0.14780330611392856,0.6464399917051196,5.945380470956888
39.22711706161499,16.63257860212006,22.677494861307437,0.11680795950815082,0.606329627148807,6.044916259187378
39.24755930900574,16.62546355015392,22.677494861307437,0.11680795950815082,0.606329627148807,6.052031311153517
39.26680779457092,16.620149036707446,22.766808459722213,0.1175586722092703,0.6684569342061877,6.146659423014768
39.28634786605835,16.616225205508396,22.766808459722213,0.1175586722092703,0.6684569342061877,6.150583254213817
39.30653095245361,16.613370727130125,22.854100717528006,0.13486616977024823,0.6973506266251206,6.240729990397881
39.3264901638031,16.613650577847107,22.875608695849593,0.13486616977024823,0.6973506266251206,6.261958118002486
39.34653401374817,16.61610009676315,22.93937813017655,0.1607809915440157,0.6832322718575596,6.3232780334133984
39.366347312927246,16.622308416012313,22.960383480724957,0.1607809915440157,0.6832322718575596,6.338075064712644
39.388015270233154,16.63328025288416,23.022647779434216,0.18686997250188142,0.6748843740671873,6.389367526550057
39.40725350379944,16.647271574255637,23.04315236483334,0.18686997250188142,0.6748843740671873,6.395880790577703
39.4291729927063,16.662991430665784,23.04315236483334,0.18686997250188142,0.6748843740671873,6.380160934167556
39.44646167755127,16.6794975985321,23.14380464439472,0.12758584052789956,0.7,6.464307045862618
39.47154879570007,16.693828674896118,23.14380464439472,0.12758584052789956,0.7,6.4499759694986025
39.486472606658936,16.70855751103233,23.222089759541653,0.1318157009081915,0.7,6.513532248509325
39.507030963897705,16.723174446408613,23.222089759541653,0.1318157009081915,0.7,6.49891531313304
39.52786183357239,16.737328429928606,23.298396585026858,0.11373750783968717,0.7,6.561068155098251
39.547744274139404,16.748471481335446,23.298396585026858,0.11373750783968717,0.7,6.549925103691411
39.566373348236084,16.75954587238377,23.372734901306913,0.15177851461339742,0.7,6.613189028923141
39.586488485336304,16.770280708891594,23.372734901306913,0.15177851461339742,0.7,6.602454192415319
39.606276988983154,16.780496781986706,23.427203033538532,0.15220179344760254,0.6686007350683212,6.6467062515518265
39.62683653831482,16.790083288649114,23.445115101941916,0.15220179344760254,0.6686007350683212,6.655031813292801
39.64624333381653,16.79897985942656,23.515548198466085,0.14020561176585034,0.7,6.716568339039526
39.666553020477295,16.807162746066176,23.53285358722843,0.14020561176585034,0.7,6.725690841162255
39.68629288673401,16.814267337165706,23.584045825258457,0.10954180109547451,0.6993865629076026,6.769778488092751
39.70804500579834,16.820802649947467,23.60086923791316,0.10954180109547451,0.6993865629076026,6.780066587965692
39.72854542732239,16.826770315679305,23.60086923791316,0.10954180109547451,0.6993865629076026,6.774098922233854
39.749420166015625,16.832186427685638,23.666964845136064,0.050833822519052774,0.6930094857118092,6.834778417450426
39.76752519607544,16.837076700214404,23.666964845136064,0.050833822519052774,0.6930094857118092,6.829888144921661
39.790828466415405,16.841472852322436,23.762536903709773,0.06242691568331793,0.7,6.9210640513873365
39.807214975357056,16.845409937936903,23.77805167599685,0.06242691568331793,0.7,6.932641738059946
39.82716464996338,16.848924403478094,23.77805167599685,0.06242691568331793,0.7,6.929127272518755
39.84660458564758,16.863634442444017,23.823890910162703,0.08157378277974203,0.7,6.960256467718686
39.86699986457825,16.901947462632055,23.838936395028675,0.08157378277974203,0.7,6.93698893239662
39.88639283180237,16.967226656392107,23.89795332937443,0.0640160909970291,0.6974393032025545,6.930726672982324
39.90703272819519,17.023903719071544,23.912417520534568,0.0640160909970291,0.6974393032025545,6.888513801463024
39.92683219909668,17.105673117340384,23.95511795276819,0.032683553465176374,0.6947244909126311,6.849444835427807
39.94769525527954,17.209665181174866,23.969121560839504,0.032683553465176374,0.6947244909126311,6.759456379664638
39.96866798400879,17.333301017960395,24.0104463958843,0.0,0.681714770430699,6.677145377923907
39.98638677597046,17.47195532173548,24.023993556753155,0.0,0.681714770430699,6.552038235017676
40.01086163520813,17.62665233158618,24.077050466974015,0.0,0.6881196354981511,6.450398135387836
40.02713370323181,17.802313356286266,24.090033138261546,0.0,0.6881196354981511,6.28771978197528
40.04672598838806,18.00180413619115,24.090033138261546,0.0,0.6881196354981511,6.0882290020703955
40.06769680976868,18.2241707797039,24.14084605750333,0.0,0.6724919346626848,5.916675277799431
40.086413860321045,18.472780537607054,24.14084605750333,0.0,0.6724919346626848,5.6680655198962775
40.10658836364746,18.751596949972665,24.177790209499946,0.0,0.6379876253660768,5.426193259527281
40.12685704231262,18.99367247770954,24.189884497551596,0.0,0.6379876253660768,5.196212019842054
40.146559715270996,19.270436726557957,24.225510318181655,0.0,0.6273416565265506,4.955073591623698
40.166866064071655,19.573266382020037,24.23716760558625,0.0,0.6273416565265506,4.663901223566214
40.186410427093506,19.89085221145684,24.282715212516194,0.017261773347854614,0.5694906139280647,4.391863001059356
40.20785403251648,20.21031744969023,24.29383333163102,0.017261773347854614,0.5694906139280647,4.083515881940791
40.22650218009949,20.52266861607139,24.326547837850377,0.016514223418198526,0.553606886928901,3.8038792217789883
40.24713325500488,20.821846505597147,24.337240498898517,0.016514223418198526,0.553606886928901,3.5153939933013696
40.26663780212402,21.103989693393387,24.368686694567863,0.0,0.5161309768911451,3.2646970011744756
40.287089586257935,21.369181405168476,24.378959309719896,0.0,0.5161309768911451,3.00977790455142
40.31082201004028,21.615609854135727,24.419011850762182,0.07,0.5117925578262656,2.803401996626455
40.32640624046326,21.84251111245672,24.42876728665371,0.07,0.5117925578262656,2.58625617419699
40.34671354293823,22.039512577995232,24.42876728665371,0.07,0.5117925578262656,2.389254708658477
40.36660981178284,22.220910909910472,24.4667691234661,0.0,0.5707760588731616,2.2458582135556284
40.38685345649719,22.386690876877385,24.4667691234661,0.0,0.5707760588731616,2.080078246588716
40.40717625617981,22.53725351986461,24.50315696849166,0.0,0.5543064647819846,1.9659034486270492
40.426493406295776,22.67327844503534,24.50315696849166,0.0,0.5543064647819846,1.829878523456319
40.44646739959717,22.79562083353575,24.529403317555307,0.0,0.601133714010939,1.7337824840195566
40.467830419540405,22.905235279250054,24.537955215602622,0.0,0.601133714010939,1.6327199363525686
40.486469984054565,23.003120267983896,24.563025807806895,0.002037180820479989,0.6349253529217094,1.5599055398229993
40.50768685340881,23.090278457025054,24.57118897893089,0.002037180820479989,0.6349253529217094,1.4809105219058374
40.529879093170166,23.16768897616482,24.602884097738453,0.0,0.6035057516302913,1.435195121573635
40.54723119735718,23.236288808594363,24.610570561709764,0.0,0.6035057516302913,1.374281753115401
40.571513652801514,23.295848934546587,24.6403798239037,0.0,0.6042767448117956,1.344530889357113
40.58716320991516,23.348672591202934,24.647600138544988,0.0,0.6042767448117956,1.2989275473420534
40.606666564941406,23.39542506629389,24.647600138544988,0.0,0.6042767448117956,1.2521750722510987
40.62731337547302,23.436728460999163,24.675566495441224,0.05190353840589523,0.595515271811746,1.238838034442061
40.64677619934082,23.47315848455517,24.675566495441224,0.05190353840589523,0.595515271811746,1.202408010886053
40.66716551780701,23.505243450506885,24.702090425956683,0.08714183047413826,0.6606126634171232,1.1968469754497981
40.68691658973694,23.531148480548264,24.702090425956683,0.08714183047413826,0.6606126634171232,1.1709419454084191
40.707741260528564,23.55439467184838,24.727201092715447,0.10787730664014816,0.6550266455626115,1.1728064208670652
40.72784924507141,23.57518143490369,24.727201092715447,0.10787730664014816,0.6550266455626115,1.1520196578117563
40.748523473739624,23.591395746227494,24.750928410260762,0.0803906712681055,0.660026089916937,1.159532664033268
40.767021894454956,23.60400679563218,24.750928410260762,0.0803906712681055,0.660026089916937,1.1469216146285817
40.78645706176758,23.61495603070071,24.767834497631426,0.053686533123254776,0.6534546540817245,1.1528784669307157
40.80710554122925,23.623289132408324,24.773303049925843,0.053686533123254776,0.6534546540817245,1.1500139175175192
40.82652306556702,23.62958550108416,24.789215214952385,0.04533118288964033,0.7,1.1596297138682239
40.84744119644165,23.631984906653567,24.79435644470493,0.04533118288964033,0.7,1.1623715380513637
40.86661744117737,23.631614321853558,24.80929876490294,0.061534189619123936,0.7,1.1776844430493831
40.88812041282654,23.629329522688625,24.814120794123795,0.061534189619123936,0.7,1.18479127143517
40.90651512145996,23.62577536333587,24.832629069110453,0.0393636105582118,0.6947659010067582,1.2068537057745843
40.92776703834534,23.621433200736558,24.837063813850868,0.0393636105582118,0.6947659010067582,1.2156306131143104
40.94651818275452,23.616658143741354,24.849915016865907,0.033856965601444244,0.7,1.233256873124553
40.96651244163513,23.61170825289248,24.854049544231984,0.033856965601444244,0.7,1.2423412913395033
40.98637342453003,23.60676737971866,24.866013165734955,0.002203065901994705,0.6858238007873296,1.2592457860162938
41.01082897186279,23.60247758748267,24.877328498472018,0.0,0.6924200396053493,1.2748509109893469
41.02711510658264,23.598238479090096,24.88095883007677,0.0,0.6924200396053493,1.2827203509866756
41.04657244682312,23.594146295954335,24.88095883007677,0.0,0.6924200396053493,1.2868125341224363
41.06721234321594,23.590264013277665,24.89478811513601,0.02477046102285385,0.7,1.3045241018583447
41.087838649749756,23.58894618858271,24.89478811513601,0.02477046102285385,0.7,1.305841926553299
41.106398820877075,23.589444317332344,24.904449623228196,0.06526673585176468,0.7,1.315005305895852
41.12743520736694,23.591190643666966,24.907537921912805,0.06526673585176468,0.7,1.3163472782458392
41.14648461341858,23.593757919365604,24.91641451901883,0.07126642903313041,0.7,1.3226565996532251
41.16769361495972,23.59682775014409,24.919245952034515,0.07126642903313041,0.7,1.3224182018904251
41.187368392944336,23.600165740779495,24.92736644271578,0.08103109197691083,0.7,1.3272007019362846
41.20788598060608,23.603602017613714,24.934939121775557,0.09123956644907594,0.7,1.3313371041618431
41.22636675834656,23.606585480893497,24.93734450876346,0.09123956644907594,0.7,1.3307590278699628
41.249523639678955,23.60960631839773,24.944212952941314,0.05057755345478654,0.7,1.334606634543583
41.26639485359192,23.612573501455177,24.944212952941314,0.05057755345478654,0.7,1.3316394514861365
41.28633952140808,23.615425217389944,24.95057319204217,0.019686513114720583,0.7,1.3351479746522266
41.307637453079224,23.61812157545108,24.95258333840313,0.019686513114720583,0.7,1.3344617629520492
41.327183961868286,23.620638962744092,24.958293093659023,0.04249422671273351,0.6955295701511204,1.337654130914931
41.347100257873535,23.62064934688611,24.96353566734477,0.0039656576700508595,0.6909867043606936,1.3428863204586605
41.36729860305786,23.618918142041156,24.965182480561765,0.0039656576700508595,0.6909867043606936,1.3462643385206086
41.38727641105652,23.616022889297266,24.969830220511426,0.0,0.7,1.3538073312141599
41.40773010253906,23.612395415747514,24.971284168646292,0.0,0.7,1.3588887528987783
41.42767667770386,23.608354957639268,24.975369735101168,0.0,0.7,1.3670147774619004
41.44656324386597,23.604846928751893,24.976641809748656,0.0,0.7,1.371794880996763
41.47049379348755,23.60340472222496,24.976641809748656,0.0,0.7,1.373237087523698
41.48797917366028,23.603435404670844,24.976641809748656,0.0,0.7,1.3732064050778128
41.507760763168335,23.604488318332795,24.984361620961337,0.0,0.7,1.3798733026285426
41.52764701843262,23.606223504359534,24.984361620961337,0.0,0.7,1.3781381166018036
41.5463593006134,23.60838685277196,24.98790509446627,0.024829076603055,0.7,1.37951824169431
41.56648564338684,23.61542327574694,24.98869961090007,0.024829076603055,0.7,1.373276335153129
41.58656573295593,23.63260804099502,24.990875743604768,0.0,0.7,1.3582677026097478
41.60667681694031,23.65870509155368,24.991534471698614,0.0,0.7,1.3328293801449327
41.6306471824646,23.692621004120127,24.993856254262468,0.0,0.6802947379648685,1.3012352501423408
41.646533727645874,23.73107389491033,24.994362227555825,0.0,0.6802947379648685,1.2632883326454944
41.667470932006836,23.764459676443312,24.994362227555825,0.0,0.6802947379648685,1.229902551112513
41.6867733001709,23.800651048018253,24.996111346649073,0.0,0.6984236136078834,1.1954602986308203
41.706855058670044,23.83783730776403,24.996111346649073,0.0,0.6984236136078834,1.1582740388850432
41.72637152671814,23.874734557433463,24.99715653375403,0.0,0.7,1.1224219763205667
41.74693703651428,23.91045864326627,24.997458343520762,0.0,0.7,1.0869997002544913
41.76645350456238,23.944426367976167,24.998235185172703,0.024606090039014816,0.7,1.0538088171965363
41.78641653060913,23.976278942854993,24.998453952356535,0.024606090039014816,0.7,1.0221750095015416
41.80645966529846,24.00582290483845,24.999149788335686,0.01051473617553711,0.6362815842032432,0.993326883497236
41.82657337188721,24.032984721516694,24.999283040753404,0.01051473617553711,0.6362815842032432,0.9662983192367101
41.846354722976685,24.05777609990369,24.999598352502026,0.0,0.578854863345623,0.9418222525983353
41.86691856384277,24.080267644111498,24.999678094530786,0.0,0.578854863345623,0.9194104504192886
41.886605978012085,24.09979537702911,24.999853036634967,0.0,0.5996768128126859,0.9000576596058565
41.90728044509888,24.11752348254549,24.999892755967323,0.0,0.5996768128126859,0.8823692734218334
41.92639088630676,24.13353437975933,24.99996812811922,0.0368155799806118,0.6583906587213277,0.8664337483598921
41.94776797294617,24.147930572205592,24.999981537111005,0.0368155799806118,0.6583906587213277,0.8520509649054127
41.96647095680237,24.160825812205758,24.999998814816763,0.054573582485318184,0.6558640839532017,0.8391730026110054
41.986764669418335,24.172338667337876,24.99999985170369,0.054573582485318184,0.6558640839532017,0.8276611843658159
42.00648641586304,24.18258792492702,25.0,0.0,0.6823076287284493,0.8174120750729799
42.02743935585022,24.191689394302912,25.0,0.0,0.6823076287284493,0.8083106056970877
42.04643654823303,24.19975376419544,25.0,0.0,0.6770138962194323,0.8002462358045612
42.066938400268555,24.206885249476326,25.0,0.0,0.6770138962194323,0.7931147505236744
42.086371660232544,24.213180821830306,25.0,0.02066185511648655,0.6070138962194322,0.7868191781696936
42.107237339019775,24.21864679848163,25.0,0.02066185511648655,0.6070138962194322,0.7813532015183711
42.12858486175537,24.223475566769434,25.0,0.0,0.5824320485070347,0.7765244332305663
42.147541999816895,24.227734480926106,25.0,0.0,0.5824320485070347,0.7722655190738941
42.168715715408325,24.231485342328092,25.0,0.02051100693643093,0.5907931934297084,0.7685146576719077
42.18735861778259,24.234784466678068,25.0,0.02051100693643093,0.5907931934297084,0.7652155333219319
42.20957660675049,24.237682875242744,25.0,0.001099366694688797,0.6306354711949824,0.7623171247572564
42.22650933265686,24.240226567217192,25.0,0.001099366694688797,0.6306354711949824,0.7597734327828078
42.25129222869873,24.242456841259912,25.0,0.05039774253964424,0.6558162133395671,0.7575431587400878
42.266459465026855,24.244410642706978,25.0,0.05039774253964424,0.6558162133395671,0.7555893572930223
42.28872036933899,24.2461209194715,25.0,0.05039774253964424,0.6558162133395671,0.753879080528499
42.30649971961975,24.247616974596102,25.0,0.0025644227862358093,0.6272624871879815,0.7523830254038977
42.326396226882935,24.248915887851386,25.0,0.0025644227862358093,0.6272624871879815,0.7510841121486145
42.34721493721008,24.250052556840217,25.0,0.03350226208567619,0.6216397207416593,0.7499474431597832
42.369940757751465,24.251046577347072,25.0,0.011628534644842148,0.6111991057358681,0.748953422652928
42.38671875,24.25191531970584,25.0,0.011628534644842148,0.6111991057358681,0.7480846802941592
42.41017198562622,24.252674150702706,25.0,0.011628534644842148,0.6111991057358681,0.7473258492972938
42.42771029472351,24.253336640508806,25.0,0.0,0.673038265313953,0.746663359491194
42.450661420822144,24.253914753761233,25.0,0.05924135446548462,0.6787931356765329,0.746085246238767
42.467384815216064,24.2544190245978,25.0,0.05924135446548462,0.6787931356765329,0.7455809754021985
42.486202239990234,24.25485871593346,25.0,0.05215001245960593,0.6914291229285299,0.7451412840665412
42.50753426551819,24.25524196359349,25.0,0.05215001245960593,0.6914291229285299,0.744758036406509
42.52638602256775,24.25557590612996,25.0,0.058851342648267746,0.7,0.744424093870041
42.54780840873718,24.255865843566077,25.0,0.058851342648267746,0.7,0.7441341564339226
42.56642413139343,24.25611853235717,25.0,0.04861459229141474,0.7,0.7438814676428294
42.58763408660889,24.256338689382325,25.0,0.04861459229141474,0.7,0.743661310617675
42.6064727306366,24.25653044826467,25.0,0.032608930952847004,0.6433504529297351,0.7434695517353305
42.62683463096619,24.256697428567936,25.0,0.032608930952847004,0.6433504529297351,0.7433025714320642
42.64633131027222,24.256842797407064,25.0,0.07582775224000216,0.7,0.7431572025929363
42.666582345962524,24.256969324165937,25.0,0.07582775224000216,0.7,0.7430306758340635
42.68752694129944,24.257079428985406,25.0,0.07582775224000216,0.7,0.7429205710145936
42.706993103027344,24.25485887756226,25.0,0.08843523357063532,0.7,0.7451411224377402
42.72881293296814,24.25107802033249,25.0,0.08843523357063532,0.7,0.7489219796675108
42.74631381034851,24.246313049323078,25.0,0.08788438676856458,0.7,0.7536869506769222
42.77076053619385,24.24217597983722,25.0,0.03374351351521909,0.7,0.7578240201627793
42.78638052940369,24.237398203099076,25.0,0.03374351351521909,0.7,0.762601796900924
42.806235790252686,24.232301321443682,25.0,0.0452161708381027,0.7,0.767698678556318
42.82707500457764,24.227117123533784,25.0,0.0452161708381027,0.7,0.7728828764662161
42.8462860584259,24.2196925583637,25.0,0.06289886473678052,0.6854621337726712,0.7803074416362996
42.867353439331055,24.2109075515762,25.0,0.06289886473678052,0.6854621337726712,0.7890924484238013
42.88695287704468,24.20140913659247,25.0,0.03269429667852819,0.7,0.7985908634075294
42.90631985664368,24.191665531958392,25.0,0.03269429667852819,0.7,0.8083344680416076
42.92631220817566,24.182008415057723,25.0,0.0032111143227666616,0.686710381694138,0.817991584942277
42.94841265678406,24.172665883133593,25.0,0.0032111143227666616,0.686710381694138,0.8273341168664068
42.96646547317505,24.163788077212452,25.0,0.0,0.7,0.8362119227875482
42.98713397979736,24.156080139450566,25.0,0.0,0.7,0.843919860549434
43.006300926208496,24.148774806149945,25.0,0.00995779037475586,0.7,0.8512251938500555
43.02678728103638,24.14194164531012,25.0,0.00995779037475586,0.7,0.8580583546898808
43.04798126220703,24.137932881530894,25.0,0.029911616817116737,0.7,0.8620671184691062
43.06779980659485,24.135991539205804,25.0,0.029911616817116737,0.7,0.8640084607941958
43.09157872200012,24.135537351223643,25.0,0.029911616817116737,0.7,0.8644626487763567
43.10664772987366,24.138444429697163,25.0,0.042712343856692314,0.7,0.861555570302837
43.12666344642639,24.143609562309592,25.0,0.042712343856692314,0.7,0.8563904376904077
43.147753953933716,24.150206968604184,25.0,0.0034788642078638077,0.7,0.8497930313958157
43.166473627090454,24.15762533021964,25.0,0.0034788642078638077,0.7,0.8423746697803587
43.1864378452301,24.165418401198515,25.0,0.0,0.7,0.8345815988014849
43.20647144317627,24.172184544388923,25.0,0.0,0.7,0.8278154556110771
43.22643685340881,24.179140890674326,25.0,0.01708756573498249,0.7,0.8208591093256743
43.24686002731323,24.18604601453899,25.0,0.01708756573498249,0.7,0.8139539854610085
43.26633596420288,24.192733576507056,25.0,0.004951080307364464,0.7,0.8072664234929441
43.286399126052856,24.19909377425536,25.0,0.004951080307364464,0.7,0.8009062257446402
43.30623936653137,24.205058968888846,25.0,0.05171447433531284,0.7,0.7949410311111542
43.32629632949829,24.21059259002017,25.0,0.05171447433531284,0.7,0.7894074099798303
43.346330404281616,24.215680610647944,25.0,0.0,0.681955163180828,0.7843193893520564
43.36633110046387,24.220325031645515,25.0,0.0,0.681955163180828,0.7796749683544846
43.38640379905701,24.22453893380147,25.0,0.0,0.6658762402832508,0.7754610661985311
43.40635108947754,24.22834274905383,25.0,0.0,0.6658762402832508,0.7716572509461699
43.42633414268494,24.231645318571942,25.0,0.014894000254571438,0.6839541465044021,0.7683546814280575
43.44763708114624,24.234628851997797,25.0,0.014894000254571438,0.6839541465044021,0.7653711480022025
43.4663200378418,24.23731215849265,25.0,0.0,0.6902162496000528,0.7626878415073506
43.48760104179382,24.23971621498059,25.0,0.0,0.6902162496000528,0.7602837850194106
43.506491899490356,24.241862951226725,25.0,0.0,0.6923454874660819,0.7581370487732748
43.5276300907135,24.243774380864267,25.0,0.0,0.6923454874660819,0.7562256191357335
43.546438694000244,24.245471995612586,25.0,0.0,0.6923454874660819,0.7545280043874136
43.567723989486694,24.246976358267954,25.0,0.0101914182305336,0.7,0.753023641732046
43.58648943901062,24.250623192568675,25.0,0.0101914182305336,0.7,0.7493768074313252
43.60644340515137,24.255662033804764,25.0,0.0025459034368395805,0.7,0.7443379661952356
43.62702512741089,24.261534937684146,25.0,0.0025459034368395805,0.7,0.7384650623158535
43.647571086883545,24.266633942774583,25.0,0.0,0.6956849771551787,0.7333660572254175
43.66893935203552,24.272259471794264,25.0,0.0,0.6956849771551787,0.7277405282057359
43.69166278839111,24.280418801892996,25.0,0.0,0.6354745964519679,0.7195811981070044
43.70763111114502,24.290123022344112,25.0,0.0,0.6354745964519679,0.7098769776558882
43.731589794158936,24.300644539693735,25.0,0.0,0.6354745964519679,0.6993554603062648
43.746623039245605,24.311456441998534,25.0,0.0,0.6159177257679402,0.6885435580014665
43.76756763458252,24.322185093472342,25.0,0.0,0.6159177257679402,0.677814906527658
43.78649711608887,24.332573168078827,25.0,0.033980850130319595,0.655216200556606,0.6674268319211727
43.808573722839355,24.342450908057476,25.0,0.033980850130319595,0.655216200556606,0.6575490919425242
43.82658553123474,24.35171385280574,25.0,0.0,0.6712821799330413,0.6482861471942591
43.84642744064331,24.360305648896897,25.0,0.0,0.6712821799330413,0.6396943511031026
43.86644101142883,24.367765265622207,25.0,0.0,0.6333567316643893,0.6322347343777928
43.88709902763367,24.374681472089385,25.0,0.0,0.6333567316643893,0.6253185279106148
43.90649700164795,24.38103796054188,25.0,0.002552034566178918,0.61116628004238,0.6189620394581183
43.92726421356201,24.386838155240046,25.0,0.002552034566178918,0.61116628004238,0.6131618447599543
43.9465765953064,24.392099095670872,25.0,0.0,0.613154971320182,0.6079009043291279
43.96794581413269,24.396846829117408,25.0,0.0,0.613154971320182,0.6031531708825923
43.98628759384155,24.401112973028123,25.0,0.0,0.6173295819200575,0.5988870269718767
44.00663638114929,24.404932180504865,25.0,0.0,0.6173295819200575,0.5950678194951351
44.02977800369263,24.40834029987608,25.0,0.02256590686738491,0.6071425632573664,0.5916597001239197
44.047120332717896,24.41137306487231,25.0,0.02256590686738491,0.6071425632573664,0.5886269351276887
44.071369886398315,24.414006188872207,25.0,0.044628364965319633,0.6771425632573664,0.5859938111277927
44.08707547187805,24.416351333351546,25.0,0.044628364965319633,0.6771425632573664,0.5836486666484539
44.11146903038025,24.418434646859513,25.0,0.044628364965319633,0.6771425632573664,0.581565353140487
44.126492738723755,24.42028119219395,25.0,0.023734983056783676,0.7,0.5797188078060493
44.146977186203,24.42191461748369,25.0,0.023734983056783676,0.7,0.5780853825163099
44.16752648353577,24.42335696501224,25.0,0.0,0.6850804088637232,0.5766430349877609
44.18649864196777,24.424628580752348,25.0,0.0,0.6850804088637232,0.5753714192476522
44.20671463012695,24.42574809623655,25.0,0.0,0.7,0.5742519037634501
44.227675437927246,24.42673246114872,25.0,0.0,0.7,0.5732675388512796
44.24634337425232,24.42759701028646,25.0,0.0,0.7,0.5724029897135416
44.26691174507141,24.428355552631995,25.0,0.0,0.7,0.5716444473680049
44.28649377822876,24.429020473431834,25.0,0.020858580246567726,0.6542570933699607,0.5709795265681663
44.30733585357666,24.429597774646485,25.0,0.020858580246567726,0.6542570933699607,0.570402225353515
44.32654166221619,24.430104070275394,25.0,0.03358994051814079,0.6667605916038155,0.5698959297246056
44.34813594818115,24.43054770344687,25.0,0.03358994051814079,0.6667605916038155,0.5694522965531306
44.366490602493286,24.430936120596936,25.0,0.0691351369023323,0.6914462612941861,0.569063879403064
44.386616230010986,24.4289596010025,25.0,0.0691351369023323,0.6914462612941861,0.5710403989974999
44.406455278396606,24.42770888168712,25.0,0.12290385365486145,0.6373273523524403,0.5722911183128794
44.42647647857666,24.426995251612695,25.0,0.12290385365486145,0.6373273523524403,0.5730047483873051
44.447972774505615,24.426673480856284,25.0,0.1037678960710764,0.6439923274330794,0.5733265191437162
44.466354846954346,24.42431602006145,25.0,0.1037678960710764,0.6439923274330794,0.5756839799385496
44.48670673370361,24.42060673944341,25.0,0.1037678960710764,0.6439923274330794,0.5793932605565892
44.5067937374115,24.41605626893469,25.0,0.137302840128541,0.6711000001989305,0.5839437310653111
44.52787375450134,24.41210543425999,25.0,0.137302840128541,0.6711000001989305,0.5878945657400116
44.54638457298279,24.40529488794269,25.0,0.08632891438901424,0.6482344719581306,0.5947051120573086
44.567840814590454,24.396677533122013,25.0,0.08632891438901424,0.6482344719581306,0.6033224668779873
44.58804702758789,24.387032313953984,25.0,0.02148880623281002,0.6448163609486073,0.6129676860460158
44.60778546333313,24.374611010973048,25.0,0.02148880623281002,0.6448163609486073,0.625388989026952
44.626702308654785,24.355956160469667,25.0,0.02148880623281002,0.6448163609486073,0.6440438395303332
44.64646100997925,24.32651421222969,25.0,0.0,0.6170937470626086,0.6734857877703107
44.66645431518555,24.290355696477505,25.0,0.0,0.6170937470626086,0.7096443035224951
44.686572313308716,24.25048493824944,25.0,0.006673662457615137,0.6812598309945315,0.7495150617505608
44.70664072036743,24.209086518662016,25.0,0.006673662457615137,0.6812598309945315,0.7909134813379843
44.73194599151611,24.170034414432507,25.0,0.0,0.6438608556520193,0.8299655855674928
44.748077154159546,24.13612838049288,25.0,0.0,0.6438608556520193,0.863871619507119
44.766695499420166,24.10651949273501,25.0,0.0,0.6438608556520193,0.8934805072649894
44.78806924819946,24.082992005773516,25.0,0.0,0.6886823825072497,0.9170079942264842
44.80742621421814,24.06430860518083,25.0,0.0,0.6886823825072497,0.9356913948191696
44.826467752456665,24.05179855927859,25.0,0.0,0.6555239274632185,0.9482014407214088
44.84785795211792,24.04390610563139,25.0,0.0,0.6555239274632185,0.9560938943686104
44.86637616157532,24.039428945952384,25.0,0.0,0.6153506353031843,0.960571054047616
44.887146949768066,24.03975832576104,25.0,0.0,0.6153506353031843,0.9602416742389615
44.91026496887207,24.045733901123963,25.0,0.0,0.6150300524197518,0.9542660988760368
44.92705941200256,24.057790075824762,25.0,0.0,0.6150300524197518,0.9422099241752377
44.946868658065796,24.071435628510212,25.0,0.0,0.6150300524197518,0.928564371489788
44.96647882461548,24.083283045739226,25.0,0.0,0.5854450802318751,0.9167169542607745
44.98710823059082,24.098428083141705,25.0,0.0,0.5854450802318751,0.9015719168582947
45.00646448135376,24.115464437113967,25.0,0.0,0.5864928798284381,0.8845355628860325
45.02643609046936,24.133365471254063,25.0,0.0,0.5864928798284381,0.8666345287459372
45.04662322998047,24.15139531545969,25.0,0.0,0.6035492201801389,0.8486046845403088
45.066397190093994,24.169039453986866,25.0,0.0,0.6035492201801389,0.8309605460131344
45.08654069900513,24.185950679503662,25.0,0.0,0.5961157465819269,0.8140493204963377
45.10655450820923,24.201907144438444,25.0,0.0,0.5961157465819269,0.7980928555615563
45.126784563064575,24.21677992042432,25.0,0.0,0.5899032084736973,0.7832200795756812
45.146350622177124,24.230508016848542,25.0,0.0,0.5899032084736973,0.7694919831514575
45.169840574264526,24.243079238733625,25.0,0.0,0.5859304131474345,0.7569207612663753
45.187581062316895,24.253993894532787,25.0,0.0,0.5859304131474345,0.7460061054672131
45.21157956123352,24.263991987821722,25.0,0.0,0.5859304131474345,0.7360080121782779
45.22678065299988,24.273089956046373,25.0,0.0,0.6266173706855624,0.7269100439536267
45.247153997421265,24.281322939035388,25.0,0.0,0.6266173706855624,0.7186770609646125
45.2663471698761,24.288738140819852,25.0,0.0,0.6404326386284083,0.7112618591801478
45.287742614746094,24.295389900932513,25.0,0.0,0.6404326386284083,0.7046100990674873
45.306493520736694,24.30133608297326,25.0,0.02353597804903984,0.6627264130394905,0.6986639170267388
45.3274667263031,24.30663547330102,25.0,0.02353597804903984,0.6627264130394905,0.6933645266989785
45.3464412689209,24.31134594989684,25.0,0.049803752452135086,0.6780683282297104,0.6886540501031604
45.366567611694336,24.315523234432227,25.0,0.049803752452135086,0.6780683282297104,0.6844767655677728
45.394644021987915,24.31915005951699,25.0,0.049803752452135086,0.6780683282297104,0.6808499404830108
45.414963245391846,24.322368984445397,25.0,0.022350365296006203,0.6737855370622128,0.6776310155546028
45.42729139328003,24.325219755485357,25.0,0.022350365296006203,0.6737855370622128,0.6747802445146434
45.44663214683533,24.32773968227314,25.0,0.022350365296006203,0.6737855370622128,0.6722603177268596
45.46661853790283,24.329963398716878,25.0,0.01844246918335557,0.667494209529832,0.6700366012831225
45.4876663684845,24.331922767443345,25.0,0.01844246918335557,0.667494209529832,0.6680772325566551
45.5115921497345,24.331330538381238,25.0,0.01844246918335557,0.667494209529832,0.6686694616187623
45.52638602256775,24.3289816275768,25.0,0.041903594974428415,0.7,0.6710183724232017
45.54669213294983,24.32547446531594,25.0,0.041903594974428415,0.7,0.6745255346840615
45.566333532333374,24.32125523515502,25.0,0.007127667311578989,0.7,0.6787447648449785
45.586649656295776,24.31665261393211,25.0,0.007127667311578989,0.7,0.68334738606789
45.6118700504303,24.312656500675878,25.0,0.03276354121044278,0.7,0.6873434993241219
45.626694202423096,24.308435470821088,25.0,0.03276354121044278,0.7,0.6915645291789119
45.64858031272888,24.304169463093057,25.0,0.03276354121044278,0.7,0.6958305369069429
45.666688203811646,24.299984644795156,25.0,0.06801724107936025,0.6535615146160125,0.7000153552048438
45.68662190437317,24.29596650952778,25.0,0.06801724107936025,0.6535615146160125,0.7040334904722201
45.709394693374634,24.29217004655865,25.0,0.104051121044904,0.6928078241646289,0.707829953441351
45.72774076461792,24.288627608206845,25.0,0.104051121044904,0.6928078241646289,0.7113723917931551
45.74729251861572,24.2853549709681,25.0,0.104051121044904,0.6928078241646289,0.7146450290318995
45.766836166381836,24.28235598230786,25.0,0.03778927819803357,0.7,0.717644017692141
45.787623167037964,24.279626102621087,25.0,0.03778927819803357,0.7,0.7203738973789129
45.80659532546997,24.277155086448584,25.0,0.02341691730543971,0.7,0.7228449135514161
45.826581716537476,24.274928995174534,25.0,0.02341691730543971,0.7,0.725071004825466
45.846800088882446,24.27299624589559,25.0,0.02341691730543971,0.7,0.727003754104409
45.86645984649658,24.268937281985988,25.0,0.022800995910074562,0.6744451325386762,0.7310627180140123
45.88714337348938,24.263508464577246,25.0,0.022800995910074562,0.6744451325386762,0.7364915354227541
45.91189789772034,24.25727124964896,25.0,0.022800995910074562,0.6744451325386762,0.7427287503510414
45.927125215530396,24.250636918764783,25.0,0.01683755306294188,0.6396667722612619,0.7493630812352166
45.94706726074219,24.243901605996808,25.0,0.01683755306294188,0.6396667722612619,0.7560983940031925
45.96661853790283,24.23727366164149,25.0,0.045995340624358505,0.6925963822752237,0.7627263383585117
45.98716640472412,24.230894972053182,25.0,0.045995340624358505,0.6925963822752237,0.7691050279468179
46.006537199020386,24.22485751963328,25.0,0.06253740092506632,0.7,0.7751424803667213
46.02675175666809,24.22153254837207,25.0,0.06253740092506632,0.7,0.7784674516279289
46.049760818481445,24.220179242691135,25.0,0.0671527543454431,0.7,0.7798207573088654
46.066482067108154,24.21900426814741,25.0,0.0671527543454431,0.7,0.7809957318525917
46.08811569213867,24.219210940656886,25.0,0.0671527543454431,0.7,0.7807890593431139
46.109033823013306,24.22037183133172,25.0,0.029163592436816543,0.6778710473328828,0.7796281686682818
46.127875328063965,24.222164908114948,25.0,0.029163592436816543,0.6778710473328828,0.7778350918850521
46.14649438858032,24.22434983264589,25.0,0.026323588739614934,0.7,0.7756501673541116
46.166693925857544,24.226749343498078,25.0,0.026323588739614934,0.7,0.7732506565019222
46.19154739379883,24.229234662954894,25.0,0.026323588739614934,0.7,0.7707653370451055
46.2065315246582,24.231714083058538,25.0,0.026866113592404872,0.7,0.768285916941462
46.226507902145386,24.23412406073354,25.0,0.026866113592404872,0.7,0.7658759392664614
46.24655342102051,24.236422290351356,25.0,0.0037569476407952607,0.7,0.7635777096486436
46.26779627799988,24.238417671982134,25.0,0.0037569476407952607,0.7,0.761582328017866
46.28865432739258,24.240314773635074,25.0,0.0037569476407952607,0.7,0.7596852263649261
46.30809140205383,24.242093614026732,25.0,0.0,0.7,0.7579063859732678
46.32787537574768,24.243743431311735,25.0,0.0,0.7,0.756256568688265
46.34653377532959,24.245260150913225,25.0,0.004483873024582863,0.7,0.7547398490867749
46.36769247055054,24.246644450485174,25.0,0.004483873024582863,0.7,0.7533555495148256
46.389533281326294,24.247900290628586,25.0,0.0,0.684243206679821,0.7520997093714143
46.40893483161926,24.249033807833978,25.0,0.0,0.684243206679821,0.7509661921660218
46.43017387390137,24.252368836279732,25.0,0.0,0.684243206679821,0.7476311637202677
46.44813513755798,24.25714509701803,25.0,0.0,0.684243206679821,0.7428549029819713
46.4718132019043,24.260480183566084,25.0,0.0,0.684243206679821,0.7395198164339156
46.486692905426025,24.263375790855907,25.0,0.0,0.6959527654573321,0.7366242091440931
46.50660586357117,24.26755675114253,25.0,0.0,0.6959527654573321,0.7324432488574715
46.53184413909912,24.272520303695742,25.0,0.0,0.6959527654573321,0.7274796963042576
46.55176377296448,24.27789661561786,25.0,0.0,0.6837736869230866,0.722103384382141
46.567846059799194,24.283417929988335,25.0,0.0,0.6837736869230866,0.7165820700116647
46.59167671203613,24.28657809848321,25.0,0.0,0.6837736869230866,0.7134219015167886
46.60647940635681,24.290331323451618,25.0,0.0501355305314064,0.6809174232650548,0.7096686765483824
46.6278235912323,24.292081209907995,25.0,0.0501355305314064,0.6809174232650548,0.7079187900920054
46.65165305137634,24.294709846661842,25.0,0.0501355305314064,0.6809174232650548,0.7052901533381579
46.667497396469116,24.295563220644212,25.0,0.05466647585853934,0.6782102196477353,0.7044367793557882
46.68826150894165,24.295161041275698,25.0,0.05466647585853934,0.6782102196477353,0.7048389587243022
46.7102837562561,24.29389737852168,25.0,0.020123967435210943,0.7,0.706102621478319
46.72775983810425,24.292800234255804,25.0,0.020123967435210943,0.7,0.7071997657441962
46.746761083602905,24.293432429390386,25.0,0.020123967435210943,0.7,0.7065675706096144
46.76651191711426,24.292932780300895,25.0,0.018406533054076135,0.7,0.7070672196991055
46.788031578063965,24.291660142567913,25.0,0.018406533054076135,0.7,0.7083398574320867
46.81175518035889,24.289884142286688,25.0,0.018406533054076135,0.7,0.710115857713312
46.828031063079834,24.287805322531515,25.0,0.054864839068613946,0.699586598802125,0.7121946774684851
46.84742832183838,24.285570957371224,25.0,0.054864839068613946,0.699586598802125,0.714429042628776
46.866535663604736,24.283287439873757,25.0,0.07181946223136038,0.7,0.7167125601262434
46.88674521446228,24.281029963986093,25.0,0.07181946223136038,0.7,0.7189700360139071
46.91033458709717,24.278850071628003,25.0,0.06769274629186839,0.7,0.7211499283719967
46.92743682861328,24.27678151810236,25.0,0.06769274629186839,0.7,0.7232184818976393
46.94786262512207,24.27498554711872,25.0,0.06769274629186839,0.7,0.725014452881279
46.96650743484497,24.273285506997365,25.0,0.07742338150274009,0.7,0.7267144930026355
46.98913621902466,24.27169690295188,25.0,0.07742338150274009,0.7,0.7283030970481192
47.0079391002655,24.27022756771418,25.0,0.07742338150274009,0.7,0.7297724322858201
47.02644634246826,24.26887979842975,25.0,0.07193857000675052,0.6986834815936163,0.7311202015702492
47.04729890823364,24.267651986793112,25.0,0.07193857000675052,0.6986834815936163,0.732348013206888
47.067309856414795,24.266539854235695,25.0,0.07783738046418875,0.7,0.7334601457643046
47.08777213096619,24.26553738023767,25.0,0.07783738046418875,0.7,0.7344626197623292
47.11147451400757,24.264637493024154,25.0,0.07783738046418875,0.7,0.7353625069758465
47.12663674354553,24.263832577014917,25.0,0.0769049507798627,0.7,0.7361674229850834
47.14772009849548,24.263133728385213,25.0,0.0769049507798627,0.7,0.7368662716147867
47.16638469696045,24.262508081398252,25.0,0.07451388996560127,0.7,0.7374919186017479
47.18772077560425,24.261949767699285,25.0,0.07451388996560127,0.7,0.738050232300715
47.207190990448,24.261452936682332,25.0,0.07547800213797018,0.6637852273881435,0.7385470633176681
47.227152585983276,24.261011904261444,25.0,0.07547800213797018,0.6637852273881435,0.7389880957385557
47.25193905830383,24.26062125181572,25.0,0.08482507307780907,0.6719025967642664,0.7393787481842793
47.26646900177002,24.26027588791826,25.0,0.08482507307780907,0.6719025967642664,0.7397241120817384
47.287842988967896,24.259971082588724,25.0,0.08482507307780907,0.6719025967642664,0.7400289174112764
47.30664014816284,24.25970248155861,25.0,0.08459018939174712,0.6928409336134791,0.7402975184413911
47.327723264694214,24.25946610627778,25.0,0.08459018939174712,0.6928409336134791,0.740533893722219
47.346532583236694,24.259258344017006,25.0,0.11263314285315573,0.6980005365796387,0.740741655982994
47.36748743057251,24.25907795951778,25.0,0.11263314285315573,0.6980005365796387,0.7409220404822214
47.389124631881714,24.2589193169245,25.0,0.07763297879137099,0.6462372553534805,0.7410806830754986
47.40754055976868,24.25877995684219,25.0,0.07763297879137099,0.6462372553534805,0.74122004315781
47.42733407020569,24.258657662834704,25.0,0.07763297879137099,0.6462372553534805,0.7413423371652961
47.447097301483154,24.25623409755014,25.0,0.10997268208302557,0.6230784443207085,0.7437659024498586
47.46657633781433,24.25227598708956,25.0,0.10997268208302557,0.6230784443207085,0.7477240129104388
47.48649787902832,24.247356327169157,25.0,0.03997268208302557,0.6071049564518034,0.7526436728308425
47.507200479507446,24.24189845093085,25.0,0.03997268208302557,0.6071049564518034,0.7581015490691492
47.52654767036438,24.236210581922126,25.0,0.023063526088371866,0.6395497539080679,0.7637894180778737
47.54656004905701,24.228196519536457,25.0,0.023063526088371866,0.6395497539080679,0.771803480463543
47.56946635246277,24.221094286613372,25.0,0.028930299049243324,0.6333829446695745,0.778905713386628
47.58636808395386,24.214927946660932,25.0,0.028930299049243324,0.6333829446695745,0.7850720533390678
47.607154846191406,24.20945879739919,25.0,0.028930299049243324,0.6333829446695745,0.7905412026008101
47.626453161239624,24.204618041991413,25.0,0.029408141424646594,0.6689146443270146,0.795381958008587
47.64805197715759,24.200341334248254,25.0,0.029408141424646594,0.6689146443270146,0.7996586657517462
47.66645908355713,24.196569115149888,25.0,0.008365686436882236,0.7,0.8034308848501119
47.686341524124146,24.193246720422383,25.0,0.008365686436882236,0.7,0.8067532795776167
47.70633673667908,24.19032432625762,25.0,0.00542231943807564,0.6989321650937199,0.8096756737423796
47.72638750076294,24.187756784041444,25.0,0.00542231943807564,0.6989321650937199,0.8122432159585564
47.75157356262207,24.185503382344837,25.0,0.00542231943807564,0.6989321650937199,0.8144966176551627
47.7668137550354,24.185843912750283,25.0,0.002423653997248032,0.7,0.8141560872497173
47.78712010383606,24.18797716297486,25.0,0.002423653997248032,0.7,0.8120228370251397
47.8064079284668,24.189829305284302,25.0,0.0,0.6951260834932327,0.8101706947156977
47.82739591598511,24.192907456950728,25.0,0.0,0.6951260834932327,0.8070925430492721
47.846519231796265,24.196756046357205,25.0,0.012656725943088531,0.7,0.8032439536427951
47.866464614868164,24.201038337571656,25.0,0.012656725943088531,0.7,0.7989616624283435
47.89157462120056,24.205509010242206,25.0,0.012656725943088531,0.7,0.7944909897577936
47.90712547302246,24.209992704881337,25.0,0.021792694926261902,0.7,0.790007295118663
47.926673412323,24.216683625113234,25.0,0.021792694926261902,0.7,0.7833163748867662
47.9466290473938,24.224731302543507,25.0,0.009988675825297832,0.7,0.7752686974564931
47.96629619598389,24.233509261281544,25.0,0.009988675825297832,0.7,0.7664907387184563
47.98653531074524,24.242563116950723,25.0,0.028183509595692158,0.7,0.7574368830492766
48.00693941116333,24.251569991823327,25.0,0.028183509595692158,0.7,0.7484300081766726
48.02854633331299,24.260306859523922,25.0,0.03684668056666851,0.6848990105092525,0.7396931404760778
48.0464289188385,24.267892431124405,25.0,0.03684668056666851,0.6848990105092525,0.7321075688755947
48.071460485458374,24.2752119132406,25.0,0.03684668056666851,0.6848990105092525,0.7247880867593999
48.08679151535034,24.279837322552027,25.0,0.0,0.7,0.7201626774479735
48.1076455116272,24.284785927542988,25.0,0.0,0.7,0.7152140724570124
48.12642192840576,24.289828597967603,25.0,0.0,0.7,0.7101714020323975
48.14798712730408,24.294803705357808,25.0,0.0,0.7,0.7051962946421924
48.166627168655396,24.299600766360154,25.0,0.0,0.67802853025496,0.7003992336398461
48.18788146972656,24.304147733793698,25.0,0.0,0.67802853025496,0.6958522662063018
48.206531047821045,24.308401156286305,25.0,0.0,0.622549607232213,0.6915988437136953
48.226481199264526,24.312338589711192,25.0,0.0,0.622549607232213,0.6876614102888077
48.24664306640625,24.315952772675548,25.0,0.007799191866070032,0.636498811468482,0.6840472273244522
48.26717948913574,24.319090698599677,25.0,0.007799191866070032,0.636498811468482,0.6809093014003231
48.28637981414795,24.32197160819199,25.0,0.04128748783841729,0.6693383555859327,0.6780283918080094
48.306435346603394,24.324598073205102,25.0,0.04128748783841729,0.6693383555859327,0.6754019267948976
48.32666778564453,24.326978585787877,25.0,0.026138367597013712,0.7,0.6730214142121227
48.34708642959595,24.329125526470865,25.0,0.026138367597013712,0.7,0.6708744735291354
48.36761832237244,24.331053650290826,25.0,0.007773099932819605,0.7,0.6689463497091737
48.386460304260254,24.332778972702656,25.0,0.007773099932819605,0.7,0.6672210272973444
48.40838670730591,24.334317962537376,25.0,0.008880035486072302,0.6299999999999999,0.6656820374626236
48.42724561691284,24.335686969497914,25.0,0.008880035486072302,0.6299999999999999,0.6643130305020861
48.44911336898804,24.334585481564314,25.0,0.0012906151823699474,0.6574927355349063,0.6654145184356857
48.46777653694153,24.334113413918875,25.0,0.0012906151823699474,0.6574927355349063,0.6658865860811254
48.48924660682678,24.333703552736647,25.0,0.0,0.6448813109844922,0.6662964472633526
48.50766468048096,24.333735118634653,25.0,0.0,0.6448813109844922,0.6662648813653469
48.53052830696106,24.331756111141598,25.0,0.0,0.6973458855599164,0.6682438888584024
48.54710531234741,24.330749103344523,25.0,0.0,0.6973458855599164,0.6692508966554769
48.56653642654419,24.330443767092863,25.0,0.04899046570062637,0.7,0.6695562329071372
48.587317943573,24.330633845265876,25.0,0.04899046570062637,0.7,0.6693661547341243
48.60686707496643,24.331163019110463,25.0,0.07242143526673317,0.6627970643341541,0.6688369808895374
48.62827396392822,24.331913775850257,25.0,0.04036211967468262,0.6038793519139289,0.668086224149743
48.64679002761841,24.332798653617463,25.0,0.04036211967468262,0.6038793519139289,0.6672013463825373
48.66766929626465,24.33375336836534,25.0,0.015274763107299805,0.6145817626267671,0.6662466316346602
48.68770146369934,24.33458227608447,25.0,0.015274763107299805,0.6145817626267671,0.6654177239155317
48.70647740364075,24.33313475986779,25.0,0.02429157681763172,0.5961039409041404,0.6668652401322106
48.72714591026306,24.33246058136662,25.0,0.02429157681763172,0.5961039409041404,0.6675394186333783
48.74739193916321,24.332341316007312,25.0,0.0,0.6576805904507637,0.6676586839926877
48.76811599731445,24.330294277595616,25.0,0.0,0.6632452363148331,0.6697057224043839
48.786585330963135,24.329278543321955,25.0,0.0,0.6632452363148331,0.6707214566780451
48.8078773021698,24.329005902283637,25.0,0.0,0.6638487385818734,0.6709940977163633
48.827688455581665,24.329256584686114,25.0,0.0,0.6638487385818734,0.6707434153138863
48.84653568267822,24.329864150598407,25.0,0.021129176020622253,0.6860523889074102,0.6701358494015928
48.86699080467224,24.330703588475554,25.0,0.021129176020622253,0.6860523889074102,0.6692964115244457
48.886516094207764,24.33168195678451,25.0,0.017332109389826655,0.6758831855142489,0.6683180432154892
48.90647625923157,24.332531401129273,25.0,0.017332109389826655,0.6758831855142489,0.6674685988707267
48.92637085914612,24.333468547926465,25.0,0.03876844304613769,0.7,0.666531452073535
48.946943521499634,24.334441912726057,25.0,0.03876844304613769,0.7,0.6655580872739435
48.9669771194458,24.335414780915272,25.0,0.028751541627570987,0.6817693103104829,0.6645852190847279
48.99064302444458,24.33636166433087,25.0,0.0,0.7,0.6636383356691304
49.00767946243286,24.337265544219544,25.0,0.0,0.7,0.6627344557804555
49.03134107589722,24.338115733041786,25.0,0.0,0.6873180910944938,0.6618842669582143
49.04660701751709,24.3389062224642,25.0,0.0,0.6873180910944938,0.6610937775358003
49.07163691520691,24.339634412587365,25.0,0.0,0.6506040140986442,0.6603655874126346
49.08710265159607,24.34030013946345,25.0,0.0,0.6506040140986442,0.6596998605365485
49.11143779754639,24.340904935429748,25.0,0.0,0.6506040140986442,0.659095064570252
49.127344608306885,24.34143003472886,25.0,0.016629351302981377,0.7,0.6585699652711412
49.15167737007141,24.3419073752633,25.0,0.016629351302981377,0.7,0.6580926247366996
49.16642689704895,24.34233896323561,25.0,0.0,0.6770452212542295,0.6576610367643916
49.18724322319031,24.34272739791871,25.0,0.0,0.6770452212542295,0.6572726020812887
49.20757985115051,24.340759273932893,25.0,0.0,0.680723142856732,0.6592407260671074
49.226330041885376,24.33952254820806,25.0,0.0,0.680723142856732,0.660477451791941
49.24657607078552,24.338826431173246,25.0,0.007220974192023277,0.6929063704330474,0.6611735688267544
49.26681971549988,24.33852415644258,25.0,0.007220974192023277,0.6929063704330474,0.6614758435574188
49.286481857299805,24.33850340328532,25.0,0.0,0.6955704337917268,0.6614965967146809
49.30766177177429,24.338678736449403,25.0,0.0,0.6955704337917268,0.6613212635505974
49.326438426971436,24.33898564644699,25.0,0.0,0.6543646364472806,0.6610143535530106
49.346538066864014,24.339252113542678,25.0,0.0,0.6234057324938476,0.6607478864573224
49.36665749549866,24.339607212092826,25.0,0.0,0.6234057324938476,0.660392787907174
49.387041091918945,24.340014513731717,25.0,0.0,0.6234057324938476,0.6599854862682832
49.40658903121948,24.340447340222752,25.0,0.015022513456642628,0.6120147940702736,0.6595526597772476
49.42669677734375,24.340886488680255,25.0,0.015022513456642628,0.6120147940702736,0.6591135113197453
49.44694685935974,24.341318454540964,25.0,0.0,0.5561688517220318,0.6586815454590358
49.467116594314575,24.34173404709618,25.0,0.0,0.5561688517220318,0.6582659529038217
49.48714756965637,24.342127314176267,25.0,0.015254457481205463,0.5889102530665695,0.6578726858237331
49.507131576538086,24.342494709906237,25.0,0.015254457481205463,0.5889102530665695,0.6575052900937628
49.52740788459778,24.342834453227418,25.0,0.0,0.6188062106259167,0.6571655467725819
49.54747748374939,24.343146035827615,25.0,0.0,0.6188062106259167,0.6568539641723845
49.56637167930603,24.343429846815944,25.0,0.02915497124195099,0.6343027132563293,0.656570153184056
49.587011098861694,24.34367625876205,25.0,0.02915497124195099,0.6343027132563293,0.6563237412379515
49.607489347457886,24.343900829520653,25.0,0.003396958112716675,0.6499705503694713,0.6560991704793473
49.62735152244568,24.344104311279477,25.0,0.003396958112716675,0.6499705503694713,0.6558956887205234
49.64719367027283,24.34428778229174,25.0,0.0,0.5963152128271758,0.6557122177082597
49.666369676589966,24.344452518872114,25.0,0.0,0.6117958503775298,0.6555474811278863
49.686604738235474,24.344599901267753,25.0,0.0,0.6117958503775298,0.6554000987322475
49.7077362537384,24.344731345539,25.0,0.01575823873281479,0.6394480190239846,0.6552686544610005
49.727303981781006,24.344848255301233,25.0,0.01575823873281479,0.6394480190239846,0.6551517446987667
49.746387004852295,24.34495198853366,25.0,0.0,0.6251062595285475,0.6550480114663415
49.76651382446289,24.345043835728088,25.0,0.0,0.6251062595285475,0.654956164271912
49.78648853302002,24.345123579807257,25.0,0.0,0.6085111212916672,0.6548764201927426
49.80650019645691,24.345194242335644,25.0,0.0,0.6085111212916672,0.6548057576643558
49.82650971412659,24.345256734693194,25.0,0.021595176309347153,0.6481922951526939,0.6547432653068057
49.84776210784912,24.345311905230567,25.0,0.021595176309347153,0.6481922951526939,0.6546880947694333
49.8671715259552,24.345360536161323,25.0,0.017867951188236475,0.6915231284685432,0.6546394638386772
49.886479139328,24.34540334314632,25.0,0.025993309449404478,0.7,0.6545966568536805
49.90677618980408,24.345440976759054,25.0,0.025993309449404478,0.7,0.654559023240946
49.92642283439636,24.34547402521882,25.0,0.03922596713528037,0.6654947631061077,0.6545259747811798
49.94648027420044,24.34550301793244,25.0,0.03922596713528037,0.6654947631061077,0.6544969820675597
49.966527223587036,24.345528429504295,25.0,0.03626052266918123,0.6165596328675746,0.6544715704957049
49.986533880233765,24.345550683965904,25.0,0.03626052266918123,0.6165596328675746,0.6544493160340963
50.007012367248535,24.343253810962405,25.0,0.0486833096947521,0.5887165617197752,0.6567461890375945
50.0277841091156,24.341259607178817,25.0,0.0486833096947521,0.5887165617197752,0.6587403928211835
50.046634674072266,24.339991580707423,25.0,0.06635768129490316,0.5770016590133309,0.660008419292577
50.06633281707764,24.336945013400914,25.0,0.06635768129490316,0.5770016590133309,0.6630549865990858
50.08636808395386,24.332743398403014,25.0,0.08912113285623491,0.6147766353562474,0.6672566015969856
50.107239961624146,24.327850243005646,25.0,0.08912113285623491,0.6147766353562474,0.6721497569943544
50.12643504142761,24.32260571577437,25.0,0.07745189568959177,0.6327092533931136,0.6773942842256311
50.14721465110779,24.31725535150336,25.0,0.07745189568959177,0.6327092533931136,0.6827446484966408
50.16639280319214,24.311972483178245,25.0,0.06961776572279632,0.6390969346277415,0.6880275168217551
50.187795639038086,24.306875725649356,25.0,0.06961776572279632,0.6390969346277415,0.6931242743506445
50.20649552345276,24.30204256153958,25.0,0.040067194728180766,0.6126732661388814,0.6979574384604206
50.22756314277649,24.29784628506293,25.0,0.040067194728180766,0.6126732661388814,0.7021537149370687
50.2463960647583,24.293876547412445,25.0,0.012536762980744243,0.6826732661388815,0.7061234525875548
50.2665753364563,24.290168781210134,25.0,0.012536762980744243,0.6826732661388815,0.7098312187898657
50.28642153739929,24.28674069303196,25.0,0.0,0.6774833272024989,0.7132593069680411
50.30683422088623,24.283597210634376,25.0,0.0,0.6774833272024989,0.716402789365624
50.32635188102722,24.28073425598544,25.0,0.0,0.6624197219312191,0.7192657440145602
50.3466911315918,24.278141603284983,25.0,0.0,0.6624197219312191,0.7218583967150174
50.36882495880127,24.275805026113236,25.0,0.0,0.6650225841253996,0.7241949738867639
50.38704967498779,24.273707894234164,25.0,0.0,0.6650225841253996,0.726292105765836
50.40796256065369,24.271832346056108,25.0,0.002664910862222314,0.6676061788853258,0.7281676539438919
50.42710208892822,24.272476483536394,25.0,0.002664910862222314,0.6676061788853258,0.7275235164636058
50.44647693634033,24.273035740142387,25.0,0.0,0.6221674496587366,0.7269642598576134
50.46706461906433,24.275339330041007,25.0,0.0,0.6221674496587366,0.7246606699589933
50.48640179634094,24.278793788832264,25.0,0.0,0.6177744807023555,0.7212062111677362
50.507614612579346,24.282956576733625,25.0,0.0,0.6177744807023555,0.7170434232663752
50.52751183509827,24.287501646336423,25.0,0.030769851058721542,0.6877744807023556,0.7124983536635767
50.5502986907959,24.29219245649936,25.0,0.030486887990264222,0.7,0.707807543500639
50.56695747375488,24.29686086939902,25.0,0.030486887990264222,0.7,0.7031391306009809
50.58985948562622,24.30139069007204,25.0,0.02745917040738277,0.64325952231884,0.69860930992796
50.606675148010254,24.30570486435481,25.0,0.02745917040738277,0.64325952231884,0.6942951356451914
50.626370429992676,24.309755555271316,25.0,0.0,0.6738705102354288,0.690244444728684
50.64740324020386,24.313516480270565,25.0,0.0,0.6738705102354288,0.6864835197294354
50.66638922691345,24.31678181137589,25.0,0.0,0.6831389803439378,0.6832181886241102
50.68666386604309,24.31749571650643,25.0,0.0,0.6831389803439378,0.6825042834935715
50.7065749168396,24.31873498428941,25.0,0.0,0.6432160910218954,0.68126501571059
50.72647523880005,24.320306497916032,25.0,0.0,0.6432160910218954,0.6796935020839676
50.74697017669678,24.322067365927253,25.0,0.0,0.6432160910218954,0.6779326340727465
50.76648306846619,24.323913348298042,25.0,0.0,0.6291893821209669,0.6760866517019579
50.78776526451111,24.323453450683456,25.0,0.0,0.6291893821209669,0.6765465493165443
50.80654740333557,24.323720402605627,25.0,0.034753553569316864,0.6508591033518314,0.6762795973943732
50.826539278030396,24.324485174498378,25.0,0.034753553569316864,0.6508591033518314,0.6755148255016223
50.84646201133728,24.325575566915873,25.0,0.017659738659858704,0.6642440974712371,0.6744244330841269
50.86769247055054,24.32686339179951,25.0,0.017659738659858704,0.6642440974712371,0.6731366082004904
50.886789083480835,24.32798151424321,25.0,0.0,0.6438523165881633,0.6720184857567908
50.907315731048584,24.329225191374032,25.0,0.0,0.6438523165881633,0.6707748086259677
50.9265353679657,24.330523299354137,25.0,0.0,0.660291177034378,0.6694767006458626
50.94677186012268,24.331825002438773,25.0,0.0,0.660291177034378,0.668174997561227
50.96713066101074,24.333094896366138,25.0,0.010482912883162498,0.6338950961828231,0.6669051036338622
50.98768067359924,24.33430922835599,25.0,0.010482912883162498,0.6338950961828231,0.6656907716440088
51.00733137130737,24.335452964521096,25.0,0.0,0.7,0.664547035478904
51.02750492095947,24.336517523163128,25.0,0.0,0.7,0.6634824768368723
51.04739451408386,24.33518268223347,25.0,0.0,0.7,0.6648173177665306
51.067092180252075,24.334532793004673,25.0,0.0,0.7,0.6654672069953271
51.08650207519531,24.334375785580924,25.0,0.0,0.7,0.6656242144190756
51.10667705535889,24.334239467727038,25.0,0.0,0.7,0.6657605322729623
51.12796139717102,24.334446907483656,25.0,0.0,0.6967597019858658,0.665553092516344
51.14640259742737,24.334887647494718,25.0,0.0,0.7,0.6651123525052824
51.166419982910156,24.335478817639494,25.0,0.0,0.7,0.664521182360506
51.18653154373169,24.336158893384113,25.0,0.0,0.672305366769433,0.6638411066158874
51.206738233566284,24.336882797894052,25.0,0.0,0.672305366769433,0.6631172021059477
51.22770881652832,24.337618066579992,25.0,0.0,0.6608769603073597,0.6623819334200078
51.246405601501465,24.336025502587862,25.0,0.0,0.6608769603073597,0.6639744974121378
51.26649737358093,24.335174391523918,25.0,0.0,0.7,0.6648256084760824
51.28766059875488,24.332544362007432,25.0,0.0,0.7,0.6674556379925676
51.30725908279419,24.331064392788836,25.0,0.023382360115647316,0.6978055688552558,0.6689356072111643
51.32670974731445,24.33042223737221,25.0,0.0,0.6963073388207703,0.6695777626277888
51.34697675704956,24.329864701644496,25.0,0.0,0.6963073388207703,0.670135298355504
51.366522550582886,24.32989486820662,25.0,0.0,0.6745970305521041,0.670105131793381
51.386914014816284,24.330332446238444,25.0,0.0,0.6745970305521041,0.6696675537615562
51.4067656993866,24.33104147197949,25.0,0.0,0.6597661646548658,0.6689585280205108
51.42766451835632,24.331920353687682,25.0,0.0,0.6597661646548658,0.668079646312318
51.447843074798584,24.332894051191676,25.0,0.0,0.6592841897392645,0.6671059488083237
51.466670513153076,24.333907944197144,25.0,0.0,0.6592841897392645,0.6660920558028565
51.48645877838135,24.334923035168668,25.0,0.012969257310032845,0.6039232131326571,0.6650769648313322
51.50722408294678,24.335912205609254,25.0,0.012969257310032845,0.6039232131326571,0.6640877943907455
51.526429414749146,24.336857302674574,25.0,0.02465169597417116,0.5933657748857513,0.6631426973254264
51.54667949676514,24.33767786007616,25.0,0.02465169597417116,0.5933657748857513,0.662322139923841
51.566709756851196,24.338459308189307,25.0,0.040098573081195354,0.5644588949391618,0.6615406918106927
51.58658957481384,24.339192996774276,25.0,0.040098573081195354,0.5644588949391618,0.6608070032257238
51.60636353492737,24.339874176241157,25.0,0.0,0.6024611102649942,0.6601258237588432
51.62651324272156,24.340500931490002,25.0,0.0,0.6024611102649942,0.659499068509998
51.646408796310425,24.341073366674358,25.0,0.003873781766742468,0.6509395497152581,0.6589266333256418
51.66627740859985,24.34159298573677,25.0,0.003873781766742468,0.6509395497152581,0.6584070142632292
51.68641257286072,24.342062225249578,25.0,0.041168057825416327,0.6775075564393773,0.6579377747504225
51.70643329620361,24.3424841053559,25.0,0.041168057825416327,0.6775075564393773,0.6575158946440993
51.72639060020447,24.342861971940156,25.0,0.05754317296668887,0.6679173385957256,0.657138028059844
51.74737763404846,24.34319930895988,25.0,0.05754317296668887,0.6679173385957256,0.6568006910401216
51.76641011238098,24.343492193573017,25.0,0.1113707679323852,0.6499034254113212,0.6565078064269834
51.78639817237854,24.343753894354943,25.0,0.1113707679323852,0.6499034254113212,0.6562461056450566
51.806440114974976,24.343987038361828,25.0,0.1211779615841806,0.6727636767784133,0.6560129616381722
51.82790446281433,24.34419420290624,25.0,0.1211779615841806,0.6727636767784133,0.655805797093759
51.84704303741455,24.344377862825002,25.0,0.11038449173793197,0.6779447318287566,0.6556221371749977
51.866918087005615,24.344540356553253,25.0,0.11038449173793197,0.6779447318287566,0.655459643446747
51.88756012916565,24.342367518070795,25.0,0.11073448386741802,0.7,0.6576324819292054
51.90644669532776,24.338629868476342,25.0,0.11073448386741802,0.7,0.6613701315236575
51.926472663879395,24.331587488988525,25.0,0.07122849178267643,0.7,0.6684125110114749
51.94730877876282,24.32011896188601,25.0,0.07122849178267643,0.7,0.6798810381139901
51.96750020980835,24.30587837110564,25.0,0.045548154681455344,0.6857694022357463,0.6941216288943615
51.98636794090271,24.293514326610573,25.0,0.0,0.6549642838537693,0.7064856733894267
52.007450103759766,24.27935288931526,25.0,0.0,0.6549642838537693,0.720647110684741
52.02648568153381,24.264316241340282,25.0,0.016293911263346672,0.6213380962610244,0.735683758659718
52.04682493209839,24.24906797841934,25.0,0.016293911263346672,0.6213380962610244,0.7509320215806596
52.0672869682312,24.23407459824856,25.0,0.018212247407063842,0.62476462922059,0.7659254017514385
52.086997747421265,24.21965340358818,25.0,0.018212247407063842,0.62476462922059,0.780346596411821
52.10694766044617,24.208326054920054,25.0,0.0,0.6123190806712955,0.7916739450799462
52.12763047218323,24.201762510270886,25.0,0.0,0.6123190806712955,0.7982374897291145
52.1475350856781,24.19868079216358,25.0,0.010377146303653717,0.6447234028484672,0.8013192078364213
52.16637873649597,24.198098700968696,25.0,0.010377146303653717,0.6447234028484672,0.8019012990313037
52.18636202812195,24.199268142648513,25.0,0.0,0.5886631557252258,0.8007318573514866
52.20717906951904,24.200283481772193,25.0,0.0,0.5886631557252258,0.7997165182278074
52.22642922401428,24.204821235699736,25.0,0.0,0.6110861902590841,0.7951787643002639
52.24646544456482,24.211685997976,25.0,0.0,0.6110861902590841,0.7883140020239985
52.26640796661377,24.21998613461957,25.0,0.0,0.6440366921480745,0.7800138653804289
52.287620544433594,24.229064504981764,25.0,0.0,0.6440366921480745,0.7709354950182359
52.306381702423096,24.238444161764576,25.0,0.0,0.6705082417931407,0.7615558382354237
52.32663822174072,24.247785886339464,25.0,0.0,0.6705082417931407,0.7522141136605356
52.34884595870972,24.25685506378657,25.0,0.016348784789443016,0.6473767967429012,0.7431449362134295
52.3678092956543,24.26549591812575,25.0,0.016348784789443016,0.6473767967429012,0.734504081874249
52.38963794708252,24.27361153882052,25.0,0.0,0.6325003249105066,0.7263884611794786
52.40639328956604,24.28114845618616,25.0,0.0,0.6325003249105066,0.718851543813841
52.42704796791077,24.287692200269646,25.0,0.0,0.6325003249105066,0.712307799730354
52.44718265533447,24.293766228574093,25.0,0.0,0.6501820837613195,0.7062337714259073
52.4678750038147,24.299353921122474,25.0,0.0,0.6501820837613195,0.7006460788775257
52.48640203475952,24.30445655133127,25.0,0.0,0.631122807553038,0.6955434486687295
52.5074827671051,24.30908778745706,25.0,0.0,0.631122807553038,0.6909122125429406
52.52780199050903,24.313269546744287,25.0,0.0,0.6186926640104502,0.6867304532557128
52.54686379432678,24.317028898396238,25.0,0.0,0.6186926640104502,0.6829711016037621
52.566450119018555,24.320395776659982,25.0,0.010312131606042385,0.6239339979831129,0.6796042233400179
52.58771085739136,24.323401316872022,25.0,0.010312131606042385,0.6239339979831129,0.6765986831279776
52.60641074180603,24.32607666805358,25.0,0.0013680914416909218,0.668720186734572,0.6739233319464191
52.62759184837341,24.32845216780187,25.0,0.0013680914416909218,0.668720186734572,0.6715478321981294
52.64627504348755,24.330514637332723,25.0,0.03641837928444147,0.6425582813564688,0.6694853626672774
52.667555809020996,24.332347479274755,25.0,0.03641837928444147,0.6425582813564688,0.6676525207252446
52.68626165390015,24.33397252203391,25.0,0.04872078541666269,0.6527229734230786,0.6660274779660895
52.70975732803345,24.33541040371904,25.0,0.020845348946750164,0.7,0.6645895962809583
52.726768016815186,24.336680391766794,25.0,0.020845348946750164,0.7,0.6633196082332056
52.74937152862549,24.337800293780468,25.0,0.020845348946750164,0.7,0.662199706219532
52.76737856864929,24.33878643407423,25.0,0.0,0.6672292023897171,0.6612135659257703
52.7863974571228,24.337337328388895,25.0,0.0,0.6893124345690012,0.6626626716111055
52.806867361068726,24.33655128762703,25.0,0.0,0.6893124345690012,0.6634487123729684
52.827051401138306,24.33393016671811,25.0,0.04447603225708008,0.6653507284820079,0.6660698332818917
52.84911870956421,24.33241986250802,25.0,0.09699903428554535,0.7,0.6675801374919814
52.8662645816803,24.331108577832925,25.0,0.09699903428554535,0.7,0.668891422167075
52.889440298080444,24.32826607482191,25.0,0.06474224850535393,0.7,0.6717339251780885
52.90632939338684,24.324434931393277,25.0,0.06474224850535393,0.7,0.6755650686067227
52.929104804992676,24.320018067061255,25.0,0.09713973104953766,0.7,0.6799819329387446
52.94739270210266,24.31762712652962,25.0,0.09713973104953766,0.7,0.6823728734703813
52.96634292602539,24.31439001791174,25.0,0.06659798510372639,0.678285389021039,0.6856099820882591
52.98721408843994,24.310650491158636,25.0,0.06659798510372639,0.678285389021039,0.6893495088413637
53.00676703453064,24.306660549433932,25.0,0.07810172904282808,0.694820449501276,0.6933394505660679
53.02757549285889,24.30260182886209,25.0,0.04471485037356615,0.7,0.6973981711379089
53.04624128341675,24.298602302998834,25.0,0.04471485037356615,0.7,0.7013976970011662
53.06699085235596,24.292432951616473,25.0,0.04471485037356615,0.7,0.7075670483835275
53.086384296417236,24.28707656323529,25.0,0.0346074253320694,0.7,0.7129234367647115
53.10646843910217,24.2825848694397,25.0,0.02274038176983595,0.6660404436290264,0.7174151305603012
53.12651872634888,24.278812153689618,25.0,0.02274038176983595,0.6660404436290264,0.7211878463103822
53.14630651473999,24.275638255538706,25.0,0.0,0.6677868208382278,0.7243617444612944
53.166622161865234,24.272963932118863,25.0,0.0,0.6677868208382278,0.7270360678811372
53.187360525131226,24.270707085037635,25.0,0.0,0.687452088156715,0.7292929149623646
53.20939874649048,24.26879968781415,25.0,0.04028702154755592,0.7,0.7312003121858517
53.22669529914856,24.26718528087254,25.0,0.04028702154755592,0.7,0.732814719127461
53.24841785430908,24.265816926768853,25.0,0.04028702154755592,0.7,0.7341830732311472
53.26680779457092,24.26465553897692,25.0,0.09029262512922287,0.6604776613414287,0.7353444610230788
53.28995943069458,24.263668514185635,25.0,0.1417214646935463,0.6946619346737861,0.7363314858143646
53.30713653564453,24.26282861145494,25.0,0.1417214646935463,0.6946619346737861,0.737171388545061
53.33210515975952,24.262099386460413,25.0,0.07403617352247238,0.6577145725488662,0.7379006135395869
53.34669470787048,24.263796248700764,25.0,0.07403617352247238,0.6577145725488662,0.7362037512992359
53.36639046669006,24.267133503019657,25.0,0.08099972363561392,0.6760223533958196,0.7328664969803427
53.38754963874817,24.269205840498408,25.0,0.08099972363561392,0.6760223533958196,0.7307941595015919
53.40636467933655,24.270344975266703,25.0,0.051293266005814075,0.6364216644316911,0.7296550247332974
53.4271183013916,24.27080590392399,25.0,0.051293266005814075,0.6364216644316911,0.7291940960760108
53.44624638557434,24.268467268082528,25.0,0.0,0.6267747970297932,0.731532731917472
53.466631174087524,24.26424574404093,25.0,0.0,0.6267747970297932,0.7357542559590691
53.48638033866882,24.258827660530727,25.0,0.0,0.6329990209080278,0.7411723394692729
53.5075044631958,24.252721263251594,25.0,0.0,0.6329990209080278,0.747278736748406
53.52643418312073,24.24741953323013,25.0,0.0,0.6432497504167258,0.7525804667698708
53.54702591896057,24.24169461278963,25.0,0.0,0.6432497504167258,0.7583053872103704
53.56756377220154,24.238142980322177,25.0,0.0013577458448708057,0.5806660654954612,0.7618570196778229
53.58633875846863,24.236194474034967,25.0,0.0013577458448708057,0.5806660654954612,0.7638055259650329
53.60842537879944,24.235410820487495,25.0,0.0,0.60012958785519,0.7645891795125053
53.62720584869385,24.235456903957004,25.0,0.0,0.60012958785519,0.7645430960429955
53.64918756484985,24.238394440075595,25.0,0.0,0.6474629550240933,0.7616055599244049
53.66642737388611,24.243262904151656,25.0,0.0,0.6474629550240933,0.7567370958483437
53.69023823738098,24.249344245135507,25.0,0.0,0.6631271618418395,0.7506557548644928
53.70748805999756,24.256107753581883,25.0,0.0,0.6631271618418395,0.7438922464181168
53.726407527923584,24.26316683064774,25.0,0.0,0.6631271618418395,0.7368331693522592
53.746397733688354,24.26929570158312,25.0,0.0,0.6811098962090909,0.7307042984168817
53.76646399497986,24.275566404888437,25.0,0.0,0.6811098962090909,0.724433595111563
53.78640079498291,24.281770358462147,25.0,0.0,0.6887459855526685,0.7182296415378531
53.80777359008789,24.287764444441596,25.0,0.0,0.6887459855526685,0.7122355555584043
53.826409339904785,24.293454786999078,25.0,0.0,0.7,0.706545213000922
53.84727072715759,24.298784186947895,25.0,0.0,0.7,0.7012158130521051
53.866419553756714,24.303722427456762,25.0,0.02346337027847767,0.7,0.696277572543238
53.88639807701111,24.308258829471633,25.0,0.02346337027847767,0.7,0.6917411705283669
53.90639328956604,24.31239656594143,25.0,0.01003995444625616,0.7,0.6876034340585697
53.92725229263306,24.316148347522454,25.0,0.01003995444625616,0.7,0.6838516524775464
53.94646382331848,24.319533174587843,25.0,0.0,0.6622829481959343,0.6804668254121573
53.96638798713684,24.322471967864754,25.0,0.0,0.6622829481959343,0.6775280321352461
53.98636770248413,24.325125450826093,25.0,0.0,0.6750890787690877,0.6748745491739072
54.007302045822144,24.32751083056566,25.0,0.0,0.6750890787690877,0.6724891694343391
54.02648162841797,24.329647124625907,24.999996803209395,0.0,0.676459368597716,0.6703496785834879
54.0479154586792,24.329237758762005,24.999992430013506,0.0,0.676459368597716,0.6707546712515011
54.06693482398987,24.32938736422417,24.999959551526025,0.0522507019340992,0.6929952542297542,0.670572187301854
54.086398124694824,24.32992127739148,24.99993968270302,0.0522507019340992,0.6929952542297542,0.6700184053115379
54.10857558250427,24.330708051943148,24.999843670692048,0.0,0.6707365683279931,0.6691356187488999
54.12769865989685,24.3316497237029,24.99979724612721,0.0,0.6707365683279931,0.6681475224243094
54.1498441696167,24.332674166372087,24.99979724612721,0.0,0.6707365683279931,0.6671230797551218
54.16667866706848,24.333729101017017,24.999426432602704,0.015711814165115356,0.6624362555332481,0.6656973315856867
54.186463832855225,24.334645022209507,24.999426432602704,0.015711814165115356,0.6624362555332481,0.6647814103931964
54.207045793533325,24.335572638264832,24.998923183529108,0.0,0.7,0.6633505452642758
54.22764849662781,24.336483930120362,24.998923183529108,0.0,0.7,0.6624392534087455
54.24641180038452,24.33504351842208,24.99819054978696,0.019104627892374992,0.6971064871642738,0.6631470313648791
54.2672164440155,24.332007621367254,24.99819054978696,0.019104627892374992,0.6971064871642738,0.6661829284197047
54.2875018119812,24.330259890243944,24.99718706242516,0.018862311626435257,0.6819202630314976,0.6669271721812144
54.306554555892944,24.329452955228852,24.99718706242516,0.018862311626435257,0.6819202630314976,0.6677341071963063
54.326411962509155,24.329320745461008,24.99623215118889,0.05998099305725191,0.7,0.666911405727884
54.34736514091492,24.329660671016516,24.995871958261773,0.05998099305725191,0.7,0.6662112872452575
54.36635375022888,24.328003225739508,24.9946570059529,0.03963715107238386,0.7,0.666653780213391
54.3865966796875,24.32731847565917,24.994205175987446,0.03963715107238386,0.7,0.666886700328277
54.40640354156494,24.32672395815692,24.992700594883786,0.0422276252793381,0.6954444752074778,0.6659766367268674
54.42765831947327,24.324494863779154,24.992147352268812,0.0422276252793381,0.6954444752074778,0.667652488489658
54.44638776779175,24.321189171846047,24.990324075573042,0.0,0.6669456076808273,0.6691349037269951
54.46661901473999,24.317222817485128,24.989659817851912,0.0,0.6669456076808273,0.6724370003667843
54.48636746406555,24.312902112782115,24.98748929676913,0.0,0.7,0.6745871839870148
54.506591796875,24.30844915498131,24.986704593665596,0.0,0.7,0.6782554386842854
54.527626752853394,24.304021693997388,24.98415879448088,0.012700262479484081,0.7,0.680137100483492
54.54858469963074,24.299728627867214,24.981313447798946,0.0,0.6944458329118788,0.6815848199317323
54.56713604927063,24.29564205307343,24.980295788080923,0.0,0.6944458329118788,0.6846537350074939
54.589643716812134,24.294122952448504,24.977027334916986,0.0,0.6976382851600647,0.6829043824684824
54.60745310783386,24.294427204858458,24.977027334916986,0.0,0.6976382851600647,0.6826001300585283
54.62641358375549,24.294691364568713,24.973424046816557,0.0,0.7,0.6787326822478441
54.64655351638794,24.296219254259075,24.97214598444934,0.0,0.7,0.6759267301902661
54.66734743118286,24.2985846386856,24.968073314306857,0.03992950916290283,0.671790699288249,0.6694886756212561
54.68633008003235,24.301469391106625,24.963631680530202,0.0,0.6306404050439596,0.662162289423577
54.70678496360779,24.302322510942258,24.962066670722542,0.0,0.6306404050439596,0.6597441597802849
54.726351499557495,24.304058362754866,24.957110916501346,0.0,0.6496333952993154,0.6530525537464804
54.747798204422,24.30636159472908,24.955370362353058,0.0,0.6496333952993154,0.6490087676239789
54.766477823257446,24.30899821642308,24.949875607010743,0.03618091344833374,0.6272750485688448,0.6408773905876615
54.786473989486694,24.31179691620571,24.94795129742041,0.03618091344833374,0.6272750485688448,0.6361543812146984
54.806503772735596,24.31463443282059,24.941893154172686,0.05592789873480797,0.5853662516921758,0.6272587213520957
54.826497077941895,24.317424128398383,24.939777042182588,0.05592789873480797,0.5853662516921758,0.622352913784205
54.84652590751648,24.319846213323334,24.93313161521502,0.03395059332251549,0.6180773627012968,0.6132854018916873
54.866923570632935,24.322210002259954,24.93081581703698,0.03395059332251549,0.6180773627012968,0.6086058147770252
54.88708782196045,24.324471002537937,24.92355969858255,0.036289530573412776,0.6201208595186471,0.599088696044614
54.9074490070343,24.32660101940361,24.92103649262378,0.036289530573412776,0.6201208595186471,0.5944354732201695
54.927621603012085,24.328583921386905,24.91314676004044,0.05796806770376861,0.6901208595186472,0.584562838653536
54.94655513763428,24.33041238108157,24.91040858592941,0.05796806770376861,0.6901208595186472,0.5799962048478413
54.96786975860596,24.332085379324774,24.90186279877765,0.03945569205097854,0.6946065649203956,0.5697774194528762
54.986613035202026,24.333606305396003,24.898902256389935,0.03945569205097854,0.6946065649203956,0.5652959509939315
55.00845909118652,24.334981521268368,24.889678453510324,0.03350638155825436,0.7,0.5546969322419564
55.02717685699463,24.336219286020683,24.886488301994454,0.03350638155825436,0.7,0.5502690159737718
55.04907727241516,24.33732895875707,24.876564998585234,0.018150905380025506,0.7,0.5392360398281646
55.066495418548584,24.33829240495809,24.873138155388556,0.018150905380025506,0.7,0.5348457504304669
55.08986783027649,24.336840556485047,24.86249434008317,0.03135706507600844,0.7,0.5256537835981234
55.10716104507446,24.33374935492312,24.858823879977688,0.03135706507600844,0.7,0.525074525054567
55.13116192817688,24.329600959084793,24.84743901192236,0.0,0.7,0.5178380528375683
55.14660358428955,24.324827587328265,24.84743901192236,0.0,0.7,0.5226114245940963
55.16629195213318,24.319745921238393,24.835485155763973,0.0,0.7,0.5157392345255793
55.1873459815979,24.314584046709356,24.831372171961895,0.0,0.7,0.516788125252539
55.2064642906189,24.309502501623363,24.814267598105122,0.0,0.6691014420241117,0.5047650964817585
55.22773814201355,24.304610675376917,24.80982629453974,0.0,0.6691014420241117,0.5052156191628221
55.2472882270813,24.29997954768368,24.796099684403078,0.0,0.6501096382737159,0.4961201367193979
55.267035722732544,24.297967897064808,24.796099684403078,0.0,0.6501096382737159,0.49813178733827
55.28728938102722,24.29622133063762,24.776843437157893,0.0,0.6559914483688771,0.48062210652027204
55.30709624290466,24.296312287219738,24.776843437157893,0.0,0.6559914483688771,0.48053114993815527
55.32725977897644,24.297677154163495,24.756474471026205,0.0,0.6465377884916961,0.45879731686271086
55.347309589385986,24.299890883384315,24.756474471026205,0.0,0.6465377884916961,0.4565835876418909
55.36744475364685,24.302635873127855,24.734969005122576,0.0,0.6013134161941707,0.4323331319947208
55.387012004852295,24.305677522117982,24.734969005122576,0.0,0.6013134161941707,0.42929148300459374
55.40669345855713,24.30884506247769,24.718080110835977,0.0,0.6440660770051181,0.40923504835828695
55.426509618759155,24.312016564328726,24.700529325492838,0.01232601236552,0.6190608984790742,0.3885127611641117
55.447853565216064,24.31510723315976,24.694530351754228,0.01232601236552,0.6190608984790742,0.37942311859446676
55.46635937690735,24.318060302708727,24.676082500380087,0.0,0.6182734924252145,0.35802219767136023
55.487175703048706,24.320839970655662,24.669781780389776,0.0,0.6182734924252145,0.34894180973411437
55.506529092788696,24.32325334933548,24.650420646245546,0.0,0.5891268788720481,0.32716729691006563
55.5277886390686,24.325521296377044,24.643812847870432,0.0,0.5891268788720481,0.31829155149338817
55.547608613967896,24.327628457946172,24.62352265404418,0.0047227926552295685,0.5950194983626715,0.2958941960980077
55.56711173057556,24.329568407054243,24.62352265404418,0.0047227926552295685,0.5950194983626715,0.2939542469899372
55.58719849586487,24.331341086507415,24.595367997757652,0.00029503973200917244,0.5985168360522948,0.26402691125023736
55.606492042541504,24.33295086495395,24.595367997757652,0.00029503973200917244,0.5985168360522948,0.2624171328037015
55.62691855430603,24.33440507001013,24.57341529877286,0.0,0.623253676330205,0.23901022876273004
55.646421909332275,24.335712891414975,24.550736291747153,0.06814688444137573,0.6509271126589737,0.21502340033217848
55.66652989387512,24.33688457010688,24.54301382932293,0.06814688444137573,0.6509271126589737,0.20612925921605196
55.686476707458496,24.337930807267938,24.519353964869605,0.05884920433163643,0.6441534643410705,0.18142315760166738
55.7069046497345,24.33886234172796,24.511302223656852,0.05884920433163643,0.6441534643410705,0.17243988192889148
55.72638773918152,24.33967112372936,24.48664766792101,0.08908894471824169,0.6643785589723847,0.14697654419164863
55.74678707122803,24.34039186062823,24.47826210740245,0.08908894471824169,0.6643785589723847,0.1378702467742201
55.766412019729614,24.341032448177977,24.452599450282925,0.06480464898049831,0.7,0.11156700210494819
55.786951780319214,24.34160048294193,24.44387567070545,0.06480464898049831,0.7,0.1022751877635173
55.80755853652954,24.342103153465242,24.417191922932382,0.03837518393993378,0.7,0.07508876946713983
55.831233978271484,24.340230827354112,24.38973408446899,0.0,0.7,0.04950325711487835
55.84666466712952,24.336758220027075,24.380408254545305,0.0,0.7,0.043650034518229575
55.87026619911194,24.332265608890182,24.380408254545305,0.0,0.7,0.04814264565512261
55.88636112213135,24.327182925362777,24.342232167599924,0.0,0.7,0.015049242237147098
55.91372799873352,24.32182434268797,24.312676846002674,0.0,0.6860841613262891,-0.009147496685297796
55.92682147026062,24.316415350743206,24.312676846002674,0.0,0.6860841613262891,-0.003738504740532278
55.9462456703186,24.31171912583864,24.282322997630818,0.037208545953035355,0.7,-0.029396128207821448
55.967708349227905,24.307036516551864,24.272026510609237,0.037208545953035355,0.7,-0.03501000594262749
55.9871392250061,24.30248677407695,24.24059824929892,0.02536950819194317,0.7,-0.06188852477803053
56.01160430908203,24.298149226268226,24.208357116707486,0.009345510974526405,0.6636981524527072,-0.08979210956074013
56.02742910385132,24.296389728416745,24.19742841601868,0.009345510974526405,0.6636981524527072,-0.09896131239806394
56.05141830444336,24.29415091689495,24.19742841601868,0.009345510974526405,0.6636981524527072,-0.09672250087626821
56.06739020347595,24.29163818712013,24.152799664158447,0.02169638592749834,0.6935453794896602,-0.13883852296168442
56.09243178367615,24.291317769899134,24.11836266349955,0.037347557954490185,0.6982776483520865,-0.17295510639958422
56.106340646743774,24.292528534625255,24.10669869245763,0.037347557954490185,0.6982776483520865,-0.18582984216762455
56.1277117729187,24.29477091878319,24.10669869245763,0.037347557954490185,0.6982776483520865,-0.1880722263255592
56.1463406085968,24.295354399724076,24.05911272813015,0.028041450306773186,0.6958190300967544,-0.23624167159392684
56.16717290878296,24.29586099277393,24.05911272813015,0.028041450306773186,0.6958190300967544,-0.23674826464378285
56.18669581413269,24.29752644648925,24.022441340797528,0.013677786104381084,0.7,-0.27508510569172273
56.206358432769775,24.299952929282345,23.98492276998887,0.026829483918845654,0.6604705795645713,-0.31503015929347455
56.22775912284851,24.302844058279483,23.972227480491302,0.026829483918845654,0.6604705795645713,-0.3306165777881809
56.24750304222107,24.305981726036922,23.933571876108847,0.0,0.6708457477390766,-0.3724098499280757
56.27124500274658,24.30920794189087,23.933571876108847,0.0,0.6708457477390766,-0.37563606578202524
56.28729701042175,24.312410634943255,23.880695390330523,0.0,0.6035265482962131,-0.43171524461273236
56.31315779685974,24.315512582882995,23.8400305551736,0.0,0.533526548296213,-0.47548202770939696
56.327810287475586,24.31846280373119,23.8400305551736,0.0,0.533526548296213,-0.47843224855759203
56.346296310424805,24.321229885154647,23.79849747182434,0.010717851109802723,0.5501981015503405,-0.5227324133303064
56.36666703224182,24.32148048729755,23.784459460579335,0.010717851109802723,0.5501981015503405,-0.5370210267182145
56.38720417022705,24.321698066476188,23.756092081553547,0.027697538025677204,0.5913838456571101,-0.5656059849226409
56.40745544433594,24.322481843481594,23.71281048421432,0.0,0.5889909310452639,-0.6096713592672742
56.42728281021118,24.32363823405442,23.698187921045548,0.0,0.5889909310452639,-0.6254503130088729
56.44774103164673,24.325022958166567,23.65373225308137,0.0,0.608963894303888,-0.6712907050851982
56.46755623817444,24.326529784028633,23.65373225308137,0.0,0.608963894303888,-0.672797530947264
56.48728084564209,24.328081707140537,23.593081247161365,0.003531006397679448,0.6358889682404696,-0.7350004599791724
56.507543325424194,24.32962405315067,23.593081247161365,0.003531006397679448,0.6358889682404696,-0.7365428059893055
56.52681922912598,24.33111909872815,23.546556060510625,0.015204142080619931,0.6955785682611166,-0.7845630382175237
56.54653334617615,24.332541888583652,23.499138535746816,0.0,0.7,-0.8334033528368359
56.56640005111694,24.333876993553606,23.483133870601893,0.0,0.7,-0.8507431229517124
56.587417125701904,24.335116007768843,23.434521891866673,0.0,0.7,-0.9005941159021695
56.61144161224365,24.33619175154405,23.38501076766624,0.01180043164640665,0.6299999999999999,-0.9511809838778085
56.62679696083069,24.337189613349512,23.368306784579968,0.01180043164640665,0.6299999999999999,-0.9688828287695443
56.65265917778015,24.33810708132146,23.317592680548294,0.0469257989898324,0.6768704514205455,-1.0205144007731661
56.66715860366821,24.338944529539443,23.317592680548294,0.0469257989898324,0.6768704514205455,-1.0213518489911486
56.68637561798096,24.33970432674389,23.265973446816947,0.004435882903635502,0.6691224860213696,-1.073730879926945
56.70692420005798,24.34039016469976,23.24856549113612,0.004435882903635502,0.6691224860213696,-1.0918246735636394
56.72678756713867,24.341006556822858,23.213446767777768,0.0,0.6577495072223245,-1.1275597890450904
56.74936532974243,24.341558468281004,23.160010475925244,0.0,0.6294733617641031,-1.1815479923557604
56.766403913497925,24.34205104716364,23.14199588904597,0.0,0.6294733617641031,-1.2000551581176708
56.78909134864807,24.34248943293664,23.14199588904597,0.0,0.6294733617641031,-1.2004935438906728
56.80648493766785,24.342878623626056,23.068923206620525,0.0018716122722253203,0.6270493889413773,-1.2739554170055314
56.83127546310425,24.343216528919115,23.01305180025449,0.02728497830685228,0.6181309117190539,-1.3301647286646237
56.846372842788696,24.343516765296698,23.01305180025449,0.02728497830685228,0.6181309117190539,-1.3304649650422071
56.86644124984741,24.34378292488513,22.956264085711766,0.05144865845795721,0.618243635292747,-1.3875188391733637
56.88722205162048,24.34401840079519,22.937130962080808,0.05144865845795721,0.618243635292747,-1.4068874387143815
56.90696096420288,24.344226358480302,22.879119212442816,0.0548122696345672,0.6187862811592639,-1.4651071460374858
56.92814064025879,24.344409721842332,22.820187903331316,0.05540344794280827,0.6717899871972621,-1.5242218185110161
56.946511030197144,24.344571169947063,22.800339583096015,0.05540344794280827,0.6717899871972621,-1.5442315868510477
56.96998715400696,24.344713141195417,22.740180419755383,0.11608913098461926,0.6721781851764534,-1.6045327214400338
56.986550092697144,24.34483784256342,22.740180419755383,0.11608913098461926,0.6721781851764534,-1.6046574228080388
57.00637698173523,24.344947262119295,22.679099216740386,0.09211919759400189,0.7,-1.6658480453789082
57.02707648277283,24.34272683540267,22.658533770607022,0.09211919759400189,0.7,-1.6841930647956467
57.046886682510376,24.34079900423711,22.596221914525746,0.10259645548649132,0.6916840009391307,-1.7445770897113633
57.066462993621826,24.33727286994439,22.53298629791838,0.1101783502381295,0.7,-1.8042865720260082
57.08674740791321,24.332729516481034,22.511702387198106,0.1101783502381295,0.7,-1.8210271292829283
57.10792541503906,24.32759936209168,22.44723432332159,0.11751546175219119,0.7,-1.880365038770087
57.12768268585205,24.319880483855506,22.44723432332159,0.11751546175219119,0.7,-1.8726461605339146
57.147684812545776,24.310566958925524,22.359838393141963,0.12156852870248258,0.7,-1.9507285657835602
57.16738820075989,24.298074932493158,22.359838393141963,0.12156852870248258,0.7,-1.9382365393511947
57.18695878982544,24.28370440716594,22.293212342989722,0.12041661981493235,0.6998994933484937,-1.990492064176216
57.20653176307678,24.268407846946268,22.22566132166796,0.15260014031082392,0.6815494677095557,-2.0427465252783072
57.22670221328735,24.252871220236905,22.202938782444686,0.15260014031082392,0.6815494677095557,-2.0499324377922186
57.24768257141113,24.237577314189384,22.134154676701055,0.17318074312061071,0.662995108035102,-2.103422637488329
57.267799377441406,24.224298754486966,22.134154676701055,0.17318074312061071,0.662995108035102,-2.0901440777859115
57.286964893341064,24.209009933795812,22.041004518890766,0.1651367638260126,0.5993889203338767,-2.1680054149050463
57.30700135231018,24.190411412333642,22.041004518890766,0.1651367638260126,0.5993889203338767,-2.149406893442876
57.327723026275635,24.16073880722397,21.94621191247188,0.1511229518800974,0.5730277845679665,-2.2145268947520904
57.347576379776,24.114890986406813,21.94621191247188,0.1511229518800974,0.5730277845679665,-2.168679073934932
57.36686134338379,24.049751099499588,21.874040472088087,0.1601276472210884,0.6047315435527707,-2.175710627411501
57.38637351989746,23.95902998742286,21.80094674682755,0.16291639604605734,0.6545267054854775,-2.1580832405953103
57.407248973846436,23.84366621003036,21.776377371307667,0.16291639604605734,0.6545267054854775,-2.0672888387226926
57.42654824256897,23.709593823618775,21.70205535351294,0.11262634792365134,0.637495956015482,-2.0075384701058354
57.44753837585449,23.566060267103808,21.67707684899169,0.11262634792365134,0.637495956015482,-1.8889834181121188
57.46686029434204,23.419737978670312,21.601528436665514,0.043307055020704865,0.6039032736836816,-1.818209542004798
57.486745834350586,23.292697232066924,21.601528436665514,0.043307055020704865,0.6039032736836816,-1.6911687954014099
57.50770354270935,23.165034980296394,21.49936887316323,0.045724223367869854,0.6355861933945561,-1.6656661071331627
57.527955532073975,23.040305568285,21.49936887316323,0.045724223367869854,0.6355861933945561,-1.5409366951217685
57.54629135131836,22.920900479761876,21.421679728028256,0.0,0.6961759986399556,-1.4992207517336205
57.56658577919006,22.810656818616206,21.395579931978016,0.0,0.6961759986399556,-1.4150768866381895
57.586222648620605,22.71199831365279,21.31667113251517,0.0,0.7,-1.395327181137617
57.606300592422485,22.623986765810365,21.290165270279196,0.0,0.7,-1.3338214955311685
57.626548051834106,22.54800626904666,21.183128929536903,0.0,0.7,-1.364877339509757
57.646387815475464,22.484701110858055,21.156116966886344,0.0,0.7,-1.3285841439717103
57.66635084152222,22.436501091610253,21.07447533162548,0.024487677961587906,0.6906775448471307,-1.3620257599847747
57.68695902824402,22.407012156826042,21.047059789808117,0.024487677961587906,0.6906775448471307,-1.3599523670179252
57.70647621154785,22.381409110758135,20.96420927492692,0.019710751250386238,0.6661910384893417,-1.417199835831216
57.72668647766113,22.382965623015437,20.936391411910932,0.019710751250386238,0.6661910384893417,-1.4465742111045046
57.746357917785645,22.41956004771018,20.852335930434258,0.0,0.6658565750578418,-1.5672241172759236
57.76746439933777,22.486475722593312,20.824117096731747,0.0,0.6658565750578418,-1.6623586258615646
57.78743267059326,22.572688388815653,20.738860837854986,0.0,0.6665658844169229,-1.8338275509606667
57.80769348144531,22.670032241824178,20.710242475547837,0.0,0.6665658844169229,-1.9597897662763408
57.829105854034424,22.777174808545396,20.62378990171448,0.008294736966490746,0.64612911879085,-2.153384906830915
57.84757328033447,22.89061598712265,20.62378990171448,0.008294736966490746,0.64612911879085,-2.2668260854081694
57.86633777618408,23.00544232799046,20.53644318286988,0.06954280100762844,0.6370466114487499,-2.468999145120577
57.886751890182495,23.118204539456556,20.507129387459408,0.06954280100762844,0.6370466114487499,-2.6110751519971487
57.90637683868408,23.22656121094257,20.38888591756113,0.0708831015508622,0.6039497280027717,-2.837675293381441
57.927610874176025,23.320639239603928,20.359078523016862,0.0708831015508622,0.6039497280027717,-2.9615607165870657
57.94658899307251,23.41068309844199,20.269066467619137,0.08420617110095918,0.5636459314730018,-3.1416166308228526
57.96655797958374,23.49786815364075,20.23886620901255,0.08420617110095918,0.5636459314730018,-3.2590019446281993
57.98644971847534,23.58076978692581,20.14767836246444,0.12874760455451906,0.5361781944986432,-3.43309142446137
58.007638931274414,23.65619502737602,20.117087125114082,0.12874760455451906,0.5361781944986432,-3.5391079022619394
58.026406049728394,23.724439487515056,20.02472927226301,0.15998660563491285,0.5395020603202283,-3.699710215252047
58.04643726348877,23.78589774271744,19.993749027212324,0.15998660563491285,0.5395020603202283,-3.7921487155051175
58.06640648841858,23.84102270702461,19.900227208619164,0.17061153682880104,0.591519961412996,-3.9407954984054463
58.08759617805481,23.89029587887262,19.868860011662342,0.17061153682880104,0.591519961412996,-4.021435867210279
58.10652041435242,23.92725687676589,19.774180520678996,0.19113986077718437,0.6121843832544982,-4.1530763560868955
58.12729811668396,23.93384484371132,19.74242851138684,0.19113986077718437,0.6121843832544982,-4.191416332324479
58.147658586502075,23.93956468481212,19.646597891233796,0.22641461226157844,0.626626784261316,-4.292966793578323
58.166473627090454,23.900965303981067,19.61446329197955,0.22641461226157844,0.626626784261316,-4.286502012001517
58.18862724304199,23.81870185322222,19.517488332823444,0.25314374710433185,0.6783059931360185,-4.301213520398775
58.20740222930908,23.694380150216944,19.484973447808667,0.25314374710433185,0.6783059931360185,-4.209406702408277
58.230300188064575,23.52559130909405,19.386861183839834,0.283305638236925,0.6860790157690644,-4.138730125254217
58.24756932258606,23.302568699245597,19.35396839812025,0.283305638236925,0.6860790157690644,-3.948600301125346
58.27138090133667,23.019957935446225,19.35396839812025,0.283305638236925,0.6860790157690644,-3.6659895373259737
58.28733992576599,22.691824842586325,19.18809619712512,0.213305638236925,0.7,-3.503728645461205
58.311646461486816,22.331455351525968,19.18809619712512,0.213305638236925,0.7,-3.143359154400848
58.32652425765991,21.94197815236528,19.05371803041619,0.18453104148618876,0.7,-2.8882601219490915
58.34701442718506,21.519384458305655,19.05371803041619,0.18453104148618876,0.7,-2.4656664278894667
58.3677396774292,21.15247782379372,18.917857467333306,0.17016668344847857,0.6868838032707572,-2.2346203564604146
58.3872492313385,20.75710300706404,18.917857467333306,0.17016668344847857,0.6868838032707572,-1.839245539730733
58.407806634902954,20.352374809520743,18.780525264382185,0.14459003607742488,0.6351509874686598,-1.5718495451385586
58.42686223983765,19.954132853488098,18.780525264382185,0.14459003607742488,0.6351509874686598,-1.173607589105913
58.44652509689331,19.56857539019725,18.676566991008286,0.13207559107802808,0.6751684805378317,-0.8920083991889634
58.46780014038086,19.20430600133213,18.641732482489335,0.13207559107802808,0.6751684805378317,-0.5625735188427967
58.48632454872131,18.869055869459398,18.536686214572754,0.12734097574837505,0.6498169114813208,-0.3323696548866444
58.506709814071655,18.565113775132602,18.501490483105467,0.12734097574837505,0.6498169114813208,-0.06362329202713468
58.52631449699402,18.290927992433854,18.3598109243089,0.11869525683112442,0.6225826868787407,0.06888293187504502
58.546443462371826,18.049269194652418,18.324167810060572,0.11869525683112442,0.6225826868787407,0.27489861540815497
58.566532135009766,17.838888243903092,18.216705756909,0.09514776949770748,0.6378973934799432,0.37781751300590827
58.58763813972473,17.656230131181786,18.180708141757208,0.09514776949770748,0.6378973934799432,0.5244780105754216
58.6065092086792,17.499504752179522,18.07218722054958,0.039454772667959326,0.6632418416440486,0.5726824683700578
58.62706422805786,17.369554919265486,18.035838209079028,0.039454772667959326,0.6632418416440486,0.666283289813542
58.64638352394104,17.26394401865663,17.92626783981231,0.07682728727348148,0.6713012874126434,0.662323821155681
58.666484355926514,17.18960356847758,17.88957060723332,0.07682728727348148,0.6713012874126434,0.6999670387557408
58.68652057647705,17.15515663230252,17.778960420320132,0.08208015427924692,0.6754335968755185,0.6238037880176108
58.70655107498169,17.16554123197016,17.741918211494507,0.08208015427924692,0.6754335968755185,0.5763769795243476
58.72712326049805,17.220689342339462,17.741918211494507,0.08208015427924692,0.6754335968755185,0.5212288691550455
58.74887824058533,17.312424932657823,17.592894173307553,0.08949219581671058,0.6696208327077329,0.28046924064972956
58.77192997932434,17.441053877116104,17.592894173307553,0.08949219581671058,0.6696208327077329,0.15184029619144823
58.78772020339966,17.60581630951106,17.404705729187103,0.11566148285754024,0.6467656067572534,-0.2011105803239559
58.81272625923157,17.74886725990102,17.290785132842252,0.1308804476354271,0.6312489000149071,-0.4580821270587663
58.82662010192871,17.9247999386411,17.252644984449255,0.1308804476354271,0.6312489000149071,-0.6721549541918463
58.84652352333069,18.12125128325985,17.252644984449255,0.1308804476354271,0.6312489000149071,-0.8686062988105938
58.866732120513916,18.326777037228464,17.099257199668305,0.17293265328742563,0.6451582110486924,-1.227519837560159
58.886388301849365,18.53318908888939,17.099257199668305,0.17293265328742563,0.6451582110486924,-1.4339318892210855
58.907647371292114,18.734776777886292,16.94455665654272,0.24293265328742564,0.6368340871296823,-1.7902201213435731
58.926594734191895,18.925384388803316,16.94455665654272,0.24293265328742564,0.6368340871296823,-1.9808277322605967
58.94653511047363,19.103342009086322,16.827678487192394,0.21349605382420123,0.6102758704684674,-2.2756635218939287
58.96644139289856,19.263190443154677,16.788557892484448,0.21349605382420123,0.6102758704684674,-2.474632550670229
58.986454486846924,19.401615106300707,16.63127569672231,0.28349605382420123,0.5569409339688718,-2.7703394095783977
59.00747346878052,19.51224567790779,16.591756368352137,0.28349605382420123,0.5569409339688718,-2.920489309555652
59.02820444107056,19.608297964709685,16.472725106405413,0.26587005698122085,0.5225149824284017,-3.135572858304272
59.0463707447052,19.663203275616393,16.432891057633253,0.26587005698122085,0.5225149824284017,-3.2303122179831405
59.071489095687866,19.66723454612652,16.432891057633253,0.26587005698122085,0.5225149824284017,-3.2343434884932662
59.08732843399048,19.621925371827107,16.232554474471748,0.2753117242176086,0.4833633027039468,-3.3893708973553593
59.106531858444214,19.52732497228948,16.232554474471748,0.2753117242176086,0.4833633027039468,-3.2947704978177335
59.12639307975769,19.368552162879652,16.111428250668368,0.2739243320468813,0.4968390169553458,-3.2571239122112843
59.14639353752136,19.13927836917898,16.070900277111647,0.2739243320468813,0.4968390169553458,-3.0683780920673343
59.166359186172485,18.84854767364989,15.908032211334017,0.22626183920539916,0.48723864024505015,-2.9405154623158722
59.18674564361572,18.511210653303415,15.86712741019716,0.22626183920539916,0.48723864024505015,-2.6440832431062553
59.20645451545715,18.138810532969917,15.743966381709045,0.18217249580658973,0.5207531063817441,-2.3948441512608714
59.2270085811615,17.747238139185033,15.702764682576744,0.18217249580658973,0.5207531063817441,-2.044473456608289
59.24634885787964,17.407264989583034,15.578719119295966,0.19294223927892745,0.5097616522572934,-1.8285458702870674
59.266849994659424,17.057495539984068,15.537224639865322,0.19294223927892745,0.5097616522572934,-1.5202709001187458
59.28799819946289,16.71013990885388,15.412306977746514,0.16593644388951362,0.5392605646513402,-1.297832931107365
59.30721187591553,16.373615389536045,15.370523890753896,0.16593644388951362,0.5392605646513402,-1.0030914987821493
59.330745220184326,16.05579936450131,15.20267926165523,0.20932072394527496,0.556417532544583,-0.8531201028460806
59.3465678691864,15.75935390095051,15.160541365392778,0.20932072394527496,0.556417532544583,-0.5988125355577321
59.37261366844177,15.487881147857998,15.033707792807231,0.17439635463990272,0.6081347431056201,-0.4541733550507665
59.38640356063843,15.243224934258224,14.991290873831247,0.17439635463990272,0.6081347431056201,-0.2519340604269775
59.406540632247925,15.02364285257208,14.991290873831247,0.17439635463990272,0.6081347431056201,-0.03235197874083262
59.426949977874756,14.82726383452015,14.820935137573217,0.12714190402068198,0.6505589487962424,-0.006328696946932055
59.447152614593506,14.65217675842484,14.820935137573217,0.12714190402068198,0.6505589487962424,0.1687583791483771
59.46751356124878,14.500161688773558,14.64949166371633,0.08340029784478248,0.6371664994396269,0.14932997494277167
59.48775863647461,14.366826033194878,14.64949166371633,0.08340029784478248,0.6371664994396269,0.28266563052145166
59.50781583786011,14.252295128101956,14.476978160519494,0.07332653732039035,0.6357522793579846,0.22468303241753773
59.52651572227478,14.158476780596875,14.476978160519494,0.07332653732039035,0.6357522793579846,0.31850137992261907
59.54643630981445,14.097731979313469,14.303412533506286,0.058601597258821136,0.6950948015321046,0.20568055419281706
59.5672709941864,14.082407471361535,14.303412533506286,0.058601597258821136,0.6950948015321046,0.22100506214475146
59.587687730789185,14.117565670506243,14.128812881568372,0.057633595708757646,0.6687251031864434,0.01124721106212867
59.6069860458374,14.200759667701547,14.128812881568372,0.057633595708757646,0.6687251031864434,-0.07194678613317507
59.626678466796875,14.333656605636511,13.997195558337749,0.016127662900835282,0.5987251031864433,-0.33646104729876214
59.64644765853882,14.520737229434278,13.865014663571763,0.009186158590018756,0.5287251031864433,-0.655722565862515
59.6672158241272,14.761369423578195,13.820830480936856,0.009186158590018756,0.5287251031864433,-0.9405389426413393
59.687482595443726,14.970292438165608,13.687910365790568,0.0,0.4845753579307346,-1.2823820723750394
59.70656776428223,15.228146038127244,13.687910365790568,0.0,0.4845753579307346,-1.5402356723366761
59.726874351501465,15.522455552976782,13.50983685572219,0.010348809882998466,0.4936321402806787,-2.0126186972545916
59.746272802352905,15.84822822519108,13.50983685572219,0.010348809882998466,0.4936321402806787,-2.3383913694688907
59.76625943183899,16.20811601921079,13.37565705316688,0.08034880988299847,0.44457333040423674,-2.8324589660439123
59.78731846809387,16.591480096792615,13.330813054194444,0.08034880988299847,0.44457333040423674,-3.260667042598172
59.80636405944824,16.98336316993677,13.195933053415114,0.06875719472765923,0.380764747681096,-3.787430116521655
59.82664775848389,17.373151681964995,13.15085805397199,0.06875719472765923,0.380764747681096,-4.222293627993004
59.84646701812744,17.75121251802079,13.015292285031672,0.10667466714978219,0.31904463720507903,-4.735920232989118
59.86785864830017,18.111163786747614,12.969991115859763,0.10667466714978219,0.31904463720507903,-5.141172670887851
59.886476278305054,18.44905002705789,12.833754132294553,0.11885241948068143,0.3232632984314112,-5.615295894763337
59.90740251541138,18.742411487540643,12.7882316648064,0.11885241948068143,0.3232632984314112,-5.954179822734243
59.926276445388794,19.017409284453002,12.605599286007624,0.10454553987830878,0.2839085047040133,-6.411809998445378
59.947221755981445,19.27240450239746,12.55980710643038,0.10454553987830878,0.2839085047040133,-6.71259739596708
59.96639442443848,19.50678594866429,12.422113721009696,0.15118593972176314,0.30155533150769753,-7.084672227654595
59.98721647262573,19.70909063410317,12.376111347450578,0.15118593972176314,0.30155533150769753,-7.332979286652591
60.00637125968933,19.85598753387324,12.237794863812802,0.1904992225393653,0.30901854083873315,-7.618192670060438
60.02644896507263,19.921149900709413,12.19158729313615,0.1904992225393653,0.30901854083873315,-7.729562607573262
60.046443939208984,19.89771118857665,12.05266275697447,0.15200765680521727,0.33366345585323853,-7.84504843160218
60.066362142562866,19.799451537623977,12.006255022575129,0.15200765680521727,0.33366345585323853,-7.793196515048848
60.08647060394287,19.64486330559816,11.86673758771299,0.17324745159596205,0.27202155412174744,-7.778125717885171
60.10646390914917,19.43669371555056,11.86673758771299,0.17324745159596205,0.27202155412174744,-7.569956127837571
60.12650012969971,19.25595556264921,11.680039684010834,0.137406396381557,0.2510875572357325,-7.575915878638375
60.14688467979431,19.00744349851565,11.680039684010834,0.137406396381557,0.2510875572357325,-7.327403814504814
60.16734075546265,18.68829398627021,11.492589510718044,0.10138653095811606,0.24090222333557887,-7.195704475552166
60.1870858669281,18.312277800195325,11.492589510718044,0.10138653095811606,0.24090222333557887,-6.819688289477281
60.20641541481018,17.904356654196313,11.351520589816811,0.10957557678222657,0.18303617154248042,-6.552836064379502
60.22685980796814,17.485025666038794,11.304407665655681,0.10957557678222657,0.18303617154248042,-6.180618000383113
60.24649620056152,17.064188352339798,11.16280358604017,0.07977419503033162,0.2530361715424804,-5.901384766299628
60.267810583114624,16.63486511242454,11.115514875719214,0.07977419503033162,0.2530361715424804,-5.519350236705325
60.28645372390747,16.187799001805754,10.973391264922068,0.13158182956278325,0.27307254482991977,-5.214407736883686
60.3068163394928,15.721660635688222,10.92593199298195,0.13158182956278325,0.27307254482991977,-4.795728642706273
60.326417446136475,15.24529468901994,10.783304569862045,0.12253019649535418,0.2739564236789009,-4.461990119157894
60.34638571739197,14.831701611922359,10.735679990798417,0.12253019649535418,0.2739564236789009,-4.096021621123942
60.36726355552673,14.415287369951612,10.592564562618442,0.09363103907555342,0.2865527757047674,-3.82272280733317
60.387726068496704,14.010204503274762,10.44909355569181,0.045651784799993045,0.2559560128091833,-3.561110947582952
60.407750606536865,13.621351755895143,10.401192419411823,0.045651784799993045,0.2559560128091833,-3.22015933648332
60.42883777618408,13.256336652602972,10.257261274066314,0.02785423833876849,0.2994413301884195,-2.9990753785366575
60.44749069213867,12.917498644538496,10.257261274066314,0.02785423833876849,0.2994413301884195,-2.6602373704721813
60.466328382492065,12.605772774105299,10.112995543789882,0.03840170957148076,0.3051451063319108,-2.4927772303154168
60.48649835586548,12.323410314030772,10.064834178568272,0.03840170957148076,0.3051451063319108,-2.2585761354624996
60.50756239891052,12.080466477058893,9.920136422638342,0.07959022156894208,0.27171336026629417,-2.1603300544205517
60.52639198303223,11.89215193584323,9.775125254312993,0.03150504983961583,0.2803697186126372,-2.1170266815302377
60.546286821365356,11.772224672742185,9.726720127428743,0.03150504983961583,0.2803697186126372,-2.0455045453134417
60.56755471229553,11.668100761029429,9.581305276677048,0.0,0.27709671627497284,-2.086795484352381
60.58647656440735,11.633402638812871,9.581305276677048,0.0,0.27709671627497284,-2.0520973621358234
60.60787296295166,11.661738864798002,9.386966061638216,0.0,0.25013899575686066,-2.2747728031597862
60.6275360584259,11.73774341308775,9.386966061638216,0.0,0.25013899575686066,-2.350777351449535
60.64680862426758,11.847170701230334,9.240884013599588,0.0,0.28426787402247994,-2.606286687630746
60.66636538505554,11.97924517375455,9.094531387408358,0.032709985971450806,0.2696770174033007,-2.8847137863461914
60.68691086769104,12.135150868960254,9.045688649370632,0.032709985971450806,0.2696770174033007,-3.089462219589622
60.70629954338074,12.31508212733107,8.898989655942842,0.034186785807833076,0.23756583459442465,-3.416092471388229
60.727224826812744,12.511591698545544,8.850034211992597,0.034186785807833076,0.23756583459442465,-3.6615574865529474
60.74622344970703,12.7121209043844,8.703005367373876,0.07430999516509473,0.2036238839454016,-4.0091155370105245
60.76741695404053,12.910157143833723,8.653942732499658,0.07430999516509473,0.2036238839454016,-4.256214411334065
60.787147521972656,13.082097263028922,8.506600609723161,0.14430999516509474,0.19752618489554136,-4.575496653305761
60.80672645568848,13.250525394902922,8.506600609723161,0.14430999516509474,0.19752618489554136,-4.743924785179761
60.82736825942993,13.412075263609559,8.309797543586352,0.08563409133814276,0.16805586037924497,-5.102277720023206
60.846991539001465,13.564589995736048,8.309797543586352,0.08563409133814276,0.16805586037924497,-5.254792452149696
60.86641263961792,13.70680958929539,8.161947223864516,0.028730296930298216,0.09863456157734601,-5.544862365430873
60.88706374168396,13.835813850770986,8.112618398236382,0.028730296930298216,0.09863456157734601,-5.723195452534604
60.90734362602234,13.947606411497965,7.9645006461812216,0.03483073360286654,0.04276599554112165,-5.983105765316743
60.927252769470215,14.02828334415458,7.816193316683805,0.0566210927721113,0.06541302433004587,-6.212090027470776
60.94710111618042,14.057425561644147,7.766717044047095,0.0566210927721113,0.06541302433004587,-6.290708517597052
60.9690797328949,14.012943165379976,7.6181716419045316,0.04759294020943344,0.06240487104048936,-6.394771523475445
60.98757290840149,13.881433313087605,7.6181716419045316,0.04759294020943344,0.06240487104048936,-6.2632616711830735
61.00647020339966,13.767253101721394,7.469458730611461,0.0,0.048000522011425184,-6.297794371109934
61.027695178985596,13.55906242565862,7.419852174944488,0.0,0.048000522011425184,-6.139210250714132
61.04636907577515,13.258631891046035,7.270930675994045,0.0,0.06356309545924871,-5.98770121505199
61.06932520866394,12.8742549940941,7.12186382428612,0.0,0.06096093594795077,-5.75239116980798
61.08762741088867,12.413904632385952,7.072144218090411,0.0,0.06096093594795077,-5.341760414295541
61.10869598388672,11.887437245189327,6.922898373350037,0.027419403195381165,0.04536876786267369,-4.96453887183929
61.12736916542053,11.308074125630117,6.922898373350037,0.027419403195381165,0.04536876786267369,-4.38517575228008
61.14651036262512,10.69102528268132,6.773529408599671,0.07422219216823578,0.0747945881984195,-3.9174958740816486
61.16671061515808,10.054797538327769,6.723714043763543,0.07422219216823578,0.0747945881984195,-3.3310834945642256
61.18640494346619,9.417383522925757,6.52433347394113,0.04568144865334034,0.1447945881984195,-2.8930500489846267
61.20643925666809,8.793628177446088,6.474460325143504,0.04568144865334034,0.1447945881984195,-2.3191678523025843
61.22655367851257,8.252067861270415,6.324779335905379,0.02192757837474346,0.21088757853722184,-1.9272885253650358
61.24739456176758,7.725602389391214,6.274866341125353,0.02192757837474346,0.21088757853722184,-1.4507360482658607
61.26651334762573,7.223496442456688,6.125074331390277,0.0,0.2185434743179938,-1.0984221110664114
61.28678822517395,6.751543093596777,6.075127170247178,0.0,0.2185434743179938,-0.676415923349599
61.30644154548645,6.312971429489186,5.92524118794476,0.0,0.2885434743179938,-0.3877302415444257
61.32775259017944,5.909144539775687,5.875265545902742,0.0,0.2885434743179938,-0.03387899387294446
61.34650778770447,5.540093505001146,5.725302655036032,0.03039015270769596,0.24897791484137982,0.18520915003488536
61.36648464202881,5.2049233991413875,5.675304222429993,0.03039015270769596,0.24897791484137982,0.47038082328860575
61.38646626472473,4.906752391984575,5.525281500153014,0.08788262866437435,0.23547579666366786,0.6185291081684392
61.40715742111206,4.662985632500957,5.475265971214451,0.08788262866437435,0.23547579666366786,0.812280338713494
61.426382064819336,4.512074755301453,5.325200504909738,0.13494438864290714,0.22637473178794593,0.8131257496082851
61.44680452346802,4.381050078779181,5.275173576792586,0.13494438864290714,0.22637473178794593,0.8941234980134052
61.467183113098145,4.401582906153563,5.125082461148807,0.06494438864290714,0.220730796845164,0.7234995549952439
61.48764491081238,4.62644643612661,5.07504983295528,0.06494438864290714,0.220730796845164,0.4486033968286698
61.50868821144104,5.063747304679833,4.924950167044734,0.08035151783376931,0.25463882127543896,-0.13879713763509827
61.52782344818115,5.657925104970176,4.874917538851204,0.08035151783376931,0.25463882127543896,-0.7830075661189726
61.55118250846863,6.336141666038116,4.674799495090269,0.08261604753322899,0.25567719425773233,-1.6613421709478464
61.56714057922363,7.040957491364432,4.624774882536379,0.08261604753322899,0.25567719425773233,-2.416182608828054
61.58703660964966,7.741040602599817,4.624774882536379,0.08261604753322899,0.25567719425773233,-3.1162657200634385
61.60671043395996,8.41938584725262,4.4247067109808995,0.05941195559687912,0.2095116795203647,-3.9946791362717207
61.627623081207275,9.062438330358656,4.4247067109808995,0.05941195559687912,0.2095116795203647,-4.637731619377757
61.64643120765686,9.666345920362568,4.274697344963975,0.0976708769518882,0.1395116795203647,-5.391648575398593
61.6674268245697,10.190673908496928,4.2247040763002985,0.0976708769518882,0.1395116795203647,-5.965969832196629
61.68646836280823,10.680066911449632,4.024789756942667,0.11622793559916317,0.06951167952036469,-6.655277154506965
61.70662260055542,11.13229685695005,3.974827644339843,0.11622793559916317,0.06951167952036469,-7.1574692126102075
61.73098039627075,11.544479249960293,3.775055727954708,0.18622793559916317,0.017314405699726032,-7.769423522005585
61.74676299095154,11.90408428526146,3.725133658874647,0.18622793559916317,0.017314405699726032,-8.178950626386813
61.76691818237305,12.194529283759662,3.725133658874647,0.18622793559916317,0.017314405699726032,-8.469395624885015
61.786608934402466,12.396853554248313,3.5255396748564927,0.22505846922285855,0.0,-8.87131387939182
61.80693602561951,12.495577088027625,3.4756665260588733,0.22505846922285855,0.0,-9.019910561968752
61.82725191116333,12.471096420064757,3.3261135862514415,0.24041468207724392,0.0,-9.144982833813316
61.847880125045776,12.301460660512927,3.276285956236464,0.24041468207724392,0.0,-9.025174704276463
61.86660385131836,11.961350609486132,3.276285956236464,0.24041468207724392,0.0,-8.685064653249668
61.88685894012451,11.666058379762712,3.027338860523514,0.2313727003056556,0.0,-8.638719519239197
61.90754961967468,11.167394536688414,3.027338860523514,0.2313727003056556,0.0,-8.1400556761649
61.926552057266235,10.436379320803935,2.8284316621928483,0.20213767257519066,0.0,-7.607947658611087
61.947423219680786,9.442793117624227,2.7787425940956503,0.20213767257519066,0.0,-6.6640505235285765
61.96682643890381,8.160984264531027,2.6297715873331953,0.1645469714421779,0.01712779887020588,-5.531212677197832
61.98678255081177,6.587680740371209,2.5801478250555263,0.1645469714421779,0.01712779887020588,-4.007532915315683
62.01112508773804,4.760721047566758,2.381828358095465,0.17546091810800135,0.0,-2.378892689471293
62.027100801467896,2.75476641610055,2.3322941439579346,0.17546091810800135,0.0,-0.4224722721426155
62.04793643951416,0.668086732929253,2.3322941439579346,0.17546091810800135,0.0,1.6642074110286815
62.067665576934814,-1.419668769605139,2.134350425394409,0.10546091810800134,0.0,3.5540191949995483
62.0866858959198,-3.4531489407489784,2.134350425394409,0.10546091810800134,0.0,5.587499366143387
62.106531381607056,-5.218668342550265,1.9861052396757088,0.06297561765648424,0.03447381779551506,7.2047735822259735
62.12832999229431,-6.928207395776431,1.9367325392615165,0.06297561765648424,0.03447381779551506,8.864939935037947
62.14643573760986,-8.553808874577227,1.7394628551092595,0.004455982306972139,0.006900567561388016,10.293271729686486
62.167702198028564,-10.07595005491269,1.6902024564136582,0.004455982306972139,0.006900567561388016,11.766152511326348
62.19085144996643,-11.48379751999675,1.493399390276835,0.0,0.07690056756138802,12.977196910273586
62.20692253112793,-12.761257048896079,1.4442599925916682,0.0,0.07690056756138802,14.205517041487747
62.22663593292236,-13.884371834411558,1.4442599925916682,0.0,0.07690056756138802,15.328631827003226
62.24802613258362,-14.833620642279346,1.2479582774238835,0.04335322976112366,0.14690056756138803,16.08157891970323
62.26767444610596,-15.590761232340853,1.2479582774238835,0.04335322976112366,0.14690056756138803,16.838719509764736
62.28647494316101,-16.14586954526039,1.0520825602992758,0.0,0.21690056756138804,17.197952105559665
62.30671238899231,-16.495060714802655,1.0031827811265934,0.0,0.21690056756138804,17.49824349592925
62.32854652404785,-16.798237403473177,0.8566549104872578,0.013821763917803764,0.2370839259028435,17.654892313960435
62.34649991989136,-16.904289054935738,0.8078705874761098,0.013821763917803764,0.2370839259028435,17.712159642411848
62.37168622016907,-16.826615920676094,0.8078705874761098,0.013821763917803764,0.2370839259028435,17.634486508152204
62.38678693771362,-16.584000296442575,0.5644016469617128,0.0,0.28947791740298273,17.148401943404288
62.40812587738037,-16.198467735165643,0.5644016469617128,0.0,0.28947791740298273,16.762869382127356
62.42643642425537,-15.689083315451857,0.4186947233229503,0.0029701434541493654,0.21947791740298273,16.107778038774807
62.44642472267151,-15.056138933683531,0.37019020066494335,0.0029701434541493654,0.21947791740298273,15.426329134348475
62.46648645401001,-14.272981219952532,0.17650342867563396,0.07297014345414937,0.2669340328872204,14.449484648628166
62.4869430065155,-13.285678204235362,0.12816625990243224,0.07297014345414937,0.2669340328872204,13.413844464137794
62.506412744522095,-12.034353846608697,-0.016636978923312284,0.09722291019745172,0.1969340328872204,12.017716867685385
62.52735424041748,-10.486694024316975,-0.06483417856826179,0.09722291019745172,0.1969340328872204,10.421859845748713
62.54643535614014,-9.142976252971621,-0.20920942702836598,0.16722291019745172,0.23968229040503503,8.933766825943255
62.566582441329956,-7.507740755789181,-0.25726127406630894,0.16722291019745172,0.23968229040503503,7.250479481722872
62.589728593826294,-5.69690477391621,-0.4011924194118244,0.23722291019745173,0.16968229040503502,5.295712354504386
62.60691452026367,-3.825722611181452,-0.4490935556918032,0.23722291019745173,0.16968229040503502,3.3766290554896488
62.63158202171326,-1.978154416187332,-0.4490935556918032,0.23722291019745173,0.16968229040503502,1.5290608604955287
62.64668011665344,-0.20031318059887798,-0.6880149093864496,0.30722291019745174,0.09968229040503501,-0.4877017287875716
62.666975021362305,1.4799259089279058,-0.6880149093864496,0.30722291019745174,0.09968229040503501,-2.1679408183143556
62.68803787231445,3.0295591510002406,-0.8784309005032682,0.37722291019745174,0.029682290405035006,-3.907990051503509
62.707091093063354,4.392043354566415,-0.8784309005032682,0.37722291019745174,0.029682290405035006,-5.270474255069683
62.72651171684265,5.493659101552562,-1.0208083879128793,0.44722291019745175,0.0,-6.514467489465441
62.74686574935913,6.255332266419904,-1.1155148757192137,0.44722291019745175,0.0,-7.370847142139118
62.76649808883667,6.916636354597099,-1.257250306828709,0.5172229101974517,0.03166238218545914,-8.173886661425808
62.787477254867554,7.189045316744482,-1.304407665655667,0.5172229101974517,0.03166238218545914,-8.49345298240015
62.808265209198,7.047491490764108,-1.445611836212393,0.5872229101974518,0.03314732958097011,-8.493103326976502
62.82752752304077,6.4970550549844415,-1.492589510718041,0.5872229101974518,0.03314732958097011,-7.989644565702482
62.85179686546326,5.563622399989128,-1.6800396840108363,0.6175012036133558,0.0,-7.243662083999964
62.867151975631714,4.272951182533495,-1.7267854869211128,0.6175012036133558,0.0,-5.999736669454608
62.88732123374939,2.6569798473209314,-1.7267854869211128,0.6175012036133558,0.0,-4.383765334242044
62.90661263465881,0.7626798994782837,-1.9132921203129882,0.6066840213630349,0.04045909270644188,-2.675972019791272
62.92644548416138,-1.3375589788082303,-1.9132921203129882,0.6066840213630349,0.04045909270644188,-0.575733141504758
62.9481406211853,-3.562549003764161,-2.0990209242850426,0.6470643837843091,0.11045909270644189,1.4635280794791186
62.967856884002686,-5.845661882564013,-2.0990209242850426,0.6470643837843091,0.11045909270644189,3.74664095827897
62.9864444732666,-7.8279187745779355,-2.2377948638127876,0.6307645828370005,0.09017405442893506,5.590123910765148
63.00649976730347,-9.867082172944833,-2.2839516056805067,0.6307645828370005,0.09017405442893506,7.583130567264327
63.02645564079285,-11.92677500322211,-2.4680640130809834,0.5607645828370005,0.09318148966878653,9.458710990141126
63.04686427116394,-13.967291322082426,-2.5139619119360006,0.5607645828370005,0.09318148966878653,11.453329410146425
63.06648015975952,-15.943026768783424,-2.6513381407030145,0.4907645828370005,0.16318148966878654,13.29168862808041
63.087016582489014,-17.81938004389516,-2.697023361147334,0.4907645828370005,0.16318148966878654,15.122356682747824
63.10648155212402,-19.574936968728696,-2.8337541322945334,0.5607645828370005,0.23318148966878655,16.741182836434163
63.12672734260559,-21.20032359701193,-2.8792217340861193,0.5607645828370005,0.23318148966878655,18.32110186292581
63.14659118652344,-22.68782689732718,-3.015292285031652,0.49885752984322607,0.17218603011220696,19.67253461229553
63.16747450828552,-24.038039797578246,-3.060537366894259,0.49885752984322607,0.17218603011220696,20.977502430683987
63.18668866157532,-25.250359711619822,-3.195933053415125,0.4797174818906933,0.24218603011220696,22.054426658204697
63.20691466331482,-26.302926812987966,-3.2409507540125304,0.4797174818906933,0.24218603011220696,23.061976058975436
63.22816848754883,-27.227969792129617,-3.3756570531668615,0.4471031874511391,0.272779023014009,23.852312738962755
63.24654531478882,-28.00994507773082,-3.3756570531668615,0.4471031874511391,0.272779023014009,24.634288024563958
63.268054485321045,-28.646459639454484,-3.554445065126764,0.4358065165672451,0.31626770433038476,25.09201457432772
63.287569999694824,-29.151266667616575,-3.554445065126764,0.4358065165672451,0.31626770433038476,25.59682160248981
63.306525230407715,-29.532757300877208,-3.6879103657905503,0.4468507869262248,0.3507955425605178,25.844846935086657
63.3266978263855,-29.788428109958325,-3.732278039149058,0.4468507869262248,0.3507955425605178,26.056150070809267
63.34650945663452,-29.89900909722951,-3.8650146635717704,0.47493329365737735,0.35987705245614054,26.03399443365774
63.367387771606445,-29.854939526386566,-3.9091370979989932,0.47493329365737735,0.35987705245614054,25.945802428387573
63.386560678482056,-29.6606035404254,-4.041131004071442,0.43320804183371364,0.28987705245614054,25.619472536353957
63.40679597854614,-29.33227192699362,-4.085003541249428,0.43320804183371364,0.28987705245614054,25.247268385744192
63.42654776573181,-29.047206037507983,-4.25985884917737,0.5032080418337137,0.35987705245614054,24.787347188330614
63.44675064086914,-28.639592361971022,-4.303412533506261,0.5032080418337137,0.35987705245614054,24.33617982846476
63.467212200164795,-28.139071223559043,-4.433684686660673,0.47813807678408926,0.42987705245614055,23.70538653689837
63.49193024635315,-27.577944169190065,-4.563367551267916,0.5207940476853401,0.4889621235430241,23.01457661792215
63.507381439208984,-26.989509875862346,-4.606462907074462,0.5207940476853401,0.4889621235430241,22.383046968787884
63.52639389038086,-26.397616632177836,-4.606462907074462,0.5207940476853401,0.4889621235430241,21.791153725103374
63.54665660858154,-25.818920152837656,-4.7781755561878505,0.5197079835366458,0.4189621235430241,21.040744596649805
63.5717248916626,-25.26232502383069,-4.7781755561878505,0.5197079835366458,0.4189621235430241,20.48414946764284
63.58781290054321,-24.717219280948257,-4.9062500718560855,0.5376351049076766,0.3854247170686722,19.81096920909217
63.606494188308716,-24.16434751960908,-5.0337077928072205,0.6076351049076767,0.31647067397832873,19.13063972680186
63.62678909301758,-23.599805377644113,-5.07605536142826,0.6076351049076767,0.31647067397832873,18.523750016215853
63.64650869369507,-23.109655476544784,-5.202679261655234,0.6776351049076768,0.3414900141954422,17.90697621488955
63.66657471656799,-22.611842311493657,-5.244746729408302,0.6776351049076768,0.3414900141954422,17.367095582085355
63.68662166595459,-22.12182620638625,-5.370523890753901,0.7,0.2714900141954422,16.751302315632348
63.706878662109375,-21.650140108877643,-5.370523890753901,0.7,0.2714900141954422,16.279616218123742
63.727553367614746,-21.203616912823456,-5.5372246398653076,0.7,0.2014900141954422,15.666392272958149
63.747695207595825,-20.786339446947224,-5.5372246398653076,0.7,0.2014900141954422,15.249114807081916
63.76636457443237,-20.40037279604713,-5.702764682576735,0.6299999999999999,0.2714900141954422,14.697608113470395
63.7871208190918,-20.04864248248189,-5.702764682576735,0.6299999999999999,0.2714900141954422,14.345877799905153
63.807719707489014,-19.734594569865724,-5.867127410197163,0.6255068617127835,0.31770273953676226,13.86746715966856
63.82669019699097,-19.478160295527992,-5.867127410197163,0.6255068617127835,0.31770273953676226,13.611032885330829
63.84826922416687,-19.298614149699755,-6.030296435653884,0.5555068617127834,0.28830501161515715,13.268317714045871
63.86701965332031,-19.142727601860887,-6.030296435653884,0.5555068617127834,0.28830501161515715,13.112431166207003
63.886568546295166,-19.055758320143326,-6.151880106925738,0.4855068617127834,0.3224918553978205,12.903878213217588
63.90726637840271,-19.018949688595896,-6.192255597389206,0.4855068617127834,0.3224918553978205,12.82669409120669
63.926812171936035,-19.017951750334202,-6.3129214027065785,0.5555068617127834,0.32925881309434774,12.705030347627623
63.94670486450195,-19.041853519190244,-6.432891057633263,0.5728918359987436,0.25952347232028844,12.608962461556981
63.966559410095215,-19.08242020861893,-6.472725106405406,0.5728918359987436,0.25952347232028844,12.609695102213525
63.98987603187561,-19.13349289487107,-6.591756368352119,0.5028918359987435,0.29756938157603147,12.54173652651895
64.00802111625671,-19.190516825641488,-6.631275696722312,0.5028918359987435,0.29756938157603147,12.559241128919176
64.02714681625366,-19.250171514721423,-6.631275696722312,0.5028918359987435,0.29756938157603147,12.61889581799911
64.04650139808655,-19.310081284033135,-6.8276784871923795,0.43289183599874353,0.32876724055036904,12.482402796840756
64.06688022613525,-19.36858931147539,-6.8276784871923795,0.43289183599874353,0.32876724055036904,12.54091082428301
64.0864908695221,-19.41938747468163,-6.944556656542705,0.36383732182905054,0.37421196749433877,12.474830818138926
64.10687279701233,-19.468686005841413,-6.983354072737686,0.36383732182905054,0.37421196749433877,12.485331933103726
64.12646985054016,-19.51564366438594,-7.137727779237267,0.4126509666256604,0.30421196749433876,12.377915885148674
64.14642095565796,-19.559737834532534,-7.17611608549695,0.4126509666256604,0.30421196749433876,12.383621749035584
64.16643643379211,-19.598364636437086,-7.290785132842252,0.4826509666256604,0.23421196749433876,12.307579503594834
64.187504529953,-19.625226861871763,-7.328842119334382,0.4826509666256604,0.23421196749433876,12.29638474253738
64.2117486000061,-19.617729862759255,-7.4802340693896525,0.4600464713387189,0.27255101984366775,12.137495793369602
64.22739315032959,-19.563401720632672,-7.517871972679025,0.4600464713387189,0.27255101984366775,12.045529747953648
64.2464702129364,-19.47334469953502,-7.517871972679025,0.4600464713387189,0.27255101984366775,11.955472726855994
64.26731967926025,-19.360844541721086,-7.667576815060386,0.47931891797110415,0.23111135622486473,11.6932677266607
64.28747034072876,-19.235720750175997,-7.667576815060386,0.47931891797110415,0.23111135622486473,11.56814393511561
64.30648589134216,-19.127085079794448,-7.778960420320111,0.4965963896922765,0.27280681690201164,11.348124659474337
64.3274793624878,-19.01080619135632,-7.81591669306232,0.4965963896922765,0.27280681690201164,11.194889498294
64.34638810157776,-18.892282991023347,-7.96287831861585,0.4265963896922765,0.3248418319784105,10.929404672407497
64.36684536933899,-18.77764095001742,-7.999401841917965,0.4265963896922765,0.3248418319784105,10.778239108099456
64.38638257980347,-18.668716065117103,-8.108448677874264,0.4965963896922765,0.3920320171676576,10.560267387242838
64.4066834449768,-18.568949256787498,-8.144622383695456,0.4965963896922765,0.3920320171676576,10.424326873092042
64.42646408081055,-18.47817281280834,-8.252615035109528,0.4265963896922765,0.39626837119460107,10.22555777769881
64.4474925994873,-18.396033303457095,-8.288435783430515,0.4265963896922765,0.39626837119460107,10.10759752002658
64.4715666770935,-18.322057617872403,-8.288435783430515,0.4265963896922765,0.39626837119460107,10.033621834441888
64.48737215995789,-18.25570198580308,-8.466204902745531,0.4965963896922765,0.3652947709709406,9.789497083057547
64.50751209259033,-18.196387889376155,-8.466204902745531,0.4965963896922765,0.3652947709709406,9.730182986630624
64.52647137641907,-18.1448898764975,-8.571791913260427,0.561539025288075,0.3776038444414735,9.573097963237075
64.54650473594666,-18.09881603288987,-8.606807396428806,0.561539025288075,0.3776038444414735,9.492008636461065
64.56649851799011,-18.055407634248738,-8.745963559484025,0.49909864110872126,0.3083798146620393,9.309444074764713
64.58659148216248,-18.014994625239538,-8.780525264382163,0.49909864110872126,0.3083798146620393,9.234469360857375
64.6064817905426,-17.9777272357927,-8.883661955938258,0.5581747342459855,0.27218531507998706,9.09406527985444
64.62645626068115,-17.943626910207765,-8.917857467333299,0.5581747342459855,0.27218531507998706,9.025769442874466
64.64641284942627,-17.91262507564383,-8.917857467333299,0.5581747342459855,0.27218531507998706,8.994767608310532
64.66768169403076,-17.88459244234625,-9.053718030416192,0.6212270830385385,0.29951987106353045,8.830874411930058
64.68839073181152,-17.859360955198373,-9.154641206798964,0.6179610805213449,0.32623703468590975,8.704719748399409
64.70750021934509,-17.839056410580845,-9.18809619712512,0.6179610805213449,0.32623703468590975,8.650960213455726
64.73099136352539,-17.822709147916036,-9.320981519271768,0.5642713175714014,0.3531873958930373,8.501727628644268
64.74650192260742,-17.808516037105015,-9.353968398120273,0.5642713175714014,0.3531873958930373,8.454547638984742
64.7716236114502,-17.797218545028976,-9.353968398120273,0.5642713175714014,0.3531873958930373,8.443250146908703
64.78654670715332,-17.788230037247825,-9.484973447808656,0.5842715089768169,0.3556095584575087,8.303256589439169
64.80743288993835,-17.781082195927073,-9.484973447808656,0.5842715089768169,0.3556095584575087,8.296108748118417
64.82667016983032,-17.775401226097223,-9.61446329197954,0.654271508976817,0.4256095584575087,8.160937934117683
64.84794926643372,-17.770888837847203,-9.61446329197954,0.654271508976817,0.4256095584575087,8.156425545867663
64.86653995513916,-17.769623395084587,-9.710580643043585,0.684125963076949,0.4763331633154303,8.059042752041002
64.88655233383179,-17.76833021962388,-9.742428511386798,0.684125963076949,0.4763331633154303,8.025901708237082
64.90648889541626,-17.76705186307582,-9.837396407785818,0.7,0.42391840704716743,7.929655455290003
64.9264714717865,-17.768133838489575,-9.8688600116623,0.7,0.42391840704716743,7.899273826827276
64.94642305374146,-17.770826738933355,-9.993749027212324,0.6486627019941806,0.4632672254089266,7.777077711721031
64.96740055084229,-17.773164783851662,-10.024729272263002,0.6486627019941806,0.4632672254089266,7.74843551158866
64.9863953590393,-17.776597535555183,-10.117087125114082,0.6664128422737121,0.46862113299779595,7.659510410441101
65.00725650787354,-17.780700179356362,-10.147678362464433,0.6664128422737121,0.46862113299779595,7.6330218168919295
65.02875304222107,-17.785159992353908,-10.238866209012528,0.6828065261244773,0.45954303453676404,7.54629378334138
65.04650664329529,-17.789750350185926,-10.269066467619155,0.6828065261244773,0.45954303453676404,7.520683882566772
65.071786403656,-17.794310403511577,-10.388885917561119,0.7,0.39042384187690915,7.4054244859504585
65.08769369125366,-17.798729228199388,-10.418594811647438,0.7,0.39042384187690915,7.38013441655195
65.10661578178406,-17.802933500584732,-10.418594811647438,0.7,0.39042384187690915,7.384338688937294
65.1280472278595,-17.806877945988607,-10.536443182869881,0.694131441693753,0.41622556942515077,7.270434763118725
65.14796161651611,-17.810537965217723,-10.536443182869881,0.694131441693753,0.41622556942515077,7.2740947823478415
65.16648554801941,-17.813903968175566,-10.652706909573304,0.646224897634238,0.4305074467416853,7.161197058602262
65.18677306175232,-17.816826417881703,-10.68152446705291,0.646224897634238,0.4305074467416853,7.135301950828794
65.20672130584717,-17.819514387984977,-10.767379458177253,0.6026756542734801,0.46357913604937495,7.052134929807725
65.22755932807922,-17.821968651979546,-10.795798242127375,0.6026756542734801,0.46357913604937495,7.0261704098521705
65.2502338886261,-17.82419590641899,-10.908473176019235,0.5605535398237407,0.39357913604937494,6.915722730399754
65.26640057563782,-17.826206785411035,-10.93639141191096,0.5605535398237407,0.39357913604937494,6.889815373500074
65.29147410392761,-17.82801437775068,-10.93639141191096,0.5605535398237407,0.39357913604937494,6.891622965839719
65.30721712112427,-17.829633132256845,-11.047059789808095,0.5042261335067451,0.454130742168054,6.7825733424487495
65.32768654823303,-17.831078061597346,-11.047059789808095,0.5042261335067451,0.454130742168054,6.78401827178925
65.34833073616028,-17.83236417442116,-11.15611696688633,0.5278433191590011,0.4367386618908495,6.6762472075348285
65.36647200584412,-17.833506081034482,-11.15611696688633,0.5278433191590011,0.4367386618908495,6.677389114148152
65.38651990890503,-17.83451773000937,-11.263558051245553,0.45784331915900106,0.36673866189084947,6.570959678763817
65.4073326587677,-17.83539606947799,-11.29016527027919,0.45784331915900106,0.36673866189084947,6.5452307991988015
65.42665696144104,-17.833858491344714,-11.29016527027919,0.45784331915900106,0.36673866189084947,6.543693221065524
65.44665551185608,-17.83068338684516,-11.421679728028238,0.45959983509499575,0.331620175158605,6.409003658816921
65.46708917617798,-17.82645456812797,-11.447677855260622,0.45959983509499575,0.331620175158605,6.378776712867349
65.48656821250916,-17.821605310209723,-11.525061652554989,0.44144947756547476,0.261620175158605,6.296543657654734
65.50669407844543,-17.81413656096061,-11.550652540579506,0.44144947756547476,0.261620175158605,6.263484020381103
65.53163123130798,-17.80504520240266,-11.550652540579506,0.44144947756547476,0.261620175158605,6.254392661823154
65.54823660850525,-17.792750064886167,-11.677076848991668,0.47028590295929457,0.2888154555764049,6.1156732158945
65.56697654724121,-17.778553682262125,-11.677076848991668,0.47028590295929457,0.2888154555764049,6.101476833270457
65.58657836914062,-17.76572722424326,-11.751705654994034,0.5274602801026775,0.2572884802427143,6.014021569249227
65.60839033126831,-17.75419032897721,-11.77637737130766,0.5274602801026775,0.2572884802427143,5.977812957669549
65.6265344619751,-17.744173701956303,-11.874040472088097,0.45746028010267753,0.2871138398256153,5.870133229868205
65.64812445640564,-17.73515650108888,-11.898200135721964,0.45746028010267753,0.2871138398256153,5.836956365366916
65.66793537139893,-17.727071129434723,-11.970063969995621,0.38800654147285957,0.3097942323144525,5.757007159439102
65.68660140037537,-17.719846077222453,-11.99381343919594,0.38800654147285957,0.3097942323144525,5.726032638026513
65.7121217250824,-17.71340900153718,-11.99381343919594,0.38800654147285957,0.3097942323144525,5.71959556234124
65.72658920288086,-17.707688887368693,-12.111021182043004,0.39868092496413726,0.23979423231445252,5.5966677053256895
65.74659967422485,-17.70261751363641,-12.111021182043004,0.39868092496413726,0.23979423231445252,5.591596331593408
65.76658868789673,-17.698130397827928,-12.20293878244469,0.379385063019581,0.1697942323144525,5.495191615383238
65.78666138648987,-17.694167353596853,-12.225661321667936,0.379385063019581,0.1697942323144525,5.468506031928918
65.80657958984375,-17.6906727648344,-12.293212342989754,0.3530611913325264,0.1321612156089395,5.397460421844645
65.82750082015991,-17.68759565558598,-12.31552380308191,0.3530611913325264,0.1321612156089395,5.372071852504071
65.84977912902832,-17.684924030774173,-12.38184152566955,0.39180114079732437,0.12742586732842026,5.303082505104623
65.86781096458435,-17.682570043451726,-12.40374188765503,0.39180114079732437,0.12742586732842026,5.278828155796695
65.88686800003052,-17.68281506808157,-12.40374188765503,0.39180114079732437,0.12742586732842026,5.27907318042654
65.90721988677979,-17.687175206023806,-12.511702387198085,0.3322394560696556,0.12813549764454363,5.175472818825721
65.92700386047363,-17.69427871014713,-12.511702387198085,0.3322394560696556,0.12813549764454363,5.182576322949046
65.9467601776123,-17.705416838706046,-12.59622191452577,0.3624300244869663,0.19024259127676485,5.109194924180276
65.96810984611511,-17.728329186561822,-12.617095144246576,0.3624300244869663,0.19024259127676485,5.111234042315246
65.98995637893677,-17.781979305008594,-12.679099216740397,0.3847747850837185,0.17089012913405893,5.102880088268197
66.00831604003906,-17.876412466800755,-12.699562120680255,0.3847747850837185,0.17089012913405893,5.176850346120499
66.02821254730225,-18.003633000477578,-12.699562120680255,0.3847747850837185,0.17089012913405893,5.304070879797322
66.0481870174408,-18.150274117202866,-12.800339583096019,0.402716980841942,0.14526201128959654,5.349934534106847
66.06695246696472,-18.277591678669264,-12.800339583096019,0.402716980841942,0.14526201128959654,5.477252095573245
66.08660435676575,-18.417080037140177,-12.879119212442745,0.3469612203212454,0.19244100242853163,5.537960824697432
66.1076602935791,-18.561345792098805,-12.898558574406067,0.3469612203212454,0.19244100242853163,5.662787217692738
66.1283507347107,-18.705127724495334,-12.956264085711773,0.3639833438815548,0.26244100242853163,5.748863638783561
66.14669990539551,-18.844784245658506,-12.975295230748785,0.3639833438815548,0.26244100242853163,5.869489014909721
66.16662931442261,-18.977894704156242,-12.975295230748785,0.3639833438815548,0.26244100242853163,6.002599473407457
66.1864857673645,-19.10295028367421,-13.06892320662051,0.37375461735296983,0.19827698975801467,6.0340270770537
66.20698285102844,-19.2167989273312,-13.06892320662051,0.37375461735296983,0.19827698975801467,6.14787572071069
66.22664856910706,-19.31986298380724,-13.141995889045944,0.4411525545315816,0.2682769897580147,6.177867094761297
66.24691343307495,-19.410403686793213,-13.160010475925233,0.4411525545315816,0.2682769897580147,6.25039321086798
66.26930665969849,-19.489859722982075,-13.213446767777768,0.4240578679041936,0.2153228934109211,6.276412955204307
66.28756642341614,-19.558845482210188,-13.231056624881141,0.4240578679041936,0.2153228934109211,6.327788857329047
66.30668830871582,-19.619417708656123,-13.231056624881141,0.4240578679041936,0.2153228934109211,6.388361083774981
66.32672834396362,-19.67254968533408,-13.317592680548302,0.4700228688912465,0.258900545835495,6.354957004785778
66.3477680683136,-19.716797174481677,-13.317592680548302,0.4700228688912465,0.258900545835495,6.399204493933375
66.36678814888,-19.75370753462928,-13.385010767666223,0.5400228688912465,0.24999623216688632,6.368696766963058
66.3877158164978,-19.784548899977764,-13.401614548377822,0.5400228688912465,0.24999623216688632,6.382934351599943
66.4117329120636,-19.81036203943244,-13.401614548377822,0.5400228688912465,0.24999623216688632,6.408747491054619
66.42755270004272,-19.832002369061072,-13.483133870601876,0.5316680467175319,0.2884114219993353,6.348868498459197
66.44667434692383,-19.84785766999502,-13.483133870601876,0.5316680467175319,0.2884114219993353,6.364723799393143
66.4666211605072,-19.859276938468135,-13.530849519833659,0.5227834500791504,0.34219801269471645,6.328427418634476
66.48662495613098,-19.867314072022033,-13.546556060510667,0.5227834500791504,0.34219801269471645,6.320758011511366
66.5078637599945,-19.874292116571294,-13.60839188922077,0.5922938801767303,0.3341481055319309,6.265900227350524
66.52663350105286,-19.87884873950111,-13.623603855106396,0.5922938801767303,0.3341481055319309,6.255244884394713
66.54647302627563,-19.881603401060257,-13.623603855106396,0.5922938801767303,0.3341481055319309,6.2579995459538615
66.56662321090698,-19.883033856712057,-13.69818792104553,0.5979575684713199,0.29229752749204635,6.184845935666527
66.58778095245361,-19.883506845355257,-13.69818792104553,0.5979575684713199,0.29229752749204635,6.185318924309726
66.60651850700378,-19.880985982507127,-13.741762426830832,0.5949331864202394,0.2965299448184669,6.1392235556762955
66.62729358673096,-19.876452086090396,-13.756092081553533,0.5949331864202394,0.2965299448184669,6.120360004536863
66.64649987220764,-19.87063946632048,-13.812438558772868,0.5738005496049299,0.3665299448184669,6.0582009075476115
66.66685342788696,-19.86409186131697,-13.826282869782744,0.5738005496049299,0.3665299448184669,6.037808991534227
66.68977642059326,-19.857206311391806,-13.867236660206771,0.5616199837485327,0.36132177896797657,5.989969651185035
66.70782518386841,-19.852583847560236,-13.88069539033053,0.5616199837485327,0.36132177896797657,5.971888457229706
66.72721028327942,-19.84857050644456,-13.88069539033053,0.5616199837485327,0.36132177896797657,5.96787511611403
66.74675464630127,-19.84617061835038,-13.946552204698008,0.6070365437725558,0.29132177896797656,5.899618413652373
66.76651000976562,-19.8449546519373,-13.946552204698008,0.6070365437725558,0.29132177896797656,5.898402447239292
66.78631258010864,-19.844593061014226,-13.984922769988906,0.6061360667180269,0.32521791972219943,5.859670291025321
66.80654311180115,-19.844834432272457,-13.997523392092091,0.6061360667180269,0.32521791972219943,5.847311040180365
66.8263578414917,-19.845488247944946,-14.046982760142726,0.6110369240585714,0.3130680092796683,5.79850548780222
66.84809851646423,-19.84641130819138,-14.05911272813016,0.6110369240585714,0.3130680092796683,5.787298580061222
66.86909127235413,-19.847497053293687,-14.094941906815123,0.5569440139178186,0.36935079779475927,5.752555146478564
66.88767504692078,-19.848667181415497,-14.106698692457641,0.5569440139178186,0.36935079779475927,5.7419684889578555
66.90772843360901,-19.849865081728524,-14.106698692457641,0.5569440139178186,0.36935079779475927,5.743166389270883
66.9272985458374,-19.851050701526447,-14.164094362214556,0.568472830923274,0.36714470556005835,5.686956339311891
66.94713377952576,-19.85208008690531,-14.164094362214556,0.568472830923274,0.36714470556005835,5.687985724690755
66.96662306785583,-19.853090283302542,-14.20835711670744,0.6237277336139231,0.3655411034775898,5.644733166595103
66.98712658882141,-19.854060527790036,-14.219194845402527,0.6237277336139231,0.3655411034775898,5.63486568238751
67.00660228729248,-19.85497745177269,-14.2511643609663,0.6937277336139231,0.35715788807254284,5.603813090806391
67.02636051177979,-19.855833174942294,-14.261640373579212,0.6937277336139231,0.35715788807254284,5.594192801363082
67.04656505584717,-19.854307488647784,-14.292530062324289,0.652811260940507,0.36400506291072815,5.561777426323495
67.06633234024048,-19.851167931255855,-14.302647934480142,0.652811260940507,0.36400506291072815,5.548519996775713
67.08668327331543,-19.84699015329275,-14.332468725356634,0.7,0.3447393162129447,5.514521427936117
67.10643792152405,-19.842201352538464,-14.34223216759996,0.7,0.3447393162129447,5.499969184938504
67.12969493865967,-19.837114355649316,-14.370995395776646,0.6498146511614322,0.35040868604090064,5.46611895987267
67.14674639701843,-19.831954304824652,-14.380408254545323,0.6498146511614322,0.35040868604090064,5.45154605027933
67.17017388343811,-19.827474216956322,-14.417191922932417,0.6202975872904062,0.33040728205349296,5.410282294023904
67.18754863739014,-19.822989778088317,-14.426172170012954,0.6202975872904062,0.33040728205349296,5.396817608075363
67.21055603027344,-19.82093685209519,-14.452599450282989,0.6217817846219986,0.38055714377667754,5.368337401812202
67.22768712043762,-19.818310563910305,-14.461238270280305,0.6217817846219986,0.38055714377667754,5.357072293630001
67.25252294540405,-19.815355245116695,-14.486647667921027,0.6284100865479558,0.45055714377667755,5.328707577195669
67.26763606071472,-19.814565623300027,-14.486647667921027,0.6284100865479558,0.45055714377667755,5.327917955379
67.2865617275238,-19.81530106260905,-14.511302223656841,0.6515967404004186,0.42113330343272537,5.303998838952207
67.30679392814636,-19.817076397098003,-14.519353964869595,0.6515967404004186,0.42113330343272537,5.297722432228408
67.326500415802,-19.81952723367112,-14.535209480609751,0.7,0.4284105416154489,5.284317753061369
67.34822177886963,-19.82238266923142,-14.558377160518617,0.6622226618230342,0.38017692824359983,5.264005508712803
67.36637592315674,-19.8231275285432,-14.56593673049774,0.6622226618230342,0.38017692824359983,5.25719079804546
67.38789701461792,-19.82377423441485,-14.588130629727338,0.7,0.3567182201659307,5.23564360468751
67.4074113368988,-19.825264626852434,-14.588130629727338,0.7,0.3567182201659307,5.237133997125095
67.42636466026306,-19.827301748329173,-14.61660259127315,0.6299999999999999,0.31518578191753477,5.210699157056023
67.44740724563599,-19.82966492897419,-14.623522654044251,0.6299999999999999,0.31518578191753477,5.206142274929938
67.46732902526855,-19.83219230256004,-14.64381284787045,0.6567018415033816,0.30024722625967115,5.1883794546895885
67.49048328399658,-19.83476711268617,-14.66340478496619,0.600846939831972,0.35088294406887144,5.171362327719979
67.5063784122467,-19.837307012457284,-14.669781780389748,0.600846939831972,0.35088294406887144,5.167525232067536
67.53071284294128,-19.83975572539056,-14.688456449367813,0.5806358802318572,0.34042957180645317,5.151299276022748
67.54700446128845,-19.842076566162056,-14.694530351754231,0.5806358802318572,0.34042957180645317,5.147546214407825
67.56734251976013,-19.844247423921118,-14.694530351754231,0.5806358802318572,0.34042957180645317,5.149717072166887
67.58708810806274,-19.846256893690065,-14.706453713030768,0.6114056362956761,0.2917498809983954,5.139803180659296
67.60635280609131,-19.848001566647664,-14.729412330972771,0.6205927572399377,0.25433100515510887,5.118589235674893
67.63263177871704,-19.849616076763386,-14.745865263346175,0.6254961240291594,0.26149029086809605,5.103750813417211
67.64715361595154,-19.85109762807451,-14.745865263346175,0.6254961240291594,0.26149029086809605,5.105232364728334
67.66626811027527,-19.85013143459108,-14.756474471026202,0.6713260869681834,0.2291432599304244,5.093656963564879
67.6871588230133,-19.849806897498787,-14.761672340765344,0.6713260869681834,0.2291432599304244,5.0881345567334435
67.70649838447571,-19.849936595515924,-14.77684343715788,0.7,0.2949602360604331,5.073093158358045
67.72620701789856,-19.852694726255102,-14.791388616780594,0.650324960052967,0.25339582737069577,5.061306109474508
67.74633693695068,-19.86878756508954,-14.796099684403075,0.650324960052967,0.25339582737069577,5.072687880686466
67.76644563674927,-19.907616394586835,-14.809826294539747,0.684392199665308,0.29515647690277547,5.097790100047089
67.78753852844238,-19.965846564633036,-14.81426759810514,0.684392199665308,0.29515647690277547,5.151578966527897
67.80633783340454,-20.036017876097635,-14.827194326782745,0.6426499903202056,0.2743243462173268,5.208823549314889
67.8268415927887,-20.096942400269853,-14.83137217196191,0.6426499903202056,0.2743243462173268,5.2655702283079435
67.84630060195923,-20.165530140548057,-14.843518166030556,0.5843015357851982,0.25974144774954766,5.322011974517501
67.86992526054382,-20.237632978117695,-14.851296635299036,0.5701936267316341,0.23391327809076756,5.386336342818659
67.88654804229736,-20.310277070834058,-14.858823879977727,0.5701936267316341,0.23391327809076756,5.451453190856331
67.9083423614502,-20.381382581434604,-14.866103255288365,0.626871407777071,0.30391327809076757,5.5152793261462385
67.92762422561646,-20.44954544483784,-14.866103255288365,0.626871407777071,0.30391327809076757,5.583442189549476
67.94626760482788,-20.51386797807704,-14.876564998585238,0.6951626323163509,0.3236945882020518,5.637302979491803
67.96670460700989,-20.573827879629135,-14.879932013492727,0.6951626323163509,0.3236945882020518,5.693895866136408
67.98716926574707,-20.629177345774902,-14.889678453510378,0.7,0.30140230763237924,5.739498892264525
68.0063259601593,-20.67986576443704,-14.89890225638991,0.7,0.25208758521359415,5.7809635080471296
68.02656388282776,-20.725980822868614,-14.901862798777614,0.7,0.25208758521359415,5.824118024091
68.04700183868408,-20.766019093972258,-14.910408585929353,0.6433256797492504,0.22652349579613656,5.855610508042904
68.06647324562073,-20.802466206539908,-14.910408585929353,0.6433256797492504,0.22652349579613656,5.892057620610554
68.08650088310242,-20.833142062821842,-14.921036492623756,0.6120569936931133,0.2668174799112603,5.9121055701980865
68.11160087585449,-20.859000858527004,-14.921036492623756,0.6120569936931133,0.2668174799112603,5.937964365903248
68.12746500968933,-20.880832312436137,-14.92844888449877,0.6363884292542934,0.2230589460162446,5.952383427937367
68.1463897228241,-20.9016074360049,-14.935396761627615,0.5964083939790725,0.18453334230463952,5.966210674377283
68.16645622253418,-20.91878497893832,-14.937611741398236,0.5964083939790725,0.18453334230463952,5.981173237540084
68.18753933906555,-20.935327348550317,-14.943960570100572,0.5969155719387345,0.24767560470383615,5.991366778449745
68.20966529846191,-20.95099256681317,-14.947951297420445,0.5897245416301302,0.2940161224035546,6.003041269392725
68.22629857063293,-20.967952025840322,-14.949875607010767,0.5897245416301302,0.2940161224035546,6.018076418829555
68.25012445449829,-21.001577911015804,-14.955370362353051,0.5512247802573256,0.2885701228445396,6.046207548662753
68.26742196083069,-21.030772763034772,-14.955370362353051,0.5512247802573256,0.2885701228445396,6.075402400681721
68.286376953125,-21.0851395673246,-14.960458553633735,0.6212247802573256,0.33504579035099596,6.124681013690864
68.30628657341003,-21.15555748556904,-14.962066670722507,0.6212247802573256,0.33504579035099596,6.193490814846534
68.32759070396423,-21.235268336611366,-14.966634474927218,0.6192607287480496,0.3668254595762119,6.2686338616841475
68.34626913070679,-21.319333105855122,-14.970828533875817,0.6362285003229045,0.3233036492532119,6.348504571979305
68.36732316017151,-21.40420650339134,-14.972145984449412,0.6362285003229045,0.3233036492532119,6.4320605189419275
68.38626551628113,-21.487404728935672,-14.97586417640914,0.7,0.2533036492532119,6.511540552526533
68.40964365005493,-21.564930384326793,-14.978153287791294,0.6969126901123672,0.2719469986623153,6.586777096535499
68.42647576332092,-21.63647280311891,-14.979242587234687,0.6969126901123672,0.2719469986623153,6.657230215884223
68.44801115989685,-21.699657541960814,-14.982296126496664,0.7,0.20571292412932962,6.7173614154641506
68.4671745300293,-21.755371972831867,-14.982296126496664,0.7,0.20571292412932962,6.773075846335203
68.48633885383606,-21.803744664171084,-14.985039917212184,0.6299999999999999,0.23399426077958196,6.8187047469589
68.50746417045593,-21.846427731745663,-14.98588832582044,0.6299999999999999,0.23399426077958196,6.860539405925223
68.5263135433197,-21.884033990316713,-14.988243013818163,0.7,0.19133054872509092,6.895790976498549
68.54716181755066,-21.919439235867497,-14.988966326169262,0.7,0.19133054872509092,6.930472909698235
68.56679105758667,-21.952382599374346,-14.990959688720054,0.7,0.25903011520858854,6.961422910654292
68.58634448051453,-21.982747768959662,-14.992700594883814,0.7,0.32903011520858855,6.990047174075848
68.6063621044159,-22.01052190469695,-14.993227577358894,0.7,0.32903011520858855,7.017294327338057
68.62638759613037,-22.03808072273056,-14.994657005952874,0.7,0.25903011520858854,7.043423716777685
68.64636635780334,-22.064763675580686,-14.995085003409976,0.7,0.25903011520858854,7.06967867217071
68.66627144813538,-22.090135043231946,-14.996232151188913,0.65736625790596,0.2966850626980886,7.093902892043033
68.68707585334778,-22.11216311238855,-14.996570982679991,0.65736625790596,0.2966850626980886,7.11559212970856
68.70838594436646,-22.13305208182454,-14.99746556805377,0.7,0.3310283947503194,7.135586513770772
68.72774982452393,-22.15259932832232,-14.997725227003222,0.7,0.3310283947503194,7.154874101319098
68.75007176399231,-22.17069947472678,-14.998397492959938,0.7,0.3762692477321252,7.172301981766843
68.7673888206482,-22.185001118213812,-14.998763161885229,0.7,0.3762692477321252,7.186237956328583
68.7901041507721,-22.19628747763554,-14.999068865165981,0.6759854301810264,0.4022614791756496,7.197218612469559
68.80711841583252,-22.205182028966323,-14.999068865165981,0.6759854301810264,0.4022614791756496,7.206113163800342
68.82641577720642,-22.2121808622615,-14.999521330674455,0.7,0.411681299447082,7.212659531587047
68.84694933891296,-22.21767851340997,-14.999605190878746,0.7,0.411681299447082,7.218073322531225
68.86638736724854,-22.221988582813083,-14.999742475624629,0.6694735910743475,0.4063615793129429,7.222246107188454
68.88904738426208,-22.22304384167746,-14.999742475624629,0.6694735910743475,0.4063615793129429,7.22330136605283
68.90764737129211,-22.221810561619385,-14.999914204773859,0.6109321031719446,0.3363615793129429,7.2218963568455266
68.92713570594788,-22.22073979638583,-14.999914204773859,0.6109321031719446,0.3363615793129429,7.22082559161197
68.94716882705688,-22.213457848306877,-14.999974502495377,0.6385103695094585,0.2663615793129429,7.2134833458115
68.9663712978363,-22.19278825683895,-14.999996803209363,0.6902761466801166,0.2120645567914471,7.192791453629585
68.98706889152527,-22.163364615223703,-14.999999051853408,0.6902761466801166,0.2120645567914471,7.163365563370295
69.00639581680298,-22.128636038685656,-15.0,0.7,0.227204338661395,7.128636038685656
69.02631855010986,-22.0911380261395,-15.0,0.6299999999999999,0.2959826747095212,7.0911380261395
69.04748845100403,-22.05270467369068,-15.0,0.6299999999999999,0.2959826747095212,7.05270467369068
69.06764340400696,-22.014634559375306,-15.0,0.7,0.3304503718530759,7.014634559375306
69.0892493724823,-21.97782007697515,-15.0,0.7,0.2948704818403348,6.977820076975149
69.10740160942078,-21.94284797369666,-15.0,0.7,0.2948704818403348,6.9428479736966615
69.12940263748169,-21.91007723695784,-15.0,0.6591170698404312,0.2961143244896084,6.910077236957839
69.14664244651794,-21.881624846644552,-15.0,0.6591170698404312,0.2961143244896084,6.881624846644552
69.16764688491821,-21.85499610391674,-15.0,0.6553516609594225,0.34955865041352807,6.85499610391674
69.18732142448425,-21.830335828789337,-15.0,0.6553516609594225,0.34955865041352807,6.830335828789337
69.20663666725159,-21.807692731655376,-15.0,0.6988809591159224,0.27955865041352806,6.807692731655376
69.22619414329529,-21.787047483288646,-15.0,0.7,0.2826927778869867,6.787047483288646
69.24624276161194,-21.768334004894985,-15.0,0.7,0.2826927778869867,6.768334004894985
69.26717019081116,-21.751455487845064,-15.0,0.7,0.3434192193299532,6.751455487845064
69.2870123386383,-21.73629633054872,-15.0,0.7,0.3434192193299532,6.7362963305487185
69.30791783332825,-21.72273092486068,-15.0,0.6588796459138393,0.2794984308630228,6.722730924860681
69.32640743255615,-21.71063002266773,-15.0,0.6588796459138393,0.2794984308630228,6.710630022667729
69.34637761116028,-21.699865253926426,-15.0,0.6505012407898902,0.20949843086302278,6.699865253926426
69.36718130111694,-21.690519006867632,-15.0,0.6505012407898902,0.20949843086302278,6.690519006867632
69.38631463050842,-21.682197591344824,-15.0,0.5924817219376564,0.22236678123474118,6.682197591344824
69.4076509475708,-21.674807313767822,-15.0,0.5924817219376564,0.22236678123474118,6.674807313767822
69.42637825012207,-21.668258556361305,-15.0,0.5671099320054054,0.2443409629911184,6.668258556361305
69.44634866714478,-21.662466894198115,-15.0,0.5671099320054054,0.2443409629911184,6.662466894198115
69.46624207496643,-21.659670082295925,-15.0,0.5850678075104951,0.26843077808618543,6.659670082295925
69.48697638511658,-21.66134349252544,-15.0,0.5850678075104951,0.26843077808618543,6.66134349252544
69.50633668899536,-21.670710425162408,-15.0,0.6276354368776083,0.19843077808618542,6.670710425162408
69.52653884887695,-21.687490611432338,-15.0,0.6276354368776083,0.19843077808618542,6.687490611432338
69.54812932014465,-21.70897765853468,-15.0,0.6161576852202415,0.24840646758675572,6.708977658534678
69.56778860092163,-21.733167710190727,-15.0,0.6161576852202415,0.24840646758675572,6.7331677101907275
69.59064769744873,-21.754170130639856,-15.0,0.6654655270278453,0.17853356674313542,6.7541701306398565
69.60630869865417,-21.776832527308194,-15.0,0.6654655270278453,0.17853356674313542,6.776832527308194
69.63164973258972,-21.80005064590783,-15.0,0.7,0.18534438135102388,6.800050645907831
69.6472647190094,-21.823042847033722,-15.0,0.7,0.18534438135102388,6.823042847033722
69.66697382926941,-21.845272173286773,-15.0,0.7,0.18534438135102388,6.845272173286773
69.6864447593689,-21.866385770054745,-15.0,0.6592305235564708,0.19252668935805556,6.866385770054745
69.7074646949768,-21.88848430444732,-15.0,0.6592305235564708,0.19252668935805556,6.888484304447321
69.72645401954651,-21.91994994504427,-15.0,0.6071179069578647,0.26252668935805556,6.919949945044269
69.74753737449646,-21.980256001476018,-15.0,0.6071179069578647,0.26252668935805556,6.980256001476018
69.76628065109253,-22.08216816732598,-15.0,0.6025619905441999,0.28435950752347705,7.082168167325982
69.7874345779419,-22.21724228228589,-15.0,0.6025619905441999,0.28435950752347705,7.217242282285891
69.80624413490295,-22.334517077500006,-15.0,0.6474681448191404,0.29331376802176234,7.334517077500006
69.8270103931427,-22.47361114537486,-15.0,0.6474681448191404,0.29331376802176234,7.473611145374861
69.84623336791992,-22.624194643545806,-15.0,0.5774681448191403,0.22331376802176234,7.624194643545806
69.86696124076843,-22.776473514914386,-15.0,0.5774681448191403,0.22331376802176234,7.776473514914386
69.8861882686615,-22.925916665842625,-15.0,0.5975989989191293,0.2519715396687388,7.9259166658426246
69.90765857696533,-23.067135274412664,-15.0,0.5975989989191293,0.2519715396687388,8.067135274412664
69.92636823654175,-23.19891947543091,-15.0,0.5618879824131726,0.19121852945536372,8.198919475430909
69.94737911224365,-23.320677563025736,-15.0,0.5618879824131726,0.19121852945536372,8.320677563025736
69.966970205307,-23.432262787035448,-15.0,0.5235374710708856,0.2612185294553637,8.432262787035448
69.9869270324707,-23.533841322409362,-15.0,0.5235374710708856,0.2612185294553637,8.533841322409362
70.00669431686401,-23.622034400244157,-15.0,0.5198159251548349,0.19121852945536372,8.622034400244157
70.0271646976471,-23.702363798082636,-15.0,0.5198159251548349,0.19121852945536372,8.702363798082636
70.04627895355225,-23.777430513065962,-15.0,0.5898159251548349,0.2612185294553637,8.777430513065962
70.06701350212097,-23.844547148173007,-15.0,0.5898159251548349,0.2612185294553637,8.844547148173007
70.08622622489929,-23.904372961633428,-15.0,0.6229951784946024,0.21041348602622745,8.904372961633428
70.10653424263,-23.95987435822261,-15.0,0.6229951784946024,0.21041348602622745,8.95987435822261
70.12621283531189,-24.010909366093117,-15.0,0.6500761111266911,0.1753842609748244,9.010909366093117
70.14629101753235,-24.057497085578984,-15.0,0.6443767550401389,0.2453842609748244,9.057497085578984
70.16624045372009,-24.09976799121123,-15.0,0.6443767550401389,0.2453842609748244,9.09976799121123
70.18707275390625,-24.13792647721554,-15.0,0.6416835466399788,0.1753842609748244,9.13792647721554
70.20638132095337,-24.172222894202434,-15.0,0.6416835466399788,0.1753842609748244,9.172222894202434
70.22638010978699,-24.20199991905956,-15.0,0.6503346756100654,0.12394113864749667,9.20199991905956
70.24668431282043,-24.228786088448494,-15.0,0.6503346756100654,0.12394113864749667,9.228786088448494
70.26722192764282,-24.252788921526893,-15.0,0.6583224114030599,0.13287902556359765,9.252788921526893
70.28617477416992,-24.274225911572223,-15.0,0.5883224114030599,0.20287902556359766,9.274225911572223
70.30750703811646,-24.293315747678115,-15.0,0.5883224114030599,0.20287902556359766,9.293315747678115
70.32727408409119,-24.31258853408502,-15.0,0.6091489597409963,0.24095086283981798,9.31258853408502
70.35012006759644,-24.336113158119897,-15.0,0.6296699802577495,0.21359960824251173,9.336113158119897
70.36799740791321,-24.378185472963285,-15.0,0.6296699802577495,0.21359960824251173,9.378185472963285
70.38703036308289,-24.438980883635303,-15.0,0.6296699802577495,0.21359960824251173,9.438980883635303
70.40629196166992,-24.511178733575512,-15.0,0.6800085614621638,0.28359960824251174,9.511178733575512
70.42643356323242,-24.58707737987947,-15.0,0.6800085614621638,0.28359960824251174,9.58707737987947
70.44628739356995,-24.66354622613481,-15.0,0.6552883043140172,0.2553834045678377,9.663546226134809
70.46644401550293,-24.729938430796047,-15.0,0.6552883043140172,0.2553834045678377,9.729938430796047
70.4870011806488,-24.796039200956233,-15.0,0.6923510908335446,0.21583801381289958,9.796039200956233
70.5075273513794,-24.85787911955782,-15.0,0.665588290542364,0.2858380138128996,9.857879119557818
70.52747464179993,-24.912813401504213,-15.0,0.665588290542364,0.2858380138128996,9.912813401504213
70.54659652709961,-24.961503376243616,-15.0,0.595588290542364,0.32617841131985187,9.961503376243616
70.56731486320496,-25.004572958318235,-15.0,0.595588290542364,0.32617841131985187,10.004572958318235
70.58675503730774,-25.042603631407488,-15.0,0.665588290542364,0.3184290321730077,10.042603631407488
70.60621786117554,-25.07613208260351,-15.0,0.665588290542364,0.3184290321730077,10.076132082603511
70.62697720527649,-25.105649739834497,-15.0,0.6052925634384154,0.3180310126696713,10.105649739834497
70.64630460739136,-25.129287295284335,-15.0,0.6111494359746574,0.30790263566421344,10.129287295284335
70.66651630401611,-25.145901333793425,-15.0,0.6111494359746574,0.30790263566421344,10.145901333793425
70.68717503547668,-25.160326066203567,-15.0,0.6111494359746574,0.30790263566421344,10.160326066203567
70.70713114738464,-25.165090338492323,-15.0,0.6602714118734001,0.27255069243954494,10.165090338492323
70.72706532478333,-25.158386386226244,-15.0,0.6602714118734001,0.27255069243954494,10.158386386226244
70.74708199501038,-25.14389351162495,-15.0,0.6612435455271042,0.2715627750218846,10.143893511624949
70.76662945747375,-25.124372562208357,-15.0,0.6299051704653538,0.2050077592791058,10.124372562208357
70.78717875480652,-25.101873682997695,-15.0,0.6299051704653538,0.2050077592791058,10.101873682997695
70.8074676990509,-25.077899347616402,-15.0,0.587334586943034,0.166104627198074,10.077899347616402
70.82624244689941,-25.053532030322962,-15.0,0.587334586943034,0.166104627198074,10.053532030322962
70.84896540641785,-25.02953395354441,-15.0,0.5599716181703842,0.096104627198074,10.029533953544409
70.8666741847992,-25.00642481076348,-15.0,0.5599716181703842,0.096104627198074,10.00642481076348
70.88625144958496,-24.98685849122337,-15.0,0.4899716181703842,0.12507023820886387,9.98685849122337
70.90770053863525,-24.969870513046782,-15.0,0.4899716181703842,0.12507023820886387,9.969870513046782
70.92626905441284,-24.95783556733573,-15.0,0.5192184178181922,0.18600489730248226,9.957835567335731
70.94711875915527,-24.949558080735066,-15.0,0.5192184178181922,0.18600489730248226,9.949558080735066
70.9663507938385,-24.9464249520442,-15.0,0.5442003468074834,0.12426904002437367,9.9464249520442
70.98654174804688,-24.949263915014452,-15.0,0.5442003468074834,0.12426904002437367,9.949263915014452
71.0062792301178,-24.958492503465337,-15.0,0.563391941601876,0.166142718589399,9.958492503465337
71.02684664726257,-24.971915982229802,-15.0,0.563391941601876,0.166142718589399,9.971915982229802
71.04619097709656,-24.987899375334287,-15.0,0.5526556950085795,0.13891863422701134,9.987899375334287
71.06693649291992,-25.00755594228595,-15.0,0.5526556950085795,0.13891863422701134,10.00755594228595
71.08707356452942,-25.029245777155726,-15.0,0.548162708992604,0.20891863422701135,10.029245777155726
71.1062581539154,-25.05177624682653,-15.0,0.548162708992604,0.20891863422701135,10.051776246826531
71.12753248214722,-25.07133777582493,-15.0,0.4783186344453132,0.27759824263164773,10.07133777582493
71.14706230163574,-25.093596983830317,-15.0,0.4783186344453132,0.27759824263164773,10.093596983830317
71.16644072532654,-25.124092352057172,-15.0,0.40980436932528375,0.20759824263164772,10.124092352057172
71.1867504119873,-25.159504693761058,-15.0,0.40980436932528375,0.20759824263164772,10.159504693761058
71.20627880096436,-25.19508263240472,-15.0,0.4169116714061236,0.13759824263164772,10.19508263240472
71.22640609741211,-25.227521590563963,-15.0,0.4169116714061236,0.13759824263164772,10.227521590563963
71.24748253822327,-25.25460900094432,-15.0,0.41830203426303325,0.160862863084767,10.25460900094432
71.26620531082153,-25.274949097087273,-15.0,0.48830203426303326,0.230862863084767,10.274949097087273
71.28658723831177,-25.29238292785109,-15.0,0.48830203426303326,0.230862863084767,10.29238292785109
71.30735278129578,-25.30502230873108,-15.0,0.5158653882634825,0.300862863084767,10.305022308731079
71.32643842697144,-25.30704940478053,-15.0,0.5158653882634825,0.300862863084767,10.307049404780528
71.34693932533264,-25.30880938132488,-15.0,0.5858653882634826,0.28792702535400166,10.308809381324881
71.36675715446472,-25.298547352023295,-15.0,0.5858653882634826,0.28792702535400166,10.298547352023295
71.38619565963745,-25.280205527484224,-15.0,0.6558653882634826,0.2711210468620993,10.280205527484224
71.40630578994751,-25.25673503217248,-15.0,0.6103094912064262,0.23185479210922494,10.256735032172479
71.42752718925476,-25.230320824946293,-15.0,0.6103094912064262,0.23185479210922494,10.230320824946293
71.4467830657959,-25.200241768588565,-15.0,0.5403094912064261,0.30185479210922495,10.200241768588565
71.47136664390564,-25.161460865845765,-15.0,0.5945063257706351,0.2715960899950005,10.161460865845765
71.48661160469055,-25.113025201346094,-15.0,0.5945063257706351,0.2715960899950005,10.113025201346094
71.51187515258789,-25.059160045114314,-15.0,0.600875813618768,0.22665554756531492,10.059160045114314
71.52651333808899,-25.002943280677595,-15.0,0.600875813618768,0.22665554756531492,10.002943280677595
71.54637503623962,-24.954134450511482,-15.0,0.6359843128477223,0.22249989915871993,9.954134450511482
71.56681537628174,-24.904197649569817,-15.0,0.6359843128477223,0.22249989915871993,9.904197649569817
71.58628225326538,-24.854793461290928,-15.0,0.6669276059721596,0.2602143507101573,9.854793461290928
71.60879611968994,-24.807061257474952,-15.0,0.7,0.30050690431380644,9.807061257474952
71.62738609313965,-24.76174835849816,-15.0,0.7,0.30050690431380644,9.76174835849816
71.6497483253479,-24.719310077943078,-15.0,0.7,0.28480374586069956,9.719310077943078
71.66758108139038,-24.67998690744825,-15.0,0.7,0.28480374586069956,9.67998690744825
71.68630766868591,-24.6438637894035,-15.0,0.7,0.2712447965168394,9.6438637894035
71.70698928833008,-24.61091538608772,-15.0,0.7,0.2712447965168394,9.610915386087719
71.72639513015747,-24.581040429146405,-15.0,0.6987410276662558,0.3185357028269209,9.581040429146405
71.74635672569275,-24.55408757921019,-15.0,0.6917209118138998,0.3423261796706356,9.55408757921019
71.76666593551636,-24.529874707095914,-15.0,0.6917209118138998,0.3423261796706356,9.529874707095914
71.78763818740845,-24.50885247334232,-15.0,0.6667001708876341,0.3058691402547993,9.50885247334232
71.80652570724487,-24.48995105754576,-15.0,0.6667001708876341,0.3058691402547993,9.48995105754576
71.82683062553406,-24.473020865192268,-15.0,0.7,0.3595455778413452,9.473020865192268
71.85150861740112,-24.45790603947634,-15.0,0.7,0.3595455778413452,9.457906039476342
71.86676549911499,-24.442134133432763,-15.0,0.7,0.40261796914273873,9.442134133432763
71.88630986213684,-24.426321499164096,-15.0,0.7,0.3928489010431804,9.426321499164096
71.90705871582031,-24.41089731616372,-15.0,0.7,0.3928489010431804,9.41089731616372
71.92687654495239,-24.393833098430463,-15.0,0.7,0.34068809036398306,9.393833098430463
71.95038199424744,-24.37376312223673,-15.0,0.6404399320483207,0.31456624303245917,9.373763122236731
71.96730494499207,-24.335919910555383,-15.0,0.6404399320483207,0.31456624303245917,9.335919910555383
71.99066019058228,-24.303063467990555,-15.0,0.5843120150268077,0.28148306120419875,9.303063467990555
72.00724148750305,-24.24430422043471,-15.0,0.5843120150268077,0.28148306120419875,9.24430422043471
72.02931523323059,-24.166785637222745,-15.0,0.6154089707881212,0.25757124793017283,9.166785637222745
72.0474145412445,-24.07828018070338,-15.0,0.6154089707881212,0.25757124793017283,9.07828018070338
72.0665020942688,-23.984476008956594,-15.0,0.6722666759043932,0.2342342134215869,8.984476008956594
72.08641314506531,-23.889463652315758,-15.0,0.6722666759043932,0.2342342134215869,8.889463652315758
72.10642695426941,-23.796116154662684,-15.0,0.6147360753268003,0.26066112850094214,8.796116154662684
72.12710380554199,-23.70870154694018,-15.0,0.6147360753268003,0.26066112850094214,8.70870154694018
72.14664220809937,-23.627711611126333,-15.0,0.5732731994241476,0.2399745635339059,8.627711611126333
72.1663498878479,-23.553318607810898,-15.0,0.5252176735550165,0.3099745635339059,8.553318607810898
72.18641710281372,-23.487784672456538,-15.0,0.5252176735550165,0.3099745635339059,8.487784672456538
72.2073540687561,-23.430886436621062,-15.0,0.5952176735550165,0.2715757277258672,8.430886436621062
72.22940731048584,-23.380730711161895,-15.0,0.6277676471322775,0.20157572772586718,8.380730711161895
72.24695587158203,-23.33658005024108,-15.0,0.6277676471322775,0.20157572772586718,8.336580050241079
72.26766800880432,-23.297763975577176,-15.0,0.641266720816493,0.2335052765556611,8.297763975577176
72.2870032787323,-23.263676193626484,-15.0,0.641266720816493,0.2335052765556611,8.263676193626484
72.30633282661438,-23.233770971109664,-15.0,0.5978267029672861,0.21796679456019774,8.233770971109664
72.32958054542542,-23.207559021464107,-15.0,0.6286649801582098,0.22378868941450492,8.207559021464107
72.34702968597412,-23.184603160007086,-15.0,0.6286649801582098,0.22378868941450492,8.184603160007086
72.36764454841614,-23.16451391295761,-15.0,0.6472471360862255,0.2937886894145049,8.16451391295761
72.38694858551025,-23.14694521013321,-15.0,0.6472471360862255,0.2937886894145049,8.146945210133211
72.40750098228455,-23.131590249284216,-15.0,0.6619464275240898,0.22378868941450492,8.131590249284216
72.42636108398438,-23.120493936723253,-15.0,0.674314098879695,0.2876576739945449,8.120493936723253
72.44735884666443,-23.11085983485551,-15.0,0.674314098879695,0.2876576739945449,8.11085983485551
72.46720457077026,-23.104283466826754,-15.0,0.6919546411186457,0.2869816194870509,8.104283466826754
72.48629832267761,-23.10000426034804,-15.0,0.7,0.2771899202489294,8.10000426034804
72.50763988494873,-23.09743339534709,-15.0,0.7,0.2771899202489294,8.097433395347089
72.52735471725464,-23.09611686576972,-15.0,0.7,0.29510167107218876,8.09611686576972
72.54634594917297,-23.095706270021054,-15.0,0.7,0.26034755125874653,8.095706270021054
72.56639361381531,-23.09361939129931,-15.0,0.7,0.26034755125874653,8.09361939129931
72.58643436431885,-23.090423198704745,-15.0,0.7,0.23639758169883862,8.090423198704745
72.60626983642578,-23.08654073372523,-15.0,0.6347771108150482,0.2771839337074198,8.08654073372523
72.62695264816284,-23.082283919332983,-15.0,0.6347771108150482,0.2771839337074198,8.082283919332983
72.64726853370667,-23.077879277057605,-15.0,0.6183704070746898,0.2245982499443926,8.077879277057605
72.6671690940857,-23.074055054178267,-15.0,0.5638733997941017,0.2039661915623583,8.074055054178267
72.68751358985901,-23.070167752366665,-15.0,0.5638733997941017,0.2039661915623583,8.070167752366665
72.70739412307739,-23.066339086589732,-15.0,0.5180326782166957,0.1736117345863022,8.066339086589732
72.73020362854004,-23.06265205233446,-15.0,0.55447633638978,0.23767839052015916,8.06265205233446
72.74665927886963,-23.05916056395777,-15.0,0.55447633638978,0.23767839052015916,8.059160563957771
72.76877403259277,-23.055896915725757,-15.0,0.5192629180848598,0.16767839052015915,8.055896915725757
72.78626704216003,-23.055193881984824,-15.0,0.5192629180848598,0.16767839052015915,8.055193881984824
72.8075795173645,-23.060920625493157,-15.0,0.47781051024794574,0.23767839052015916,8.060920625493157
72.82637238502502,-23.070962438699006,-15.0,0.47781051024794574,0.23767839052015916,8.070962438699006
72.84764647483826,-23.086053112013115,-15.0,0.5478105102479458,0.16767839052015915,8.086053112013115
72.86627507209778,-23.104252911634912,-15.0,0.5884867464005947,0.22297522880369797,8.104252911634912
72.8870153427124,-23.120054442329508,-15.0,0.5884867464005947,0.22297522880369797,8.120054442329508
72.90635514259338,-23.13785188812463,-15.0,0.5411066231131554,0.2701749474578537,8.13785188812463
72.92622995376587,-23.156566607685395,-15.0,0.5969820250570774,0.2001749474578537,8.156566607685395
72.9470009803772,-23.175425223202392,-15.0,0.5969820250570774,0.2001749474578537,8.175425223202392
72.96710062026978,-23.193886769225454,-15.0,0.5630239625275135,0.21834285110468044,8.193886769225454
72.98737859725952,-23.21158596646664,-15.0,0.5630239625275135,0.21834285110468044,8.21158596646664
73.00642585754395,-23.228289190704047,-15.0,0.5588301443308592,0.23460349925095214,8.228289190704047
73.0262382030487,-23.24386041988905,-15.0,0.5587478266420658,0.2257068345346488,8.24386041988905
73.04930067062378,-23.25823500937864,-15.0,0.5162504413488205,0.15570683453464879,8.258235009378641
73.06710004806519,-23.27139959558125,-15.0,0.5162504413488205,0.15570683453464879,8.27139959558125
73.08918070793152,-23.282829425430208,-15.0,0.44625044134882047,0.18326628070557488,8.282829425430208
73.10664439201355,-23.293300456008126,-15.0,0.44625044134882047,0.18326628070557488,8.293300456008126
73.1272361278534,-23.302829560482493,-15.0,0.4142207790675457,0.11326628070557487,8.302829560482493
73.1474039554596,-23.309136934903382,-15.0,0.4142207790675457,0.11326628070557487,8.309136934903382
73.16663765907288,-23.315356676595993,-15.0,0.39921246734884336,0.04326628070557487,8.315356676595993
73.18625545501709,-23.321351629679448,-15.0,0.4491275426509674,0.09733057316625487,8.321351629679448
73.20647525787354,-23.327032452643632,-15.0,0.4491275426509674,0.09733057316625487,8.327032452643632
73.22712850570679,-23.33466171757456,-15.0,0.41468466339138105,0.16733057316625488,8.334661717574559
73.24640464782715,-23.345759611772227,-15.0,0.48468466339138105,0.13085771244252098,8.345759611772227
73.26652359962463,-23.368239656474163,-15.0,0.48468466339138105,0.13085771244252098,8.368239656474163
73.28712248802185,-23.40498210517312,-15.0,0.4691553679617937,0.15839985277736557,8.404982105173119
73.30626010894775,-23.436882837212814,-15.0,0.4691553679617937,0.15839985277736557,8.436882837212814
73.32624912261963,-23.48067597527495,-15.0,0.46488008278858617,0.1884707425185479,8.480675975274949
73.34630417823792,-23.531575182265122,-15.0,0.46488008278858617,0.1884707425185479,8.531575182265122
73.36756944656372,-23.590701378606955,-15.0,0.39488008278858616,0.11847074251854789,8.590701378606955
73.38622736930847,-23.65629996417016,-15.0,0.3800534003923531,0.12624031460145485,8.65629996417016
73.40651988983154,-23.724665300836158,-15.0,0.3800534003923531,0.12624031460145485,8.724665300836158
73.42631912231445,-23.793150607474388,-15.0,0.32517664074403,0.1588317245827056,8.793150607474388
73.44636344909668,-23.859914319926517,-15.0,0.32517664074403,0.1588317245827056,8.859914319926517
73.46708917617798,-23.923722696208703,-15.0,0.39517664074403,0.13188941186526787,8.923722696208703
73.48636674880981,-23.983796690860284,-15.0,0.35241562783223346,0.06188941186526786,8.983796690860284
73.50661444664001,-24.039693613385246,-15.0,0.35241562783223346,0.06188941186526786,9.039693613385246
73.52730774879456,-24.093532414007015,-15.0,0.42241562783223346,0.07788665404776107,9.093532414007015
73.5474865436554,-24.140276635276685,-15.0,0.3915301120976801,0.09994316658237945,9.140276635276685
73.56643605232239,-24.185107293915173,-15.0,0.3915301120976801,0.09994316658237945,9.185107293915173
73.58692455291748,-24.227427322162583,-15.0,0.46153011209768013,0.16720748504856597,9.227427322162583
73.6109631061554,-24.269204523921903,-15.0,0.5315301120976801,0.23720748504856598,9.269204523921903
73.62704038619995,-24.309503655314586,-15.0,0.5315301120976801,0.23720748504856598,9.309503655314586
73.64734148979187,-24.347714068637497,-15.0,0.48370257399481487,0.2833084032521583,9.347714068637497
73.66776442527771,-24.38346666789231,-15.0,0.48370257399481487,0.2833084032521583,9.38346666789231
73.68724417686462,-24.41656986165229,-15.0,0.4774369667979772,0.2631383535102941,9.416569861652292
73.71086478233337,-24.44232770289486,-15.0,0.4774369667979772,0.2631383535102941,9.442327702894861
73.72696185112,-24.459988412810805,-15.0,0.42870048021402907,0.26747290060156953,9.459988412810805
73.74634003639221,-24.469243219591196,-15.0,0.4987004802140291,0.19747290060156952,9.469243219591196
73.76730108261108,-24.477278479124365,-15.0,0.4987004802140291,0.19747290060156952,9.477278479124365
73.78681325912476,-24.47475926245829,-15.0,0.4782448813828523,0.12747290060156952,9.474759262458289
73.8068356513977,-24.462659158831837,-15.0,0.4318596005949075,0.1345976877980865,9.462659158831837
73.82727241516113,-24.44190690753023,-15.0,0.4318596005949075,0.1345976877980865,9.441906907530232
73.84644770622253,-24.415691967197798,-15.0,0.4322459971925127,0.13426716732443306,9.415691967197798
73.86996126174927,-24.386373641964173,-15.0,0.4100359840711462,0.16588534894050094,9.386373641964173
73.88720941543579,-24.355672447673715,-15.0,0.4100359840711462,0.16588534894050094,9.355672447673715
73.90678715705872,-24.327136214403993,-15.0,0.4684743112346041,0.14481345670879814,9.327136214403993
73.92733335494995,-24.30317213816032,-15.0,0.4684743112346041,0.14481345670879814,9.30317213816032
73.94648790359497,-24.283015363370225,-15.0,0.5342582663914073,0.21481345670879815,9.283015363370225
73.97162127494812,-24.26835064338399,-15.0,0.5776274329444278,0.14481345670879814,9.26835064338399
73.98678541183472,-24.25561835908386,-15.0,0.5776274329444278,0.14481345670879814,9.255618359083861
74.00647211074829,-24.24914893807873,-15.0,0.6476274329444278,0.21481345670879815,9.24914893807873
74.02719640731812,-24.247200080225827,-15.0,0.6476274329444278,0.21481345670879815,9.247200080225827
74.04744696617126,-24.24612613090581,-15.0,0.5776274329444278,0.213184519741917,9.246126130905811
74.06641101837158,-24.248004527830766,-15.0,0.5547946649065125,0.22715433600940738,9.248004527830766
74.08640718460083,-24.24956771362966,-15.0,0.5547946649065125,0.22715433600940738,9.24956771362966
74.10697865486145,-24.250870762355007,-15.0,0.5537357896726463,0.2459310359100345,9.250870762355007
74.1264317035675,-24.25195878325054,-15.0,0.5819501809935901,0.2568396321276668,9.25195878325054
74.1465790271759,-24.250552427265397,-15.0,0.5819501809935901,0.2568396321276668,9.250552427265397
74.1666796207428,-24.247450590289013,-15.0,0.5960540918793413,0.24793612870969806,9.247450590289013
74.18717455863953,-24.243252853989173,-15.0,0.6246906684871647,0.26301399159827266,9.243252853989173
74.20656895637512,-24.239608272160353,-15.0,0.6246906684871647,0.26301399159827266,9.239608272160353
74.22684574127197,-24.232923891287193,-15.0,0.6145088037636015,0.3075664034823421,9.232923891287193
74.25055408477783,-24.224304291649737,-15.0,0.5915549544777605,0.3775664034823421,9.224304291649737
74.26650953292847,-24.212251347489087,-15.0,0.5915549544777605,0.3775664034823421,9.212251347489087
74.2889494895935,-24.198131323493268,-15.0,0.6615549544777606,0.40424133721389804,9.198131323493268
74.30743956565857,-24.18294767803936,-15.0,0.6615549544777606,0.40424133721389804,9.182947678039358
74.3264148235321,-24.167425425303865,-15.0,0.6051102573957179,0.33424133721389804,9.167425425303865
74.34633469581604,-24.1497607218164,-15.0,0.6051102573957179,0.33424133721389804,9.1497607218164
74.3671464920044,-24.13107346535882,-15.0,0.618325699583802,0.2783937222103122,9.13107346535882
74.38662457466125,-24.107535768114953,-15.0,0.6883256995838021,0.32716341230669055,9.107535768114953
74.40671682357788,-24.067351294653673,-15.0,0.6883256995838021,0.32716341230669055,9.067351294653673
74.42689347267151,-24.03246210883626,-15.0,0.6205042117994164,0.3673363468388561,9.03246210883626
74.44642281532288,-23.98405532384764,-15.0,0.6905042117994165,0.33033313888707194,8.984055323847642
74.46760129928589,-23.927535234757638,-15.0,0.6905042117994165,0.33033313888707194,8.927535234757638
74.48649263381958,-23.866869384400115,-15.0,0.6668829618554448,0.3511266718397382,8.866869384400115
74.50636124610901,-23.804922811460454,-15.0,0.7,0.3800918432662729,8.804922811460454
74.52654671669006,-23.743719269033893,-15.0,0.7,0.3800918432662729,8.743719269033893
74.54712080955505,-23.684644833915115,-15.0,0.7,0.31009184326627287,8.684644833915115
74.5678346157074,-23.628606135516332,-15.0,0.7,0.35711006950237784,8.628606135516332
74.58717727661133,-23.576152894361226,-15.0,0.7,0.35711006950237784,8.576152894361226
74.60734367370605,-23.527572441220027,-15.0,0.7,0.35711006950237784,8.527572441220027
74.62754225730896,-23.48539365148497,-15.0,0.6677755497395992,0.3674683006445411,8.48539365148497
74.64643812179565,-23.446341581380956,-15.0,0.6677755497395992,0.3674683006445411,8.446341581380956
74.66658091545105,-23.410490482685635,-15.0,0.5977755497395991,0.35020516384043726,8.410490482685635
74.68652963638306,-23.37780756796889,-15.0,0.5977755497395991,0.35020516384043726,8.37780756796889
74.70636892318726,-23.34818656657141,-15.0,0.5607651445269584,0.28020516384043725,8.34818656657141
74.7270655632019,-23.321472968573268,-15.0,0.5607651445269584,0.28020516384043725,8.321472968573268
74.74632596969604,-23.297482830100922,-15.0,0.5009603734314441,0.2138128240744117,8.297482830100922
74.76733708381653,-23.276016610854054,-15.0,0.5009603734314441,0.2138128240744117,8.276016610854054
74.7868800163269,-23.25686919642304,-15.0,0.5128043285757302,0.17488449785509141,8.25686919642304
74.80627822875977,-23.2398370064995,-15.0,0.5128043285757302,0.17488449785509141,8.2398370064995
74.82696294784546,-23.22472289166916,-15.0,0.4428043285757302,0.1410918717423919,8.22472289166916
74.85394048690796,-23.211600431291785,-15.0,0.505085661485791,0.1505546911770943,8.211600431291785
74.86681842803955,-23.19994611001082,-15.0,0.505085661485791,0.1505546911770943,8.19994611001082
74.88639616966248,-23.191935025890682,-15.0,0.4858693438023327,0.1290076847339514,8.191935025890682
74.90712189674377,-23.186665594256844,-15.0,0.4858693438023327,0.1290076847339514,8.186665594256844
74.9267840385437,-23.185755684167095,-15.0,0.4158693438023327,0.18242597087868484,8.185755684167095
74.94852876663208,-23.190214141072005,-15.0,0.4158693438023327,0.18242597087868484,8.190214141072005
74.96706295013428,-23.20060020653156,-15.0,0.4235710876621304,0.11242597087868483,8.200600206531561
74.98845648765564,-23.217146097292474,-15.0,0.44993224950507266,0.12888914070674212,8.217146097292474
75.0064480304718,-23.23985076501997,-15.0,0.44993224950507266,0.12888914070674212,8.23985076501997
75.02644300460815,-23.26855116764861,-15.0,0.5185605383105574,0.13477570334100158,8.26855116764861
75.0464859008789,-23.302976042394974,-15.0,0.5185605383105574,0.13477570334100158,8.302976042394974
75.06697273254395,-23.332864597558558,-15.0,0.5185605383105574,0.13477570334100158,8.332864597558558
75.08652544021606,-23.375685158521744,-15.0,0.5185605383105574,0.13477570334100158,8.375685158521744
75.10670208930969,-23.435624898570733,-15.0,0.5185605383105574,0.13477570334100158,8.435624898570733
75.1265127658844,-23.5128246240759,-15.0,0.5185605383105574,0.13477570334100158,8.5128246240759
75.14644169807434,-23.604610903218717,-15.0,0.5185605383105574,0.13477570334100158,8.604610903218717
75.1663498878479,-23.711058743603274,-15.0,0.5185605383105574,0.13477570334100158,8.711058743603274
75.18637657165527,-23.836466536322575,-15.0,0.5185605383105574,0.13477570334100158,8.836466536322575
75.2065007686615,-23.98332017215926,-15.0,0.5185605383105574,0.13477570334100158,8.98332017215926
75.2262670993805,-24.15278109927265,-15.0,0.5185605383105574,0.13477570334100158,9.152781099272651
75.24619460105896,-24.34042752789079,-15.0,0.5185605383105574,0.13477570334100158,9.340427527890789
75.26624083518982,-24.54270889243464,-15.0,0.5185605383105574,0.13477570334100158,9.54270889243464
75.28636884689331,-24.7183347376201,-15.0,0.5185605383105574,0.13477570334100158,9.7183347376201
75.30617094039917,-24.90462348393644,-15.0,0.5185605383105574,0.13477570334100158,9.90462348393644
75.32621240615845,-25.098041548702604,-15.0,0.5185605383105574,0.13477570334100158,10.098041548702604
75.34617280960083,-25.29594668212801,-15.0,0.5185605383105574,0.13477570334100158,10.295946682128012
75.36624503135681,-25.494069024928283,-15.0,0.5185605383105574,0.13477570334100158,10.494069024928283
75.38636302947998,-25.68712074381297,-15.0,0.5185605383105574,0.13477570334100158,10.687120743812969
75.4061872959137,-25.871562649042595,-15.0,0.5185605383105574,0.13477570334100158,10.871562649042595
75.42623233795166,-26.04516339942801,-15.0,0.5185605383105574,0.13477570334100158,11.04516339942801
75.44625067710876,-26.20665886654194,-15.0,0.5185605383105574,0.13477570334100158,11.20665886654194
75.4662413597107,-26.355490044978673,-15.0,0.5185605383105574,0.13477570334100158,11.355490044978673
75.48643946647644,-26.49160242650855,-15.0,0.5185605383105574,0.13477570334100158,11.49160242650855
75.50626349449158,-26.609778671266913,-15.0,0.5185605383105574,0.13477570334100158,11.609778671266913
75.5263249874115,-26.717896986205474,-15.0,0.5185605383105574,0.13477570334100158,11.717896986205474
75.5462703704834,-26.816179813272026,-15.0,0.5185605383105574,0.13477570334100158,11.816179813272026
75.56628751754761,-26.905040869527127,-15.0,0.5185605383105574,0.13477570334100158,11.905040869527127
75.58652710914612,-26.985015824511255,-15.0,0.5185605383105574,0.13477570334100158,11.985015824511255
75.60626173019409,-27.056710936056398,-15.0,0.5185605383105574,0.13477570334100158,12.056710936056398
75.62616515159607,-27.1207655133793,-15.0,0.5185605383105574,0.13477570334100158,12.1207655133793
75.6461832523346,-27.177824973615092,-15.0,0.5185605383105574,0.13477570334100158,12.177824973615092
75.66617631912231,-27.228521966439434,-15.0,0.5185605383105574,0.13477570334100158,12.228521966439434
75.6863443851471,-27.273463600085556,-15.0,0.5185605383105574,0.13477570334100158,12.273463600085556
75.70648503303528,-27.313223241927787,-15.0,0.5185605383105574,0.13477570334100158,12.313223241927787
75.72648620605469,-27.34833571256409,-15.0,0.5185605383105574,0.13477570334100158,12.34833571256409
75.74632525444031,-27.378821256034474,-15.0,0.5185605383105574,0.13477570334100158,12.378821256034474
75.7664783000946,-27.405763290789963,-15.0,0.5185605383105574,0.13477570334100158,12.405763290789963
75.78661847114563,-27.42953401929278,-15.0,0.5185605383105574,0.13477570334100158,12.429534019292781
75.80640006065369,-27.45047554552668,-15.0,0.5185605383105574,0.13477570334100158,12.450475545526679
75.82633686065674,-27.46890005154729,-15.0,0.5185605383105574,0.13477570334100158,12.46890005154729
75.84627509117126,-27.485090708699794,-15.0,0.5185605383105574,0.13477570334100158,12.485090708699794
75.8664562702179,-27.499303075107044,-15.0,0.5185605383105574,0.13477570334100158,12.499303075107044
75.88677763938904,-27.511766794081037,-15.0,0.5185605383105574,0.13477570334100158,12.511766794081037
75.90641570091248,-27.522687456788336,-15.0,0.5185605383105574,0.13477570334100158,12.522687456788336
75.92657589912415,-27.53224852991275,-15.0,0.5185605383105574,0.13477570334100158,12.53224852991275
75.94641208648682,-27.540613277660494,-15.0,0.5185605383105574,0.13477570334100158,12.540613277660494
75.96636319160461,-27.54787576521724,-15.0,0.5185605383105574,0.13477570334100158,12.547875765217238
75.98677349090576,-27.55423210629839,-15.0,0.5185605383105574,0.13477570334100158,12.55423210629839
76.0064389705658,-27.55979153508155,-15.0,0.5185605383105574,0.13477570334100158,12.559791535081551
