time,theta,target,p1_cmd,p2_cmd,error
68.41717982292175,-1.3266355178539144,0.0,0.0,0.0,1.3266355178539144
68.4374668598175,-1.3260677985592253,0.0,0.0,0.0,1.3260677985592253
68.45742225646973,-1.331434022192074,0.0,0.0,0.0,1.331434022192074
68.4772789478302,-1.3376123498538888,0.0,0.0,0.0,1.3376123498538888
68.49753999710083,-1.3397799383510356,0.0,0.0,0.0,1.3397799383510356
68.51720404624939,-1.3298152188906862,0.0,0.0,0.0,1.3298152188906862
68.53719997406006,-1.3017789980132144,0.0,0.0,0.0,1.3017789980132144
68.5571961402893,-1.262003155124137,0.0,0.0,0.0,1.262003155124137
68.57713174819946,-1.2139327691628303,0.0,0.0,0.0,1.2139327691628303
68.5972375869751,-1.175005600826189,0.0,0.0,0.0,1.175005600826189
68.61729454994202,-1.122904111969849,0.0,0.0,0.0,1.122904111969849
68.63721776008606,-1.058775292944964,0.0,0.0,0.0,1.058775292944964
68.65718388557434,-0.988493984318253,0.0,0.0,0.0,0.988493984318253
68.67722964286804,-0.9208332909111018,0.0,0.0,0.0,0.9208332909111018
68.69722199440002,-0.8615204164047462,0.0,0.0,0.0,0.8615204164047462
68.71712398529053,-0.8141867989012875,0.0,0.0,0.0,0.8141867989012875
68.7371437549591,-0.7857091093625972,0.0,0.0,0.0,0.7857091093625972
68.75713753700256,-0.7802934268237616,0.0,0.0,0.0,0.7802934268237616
68.77714920043945,-0.7955544032361767,0.0,0.0,0.0,0.7955544032361767
68.79713988304138,-0.8269967227099367,0.0,0.0,0.0,0.8269967227099367
68.8171079158783,-0.85421372614788,0.0,0.0,0.0,0.85421372614788
68.83716893196106,-0.8923393334013006,0.0,0.0,0.0,0.8923393334013006
68.85735487937927,-0.937011060122461,0.0,0.0,0.0,0.937011060122461
68.87752103805542,-0.9850401656659261,0.0,0.0,0.0,0.9850401656659261
68.89738035202026,-1.0341304540121645,0.0,0.0,0.0,1.0341304540121645
68.91750288009644,-1.0826625550381819,0.0,0.0,0.0,1.0826625550381819
68.93748426437378,-1.1295279773779279,0.0,0.0,0.0,1.1295279773779279
68.9573130607605,-1.1740013210964657,0.0,0.0,0.0,1.1740013210964657
68.97719836235046,-1.2156419260521594,0.0,0.0,0.0,1.2156419260521594
68.99723672866821,-1.2542183166917373,0.0,0.0,0.0,1.2542183166917373
69.01743841171265,-1.289650341146888,0.0,0.0,0.0,1.289650341146888
69.03746247291565,-1.3204092006794113,0.0,0.0,0.0,1.3204092006794113
69.05754256248474,-1.3486678837369537,0.0,0.0,0.0,1.3486678837369537
69.07748031616211,-1.3744454701751405,0.0,0.0,0.0,1.3744454701751405
69.09744596481323,-1.397820544764394,0.0,0.0,0.0,1.397820544764394
69.11757779121399,-1.4189109625110294,0.0,0.0,0.0,1.4189109625110294
69.1373872756958,-1.4378587591596843,0.0,0.0,0.0,1.4378587591596843
69.15741515159607,-1.4548190316393963,0.0,0.0,0.0,1.4548190316393963
69.1775414943695,-1.4699518686175126,0.0,0.0,0.0,1.4699518686175126
69.19734644889832,-1.4834166123596635,0.0,0.0,0.0,1.4834166123596635
69.2171585559845,-1.495367891367111,0.0,0.0,0.0,1.495367891367111
69.23730754852295,-1.5059529878239624,0.0,0.0,0.0,1.5059529878239624
69.25726079940796,-1.5151431837329399,0.0,0.0,0.0,1.5151431837329399
69.27748417854309,-1.5232893280387174,0.0,0.0,0.0,1.5232893280387174
69.2974157333374,-1.530495608241458,0.0,0.0,0.0,1.530495608241458
69.31744813919067,-1.5368591595248202,0.0,0.0,0.0,1.5368591595248202
69.33758902549744,-1.5424696591348281,0.0,0.0,0.0,1.5424696591348281
69.35757327079773,-1.5474092410583673,0.0,0.0,0.0,1.5474092410583673
69.37746453285217,-1.551752635464923,0.0,0.0,0.0,1.551752635464923
69.39762377738953,-1.555567460618934,0.0,0.0,0.0,1.555567460618934
69.4172990322113,-1.5589146130228828,0.0,0.0,0.0,1.5589146130228828
69.43722724914551,-1.5618487155220582,0.0,0.0,0.0,1.5618487155220582
69.45736503601074,-1.564418593868853,0.0,0.0,0.0,1.564418593868853
69.47739553451538,-1.5666498272643827,0.0,0.0,0.0,1.5666498272643827
69.49733662605286,-1.5686049739087162,0.0,0.0,0.0,1.5686049739087162
69.51729011535645,-1.5703168284711486,0.0,0.0,0.0,1.5703168284711486
69.53738164901733,-1.5718145814061526,0.0,0.0,0.0,1.5718145814061526
69.55748081207275,-1.57312415044576,0.0,0.0,0.0,1.57312415044576
69.57723355293274,-1.5742684970979641,0.0,0.0,0.0,1.5742684970979641
69.59716606140137,-1.5752679243899588,0.0,0.0,0.0,1.5752679243899588
69.61749362945557,-1.5761403537378587,0.0,0.0,0.0,1.5761403537378587
69.6373462677002,-1.5769015800214998,0.0,0.0,0.0,1.5769015800214998
69.65732860565186,-1.577565504798648,0.0,0.0,0.0,1.577565504798648
69.6772825717926,-1.5781443481890596,0.0,0.0,0.0,1.5781443481890596
69.69716167449951,-1.5786469147931805,0.0,0.0,0.0,1.5786469147931805
69.71729063987732,-1.5790851815118387,0.0,0.0,0.0,1.5790851815118387
69.73732042312622,-1.5794672363164737,0.0,0.0,0.0,1.5794672363164737
69.75763154029846,-1.5798001784125575,0.0,0.0,0.0,1.5798001784125575
69.77744174003601,-1.5800902331293356,0.0,0.0,0.0,1.5800902331293356
69.79749798774719,-1.5803428547508835,0.0,0.0,0.0,1.5803428547508835
69.81740617752075,-1.5805628182613458,0.0,0.0,0.0,1.5805628182613458
69.8375301361084,-1.5807543009722518,0.0,0.0,0.0,1.5807543009722518
69.85746693611145,-1.580920954970841,0.0,0.0,0.0,1.580920954970841
69.87748694419861,-1.5810659712834803,0.0,0.0,0.0,1.5810659712834803
69.89737606048584,-1.581192136593524,0.0,0.0,0.0,1.581192136593524
69.91752600669861,-1.5813016765367987,0.0,0.0,0.0,1.5813016765367987
69.9375536441803,-1.5813969886682446,0.0,0.0,0.0,1.5813969886682446
69.95738434791565,-1.5814799064990117,0.0,0.0,0.0,1.5814799064990117
69.97742819786072,-1.5815520302005288,0.0,0.0,0.0,1.5815520302005288
69.99725031852722,-1.5816147556986762,0.0,0.0,0.0,1.5816147556986762
70.01736903190613,-1.581669300264895,0.0,0.0,0.0,1.581669300264895
70.03743648529053,-1.5817167249996913,0.0,0.0,0.0,1.5817167249996913
70.05758929252625,-1.5817579545651062,0.0,0.0,0.0,1.5817579545651062
70.07736921310425,-1.5817937944863236,0.0,0.0,0.0,1.5817937944863236
70.09766459465027,-1.5818249463088683,0.0,0.0,0.0,1.5818249463088683
70.11761951446533,-1.5818520208668712,0.0,0.0,0.0,1.5818520208668712
70.13760614395142,-1.581875527689375,0.0,0.0,0.0,1.581875527689375
70.15730285644531,-1.5818959591130912,0.0,0.0,0.0,1.5818959591130912
70.17714929580688,-1.5819137159570096,0.0,0.0,0.0,1.5819137159570096
70.1971218585968,-1.5819291471104204,0.0,0.0,0.0,1.5819291471104204
70.2174186706543,-1.5819425561983216,0.0,0.0,0.0,1.5819425561983216
70.23747181892395,-1.5819542074040145,0.0,0.0,0.0,1.5819542074040145
70.25746703147888,-1.5819643305528481,0.0,0.0,0.0,1.5819643305528481
70.27744960784912,-1.581973125548787,0.0,0.0,0.0,1.581973125548787
70.2974374294281,-1.5819807662445402,0.0,0.0,0.0,1.5819807662445402
70.31741642951965,-1.5819874038162551,0.0,0.0,0.0,1.5819874038162551
70.33728623390198,-1.5819931697051521,0.0,0.0,0.0,1.5819931697051521
70.35739254951477,-1.5819981757971027,0.0,0.0,0.0,1.5819981757971027
70.37729454040527,-1.5820025245976803,0.0,0.0,0.0,1.5820025245976803
70.39730787277222,-1.58200630224436,0.0,0.0,0.0,1.58200630224436
70.41713070869446,-1.5820095836192456,0.0,0.0,0.0,1.5820095836192456
70.43737554550171,-1.582012433813171,0.0,0.0,0.0,1.582012433813171
70.45746636390686,-1.5820149094006837,0.0,0.0,0.0,1.5820149094006837
70.47720074653625,-1.5820170595500693,0.0,0.0,0.0,1.5820170595500693
70.49722981452942,-1.5820189269895435,0.0,0.0,0.0,1.5820189269895435
70.51709365844727,-1.5820205488480785,0.0,0.0,0.0,1.5820205488480785
70.53721356391907,-1.582021957386991,0.0,0.0,0.0,1.582021957386991
70.55749034881592,-1.582023180636376,0.0,0.0,0.0,1.582023180636376
70.57743501663208,-1.5820242426927231,0.0,0.0,0.0,1.5820242426927231
70.59722185134888,-1.5820251650531107,0.0,0.0,0.0,1.5820251650531107
70.61748480796814,-1.5820259660747096,0.0,0.0,0.0,1.5820259660747096
70.63728880882263,-1.5820266617059218,0.0,0.0,0.0,1.5820266617059218
70.65717577934265,-1.5820272658017478,0.0,0.0,0.0,1.5820272658017478
70.67714381217957,-1.582027790398005,0.0,0.0,0.0,1.582027790398005
70.69714331626892,-1.5820282459497395,0.0,0.0,0.0,1.5820282459497395
70.7175304889679,-1.582028641538482,0.0,0.0,0.0,1.582028641538482
70.73738241195679,-1.5820289850524052,0.0,0.0,0.0,1.5820289850524052
70.7573606967926,-1.582029283342905,0.0,0.0,0.0,1.582029283342905
70.77749156951904,-1.582029542360686,0.0,0.0,0.0,1.582029542360686
70.79727673530579,-1.5820297672465367,0.0,0.0,0.0,1.5820297672465367
70.81740689277649,-1.5820299625256564,0.0,0.0,0.0,1.5820299625256564
70.83765602111816,-1.5820301320939598,0.0,0.0,0.0,1.5820301320939598
70.85726642608643,-1.5820302793350791,0.0,0.0,0.0,1.5820302793350791
70.87734007835388,-1.582030407187649,0.0,0.0,0.0,1.582030407187649
70.8974449634552,-1.5820305182037713,0.0,0.0,0.0,1.5820305182037713
70.91740608215332,-1.5820306145998086,0.0,0.0,0.0,1.5820306145998086
70.93744444847107,-1.582030698300514,0.0,0.0,0.0,1.582030698300514
70.95721530914307,-1.5820307709773664,0.0,0.0,0.0,1.5820307709773664
70.97713255882263,-1.5820308340818763,0.0,0.0,0.0,1.5820308340818763
70.99709796905518,-1.5820308888745116,0.0,0.0,0.0,1.5820308888745116
71.01723146438599,-1.5820309364468763,0.0,0.0,0.0,1.5820309364468763
71.03733110427856,-1.582030977753369,0.0,0.0,0.0,1.582030977753369
71.05745601654053,-1.5820310136190814,0.0,0.0,0.0,1.5820310136190814
71.07727360725403,-1.582031044760497,0.0,0.0,0.0,1.582031044760497
71.09709787368774,-1.58203107179978,0.0,0.0,0.0,1.58203107179978
71.11742782592773,-1.5820310952771846,0.0,0.0,0.0,1.5820310952771846
71.13748693466187,-1.5820311156618336,0.0,0.0,0.0,1.5820311156618336
71.15735650062561,-1.58203113336108,0.0,0.0,0.0,1.58203113336108
71.17717576026917,-1.5820311487286365,0.0,0.0,0.0,1.5820311487286365
71.19732689857483,-1.5820311620716363,0.0,0.0,0.0,1.5820311620716363
71.21732997894287,-1.5820311736567656,0.0,0.0,0.0,1.5820311736567656
71.23739290237427,-1.5820311837152705,0.0,0.0,0.0,1.5820311837152705
71.2575376033783,-1.582031192448638,0.0,0.0,0.0,1.582031192448638
71.27739572525024,-1.5820312000314243,0.0,0.0,0.0,1.5820312000314243
71.29746055603027,-1.5820312066151958,0.0,0.0,0.0,1.5820312066151958
71.31779146194458,-1.5820312123315565,0.0,0.0,0.0,1.5820312123315565
71.3374354839325,-1.5820312172947764,0.0,0.0,0.0,1.5820312172947764
71.35749959945679,-1.5820312216040746,0.0,0.0,0.0,1.5820312216040746
71.3776626586914,-1.5820312253456004,0.0,0.0,0.0,1.5820312253456004
71.39781355857849,-1.5820312285941551,0.0,0.0,0.0,1.5820312285941551
0.0035631656646728516,-1.5820312314146863,0.0,0.0,0.0,1.5820312314146863
0.02345871925354004,-1.582031233863586,-1.158854647576807e-07,0.0,0.0,1.5820311179781212
0.04281306266784668,-1.5820312359897832,-7.3888456705787126e-06,0.0,0.0,1.5820238471441126
0.06302428245544434,-1.582031237835836,-3.9450774106390246e-05,0.0,0.02974076382815838,1.5819917870617297
0.08293581008911133,-1.5820312394386535,-8.363675968729831e-05,0.0,0.025822752621024847,1.5819476026789663
0.10311269760131836,-1.5820312408302823,-0.00015231921955565286,0.0,0.0713681592606008,1.5818789216107267
0.12293124198913574,-1.5820312420385474,-0.0002507912634291776,0.0,0.10673079779371619,1.5817804507751183
0.14314651489257812,-1.5820312430876078,-0.00038429128267138536,0.025400876998901367,0.036730797793716186,1.5816469518049363
0.16288328170776367,-1.5820312439984403,-0.0005580031362502997,0.053869372233748436,0.0,1.58147324086219
0.18296575546264648,-1.5820312447892568,-0.0005580031362502997,0.053869372233748436,0.0,1.5814732416530066
0.20306158065795898,-1.5820312454758714,-0.0010465262360652425,0.007042558863759041,0.001095600426197052,1.580984719239806
0.2230384349822998,-1.5820312460720132,-0.0013714342118883835,0.018498283810913563,0.018141543492674828,1.5806598118601247
0.24306297302246094,-1.5820312465896034,-0.0017567478531399026,0.010728123597800732,0.05036340840160847,1.5802744987364634
0.2629203796386719,-1.5820312470389883,-0.002207381146191226,0.05062116961926222,0.0742510873824358,1.5798238658927972
0.28301262855529785,-1.5820312474291593,-0.002728194660770627,0.04984805436106399,0.014071745797991753,1.5793030527683887
0.3029823303222656,-1.5820312477679188,-0.0033239957359219555,0.0,0.0,1.578707252031997
0.3229837417602539,-1.5820312480620409,-0.0033239957359219555,0.0,0.0,1.578707252326119
0.34502243995666504,-1.582031248317407,-0.0047595248864459715,0.0,0.0854877345263958,1.577271723430961
0.3636965751647949,-1.582031248539124,-0.0056086031601127176,0.0,0.0205741785466671,1.5764226453790111
0.3852686882019043,-1.5820312487316255,-0.006551369762856954,0.0,0.009897073730826378,1.5754798789687685
0.4032289981842041,-1.582031248898761,-0.006551369762856954,0.0,0.009897073730826378,1.575479879135904
0.4232177734375,-1.5820312490438733,-0.007592368669681233,0.000793209474068135,0.014938062522560358,1.574438880374192
0.4429013729095459,-1.5820312491698638,-0.008736091740656007,0.03292825649259612,0.08130755880847573,1.5732951574292078
0.4629368782043457,-1.5820312492792528,-0.009986978906878368,0.06595867330906913,0.09342856938019395,1.5720442703723745
0.48293018341064453,-1.5820312493742268,-0.011349418356430767,0.044423490937333554,0.0602284618653357,1.5706818310177961
0.507117748260498,-1.5820312494566864,-0.014426249258534573,0.03961519169388339,0.10139845265075564,1.5676050001981519
0.5229098796844482,-1.58203124952828,-0.014426249258534573,0.03961519169388339,0.10139845265075564,1.5676050002697455
0.5428900718688965,-1.5820312495904398,-0.016149160045806146,0.02086146379588172,0.03139845265075564,1.5658820895446337
0.5628681182861328,-1.5820312496444087,-0.018000662157765544,0.006392440933268517,0.07345500199124216,1.5640305874866431
0.582911491394043,-1.5820312496912659,-0.019984887856802847,0.012911604426335543,0.14345500199124217,1.562046361834463
0.6029460430145264,-1.5820312497319489,-0.02210591877804579,0.0,0.08663356630131602,1.5599253309539032
0.6228044033050537,-1.5820312497672708,-0.024367786115318563,0.021887734532356262,0.0904963065404445,1.5576634636519522
0.6464126110076904,-1.5820312497979383,-0.029329903722484674,0.11107761785387993,0.048682716907933354,1.5527013460754535
0.6659765243530273,-1.5820312498245648,-0.03203796584713694,0.14498214423656464,0.015128930332139134,1.5499932839774277
0.6855552196502686,-1.5820312498476825,-0.034902488469254325,0.13315473310649395,0.00427920394577086,1.5471287613784281
0.7051844596862793,-1.582031249867754,-0.03792725336552393,0.11317377351224422,0.006696709664538503,1.54410399650223
0.7245759963989258,-1.5820312498851803,-0.03792725336552393,0.11317377351224422,0.006696709664538503,1.5441039965196564
0.7453224658966064,-1.5820312499003106,-0.04447239064547064,0.10636596381664276,0.08312988397665322,1.53755885925484
0.7653787136077881,-1.5820312499134472,-0.0480000806986006,0.05527064576745033,0.13323995959945023,1.5340311692148467
0.7839629650115967,-1.5820312499248526,-0.0480000806986006,0.05527064576745033,0.13323995959945023,1.534031169226252
0.8037216663360596,-1.582031249934755,-0.051702648736705874,0.03674484230577946,0.12673891917802393,1.5303286011980493
0.8233642578125,-1.5820312499433526,-0.055583631768304595,0.015557993203401566,0.19673891917802394,1.5264476181750481
0.8432180881500244,-1.5820312499508176,-0.06389474905322516,0.09827107191085815,0.18039890930987895,1.5181365008975924
0.8631081581115723,-1.5820312499572984,-0.06833171608862997,0.16827107191085816,0.1735097532439977,1.5136995338686685
0.8828601837158203,-1.5820312499629254,-0.07296076405361136,0.19752341479063035,0.14400115509517492,1.509070485909314
0.9029347896575928,-1.582031249967811,-0.07778518983748663,0.17376553423702717,0.13476916489191354,1.5042460601303245
0.9232094287872314,-1.5820312499720526,-0.08280824286360884,0.16997470257803798,0.20067700830288232,1.4992230071084438
0.9429848194122314,-1.5820312499757354,-0.08803312527532581,0.237513485532254,0.16925563377328218,1.4939981247004095
0.9629116058349609,-1.5820312499789329,-0.09346299212193883,0.24361823515966535,0.17578359034843744,1.488568257856994
0.9829318523406982,-1.5820312499817089,-0.09910095154466125,0.21012742834165693,0.1642780061159283,1.4829302984370476
1.0029349327087402,-1.5797149018999626,-0.10495006496257744,0.14012742834165692,0.1397699992451817,1.4747648369373851
1.0229246616363525,-1.5758507108888902,-0.11101334725860132,0.07012742834165692,0.12440518376417459,1.464837363630289
1.0429728031158447,-1.5710132588217351,-0.1172937669654349,0.023939614016562694,0.12445032656280092,1.4537194918563003
1.0630366802215576,-1.565627289211927,-0.12379424645152765,0.0,0.12415769793762593,1.4418330427603994
1.0829286575317383,-1.5623186247952434,-0.13051766210703444,0.0,0.057967172048229265,1.431800962688209
1.1032516956329346,-1.5813871481589832,-0.13746684452977473,0.0,0.09021198474540143,1.4439203036292085
1.1232118606567383,-1.6409757081392409,-0.14464457871119138,0.0,0.08700551120302408,1.4963311294280495
1.143524408340454,-1.6927120172822834,-0.15205360422230885,0.0,0.06320482147595613,1.5406584130599745
1.1650218963623047,-1.7813224190302686,-0.1596966153996926,0.0,0.05195734211913078,1.621625803630576
1.1855504512786865,-1.8932095259662969,-0.16757626153140723,0.01211211271584034,0.07295234063378303,1.7256332644348897
1.2045109272003174,-2.018315403867601,-0.16757626153140723,0.01211211271584034,0.07295234063378303,1.8507391423361939
1.2243373394012451,-2.151621977287174,-0.17569514704297542,0.0,0.02309742504468887,1.9759268302441984
1.2442772388458252,-2.2824786165369106,-0.18405583168333697,0.011624942533671856,0.045558319703850436,2.0984227848535735
1.2641775608062744,-2.4012358223924517,-0.2015126150790347,0.025960038881748915,0.10267253899684875,2.199723207313417
1.2838990688323975,-2.508459165115895,-0.21061361162296272,0.03586637927219272,0.1547274024199578,2.297845553492932
1.303987979888916,-2.604845452477698,-0.219966203244785,0.008300976362079382,0.18416784079483478,2.384879249232913
1.3247873783111572,-2.691164282957889,-0.2295727290999064,0.07830097636207939,0.11416784079483477,2.4615915538579825
1.3436675071716309,-2.7682155313523045,-0.23943548478290033,0.09677541552111507,0.09078642876556842,2.528780046569404
1.364659309387207,-2.8351133924201264,-0.24955672251346858,0.08753946347162128,0.16078642876556842,2.5855566699066577
1.3834707736968994,-2.8948814521404045,-0.24955672251346858,0.08753946347162128,0.16078642876556842,2.6453247296269358
1.4030640125274658,-2.9481221105467332,-0.2705834372375263,0.027980164159089327,0.06972425179294078,2.677538673309207
1.422861099243164,-2.9954258118785915,-0.2814932034696868,0.08418539958074689,0.04408870199433296,2.713932608408905
1.4429678916931152,-3.0373591350196967,-0.29267003059868146,0.08995703421533108,0.032540641070518184,2.744689104421015
1.4633514881134033,-3.0744571503185365,-0.304115956759232,0.05082729645073414,0.07173407012334793,2.7703411935593047
1.4829826354980469,-3.107218941189619,-0.31583297782694064,0.05231580347754061,0.034248943717393565,2.7913859633626785
1.5029098987579346,-3.136105441937192,-0.3278230476042484,0.0,0.09419122645369499,2.8082823943329434
1.5229647159576416,-3.1615389413656665,-0.34008807800639407,0.01884351298213005,0.09716701325698524,2.8214508633592725
1.5431311130523682,-3.183903756495181,-0.3526299392473725,0.0,0.09816465053911089,2.8312738172478085
1.5632836818695068,-3.203547701253581,-0.36545046002589426,0.0,0.07538526218588232,2.8380972412276866
1.5833046436309814,-3.22060307562655,-0.37855142771134337,0.0,0.09360353548283457,2.8420516479152065
1.6030588150024414,-3.2355919801112347,-0.3919345885297364,0.0,0.08437574740702986,2.843657391581498
1.6230719089508057,-3.2487505240774928,-0.405601647749681,0.03643278032541275,0.10525251824612497,2.843148876327812
1.644408941268921,-3.2602909434287786,-0.41955426986833544,0.004584591835737228,0.08020718667859911,2.840736673560443
1.6629927158355713,-3.270403298571423,-0.4337940787973659,0.0,0.0786172361552599,2.8366092197740573
1.6828935146331787,-3.279257238223722,-0.44832265804890703,0.0,0.04500342025159626,2.830934580174815
1.7032959461212158,-3.2870037624710764,-0.463141550921519,0.012839279137551785,0.053301619875419426,2.8238622115495575
1.7231967449188232,-3.2937769388323166,-0.4782522606861468,0.0,0.05919220070092707,2.81552467814617
1.7432467937469482,-3.2996955404617756,-0.4936562507720793,0.012323236092925072,0.04690610947756796,2.8060392896896964
1.7630693912506104,-3.304864587093727,-0.5093549449529072,0.0,0.022482947956013966,2.79550964214082
1.7830283641815186,-3.3093767778221594,-0.5253497275324834,0.0,0.028873282528657007,2.784027050289676
1.8043408393859863,-3.313294377014284,-0.5416419435308796,0.0,0.06023747012688546,2.7716524334834047
1.8230037689208984,-3.3167151706303795,-0.5582328988703463,0.014737250283360481,0.11651548654510407,2.758482271760033
1.8430089950561523,-3.31970073816603,-0.5751238605612712,0.025100812315940857,0.12192898574023275,2.744576877604759
1.863008737564087,-3.322305321870559,-0.5923160568881377,0.08826252073049545,0.05192898574023275,2.7299892649824216
1.8830723762512207,-3.3245766381369464,-0.6098106775954847,0.02705996483564377,0.03386157179920701,2.714765960541462
1.9031991958618164,-3.3265566130656294,-0.6276088740738635,0.0,0.09846798504440812,2.698947738991766
1.923156976699829,-3.328282045975271,-0.6457117595457985,0.009758330881595612,0.09051400038151769,2.6825702864294723
1.9429380893707275,-3.3297852053801344,-0.6457117595457985,0.009758330881595612,0.09051400038151769,2.684073445834336
1.9629766941070557,-3.331094362353174,-0.6828358606360447,0.04650349263101816,0.0683239748395863,2.6482585017171294
1.982990026473999,-3.3322342663417355,-0.7018591135328928,0.01339793298393488,0.104653206995863,2.630375152808843
2.0030152797698975,-3.3332265684718987,-0.721191130352288,0.029281469993293285,0.07759523891581921,2.6120354381196105
2.02303409576416,-3.334088110515983,-0.721191130352288,0.029281469993293285,0.07759523891581921,2.612896980163695
2.0430803298950195,-3.3348382100222,-0.7607851193935067,0.059046545648016036,0.1449410294808331,2.574053090628693
2.0631117820739746,-3.335491134930312,-0.7810488309879926,0.08585396187845618,0.08689911418332485,2.554442303942319
2.082972288131714,-3.336059356498191,-0.8016247856222685,0.04675236123148352,0.04509261750354199,2.5344345708759226
2.1029305458068848,-3.3365537693649627,-0.8225137613747509,0.04959959501866251,0.0,2.5140400079902117
2.123206615447998,-3.3369838859541763,-0.8437165000154141,0.008826512494124472,0.017800504341721535,2.493267385938762
2.1430201530456543,-3.3373580079305873,-0.8652337071917514,0.02564237976912409,0.019307437469251454,2.472124300738836
2.1654629707336426,-3.3376833772001016,-0.887066052614732,0.0,0.05809859849978238,2.4506173245853695
2.185230016708374,-3.337966308721211,-0.9092141702447615,0.0,0.045548896421678364,2.4287521384764497
2.20497465133667,-3.338212307182819,-0.9316786584776395,0.04422101005911827,0.07671304524410516,2.40653364870518
2.225982427597046,-3.338426169400943,-0.9544600803305192,0.05671560298651457,0.10538041323889047,2.383966089070424
2.2464444637298584,-3.33861185003888,-0.9544600803305192,0.05671560298651457,0.10538041323889047,2.3841517697083607
2.266301393508911,-3.338773286767882,-0.9775589636278641,0.04065498057752848,0.14069746166933328,2.3612143231400182
2.2859573364257812,-3.338913629504472,-1.0247110510061177,0.04212293494492769,0.11766366951633245,2.314202578498354
2.3054497241973877,-3.3390356220489354,-1.0247110510061177,0.04212293494492769,0.11766366951633245,2.3143245710428175
2.325112819671631,-3.339141653808605,-1.0731384464207787,0.024043656885623932,0.10231017612386495,2.2660032073878265
2.3445279598236084,-3.339233805063828,-1.0731384464207787,0.024043656885623932,0.10231017612386495,2.2660953586430495
2.3639159202575684,-3.339313886555834,-1.0978313355804332,0.04573098570108414,0.09467046346981078,2.241482550975401
2.3834335803985596,-3.33938347408736,-1.1481770998576877,0.0,0.05984875571448356,2.1912063742296723
2.4029340744018555,-3.339443938747357,-1.1738305146352488,0.02929059974849224,0.05772311857435852,2.165613424112108
2.422823905944824,-3.3394964732996795,-1.199804588289669,0.0,0.0687872931594029,2.13969188501001
2.4427826404571533,-3.339542115211899,-1.2260995069462592,0.0,0.0726788678439334,2.1134426082656397
2.46278715133667,-3.339581742685381,-1.252715423583188,0.0,0.033926580217666924,2.0868663191021932
2.4828100204467773,-3.3396161723276934,-1.2796524582174396,0.0,0.01938293140847236,2.059963714110254
2.502812385559082,-3.339646084268658,-1.306910698090774,0.0,0.006446463172324002,2.032735386177884
2.5229156017303467,-3.3396720699766735,-1.3344901978556865,0.012039839290082455,0.0,2.0051818721209873
2.542936325073242,-3.3396946437495654,-1.362390979761362,0.03087493311613798,0.0,1.9773036639882033
2.562952756881714,-3.3397142527297223,-1.3906130338396385,0.0,0.0,1.9491012188900838
2.582996368408203,-3.339731285630293,-1.419156318090964,0.0,0.028764108195900917,1.920574967539329
2.602978467941284,-3.339746080336125,-1.4480207586703546,0.026336483657360077,0.025019828928634524,1.8917253216657706
2.6236703395843506,-3.339758930522804,-1.4772062500733534,0.0,0.062297799391672015,1.8625526804494505
2.6440584659576416,-3.3397700914192385,-1.5067126553219914,0.0,0.07215843698941171,1.8330574360972471
2.6634929180145264,-3.339779784823498,-1.5067126553219914,0.0,0.07215843698941171,1.8330671295015064
2.6832845211029053,-3.3397882008845596,-1.5666875031924856,0.0,0.059929402312263846,1.773100697692074
2.7030818462371826,-3.3397955105068644,-1.5971555161644613,0.002748343162238598,0.03671162365935743,1.7426399943424031
2.722923755645752,-3.339801858974148,-1.6279435840542305,0.0,0.0,1.7118582749199174
2.743194103240967,-3.3398073725287873,-1.6590514153056355,0.0,0.0,1.6807559572231519
2.762967824935913,-3.339812160860301,-1.6904786880047569,0.0,0.004845493473112583,1.649333472855544
2.783223867416382,-3.339816319270059,-1.7222250500658705,0.0,0.034773885272443295,1.6175912692041887
2.8033432960510254,-3.3398199305540492,-1.75429011941741,0.0,0.010005217976868153,1.5855298111366392
2.823815107345581,-3.3398230666401854,-1.7866734841879228,0.054614122956991196,0.040494159795343876,1.5531495824522625
2.8454995155334473,-3.339825790011977,-1.8193747028920315,0.04225116688758135,0.041476097889244556,1.5204510871199455
2.866230010986328,-3.33982815494629,-1.8523933046163874,0.04048920271452516,0.006860845722258091,1.4874348503299024
2.8858253955841064,-3.339830208589354,-1.8523933046163874,0.04048920271452516,0.006860845722258091,1.4874369039729665
2.905853033065796,-3.3398319916146937,-1.9193806274483707,0.0,0.060286801774054766,1.420451364166323
2.9252097606658936,-3.3398335399601873,-1.9533482612630926,0.0020760579500347376,0.06831364193931222,1.3864852786970947
2.944685459136963,-3.3398348844951733,-1.9876311038841707,0.0,0.06825743175068055,1.3522037806110025
2.964273452758789,-3.3398360520322927,-2.0222285400478004,0.0025314721278846264,0.08933711170175229,1.3176075119844923
2.9836854934692383,-3.3398370658598426,-2.0571399261779604,0.0,0.03750957666852628,1.2826971396818823
3.0029983520507812,-3.3398379462044168,-2.0923645905723727,0.0221815537661314,0.03311938445040141,1.247473355632044
3.0228936672210693,-3.3398387106329412,-2.127901833588462,0.0,0.04233332189687644,1.2119368770444794
3.042958974838257,-3.339839374402014,-2.1637509278293123,0.010951208882033825,0.05227074238428031,1.1760884465727015
3.062899589538574,-3.3398399507614385,-2.1999111183296276,0.0012890715152025223,0.07635234693952953,1.1399288324318109
3.082881450653076,-3.339840451217942,-2.236381622741691,0.0,0.01944240207740222,1.103458828476251
3.1028544902801514,-3.339840885764283,-2.2731616315213197,0.032579511404037476,0.03249116639562999,1.0666792542429633
3.1228816509246826,-3.339841263048511,-2.31025030811383,0.0029564164578914642,0.009367043403472053,1.029590954934681
3.142845869064331,-3.3398415906460928,-2.347646789139989,0.046856895089149475,0.0,0.9921948015061037
3.1630241870880127,-3.339841875098503,-2.385350184581979,0.0285384152084589,0.0,0.9544916905165239
3.1829769611358643,-3.339842122086409,-2.4233595779693524,0.0,0.0,0.9164825441170565
3.203153610229492,-3.3398423365428633,-2.461674026564993,0.0,0.0,0.8781683099778705
3.222789764404297,-3.3398425227516313,-2.500292561551074,0.0,0.0,0.8395499612005572
3.2428767681121826,-3.339842684432597,-2.5392141882150177,0.03410215675830841,0.0,0.8006284962175791
3.2629165649414062,-3.339842824815946,-2.578437886135447,0.0719047375023365,0.0,0.7614049386804993
3.282844066619873,-3.3398429467066,-2.617962609368158,0.07361346518155187,0.0,0.7218803373384421
3.3027806282043457,-3.3398430525401746,-2.6577872866320655,0.056645034230314195,0.030867595225572586,0.682055765908109
3.3229176998138428,-3.3398431444315833,-2.6979108214951686,0.04484986362513155,0.04727030731737614,0.6419323229364147
3.342996597290039,-3.3398432242140506,-2.7383320925605075,0.02569525910075754,0.04347452009096742,0.6015111316535431
3.3629934787750244,-3.3398432934864237,-2.7790499536521245,0.013900105259381235,0.04260026972042397,0.5607933398342992
3.383056402206421,-3.3398433536330243,-2.8200632340010183,0.0,0.03509192290948704,0.519780119632006
3.4030890464782715,-3.3398434058558855,-2.8613707384311047,0.01978009007871151,0.0324535442632623,0.4784726674247808
3.4229581356048584,-3.3398434511987447,-2.902971247545179,0.020722519606351852,0.03422528487863019,0.4368722036535657
3.4429781436920166,-3.339843490567882,-2.94486351791087,0.0,0.08174072188558057,0.394979972657012
3.4629976749420166,-3.3398435247502207,-2.9870462822466006,0.016440974548459053,0.08627998438896611,0.3527972425036201
3.483153820037842,-3.3398435544290375,-3.0295182496075452,0.08644097454845906,0.03499019128503278,0.31032530482149223
3.503143072128296,-3.3398435801976145,-3.0722781055715886,0.07121349468827248,0.0015072187525220215,0.26756547462602587
3.5230417251586914,-3.339843602571088,-3.1153245124252886,0.06260049313306809,0.0,0.22451909014579918
3.54300856590271,-3.339843621996738,-3.1586561093498307,0.00864004313945771,0.0,0.18118751264690713
3.563204288482666,-3.3398436388625834,-3.202271512606984,0.0,0.03780205175280571,0.13757212625559934
3.5829217433929443,-3.339843653506284,-3.246169315725071,0.0,0.02228676714003086,0.09367433778121281
3.6029632091522217,-3.3398436662205935,-3.2903480896849113,0.0,0.0,0.04949557653568215
3.6230685710906982,-3.3398436772597018,-3.334806383105792,0.03596516698598862,0.01177362073212862,0.005037294153909855
3.6431884765625,-3.3398436868443127,-3.3795427224314256,0.0,0.0,-0.03969903558711296
3.66314697265625,-3.3398436951660573,-3.424555612115899,0.014501332305371761,0.0,-0.08471191694984181
3.68296217918396,-3.3398437023913212,-3.469843534809644,0.08450133230537177,0.0,-0.1299998324183229
3.7030222415924072,-3.33984370866457,-3.515404951545389,0.0937054005265236,0.0,-0.1755612428808191
3.7236502170562744,-3.339843714111236,-3.561238301924117,0.09445726288715378,0.0,-0.22139458781288113
3.7479939460754395,-3.339843718840229,-3.6073420043010316,0.06832640594104306,0.0,-0.2674982854608028
3.7629764080047607,-3.339843722946107,-3.6073420043010316,0.06832640594104306,0.0,-0.2674982813549245
3.78291392326355,-3.339843726510935,-3.6537144559715085,0.0007649210677482254,0.0,-0.31387072946057337
3.802999973297119,-3.339843729606047,-3.700354033357055,0.019494462518487132,0.0,-0.360510303751008
3.823509454727173,-3.3398437322933314,-3.7472590921912765,0.0,0.028824899345636368,-0.4074153598979451
3.843505382537842,-3.339843734626524,-3.7944279677058224,0.0045133354142308235,0.018063955008983612,-0.4545842330792982
3.863333225250244,-3.339843736652281,-3.841858974816353,0.0,0.0,-0.5020152381640721
3.883145332336426,-3.3398437384111093,-3.8895504083085033,0.0,0.0,-0.549706669897394
3.9030346870422363,-3.339843739938181,-3.9375005430238286,0.0,0.0,-0.5976568030856475
3.927950382232666,-3.3398437412640334,-4.034169916885614,0.058925412595272064,0.0,-0.6943261756215806
3.946927547454834,-3.33984374241518,-4.0828856076684525,0.051059652119874954,0.0,-0.7430418652532724
3.9664218425750732,-3.339843743414641,-4.131852903319137,0.07248403877019882,0.0021528974175453186,-0.792009159904496
3.9870996475219727,-3.339843744282404,-4.181069981748243,0.07522561168298125,0.01087884046137333,-0.8412262374658388
4.006370544433594,-3.3398437450358176,-4.230535002038018,0.10877773305401206,0.0,-0.8906912570022008
4.02614426612854,-3.3398437456899543,-4.280246104628355,0.10788946319371462,0.014297050423920155,-0.9404023589384005
4.046946048736572,-3.339843746257896,-4.330201411502738,0.0459388317540288,0.03178692329674959,-0.9903576652448423
4.065523862838745,-3.3398437467509994,-4.38039902637421,0.049516299506649375,0.0,-1.0405552796232107
4.086311101913452,-3.3398437471791267,-4.430837034871333,0.013581288745626807,0.009422034956514835,-1.0909932876922062
4.106277227401733,-3.3398437475508396,-4.48151350472413,0.03449432901106775,0.0,-1.1416697571732901
4.126158952713013,-3.339843747873571,-4.532426485950063,0.0,0.0,-1.1925827380764922
4.144577741622925,-3.3398437481537764,-4.532426485950063,0.0,0.0,-1.192582737796287
4.16466760635376,-3.3398437483970587,-4.634954095144098,0.0705607645213604,0.0,-1.2951103467470397
4.185755968093872,-3.339843748608283,-4.686564736257907,0.04187992215156555,0.0,-1.3467209876496238
4.214720726013184,-3.3398437487916737,-4.686564736257907,0.04187992215156555,0.0,-1.3467209874662331
4.226624488830566,-3.3398437489508983,-4.790469596838943,0.04846449941396713,0.0,-1.4506258478880443
4.243095874786377,-3.3398437490891415,-4.81658673519247,0.04846449941396713,0.0,-1.476742986103328
4.266894578933716,-3.3398437492091686,-4.895272240719745,0.0,0.01016781385987997,-1.5554284915105763
4.287190198898315,-3.339843749313379,-4.9480050494175485,0.021434873342514038,0.0,-1.6081613001041695
4.3067100048065186,-3.3398437494038573,-5.000956053263252,0.03418854158371687,0.00596277043223381,-1.6611123038593947
4.325651407241821,-3.339843749482413,-5.054123135376364,0.10418854158371688,0.0,-1.714279385893951
4.346540451049805,-3.3398437495506172,-5.107504163209367,0.08222566235810519,0.0,-1.7676604136587502
4.366091251373291,-3.339843749609834,-5.161096988733684,0.12426855105906726,0.019073082134127617,-1.82125323912385
4.385411977767944,-3.339843749661248,-5.21489944862563,0.08388975698500872,0.0,-1.875055698964382
4.4034528732299805,-3.3398437497058864,-5.268909364452373,0.0752802274003625,0.0,-1.9290656147464866
4.424008846282959,-3.339843749744643,-5.3231245428579,0.053842532150447375,0.03960134834051132,-1.983280793113257
4.443424463272095,-3.3398437497782925,-5.377542775748964,0.038942023813724524,0.0,-2.0376990259706713
4.463434934616089,-3.3398437498075078,-5.432161840481041,0.057284295260906226,0.0,-2.0923180906735332
4.484396457672119,-3.3398437498328737,-5.4869795000443125,0.09536951377987862,0.0,-2.1471357502114388
4.505281209945679,-3.3398437498548965,-5.541993503249596,0.09846130030229688,0.0009293816401623189,-2.2021497533947
4.52591609954834,-3.3398437498740177,-5.597201584914313,0.13314299302175642,0.0,-2.257357835040295
4.546450853347778,-3.339843749890619,-5.652601466048461,0.12915326392278076,0.00345101417042315,-2.312757716157842
4.567364931106567,-3.339843749905033,-5.708190854040548,0.15170643588528038,0.05131493345834315,-2.368347104135515
4.58457612991333,-3.3398437499175473,-5.736055892988373,0.15170643588528038,0.05131493345834315,-2.396212143070826
4.608208179473877,-3.3398437499284124,-5.819928913160972,0.12213383166119457,0.09486883343197405,-2.4800851632325593
4.622929334640503,-3.3398437499378457,-5.819928913160972,0.12213383166119457,0.09486883343197405,-2.480085163223126
4.643704175949097,-3.339843749946036,-5.932397156020608,0.15544409973546863,0.04212488071061671,-2.592553406074572
4.664174318313599,-3.3398437499531473,-5.9888992253955475,0.18153239151462913,0.0,-2.6490554754424003
4.688971281051636,-3.339843749959322,-6.045576770322198,0.23119803627952934,0.0,-2.7057330203628758
4.7034571170806885,-3.339843749964682,-6.045576770322198,0.23119803627952934,0.0,-2.7057330203575156
4.723660707473755,-3.3421600980534927,-6.159448743676906,0.16119803627952933,0.07,-2.8172886456234134
4.7464070320129395,-3.350656985239012,-6.216638370379553,0.16020001214928925,0.03348013356328011,-2.8659813851405413
4.763274192810059,-3.3817536040110756,-6.216638370379553,0.16020001214928925,0.03348013356328011,-2.8348847663684777
4.783537149429321,-3.471738619467748,-6.273993869554997,0.15339187788777053,0.09782105281949044,-2.802255250087249
4.80349588394165,-3.669745259521985,-6.389192753236498,0.09299914794974029,0.08295602228492499,-2.7194474937145126
4.824433326721191,-4.025584388731183,-6.447031243409698,0.12347636255435646,0.014203234277665622,-2.421446854678515
4.845445394515991,-4.57201034816873,-6.505025817761894,0.10790921351872385,0.0,-1.9330154695931636
4.862973690032959,-5.310536329725644,-6.505025817761894,0.10790921351872385,0.0,-1.1944894880362495
4.883775472640991,-5.951743442377071,-6.563174001674497,0.03790921351872384,0.0,-0.6114305592974256
4.903467655181885,-6.763750452099811,-6.6214733098827905,0.012176023861393326,0.0,0.14227714221702037
4.9232261180877686,-7.677624064611876,-6.738515306012614,0.0,0.0,0.9391087585992617
4.943973064422607,-8.635850835329887,-6.738515306012614,0.0,0.0,1.8973355293172727
4.966402053833008,-9.59963047678546,-6.856131718177273,0.0,0.04090980812907219,2.7434987586081876
4.983490705490112,-10.541866723501515,-6.856131718177273,0.0,0.04090980812907219,3.6857350053242426
5.002978801727295,-11.439674117599107,-6.91514900929548,0.0,0.0,4.524525108303627
5.023703098297119,-12.262113349120474,-7.003929147186523,0.0,0.07,5.258184201933951
5.043518543243408,-12.982731854671805,-7.093006652481277,0.0,0.0861354597657919,5.889725202190528
5.065915822982788,-13.578890631692268,-7.152552577875212,0.0,0.1561354597657919,6.426338053817056
5.088213682174683,-14.035828847000625,-7.212224230291,0.014853199012577534,0.0861354597657919,6.823604616709625
5.103003025054932,-14.43255427171798,-7.212224230291,0.014853199012577534,0.0861354597657919,7.22033004142698
5.1239941120147705,-14.696042896714738,-7.272019019629682,0.013191735837608576,0.059333821460604674,7.424023877085056
5.14358925819397,-14.83224745701195,-7.361936398864556,0.08319173583760858,0.12933382146060468,7.470311058147395
5.162991523742676,-14.855606208084918,-7.422027644064175,0.013191735837608576,0.18309852980077268,7.433578564020743
5.185963153839111,-14.786070763123055,-7.452116183089849,0.013191735837608576,0.18309852980077268,7.333954580033206
5.203411340713501,-14.646896383013962,-7.512377453627329,0.08319173583760858,0.11309852980077267,7.1345189293866325
5.223099231719971,-14.463020087737393,-7.572748788092634,0.1531917358376086,0.0978064189478755,6.890271299644759
5.24370265007019,-14.252940757453374,-7.663506387472648,0.08699790934100748,0.0671419768407941,6.589434369980726
5.263431072235107,-14.030197930408656,-7.724141325478585,0.13235697695985438,0.020473380275070674,6.306056604930071
5.283017635345459,-13.804529649944303,-7.7848770635957525,0.06235697695985437,0.0,6.019652586348551
5.306645393371582,-13.582776870356591,-7.87616384487306,0.09830960834398866,0.0,5.706613025483531
5.323089361190796,-13.390245445501217,-7.87616384487306,0.09830960834398866,0.0,5.514081600628156
5.34341287612915,-13.200110945273913,-7.937139920208396,0.08800418226048351,0.005061628762632608,5.262971025065517
5.363818645477295,-13.014335928442367,-8.02877466797462,0.08105689117684961,0.02815842116251588,4.9855612604677475
5.38289737701416,-12.831852308103578,-8.089974338528707,0.031768402252346284,0.09166577691212296,4.741877969574871
5.4028637409210205,-12.656464163765987,-8.120606115749744,0.031768402252346284,0.09166577691212296,4.535858048016243
5.42340874671936,-12.492943082159178,-8.1819318676894,0.10176840225234629,0.03498247126117349,4.311011214469778
5.443681478500366,-12.341974210759918,-8.27407091972886,0.1017177274922142,0.08078553015366197,4.067903291031058
5.4631030559539795,-12.203702627427349,-8.335593286291125,0.15420352877175902,0.1060019158758223,3.8681093411362237
5.48293662071228,-12.075578116640369,-8.397189550819817,0.12505771429336165,0.10822063614614308,3.6783885658205513
5.502888917922974,-11.96019461976798,-8.428014544810186,0.12505771429336165,0.10822063614614308,3.532180074957795
5.523646831512451,-11.856701701556384,-8.520592886420149,0.19505771429336166,0.03822063614614307,3.3361088151362353
5.543254852294922,-11.766846507665395,-8.582394502028482,0.20137560174858665,0.012292611943557852,3.1844520056369134
5.563710451126099,-11.683864369855904,-8.644259105048546,0.14254902483022308,0.043208386348560446,3.039605264807358
5.583122253417969,-11.607843107686078,-8.706183956800375,0.1467736539716134,0.017110719876363867,2.9016591508857026
5.602959632873535,-11.538660265764015,-8.768166314559394,0.14856143196171617,0.04601921101100742,2.770493951204621
5.623671054840088,-11.47836691121662,-8.799178200029987,0.14856143196171617,0.04601921101100742,2.679188711186633
5.64380669593811,-11.425837045541067,-8.861241665801273,0.10689855267351961,0.0,2.564595379739794
5.663031101226807,-11.382400314378502,-8.954430939869924,0.15189804782217836,0.0,2.427969374508578
5.682976484298706,-11.353373311137709,-9.016615820028461,0.16628255968040323,0.0,2.336757491109248
5.702853202819824,-11.34901811493197,-9.078844438410833,0.20710019295162058,0.04268261790275574,2.2701736765211376
5.723468542098999,-11.375812342179653,-9.109974286080577,0.20710019295162058,0.04268261790275574,2.265838056099076
5.743764400482178,-11.430485234447225,-9.203421834755973,0.24137854103988504,0.05796358734369278,2.227063399691252
5.763850927352905,-11.477953635379157,-9.265765078501921,0.2113014039868722,0.06812387891113758,2.2121885568772353
5.782862663269043,-11.546610829143862,-9.328140992409974,0.2813014039868722,0.08071160688996315,2.218469836733888
5.802873134613037,-11.6281758905916,-9.390546803537266,0.25390254949277735,0.09403915330767632,2.2376290870543336
5.823734283447266,-11.71887321381545,-9.421760053461778,0.25390254949277735,0.09403915330767632,2.297113160353671
5.84386420249939,-11.827421397491973,-9.51543701586877,0.19817763437575198,0.047234706580638885,2.311984381623203
5.862903118133545,-11.975620188653462,-9.577915861935809,0.17468045895046092,0.08454447612166405,2.397704326717653
5.883743762969971,-12.193780713899256,-9.640413495319635,0.12659584973996973,0.0827864739112556,2.5533672185796217
5.902930498123169,-12.510378046691782,-9.734189087707556,0.10697560628002978,0.012786473911255591,2.7761889589842266
5.922864198684692,-12.940279775968744,-9.765453998654168,0.10697560628002978,0.012786473911255591,3.1748257773145756
5.94285249710083,-13.469979379883757,-9.827991303425922,0.17697560628002978,0.0,3.641988076457835
5.963724136352539,-14.061985501443854,-9.890536265528485,0.17111095068103171,0.0,4.171449235915368
5.983141899108887,-14.575980330816373,-9.953086100721993,0.12242287424451209,0.07,4.62289423009438
6.003810405731201,-15.127929685843148,-10.01563802444117,0.052422874244512085,0.12044480040669442,5.1122916614019775
6.022930860519409,-15.691694944817126,-10.109463734471515,0.0,0.05323797807097436,5.582231210345611
6.043431997299194,-16.248809325871722,-10.140736998683959,0.0,0.05323797807097436,6.108072327187763
6.063330888748169,-16.788937795075327,-10.2032784801235,0.019460421055555344,0.07617211312055588,6.585659314951828
6.083061695098877,-17.30071680590154,-10.265810912292448,0.0,0.09266541682183743,7.034905893609093
6.103059530258179,-17.77931695642267,-10.328331511787754,0.03913477435708046,0.022665416821837425,7.450985444634915
6.123119831085205,-18.215309219681284,-10.422084138064196,0.08246200531721115,0.0,7.793225081617088
6.1434149742126465,-18.587052867879187,-10.48456298413123,0.012462005317211144,0.07,8.102489883747957
6.163797855377197,-18.86962820010886,-10.515794493172038,0.012462005317211144,0.07,8.353833706936822
6.182911396026611,-19.045760153333543,-10.578239946538224,0.07640380442142486,0.09028882689774037,8.467520206795319
6.203266143798828,-19.198682411985526,-10.640659665789592,0.14640380442142487,0.05834409005939961,8.558022746195935
6.2234275341033936,-19.239026120124986,-10.734234921498079,0.07640380442142486,0.0,8.504791198626908
6.245272874832153,-19.16305014731865,-10.796578165244025,0.14640380442142487,0.0,8.366471982074625
6.2630531787872314,-18.97817061468601,-10.827736669853943,0.14640380442142487,0.0,8.150433944832068
6.283813714981079,-18.701674148871543,-10.890025713919426,0.20294470340013504,0.0,7.811648434952117
6.302947998046875,-18.354931301149133,-10.983384179971534,0.22252405248582363,0.0,7.371547121177599
6.324311017990112,-17.963902366373087,-11.045569060130074,0.2559391725808382,0.0,6.918333306243014
6.3467795848846436,-17.552418708463208,-11.107707441906562,0.2431187117472291,0.021028025075793266,6.444711266556645
6.3631627559661865,-17.13757220835356,-11.138758334198728,0.2431187117472291,0.021028025075793266,5.998813874154832
6.383759498596191,-16.73132317931576,-11.200821799970013,0.21788925398141146,0.0,5.530501379345745
6.402920722961426,-16.341752435388088,-11.29381604319962,0.277322337962687,0.0064152381382882595,5.047936392188468
6.426414251327515,-16.003517169296668,-11.355740894951456,0.207322337962687,0.0,4.647776274345212
6.44329309463501,-15.682685051894392,-11.355740894951456,0.207322337962687,0.0,4.326944156942936
6.46365761756897,-15.396294405777512,-11.448514350206567,0.20831316587980836,0.0,3.947780055570945
6.483917713165283,-15.183068191989012,-11.54114300732703,0.1559870789712295,0.04151761904358864,3.6419251846619822
6.5058064460754395,-15.093454209351096,-11.602810449180176,0.1320078342175111,0.04247639124514535,3.4906437601709204
6.524080038070679,-15.177765508862642,-11.602810449180176,0.1320078342175111,0.04247639124514535,3.574955059682466
6.543084621429443,-15.447833983861933,-11.725929080271133,0.14043342200573533,0.0,3.7219049035908007
6.56661319732666,-15.881502396301677,-11.787374833199395,0.14051053746487013,0.0,4.0941275631022815
6.58281683921814,-16.422007534046337,-11.787374833199395,0.14051053746487013,0.0,4.634632700846941
6.602898836135864,-17.020158066290882,-11.879393884250257,0.21051053746487014,0.05865614116191864,5.140764182040625
6.622848272323608,-17.64490011550056,-11.940636256370286,0.14051053746487013,0.07954451255500317,5.704263859130272
6.6462156772613525,-18.187317113046365,-12.032337579738272,0.07051053746487013,0.025301655754446983,6.154979533308094
6.66289758682251,-18.740271039280398,-12.032337579738272,0.07051053746487013,0.025301655754446983,6.707933459542126
6.6829657554626465,-19.28365431985772,-12.093359716603738,0.03964291988755575,0.02573860331904143,7.190294603253983
6.703419923782349,-19.79680381634172,-12.184718099082666,0.10964291988755576,0.03667357086669654,7.612085717259053
6.722887992858887,-20.268480473507697,-12.245503239226604,0.17964291988755576,0.01578106253873557,8.022977234281093
6.7428529262542725,-20.682705483538847,-12.275858674521414,0.17964291988755576,0.01578106253873557,8.406846809017432
6.763002872467041,-21.025261715199377,-12.336493612527358,0.1965104662522208,0.029441320220939815,8.68876810267202
6.783528804779053,-21.27658131005259,-12.427251211907372,0.17788498519803397,0.0,8.849330098145217
6.8033812046051025,-21.42779369662377,-12.487622546372666,0.10788498519803397,0.04983460158109665,8.940171150251103
6.82293701171875,-21.484641256783547,-12.54788381691015,0.08916767573799006,0.1078094132244587,8.936757439873396
6.84369421005249,-21.46981394813558,-12.577972355935824,0.08916767573799006,0.1078094132244587,8.891841592199757
6.8629233837127686,-21.45694050020825,-12.63806360113544,0.0840694813884329,0.13759338110685349,8.81887689907281
6.883199453353882,-21.394416394630355,-12.727980980370315,0.1292073822475504,0.06759338110685348,8.66643541426004
6.903109312057495,-21.29905373032128,-12.787775769708997,0.12266445792163722,0.13759338110685349,8.511277960612283
6.923028945922852,-21.1833953188196,-12.847447422124787,0.19266445792163722,0.06759338110685348,8.335947896694812
6.943259954452515,-21.054371695670937,-12.877236262246882,0.19266445792163722,0.06759338110685348,8.177135433424056
6.963685989379883,-20.919465262016985,-12.936718355523205,0.22975826493347995,0.10996279522776603,7.98274690649378
6.982966661453247,-20.78402818806841,-13.025697700034147,0.2722497232898604,0.13416602492332458,7.7583304880342645
7.0029919147491455,-20.64715927528492,-13.084850990704524,0.3422497232898604,0.17280640110373496,7.562308284580396
7.023099899291992,-20.505953956677633,-13.143868281822726,0.332325201620115,0.22260355606675147,7.362085674854907
7.0430707931518555,-20.35850906238783,-13.173325131793286,0.332325201620115,0.22260355606675147,7.185183930594546
7.063858985900879,-20.199034435072146,-13.261484693987388,0.29940386502887123,0.1654295589029789,6.937549741084759
7.083739757537842,-20.060574492056084,-13.320078753338125,0.32719972371007316,0.13463831536471843,6.740495738717959
7.103121042251587,-19.91055997379392,-13.378526690117214,0.305283595015062,0.09120864637196063,6.532033283676705
7.1236653327941895,-19.7541571423537,-13.436825998325496,0.27627026676083916,0.05131228111684322,6.317331144028206
7.142864227294922,-19.597439093637405,-13.494974182238106,0.27761612881324255,0.0360021799057722,6.102464911399299
7.1629111766815186,-19.444632388695343,-13.581907666441985,0.21658141214749776,0.10600217990577221,5.862724722253358
7.183673620223999,-19.296253282964216,-13.610807246763505,0.21658141214749776,0.10600217990577221,5.685446036200711
7.2031919956207275,-19.15717636462615,-13.66848718897121,0.28126204807660543,0.10312425601296127,5.48868917565494
7.223249912261963,-19.039807661388416,-13.726006130445004,0.2812712003709021,0.12315054866485298,5.313801530943412
7.242831468582153,-18.940610299124696,-13.783361629620444,0.3512712003709021,0.12051637936383486,5.157248669504252
7.262846946716309,-18.858965078624625,-13.840551256323089,0.40859616864931014,0.19051637936383486,5.018413822301536
7.282857656478882,-18.78807861368499,-13.926019398017361,0.47859616864931015,0.12051637936383486,4.86205921566763
7.303536653518677,-18.734750240812296,-13.954423229677806,0.47859616864931015,0.12051637936383486,4.78032701113449
7.323224306106567,-18.704288230927062,-14.011100774604452,0.48594187580507425,0.14396839495748281,4.69318745632261
7.342923879623413,-18.702093312618125,-14.06760284397939,0.4629130364255252,0.18305157031863928,4.6344904686387345
7.3632121086120605,-18.72190635771191,-14.152021749469782,0.41101295881431726,0.20158063899725676,4.569884608242127
7.384655237197876,-18.758799880764375,-14.208074786718505,0.3955662670404854,0.18368299212306738,4.55072509404587
7.402817487716675,-18.815850236912315,-14.236032557156424,0.3955662670404854,0.18368299212306738,4.579817679755891
7.422890901565552,-18.913193755692525,-14.291809145959453,0.43896829065393833,0.15987369697540998,4.621384609733072
7.444133996963501,-19.06607116349584,-14.375122306481153,0.38233711671542553,0.1311833942309022,4.690948857014689
7.466289758682251,-19.27202304036974,-14.430426573610035,0.45233711671542554,0.20076766703277826,4.841596466759704
7.482912302017212,-19.509411564691554,-14.458006496750409,0.45233711671542554,0.20076766703277826,5.051405067941145
7.504145622253418,-19.760062671535465,-14.54045401372204,0.4011127024562302,0.19766943505965173,5.219608657813424
7.524080038070679,-19.977684361924002,-14.595172656386515,0.4711127024562302,0.2332024013157934,5.382511705537487
7.54718804359436,-20.20226453303363,-14.649691583930853,0.5062914457590524,0.2213313567917794,5.552572949102778
7.563622713088989,-20.425759142090026,-14.676875457142103,0.5062914457590524,0.2213313567917794,5.7488836849479235
7.583072185516357,-20.642609564317087,-14.758121388715683,0.48456443142604266,0.2680785048287362,5.884488175601405
7.603750705718994,-20.849129994593593,-14.81202784981618,0.4864997649052385,0.2771075142081827,6.037102144777412
7.6266186237335205,-21.04071624258829,-14.86572576388845,0.44492817013051544,0.2754246089607477,6.174990478699838
7.643237829208374,-21.21688026469581,-14.86572576388845,0.44492817013051544,0.2754246089607477,6.351154500807359
7.663370370864868,-21.375373178421935,-14.945876864623632,0.40560939996030365,0.24439855851233006,6.429496313798303
7.683508634567261,-21.51741502227625,-15.025546591117422,0.42874143733170067,0.30293515883386135,6.491868431158828
7.706418991088867,-21.641970429239734,-15.078388761012793,0.3797010378399137,0.2333459910005331,6.5635816682269414
7.723134517669678,-21.751097454918927,-15.078388761012793,0.3797010378399137,0.2333459910005331,6.672708693906134
7.7431230545043945,-21.845844324758875,-15.131011683253258,0.4305511423805002,0.25572627037763596,6.714832641505618
7.763308525085449,-21.928893849198737,-15.23559142877624,0.4883644962170366,0.24826754722744226,6.693302420422496
7.783874988555908,-22.001629865106356,-15.287544114577933,0.4834877401077393,0.23923300858587027,6.714085750528422
7.80484676361084,-22.062969021818976,-15.3392692781349,0.48802416487124,0.18250854220241308,6.723699743684076
7.82773494720459,-22.112459208186117,-15.390764892059332,0.5238217161455396,0.2525085422024131,6.721694316126785
7.8431174755096436,-22.15241502309149,-15.390764892059332,0.5238217161455396,0.2525085422024131,6.761650131032157
7.863610506057739,-22.184695418958306,-15.467573514049931,0.5404163719573263,0.20941638078540564,6.717121904908375
7.883188009262085,-22.210793872603972,-15.518486495275878,0.5004639895119909,0.20586220680736006,6.692307377328094
7.905750513076782,-22.23191064822147,-15.594411898230875,0.49595112022470866,0.1994547689612955,6.637498749990593
7.923232316970825,-22.2490107174192,-15.594411898230875,0.49595112022470866,0.1994547689612955,6.654598819188324
7.943297624588013,-22.262870190457953,-15.644729950334613,0.47857801098834907,0.12945476896129549,6.61814024012334
7.9631898403167725,-22.274903338799348,-15.719753895371657,0.5088011458934489,0.1672129628714174,6.555149443427691
7.983216047286987,-22.286877378594998,-15.76946499796199,0.5063771265045944,0.1948445865418762,6.517412380633008
8.003166198730469,-22.29849478820516,-15.81893001825176,0.5090863061555866,0.20869383751414716,6.479564769953402
8.023483037948608,-22.309558313873524,-15.843569665695355,0.5090863061555866,0.20869383751414716,6.465988648178168
8.04335641860962,-22.322261892638785,-15.89266208167757,0.5471800704905037,0.2638331518974155,6.429599810961216
8.064146280288696,-22.338086166796526,-15.965830083114396,0.5582806458183769,0.29628633125685155,6.37225608368213
8.083737850189209,-22.364926360158577,-16.014292365954226,0.5502238179975394,0.24873239337466657,6.350633994204351
8.103023767471313,-22.40334332108683,-16.062499456976177,0.5836373436683062,0.26098760846070945,6.340843864110653
8.12293553352356,-22.448788803227234,-16.110449591691506,0.5727348904543761,0.2832888204138726,6.338339211535729
8.143513917922974,-22.49560209968036,-16.134327754378127,0.5727348904543761,0.2832888204138726,6.361274345302235
8.163363218307495,-22.542131693725644,-16.181889189082135,0.5589587334030512,0.22062400612048805,6.360242504643509
8.184066534042358,-22.582529875232705,-16.25274090780873,0.5523639055387322,0.26558875548653305,6.329788967423976
8.203404426574707,-22.62231268372325,-16.299645966642938,0.5395831404672209,0.2416703279595822,6.322666717080313
8.223978042602539,-22.658303246387174,-16.346285544028486,0.5557361724273506,0.24285911535844207,6.312017702358688
8.243760585784912,-22.69071126187797,-16.39265799569897,0.5816054003731552,0.3128591153584421,6.298053266179
8.263062000274658,-22.719776800425624,-16.438761698075876,0.5711741451592389,0.2816389865987003,6.281015102349748
8.2831552028656,-22.745754700737233,-16.461712266613585,0.5711741451592389,0.2816389865987003,6.2840424341236485
8.303730487823486,-22.768903343167942,-16.53015646519036,0.5797781976358238,0.23174073098227382,6.238746877977583
8.32328176498413,-22.789476758445492,-16.5754443878841,0.578599305073658,0.19271987600252033,6.214032370561391
8.343701839447021,-22.80771926117874,-16.620457277568576,0.6041321951848659,0.22914403973147274,6.187261983610163
8.363533973693848,-22.82386197846499,-16.665193616894204,0.6187634535086546,0.21340195013210178,6.158668361570786
8.38345456123352,-22.83812078628408,-16.70965191031509,0.6624642863822374,0.250802698712796,6.128468875968991
8.403002977371216,-22.85050064727727,-16.775814797029177,0.6736566193354521,0.24393226874992252,6.074685850248091
8.42363977432251,-22.861443789486838,-16.79772848739301,0.6736566193354521,0.24393226874992252,6.063715302093829
8.443548202514648,-22.87110060960281,-16.84134389065016,0.6224225342226419,0.2759779609553516,6.029756718952651
8.46312427520752,-22.87960947110417,-16.884675487574707,0.6363789962557349,0.3459779609553516,5.994933983529464
8.482820749282837,-22.887096732882284,-16.927721894428416,0.6394096605432424,0.3327711949683726,5.9593748384538685
8.503859281539917,-22.893677085501775,-16.991753802847775,0.6698199447197113,0.35444939682260157,5.901923282654
8.522850751876831,-22.89945409227829,-17.034081331535887,0.6689611891120877,0.28444939682260156,5.865372760742403
8.54338526725769,-22.90452085835796,-17.055136482089132,0.6689611891120877,0.28444939682260156,5.8493843762688265
8.562957048416138,-22.90896077107086,-17.097028752454815,0.6611305702313985,0.2892715243436396,5.811932018616044
8.582772970199585,-22.912848270278037,-17.138629261568894,0.6462286509409751,0.2411417459882796,5.774219008709142
8.603554725646973,-22.9139332711649,-17.17993676599898,0.6141122788027134,0.2553979858569801,5.733996505165919
8.622881650924683,-22.914875296636264,-17.241345978048127,0.6262870825663414,0.25636862077983097,5.6735293185881375
8.642941951751709,-22.91386100705966,-17.26166790743948,0.6262870825663414,0.25636862077983097,5.6521930996201775
8.6630699634552,-22.911514630839687,-17.302089178504826,0.6451316237285938,0.31268066399963573,5.609425452334861
8.683431386947632,-22.908304851808865,-17.342212713367932,0.6642213467344846,0.3052229443495162,5.566092138440933
8.703723669052124,-22.904579963472102,-17.401837314048826,0.6261511672124471,0.23522294434951618,5.502742649423276
8.72381591796875,-22.90059545933109,-17.44121165695632,0.5971948712900486,0.21454300108598545,5.45938380237477
8.74400520324707,-22.89653564231774,-17.460785811784987,0.5971948712900486,0.21454300108598545,5.435749830532753
8.763434171676636,-22.892530510503583,-17.499707438448915,0.5712082743481006,0.25052806857274845,5.392823072054668
8.783602952957153,-22.888668916781764,-17.538325973435004,0.5784683496527578,0.24453060637461022,5.35034294334676
8.80360221862793,-22.885008793701402,-17.595683310159878,0.5456300199799444,0.204919810697902,5.289325483541525
8.824899435043335,-22.881830981395648,-17.63353982077939,0.5213123754434492,0.20703651529038325,5.248291160616258
8.843880414962769,-22.881142360646617,-17.652353210859996,0.5213123754434492,0.20703651529038325,5.228789149786621
8.863168001174927,-22.882200832153565,-17.68974969188617,0.5595654294662382,0.23183418024564162,5.192451140267394
8.883106470108032,-22.88444490383802,-17.74526700926064,0.5037163057200815,0.1721519972779788,5.139177894577379
8.903948783874512,-22.88745332792679,-17.78189236874203,0.4898314772941377,0.2082010279991664,5.105560959184757
8.9264817237854,-22.893229717620287,-17.818207815695818,0.5162188484169747,0.1382010279991664,5.075021901924469
8.942836046218872,-22.900776445903148,-17.836249072170673,0.5162188484169747,0.1382010279991664,5.064527373732474
8.963834285736084,-22.909353923493637,-17.872098166411533,0.4878507572062518,0.15816803824389353,5.037255757082104
8.982887029647827,-22.91842128086565,-17.92528685833289,0.49995095737504025,0.15651351342210545,4.993134422532762
9.00406789779663,-22.92990627798846,-17.960354969308572,0.5380090297036078,0.14639496280113234,4.96955130867989
9.025904178619385,-22.942767834477824,-17.995109462664722,0.5158498984597828,0.16735234892228618,4.947658371813102
9.043668270111084,-22.95393456619302,-17.995109462664722,0.5158498984597828,0.16735234892228618,4.958825103528298
9.063539028167725,-22.97289084302997,-18.046651738736898,0.5774795179091599,0.22336249834159388,4.926239104293071
9.083006143569946,-23.006023387102463,-18.097484801674053,0.5692006618552115,0.23984755052486434,4.90853858542841
9.1037757396698,-23.059711024637743,-18.130978531050204,0.6367287606768515,0.19232517702737822,4.928732493587539
9.124555349349976,-23.13784263616315,-18.16415563854679,0.6113358520738985,0.24202864466467872,4.973686997616358
9.14691686630249,-23.23089340320972,-18.19701560945717,0.5816032671205904,0.20581145433941855,5.0338777937525485
9.163236856460571,-23.331854380558806,-18.19701560945717,0.5816032671205904,0.20581145433941855,5.134838771101634
9.18320083618164,-23.43564881930972,-18.24570988058258,0.5653649595402386,0.15960378049174323,5.189938938727138
9.203770160675049,-23.5363594853952,-18.29368799395607,0.5452785835437681,0.2218599565164186,5.242671491439129
9.223381519317627,-23.632274004447275,-18.325274857225384,0.49789973058032055,0.19234256295720115,5.306999147221891
9.245877742767334,-23.720013048611094,-18.35654245132997,0.44396045141147633,0.1765076763764955,5.363470597281122
9.26371693611145,-23.80207756284953,-18.35654245132997,0.44396045141147633,0.1765076763764955,5.445535111519558
9.28282356262207,-23.873328069317886,-18.38749043924679,0.471252298804393,0.2144281849102117,5.485837630071096
9.303888082504272,-23.93758301887036,-18.44842639993475,0.5412522988043931,0.19658617524662986,5.48915661893561
9.323755741119385,-23.995285559158447,-18.47841385072746,0.5010383711777833,0.15825122071662917,5.516871708430987
9.345778703689575,-24.04691617991627,-18.47841385072746,0.5010383711777833,0.15825122071662917,5.56850232918881
9.36280083656311,-24.09528499278583,-18.508080651747548,0.551028295012584,0.13691468758741393,5.587204341038284
9.382783889770508,-24.137797114737676,-18.53742661915544,0.5265102000557091,0.15380986443022265,5.600370495582236
9.402726650238037,-24.175120891365534,-18.580843681909016,0.5915884213172105,0.1661539519042708,5.594277209456518
9.422738313674927,-24.210173628809862,-18.609386966160354,0.5555267097078469,0.16979314655298366,5.600786662649508
9.446159839630127,-24.24272513572172,-18.65159957158899,0.6051747003220227,0.16749012808548286,5.5911255641327315
9.463585376739502,-24.27499779344523,-18.65159957158899,0.6051747003220227,0.16749012808548286,5.623398221856242
9.48318362236023,-24.306226225515424,-18.679339711661065,0.5351747003220226,0.1560795098845847,5.626886513854359
9.502907752990723,-24.333339547538493,-18.72034754178256,0.5781968523584511,0.17064741778420284,5.612992005755935
9.523131370544434,-24.366395859547026,-18.74728457641682,0.5906646734871175,0.17609686416806652,5.619111283130206
9.543033599853516,-24.409657904726725,-18.773900493053738,0.5962390074342694,0.17214410019339993,5.635757411672987
9.567209959030151,-24.463501181953447,-18.81322254330906,0.5262390074342693,0.19381593925179913,5.650278638644387
9.58348274230957,-24.52559129006539,-18.81322254330906,0.5262390074342693,0.19381593925179913,5.712368746756329
9.603558540344238,-24.591773107275557,-18.839036262180393,0.5595119369238819,0.16262778465868905,5.752736845095164
9.623230934143066,-24.66136907885293,-18.87715587550142,0.5698192740813102,0.1753970851493068,5.784213203351509
9.643859624862671,-24.729185912700558,-18.902168664419563,0.5696000925811677,0.21861295600654557,5.827017248280995
9.66309118270874,-24.79397968685675,-18.926861553579215,0.5973038173827081,0.21061632328899577,5.867118133277536
9.68343472480774,-24.85728241797789,-18.939088134599853,0.5973038173827081,0.21061632328899577,5.918194283378035
9.702863693237305,-24.917881163040825,-18.963301785838837,0.557214988729611,0.21793277108343317,5.954579377201988
9.72287130355835,-24.9704945406639,-18.999024198812585,0.5838321078183799,0.14830623858841135,5.971470341851315
9.743034839630127,-25.02068497656604,-19.022441036372122,0.5961189180227666,0.21068586328299715,5.99824394019392
9.7628014087677,-25.065553372887987,-19.045539919669487,0.6066584031644016,0.14068586328299715,6.0200134532185
9.783074617385864,-25.105542682878472,-19.068321341522356,0.5546795803668647,0.21068586328299715,6.0372213413561155
9.803105354309082,-25.138772812910997,-19.079593167979727,0.5546795803668647,0.21068586328299715,6.05917964493127
9.823512315750122,-25.16643237230932,-19.112933947385287,0.5685491686301976,0.16574042582185938,6.053498424924033
9.842971324920654,-25.189493757639887,-19.13476629280824,0.5744171583640127,0.17184101057471707,6.054727464831647
9.863885641098022,-25.208753560912097,-19.156283499984603,0.5654329949605017,0.14210457367124035,6.052470060927494
9.883936643600464,-25.224865269633632,-19.177486238625256,0.5751867651554494,0.20266364527167752,6.047379031008376
9.903045892715454,-25.2383657511327,-19.198375214377723,0.5323590918990522,0.16181658593239262,6.039990536754978
9.923495531082153,-25.25201306964647,-19.20870227155789,0.5323590918990522,0.16181658593239262,6.04331079808858
9.943137407302856,-25.263862020012713,-19.23921488060648,0.5515629820140748,0.15404582781018689,6.024647139406234
9.964151382446289,-25.275690265872846,-19.259167163734006,0.5170740581663995,0.12615931046428158,6.016523102138841
9.983896732330322,-25.287192398625347,-19.2788088696477,0.5172967860410427,0.07979225752176716,6.008383528977646
10.003479719161987,-25.298164882110285,-19.2981408864671,0.5153403285360401,0.10676159349502995,6.000023995643186
10.023001909255981,-25.310796651029527,-19.317164139363943,0.5194736941187148,0.03676159349502994,5.993632511665584
10.043617725372314,-25.324248018203036,-19.326560278634854,0.5194736941187148,0.03676159349502994,5.997687739568182
10.063032388687134,-25.344863197180022,-19.35428824045422,0.553987491729713,0.053443849508184926,5.990574956725801
10.08388638496399,-25.386125345341235,-19.372391125926136,0.5855429022042518,0.11485548359574749,6.013734219415099
10.103773355484009,-25.45685545119087,-19.390189322404503,0.5845173980044638,0.1599316116911359,6.066666128786366
10.123215198516846,-25.562403775778698,-19.40768394311189,0.6170720579969202,0.227396030400414,6.154719832666807
10.14381194114685,-25.705568875242697,-19.42487613943871,0.6568557704734121,0.17729956698836757,6.280692735803989
10.162962675094604,-25.829868469775906,-19.450100001314993,0.6821450880663906,0.12179873553337528,6.379768468460913
10.183270931243896,-25.995223267282206,-19.458358056469123,0.6821450880663906,0.12179873553337528,6.536865210813083
10.203675508499146,-26.18473629699621,-19.474650272467507,0.7,0.1512932111066766,6.710086024528703
10.2238929271698,-26.381401869971473,-19.49064505504709,0.6299999999999999,0.1270588305336423,6.890756814924384
10.243856191635132,-26.575536011119073,-19.49064505504709,0.6299999999999999,0.1270588305336423,7.084890956071984
10.263264417648315,-26.762795484607388,-19.529339663703595,0.5599999999999998,0.1409946991619654,7.233455820903792
10.285132884979248,-26.93802839689835,-19.529339663703595,0.5599999999999998,0.1409946991619654,7.408688733194754
10.307399272918701,-27.10028965041569,-19.55897782526364,0.5549774686247109,0.1308191450801678,7.54131182515205
10.322985887527466,-27.249264665572063,-19.55897782526364,0.5549774686247109,0.1308191450801678,7.690286840308424
10.342993259429932,-27.385085098944458,-19.573361823932647,0.48497746862471086,0.11214638077886774,7.811723275011811
10.3636794090271,-27.503007866858706,-19.58745783899685,0.5549774686247109,0.0621533537772484,7.915550027861855
10.38438606262207,-27.610572642033794,-19.61479237355811,0.48497746862471086,0.1321533537772484,7.995780268475684
10.40740180015564,-27.708108099988486,-19.62803422209597,0.41497746862471085,0.12606263405876234,8.080073877892517
10.423381567001343,-27.798423201978252,-19.62803422209597,0.41497746862471085,0.12606263405876234,8.170388979882283
10.443689107894897,-27.88134294113582,-19.640994745482637,0.4652697928994892,0.14897847420768812,8.240348195653183
10.463836908340454,-27.959257013202855,-19.653675710492465,0.5070707053691147,0.15302109032170846,8.30558130271039
10.482872009277344,-28.033957177887505,-19.67217695239576,0.5533342064172028,0.08302109032170846,8.361780225491746
10.503990173339844,-28.10445631051275,-19.690059542666862,0.5745351296663282,0.15147938668029381,8.414396767845886
10.524683952331543,-28.17017949135452,-19.701640769430462,0.5595720029249786,0.1715653249551542,8.468538721924059
10.54747486114502,-28.23085326212841,-19.71295189395395,0.5677788034826515,0.10156532495515419,8.51790136817446
10.563611507415771,-28.286420760728877,-19.71295189395395,0.5677788034826515,0.10156532495515419,8.573468866774927
10.583244800567627,-28.334665881719417,-19.72399493321925,0.5935884230583904,0.15967227264540268,8.610670948500168
10.603934526443481,-28.378864712911557,-19.740061348677624,0.621861238107085,0.22267317517893387,8.638803364233933
10.623013257980347,-28.419088214915696,-19.750443277486525,0.5998784229904411,0.15267317517893386,8.668644937429171
10.647265195846558,-28.453174096877014,-19.76552806356521,0.6447865218669174,0.16346367131220174,8.687646033311804
10.66362452507019,-28.482098578302956,-19.76552806356521,0.6447865218669174,0.16346367131220174,8.716570514737747
10.68335485458374,-28.504359402232474,-19.775262420100226,0.6575390138477085,0.18569833095418287,8.729096982132248
10.702948570251465,-28.52140509845665,-19.789386388377046,0.6817680840194223,0.22406116555677724,8.732018710079604
10.723411083221436,-28.532062883465812,-19.798487384920964,0.7,0.208053226203192,8.733575498544848
10.743010997772217,-28.53800286559697,-19.807339169289193,0.6942738623358309,0.16622150558279825,8.730663696307776
10.76793622970581,-28.540509406602215,-19.820154893772166,0.7,0.21814222502754999,8.720354512830049
10.783205270767212,-28.54056508698922,-19.820154893772166,0.7,0.21814222502754999,8.720410193217052
10.803058862686157,-28.540613430122804,-19.828394361664525,0.6750783778727054,0.19652977082179857,8.712219068458278
10.82416558265686,-28.536642604774457,-19.840303384600322,0.7,0.24998238924192262,8.696339220174135
10.843766927719116,-28.5299847943541,-19.847946395777704,0.7,0.23388301822589708,8.682038398576395
10.863113641738892,-28.521636122586813,-19.85535542128879,0.7,0.29268418121384454,8.666280701298021
10.883182048797607,-28.51233303998406,-19.858973029634946,0.7,0.29268418121384454,8.653360010349115
10.90408182144165,-28.502612224051223,-19.866036142656185,0.6785888865590095,0.32727751004742456,8.636576081395038
10.923981666564941,-28.490541101711443,-19.87620575354846,0.6085888865590094,0.3479243298922665,8.614335348162982
10.943148851394653,-28.477155635695517,-19.882706233034586,0.6314571771025657,0.2779243298922665,8.594449402660931
10.963046073913574,-28.460893676741048,-19.888986652741387,0.6636392149329184,0.2079243298922665,8.57190702399966
10.982964038848877,-28.433796951962808,-19.895049935037406,0.6527555343881248,0.25554353486048054,8.538747016925402
11.003945112228394,-28.381357957563697,-19.898001075514458,0.6527555343881248,0.25554353486048054,8.48335688204924
11.023173093795776,-28.335829083795282,-19.903744232170233,0.6972307768836616,0.18758112679468464,8.43208485162505
11.043299674987793,-28.25463862760142,-19.911966874724662,0.6582682823017239,0.2000716600869782,8.342671752876758
11.063263893127441,-28.14618540401019,-19.917191757136372,0.6289720499143003,0.1682192843710072,8.228993646873818
11.083210945129395,-28.021654269039644,-19.922214810162533,0.582270678244531,0.13407963629113506,8.09943945887711
11.10319447517395,-27.88923773638228,-19.927039235946413,0.5259400048479437,0.16519382710801434,7.962198500435868
11.12323546409607,-27.757150332582622,-19.931668283911357,0.5884489976987242,0.23519382710801434,7.825482048671265
11.14361047744751,-27.63108903282283,-19.936105250946756,0.6188143548741936,0.2500990348984487,7.694983781876072
11.163209915161133,-27.512535679130057,-19.940353481593842,0.6728248504176735,0.3200990348984487,7.572182197536215
11.183919191360474,-27.404638006932498,-19.942407879016493,0.6728248504176735,0.3200990348984487,7.462230127916005
11.203732013702393,-27.30698519420368,-19.948297351263307,0.6556919255480169,0.2500990348984487,7.358687842940373
11.223228693008423,-27.219021889823004,-19.95199991930141,0.6591717436630278,0.1800990348984487,7.2670219705215935
11.24320650100708,-27.140106991810043,-19.953785401117514,0.6591717436630278,0.1800990348984487,7.186321590692529
11.2637619972229,-27.071591062562167,-19.958884007012934,0.6518807777855544,0.15078681356506418,7.112707055549233
11.283586502075195,-27.01006945442254,-19.962072746634476,0.6055860662553458,0.10589912927942347,7.047996707788062
11.303062200546265,-26.952711012172806,-19.96509751153072,0.5605141216609626,0.07763732805149626,6.987613500642087
11.323185920715332,-26.902072247191846,-19.967962034152862,0.5328859569225459,0.066648837395478,6.934110213038984
11.343076467514038,-26.857435417774976,-19.970670096277523,0.5443252859357743,0.08537830434041094,6.886765321497453
11.363676071166992,-26.818143814209808,-19.973225529192895,0.49389906355179836,0.12445262468652796,6.844918285016913
11.383228540420532,-26.783600425925794,-19.97563221388468,0.5638990635517984,0.13458183056907724,6.807968212041114
11.403373956680298,-26.75789813852618,-19.97678100208967,0.5638990635517984,0.13458183056907724,6.78111713643651
11.422956705093384,-26.741330435873948,-19.980015112143192,0.5215452211443334,0.17754065639572214,6.761315323730756
11.443944931030273,-26.736176773189,-19.98199933784223,0.5309517421294003,0.1529122090269811,6.754177435346772
11.463597774505615,-26.74603594772015,-19.983850839954158,0.5437002275604754,0.11651703178184103,6.7621851077659905
11.483546018600464,-26.75459593476477,-19.98557375074144,0.5252768714446574,0.09308656512992453,6.769022184023328
11.502958297729492,-26.77581125499069,-19.98717225327967,0.5397761250380426,0.11878156869905065,6.788639001711019
11.523077487945557,-26.805257594405226,-19.988650581643572,0.5397761250380426,0.11878156869905065,6.816607012761654
11.543247938156128,-26.839644983478916,-19.990013021093098,0.5795794474426657,0.07752452253596853,6.849631962385818
11.563363075256348,-26.87655805293902,-19.991263908259338,0.608375201979652,0.12370784043567251,6.885294144679683
11.583497285842896,-26.91425257053137,-19.992407631330327,0.5742526604328304,0.053707840435672505,6.921844939201044
11.603168249130249,-26.95381277977728,-19.993932009801725,0.5740930257627042,0.12370784043567251,6.959880769975555
11.623200178146362,-27.00752434531802,-19.994391396839895,0.5740930257627042,0.12370784043567251,7.013132948478127
11.64311695098877,-27.081231343745333,-19.995240475113576,0.541111086148885,0.1095509056304581,7.085990868631757
11.66406798362732,-27.17383328258419,-19.996000461334056,0.5800858555623563,0.055074853107798805,7.177832821250135
11.683909893035889,-27.284067807156514,-19.996676004264078,0.5206470271834405,0.1250748531077988,7.2873918028924365
11.703375339508057,-27.37977623581127,-19.99727180533922,0.5027154336014064,0.11800256503047418,7.38250443047205
11.723188877105713,-27.493689907000146,-19.99802640549218,0.5104297531099291,0.1880025650304742,7.495663501507966
11.743952989578247,-27.626511792919963,-19.998243252146892,0.5104297531099291,0.1880025650304742,7.628268540773071
11.763137578964233,-27.78749723264419,-19.998628565788117,0.5804297531099292,0.1474560360354371,7.788868666856072
11.783754348754883,-27.97306716371473,-19.998953473763947,0.6220154481084319,0.21017494899453593,7.974113689950784
11.803836107254028,-28.17082232541431,-19.99922294366332,0.5664749274105998,0.1534447493893094,8.17159938175099
11.823855876922607,-28.369512945421818,-19.99944199686375,0.6364749274105999,0.22344474938930942,8.370070948558066
11.843055009841919,-28.563616846277473,-19.99961570871733,0.6089935204834911,0.19405818802537395,8.564001137560144
11.86318588256836,-28.74710296602629,-19.99980249713623,0.5538183017523262,0.1470159038645215,8.74730046889006
11.883071899414062,-28.91606207758556,-19.999885416173644,0.5471063400508138,0.1408311340701766,8.916176661411917
11.903204917907715,-29.062756691972297,-19.999916363240295,0.5471063400508138,0.1408311340701766,9.062840328732001
11.923572301864624,-29.19320942752211,-19.999960549225904,0.5178179475368234,0.17063079287530852,9.193248878296206
11.943850755691528,-29.29967741164464,-19.9999855867512,0.5402592248172733,0.2018752868962474,9.29969182489344
11.963966131210327,-29.37973106026542,-19.99999687892057,0.5597669570596191,0.1758627749723382,9.379734181344851
11.984063386917114,-29.439328023103794,-19.99999988411453,0.6229309602529975,0.1058627749723382,9.439328138989264
12.00307035446167,-29.483145500814068,-20.0,0.5856255679280731,0.07215522331418467,9.483145500814068
12.023183584213257,-29.514848052068483,-20.0,0.6513359262497398,0.033494279806036475,9.514848052068483
12.043054819107056,-29.53730029518656,-20.0,0.6114446162135574,0.09096818891586733,9.537300295186562
12.063476800918579,-29.552735728866196,-20.0,0.6048862077185186,0.11630931225838137,9.552735728866196
12.083481073379517,-29.565206972933577,-20.0,0.6048862077185186,0.11630931225838137,9.565206972933577
12.104044675827026,-29.577607018692127,-20.0,0.6638430170604261,0.11025724149541927,9.577607018692127
12.123186111450195,-29.588373055007906,-20.0,0.6755080148467096,0.16280838809208942,9.588373055007906
12.143517971038818,-29.60129450529399,-20.0,0.6657346757018241,0.1342281415988691,9.601294505293989
12.163828372955322,-29.61537252048208,-20.0,0.660120298609254,0.1070999257196672,9.61537252048208
12.183077573776245,-29.6298828384167,-20.0,0.6357914782018634,0.12290508448379112,9.629882838416702
12.20430064201355,-29.644311007489176,-20.0,0.6743259332032177,0.18815113752381873,9.644311007489176
12.224362134933472,-29.65830186470705,-20.0,0.643987508013961,0.18375332569004965,9.658301864707049
12.243122816085815,-29.671620246115555,-20.0,0.643987508013961,0.18375332569004965,9.671620246115555
12.263620615005493,-29.686436882547724,-20.0,0.6451061434234726,0.19024674928979945,9.686436882547724
12.283275842666626,-29.70422003479608,-20.0,0.6471003395161825,0.16883382535772395,9.70422003479608
12.303060293197632,-29.72359499777255,-20.0,0.6097460006020265,0.19727335273521018,9.723594997772551
12.323725700378418,-29.74356497623022,-20.0,0.6339649268082577,0.19211188479559493,9.743564976230221
12.344513177871704,-29.76090342138493,-20.0,0.607262086927076,0.16532934605376792,9.760903421384931
12.363832473754883,-29.776159266803784,-20.0,0.607262086927076,0.16532934605376792,9.776159266803784
12.38371992111206,-29.789566513027864,-20.0,0.6027452758169967,0.2183129914035089,9.789566513027864
12.402970790863037,-29.799020063803674,-20.0,0.6727452758169967,0.21529308738419783,9.799020063803674
12.423853635787964,-29.80547830778849,-20.0,0.6456349115289051,0.2158601814578287,9.80547830778849
12.444903373718262,-29.809685863975425,-20.0,0.7,0.17747136668069285,9.809685863975425
12.46368408203125,-29.81221924677895,-20.0,0.7,0.17747136668069285,9.812219246778952
12.483100414276123,-29.813523014487714,-20.0,0.7,0.14779281706316394,9.813523014487714
12.50295639038086,-29.813938354961966,-20.0,0.7,0.13962783940834922,9.813938354961966
12.523881196975708,-29.811409316931883,-20.0,0.7,0.11211031392915172,9.811409316931883
12.543438196182251,-29.806901823757578,-20.0,0.6299999999999999,0.08243778251809997,9.806901823757578
12.566266775131226,-29.801138928872135,-20.0,0.630479552487377,0.01243778251809996,9.801138928872135
12.583428144454956,-29.796135436398902,-20.0,0.630479552487377,0.01243778251809996,9.796135436398902
12.60391640663147,-29.790311777104613,-20.0,0.6282964145601726,0.0,9.790311777104613
12.62639307975769,-29.786388275997357,-20.0,0.6720031296671367,0.04125550389289856,9.786388275997357
12.64754581451416,-29.783887991025992,-20.0,0.6320031827152706,0.07032456994056702,9.783887991025992
12.66378927230835,-29.7824421388679,-20.0,0.6320031827152706,0.07032456994056702,9.7824421388679
12.683923721313477,-29.786399476549686,-20.0,0.6639332605362869,0.14032456994056702,9.786399476549686
12.703297853469849,-29.798638165080796,-20.0,0.65341266075382,0.1453208426758647,9.798638165080796
12.72348165512085,-29.84410254547806,-20.0,0.6325556190521455,0.13953096063807607,9.844102545478059
12.745965003967285,-29.941559157230557,-20.0,0.5625556190521455,0.10905610227957369,9.941559157230557
12.767456769943237,-30.08182548882083,-20.0,0.49255561905214545,0.06467726284638048,10.08182548882083
12.783375024795532,-30.248129909542055,-20.0,0.49255561905214545,0.06467726284638048,10.248129909542055
12.803183794021606,-30.39251965356571,-20.0,0.4854783944995141,0.0656665727077052,10.39251965356571
12.823992013931274,-30.551183456060148,-20.0,0.5554783944995141,0.06955154827330262,10.551183456060148
12.843571186065674,-30.71789652057952,-20.0,0.6254783944995141,0.13955154827330263,10.717896520579519
12.865558624267578,-30.88580673983347,-20.0,0.6458641031594015,0.19476780480239542,10.88580673983347
12.886036157608032,-31.050123223342474,-20.0,0.5758641031594014,0.207912993603386,11.050123223342474
12.902998924255371,-31.209929372969192,-20.0,0.5758641031594014,0.207912993603386,11.209929372969192
12.923706293106079,-31.36007471079183,-20.0,0.605312625414226,0.277912993603386,11.360074710791832
12.94346570968628,-31.499552773419538,-20.0,0.6453283303440547,0.207912993603386,11.499552773419538
12.962804317474365,-31.62562927790286,-20.0,0.7,0.137912993603386,11.62562927790286
12.983935356140137,-31.734441893385707,-20.0,0.7,0.207912993603386,11.734441893385707
13.00404691696167,-31.807548471832035,-20.0,0.6299999999999999,0.18869953508023174,11.807548471832035
13.025204420089722,-31.87102146973872,-20.0,0.6349864700995385,0.11869953508023173,11.871021469738722
13.046366691589355,-31.88355666819107,-20.0,0.6449382180534302,0.16268130699638278,11.88355666819107
13.063622236251831,-31.839533971670537,-20.0,0.6449382180534302,0.16268130699638278,11.839533971670537
13.083181619644165,-31.7550711338299,-20.0,0.6384561519324778,0.18254512297455222,11.755071133829901
13.103113889694214,-31.644745374563055,-20.0,0.5684561519324778,0.11254512297455221,11.644745374563055
13.123790502548218,-31.519363360005215,-20.0,0.5017663030326365,0.17455818282905966,11.519363360005215
13.144876718521118,-31.38682799492168,-20.0,0.5270713469386099,0.10455818282905965,11.386827994921681
13.16822338104248,-31.252817008055935,-20.0,0.5619109435379503,0.10023301182780414,11.252817008055935
13.182948112487793,-31.123629276590954,-20.0,0.5619109435379503,0.10023301182780414,11.123629276590954
13.203670740127563,-31.003512760933667,-20.0,0.542342993840575,0.15515042929444461,11.003512760933667
13.224907159805298,-30.899224535319735,-20.0,0.47234299384057504,0.14560473518911748,10.899224535319735
13.243367910385132,-30.802316892132893,-20.0,0.47234299384057504,0.14560473518911748,10.802316892132893
13.26680302619934,-30.715405995749425,-20.0,0.3962584301643072,0.048461031415499733,10.715405995749425
13.287508726119995,-30.640045519533672,-20.0,0.32625843016430717,0.0,10.640045519533672
13.303502321243286,-30.57469385641078,-20.0,0.32625843016430717,0.0,10.574693856410779
13.322987079620361,-30.520332803162002,-20.0,0.3962584301643072,0.0,10.520332803162002
13.343990087509155,-30.47735464025734,-20.0,0.4238962098769842,0.0,10.477354640257339
13.36348581314087,-30.445731843166683,-20.0,0.4238962098769842,0.0,10.445731843166683
13.385453939437866,-30.425146024430607,-20.0,0.394651212338358,0.09320547215640546,10.425146024430607
13.40860629081726,-30.417401508044453,-20.0,0.464651212338358,0.1140328884869814,10.417401508044453
13.423407077789307,-30.423413110976544,-20.0,0.464651212338358,0.1140328884869814,10.423413110976544
13.443040132522583,-30.4286325381257,-20.0,0.5221406708098946,0.0755419895797968,10.4286325381257
13.462950468063354,-30.44566899794741,-20.0,0.5605060460604725,0.05378677852451802,10.445668997947411
13.483490705490112,-30.479729735592738,-20.0,0.5605060460604725,0.05378677852451802,10.479729735592738
13.505665063858032,-30.529350232409957,-20.0,0.4689872978068886,0.05197302408516408,10.529350232409957
13.52316427230835,-30.586154142359256,-20.0,0.4689872978068886,0.05197302408516408,10.586154142359256
13.543519973754883,-30.646450449442845,-20.0,0.5073893336392936,0.023154334798455245,10.646450449442845
13.56344747543335,-30.71221610061328,-20.0,0.5116286446154115,0.04954974882304669,10.71221610061328
13.584559202194214,-30.789312796711005,-20.0,0.5177524067275223,0.1150457762926817,10.789312796711005
13.608102798461914,-30.883829679995753,-20.0,0.4477524067275223,0.1850457762926817,10.883829679995753
13.62305998802185,-30.997220694219287,-20.0,0.4477524067275223,0.1850457762926817,10.997220694219287
13.644035816192627,-31.127681946450767,-20.0,0.3777524067275223,0.13634307436645032,11.127681946450767
13.663795948028564,-31.240951736472084,-20.0,0.4337281419150528,0.20634307436645033,11.240951736472084
13.682982206344604,-31.371854327274164,-20.0,0.5037281419150528,0.13634307436645032,11.371854327274164
13.705702543258667,-31.51387074054694,-20.0,0.5037281419150528,0.13634307436645032,11.513870740546938
13.723439693450928,-31.657547421786667,-20.0,0.5245088263414797,0.15970518194139005,11.657547421786667
13.744004487991333,-31.79395801281863,-20.0,0.5703958383761343,0.20099382229149343,11.793958012818631
13.763097524642944,-31.919410285108,-20.0,0.5839894226752218,0.19928283033426852,11.919410285108
13.78309154510498,-32.02467945006374,-20.0,0.5500846541486677,0.19785767151974143,12.024679450063744
13.806634902954102,-32.101573725671344,-20.0,0.5500846541486677,0.19785767151974143,12.101573725671344
13.822954177856445,-32.147467425776206,-20.0,0.5387636394239959,0.25018724902532996,12.147467425776206
13.843053102493286,-32.1636701651312,-20.0,0.6087636394239959,0.19239384039305152,12.163670165131201
13.863821268081665,-32.14492503437155,-20.0,0.5767309522069988,0.24322565003298224,12.144925034371553
13.883413553237915,-32.128650033260115,-20.0,0.5905757197923955,0.2101258236076683,12.128650033260115
13.902985095977783,-32.07205501499097,-20.0,0.6129003004916009,0.1401258236076683,12.072055014990973
13.92845892906189,-31.977364317342545,-20.0,0.6395091978646812,0.1439768168423325,11.977364317342545
13.943291664123535,-31.854075973629367,-20.0,0.6395091978646812,0.1439768168423325,11.854075973629367
13.96302604675293,-31.709540819791187,-20.0,0.6486349968053398,0.18197975859977306,11.709540819791187
13.983633518218994,-31.5517409080866,-20.0,0.6594264317117629,0.19824482494033874,11.5517409080866
14.002989768981934,-31.38888635513396,-20.0,0.5894264317117628,0.21788311370648444,11.388886355133959
14.023695468902588,-31.226812961756174,-20.0,0.5495807006023821,0.24561283917166293,11.226812961756174
14.043018817901611,-31.069553573591254,-20.0,0.5146402231417593,0.17561283917166293,11.069553573591254
14.06354284286499,-30.922098801764495,-20.0,0.5146402231417593,0.17561283917166293,10.922098801764495
14.083285331726074,-30.78534027936611,-20.0,0.5579487456940111,0.16083470196463168,10.78534027936611
14.103057146072388,-30.666603038608947,-20.0,0.5215192920528349,0.09083470196463167,10.666603038608947
14.124074220657349,-30.55420836675427,-20.0,0.5168107109144326,0.16083470196463168,10.55420836675427
14.143436908721924,-30.45149761682308,-20.0,0.5649788076058027,0.18168530822731555,10.45149761682308
14.162997245788574,-30.358220060399063,-20.0,0.5020088845863935,0.24624062539078295,10.358220060399063
14.182990789413452,-30.273952935619608,-20.0,0.5020088845863935,0.24624062539078295,10.273952935619608
14.203972101211548,-30.200481479485962,-20.0,0.5720088845863935,0.2341249764431268,10.200481479485962
14.223533153533936,-30.13876116397293,-20.0,0.591884783543646,0.207298455061391,10.13876116397293
14.243425846099854,-30.08451324497991,-20.0,0.5753237373009321,0.1828870486933738,10.08451324497991
14.263111114501953,-30.036885204478928,-20.0,0.5946397139504549,0.11288704869337379,10.036885204478928
14.283045053482056,-29.995110433941484,-20.0,0.6058104998245832,0.13977278356440365,9.995110433941484
14.303524017333984,-29.95618585169788,-20.0,0.6058104998245832,0.13977278356440365,9.956185851697882
14.32302975654602,-29.9223905356022,-20.0,0.5945050530880687,0.11753607128746807,9.9223905356022
14.343062162399292,-29.890924851410578,-20.0,0.5800016821175811,0.13037675672210752,9.890924851410578
14.363097906112671,-29.86190655870077,-20.0,0.614187959656119,0.1171135199908167,9.86190655870077
14.383312225341797,-29.83535295022786,-20.0,0.614187959656119,0.1171135199908167,9.835352950227861
14.403987407684326,-29.811211080709814,-20.0,0.5754024908691642,0.09458459966816007,9.811211080709814
14.423125982284546,-29.791696962350372,-20.0,0.5679144659824666,0.13227806293405592,9.791696962350372
14.443357706069946,-29.775911481873454,-20.0,0.5679144659824666,0.13227806293405592,9.775911481873454
14.463050365447998,-29.765448213026584,-20.0,0.6252082386799154,0.1314127488946542,9.765448213026584
14.483031272888184,-29.758957406534304,-20.0,0.5893256874568757,0.12931380043271928,9.758957406534304
14.503171920776367,-29.757713207232115,-20.0,0.55896449515596,0.09621295700315385,9.757713207232115
14.522983074188232,-29.764778685490402,-20.0,0.5520386077277359,0.10521775665227323,9.764778685490402
14.543646097183228,-29.770913114104477,-20.0,0.5534345655050126,0.04041184666100889,9.770913114104477
14.56401014328003,-29.78970480498578,-20.0,0.5534345655050126,0.04041184666100889,9.789704804985782
14.583783626556396,-29.82374177370738,-20.0,0.5214340796973553,0.07470892550889402,9.823741773707379
14.60390043258667,-29.87673616563222,-20.0,0.5073417265247551,0.12207473623100668,9.87673616563222
14.623390674591064,-29.950766743389604,-20.0,0.5368913866858926,0.179446002417244,9.950766743389604
14.64383578300476,-30.04903931645148,-20.0,0.4765018493216482,0.2419259342784062,10.04903931645148
14.66478681564331,-30.173141682112536,-20.0,0.5444956913869825,0.1963511015707627,10.173141682112536
14.683565616607666,-30.325812299936892,-20.0,0.5444956913869825,0.1963511015707627,10.325812299936892
14.703920125961304,-30.496618596660994,-20.0,0.6033410735707727,0.13938911067787557,10.496618596660994
14.72413182258606,-30.675519999139116,-20.0,0.5967634868156162,0.12794728292617946,10.675519999139116
14.743210077285767,-30.850696479988347,-20.0,0.6000078591331837,0.08451253636274486,10.850696479988347
14.763489484786987,-31.01403624947969,-20.0,0.6425488936528561,0.10746462358627468,11.014036249479691
14.7835373878479,-31.155852007614424,-20.0,0.6360517293959853,0.12327613583300262,11.155852007614424
14.803747177124023,-31.28102868638286,-20.0,0.6360517293959853,0.12327613583300262,11.28102868638286
14.825309038162231,-31.386716472095767,-20.0,0.6065846915170547,0.17807409627828746,11.386716472095767
14.843924283981323,-31.47608226382404,-20.0,0.6065846915170547,0.17807409627828746,11.47608226382404
14.863366842269897,-31.551755892087552,-20.0,0.5855970485880968,0.22066509066615253,11.551755892087552
14.8837411403656,-31.615924841199828,-20.0,0.5325013912096617,0.1721112066367641,11.615924841199828
14.903877019882202,-31.670411699541702,-20.0,0.4716981678083536,0.2421112066367641,11.670411699541702
14.923874139785767,-31.716737571798898,-20.0,0.5416981678083537,0.3121112066367641,11.716737571798898
14.943515539169312,-31.756174069431655,-20.0,0.5465622691065071,0.2421112066367641,11.756174069431655
14.966663122177124,-31.787469649520567,-20.0,0.6165622691065071,0.1721112066367641,11.787469649520567
14.98336148262024,-31.81464127116786,-20.0,0.6165622691065071,0.1721112066367641,11.814641271167861
15.003891944885254,-31.833560663508365,-20.0,0.6865622691065072,0.23274223221931606,11.833560663508365
15.024188756942749,-31.830035163745823,-20.0,0.7,0.2412319145584479,11.830035163745823
15.047369480133057,-31.787849314618057,-20.0,0.7,0.18322318414691835,11.787849314618057
15.063747882843018,-31.694442718244826,-20.0,0.7,0.18322318414691835,11.694442718244826
15.082888841629028,-31.56097187015375,-20.0,0.7,0.21849999199155717,11.56097187015375
15.10292673110962,-31.403190787099565,-20.0,0.6366494491696357,0.16178416828159242,11.403190787099565
15.124598026275635,-31.232682594394415,-20.0,0.6739841893315315,0.14813604480121284,11.232682594394415
15.147212743759155,-31.057828125762796,-20.0,0.666068691574037,0.2123780799517408,11.057828125762796
15.163684606552124,-30.884563089894947,-20.0,0.666068691574037,0.2123780799517408,10.884563089894947
15.183794021606445,-30.71928477260796,-20.0,0.7,0.18883103779051452,10.71928477260796
15.20371699333191,-30.575785917783573,-20.0,0.6905399801209569,0.25883103779051453,10.575785917783573
15.22648024559021,-30.43932039674123,-20.0,0.693314828723669,0.20738587027881294,10.43932039674123
15.24302887916565,-30.313652974058964,-20.0,0.693314828723669,0.20738587027881294,10.313652974058964
15.26321792602539,-30.19879765069808,-20.0,0.6478414393961429,0.19940917997155339,10.19879765069808
15.283277988433838,-30.094479199723317,-20.0,0.5778414393961429,0.14118216617498547,10.094479199723317
15.304690837860107,-29.997912407656603,-20.0,0.58983830653131,0.16742171219084412,9.997912407656603
15.326355695724487,-29.91159112175803,-20.0,0.6024747072905301,0.195686217979528,9.911591121758029
15.343972444534302,-29.834661152206632,-20.0,0.6024747072905301,0.195686217979528,9.834661152206632
15.36422324180603,-29.766281688328974,-20.0,0.5862407340854405,0.17091279907617718,9.766281688328974
15.383166074752808,-29.705643371821584,-20.0,0.5795512703433632,0.2409127990761772,9.705643371821584
15.40595006942749,-29.651980021133575,-20.0,0.6495512703433632,0.2199747975030914,9.651980021133575
15.428539991378784,-29.605388129975847,-20.0,0.6729525884613394,0.1858895945409313,9.605388129975847
15.44400930404663,-29.564123367623992,-20.0,0.6729525884613394,0.1858895945409313,9.564123367623992
15.463069438934326,-29.527646253089706,-20.0,0.7,0.20660526333842427,9.527646253089706
15.484257459640503,-29.495455895489282,-20.0,0.7,0.1678040551999584,9.495455895489282
15.507283210754395,-29.467091408796303,-20.0,0.6873031983152031,0.10511550335679204,9.467091408796303
15.523671388626099,-29.44213184017737,-20.0,0.6873031983152031,0.10511550335679204,9.442131840177371
15.543133735656738,-29.420195067780494,-20.0,0.7,0.0779476988175884,9.420195067780494
15.563797950744629,-29.40093601177402,-20.0,0.6591896794736385,0.11177824466023595,9.400936011774021
15.583405256271362,-29.384044415530873,-20.0,0.6391901791095733,0.10916370181832463,9.384044415530873
15.60309100151062,-29.369242386720614,-20.0,0.6103059358894825,0.14691954507026822,9.369242386720614
15.629226684570312,-29.356281836442584,-20.0,0.6101014544576173,0.15539174275938422,9.356281836442584
15.644261837005615,-29.345029155792634,-20.0,0.6101014544576173,0.15539174275938422,9.345029155792634
15.663089275360107,-29.33748839848095,-20.0,0.6208420978247886,0.13242182257119567,9.33748839848095
15.68303918838501,-29.33504095440097,-20.0,0.6154084853216772,0.12105268175248057,9.33504095440097
15.708357572555542,-29.3454611204553,-20.0,0.5774699165805941,0.1675698527181521,9.345461120455301
15.724024057388306,-29.3738096465924,-20.0,0.5774699165805941,0.1675698527181521,9.373809646592399
15.744030714035034,-29.418496434468594,-20.0,0.617455580769456,0.20976341078523547,9.418496434468594
15.763153076171875,-29.47567009166411,-20.0,0.687455580769456,0.1933780753100291,9.47567009166411
15.7831130027771,-29.540010078196865,-20.0,0.7,0.2093805086845532,9.540010078196865
15.803324222564697,-29.607631983296727,-20.0,0.7,0.224983950429596,9.607631983296727
15.823423147201538,-29.675751276665064,-20.0,0.6863459579646587,0.18764714273158462,9.675751276665064
15.843575954437256,-29.74242076944872,-20.0,0.6614943265914917,0.2073868767404929,9.74242076944872
15.863257646560669,-29.800304925236482,-20.0,0.5914943265914916,0.13738687674049288,9.800304925236482
15.883322954177856,-29.854266345550432,-20.0,0.5914943265914916,0.13738687674049288,9.854266345550432
15.903609275817871,-29.901764615008414,-20.0,0.6328473362326621,0.08279318700078875,9.901764615008414
15.92393445968628,-29.94120554646882,-20.0,0.6200949671864509,0.15279318700078875,9.941205546468819
15.942991495132446,-29.9740105471204,-20.0,0.6900949671864509,0.20286406511906535,9.9740105471204
15.963029623031616,-30.003658135907994,-20.0,0.6734730888158083,0.13286406511906534,10.003658135907994
15.982919692993164,-30.028014941084464,-20.0,0.6326314609497785,0.19796269352082163,10.028014941084464
16.003477334976196,-30.050371298603366,-20.0,0.5689353819936513,0.12796269352082162,10.050371298603366
16.02311897277832,-30.070748984910924,-20.0,0.5349752258509397,0.11222451175097375,10.070748984910924
16.043649673461914,-30.089215273169966,-20.0,0.5349752258509397,0.11222451175097375,10.089215273169966
16.06383728981018,-30.105867264695025,-20.0,0.6049752258509398,0.18222451175097376,10.105867264695025
16.0829017162323,-30.12032494888262,-20.0,0.5630027302354574,0.16805547347757965,10.120324948882619
16.1030216217041,-30.135689098374108,-20.0,0.5406999555230141,0.1525982856983319,10.135689098374108
16.123277187347412,-30.15359428847824,-20.0,0.5666641075909138,0.11660662072245032,10.153594288478239
16.14330530166626,-30.172792546268063,-20.0,0.4966641075909138,0.08430981042329222,10.172792546268063
16.163957595825195,-30.192382975516143,-20.0,0.4266641075909138,0.07087219005916268,10.192382975516143
16.183054447174072,-30.21172949570087,-20.0,0.4966641075909138,0.04521314112935215,10.211729495700869
16.204172372817993,-30.23039672594067,-20.0,0.4966641075909138,0.04521314112935215,10.230396725940668
16.22374987602234,-30.250416509896283,-20.0,0.5399376831948757,0.06553674361202866,10.250416509896283
16.243861198425293,-30.273164479991582,-20.0,0.5135213889181613,0.005551567883230746,10.273164479991582
16.2636137008667,-30.29952422252427,-20.0,0.5078135880641639,0.05520041903946549,10.29952422252427
16.282989501953125,-30.33001427136165,-20.0,0.5605138245038688,0.11894038191530854,10.330014271361652
16.304085969924927,-30.364885936193787,-20.0,0.5605138245038688,0.11894038191530854,10.364885936193787
16.323070526123047,-30.395162405916935,-20.0,0.49051382450386877,0.150220955372788,10.395162405916935
16.34348154067993,-30.435117794964906,-20.0,0.5145380931161343,0.10178445896599442,10.435117794964906
16.362917184829712,-30.492324692298148,-20.0,0.5563048483990132,0.16759654751513153,10.492324692298148
16.382843255996704,-30.564639164054448,-20.0,0.6263048483990132,0.2304657759377733,10.564639164054448
16.403634309768677,-30.643224872969345,-20.0,0.6263048483990132,0.2304657759377733,10.643224872969345
16.423797607421875,-30.724095342445647,-20.0,0.6963048483990133,0.190270914346911,10.724095342445647
16.44304633140564,-30.804421429252475,-20.0,0.7,0.120270914346911,10.804421429252475
16.463021278381348,-30.877619716861325,-20.0,0.7,0.120270914346911,10.877619716861325
16.483330965042114,-30.93930534541267,-20.0,0.6918167544528842,0.18618536642286926,10.93930534541267
16.503385305404663,-30.98905244007232,-20.0,0.6626330053433775,0.22488790652249008,10.98905244007232
16.52304768562317,-31.03224413775947,-20.0,0.6779115552082657,0.16295321187470108,11.03224413775947
16.54290509223938,-31.062063621893543,-20.0,0.6699824154376983,0.23295321187470108,11.062063621893543
16.56313729286194,-31.08180913891887,-20.0,0.6699824154376983,0.23295321187470108,11.08180913891887
16.58372187614441,-31.09403708458529,-20.0,0.6460659604519605,0.19969927764032036,11.094037084585288
16.603516340255737,-31.10072120613358,-20.0,0.6670311100780963,0.24827920517418534,11.100721206133581
16.62302255630493,-31.101062188572516,-20.0,0.6725352437235415,0.17827920517418533,11.101062188572516
16.643757581710815,-31.096988364197287,-20.0,0.6404933475889265,0.19639875455293804,11.096988364197287
16.66335654258728,-31.08995546663751,-20.0,0.6106267378665506,0.1695342687377706,11.089955466637509
16.683675050735474,-31.07873625795153,-20.0,0.6106267378665506,0.1695342687377706,11.07873625795153
16.703654766082764,-31.06490500055742,-20.0,0.5732033208943903,0.1699181236687582,11.06490500055742
16.723551034927368,-31.05194033466488,-20.0,0.5349978649057447,0.13736606020363978,11.05194033466488
16.7434184551239,-31.04068408073334,-20.0,0.5068657987751066,0.1200057696911972,11.040684080733339
16.764395713806152,-31.027829953524652,-20.0,0.44780137697234745,0.11300021832692436,11.027829953524652
16.78553032875061,-31.014204743973004,-20.0,0.41298396820202465,0.043000218326924355,11.014204743973004
16.80326509475708,-31.002719394754205,-20.0,0.41298396820202465,0.043000218326924355,11.002719394754205
16.82348608970642,-30.993023045793212,-20.0,0.48298396820202466,0.0,10.993023045793212
16.843366622924805,-30.98714119572241,-20.0,0.5206620795466006,0.030366072431206703,10.987141195722408
16.864222049713135,-30.98638018552968,-20.0,0.5425762487389147,0.026148150209337473,10.98638018552968
16.88649892807007,-30.991512414902594,-20.0,0.47257624873891474,0.04989061737433076,10.991512414902594
16.903356313705444,-31.00523540992591,-20.0,0.47257624873891474,0.04989061737433076,11.005235409925909
16.92345380783081,-31.026880062613788,-20.0,0.416019528452307,0.013188468758016825,11.026880062613788
16.943789958953857,-31.055772849210932,-20.0,0.4744182893075049,0.0,11.055772849210932
16.964478969573975,-31.080858304202444,-20.0,0.4044182893075049,0.0,11.080858304202444
16.984499216079712,-31.110718413903594,-20.0,0.4283569805510342,0.03748905658721924,11.110718413903594
17.007399320602417,-31.145424293367448,-20.0,0.4983569805510342,0.0,11.145424293367448
17.027461051940918,-31.184897627970518,-20.0,0.5306510937400162,0.00501069612801075,11.184897627970518
17.043041944503784,-31.23359107230295,-20.0,0.5306510937400162,0.00501069612801075,11.23359107230295
17.062957286834717,-31.303619750406508,-20.0,0.6006510937400162,0.0603166539222002,11.303619750406508
17.083187341690063,-31.407468998635654,-20.0,0.5810956051386893,0.057365050073713064,11.407468998635654
17.103384017944336,-31.54597050543642,-20.0,0.603526894915849,0.03297206899151206,11.545970505436419
17.12368392944336,-31.714155992561665,-20.0,0.5958659639395774,0.016460252460092306,11.714155992561665
17.147367000579834,-31.9008432287949,-20.0,0.5547802550531924,0.057946430053561926,11.900843228794901
17.16306757926941,-32.095461295509445,-20.0,0.5547802550531924,0.057946430053561926,12.095461295509445
17.184096097946167,-32.264433669866214,-20.0,0.6247802550531925,0.12794643005356193,12.264433669866214
17.203072786331177,-32.43948130092879,-20.0,0.6260732865519822,0.19794643005356194,12.43948130092879
17.223702669143677,-32.6210843689092,-20.0,0.6194786542654038,0.19322274984791876,12.621084368909202
17.247421741485596,-32.814036325907985,-20.0,0.6707144828140736,0.26322274984791877,12.814036325907985
17.26376986503601,-33.0190511630737,-20.0,0.6707144828140736,0.26322274984791877,13.019051163073698
17.2835693359375,-33.229357844504065,-20.0,0.7,0.25822148568928244,13.229357844504065
17.30366039276123,-33.4354811790429,-20.0,0.7,0.222270649895072,13.435481179042903
17.32315492630005,-33.626317439884836,-20.0,0.7,0.2484927373379469,13.626317439884836
17.347455978393555,-33.789924388781465,-20.0,0.6929348244331777,0.29175130747258665,13.789924388781465
17.3677237033844,-33.90251036984946,-20.0,0.7,0.2383648278564215,13.902510369849459
17.38316321372986,-33.93962942448451,-20.0,0.7,0.2383648278564215,13.939629424484508
17.40322232246399,-33.97185713541313,-20.0,0.6487706050276756,0.23076166588813068,13.971857135413131
17.423317193984985,-33.92122075689204,-20.0,0.7,0.22418742304667832,13.92122075689204
17.443124055862427,-33.798148683693306,-20.0,0.6713462702929973,0.1610386041365564,13.798148683693306
17.463686227798462,-33.62337505014775,-20.0,0.6713462702929973,0.1610386041365564,13.62337505014775
17.483274698257446,-33.41729666538859,-20.0,0.6051944576203823,0.18090871958062055,13.41729666538859
17.503382921218872,-33.194905787163954,-20.0,0.6073578852694481,0.1365125649981201,13.194905787163954
17.523809671401978,-32.967045658264,-20.0,0.5803918331395834,0.08096126703545453,12.967045658263999
17.543036937713623,-32.741391924394456,-20.0,0.5103918331395834,0.0866145338304341,12.741391924394456
17.562982082366943,-32.5232177895049,-20.0,0.5103918331395834,0.0866145338304341,12.523217789504898
17.583556652069092,-32.318305141883265,-20.0,0.5623573715519159,0.09607954932376744,12.318305141883265
17.603774309158325,-32.13032046286573,-20.0,0.5989779363106935,0.1623461530916393,12.130320462865733
17.623114347457886,-31.96710736506594,-20.0,0.5432446616422384,0.1552511570416391,11.967107365065939
17.64303684234619,-31.81965850526476,-20.0,0.5672947819065302,0.10430502569302919,11.819658505264758
17.663249015808105,-31.689361523710865,-20.0,0.5672947819065302,0.10430502569302919,11.689361523710865
17.683386087417603,-31.5790445603131,-20.0,0.5619245081860571,0.060950298365205546,11.5790445603131
17.703144073486328,-31.48319637018297,-20.0,0.5857767671067267,0.07505192844197156,11.48319637018297
17.72408938407898,-31.402240323689746,-20.0,0.5997948584798722,0.06729558579623701,11.402240323689746
17.74303889274597,-31.33376165665692,-20.0,0.6422292155865579,0.09537668250501158,11.333761656656922
17.763092041015625,-31.28038697731483,-20.0,0.6443878050148486,0.16537668250501159,11.28038697731483
17.78335452079773,-31.250491656585893,-20.0,0.6443878050148486,0.16537668250501159,11.250491656585893
17.80394697189331,-31.24927426716295,-20.0,0.6364975172281264,0.1720009261928499,11.24927426716295
17.823410987854004,-31.27495713587515,-20.0,0.6235329789295792,0.1020009261928499,11.274957135875152
17.843780040740967,-31.29725565820586,-20.0,0.5535329789295791,0.1720009261928499,11.29725565820586
17.863076210021973,-31.338007674434195,-20.0,0.6019893795624374,0.22369014492258432,11.338007674434195
17.883554697036743,-31.390503111238022,-20.0,0.6194606986269353,0.16448265334591272,11.390503111238022
17.90296745300293,-31.44745543835189,-20.0,0.6039239712432025,0.23448265334591273,11.447455438351891
17.923088550567627,-31.506002461701033,-20.0,0.6039239712432025,0.23448265334591273,11.506002461701033
17.94384479522705,-31.561797781174626,-20.0,0.6331698228046296,0.16448265334591272,11.561797781174626
17.963001012802124,-31.60957864511574,-20.0,0.5631698228046296,0.11080871915444734,11.60957864511574
17.983927488327026,-31.648217217450238,-20.0,0.5594424815010277,0.09593984970822933,11.648217217450238
18.00313663482666,-31.67485472135828,-20.0,0.5923882857989518,0.14355902859941128,11.67485472135828
18.023285627365112,-31.687821793304806,-20.0,0.5769802709203211,0.15404635315760973,11.687821793304806
18.04351282119751,-31.690951905006482,-20.0,0.5710894912574438,0.12813430486246946,11.690951905006482
18.062991619110107,-31.693669547901425,-20.0,0.5403061341587452,0.15751930346712473,11.693669547901425
18.083843231201172,-31.68952648986564,-20.0,0.5403061341587452,0.15751930346712473,11.689526489865639
18.103077173233032,-31.68072731311616,-20.0,0.47030613415874517,0.15985857273451987,11.680727313116162
18.123311519622803,-31.67124233690436,-20.0,0.5231299980822948,0.21987431074492636,11.67124233690436
18.14339804649353,-31.66153099335093,-20.0,0.5931299980822948,0.14987431074492635,11.66153099335093
18.162911415100098,-31.6542347089849,-20.0,0.5233499016705898,0.091224014563486,11.654234708984902
18.18344807624817,-31.648808170254874,-20.0,0.49177627825178183,0.042522068871185204,11.648808170254874
18.202884674072266,-31.647139684179145,-20.0,0.501961768614128,0.040340805696323534,11.647139684179145
18.22365713119507,-31.645809092602203,-20.0,0.501961768614128,0.040340805696323534,11.645809092602203
18.243513345718384,-31.647064611613626,-20.0,0.45829360653646267,0.11034080569632354,11.647064611613626
18.263171434402466,-31.652399651430535,-20.0,0.5282936065364627,0.05693371032364669,11.652399651430535
18.283759832382202,-31.657031669209612,-20.0,0.585995659874752,0.05533993835095319,11.657031669209612
18.302858352661133,-31.666765626315605,-20.0,0.5264825119543819,0.1253399383509532,11.666765626315605
18.323622703552246,-31.682103101286256,-20.0,0.5264825119543819,0.1253399383509532,11.682103101286256
18.344083309173584,-31.703244800637453,-20.0,0.5212097695935516,0.1953399383509532,11.703244800637453
18.363229751586914,-31.73017716146942,-20.0,0.5512329737562685,0.19458445966476579,11.73017716146942
18.38294219970703,-31.760421802905185,-20.0,0.5773497789073734,0.22969285831088204,11.760421802905185
18.4028058052063,-31.792169995298586,-20.0,0.6473497789073734,0.15969285831088204,11.792169995298586
18.42404532432556,-31.821809456433428,-20.0,0.6473497789073734,0.15969285831088204,11.821809456433428
18.443634748458862,-31.849203089265316,-20.0,0.5773497789073734,0.1494013145216741,11.849203089265316
18.46314311027527,-31.86736581318474,-20.0,0.5073497789073733,0.15656815232941884,11.86736581318474
18.48304510116577,-31.876321903725483,-20.0,0.5462086657155303,0.10502220453927297,11.876321903725483
18.50366997718811,-31.88409781019281,-20.0,0.5076432647276667,0.07419717075536031,11.88409781019281
18.5248806476593,-31.885398450650094,-20.0,0.49737700168974674,0.11703980850288648,11.885398450650094
18.54345726966858,-31.88216721984926,-20.0,0.49737700168974674,0.11703980850288648,11.882167219849261
18.563998222351074,-31.873557050644354,-20.0,0.5673770016897468,0.10492997659603137,11.873557050644354
18.583498001098633,-31.861437696211503,-20.0,0.5463627452868967,0.09922376364702362,11.861437696211503
18.6028790473938,-31.849516682794366,-20.0,0.5650570343155412,0.16922376364702363,11.849516682794366
18.623054265975952,-31.838047610206296,-20.0,0.4950570343155412,0.20437458962434907,11.838047610206296
18.643489360809326,-31.829511061145062,-20.0,0.547822549017146,0.15687701165908952,11.829511061145062
18.665786027908325,-31.82555271344905,-20.0,0.547822549017146,0.15687701165908952,11.82555271344905
18.68354296684265,-31.82487861663587,-20.0,0.5021546771842984,0.10300352484220643,11.824878616635871
18.703430891036987,-31.82418711386234,-20.0,0.45399302524514473,0.1204956161254086,11.82418711386234
18.72325348854065,-31.823586733499457,-20.0,0.4207776030618695,0.05049561612540859,11.823586733499457
18.74298119544983,-31.825296828256263,-20.0,0.40432355274446286,0.1204956161254086,11.825296828256263
18.764937162399292,-31.828566664437957,-20.0,0.47432355274446286,0.05049561612540859,11.828566664437957
18.787094831466675,-31.83283369029622,-20.0,0.4887432611454276,0.09173788033658642,11.83283369029622
18.803558111190796,-31.83768088757065,-20.0,0.4887432611454276,0.09173788033658642,11.837680887570649
18.823434829711914,-31.845119661268846,-20.0,0.4891375657194292,0.12078658767277378,11.845119661268846
18.84291934967041,-31.85647879321446,-20.0,0.4191375657194292,0.18884525723988194,11.85647879321446
18.86302375793457,-31.87026156054199,-20.0,0.4891375657194292,0.25884525723988194,11.87026156054199
18.884533405303955,-31.88536449419447,-20.0,0.5535007249587214,0.18884525723988194,11.88536449419447
18.90565323829651,-31.90330270140628,-20.0,0.5779016260080969,0.11884525723988193,11.903302701406279
18.926929235458374,-31.92273747458656,-20.0,0.5637035816931164,0.1743148744874634,11.922737474586562
18.943613052368164,-31.939611240855008,-20.0,0.5637035816931164,0.1743148744874634,11.939611240855008
18.963115215301514,-31.95271707032452,-20.0,0.5652577575552276,0.12561074577504772,11.952717070324521
18.983080625534058,-31.960544013823547,-20.0,0.5595866158860734,0.1642586135142483,11.960544013823547
19.003273725509644,-31.9621817201133,-20.0,0.5713008648040703,0.14068870179587978,11.9621817201133
19.023113489151,-31.95947734181672,-20.0,0.5164758941414764,0.16600314274663108,11.959477341816719
19.043312311172485,-31.953828310165605,-20.0,0.5864758941414765,0.09600314274663108,11.953828310165605
19.064432621002197,-31.946282859565102,-20.0,0.5864758941414765,0.09600314274663108,11.946282859565102
19.086883068084717,-31.935302704949585,-20.0,0.6710906643304042,0.11693921461934226,11.935302704949585
19.10710310935974,-31.92222625296801,-20.0,0.6673625749419443,0.17260378375882285,11.92222625296801
19.123780965805054,-31.908038382373746,-20.0,0.6673625749419443,0.17260378375882285,11.908038382373746
19.143468618392944,-31.895768810073484,-20.0,0.7,0.20258820764953273,11.895768810073484
19.16282868385315,-31.885116054145332,-20.0,0.6928635559044778,0.24711404331261294,11.885116054145332
19.1828773021698,-31.87590601881731,-20.0,0.7,0.22782018184894698,11.875906018817311
19.20425248146057,-31.867940798479403,-20.0,0.6520406052470207,0.25892180726164954,11.867940798479403
19.22477889060974,-31.861050124802105,-20.0,0.6326168112456798,0.240263053777162,11.861050124802105
19.24603772163391,-31.85277106508951,-20.0,0.5855301328003406,0.2955049589299597,11.85277106508951
19.267483949661255,-31.841429505269474,-20.0,0.6285236708819866,0.2753176461928524,11.841429505269474
19.28313899040222,-31.825943350343287,-20.0,0.6285236708819866,0.2753176461928524,11.825943350343287
19.303608894348145,-31.805670228670582,-20.0,0.6972190894186496,0.2744853631965816,11.805670228670582
19.32447123527527,-31.777973773400262,-20.0,0.6330564327538013,0.26112704215571286,11.777973773400262
19.348844289779663,-31.72963671647203,-20.0,0.5630564327538012,0.19112704215571286,11.72963671647203
19.364096879959106,-31.64970623499925,-20.0,0.5630564327538012,0.19112704215571286,11.64970623499925
19.383084297180176,-31.580308550262483,-20.0,0.5848916276544331,0.1910845903409063,11.580308550262483
19.403076648712158,-31.47578720842684,-20.0,0.624167661294341,0.1800525044751703,11.47578720842684
19.42738437652588,-31.344991614608116,-20.0,0.6262437592912464,0.22794974648481003,11.344991614608116
19.44395351409912,-31.199393543660257,-20.0,0.6262437592912464,0.22794974648481003,11.199393543660257
19.463414669036865,-31.047351183548567,-20.0,0.6413913968671112,0.18549517967825524,11.047351183548567
19.483192682266235,-30.89715615466238,-20.0,0.6723029654193668,0.16016175651078812,10.89715615466238
19.50303626060486,-30.754518967997218,-20.0,0.6311715285945683,0.11786261626606576,10.754518967997218
19.527954578399658,-30.620890498494223,-20.0,0.6714345741737633,0.13690618292515866,10.620890498494223
19.54326868057251,-30.49935741978705,-20.0,0.6714345741737633,0.13690618292515866,10.49935741978705
19.563822269439697,-30.389428554136366,-20.0,0.7,0.1370045125373872,10.389428554136366
19.583577871322632,-30.292773259381164,-20.0,0.6956001406535506,0.14467101934191307,10.292773259381164
19.603023767471313,-30.20885466474784,-20.0,0.657987050525844,0.14870364981528839,10.20885466474784
19.623677968978882,-30.13734094884383,-20.0,0.6307260317727923,0.17772470245894512,10.137340948843828
19.643357515335083,-30.078644503348343,-20.0,0.6867596393451094,0.17477446649048944,10.078644503348343
19.66342830657959,-30.044295710070077,-20.0,0.7,0.24477446649048945,10.044295710070077
19.682873249053955,-30.034712622465893,-20.0,0.6299999999999999,0.27964415598486086,10.034712622465893
19.706092596054077,-30.04490021857332,-20.0,0.5652408871054648,0.2893408379686298,10.044900218573321
19.72692322731018,-30.068551651562053,-20.0,0.5652408871054648,0.2893408379686298,10.068551651562053
19.743560791015625,-30.100931471089893,-20.0,0.6352408871054649,0.3367903932166519,10.100931471089893
19.763684272766113,-30.136204142261672,-20.0,0.7,0.2758908002806129,10.136204142261672
19.783828020095825,-30.167923827888085,-20.0,0.6299999999999999,0.2058908002806129,10.167923827888085
19.802830457687378,-30.19402336227562,-20.0,0.649464237615466,0.14417935110453983,10.194023362275619
19.822890758514404,-30.216683644383632,-20.0,0.6304591308534144,0.15775262232695242,10.216683644383632
19.84289312362671,-30.225940242305377,-20.0,0.6855906817317008,0.19701227586541792,10.225940242305377
19.86288595199585,-30.207112162240836,-20.0,0.7,0.17557866539631506,10.207112162240836
19.88286066055298,-30.153058790066087,-20.0,0.7,0.1821173470822396,10.153058790066087
19.90864586830139,-30.075963190408643,-20.0,0.6938103570602834,0.20104564394627233,10.075963190408643
19.923181533813477,-29.98489475693216,-20.0,0.6938103570602834,0.20104564394627233,9.98489475693216
19.943411827087402,-29.888837513576707,-20.0,0.6489003061316907,0.16784667264495512,9.888837513576707
19.963427543640137,-29.794163067062858,-20.0,0.6835692062042653,0.20194727968249937,9.794163067062858
19.983314275741577,-29.702944219146314,-20.0,0.7,0.21509774349455257,9.702944219146314
20.003207683563232,-29.6188459735017,-20.0,0.7,0.21062950877298137,9.6188459735017
20.023184061050415,-29.541909959138316,-20.0,0.6544454962015152,0.24830657703627368,9.541909959138316
20.043212890625,-29.4751121471983,-20.0,0.61588981077075,0.21394852263678332,9.475112147198299
20.062944650650024,-29.416297113235366,-20.0,0.5912223782390356,0.16736850974906703,9.416297113235366
20.083057165145874,-29.36457682456363,-20.0,0.5912223782390356,0.16736850974906703,9.364576824563631
20.10336470603943,-29.319147489804365,-20.0,0.5690428491681814,0.15334903536189814,9.319147489804365
20.123581171035767,-29.27928501377814,-20.0,0.6216377940028905,0.14305770670820495,9.27928501377814
20.143895864486694,-29.244339740177047,-20.0,0.5516377940028905,0.14685892447654625,9.244339740177047
20.16395092010498,-29.213730838099142,-20.0,0.5541919361520558,0.10736829548899551,9.213730838099142
20.184072017669678,-29.186940589158937,-20.0,0.621964503424242,0.1435755057615461,9.186940589158937
20.202990293502808,-29.16350875610249,-20.0,0.6204325964162125,0.19399906456295868,9.163508756102491
20.2230544090271,-29.143027156448557,-20.0,0.6457238958636298,0.1439325077814283,9.143027156448557
20.24313998222351,-29.127450869632113,-20.0,0.6574381000781431,0.08868083491746803,9.127450869632113
20.26383662223816,-29.113927139736596,-20.0,0.6574381000781431,0.08868083491746803,9.113927139736596
20.283089637756348,-29.108583277070945,-20.0,0.6423249875614419,0.10716821946029087,9.108583277070945
20.30347180366516,-29.109061826994818,-20.0,0.5723249875614418,0.07672153919760605,9.109061826994818
20.323506116867065,-29.11357189859707,-20.0,0.5023249875614417,0.07210643164638897,9.113571898597069
20.34368348121643,-29.127712368034526,-20.0,0.5368161354074252,0.002106431646388962,9.127712368034526
20.363728761672974,-29.166700037396534,-20.0,0.4694580886373294,0.004132680369657471,9.166700037396534
20.383800745010376,-29.240449354230805,-20.0,0.5156322609493507,0.0,9.240449354230805
20.403793573379517,-29.350297864034108,-20.0,0.5090811586799098,0.03746526315808296,9.350297864034108
20.423078775405884,-29.49159051316225,-20.0,0.48863220576662547,0.02295204345136881,9.49159051316225
20.443875074386597,-29.660265285525593,-20.0,0.48863220576662547,0.02295204345136881,9.660265285525593
20.463027715682983,-29.85509547939779,-20.0,0.48826238193782023,0.067981475032866,9.85509547939779
20.483399152755737,-30.024252027968693,-20.0,0.4303445188072508,0.07969754841178656,10.024252027968693
20.503621339797974,-30.22140576265843,-20.0,0.5003445188072508,0.13066968601197004,10.221405762658431
20.52332305908203,-30.442075221385537,-20.0,0.5703445188072509,0.16130249481648207,10.442075221385537
20.54351806640625,-30.680211565820176,-20.0,0.638692911651451,0.18661810364574194,10.680211565820176
20.563541889190674,-30.924204009095074,-20.0,0.6051812506583518,0.25661810364574195,10.924204009095074
20.583006620407104,-31.165833589070964,-20.0,0.6456205285456962,0.32661810364574195,11.165833589070964
20.60301423072815,-31.39713750045939,-20.0,0.6456205285456962,0.32661810364574195,11.39713750045939
20.62327766418457,-31.61285706647774,-20.0,0.6398158198525197,0.3344623813033104,11.61285706647774
20.643035888671875,-31.807434088853917,-20.0,0.5698158198525196,0.2644623813033104,11.807434088853917
20.662914752960205,-31.97293246519316,-20.0,0.6398158198525197,0.23567835211753846,11.97293246519316
20.682948112487793,-32.08607551407519,-20.0,0.7,0.27129527524113656,12.08607551407519
20.702946186065674,-32.18430919779377,-20.0,0.7,0.20129527524113655,12.184309197793773
20.72290325164795,-32.20115008296039,-20.0,0.7,0.2146827382966876,12.201150082960389
20.742959022521973,-32.1146863220968,-20.0,0.7,0.28010483365505934,12.114686322096802
20.76314067840576,-31.937900786766217,-20.0,0.6299999999999999,0.21010483365505933,11.937900786766217
20.783032178878784,-31.703038678943813,-20.0,0.6374527412652968,0.16806279059499502,11.703038678943813
20.803727865219116,-31.43402748661856,-20.0,0.6374527412652968,0.16806279059499502,11.434027486618561
20.823551893234253,-31.148386770060302,-20.0,0.6597387689352034,0.13029624458402395,11.148386770060302
20.843324899673462,-30.85872354223095,-20.0,0.7,0.1522584905102849,10.858723542230951
20.86309838294983,-30.573900400408377,-20.0,0.6811839237809181,0.1565492114238441,10.573900400408377
20.8830668926239,-30.30226191930785,-20.0,0.611183923780918,0.14486820327118038,10.302261919307849
20.903988361358643,-30.04925659684875,-20.0,0.6134071618970482,0.19815363811329006,10.04925659684875
20.923789262771606,-29.829590916357123,-20.0,0.599038990093395,0.220733037982136,9.829590916357123
20.9436674118042,-29.627458425981008,-20.0,0.5358900370728223,0.18155034521594643,9.627458425981008
20.963579893112183,-29.454413066975995,-20.0,0.5209251249860971,0.16060423182323574,9.454413066975995
20.98339295387268,-29.32002974059662,-20.0,0.494536280510947,0.20151079894974827,9.32002974059662
21.00307035446167,-29.218358311642227,-20.0,0.424536280510947,0.17628418358042836,9.218358311642227
21.02373170852661,-29.13977111792697,-20.0,0.424536280510947,0.17628418358042836,9.13977111792697
21.043576955795288,-29.081605287359434,-20.0,0.4478835744690149,0.10628418358042835,9.081605287359434
21.063399076461792,-29.03915669017044,-20.0,0.5178835744690149,0.050368142444640385,9.03915669017044
21.083739042282104,-29.00874370388993,-20.0,0.539938636003062,0.0988690304942429,9.00874370388993
21.103891372680664,-28.987491948371286,-20.0,0.5633733252715318,0.04585068406537174,8.987491948371286
21.12308692932129,-28.975479840251477,-20.0,0.5630154366325586,0.02672585019841789,8.975479840251477
21.14355158805847,-28.965050621298168,-20.0,0.5438866390567272,0.049003887120634304,8.965050621298168
21.162879705429077,-28.96346342210011,-20.0,0.5318893993925302,0.03243609810248016,8.963463422100109
21.1829035282135,-28.968059547207474,-20.0,0.5472965881880372,0.03371928936336188,8.968059547207474
21.20333695411682,-28.979145706033894,-20.0,0.5472965881880372,0.03371928936336188,8.979145706033894
21.22298264503479,-28.99908023686922,-20.0,0.5564039199333637,0.021149146617390202,8.999080236869219
21.24286150932312,-29.036217041673297,-20.0,0.5121687053423374,0.0,9.036217041673297
21.263299465179443,-29.112119649705814,-20.0,0.536874309061095,0.07,9.112119649705814
21.28372812271118,-29.240743997658306,-20.0,0.466874309061095,0.11604768753051758,9.240743997658306
21.302836418151855,-29.421128737777902,-20.0,0.4672552121360785,0.128841772377491,9.421128737777902
21.322922229766846,-29.644292952845,-20.0,0.5296879073162561,0.09457404136657716,9.644292952845
21.3434898853302,-29.902871225043324,-20.0,0.5296879073162561,0.09457404136657716,9.902871225043324
21.362841844558716,-30.127375482782703,-20.0,0.518799301937688,0.0418916341662407,10.127375482782703
21.383515119552612,-30.38341832597383,-20.0,0.5481972440634852,0.0933711525797844,10.383418325973832
21.40378451347351,-30.656935619405463,-20.0,0.506381992951501,0.1385635469853878,10.656935619405463
21.4233078956604,-30.93538180470203,-20.0,0.576381992951501,0.0685635469853878,10.935381804702029
21.443577766418457,-31.209913082174094,-20.0,0.5408962223981506,0.07782510947436094,11.209913082174094
21.462799549102783,-31.474489898654806,-20.0,0.48606379742966954,0.10657710861414671,11.474489898654806
21.483745574951172,-31.722863299416595,-20.0,0.48606379742966954,0.10657710861414671,11.722863299416595
21.503000736236572,-31.95111992212894,-20.0,0.49718704301165406,0.14821832161396742,11.951119922128939
21.523173332214355,-32.15938814555364,-20.0,0.5560450762812978,0.21821832161396743,12.159388145553642
21.543564558029175,-32.34828393120524,-20.0,0.5721015952830202,0.17727985110133887,12.348283931205238
21.56296467781067,-32.5187456724336,-20.0,0.5224435985391027,0.1629390536621213,12.518745672433603
21.583738327026367,-32.66674490826299,-20.0,0.5924435985391028,0.1557228678651154,12.666744908262991
21.60280466079712,-32.79809135323561,-20.0,0.5279591661994345,0.12413777055218816,12.798091353235613
21.623040676116943,-32.90977677788701,-20.0,0.5279591661994345,0.12413777055218816,12.90977677788701
21.642898559570312,-32.997913540934924,-20.0,0.5048591924016363,0.19413777055218817,12.997913540934924
21.663801670074463,-33.053472941067625,-20.0,0.5748591924016364,0.16256092475727202,13.053472941067625
21.683799982070923,-33.07335874011376,-20.0,0.5450780948554166,0.22277176739647986,13.073358740113761
21.702858209609985,-33.06794226603584,-20.0,0.6150780948554166,0.2194755683746189,13.067942266035843
21.724457025527954,-33.04509407893758,-20.0,0.6371732982550748,0.17861758648417891,13.04509407893758
21.743276596069336,-33.01074032674521,-20.0,0.6371732982550748,0.17861758648417891,13.010740326745207
21.762951374053955,-32.96930042374946,-20.0,0.6442915857513436,0.1221901263203472,12.96930042374946
21.78385877609253,-32.91939806718976,-20.0,0.5819555022497662,0.1921901263203472,12.91939806718976
21.80335021018982,-32.876071567156956,-20.0,0.532754322953988,0.2621901263203472,12.876071567156956
21.823972702026367,-32.81341776533121,-20.0,0.602754322953988,0.24842165361158552,12.81341776533121
21.844738245010376,-32.734358136134894,-20.0,0.532754322953988,0.19336180339567366,12.734358136134894
21.863255977630615,-32.64598694851953,-20.0,0.532754322953988,0.19336180339567366,12.645986948519528
21.882887840270996,-32.55347714796116,-20.0,0.602754322953988,0.26336180339567367,12.55347714796116
21.90382409095764,-32.458214485747135,-20.0,0.6396369730611333,0.2880818556528539,12.458214485747135
21.923769235610962,-32.36355037705616,-20.0,0.6572917272825727,0.25041020023636523,12.363550377056157
21.943790197372437,-32.26484783020031,-20.0,0.6429141602967867,0.2100469219963998,12.26484783020031
21.96361207962036,-32.161308862215364,-20.0,0.6852529488061556,0.2066059363074601,12.161308862215364
21.983583450317383,-32.04787397695161,-20.0,0.6735570646380076,0.1582820591516793,12.047873976951607
22.00365948677063,-31.91665705710346,-19.99999976822907,0.6516767471586355,0.13869760083034638,11.91665728887439
22.02536678314209,-31.802731177164247,-19.999993757841175,0.5816767471586355,0.12793039521202448,11.802737419323073
22.04372477531433,-31.663735845964627,-19.99998522230866,0.5816767471586355,0.12793039521202448,11.663750623655968
22.06307554244995,-31.51099097184136,-19.99995025029085,0.565501575798262,0.12710328047396618,11.511040721550508
22.083232402801514,-31.35272150928056,-19.999882370661023,0.584263657659758,0.17081009616376835,11.352839138619537
22.103217601776123,-31.194785950605883,-19.999770832347323,0.5167337185447105,0.14833362979115922,11.19501511825856
22.123652696609497,-31.043561037987896,-19.99949841747314,0.5693598738615402,0.17802938652457673,11.044062620514755
22.14375615119934,-30.903299073349476,-19.999231417434657,0.5808678078209051,0.16778477021725852,10.904067655914819
22.164089679718018,-30.776664695038054,-19.9988839937275,0.5209658550773748,0.15201650672825057,10.777780701310554
22.185572147369385,-30.662833207015396,-19.998445887326607,0.5078683192585596,0.10853869580896575,10.664387319688789
22.203481197357178,-30.560894372743444,-19.99818965179986,0.5078683192585596,0.10853869580896575,10.562704720943586
22.223050832748413,-30.47221887819884,-19.997596522536764,0.5778683192585596,0.0755861189332791,10.474622355662078
22.24309253692627,-30.395228549842333,-19.99648650429372,0.5078683192585596,0.07535001202777497,10.398742045548612
22.265947580337524,-30.32824790430065,-19.99558523770762,0.5205697170202621,0.08964145402715079,10.33266266659303
22.28437638282776,-30.272301404383523,-19.99508257265663,0.5205697170202621,0.08964145402715079,10.277218831726891
22.305206775665283,-30.227809818169064,-19.993352008528156,0.484796186417807,0.052784590379451435,10.234457809640908
22.32545804977417,-30.19476350989413,-19.992000922668073,0.4890889934939333,0.022663496763561886,10.202762587226058
22.346554279327393,-30.17748684383047,-19.99048095022711,0.5233374535781332,0.005926708088372867,10.18700589360336
22.363956928253174,-30.18088417959076,-19.989654721957187,0.5233374535781332,0.005926708088372867,10.191229457633572
22.383166313171387,-30.205500780153205,-19.98786401960342,0.49686031972290956,0.0,10.217636760549784
22.40312933921814,-30.251156143039452,-19.985881383564518,0.5279429740947672,0.0,10.265274759474934
22.424129486083984,-30.31948676849971,-19.982527816518687,0.5018575042230078,0.0,10.336958951981025
22.444064617156982,-30.417980777689646,-19.980026042186243,0.4566762298089453,0.0,10.437954735503403
22.464123249053955,-30.503495791139812,-19.977301163287137,0.41568398100556814,0.0,10.526194627852675
22.48431086540222,-30.62529063818961,-19.97434450655932,0.4583183973771521,0.0,10.650946131630292
22.505393743515015,-30.787605641897926,-19.971147501482932,0.38831839737715207,0.0,10.816458140414994
22.52658772468567,-30.99000179514907,-19.967701679908387,0.31831839737715206,0.07,11.022300115240682
22.543910026550293,-31.231117837756187,-19.96588284453791,0.31831839737715206,0.07,11.265234993218279
22.563793659210205,-31.502038762217452,-19.962048143455387,0.38831839737715207,0.025106884241104133,11.539990618762065
22.583425998687744,-31.788837830086447,-19.957943900930008,0.4583183973771521,0.06978147819638253,11.830893929156439
22.60309934616089,-32.07910698658787,-19.953562004179314,0.38831839737715207,0.09722756937146187,12.125544982408552
22.623688459396362,-32.364136385945606,-19.9464510583858,0.41081522804917775,0.13119409576058388,12.417685327559806
22.643522024154663,-32.6380144330219,-19.94134019255503,0.34081522804917774,0.09794088050723077,12.69667424046687
22.66363501548767,-32.89692894225835,-19.935924068305727,0.41081522804917775,0.02794088050723076,12.961004873952621
22.685254096984863,-33.12172512957877,-19.93019502306149,0.34081522804917774,0.06104761362075806,13.19153010651728
22.705406665802002,-33.33148384770639,-19.93019502306149,0.34081522804917774,0.06104761362075806,13.401288824644897
22.7276394367218,-33.525269665360625,-19.917768014025835,0.4692765961331316,0.043710097670555115,13.60750165133479
22.74314022064209,-33.6959047701276,-19.917768014025835,0.4692765961331316,0.043710097670555115,13.778136756101762
22.76389718055725,-33.834381032420765,-19.90757080223502,0.4313543814164587,0.0,13.926810230185744
22.783137798309326,-33.93760547272463,-19.90034143445991,0.5013543814164587,0.0004940803628414869,14.037264038264716
22.803085803985596,-34.013624218372804,-19.888832736463392,0.5115787312132307,0.0,14.124791481909412
22.823137283325195,-34.066426607016155,-19.880706963187684,0.4717894904059359,0.0,14.18571964382847
22.844435453414917,-34.10402811528614,-19.872210501893548,0.4479575399053284,0.0,14.231817613392593
22.86439347267151,-34.13239675393506,-19.86333656782274,0.4346794215706178,0.01258959248661995,14.269060186112323
22.885582447052002,-34.15360476962125,-19.854078471892777,0.3646794215706178,0.007965569384396076,14.299526297728477
22.908081531524658,-34.17201811030636,-19.844429620325027,0.3786337546003052,0.05692203063517809,14.327588489981334
22.9233500957489,-34.185267154264444,-19.844429620325027,0.3786337546003052,0.05692203063517809,14.340837533939418
22.944129943847656,-34.196896349745465,-19.8292094857918,0.37137999366270386,0.04878203757107258,14.367686863953665
22.962992429733276,-34.21867568439229,-19.81855551942357,0.44137999366270386,0.11878203757107259,14.400120164968719
22.983105182647705,-34.25851285538446,-19.801798096910677,0.47712963770376526,0.12964784976094962,14.456714758473783
23.003170251846313,-34.312159089694475,-19.790099870074844,0.40712963770376526,0.15131907228380442,14.522059219619631
23.02344512939453,-34.373982988266505,-19.777973305482796,0.4481957366620191,0.1175180158391595,14.59600968278371
23.04456400871277,-34.43985757007837,-19.76541246606913,0.44449733201647185,0.1060251171514392,14.674445104009237
23.06568455696106,-34.506809559571394,-19.752411507096944,0.4293224560492673,0.10700556559488178,14.75439805247445
23.086676359176636,-34.57042903469538,-19.73896467578593,0.4993224560492673,0.04604362992569805,14.83146435890945
23.10301637649536,-34.625424429896576,-19.73896467578593,0.4993224560492673,0.04604362992569805,14.886459754110646
23.123085260391235,-34.67317283610937,-19.725066310940452,0.5667465894692578,0.08764828292652965,14.948106525168921
23.143587112426758,-34.70748765129853,-19.703359978807004,0.6367465894692579,0.15764828292652966,15.004127672491524
23.16355037689209,-34.722302001480365,-19.680606769200615,0.7,0.17866583248600365,15.04169523227975
23.183477640151978,-34.71854858359687,-19.664847476937187,0.6910282986238598,0.13857755517587067,15.053701106659684
23.20353364944458,-34.701997278409365,-19.648609705914048,0.7,0.1638030510954559,15.053387572495318
23.223493576049805,-34.676993019109275,-19.631888336633327,0.6566673524677753,0.2169317555241287,15.045104682475948
23.244558095932007,-34.64446013986261,-19.614678338578386,0.7,0.2869317555241287,15.029781801284223
23.265614986419678,-34.6006063848977,-19.596974769841932,0.7,0.3569317555241287,15.00363161505577
23.286661386489868,-34.54772878423421,-19.578772776754075,0.7,0.4269317555241287,14.968956007480134
23.30299186706543,-34.48766063245401,-19.578772776754075,0.7,0.4269317555241287,14.908887855699934
23.32308554649353,-34.41491576204514,-19.56006759351043,0.7,0.3569317555241287,14.854848168534712
23.34394097328186,-34.351756808291434,-19.531056127130462,0.7,0.2869317555241287,14.820700681160972
23.363921642303467,-34.257283377339796,-19.500886554973064,0.692104947566986,0.2169317555241287,14.756396822366732
23.383182287216187,-34.106487791397434,-19.480122697355203,0.7,0.2869317555241287,14.626365094042232
23.403433799743652,-33.86958648290157,-19.480122697355203,0.7,0.2869317555241287,14.389463785546365
23.42536950111389,-33.53511072025959,-19.437013593060627,0.64027343345806,0.23494384890422226,14.098097127198962
23.44725275039673,-33.12777863647455,-19.414659938802636,0.6579831468872726,0.21103122537955643,13.713118697671916
23.463218450546265,-32.680577171980396,-19.414659938802636,0.6579831468872726,0.21103122537955643,13.26591723317776
23.483125686645508,-32.217469163174975,-19.380119085333742,0.6309951304458081,0.17617983078584076,12.837350077841233
23.50333023071289,-31.755517942432338,-19.344353904791504,0.6271915729623287,0.1940963741950691,12.411164037640834
23.523875951766968,-31.308861227461946,-19.319823843987212,0.6142509202938526,0.17090097708627583,11.989037383474734
23.544675827026367,-30.886915715163823,-19.319823843987212,0.6142509202938526,0.17090097708627583,11.567091871176611
23.563450574874878,-30.52057184860609,-19.294740121505257,0.6357410862576216,0.15652512745931746,11.225831727100832
23.58403778076172,-30.177501699603056,-19.269099079948212,0.5813723481725901,0.10398989530280234,10.908402619654844
23.60305118560791,-29.859638596558142,-19.216130822940528,0.5436019353102892,0.11069636080414058,10.643507773617614
23.624566793441772,-29.569977410601407,-19.18879670450064,0.4736019353102892,0.12981065582484008,10.381180706100768
23.643038272857666,-29.314487758234772,-19.18879670450064,0.4736019353102892,0.12981065582484008,10.125691053734133
23.66285538673401,-29.105680823424393,-19.16089146026333,0.5312581787537782,0.059810655824840075,9.944789363161064
23.683043956756592,-28.953332659668998,-19.103354683902186,0.5339441472850739,0.1131383615359664,9.849977975766812
23.704952478408813,-28.855796513196967,-19.073716898156963,0.4935574742220341,0.12283621046692134,9.782079615040004
23.72288179397583,-28.801218623845017,-19.073716898156963,0.4935574742220341,0.12283621046692134,9.727501725688054
23.743546962738037,-28.780233441539036,-19.043495478627705,0.5216310700587927,0.13639586947858334,9.73673796291133
23.763952255249023,-28.790083202471568,-19.01268749845584,0.5402078094147145,0.09114521898329259,9.777395704015728
23.783798694610596,-28.798635016389525,-18.965369519578875,0.5003786707483231,0.13239029578864575,9.83326549681065
23.803303956985474,-28.837781017498088,-18.91671611293824,0.5440233225189148,0.08967555098235608,9.921064904559849
23.825000286102295,-28.901778149615165,-18.88353420225931,0.6140233225189149,0.09404910419136286,10.018243947355856
23.845244884490967,-28.983666101335555,-18.849752278877457,0.588905534055084,0.05014937806874514,10.133913822458098
23.86680030822754,-29.075822517871455,-18.849752278877457,0.588905534055084,0.05014937806874514,10.226070238993998
23.88381266593933,-29.17731513266414,-18.815367886223726,0.6061750727705657,0.04716523311100901,10.361947246440415
23.903748989105225,-29.291883053266226,-18.78037864480903,0.6097447313833981,0.07836644298397005,10.511504408457196
23.923659324645996,-29.42177879229515,-18.74478225185227,0.6210694993380457,0.13229876331053675,10.676996540442879
23.943094968795776,-29.57047928597997,-18.69024440370884,0.5768961841706186,0.1950175868626684,10.880234882271132
23.96312141418457,-29.739903948853172,-18.65312055726969,0.6231043385807424,0.17864652111195028,11.08678339158348
23.98812198638916,-29.92620708923093,-18.596281772934216,0.6182382335420697,0.15555076806806029,11.329925316296716
24.003710985183716,-30.08796023225195,-18.596281772934216,0.6182382335420697,0.15555076806806029,11.491678459317736
24.023290634155273,-30.259761898740006,-18.557617739295424,0.5683248532470315,0.14726368377916516,11.702144159444583
24.043378114700317,-30.431698910176298,-18.498459796774345,0.5935423844959586,0.15365186746232212,11.933239113401953
24.063352823257446,-30.59688219981071,-18.45824401027188,0.5808666018303483,0.17938390786759556,12.138638189538831
24.083423376083374,-30.75070475035286,-18.417404543115804,0.5858578267972916,0.12652197892777622,12.333300207237055
24.102926015853882,-30.890266028847122,-18.375939802701378,0.5158578267972915,0.19652197892777623,12.514326226145744
24.12660312652588,-31.016243584274378,-18.31256699996917,0.4958991518896072,0.12730829055421056,12.703676584305207
24.143707513809204,-31.12946602647196,-18.31256699996917,0.4958991518896072,0.12730829055421056,12.816899026502789
24.16383647918701,-31.230845051266844,-18.269532585616496,0.4258991518896072,0.15294414955191316,12.961312465650348
24.183177947998047,-31.321326036741368,-18.225867894770538,0.4950296694319694,0.13062490719370545,13.09545814197083
24.20292901992798,-31.399536492589995,-18.159186335959472,0.4593740181904285,0.1846437809150666,13.240350156630523
24.223339319229126,-31.46744080716553,-18.113940562220197,0.3893740181904285,0.19490512284450234,13.353500244945334
24.243005752563477,-31.528435458179963,-18.068060384641534,0.3193740181904285,0.12490512284450234,13.46037507353843
24.26860761642456,-31.583023284594457,-17.998048397625183,0.3893740181904285,0.13862358073703945,13.584974886969274
24.283223628997803,-31.62940605160586,-17.998048397625183,0.3893740181904285,0.13862358073703945,13.631357653980675
24.303126096725464,-31.661918287820917,-17.950577897987763,0.4593740181904285,0.14012268179096282,13.711340389833154
24.323184728622437,-31.676990424077154,-17.87817626919975,0.3893740181904285,0.07012268179096282,13.798814154877405
24.342936038970947,-31.665653695237804,-17.829110154459723,0.37052654708735633,0.00012268179096280862,13.83654354077808
24.363081455230713,-31.62469092352073,-17.77940455228021,0.3815532992687075,0.0,13.845286371240523
24.383550882339478,-31.559597355679763,-17.754311751002852,0.3815532992687075,0.0,13.80528560467691
24.40330457687378,-31.47945854327695,-17.703645800284626,0.4515532992687075,0.0,13.775812742992326
24.42381525039673,-31.393297996483483,-17.62644508661809,0.5055535688903181,0.02210952900350094,13.766852909865392
24.443347692489624,-31.31849120997417,-17.574176136686297,0.44276061206124706,0.0,13.744315073287872
24.46306610107422,-31.24259280904354,-17.52126533550846,0.5127606120612471,0.07,13.72132747353508
24.483489513397217,-31.17256918456545,-17.494569152833623,0.5127606120612471,0.07,13.678000031731827
24.503025770187378,-31.113104226164328,-17.44069508356512,0.49015291116200377,0.036271296143531806,13.672409142599207
24.524068355560303,-31.071805695531637,-17.35867942332213,0.4729584333207457,0.007932789325714118,13.713126272209507
24.543885946273804,-31.065060761163103,-17.303199143177952,0.4302871701028197,0.0,13.76186161798515
24.563841104507446,-31.105657321242226,-17.24707630068932,0.41888828470371653,0.07,13.858581020552908
24.583064317703247,-31.198913571383112,-17.190310947870433,0.3488882847037165,0.08653404906392098,14.00860262351268
24.602957010269165,-31.33787019328198,-17.16168736381807,0.3488882847037165,0.08653404906392098,14.176182829463908
24.623680591583252,-31.507223559894896,-17.07485323831091,0.4049507930781691,0.05429569974541665,14.432370321583985
24.642939805984497,-31.693226620384443,-17.01616130349512,0.350269681951031,0.034802896603941924,14.677065316889323
24.663963794708252,-31.854719226385118,-16.956827701454934,0.420269681951031,0.10480289660394193,14.897891524930184
24.68292474746704,-32.02610414505648,-16.896852799869485,0.47212862490676333,0.11497902996838094,15.129251345186994
24.703519344329834,-32.199843239143355,-16.86662499361503,0.47212862490676333,0.11497902996838094,15.333218245528325
24.72299814224243,-32.3706386220246,-16.774980878493615,0.4021286249067633,0.1311353122442961,15.595657743530985
24.743748664855957,-32.53488806655556,-16.713084902659965,0.3659757740702479,0.06113531224429608,15.821803163895595
24.762904167175293,-32.68794570570083,-16.650549714450765,0.3242458879854529,0.07257325172424317,16.03739599125006
24.782869577407837,-32.826879570002525,-16.55554989986826,0.2542458879854529,0.10488588333129883,16.271329670134264
24.803302764892578,-32.95002540145405,-16.523564457247904,0.2542458879854529,0.10488588333129883,16.426460944206145
24.822893142700195,-33.05432698286616,-16.45911591644753,0.3242458879854529,0.1050804291520035,16.595211066418628
24.84353542327881,-33.13815816381248,-16.394031218914353,0.37897954805754114,0.10648068300390151,16.744126944898124
24.86292576789856,-33.19861259918409,-16.295213390767223,0.3763304121699183,0.11499825100356248,16.903399208416864
24.882863521575928,-33.251100683448755,-16.228542421588728,0.43790392502211023,0.04499825100356247,17.022558261860027
24.90315866470337,-33.277542836965004,-16.194969603348106,0.43790392502211023,0.04499825100356247,17.0825732336169
24.923592567443848,-33.2712990281817,-16.12734998817604,0.40327484830282617,0.019794164327322505,17.143949040005662
24.94326877593994,-33.23093500431016,-16.059099361477845,0.33327484830282617,0.052204052088200115,17.171835642832317
24.96414589881897,-33.16561918841918,-15.9555429199044,0.3877709838654845,0.12220405208820012,17.21007626851478
24.986369848251343,-33.08469373761206,-15.88572014764408,0.4577709838654845,0.052204052088200115,17.198973589967977
25.003380060195923,-32.99505892160956,-15.850573716665751,0.4577709838654845,0.052204052088200115,17.144485204943813
25.023359298706055,-32.901737067081164,-15.744196332823076,0.40747949405573297,0.05460630856396165,17.157540734258088
25.044695138931274,-32.808313755327916,-15.744196332823076,0.40747949405573297,0.05460630856396165,17.06411742250484
25.063472032546997,-32.71728213482805,-15.672498144341375,0.40040932566858817,0.04355810243578162,17.04478399048667
25.08332586288452,-32.630310864942196,-15.527236754516618,0.3818302896711974,0.07411039095313754,17.103074110425577
25.10540533065796,-32.55480018794533,-15.45367673695736,0.3834669549856334,0.05101496014685836,17.10112345098797
25.12342858314514,-32.482891656041346,-15.45367673695736,0.3834669549856334,0.05101496014685836,17.029214919083984
25.143229246139526,-32.41769659340951,-15.379499383772341,0.38061061775311816,0.06748434003384318,17.03819720963717
25.163238048553467,-32.36583182831939,-15.267079641558793,0.31061061775311816,0.0752265037590405,17.0987521867606
25.18914246559143,-32.32690926541865,-15.153280844061296,0.38061061775311816,0.037825084626092575,17.173628421357353
25.20414686203003,-32.30031825090882,-15.153280844061296,0.38061061775311816,0.037825084626092575,17.147037406847527
25.22332787513733,-32.28299329188321,-15.038109310351924,0.31061061775311816,0.0,17.244883981531284
25.243295431137085,-32.27256095106809,-14.960568896801442,0.3318079684488474,0.07,17.311992054266646
25.263259649276733,-32.26950737925674,-14.921571623569964,0.3318079684488474,0.07,17.347935755686773
25.28342890739441,-32.271659432516465,-14.843124227729106,0.37896116195246565,0.10531008586287499,17.42853520478736
25.303712129592896,-32.27968684199943,-14.724324956628166,0.362891271021217,0.10636614396236838,17.555361885371262
25.32428479194641,-32.28665644386203,-14.64437646726382,0.34549982590600836,0.03636614396236837,17.64227997659821
25.34331488609314,-32.29995113174435,-14.563831377880046,0.40734325466677535,0.05442740744911134,17.736119753864305
25.36329483985901,-32.317288720475545,-14.523335814878985,0.40734325466677535,0.05442740744911134,17.793952905596562
25.384560585021973,-32.33466115060328,-14.400960518903892,0.47734325466677535,0.12442740744911135,17.933700631699388
25.403579473495483,-32.35391628041686,-14.318639432294534,0.45411722822114814,0.1254259616183117,18.03527684812233
25.4234836101532,-32.373971629677804,-14.235731110887958,0.5241172282211481,0.19542596161831172,18.138240518789846
25.44320559501648,-32.394054239103525,-14.15223801756023,0.45411722822114814,0.26265271425712855,18.241816221543296
25.46396493911743,-32.41131015978413,-14.110272964178261,0.45411722822114814,0.26265271425712855,18.30103719560587
25.483376502990723,-32.42151524367036,-13.983507605695532,0.4456480480171739,0.19265271425712854,18.43800763797483
25.503420114517212,-32.4242376523538,-13.898275450844881,0.5156480480171739,0.2032899631233886,18.52596220150892
25.523839950561523,-32.41242560018673,-13.81246885070189,0.5234480203315615,0.21144191902596504,18.59995674948484
25.543277502059937,-32.402170074919255,-13.726090503845306,0.5383557920530437,0.2536056933971122,18.67607957107395
25.563369512557983,-32.36107825977469,-13.639143154878653,0.4685236607864498,0.3236056933971122,18.72193510489604
25.583726406097412,-32.27185495471536,-13.551629594058339,0.5385236607864499,0.3936056933971122,18.720225360657018
25.602986574172974,-32.133021144988874,-13.419303820630176,0.5648734418675303,0.3236056933971122,18.713717324358697
25.623467206954956,-31.95875510398467,-13.374915223915142,0.5648734418675303,0.3236056933971122,18.58383988006953
25.643006563186646,-31.764471291718177,-13.285720220022135,0.6348734418675304,0.2536056933971122,18.478751071696042
25.662968635559082,-31.552138464275824,-13.195970614391376,0.6038920073583722,0.3236056933971122,18.35616784988445
25.683387756347656,-31.30738532438509,-13.105669419964835,0.6143391676992178,0.2536056933971122,18.201715904420254
25.70390248298645,-31.01645158800091,-13.014819693105844,0.6106273990403861,0.3236056933971122,18.001631894895063
25.723238706588745,-30.680262108234416,-12.877523396151766,0.605875015007332,0.33128231995273383,17.80273871208265
25.74301242828369,-30.316866416850427,-12.785315991397937,0.5631682013440877,0.2636885964171961,17.53155042545249
25.76387882232666,-30.001356999658256,-12.739010525077644,0.5631682013440877,0.2636885964171961,17.26234647458061
25.783523082733154,-29.670217746933506,-12.645998087532291,0.549828435042873,0.3336885964171961,17.024219659401215
25.80299186706543,-29.336949456226833,-12.55245303767446,0.5296894970629364,0.33645540840458127,16.784496418552372
25.82306694984436,-29.01098562780822,-12.458378684585398,0.49582146734930577,0.3895081839663908,16.552606943222823
25.84337854385376,-28.698686077976593,-12.36377837816426,0.5636353927943856,0.4595081839663908,16.334907699812334
25.863534688949585,-28.404108090029155,-12.220899183382993,0.6336353927943856,0.3895081839663908,16.18320890664616
25.88357448577881,-28.129602723642023,-12.124998913952343,0.6443348828796298,0.3195081839663908,16.00460380968968
25.9039306640625,-27.87627396703551,-12.028584731908463,0.6516686895955355,0.3485250549716875,15.847689235127046
25.923527240753174,-27.64433052151593,-11.980186024943096,0.6516686895955355,0.3485250549716875,15.664144496572833
25.943770170211792,-27.424088346987016,-11.88300760294294,0.7,0.41096203051041813,15.541080744044077
25.96316695213318,-27.201563668757036,-11.785324163355131,0.7,0.3643295618100092,15.416239505401904
25.982986211776733,-27.008362061792933,-11.687139331390725,0.7,0.39134179077576847,15.321222730402209
26.002907752990723,-26.806310262215415,-11.538929995923963,0.6299999999999999,0.34546133897732945,15.267380266291452
26.02294397354126,-26.601119997718623,-11.43950779074329,0.667262164056301,0.2882131936354563,15.161612206975333
26.043389558792114,-26.39915758454534,-11.339597176994523,0.654345839396119,0.3582131936354563,15.059560407550816
26.065519094467163,-26.20012717548996,-11.23920194725158,0.6489282377250492,0.3776520899636671,14.96092522823838
26.083070516586304,-26.001429660133503,-11.188823796461755,0.6489282377250492,0.3776520899636671,14.812605863671749
26.103346586227417,-25.80820001813102,-11.087708832821559,0.7,0.40315448857378217,14.720491185309463
26.12305188179016,-25.6238608006122,-10.935147028099873,0.6957212242297828,0.33315448857378216,14.688713772512326
26.143610954284668,-25.450554938402455,-10.832851977920026,0.6820114062167704,0.37583627201151104,14.61770296048243
26.16556191444397,-25.28948008639823,-10.730091809711803,0.6630138375796377,0.43795787564944477,14.559388276686425
26.18628716468811,-25.141145765271936,-10.626870527484186,0.6442976885475218,0.36795787564944477,14.51427523778775
26.203743934631348,-25.01235812051503,-10.575088229155856,0.6442976885475218,0.36795787564944477,14.437269891359175
26.22302746772766,-24.893753381488402,-10.471182857552506,0.6496842622756958,0.3528690743772313,14.422570523935896
26.24372887611389,-24.785347304747525,-10.314480543605294,0.6725440181791782,0.3397928276611492,14.470866761142231
26.264019012451172,-24.68688204982638,-10.20945551856051,0.6655329952947795,0.3209173796279356,14.47742653126587
26.284985065460205,-24.5979165364816,-10.103989901164903,0.7,0.37548609502147884,14.493926635316695
26.306957244873047,-24.517894034330308,-9.998087893473496,0.7,0.4287819942040369,14.519806140856812
26.325238466262817,-24.446192157236712,-9.94497456508883,0.7,0.4287819942040369,14.501217592147883
26.34548258781433,-24.382159318784726,-9.784991673581265,0.7,0.4509364539338276,14.597167645203461
26.367541074752808,-24.32514082310593,-9.677806022532632,0.6626955911517143,0.3809364539338276,14.647334800573297
26.383421659469604,-24.274497069007246,-9.677806022532632,0.6626955911517143,0.3809364539338276,14.596691046474614
26.403428077697754,-24.22961579638311,-9.516242777431362,0.6726693769916892,0.40766312077175826,14.71337301895175
26.423688650131226,-24.190648729617532,-9.516242777431362,0.6726693769916892,0.40766312077175826,14.67440595218617
26.44311213493347,-24.15608766951982,-9.3537509142842,0.6219027636572718,0.34722696885000914,14.80233675523562
26.464059829711914,-24.12549778847292,-9.135676319037918,0.6233635335694998,0.41722696885000915,14.989821469435002
26.483327865600586,-24.098472403723814,-9.026040999911375,0.6933635335694999,0.37145837261807174,15.07243140381244
26.50403332710266,-24.074635099471845,-8.916012993500807,0.6655074630212039,0.42541459440719337,15.158622105971038
26.525850296020508,-24.05132405506329,-8.805596830171375,0.6703466761205346,0.3658166030002758,15.245727224891915
26.547515392303467,-24.024360204370872,-8.694797067903078,0.6507906641159207,0.37764175567310304,15.329563136467794
26.563188552856445,-23.99556981535776,-8.694797067903078,0.6507906641159207,0.37764175567310304,15.300772747454683
26.583860158920288,-23.96626951622532,-8.583618291918905,0.5807906641159206,0.4219712685374543,15.382651224306416
26.603588104248047,-23.9373872497762,-8.360142173678057,0.6507906641159207,0.4670731421140954,15.577245076098144
26.623780488967896,-23.90955652970965,-8.24785413473483,0.6735154900047928,0.3970731421140954,15.66170239497482
26.64448857307434,-23.885393187995845,-8.24785413473483,0.6735154900047928,0.3970731421140954,15.637539053261015
26.666669607162476,-23.862210438651598,-8.022201549208905,0.7,0.4037434997735545,15.840008889442693
26.683076858520508,-23.840319768468095,-8.022201549208905,0.7,0.4037434997735545,15.81811821925919
26.70380663871765,-23.819903477464123,-7.908846459355605,0.6536889567971229,0.4140387828228995,15.911057018108519
26.723477363586426,-23.801049330557568,-7.795145183908847,0.6267775360494852,0.3566263708053157,16.00590414664872
26.743034601211548,-23.783777117400675,-7.681102512646188,0.6967775360494852,0.42142901744227856,16.102674604754487
26.763725519180298,-23.768058891802596,-7.566723259240893,0.7,0.42617082165088505,16.2013356325617
26.78330111503601,-23.753834287709218,-7.394533875324791,0.6299999999999999,0.4190981414867565,16.359300412384428
26.80299162864685,-23.741022011804937,-7.221614493527005,0.5599999999999998,0.4890981414867565,16.51940751827793
26.823006868362427,-23.727212029500535,-7.105937513180605,0.5767855489999054,0.5314085991634057,16.62127451631993
26.84377145767212,-23.713073020477164,-7.105937513180605,0.5767855489999054,0.5314085991634057,16.60713550729656
26.86471652984619,-23.70079717185703,-6.873651996651006,0.5399587822705505,0.39140859916340565,16.827145175206024
26.885888814926147,-23.688419902826855,-6.757053380234419,0.4864141715317962,0.46140859916340565,16.931366522592434
26.903011083602905,-23.676298390775468,-6.757053380234419,0.4864141715317962,0.46140859916340565,16.919245010541047
26.92319893836975,-23.657724939424924,-6.640157506676264,0.43758424349129177,0.39140859916340565,17.01756743274866
26.94340467453003,-23.61199611782958,-6.522969387974772,0.5075842434912918,0.4336177177680657,17.089026729854808
26.963603496551514,-23.530080101190933,-6.346650263586573,0.5775842434912919,0.44818970486056064,17.183429837604358
26.983062267303467,-23.404340922398777,-6.169701981409039,0.5827506423182784,0.41836481838952755,17.23463894098974
27.00336766242981,-23.228313394871172,-6.169701981409039,0.5827506423182784,0.41836481838952755,17.05861141346213
27.02524709701538,-22.998832270652684,-5.932821928784886,0.6347483877278863,0.398567787851207,17.0660103418678
27.046550512313843,-22.729005882839978,-5.932821928784886,0.6347483877278863,0.398567787851207,16.796183954055092
27.063026905059814,-22.43826771047825,-5.813986695037446,0.6274815961904823,0.40702374606858943,16.624281015440804
27.083019733428955,-22.185841406335765,-5.694894844249577,0.6974815961904823,0.4364349446399138,16.490946562086187
27.10306668281555,-21.921504033555337,-5.575551539418001,0.6349067849107086,0.4786549299163744,16.345952494137336
27.12360429763794,-21.65586004903429,-5.396076442133552,0.6811971974559128,0.5486549299163744,16.259783606900736
27.143306732177734,-21.39630953656455,-5.216064786414556,0.6960396843962371,0.4786549299163744,16.180244750149996
27.164262056350708,-21.1478318566826,-5.0957676338203015,0.6663626044057309,0.49059762667398904,16.0520642228623
27.186426162719727,-20.913593752419498,-4.975245092745341,0.5963626044057309,0.5477037788508461,15.938348659674157
27.203755617141724,-20.6977358470771,-4.975245092745341,0.5963626044057309,0.5477037788508461,15.72249075433176
27.222981214523315,-20.5003333802741,-4.854502423814733,0.553971218522638,0.48069044064264754,15.645830956459367
27.243553161621094,-20.32095222085486,-4.672987225054705,0.4844957763515412,0.47258606042247275,15.647964995800155
27.26306390762329,-20.15881588017534,-4.55171734904283,0.5469266461394726,0.4500715774623678,15.60709853113251
27.284693479537964,-20.015246887141586,-4.369436198165335,0.5369849918596445,0.42774922634940604,15.645810688976251
27.306094646453857,-19.890596621899224,-4.247672310253879,0.6069849918596446,0.49774922634940605,15.642924311645345
27.327335834503174,-19.780133613128648,-4.125720159583208,0.5468917752616107,0.5101992126507686,15.65441345354544
27.343857526779175,-19.68243603584769,-4.125720159583208,0.5468917752616107,0.5101992126507686,15.556715876264482
27.36299157142639,-19.596179886665322,-4.003585103755842,0.5155436175875365,0.4403847765130924,15.59259478290948
27.382994890213013,-19.52014400112157,-3.8812725127405727,0.4455436175875365,0.43339114514645205,15.638871488380996
27.40300989151001,-19.453210828324497,-3.6974825239728375,0.5155436175875365,0.36339114514645204,15.75572830435166
27.423064708709717,-19.39204789018915,-3.5747496663987874,0.5472132529132068,0.34580789042171106,15.817298223790363
27.442967653274536,-19.336504786833782,-3.4518581605422796,0.47721325291320676,0.41580789042171107,15.884646626291502
27.465044021606445,-19.286328943296045,-3.267235297529222,0.5472132529132068,0.3641924808686601,16.019093645766823
27.486337423324585,-19.238887124304835,-3.143970910379629,0.47721325291320676,0.4341924808686601,16.094916213925206
27.507232189178467,-19.194594629344206,-3.143970910379629,0.47721325291320676,0.4341924808686601,16.050623718964577
27.522993326187134,-19.156138754378286,-3.020566892837664,0.40721325291320676,0.4636151347076522,16.135571861540623
27.543270111083984,-19.120268544735527,-2.897028700413145,0.47571576101705426,0.40421858464833366,16.223239844322382
27.563220024108887,-19.08713964317595,-2.7114817899029084,0.5457157610170542,0.33421858464833365,16.37565785327304
27.58337950706482,-19.056787909230664,-2.5876320863992497,0.5873812778107821,0.3790122053539382,16.469155822831414
27.603411436080933,-19.029165058270614,-2.463667370881211,0.6573812778107821,0.4490122053539382,16.565497687389403
27.62296485900879,-19.00416563331647,-2.339593136515237,0.7,0.5190122053539382,16.664572496801235
27.645074605941772,-18.98164724590106,-2.2775166683974533,0.7,0.5190122053539382,16.704130577503605
27.666672468185425,-18.961445608301585,-2.028964519818995,0.6137422405183315,0.5995603940030562,16.93248108848259
27.683164834976196,-18.943385551786474,-2.028964519818995,0.6137422405183315,0.5995603940030562,16.91442103196748
27.70321798324585,-18.92728896644176,-1.9045503308637137,0.640548026934266,0.6695603940030561,17.022738635578047
27.72392249107361,-18.912980393533623,-1.7800514278388455,0.7,0.6551655500521885,17.132928965694777
27.743412733078003,-18.900557325219555,-1.5931563304880534,0.6520001001656055,0.6398472699662672,17.307400994731502
27.76296043395996,-18.891821162980225,-1.4684698429961571,0.7,0.6411820602230729,17.423351319984068
27.78326725959778,-18.885876094156778,-1.3437180151800519,0.7,0.6546762714721264,17.542158078976726
27.806150197982788,-18.879709997757327,-1.156479893076444,0.7,0.6120962517894806,17.723230104680884
27.82303476333618,-18.86197114632493,-1.156479893076444,0.7,0.6120962517894806,17.705491253248486
27.84321093559265,-18.82276350282362,-1.0315889863440724,0.7,0.5702278258837761,17.791174516479547
27.86330485343933,-18.76041197754582,-0.9066521665657348,0.7,0.5561718408577145,17.853759810980087
27.88305425643921,-18.67899573668426,-0.7191730093607305,0.7,0.5513665269687773,17.95982272732353
27.90294599533081,-18.584166885864484,-0.5941457301166047,0.7,0.5487709488812835,17.99002115574788
27.923872709274292,-18.477888406840165,-0.4690920026916636,0.7,0.6187709488812836,18.0087964041485
27.94385027885437,-18.364141850131027,-0.3440173931481567,0.6495512396097183,0.6780317493621262,18.02012445698287
27.9637770652771,-18.26538418550865,-0.21892746894302917,0.6292851947247982,0.6922296157944949,18.046456716565622
27.982961416244507,-18.162461965439146,-0.09382779855601342,0.6980181418359279,0.6441949441004546,18.068634166883133
28.007031440734863,-18.05935963085259,0.09382779855600987,0.7,0.6735532118845733,18.1531874294086
28.023751735687256,-17.95884944332241,0.09382779855600987,0.7,0.6735532118845733,18.05267724187842
28.04412865638733,-17.862788645710143,0.21892746894302917,0.7,0.7,18.081716114653172
28.062923192977905,-17.772349979353248,0.4065569602469985,0.7,0.7,18.178906939600246
28.08315396308899,-17.688199836756358,0.5316218245848958,0.6879859164357185,0.6530908018350601,18.219821661341253
28.10317039489746,-17.610635347732938,0.6566630235755078,0.6778072126209735,0.680863744392991,18.267298371308446
28.12301516532898,-17.53968932863486,0.7816749919934161,0.7,0.650308334082365,18.321364320628277
28.14694309234619,-17.475210143986022,0.9691259682624604,0.6334562867879867,0.7,18.444336112248482
28.16300082206726,-17.416922038018136,0.9691259682624604,0.6334562867879867,0.7,18.386048006280596
28.183738470077515,-17.366314816250803,1.0940405261162525,0.6084494393318891,0.6299999999999999,18.460355342367055
28.2033429145813,-17.320531828949477,1.2189063929254544,0.5646997306495904,0.6713833521306514,18.53943822187493
28.222936391830444,-17.27930626623993,1.3437180151800447,0.5611210302915424,0.6761302078329026,18.623024281419976
28.242988348007202,-17.242332696765416,1.5308216007341322,0.5375681766774505,0.6112881774269043,18.77315429749955
28.263962745666504,-17.20928691305439,1.6554733397078856,0.5660042209085077,0.6753209928236901,18.864760252762277
28.283156633377075,-17.179840210567004,1.7800514278388526,0.5254178462084382,0.6420915449224411,18.959891638405857
28.303446769714355,-17.149036727992684,1.842311123178341,0.5254178462084382,0.6420915449224411,18.991347851171025
28.32309889793396,-17.108837282702968,1.9667683599430674,0.45594597286544736,0.5720915449224411,19.075605642646035
28.34298539161682,-17.04927294924218,2.1532884714129423,0.5259459728654474,0.6420915449224411,19.202561420655123
28.363367080688477,-16.9523481262804,2.277516668397457,0.5338962452765554,0.5720915449224411,19.229864794677855
28.382999897003174,-16.80423170504568,2.4016435999400265,0.6038962452765555,0.5563513179682193,19.205875304985707
28.40377640724182,-16.67563324653789,2.5256637619956415,0.5499072707351298,0.6263513179682194,19.20129700853353
28.423182249069214,-16.49891164081707,2.6495716576786705,0.5315828899946065,0.6963513179682195,19.14848329849574
28.443344593048096,-16.286473073945107,2.711481789902912,0.5315828899946065,0.6963513179682195,18.99795486384802
28.463132858276367,-16.05482500087805,2.8970287004131343,0.5709385107364506,0.6476862563751637,18.951853701291185
28.483583688735962,-15.81593944118936,3.0205668928376603,0.5235573033895344,0.6406296196393668,18.83650633402702
28.503180265426636,-15.578322668513104,3.1439709103796254,0.500101936897263,0.6351506829261779,18.72229357889273
28.523016929626465,-15.347849535258025,3.2672352975292256,0.508549532769248,0.6317235220223665,18.61508483278725
28.543007373809814,-15.128412329048839,3.3903546081675806,0.48631271990947433,0.627973965415731,18.51876693721642
28.56329107284546,-14.922423705993214,3.4518581605422654,0.48631271990947433,0.627973965415731,18.37428186653548
28.583752870559692,-14.731205013815522,3.636136264621193,0.4428592016082258,0.557973965415731,18.367341278436715
28.603249549865723,-14.555284774820596,3.7587877685005147,0.49660141664557167,0.5381567584071307,18.31407254332111
28.623865842819214,-14.402546331868212,3.8812725127405727,0.42660141664557166,0.568588652992621,18.283818844608785
28.643404960632324,-14.262015485378354,4.003585103755839,0.4212994945514948,0.6079627884272485,18.265600589134195
28.663477897644043,-14.13135112387204,4.125720159583203,0.4266105538513512,0.6645639216247945,18.257071283455243
28.682984828948975,-14.004034430811476,4.247672310253876,0.4592577984835953,0.6549640357214956,18.25170674106535
28.70295214653015,-13.866183944052692,4.308578121411443,0.4592577984835953,0.6549640357214956,18.174762065464137
28.72370219230652,-13.71075183681846,4.4302458728084915,0.5076730421092361,0.6902826077956705,18.14099770962695
28.743310928344727,-13.528673492162149,4.612377819363267,0.5776730421092362,0.7,18.141051311525416
28.76383662223816,-13.318987759517377,4.733544902623205,0.5238049606885762,0.7,18.05253266214058
28.783591747283936,-13.095652720797592,4.854502423814743,0.5346822803001852,0.7,17.950155144612335
28.803096055984497,-12.86872311248147,4.975245092745332,0.46468228030018516,0.6806859791278839,17.8439682052268
28.82373547554016,-12.645277492205146,5.0957676338203015,0.40756553712300964,0.667075047083199,17.741045126025448
28.843307495117188,-12.451276299843647,5.216064786414542,0.3773680825065822,0.625420113839209,17.66734108625819
28.863863706588745,-12.26402022719531,5.3361313052446455,0.3937652606796474,0.6066786048933863,17.600151532439956
28.88331961631775,-12.086384296563914,5.4559619607406304,0.3470023434888572,0.5366786048933863,17.542346257304544
28.903041124343872,-11.920111904342221,5.575551539417994,0.41682460273616023,0.49103498842567195,17.495663443760215
28.923589944839478,-11.766114494690115,5.694894844249575,0.47829548756591983,0.5356249512359499,17.46100933893969
28.943424701690674,-11.622385284933847,5.813986695037443,0.4082954875659198,0.60562495123595,17.43637197997129
28.96299910545349,-11.482627089625414,5.93282192878489,0.3776063113939018,0.67562495123595,17.415449018410303
28.98297643661499,-11.335412307103878,5.992141705626949,0.3776063113939018,0.67562495123595,17.32755401273083
29.003589391708374,-11.184581806935773,6.110582371737749,0.31571797053329653,0.697880791015923,17.295164178673524
29.022971868515015,-11.035215021875466,6.287736563645453,0.38571797053329654,0.6842051599919796,17.32295158552092
29.043804168701172,-10.88616875425962,6.405494056304704,0.33316258455626674,0.6175561030209065,17.291662810564326
29.063717365264893,-10.756762979383623,6.522969387974776,0.27413690949790187,0.5699555543065071,17.2797323673584
29.083817720413208,-10.608072679943453,6.64015750667625,0.2752025853656233,0.6399555543065072,17.2482301866197
29.103802919387817,-10.424426615354948,6.757053380234428,0.2052025853656233,0.5699555543065071,17.181479995589378
29.12384057044983,-10.193544756065902,6.873651996650992,0.2752025853656233,0.6223947894573212,17.067196752716896
29.143794059753418,-9.912775224450495,6.989948364476213,0.28053144829347737,0.5713537116348744,16.90272358892671
29.16383385658264,-9.576958166356075,7.10593751318061,0.3505314482934774,0.508063994795084,16.682895679536685
29.183088541030884,-9.179327723636165,7.22161449352701,0.3165648064203561,0.46787927716970446,16.400942217163177
29.203442811965942,-8.716813548848696,7.279334379842972,0.3165648064203561,0.46787927716970446,15.996147928691668
29.22296977043152,-8.198258434964409,7.452012260890008,0.25951553197577604,0.4570240978896618,15.650270695854417
29.24353051185608,-7.649812150552062,7.566723259240888,0.18951553197577603,0.4263530080020428,15.21653540979295
29.26353120803833,-7.097374635853036,7.681102512646177,0.25951553197577604,0.4963530080020428,14.778477148499213
29.28356957435608,-6.6177342811918045,7.795145183908847,0.27179953610524543,0.4689118528366089,14.412879465100652
29.30362343788147,-6.135655624847918,7.908846459355612,0.3086515606008471,0.4681528190011159,14.044502084203529
29.323540210723877,-5.664588503655798,8.022201549208905,0.3050514540262521,0.5381528190011159,13.686790052864703
29.34359383583069,-5.211268355076484,8.13520568795878,0.3329817900992931,0.5321581484423951,13.346474043035265
29.363444328308105,-4.782222110630451,8.247854134734823,0.33718018807470806,0.5624889591382817,13.030076245365274
29.383087158203125,-4.381343513022429,8.41614957343701,0.33650182283949115,0.5107628153311089,12.79749308645944
29.40401315689087,-4.010594724375176,8.472065114312848,0.33650182283949115,0.5107628153311089,12.482659838688024
29.423128366470337,-3.6705445561756838,8.583618291918906,0.32001813038717963,0.4407628153311089,12.254162848094591
29.443060636520386,-3.3607790348679107,8.694797067903078,0.31165016725193717,0.4568988804565743,12.055576102770988
29.463330030441284,-3.082528821956217,8.805596830171368,0.3273229385120795,0.5029301692591981,11.888125652127584
29.483332872390747,-2.8335017801426243,8.916012993500818,0.2897654520673678,0.43959663555491724,11.749514773643442
29.503430604934692,-2.61729014447776,9.026040999911377,0.26416461824905135,0.4699729227321223,11.643331144389137
29.52357006072998,-2.4259315480137884,9.135676319037923,0.25621704574208715,0.46564485997427263,11.561607867051713
29.543670415878296,-2.2568786215591636,9.24491444850208,0.2963444460509346,0.43660449542570867,11.501793070061243
29.563032388687134,-2.1100904968591347,9.408017133009213,0.2782703042356298,0.44127350187394776,11.518107629868348
29.58372211456299,-1.9803193049708625,9.462181271095233,0.2782703042356298,0.44127350187394776,11.442500576066095
29.60371732711792,-1.8657878474816667,9.570201102748761,0.2791370337689296,0.4473787944624201,11.435988950230428
29.623058319091797,-1.7648600755818313,9.677806022532629,0.22383529300335803,0.43722315391991295,11.44266609811446
29.643078327178955,-1.6760410981054144,9.784991673581239,0.24843332710210242,0.47832642009947457,11.461032771686654
29.663236141204834,-1.5956571188363746,9.891753729247263,0.31215709241572775,0.45840280017349877,11.487410848083638
29.683364152908325,-1.5209340873561203,9.998087893473482,0.25036188381258406,0.4976290043303744,11.519021980829603
29.70345425605774,-1.4521123569526355,10.103989901164894,0.2729465493792669,0.5083546096319334,11.55610225811753
29.723631620407104,-1.3923595735141117,10.262023366506515,0.2475529478723184,0.49492705872748055,11.654382940020627
29.742974042892456,-1.3373244520095875,10.36682652961506,0.3082482607895509,0.5342047165939585,11.704150981624649
29.763492345809937,-1.287016570916229,10.419060806322122,0.3082482607895509,0.5342047165939585,11.706077377238351
29.783053636550903,-1.241317997337974,10.523192169183627,0.3195487538212911,0.5010238390276209,11.764510166521601
29.803561449050903,-1.2000253395839018,10.626870527484176,0.3332245739037172,0.5102482519904152,11.826895867068078
29.823647022247314,-1.1628812083234463,10.730091809711787,0.3326767844590359,0.48935066236648717,11.892973018035233
29.84371519088745,-1.1295974919910108,10.832851977920033,0.29343134662834935,0.4320044003287331,11.962449469911043
29.86374807357788,-1.0998723331076359,10.935147028099863,0.33413766822544866,0.49141672699246564,12.035019361207498
29.88296627998352,-1.075718630057963,11.087708832821544,0.40413766822544867,0.4640078235277907,12.163427462879508
29.903249740600586,-1.0560713194466889,11.188823796461751,0.37660385018913084,0.5086000215122477,12.24489511590844
29.92378306388855,-1.04007186359414,11.289459900669225,0.30660385018913083,0.5035036935331301,12.329531764263365
29.943451642990112,-1.0261807275374508,11.339597176994513,0.30660385018913083,0.5035036935331301,12.365777904531964
29.963688611984253,-1.017283509311501,11.439507790743313,0.3263729469361716,0.5325672312499956,12.456791300054814
29.983026027679443,-1.0120894538957725,11.53892999592398,0.3963729469361716,0.6025672312499957,12.551019449819751
30.00349736213684,-1.0096044316571535,11.637860036503518,0.3741641147318297,0.6725672312499957,12.647464468160672
30.022982597351074,-1.0113828914151888,11.785324163355138,0.41994081347016626,0.7,12.796707054770327
30.042972326278687,-1.0160758111923371,11.883007602942968,0.37740203275112444,0.7,12.899083414135305
30.063568592071533,-1.024985724530136,11.980186024943112,0.37284675010247165,0.7,13.005171749473249
30.08489227294922,-1.0365898592279807,11.980186024943112,0.37284675010247165,0.7,13.016775884171093
30.10378623008728,-1.0497595216059399,12.124998913952354,0.32567862936062747,0.6759906698018312,13.174758435558294
30.123350858688354,-1.065985831896618,12.220899183383011,0.2924200310627931,0.6059906698018311,13.28688501527963
30.143735647201538,-1.0862239353938654,12.31628205036727,0.25921984159154826,0.5565855122357606,13.402505985761136
30.162986993789673,-1.103795173553495,12.45837868458539,0.18921984159154825,0.4865855122357606,13.562173858138886
30.183263540267944,-1.123970976439104,12.55245303767446,0.24254546114010744,0.5565855122357606,13.676424014113564
30.20387887954712,-1.1454241278574226,12.645998087532277,0.28690156885189944,0.5525857709534465,13.7914222153897
30.22536611557007,-1.1671991050360317,12.739010525077646,0.3441763835470193,0.578959954548627,13.906209630113677
30.242990016937256,-1.1863073907937185,12.785315991397937,0.3441763835470193,0.578959954548627,13.971623382191655
30.26339554786682,-1.2007434999658086,12.877523396151751,0.3183595238695853,0.6489599545486271,14.07826689611756
30.283952474594116,-1.2092375965318816,12.96919009690923,0.38835952386958533,0.6528383631259203,14.178427693441112
30.303764820098877,-1.2041152341076986,13.105669419964855,0.39177746817236775,0.6470118028111755,14.309784654072553
30.3247709274292,-1.1873537970447983,13.19597061439137,0.3598143395758235,0.6377215350978076,14.383324411436169
30.345733165740967,-1.1652661805502538,13.19597061439137,0.3598143395758235,0.6377215350978076,14.361236794941625
30.363220930099487,-1.1400612208686816,13.330387233788407,0.3583931452850812,0.7,14.470448454657088
30.383944511413574,-1.118177631359961,13.419303820630176,0.34929876916809016,0.6645914062857627,14.537481451990137
30.40332007408142,-1.0943553985400138,13.507661368549869,0.3086999259213918,0.7,14.602016767089882
30.42296004295349,-1.0721308025242828,13.639143154878646,0.27410350882215434,0.6964963747188448,14.711273957402929
30.443697929382324,-1.053917968709927,13.726090503845299,0.2319571129302495,0.7,14.780008472555226
30.46553134918213,-1.038971623690481,13.81246885070189,0.3019571129302495,0.7,14.851440474392371
30.486913681030273,-1.0266880271814138,13.898275450844892,0.23775870837969715,0.7,14.924963478026307
30.503113269805908,-1.0188940046293873,13.940963500784925,0.23775870837969715,0.7,14.959857505414313
30.523767232894897,-1.0144237629006778,14.025907435506788,0.23501583673758442,0.6577418304979801,15.040331198407467
30.54298973083496,-1.0100636189304093,14.152238017560215,0.2542062804172748,0.6980325810611248,15.162301636490625
30.56320834159851,-1.0058948578390903,14.23573111088794,0.3242062804172748,0.7,15.24162596872703
30.5835964679718,-0.9996525467206697,14.318639432294518,0.2542062804172748,0.7,15.318291979015187
30.605201244354248,-0.994232812833886,14.4009605189039,0.2375988356838935,0.7,15.395193331737786
30.626637935638428,-0.9781635601200466,14.482691956096254,0.3075988356838935,0.7,15.4608555162163
30.643206357955933,-0.9365900788683683,14.482691956096254,0.3075988356838935,0.7,15.419282034964622
30.66304922103882,-0.8668157839810823,14.604178357009651,0.3379360576043838,0.6882131079211831,15.470994140990733
30.683305978775024,-0.7723436058505678,14.684425426735864,0.3210499816457742,0.7,15.45676903258643
30.703609228134155,-0.6516248252780015,14.803674628097653,0.3554531716625207,0.638279740512371,15.455299453375655
30.72377872467041,-0.5019591105588046,14.88242331391264,0.2854531716625207,0.7,15.384382424471443
30.744215726852417,-0.3361318460290315,14.960568896801412,0.29176046532345945,0.6891314655542373,15.296700742830444
30.76553440093994,-0.16344944530243705,15.038109310351956,0.2683559937472456,0.690577119635418,15.201558755654393
30.786842107772827,0.00944337251203018,15.115042539383666,0.2771172311226838,0.7,15.105599166871636
30.80364155769348,0.1756094219877186,15.115042539383666,0.2771172311226838,0.7,14.939433117395946
30.823344707489014,0.3198790285632177,15.229299630836039,0.31356240548891956,0.653475959599018,14.90942060227282
30.84317421913147,0.4602988051629224,15.304706421719992,0.2907361920992845,0.7,14.844407616557069
30.863113403320312,0.5943438169282383,15.416665120648716,0.25861067809863025,0.6767067991197109,14.822321303720477
30.88341760635376,0.7181119516978446,15.49053401852128,0.2044433478335851,0.6832213125191628,14.772422066823436
30.90378475189209,0.833796420918145,15.563784737484063,0.25064724796218807,0.6503747834824025,14.729988316565919
30.9263756275177,0.9408172823901981,15.636415631391635,0.2540319514996373,0.6698449498973786,14.695598349001438
30.942977905273438,1.0366836999926101,15.636415631391635,0.2540319514996373,0.6698449498973786,14.599731931399026
30.96293544769287,1.1222759099809185,15.708425108305697,0.18579983241623277,0.6966908111236989,14.586149198324778
30.98302674293518,1.2007924309618372,15.815270818855247,0.24705084316199655,0.7,14.61447838789341
31.0031521320343,1.2723250222963862,15.920709938617144,0.17705084316199654,0.7,14.648384916320758
31.023458242416382,1.3371214789643777,15.990218925329444,0.18619628090178603,0.7,14.653097446365067
31.043501615524292,1.3933794169756275,16.059099361477855,0.17805821195011967,0.6876351151615381,14.665719944502229
31.064619302749634,1.4629068074096547,16.059099361477855,0.17805821195011967,0.6876351151615381,14.596192554068201
31.08600878715515,1.560665645515897,16.127349988176043,0.12707916393643254,0.663121885433793,14.566684342660146
31.10722279548645,1.693987855424928,16.194969603348106,0.14203167546307677,0.6001995269209146,14.500981747923179
31.12385320663452,1.8670287792296871,16.261957062100407,0.10912723306333655,0.5799742721021175,14.39492828287072
31.142983436584473,2.081627853722077,16.328311277093583,0.13478270198917025,0.5338444307446479,14.246683423371506
31.16371774673462,2.344916499297061,16.426653031624156,0.10267497997498148,0.5169291876256465,14.081736532327096
31.18297004699707,2.658248504406075,16.5235644572479,0.07508901718771094,0.5506022505462169,13.865315952841826
31.203234910964966,3.0189289484990915,16.5235644572479,0.07508901718771094,0.5506022505462169,13.504635508748809
31.224650621414185,3.4215217813520478,16.65054971445077,0.02219691525911921,0.5355238488875329,13.22902793309872
31.246087789535522,3.8495648919164807,16.65054971445077,0.02219691525911921,0.5355238488875329,12.800984822534287
31.263527154922485,4.221202848968104,16.713084902659944,0.04396709639346236,0.4655238488875329,12.491882053691839
31.28312587738037,4.608986147250794,16.77498087849358,0.11396709639346236,0.4516691282577812,12.165994731242787
31.30303692817688,5.009345436300647,16.8968527998695,0.04396709639346236,0.4464648688398301,11.887507363568853
31.32325577735901,5.426419120507485,16.95682770145492,0.0,0.45696820842102165,11.530408580947434
31.344018936157227,5.87190654077913,17.016161303495096,0.04581001400947571,0.5053435988910495,11.144254762715967
31.36545467376709,6.346235945047493,17.07485323831088,0.025566354393959045,0.46644307451322664,10.728617293263387
31.387373447418213,6.835046570014183,17.132903200612333,0.03137555764988065,0.43454292939975847,10.297856630598151
31.403564929962158,7.323349363403216,17.132903200612333,0.03137555764988065,0.43454292939975847,9.809553837209116
31.42348837852478,7.810011999098744,17.190310947870415,0.03170214334386401,0.442821325380355,9.38029894877167
31.443352460861206,8.308189300232716,17.303199143177977,0.06699519717949443,0.4273582479171454,8.995009842945262
31.46534037590027,8.829031229746393,17.35867942332213,0.11368772501009516,0.3908798178844153,8.529648193575737
31.4860737323761,9.28123949067611,17.35867942332213,0.11368772501009516,0.3908798178844153,8.07743993264602
31.50350284576416,9.758405678824332,17.413517153356366,0.1015447138051968,0.39606443943455805,7.655111474532035
31.523372173309326,10.242647838557183,17.467712410135903,0.15816343782353215,0.38852302089333524,7.22506457157872
31.543071031570435,10.719042678967693,17.547800986107475,0.1648193534638267,0.3775236579775809,6.828758307139783
31.562861442565918,11.177431589582765,17.600390823420682,0.17167222799616866,0.43512407794594754,6.422959233837917
31.58412790298462,11.611233142789665,17.678072524360786,0.15121862778323703,0.37356722086668004,6.066839381571121
31.60711908340454,12.016524004992492,17.72905885545174,0.1396351169969421,0.3403446051478385,5.712534850459248
31.623035192489624,12.38901415362312,17.72905885545174,0.1396351169969421,0.3403446051478385,5.340044701828619
31.643384218215942,12.726588282304418,17.779404552280198,0.10916373060899787,0.35076273895800103,5.05281626997578
31.663309812545776,13.024064652461895,17.85372310715843,0.0745182216342073,0.376104011312127,4.829658454696535
31.68330979347229,13.269635509743589,17.902469727107686,0.10508051441865973,0.3867572444677352,4.632834217364097
31.703409671783447,13.482846397757278,17.950577897987756,0.10701558770961128,0.365281754285097,4.467731500230478
31.72311496734619,13.630000779476216,17.99804839762517,0.11408725692308508,0.4279275994002818,4.368047618148953
31.745089530944824,13.70654823412735,18.021544782627785,0.11408725692308508,0.4279275994002818,4.314996548500435
31.76656484603882,13.73203609933517,18.113940562220193,0.13646791069186293,0.45820360455662,4.381904462885023
31.78323721885681,13.721387243229003,18.113940562220193,0.13646791069186293,0.45820360455662,4.39255331899119
31.80333137512207,13.685919177346864,18.159186335959454,0.15353186181164347,0.4303708692267536,4.47326715861259
31.823589086532593,13.634146931299222,18.203798796654453,0.20878949514008127,0.4743910973146557,4.569651865355231
31.84304165840149,13.572414572907611,18.26953258561648,0.15280112749314867,0.44545341853052367,4.69711801270887
31.8637638092041,13.503074717114034,18.312566999969206,0.18632915741181932,0.41511210065335025,4.809492282855173
31.883059978485107,13.43027828707464,18.354972477250513,0.2099882060138043,0.44961733382195224,4.924694190175872
31.90694236755371,13.356999530406265,18.37593980270134,0.2099882060138043,0.44961733382195224,5.018940272295074
31.923340797424316,13.293377042971278,18.41740454311578,0.19399600601173006,0.4421810103766619,5.124027500144502
31.943399906158447,13.230078344999336,18.458244010271834,0.21655161245143972,0.4232914583943783,5.228165665272497
31.96366024017334,13.168672775310275,18.51833432746801,0.14655161245143972,0.42628339665941883,5.349661552157736
31.983108043670654,13.10788412464958,18.557617739295402,0.11710258914506994,0.4119910522084682,5.449733614645822
32.00297713279724,13.049126052299602,18.57702706448311,0.11710258914506994,0.4119910522084682,5.527901012183509
32.02404165267944,12.991010594565644,18.634328278727885,0.08947102694190107,0.38997978332452465,5.643317684162241
32.04300332069397,12.932556762994862,18.67175918149652,0.1014979636890348,0.40267199917696406,5.739202418501657
32.063708543777466,12.875408448101465,18.69024440370886,0.1014979636890348,0.40267199917696406,5.8148359556073945
32.08357381820679,12.82298940538825,18.74478225185227,0.06811418073601089,0.42700781381689,5.921792846464021
32.10392737388611,12.772920372773163,18.780378644809005,0.04091206068522296,0.43074193235486735,6.0074582720358425
32.12391543388367,12.721170479037516,18.815367886223783,0.01292778427130542,0.4514561855420469,6.094197407186266
32.143205642700195,12.676239900058697,18.849752278877418,0.02995775329298339,0.4932297320291399,6.173512378818721
32.16370677947998,12.632923427304389,18.866718397502744,0.02995775329298339,0.4932297320291399,6.233794970198355
32.18303728103638,12.59186968217484,18.916716112938246,0.0,0.5373859741911291,6.324846430763406
32.203452825546265,12.555785898535882,18.949300544935014,0.07,0.4673859741911291,6.393514646399131
32.22344255447388,12.526421485229472,18.98129011009418,0.11012804478406907,0.3973859741911291,6.454868624864707
32.24366998672485,12.502498111017116,19.01268749845579,0.08542321965098382,0.380288415364921,6.510189387438674
32.26400136947632,12.489933518289146,19.043495478627683,0.040919586718082435,0.3957585075497626,6.553561960338538
32.28290557861328,12.508753132179756,19.07371689815694,0.05218071088194848,0.45169635653495777,6.564963765977183
32.30296301841736,12.576671789726083,19.088608559215636,0.05218071088194848,0.45169635653495777,6.511936769489553
32.323299169540405,12.68848543329741,19.132411842405347,0.08798855885863305,0.3986811505258082,6.443926409107936
32.34327673912048,12.827840838219068,19.160891460263315,0.08978081814013422,0.34197816789150226,6.333050622044247
32.36322021484375,12.948832758684498,19.188796704500675,0.05864242411218584,0.35355110350996244,6.239963945816177
32.38387751579285,13.087701788971122,19.216130822940514,0.035241441270336515,0.40160442773252714,6.128429033969391
32.40341067314148,13.242277075507646,19.2428971445773,0.0,0.3784717458859085,6.000620069069653
32.423032999038696,13.406004153014859,19.269099079948226,0.041491467505693436,0.3525214425846933,5.863094926933368
32.44291377067566,13.571772875650797,19.30735142098493,0.023109594359993935,0.3390108288824557,5.735578545334132
32.463282346725464,13.734590867954497,19.31982384398726,0.023109594359993935,0.3390108288824557,5.585232976032762
32.48364567756653,13.89106828984108,19.344353904791518,0.0506005622446537,0.3686001857370137,5.453285614950438
32.50296592712402,14.03901772980352,19.36833404434612,0.08194150030612946,0.3695261480263433,5.3293163145426
32.52378797531128,14.17714460868526,19.391768086481548,0.035439152270555496,0.3538437934569082,5.214623477796287
32.54320764541626,14.304808609699288,19.414659938802643,0.02020695060491562,0.38603507373249146,5.109851329103355
32.56384587287903,14.424157077458325,19.447989866438498,0.0,0.4357458764663896,5.023832788980172
32.58816337585449,14.527778464277803,19.447989866438498,0.0,0.4357458764663896,4.920211402160694
32.60302734375,14.6222347079395,19.48012269735525,0.012936355546116829,0.39585763234412286,4.857887989415749
32.623120069503784,14.710151986389473,19.48012269735525,0.012936355546116829,0.39585763234412286,4.769970710965776
32.642964124679565,14.791210377070822,19.52112903043428,0.08293635554611684,0.3714869564375839,4.729918653363459
32.66714644432068,14.86536843329646,19.53105612713042,0.08293635554611684,0.3714869564375839,4.665687693833959
32.68290567398071,14.93509557267448,19.550524840200453,0.054916936606168754,0.39523363318061444,4.615429267525972
32.70343995094299,15.011489173015937,19.569483378342483,0.05314501519780607,0.41391690280055615,4.557994205326546
32.723418951034546,15.10903060609892,19.59697476984193,0.04707171353977174,0.3970371467969379,4.487944163743009
32.743592262268066,15.23027195614963,19.614678338578386,0.0,0.38780640363460395,4.384406382428756
32.76370882987976,15.367095849784093,19.631888336633274,0.0,0.3506193414307198,4.264792486849181
32.78292679786682,15.51113709398284,19.648609705914062,0.008150551468133926,0.39405208378797385,4.137472611931221
32.80621337890625,15.6361973797438,19.672786609459294,0.0,0.44311977103119704,4.036589229715494
32.82734179496765,15.764975709954518,19.688308610062904,0.0,0.4104880534089169,3.9233329001083863
32.84746980667114,15.892942581848237,19.703359978806994,0.019369767978787422,0.3404880534089169,3.8104173969587567
32.86397075653076,16.016973277366045,19.703359978806994,0.019369767978787422,0.3404880534089169,3.6863867014409486
32.884089946746826,16.135001166020874,19.71794605926989,0.0,0.3358562244265339,3.5829448932490173
32.90322303771973,16.245749010067886,19.73896467578591,0.0,0.34426165001234027,3.4932156657180222
32.923661947250366,16.34852152997366,19.752411507096923,0.0,0.3793373592360875,3.4038899771232636
32.943158864974976,16.443045987004833,19.765412466069172,0.044658686965703964,0.3876829017116687,3.322366479064339
32.96424913406372,16.529350318996844,19.771747537584297,0.044658686965703964,0.3876829017116687,3.2423972185874526
32.98415422439575,16.607670571545388,19.790099870074812,0.04877123748883605,0.36981772633036586,3.1824292985294242
33.00344729423523,16.678381116866113,19.801798096910588,0.022320968564599752,0.32826444508275004,3.1234169800444747
33.02304124832153,16.73977381763952,19.813074015756115,0.0,0.3469668496563098,3.073300198116595
33.04345655441284,16.795245249838736,19.818555519423597,0.0,0.3469668496563098,3.0233102695848615
33.06347918510437,16.84514194109314,19.82920948579178,0.0,0.3555721678002736,2.9840675446986396
33.0838418006897,16.889851504416143,19.839456626589218,0.032987046986818314,0.40169527755817386,2.9496051221730752
33.10302925109863,16.929779874424856,19.854078471892826,0.0,0.37545659208437415,2.9242985974679705
33.12310266494751,16.965335013199972,19.863336567822714,0.004793831147253513,0.41642720812698814,2.8980015546227413
33.143287897109985,16.996915539261416,19.872210501893512,0.019240332767367363,0.3854511920525691,2.875294962632097
33.16331505775452,17.02490307572595,19.880706963187684,0.0,0.4554511920525691,2.855803887461736
33.18352031707764,17.04965738339929,19.888832736463335,0.0,0.40691482061287376,2.8391753530640464
33.20312690734863,17.07151355649605,19.896594702526613,0.0,0.3988684915914199,2.8250811460305627
33.223188400268555,17.09048964399325,19.90034143445996,0.0,0.3988684915914199,2.809851790466709
33.24380040168762,17.107256248574668,19.90757080223503,0.007794378791004419,0.42372552649816486,2.8003145536603604
33.26325464248657,17.12204630749105,19.917768014025867,0.0,0.4573882740898988,2.7957217065348168
33.28345060348511,17.135073706048036,19.924145493268952,0.0,0.4558981029060668,2.789071787220916
33.30333352088928,17.148849807602765,19.930195023061437,0.0,0.4148623948660678,2.7813452154586713
33.32300615310669,17.174364616331754,19.935924068305724,0.006813538260757923,0.39045988076599303,2.7615594519739695
33.34410119056702,17.221258549710086,19.93867076896887,0.006813538260757923,0.39045988076599303,2.717412219258783
33.36364245414734,17.300296904614044,19.94645105838579,0.008028077543713152,0.4160050792363471,2.6461541537717466
33.3836452960968,17.411160838456194,19.95126442776936,0.0,0.42337609648006025,2.5401035893131656
33.403042793273926,17.54584108541252,19.95794390093007,0.0,0.41767562699737015,2.4121028155175495
33.42357349395752,17.69351419365313,19.960030224286385,0.0,0.41767562699737015,2.2665160306332552
33.443020820617676,17.84631997992764,19.963998675684458,0.01238315086811781,0.45503956598462525,2.117678695756819
33.46396017074585,17.97898986488815,19.967701679908316,0.0,0.4749699417245573,1.9887118150201673
33.483052015304565,18.113851024975094,19.972776579218987,0.0015006052562966943,0.5449699417245573,1.8589255542438927
33.5032799243927,18.246679950324467,19.97434450655934,0.0015006052562966943,0.5449699417245573,1.727664556234874
33.52350306510925,18.374596632990677,19.977301163287144,0.0,0.47814281587721763,1.6027045302964673
33.543471813201904,18.495730137464975,19.980026042186196,0.0,0.4170367151987737,1.4842959047212219
33.563035011291504,18.608959718507197,19.982527816518676,0.03388581424951553,0.39108451572479663,1.3735680980114786
33.58366513252258,18.713715235474456,19.984815262660653,0.058851415291428566,0.42388023552717624,1.271100027186197
33.60298466682434,18.807507664810966,19.98786401960345,0.07561193034052849,0.403670394096989,1.1803563547924831
33.62343907356262,18.89352980665566,19.98878279367979,0.07561193034052849,0.403670394096989,1.0952529870241285
33.64332365989685,18.97188775450304,19.990480950227152,0.03123972937464714,0.3646908004325813,1.0185931957241117
33.66309118270874,19.04285718783614,19.99200092266811,0.016922663897275925,0.3177356433612293,0.9491437348319707
33.683552742004395,19.104474661791613,19.993352008528156,0.06328849121928215,0.3224549891916102,0.8888773467365425
33.70292663574219,19.160322175799447,19.995082572656564,0.03921061009168625,0.3807280848291701,0.8347603968571171
33.72292637825012,19.210690133276486,19.99605281098436,0.05891508609056473,0.36513049924047647,0.785362677707873
33.74368476867676,19.255924655881635,19.996486504293784,0.05891508609056473,0.36513049924047647,0.740561848412149
33.763325691223145,19.29640144407448,19.997257131576234,0.04320397228002548,0.37542850920231996,0.700855687501754
33.78304362297058,19.33250684162486,19.997906947527895,0.04205778846517205,0.34181151562603174,0.6654001059030357
33.803019523620605,19.364624402888577,19.99844588732664,0.0,0.3369954999093896,0.6338214844380623
33.823439836502075,19.39312563621474,19.99906840227183,0.0,0.3621446441416627,0.6059427660570904
33.843159675598145,19.41836389196893,19.999374324982,0.01598796620965004,0.3466208202322012,0.5810104330130699
33.86368203163147,19.44067059582549,19.999498417473127,0.01598796620965004,0.3466208202322012,0.5588278216476361
33.88387989997864,19.460353210308952,19.999695361560867,0.0,0.4123511014063841,0.5393421512519154
33.90300154685974,19.477442158724507,19.99983272648059,0.007434929255396128,0.4455561747332102,0.5223905677560836
33.92304611206055,19.490215163698707,19.999921098451807,0.0,0.4616414995421654,0.5097059347531001
33.9436936378479,19.50197011573836,19.999971173502402,0.04744664952158928,0.4130114445020443,0.4980010577640428
33.96417689323425,19.510391799541814,19.999998148152862,0.06869667023420334,0.4365642888029104,0.4896063486110478
33.984143018722534,19.516276307895325,20.0,0.11179967597126961,0.4347676833881995,0.48372369210467525
34.00502872467041,19.52024345825412,20.0,0.09721230901777744,0.43543702474795265,0.47975654174587845
34.02379631996155,19.522774295455903,20.0,0.09721230901777744,0.43543702474795265,0.47722570454409663
34.04350757598877,19.524240797709126,20.0,0.06579137407243252,0.44878925400786085,0.4757592022908739
34.063464879989624,19.524929384230386,20.0,0.02111002989113331,0.48398983868770284,0.4750706157696136
34.08367586135864,19.52505949808734,20.0,0.0031107477843761444,0.41398983868770284,0.47494050191265913
34.103944540023804,19.522481930542757,20.0,0.002602717315312475,0.3799805124383418,0.4775180694572434
34.12392210960388,19.520244020592123,20.0,0.021198627015110105,0.4329487984161822,0.4797559794078765
34.14391851425171,19.5161485814627,20.0,0.021198627015110105,0.4329487984161822,0.4838514185372986
34.165297508239746,19.510870873790033,20.0,0.028535150398965925,0.45239345334470255,0.48912912620996707
34.18386650085449,19.504911078955157,20.0,0.028535150398965925,0.45239345334470255,0.49508892104484303
34.20309543609619,19.498634589488983,20.0,0.040129140426870435,0.4301845615357159,0.501365410511017
34.22332763671875,19.492303546344267,20.0,0.04132936749374494,0.4381343785300849,0.5076964536557327
34.24361872673035,19.486101465251778,20.0,0.04217863880330697,0.4540632001683114,0.5138985347482219
34.26363253593445,19.480152413864598,20.0,0.04187104315496981,0.44524922944605333,0.5198475861354019
34.286344051361084,19.47453589857493,20.0,0.07908149645663798,0.47417380638420564,0.5254641014250687
34.30662178993225,19.469298379012933,20.0,0.09847397007979453,0.47891596542671305,0.5307016209870667
34.322983264923096,19.464462136736138,20.0,0.09847397007979453,0.47891596542671305,0.5355378632638619
34.34302878379822,19.460263187716293,20.0,0.07514898502267897,0.5062369930185375,0.5397368122837065
34.36342144012451,19.456386437714727,20.0,0.1052374339196831,0.5033255487307904,0.5436135622852731
34.383578300476074,19.452835652178614,20.0,0.08011093572713435,0.5069024895876644,0.5471643478213863
34.403401374816895,19.449604855755005,20.0,0.0813007946126163,0.468801919147372,0.5503951442449946
34.42346477508545,19.44668146480164,20.0,0.11577356932684779,0.46239132924005366,0.5533185351983612
34.44456434249878,19.444048637328418,20.0,0.10680695669725537,0.4829633229039607,0.555951362671582
34.466843128204346,19.44168701744906,20.0,0.08202380361035466,0.5191293500922618,0.558312982550941
34.48695516586304,19.439576013296517,20.0,0.036368120927363634,0.49373038416728354,0.5604239867034835
34.50306558609009,19.43769471721217,20.0,0.036368120927363634,0.49373038416728354,0.562305282787829
34.523290157318115,19.433706205129724,20.0,0.04234067490324378,0.46038895776495314,0.5662937948702762
34.54345440864563,19.428359178875994,20.0,0.06401193840429187,0.4585873116832224,0.5716408211240065
34.56347894668579,19.423716754166445,20.0,0.07224915409460664,0.47752691666595615,0.5762832458335545
34.58337354660034,19.418178803921126,20.0,0.09039772907271981,0.425315058333799,0.5818211960788737
34.60339879989624,19.41216479125895,20.0,0.06622959719970822,0.4473359272908417,0.5878352087410512
34.6245231628418,19.405978613625727,20.0,0.05182501534000039,0.4687683251779524,0.5940213863742727
34.645610094070435,19.399835889628037,20.0,0.03353921743109822,0.5197166395466772,0.6001641103719635
34.666773080825806,19.393885238513327,20.0,0.03353921743109822,0.5197166395466772,0.6061147614866726
34.68399357795715,19.38822482624122,20.0,0.012104750145226717,0.4875672091823069,0.6117751737587795
34.7039954662323,19.3829151877518,20.0,0.03681135969236493,0.5140501414518801,0.6170848122482013
34.723806858062744,19.37798912482371,20.0,0.008577906060963869,0.4440501414518801,0.6220108751762901
34.743788957595825,19.373459311837127,20.0,0.026089244056493044,0.4636915445607153,0.6265406881628728
34.764113664627075,19.369526412550563,20.0,0.005744666326791048,0.42429350766353285,0.6304735874494369
34.784184217453,19.368225813555192,20.0,0.0,0.44877651969902194,0.6317741864448081
34.804476737976074,19.368787835963072,20.0,0.04439232125878334,0.46610933619551337,0.6312121640369277
34.82717227935791,19.37062878669593,20.0,0.08742676675319672,0.43306317630223906,0.6293712133040685
34.84733510017395,19.373309537947286,20.0,0.09126944607123733,0.4027970534097401,0.6266904620527143
34.86364793777466,19.376502947285243,20.0,0.09126944607123733,0.4027970534097401,0.6234970527147574
34.88387680053711,19.382284625015192,20.0,0.05510636558756232,0.3840287316869942,0.6177153749848081
34.903207778930664,19.389711687802468,20.0,0.03402895433828235,0.36305590423755324,0.6102883121975324
34.92367458343506,19.398085863391415,20.0,0.012129233684390783,0.3404590029548851,0.6019141366085847
34.945072650909424,19.406897184484688,20.0,0.0,0.39224147687666094,0.5931028155153122
34.96623706817627,19.415779916856856,20.0,0.0,0.3792808631714431,0.5842200831431441
34.987409353256226,19.423492131889297,20.0,0.0,0.42814735493622696,0.5765078681107028
35.00739598274231,19.43349043671504,20.0,0.0,0.4584752450045196,0.5665095632849599
35.02351236343384,19.444813110499492,20.0,0.0,0.4584752450045196,0.5551868895005079
35.0436749458313,19.456757257173468,20.0,0.0,0.4285699723567811,0.5432427428265321
35.06367468833923,19.468818280034533,20.0,0.05632084608078003,0.43046739553567,0.5311817199654669
35.08364272117615,19.48064261583119,20.0,0.04866954917088151,0.46856457596179074,0.5193573841688099
35.10351085662842,19.49199092431239,20.0,0.03706875955685973,0.47483605095650977,0.5080090756876103
35.12368321418762,19.50270951007417,20.0,0.025863074231892824,0.5354231590917331,0.497290489925831
35.145204305648804,19.5127082155729,20.0,0.018732072319835424,0.5505393589427692,0.4872917844271001
35.16645002365112,19.51962704342731,20.0,0.06538050761446357,0.5217065712949258,0.4803729565726904
35.183234214782715,19.52422430358564,20.0,0.06538050761446357,0.5217065712949258,0.4757756964143596
35.20309495925903,19.52940423604814,20.0,0.060157112311571836,0.47447496788110555,0.4705957639518594
35.224026679992676,19.533901585662036,20.0,0.0741151082329452,0.49231748232152284,0.4660984143379636
35.24347925186157,19.55033881889592,20.0,0.05640343902632594,0.47459001602139295,0.44966118110408004
35.26548743247986,19.597799540874693,20.0,0.06097430270165205,0.4938025432219726,0.4022004591253072
35.286038875579834,19.68408853323778,20.0,0.06097430270165205,0.4938025432219726,0.3159114667622198
35.30327844619751,19.795072744919082,20.0,0.06887387856841087,0.5012454548431557,0.2049272550809178
35.32331967353821,19.920284795421534,20.0,0.12027213349938393,0.5363991716457528,0.07971520457846637
35.343966484069824,20.05207927397063,20.0,0.19027213349938393,0.5115830199373883,-0.05207927397063017
35.363518714904785,20.184972348709714,20.0,0.2198686857521534,0.4583216355694455,-0.18497234870971369
35.385565757751465,20.315126103991446,20.0,0.15043280616402627,0.49149696990381897,-0.3151261039914459
35.40618944168091,20.437630645123615,20.0,0.1396498490869999,0.5514182680798692,-0.4376306451236154
35.42328071594238,20.55159359767475,20.0,0.1396498490869999,0.5514182680798692,-0.5515935976747492
35.44390058517456,20.65053914269199,20.0,0.11856566153466702,0.5199598678899926,-0.65053914269199
35.46363663673401,20.737894600707946,20.0,0.11849588713841513,0.5712824845267457,-0.7378946007079463
35.4837646484375,20.796366782680714,20.0,0.14173670298652724,0.5800244994042438,-0.7963667826807139
35.50388193130493,20.80544000135133,20.0,0.09378136134939269,0.6021162289706987,-0.8054400013513288
35.525208711624146,20.761431758711108,20.0,0.14349291659193114,0.5787801723508161,-0.7614317587111081
35.54629898071289,20.679397656590666,20.0,0.10762801579432563,0.554666316094808,-0.6793976565906661
35.56735897064209,20.575429884962638,20.0,0.09878220129059628,0.5678725633351129,-0.575429884962638
35.58846712112427,20.45896747542234,20.0,0.12913898098515347,0.5917590949265283,-0.45896747542234095
35.60379886627197,20.33457954131712,20.0,0.12913898098515347,0.5917590949265283,-0.33457954131711887
35.62384247779846,20.20796492377954,20.0,0.1231142347608693,0.5736476201144975,-0.20796492377953868
35.64367365837097,20.08314061031059,20.0,0.12145801993785427,0.5806766124023122,-0.08314061031058984
35.66655659675598,19.974764954440786,20.0,0.16241912903962658,0.5886073186574501,0.02523504555921363
35.688432455062866,19.871071375218392,20.0,0.13577639671741054,0.6214284114120525,0.12892862478160794
35.70309090614319,19.773362708047234,20.0,0.13577639671741054,0.6214284114120525,0.22663729195276616
35.723273038864136,19.68238614517452,20.0,0.150738372344058,0.6766866743145508,0.3176138548254812
35.74402451515198,19.59848324781529,20.0,0.11075738711981103,0.6943948398856443,0.4015167521847083
35.763187885284424,19.51938848391621,20.0,0.14702052890090272,0.6676719951955599,0.4806115160837905
35.78376650810242,19.448034237582682,20.0,0.18289651616243646,0.6743491068063301,0.5519657624173178
35.80601239204407,19.381620588726435,20.0,0.20387373386649416,0.6481983642606062,0.6183794112735654
35.82554841041565,19.32038890682522,20.0,0.18111235729185865,0.7,0.6796110931747812
35.84702181816101,19.264370272204907,20.0,0.1452138953539543,0.7,0.735629727795093
35.86648106575012,19.213448883344217,20.0,0.13296032870886848,0.7,0.786551116655783
35.88354468345642,19.16923763345057,20.0,0.13296032870886848,0.7,0.830762366549429
35.903538942337036,19.129024633478352,20.0,0.1799469197797589,0.7,0.8709753665216482
35.92397499084473,19.092648548977632,20.0,0.15596113714156673,0.7,0.9073514510223681
35.943503856658936,19.057579850613855,20.0,0.1328330038744025,0.6299999999999999,0.9424201493861446
35.9635214805603,19.02434346888827,20.0,0.13602216692408547,0.617200979143381,0.9756565311117313
35.98414206504822,18.993255719741175,20.0,0.14396491704275832,0.6182289161905645,1.0067442802588253
36.0076117515564,18.964479683049493,20.0,0.09063664881279693,0.5495230221375822,1.0355203169505067
36.02384877204895,18.938067705967267,20.0,0.09063664881279693,0.5495230221375822,1.061932294032733
36.04301834106445,18.913993843263157,20.0,0.09313599007902668,0.5801782776787876,1.0860061567368433
36.06327295303345,18.89217845313133,20.0,0.08910969679011033,0.5976052434369921,1.1078215468686707
36.085339307785034,18.872506696127743,20.0,0.08000472315354273,0.5872472451254724,1.1274933038722565
36.103750705718994,18.855427174453425,20.0,0.08000472315354273,0.5872472451254724,1.1445728255465752
36.123751640319824,18.840013435020666,20.0,0.06220533267362044,0.6036314201727508,1.1599865649793344
36.14415454864502,18.82616294279031,20.0,0.024015325463842607,0.6025810933159663,1.1738370572096883
36.165597677230835,18.816079627801518,20.0,0.024015325463842607,0.6025810933159663,1.1839203721984823
36.183130979537964,18.81119501316151,20.0,0.0348596725310199,0.5887959778727963,1.1888049868384911
36.203831911087036,18.81005004751894,20.0,0.009420024573337293,0.5800655747251584,1.1899499524810615
36.22315454483032,18.813849092398268,20.0,0.016941400121431804,0.5803237234312109,1.186150907601732
36.24385857582092,18.823298374866937,20.0,0.003030244137626148,0.5681952753174118,1.176701625133063
36.26305532455444,18.8387395150102,20.0,0.0,0.5659650243422947,1.1612604849897998
36.28618597984314,18.869517273016257,20.0,0.0,0.5739146001241169,1.1304827269837432
36.30335521697998,18.926350837621804,20.0,0.0,0.5739146001241169,1.0736491623781959
36.323819160461426,18.97569518944215,20.0,0.0031352760270237923,0.6048369291773996,1.024304810557851
36.34333658218384,19.056524527467612,20.0,0.0,0.6412368822447023,0.9434754725323877
36.363752603530884,19.16172516814376,20.0,0.01666071079671383,0.6597833424410782,0.8382748318562392
36.383190393447876,19.28803013111632,20.0,0.046010278165340424,0.598907874485012,0.7119698688836813
36.40300941467285,19.44187942594713,20.0,0.07662646472454071,0.5773048266372642,0.5581205740528716
36.42759323120117,19.627020229274716,20.0,0.12356723472476006,0.5909030228457413,0.37297977072528354
36.44344520568848,19.838281528006693,20.0,0.12356723472476006,0.5909030228457413,0.16171847199330713
36.46406078338623,20.062117842453922,20.0,0.10215656645596027,0.5279502287111244,-0.06211784245392238
36.4833550453186,20.288789334374325,20.0,0.08440340124070644,0.5191277568764052,-0.2887893343743251
36.50382208824158,20.511456181981487,20.0,0.09821595717221498,0.5274063149071297,-0.5114561819814867
36.52330923080444,20.704781224028608,20.0,0.0879233181476593,0.5076357354945502,-0.7047812240286078
36.54319167137146,20.893322858255726,20.0,0.09820175170898438,0.48763114638393734,-0.8933228582557255
36.563302516937256,21.07357303630749,20.0,0.09820175170898438,0.48763114638393734,-1.07357303630749
36.58353018760681,21.24099730882888,20.0,0.11296213138848543,0.4875953878025756,-1.2409973088288808
36.603776693344116,21.395100509521622,20.0,0.1042176065966487,0.4698673086921916,-1.3951005095216225
36.62355828285217,21.53588978100062,20.0,0.09992385236546397,0.49002215738699295,-1.5358897810006198
36.64346981048584,21.65908827540797,20.0,0.08396916603669524,0.5158752212981925,-1.6590882754079708
36.66340780258179,21.757556284833534,20.0,0.060588018503040075,0.49075821142003395,-1.7575562848335338
36.683905363082886,21.82698647722718,20.0,0.060588018503040075,0.49075821142003395,-1.8269864772271802
36.70308756828308,21.869785048814187,20.0,0.06917742965742946,0.47148199106857636,-1.8697850488141867
36.72444248199463,21.892957866096527,20.0,0.06917742965742946,0.47148199106857636,-1.892957866096527
36.744550704956055,21.91307709769118,20.0,0.06917742965742946,0.47148199106857636,-1.913077097691179
36.76331424713135,21.919356332014893,20.0,0.07453955058008432,0.49077726069197514,-1.9193563320148925
36.7844295501709,21.915857086599104,20.0,0.07453955058008432,0.49077726069197514,-1.9158570865991038
36.80350661277771,21.905658122811445,20.0,0.053775991313159466,0.4609521693299756,-1.9056581228114453
36.824180364608765,21.891074458396943,20.0,0.053775991313159466,0.4609521693299756,-1.8910744583969432
36.84356880187988,21.87382961768392,20.0,0.04677617968991399,0.4996063253592,-1.8738296176839206
36.86844301223755,21.855190861951407,20.0,0.016001953277736902,0.4954789072024868,-1.8551908619514066
36.883819818496704,21.836075142559384,20.0,0.016001953277736902,0.4954789072024868,-1.836075142559384
36.903172969818115,21.81944827438388,20.0,0.0,0.5116521842527435,-1.8194482743838805
36.92302489280701,21.804988312888316,20.0,0.0,0.5116521842527435,-1.804988312888316
36.943217754364014,21.792414533104328,20.0,0.009383085183799267,0.5751384325075195,-1.7924145331043277
36.96330261230469,21.781497656472027,20.0,0.04757827054709196,0.5686447350989328,-1.7814976564720268
36.98336100578308,21.772003927832213,20.0,0.04757827054709196,0.5686447350989328,-1.7720039278322126
37.00316524505615,21.763748896139486,20.0,0.038402228616178036,0.5722483909438596,-1.7637488961394858
37.02318072319031,21.758888147666056,20.0,0.10840222861617804,0.5600116430531488,-1.758888147666056
37.043373823165894,21.75651310638315,20.0,0.10840222861617804,0.5600116430531488,-1.7565131063831494
37.06369662284851,21.755927182617672,20.0,0.09120236214250327,0.5539638195867882,-1.7559271826176719
37.08320236206055,21.75659938681636,20.0,0.13833216454833747,0.5204848442907677,-1.7565993868163616
37.10321879386902,21.758127746200827,20.0,0.14803907338529826,0.521198043784243,-1.7581277462008273
37.12403655052185,21.76021049446887,20.0,0.14803907338529826,0.521198043784243,-1.7602104944688683
37.143245697021484,21.76725611596225,20.0,0.11147603828459979,0.5360616568458498,-1.767256115962251
37.16392230987549,21.777563165443645,20.0,0.058740214146673686,0.5157612442952813,-1.7775631654436452
37.18355870246887,21.78754754968477,20.0,0.08392604876309634,0.49421726092521556,-1.7875475496847706
37.20301604270935,21.79621624699635,20.0,0.1463801010325551,0.5089753923920215,-1.7962162469963516
37.223474740982056,21.802254715824386,20.0,0.1463801010325551,0.5089753923920215,-1.802254715824386
37.24293565750122,21.80630713623013,20.0,0.13996264681220055,0.5138324477692366,-1.8063071362301315
37.26380729675293,21.806556937085304,20.0,0.14768316194415093,0.5099699131195665,-1.806556937085304
37.28306770324707,21.804158929362043,20.0,0.17923658311367036,0.5306282683258177,-1.8041589293620426
37.30342364311218,21.793035960617438,20.0,0.17923658311367036,0.5306282683258177,-1.7930359606174378
37.3234589099884,21.764564208977532,20.0,0.24923658311367036,0.5393430066277505,-1.7645642089775322
37.34370231628418,21.71552730999443,20.0,0.24437071416527034,0.5320804605243028,-1.7155273099944317
37.36394214630127,21.648865928324703,20.0,0.20797744054347278,0.545026113463682,-1.6488659283247031
37.38480305671692,21.56245438727564,20.0,0.24065963212400676,0.5391063887608469,-1.5624543872756398
37.40389633178711,21.446071354442164,20.0,0.24065963212400676,0.5391063887608469,-1.4460713544421644
37.423173904418945,21.34502463393621,20.0,0.20097421515733005,0.5858753222954691,-1.3450246339362089
37.44349193572998,21.191777756806843,20.0,0.17562332037836315,0.5863064236281206,-1.191777756806843
37.463468074798584,20.978516300862033,20.0,0.16429455053061248,0.6563064236281206,-0.978516300862033
37.483574867248535,20.708343243515788,20.0,0.15274663861840965,0.7,-0.7083432435157881
37.504934549331665,20.394179143684134,20.0,0.13863826204091312,0.6614534378051757,-0.3941791436841342
37.52342343330383,20.055423140257428,20.0,0.13863826204091312,0.6614534378051757,-0.055423140257428116
37.543644428253174,19.70851396046088,20.0,0.12464467935264112,0.6232413433492183,0.29148603953911945
37.56394290924072,19.36508449853356,20.0,0.07139285035431386,0.6589419215917587,0.6349155014664412
37.5839262008667,19.033123027504914,20.0,0.061755786985158934,0.6765354916453361,0.9668769724950863
37.603790521621704,18.720192155852928,20.0,0.052187142297625555,0.6361491948366165,1.2798078441470722
37.623738288879395,18.43104317396341,20.0,0.048210869878530516,0.6449615478515625,1.5689568260365903
37.644113302230835,18.17999664556285,20.0,0.07556501157581808,0.5749615478515624,1.8200033544371514
37.66503310203552,17.95038446047403,20.0,0.07556501157581808,0.5749615478515624,2.04961553952597
37.683828830718994,17.74402790349923,20.0,0.06508141323924066,0.5249680365622043,2.25597209650077
37.7029767036438,17.563895451886363,20.0,0.03308673143386842,0.5031348384171723,2.4361045481136365
37.72333884239197,17.415990514481408,20.0,0.016452270895242704,0.5037601854372769,2.5840094855185924
37.7438223361969,17.317531677343794,20.0,0.0,0.5443734381068497,2.682468322656206
37.763378381729126,17.27222644232432,20.0,0.02106139436364174,0.531202822336927,2.727773557675679
37.78394556045532,17.27430006584498,20.0,0.02106139436364174,0.531202822336927,2.7256999341550205
37.80593490600586,17.3115438150216,20.0,0.02204686391633004,0.536955255428329,2.688456184978399
37.823824644088745,17.372234489969916,20.0,0.0,0.528991715395823,2.627765510030084
37.84341549873352,17.45919318471541,20.0,0.04141395166516304,0.48536793270148326,2.54080681528459
37.86385941505432,17.53469294365436,20.0,0.03093031421303749,0.5508129460457711,2.4653070563456403
37.883814334869385,17.63923790338541,20.0,0.01642599329352379,0.5378450093511491,2.3607620966145895
37.90455508232117,17.77741625630847,20.0,0.0,0.5674448435846715,2.22258374369153
37.92639994621277,17.953844814630404,20.0,0.05604345723986626,0.4995764543954282,2.046155185369596
37.94363474845886,18.163773201383886,20.0,0.05604345723986626,0.4995764543954282,1.8362267986161136
37.96383094787598,18.39606996904451,20.0,0.032991811633110046,0.5127740468550472,1.603930030955489
37.98297739028931,18.637781219589606,20.0,0.0,0.4682419489789753,1.3622187804103945
38.00293803215027,18.881977659413504,20.0,0.026146234944462776,0.46077748236246396,1.1180223405864957
38.02300238609314,19.121464491835287,20.0,0.0,0.4668738049175589,0.8785355081647133
38.04419231414795,19.35136847312146,20.0,0.0,0.45378384261392046,0.648631526878539
38.06446886062622,19.550976979401504,20.0,0.0,0.48703662945888926,0.44902302059849575
38.08637547492981,19.744178848075887,20.0,0.01199769601225853,0.5114925232436507,0.25582115192411337
38.10374355316162,19.92783897695683,20.0,0.01199769601225853,0.5114925232436507,0.07216102304316863
38.1238226890564,20.10003125697295,20.0,0.001602591946721077,0.4593459543492644,-0.1000312569729509
38.14308786392212,20.259720084405362,20.0,0.020637908950448036,0.4361939252074807,-0.25972008440536243
38.16363501548767,20.406515676347343,20.0,0.0015549417585134506,0.4633478008862584,-0.4065156763473432
38.18352913856506,20.54048709707344,20.0,0.0,0.4639263678644783,-0.5404870970734414
38.205538272857666,20.662020296946743,20.0,0.04121606796979904,0.4559995405678636,-0.6620202969467428
38.22757601737976,20.771711157523573,20.0,0.032871901988983154,0.42354446876095597,-0.7717111575235727
38.24296736717224,20.870285670062543,20.0,0.032871901988983154,0.42354446876095597,-0.8702856700625432
38.264113426208496,20.958541064052103,20.0,0.02543775225058198,0.35354446876095597,-0.9585410640521026
38.28471255302429,21.03516665038105,20.0,0.041358348447829485,0.38704333710717026,-1.0351666503810506
38.30661630630493,21.10383132915709,20.0,0.03644808242097497,0.3570342387561685,-1.1038313291570887
38.3235559463501,21.165156867067843,20.0,0.03644808242097497,0.3570342387561685,-1.165156867067843
38.343611001968384,21.219768553361217,20.0,0.025206619407981634,0.3942284237151033,-1.2197685533612166
38.363547801971436,21.268277644554818,20.0,0.00768394535407424,0.42540893401252095,-1.2682776445548178
38.38625931739807,21.311269540705926,20.0,0.02496105572208762,0.4009098920528776,-1.3112695407059256
38.403111934661865,21.349296254324276,20.0,0.02496105572208762,0.4009098920528776,-1.3492962543242761
38.42306900024414,21.382872059351616,20.0,0.041161810513585806,0.38540824107127253,-1.382872059351616
38.443188190460205,21.412471463623987,20.0,0.013388094957917929,0.37446258939104143,-1.4124714636239872
38.4645516872406,21.438528848615235,20.0,0.05040271347388625,0.38478460791753594,-1.4385288486152348
38.48567724227905,21.46143927673591,20.0,0.012259410228580236,0.4036329600517637,-1.4614392767359092
38.50325036048889,21.481330695361287,20.0,0.012259410228580236,0.4036329600517637,-1.4813306953612866
38.52360510826111,21.498830325819583,20.0,0.027861534152179956,0.4341533805732614,-1.4988303258195828
38.543068647384644,21.51420746613483,20.0,0.026843136176466942,0.4290215347451157,-1.514207466134831
38.563029289245605,21.527705103445218,20.0,0.03775844816118479,0.4246749209729022,-1.5277051034452178
38.584099531173706,21.539541545962468,20.0,0.06923253554850817,0.4421473911521024,-1.539541545962468
38.604377031326294,21.54991220690933,20.0,0.09156848024576902,0.44555491116130713,-1.5499122069093296
38.625426292419434,21.558991447002672,20.0,0.03984215762466192,0.4629205921688116,-1.558991447002672
38.646594285964966,21.566934409042705,20.0,0.10407172795385122,0.47939146030927066,-1.5669344090427053
38.663830280303955,21.573878798668897,20.0,0.10407172795385122,0.47939146030927066,-1.573878798668897
38.68384051322937,21.579946580792708,20.0,0.06854523625224829,0.4948370251827872,-1.5799465807927078
38.704071044921875,21.58292922466762,20.0,0.04608699772506952,0.5001871683658099,-1.5829292246676196
38.72305655479431,21.583690384644072,20.0,0.10943213943392038,0.542932348793838,-1.583690384644072
38.743661642074585,21.584351243168964,20.0,0.1378215281292796,0.5210993555397725,-1.584351243168964
38.76403212547302,21.58346225934379,20.0,0.12086236011236906,0.5039267470152116,-1.58346225934379
38.78643441200256,21.581520214434736,20.0,0.15769150014966726,0.43392674701521156,-1.581520214434736
38.806397914886475,21.576581568213612,20.0,0.12168412934988737,0.4570655010850167,-1.5765815682136122
38.82313394546509,21.56969169887615,20.0,0.12168412934988737,0.4570655010850167,-1.5696916988761487
38.843146085739136,21.561628129931723,20.0,0.13728605769574642,0.47564469540724513,-1.561628129931723
38.86329674720764,21.550645498634182,20.0,0.11941298842430115,0.43803514430532214,-1.5506454986341822
38.88313126564026,21.537924789847924,20.0,0.12521279277279973,0.46406648012110946,-1.5379247898479242
38.90330171585083,21.522015751305354,20.0,0.12335500179324299,0.4818044088990426,-1.5220157513053536
38.92383098602295,21.499678746177956,20.0,0.07234820036683232,0.5191270157904362,-1.4996787461779562
38.944119930267334,21.45956760218043,20.0,0.0923493622103706,0.47072869243333093,-1.4595676021804316
38.96565508842468,21.424742082875643,20.0,0.11058653763029724,0.4581249745772218,-1.4247420828756425
38.987346172332764,21.366349868772637,20.0,0.13486267684493214,0.48445923609891883,-1.3663498687726374
39.002888441085815,21.288494914212183,20.0,0.13486267684493214,0.48445923609891883,-1.2884949142121833
39.02336812019348,21.19917338016965,20.0,0.15721053874585778,0.5225469505623912,-1.1991733801696505
39.04285740852356,21.104241444017457,20.0,0.22721053874585778,0.4852760134474372,-1.1042414440174575
39.06331777572632,21.00791455347517,20.0,0.16059721475932748,0.5085276922420596,-1.007914553475171
39.082887411117554,20.913157439886028,20.0,0.14225009484682233,0.5215660006017422,-0.913157439886028
39.105449199676514,20.821987976301525,20.0,0.11471837601158769,0.553686105480883,-0.821987976301525
39.126577377319336,20.735713185708583,20.0,0.13671792699489743,0.5209454342932438,-0.7357131857085832
39.14313459396362,20.65279555401808,20.0,0.13671792699489743,0.5209454342932438,-0.6527955540180805
39.16328287124634,20.567445980306086,20.0,0.13444802915211768,0.5133113873400723,-0.5674459803060863
39.18358063697815,20.493343301331237,20.0,0.10762356226798148,0.5114750094455665,-0.4933433013312367
39.20357704162598,20.41831876840153,20.0,0.09543842920567841,0.5638488508504813,-0.41831876840153015
39.22289299964905,20.344631197354666,20.0,0.1421296010306105,0.5561435051006263,-0.34463119735466563
39.24311804771423,20.273814281966747,20.0,0.13893909710925073,0.5936276219529097,-0.2738142819667466
39.26301574707031,20.20685764008764,20.0,0.10690683085005731,0.5765650696796363,-0.20685764008764096
39.28668713569641,20.144346903805868,20.0,0.0847492716787383,0.5852434864011591,-0.144346903805868
39.30352568626404,20.08657167033668,20.0,0.0847492716787383,0.5852434864011591,-0.08657167033668145
39.32354807853699,20.033608284563407,20.0,0.07936037430074067,0.5982050863769834,-0.0336082845634067
39.34376287460327,19.985382958412735,20.0,0.13231223919894547,0.5282050863769834,0.014617041587264623
39.362908363342285,19.94171956907539,20.0,0.07114602351095528,0.4582050863769834,0.05828043092461144
39.382819414138794,19.904691903819764,20.0,0.07532846653368325,0.4468990417313759,0.09530809618023639
39.40371775627136,19.872543539483644,20.0,0.12593773105647416,0.4882101530325596,0.12745646051635617
39.42370367050171,19.845337112097365,20.0,0.06816744157578797,0.4934153917361979,0.15466288790263505
39.44298529624939,19.822280279881173,20.0,0.07781325006391854,0.505043127306271,0.17771972011882653
39.466676235198975,19.805029683689266,20.0,0.06971560423728079,0.4962151448358778,0.1949703163107337
39.483171224594116,19.794582971096638,20.0,0.06971560423728079,0.4962151448358778,0.2054170289033621
39.50327444076538,19.789137424866333,20.0,0.08216293254401535,0.4776901050587181,0.21086257513366746
39.52313232421875,19.787309107685665,20.0,0.07564308126922697,0.4682929876376871,0.2126908923143347
39.543232917785645,19.788041432100567,20.0,0.06370234494563193,0.5206719177891497,0.21195856789943335
39.5631422996521,19.792849375795114,20.0,0.026839036545716233,0.4873798254062418,0.2071506242048855
39.58308291435242,19.800361452015675,20.0,0.0053727888083085484,0.4295137177337889,0.1996385479843248
39.603294372558594,19.806883628382778,20.0,0.03279382181819529,0.46374482169048825,0.19311637161722217
39.62321209907532,19.815216505825628,20.0,0.07231513974722475,0.4863575666327957,0.184783494174372
39.64297437667847,19.824587448691457,20.0,0.12232175288256258,0.5254563360591415,0.17541255130854339
39.662973165512085,19.83443244127629,20.0,0.12232175288256258,0.5254563360591415,0.16556755872370843
39.68337392807007,19.844347235782795,20.0,0.13118362990673632,0.5532169702579264,0.15565276421720498
39.7033965587616,19.85636555806602,20.0,0.10407258947845549,0.5743171672453169,0.14363444193397967
39.72325325012207,19.869528207959423,20.0,0.12194721592124552,0.5771037370082919,0.13047179204057713
39.74323844909668,19.883138785171095,20.0,0.1718166564172134,0.5591882906970564,0.11686121482890499
39.76329207420349,19.896701778613462,20.0,0.1746360357431695,0.5285897396621291,0.1032982213865381
39.783167362213135,19.90755792196575,20.0,0.17519338009180502,0.5735249176737849,0.09244207803424942
39.803502559661865,19.916247827727485,20.0,0.17435052175307647,0.5851625345763747,0.08375217227251497
39.82308602333069,19.92379262577365,20.0,0.15401077199960128,0.5612878363695923,0.0762073742263496
39.8429856300354,19.927438323927234,20.0,0.15401077199960128,0.5612878363695923,0.07256167607276609
39.8631272315979,19.92596335354876,20.0,0.14122639898443595,0.5677895780769173,0.07403664645124053
39.88313341140747,19.916337843564467,20.0,0.11514975618803874,0.5717239721794609,0.08366215643553332
39.90332388877869,19.898988459525867,20.0,0.12325530894333497,0.54876013911562,0.10101154047413274
39.92403221130371,19.87441511685316,20.0,0.1109501749672927,0.5363400221918706,0.12558488314683913
39.943843126297,19.84315543367365,20.0,0.09910904731834308,0.48566306914435664,0.1568445663263489
39.963786602020264,19.81039174297668,20.0,0.07345102284336463,0.48802930415840784,0.18960825702331974
39.982959270477295,19.775130533602347,20.0,0.11309953335905448,0.4610843856004063,0.22486946639765293
40.0032696723938,19.74138025015469,20.0,0.13403082568431274,0.4926989536848847,0.2586197498453089
40.02301001548767,19.70956891141384,20.0,0.14350117299938575,0.5386017311480824,0.2904310885861605
40.04363751411438,19.681949494936983,20.0,0.14350117299938575,0.5386017311480824,0.3180505050630167
40.063356161117554,19.65827917570599,20.0,0.1666210472979583,0.5724107261863534,0.3417208242940113
40.08390283584595,19.640291998950975,20.0,0.12397216934943572,0.6125947509077374,0.35970800104902523
40.10372519493103,19.62672627184446,20.0,0.14348141219699756,0.6617727588978592,0.3732737281555387
40.12350940704346,19.61658912041042,20.0,0.14804800994927064,0.6748394511756484,0.3834108795895794
40.14311933517456,19.609100554073063,20.0,0.1690797845297493,0.6600156121072356,0.39089944592693726
40.163904428482056,19.60364900346794,20.0,0.21451816357905046,0.6989038542029444,0.3963509965320604
40.18337416648865,19.599755999152798,20.0,0.15509660192066804,0.7,0.40024400084720213
40.20316672325134,19.597048130297203,20.0,0.14635523058706895,0.6819500837475061,0.40295186970279673
40.22309994697571,19.595234798928754,20.0,0.14635523058706895,0.6819500837475061,0.40476520107124614
40.2435462474823,19.59177423785968,20.0,0.17687578149372712,0.7,0.4082257621403187
40.26370406150818,19.588769690387192,20.0,0.19820982799166814,0.6898351104930043,0.41123030961280804
40.28408980369568,19.586968469263244,20.0,0.19269175989786164,0.6784267246723175,0.413031530736756
40.30358672142029,19.583734177973042,20.0,0.17722522350260989,0.6274547733366489,0.4162658220269577
40.323968172073364,19.579589743601087,20.0,0.21690903486916796,0.637094404362142,0.42041025639891316
40.34307265281677,19.572606019704022,20.0,0.22094068652251736,0.6052003165706992,0.4273939802959781
40.36307764053345,19.56151788809918,20.0,0.21202331943670288,0.5352003165706991,0.43848211190082154
40.38393998146057,19.54787114177483,20.0,0.21202331943670288,0.5352003165706991,0.45212885822516924
40.4031023979187,19.528174194132475,20.0,0.17463180957594887,0.5508016833290457,0.47182580586752465
40.42360973358154,19.50479400604997,20.0,0.16944062965223566,0.5865493976697325,0.4952059939500302
40.443902015686035,19.474838997461905,20.0,0.1280356708378531,0.5868733796186278,0.5251610025380948
40.46392369270325,19.43184131598521,20.0,0.08343151467153803,0.6500124084658454,0.5681586840147901
40.48357701301575,19.394509631144203,20.0,0.026563259533140815,0.6492059958644676,0.6054903688557971
40.503212213516235,19.339239934319153,20.0,0.0060926217050291664,0.6642114204831886,0.6607600656808472
40.52381134033203,19.275283820579105,20.0,0.004013759775552905,0.6744365302391815,0.724716179420895
40.54341697692871,19.206979848269537,20.0,0.01842196820536629,0.6044365302391814,0.7930201517304631
40.563143253326416,19.139772430524626,20.0,0.012872169020120061,0.6002002306946086,0.8602275694753736
40.583738803863525,19.079730598637944,20.0,0.012872169020120061,0.6002002306946086,0.9202694013620558
40.60398983955383,19.02856458660636,20.0,0.02273895334685222,0.6140019031905102,0.9714354133936389
40.623340368270874,18.987228368196938,20.0,0.005131633246783174,0.6399236093007492,1.0127716318030622
40.643043518066406,18.958441839831785,20.0,0.0,0.6412159980705472,1.041558160168215
40.6636860370636,18.943763442575857,20.0,0.009052776731550694,0.5908334658911916,1.0562365574241426
40.683903217315674,18.95085286504229,20.0,0.04210167098790407,0.5460015901795121,1.0491471349577104
40.70316934585571,18.993722080763657,20.0,0.0,0.5189931163063737,1.006277919236343
40.72419333457947,19.030942228356004,20.0,0.0,0.5189931163063737,0.9690577716439961
40.74367165565491,19.111159693951993,20.0,0.002914703916758299,0.5069235212600323,0.8888403060480066
40.76376032829285,19.22839352451287,20.0,0.03953387914225459,0.5212692528462501,0.771606475487129
40.78370475769043,19.37056486051684,20.0,0.06771208485588431,0.517744141720468,0.6294351394831601
40.80303621292114,19.526310389193412,20.0,0.12537430739030242,0.5274176058324518,0.4736896108065878
40.82379913330078,19.69201232569198,20.0,0.12537430739030242,0.5274176058324518,0.3079876743080199
40.84334945678711,19.8648954274032,20.0,0.14861387526616454,0.5334432749974074,0.13510457259679853
40.864171743392944,20.040526458205694,20.0,0.1447933167219162,0.5511769513564648,-0.04052645820569367
40.88350868225098,20.21343740960687,20.0,0.19514495134353638,0.5868133763747754,-0.2134374096068683
40.90382647514343,20.379901997347833,20.0,0.19514495134353638,0.5868133763747754,-0.37990199734783303
40.923667430877686,20.53518556246972,20.0,0.1826228341087699,0.5922040707396807,-0.5351855624697208
40.9429829120636,20.670006718286228,20.0,0.21494400408118963,0.565641324125463,-0.6700067182862277
40.96370530128479,20.795665695915634,20.0,0.19940950348973274,0.6037124684976878,-0.7956656959156341
40.98431468009949,20.909332726836936,20.0,0.1662396602332592,0.6088876538875045,-0.9093327268369364
41.00515937805176,21.009358355709683,20.0,0.14553209953010082,0.5924962815793695,-1.0093583557096828
41.02389121055603,21.081058332339296,20.0,0.14553209953010082,0.5924962815793695,-1.0810583323392962
41.043623208999634,21.10339804311995,20.0,0.15238677337765694,0.6132321582140865,-1.1033980431199488
41.063340187072754,21.065384489840685,20.0,0.12984981015324593,0.6590733827056827,-1.0653844898406852
41.08309030532837,20.97255449541544,20.0,0.11976438201963902,0.6897811629774513,-0.9725544954154408
41.105486154556274,20.84178025056011,20.0,0.08337096683681011,0.6790874340536537,-0.8417802505601095
41.12629580497742,20.69041356152943,20.0,0.039695026353001595,0.6700842632877173,-0.6904135615294287
41.143869400024414,20.558993137537897,20.0,0.039695026353001595,0.6700842632877173,-0.5589931375378967
41.16303205490112,20.414630449447877,20.0,0.048176675103604794,0.6638935116084757,-0.41463044944787697
41.18403649330139,20.262766633283263,20.0,0.03511335048824549,0.670380342841381,-0.2627666332832632
41.20537233352661,20.112011383217627,20.0,0.09705303329974413,0.6774964068050029,-0.11201138321762727
41.22684645652771,19.968315608147154,20.0,0.07336763385683298,0.6318882290238979,0.03168439185284555
41.2432587146759,19.835626641188426,20.0,0.07336763385683298,0.6318882290238979,0.16437335881157367
41.2633159160614,19.71407979131251,20.0,0.12006343249231577,0.6063259482348802,0.28592020868748946
41.28318667411804,19.60810808833839,20.0,0.10050817858427763,0.5907706987077834,0.3918919116616095
41.305617570877075,19.52038014665979,20.0,0.10323309944942594,0.5667665857786777,0.4796198533402105
41.326915979385376,19.45921776545817,20.0,0.05787546606734395,0.6218409236485603,0.5407822345418296
41.34330606460571,19.436650015273994,20.0,0.05787546606734395,0.6218409236485603,0.5633499847260062
41.36347723007202,19.417056118382067,20.0,0.058618206647224724,0.5934313289786222,0.5829438816179326
41.38390517234802,19.426788537508568,20.0,0.07790260959882289,0.6029876941780092,0.5732114624914324
41.405598878860474,19.45663394480586,20.0,0.10631599661428481,0.5918908869812729,0.5433660551941415
41.4242000579834,19.499662867435767,20.0,0.10631599661428481,0.5918908869812729,0.5003371325642334
41.443395137786865,19.557663823316062,20.0,0.09622309089172632,0.5845159823971333,0.44233617668393777
41.46337532997131,19.626851799468174,20.0,0.029303711955435574,0.6361980597453656,0.3731482005318263
41.48647332191467,19.704302967238196,20.0,0.029303711955435574,0.6361980597453656,0.2956970327618045
41.50358319282532,19.78545236885582,20.0,0.041637000744231045,0.6607584684120955,0.2145476311441783
41.52318239212036,19.867031807452836,20.0,0.04765212454367429,0.6430203868972602,0.13296819254716397
41.54420804977417,19.94907627196488,20.0,0.07351046346593648,0.6377542797441127,0.05092372803511935
41.56798195838928,20.029281461229004,20.0,0.11669484816957265,0.6504661530221345,-0.029281461229004435
41.5833101272583,20.098917654283838,20.0,0.11669484816957265,0.6504661530221345,-0.09891765428383792
41.6038658618927,20.166555247374575,20.0,0.13175607018638402,0.6409243201802017,-0.16655524737457483
41.62730002403259,20.235654766641293,20.0,0.10798932716716081,0.6671403521636965,-0.23565476664129292
41.643471240997314,20.3108976449761,20.0,0.10798932716716081,0.6671403521636965,-0.3108976449761016
41.66347908973694,20.3907409102828,20.0,0.07862230308819562,0.6394811967352869,-0.3907409102828012
41.68287372589111,20.471675253553048,20.0,0.07962024747394025,0.6169965030590536,-0.4716752535530482
41.70327925682068,20.551234422200675,20.0,0.07962024747394025,0.6169965030590536,-0.5512344222006753
41.72282123565674,20.625425299953207,20.0,0.059344900539144874,0.6156017745111602,-0.6254252999532071
41.74366331100464,20.693932175233524,20.0,0.07107034022919834,0.6481116527889388,-0.6939321752335239
41.762805223464966,20.756685562241483,20.0,0.10939364950172603,0.6451420064282136,-0.7566855622414828
41.78287220001221,20.81378883007265,20.0,0.10939364950172603,0.6451420064282136,-0.8137888300726495
41.80378842353821,20.86336734511933,20.0,0.14166494528762996,0.6375717490178066,-0.8633673451193289
41.82291626930237,20.908508017731098,20.0,0.1478080980014056,0.6558216686558442,-0.9085080177310978
41.844576358795166,20.94937657422765,20.0,0.12207832257263362,0.6228647071134763,-0.9493765742276494
41.86324214935303,20.986200716032887,20.0,0.12207832257263362,0.6228647071134763,-0.9862007160328865
41.88280487060547,21.019245190218083,20.0,0.12334797973744571,0.660295816810103,-1.0192451902180828
41.90469288825989,21.04647714957093,20.0,0.08357669482938945,0.684609402642818,-1.0464771495709293
41.92347693443298,21.066637806421667,20.0,0.08357669482938945,0.684609402642818,-1.0666378064216673
41.94283437728882,21.081355543006016,20.0,0.05958779598586261,0.6690823656704741,-1.0813555430060156
41.96493196487427,21.09190484933463,20.0,0.0682567588519305,0.6929460183915215,-1.0919048493346288
41.98334336280823,21.09696447167309,20.0,0.0682567588519305,0.6929460183915215,-1.0969644716730897
42.003774881362915,21.10039406924769,20.0,0.0787616369780153,0.7,-1.1003940692476917
42.02431583404541,21.103371733423746,20.0,0.1152446789201349,0.6570516496896743,-1.1033717334237458
42.04299449920654,21.105186380910425,20.0,0.1152446789201349,0.6570516496896743,-1.1051863809104248
42.06290006637573,21.10614539492903,20.0,0.12654788861982524,0.6676496880128979,-1.1061453949290296
42.0829439163208,21.106484827977184,20.0,0.09583964827470481,0.653949281014502,-1.1064848279771837
42.10866928100586,21.106384966489664,20.0,0.1176822695415467,0.6410052252933383,-1.1063849664896637
42.12307834625244,21.105982611455758,20.0,0.1176822695415467,0.6410052252933383,-1.105982611455758
42.144535541534424,21.105380754350023,20.0,0.08915680344216526,0.6255793523043394,-1.1053807543500227
42.16372513771057,21.10465618889054,20.0,0.08915680344216526,0.6255793523043394,-1.1046561888905408
42.18349361419678,21.10386548845626,20.0,0.06389481271617115,0.5957798928022384,-1.103865488456261
42.20273280143738,21.103049690789028,20.0,0.04086257773451507,0.5627687096595764,-1.1030496907890281
42.222793102264404,21.10223796133591,20.0,0.04086257773451507,0.5627687096595764,-1.1022379613359092
42.24280905723572,21.103766798712332,20.0,0.028974391287192702,0.5775193942710757,-1.103766798712332
42.26358461380005,21.105094174355617,20.0,0.017618737882003188,0.5764894971391186,-1.1050941743556173
42.282768964767456,21.10803351706827,20.0,0.0299381238874048,0.645773928775452,-1.1080335170682716
42.30278038978577,21.114331382572253,20.0,0.05551557964645326,0.6360384236788377,-1.114331382572253
42.32368302345276,21.125112380771807,20.0,0.05551557964645326,0.6360384236788377,-1.1251123807718066
42.34316301345825,21.1387231431221,20.0,0.07454391359351575,0.6022905010497197,-1.1387231431220997
42.362913608551025,21.153940694063078,20.0,0.07835737336426973,0.5986539916368201,-1.1539406940630776
42.382845878601074,21.16987323196791,20.0,0.08513497468084097,0.6135737606557086,-1.1698732319679088
42.403212785720825,21.185882485478174,20.0,0.08513497468084097,0.6135737606557086,-1.1858824854781744
42.4238338470459,21.201523101970864,20.0,0.060223338194191456,0.6312442635418847,-1.2015231019708636
42.443904876708984,21.216495463621257,20.0,0.08758975472301245,0.6158608961151912,-1.216495463621257
42.462865114212036,21.229494850268672,20.0,0.15758975472301245,0.5912171582924202,-1.2294948502686722
42.48334264755249,21.24189547291609,20.0,0.15758975472301245,0.5912171582924202,-1.2418954729160916
42.50365900993347,21.25355338871754,20.0,0.15318876149132848,0.5980034553678706,-1.2535533887175383
42.522992849349976,21.266704539834056,20.0,0.13251322710886598,0.5720315826358273,-1.2667045398340555
42.54487633705139,21.280546265779833,20.0,0.09850526804104448,0.5559537661494687,-1.280546265779833
42.563647747039795,21.294502854267265,20.0,0.09850526804104448,0.5559537661494687,-1.2945028542672645
42.58314108848572,21.30585505153673,20.0,0.09190767973661423,0.5136935291113331,-1.3058550515367315
42.6061954498291,21.312782755610137,20.0,0.07457113981246949,0.4801533957244828,-1.3127827556101366
42.62283968925476,21.314138366330138,20.0,0.07457113981246949,0.4801533957244828,-1.3141383663301376
42.64367389678955,21.311587983104268,20.0,0.05522215336561204,0.5019752913387492,-1.3115879831042676
42.66763782501221,21.3063917880225,20.0,0.024096797853708274,0.4741668579401448,-1.3063917880224984
42.683353662490845,21.301880318787347,20.0,0.024096797853708274,0.4741668579401448,-1.3018803187873473
42.70297288894653,21.297894184297714,20.0,0.024096797853708274,0.4741668579401448,-1.2978941842977143
42.72716283798218,21.289745295021532,20.0,0.07870689004659653,0.5438799438299611,-1.2897452950215325
42.74365854263306,21.26965440853116,20.0,0.07870689004659653,0.5438799438299611,-1.26965440853116
42.763105630874634,21.237165641551396,20.0,0.0930138534680009,0.526690083486028,-1.237165641551396
42.786322593688965,21.19692178747465,20.0,0.12035574268549681,0.5035278023453429,-1.1969217874746505
42.80386424064636,21.154668372289144,20.0,0.12035574268549681,0.5035278023453429,-1.1546683722891444
42.823078870773315,21.11213273956282,20.0,0.07389158260077239,0.544334274646826,-1.1121327395628207
42.842846393585205,21.070522106138473,20.0,0.08729362923651934,0.545073802396655,-1.0705221061384727
42.86312222480774,21.030650602945467,20.0,0.08729362923651934,0.545073802396655,-1.0306506029454674
42.883851528167725,20.993037874798233,20.0,0.06039435479789973,0.5668328542262315,-0.9930378747982331
42.90309476852417,20.960381543922253,20.0,0.04731605265289546,0.5665032377757597,-0.960381543922253
42.92323923110962,20.929632266814203,20.0,0.04731605265289546,0.5665032377757597,-0.9296322668142025
42.94369029998779,20.901017985854033,20.0,0.0,0.5450149940617848,-0.9010179858540326
42.96368885040283,20.87464075776021,20.0,0.020044023171067238,0.5687577517994213,-0.8746407577602113
42.983086347579956,20.85051251184101,20.0,0.060177071020007133,0.5491773763962555,-0.8505125118410106
43.00380253791809,20.828582262274168,20.0,0.060177071020007133,0.5491773763962555,-0.8285822622741676
43.02337121963501,20.813389363513547,20.0,0.06853561662137508,0.5371880185150075,-0.8133893635135472
43.043694496154785,20.814858244392575,20.0,0.076738266274333,0.539553980884375,-0.8148582443925747
43.063164472579956,20.839443099475734,20.0,0.04289268143475056,0.56716177946073,-0.8394430994757336
43.08413362503052,20.88406862266975,20.0,0.018139025196433067,0.5926821451459545,-0.8840686226697514
43.10378980636597,20.941437900714234,20.0,0.018139025196433067,0.5926821451459545,-0.9414379007142344
43.123790979385376,20.99124737261968,20.0,0.017658671946264803,0.5770592210639733,-0.9912473726196787
43.14360046386719,21.049392635395176,20.0,0.015374643146060407,0.5118067828763742,-1.0493926353951757
43.166062355041504,21.1117953631127,20.0,0.028674964210949838,0.5255930289451498,-1.1117953631127016
43.18289852142334,21.175510625379786,20.0,0.028674964210949838,0.5255930289451498,-1.1755106253797862
43.203632831573486,21.238458339484303,20.0,0.03151989623438567,0.4886917300347704,-1.2384583394843034
43.223310708999634,21.29921394934238,20.0,0.04661214805673808,0.46513232363504353,-1.2992139493423807
43.24635648727417,21.359162106942563,20.0,0.06788536242675036,0.3951323236350435,-1.3591621069425628
43.263169288635254,21.416969496685798,20.0,0.06788536242675036,0.3951323236350435,-1.4169694966857982
43.28392291069031,21.47176644336611,20.0,0.05644896894227713,0.4174969735566992,-1.4717664433661106
43.30368971824646,21.523028227516438,20.0,0.0484404320595786,0.3891057017270941,-1.5230282275164377
43.32692289352417,21.570483558099248,20.0,0.0484404320595786,0.3891057017270941,-1.570483558099248
43.34392738342285,21.61168548770337,20.0,0.05189193051774055,0.4135786294017452,-1.6116854877033688
43.36332941055298,21.649816887567276,20.0,0.05357569921761751,0.3917338530544657,-1.649816887567276
43.384496450424194,21.687126956671264,20.0,0.03227285202592611,0.45314259259146633,-1.687126956671264
43.4040048122406,21.72288324259966,20.0,0.03227285202592611,0.45314259259146633,-1.7228832425996607
43.42523741722107,21.756617948032844,20.0,0.0,0.4209289493982214,-1.7566179480328437
43.44354510307312,21.785743080564757,20.0,0.0,0.4209289493982214,-1.7857430805647567
43.46315002441406,21.813215252302584,20.0,0.0,0.451430471522035,-1.8132152523025837
43.48350548744202,21.836498935577996,20.0,0.0,0.451430471522035,-1.8364989355779961
43.50389623641968,21.8562597377582,20.0,0.0,0.4509028221026528,-1.8562597377582009
43.52313709259033,21.875369169932306,20.0,0.0,0.47320243776892307,-1.8753691699323056
43.54353070259094,21.893522546196053,20.0,0.0,0.47320243776892307,-1.8935225461960528
43.56361365318298,21.908217086352355,20.0,0.016014711931347847,0.47431668618344697,-1.908217086352355
43.58316898345947,21.920975261285484,20.0,0.053745320066809654,0.4936575105192605,-1.9209752612854842
43.60374093055725,21.93351523490339,20.0,0.053745320066809654,0.4936575105192605,-1.933515234903389
43.62329125404358,21.94325681240246,20.0,0.09692997299134731,0.48292921090149316,-1.9432568124024598
43.642926931381226,21.950797940496056,20.0,0.08835261315107346,0.4817773457861039,-1.9507979404960558
43.66345238685608,21.95661193387675,20.0,0.08835261315107346,0.4817773457861039,-1.9566119338767507
43.683929681777954,21.96107306611673,20.0,0.049577608704566956,0.4388456810510251,-1.9610730661167288
43.7032425403595,21.964476954824438,20.0,0.005022671073675156,0.48490731234312984,-1.9644769548244376
43.72379922866821,21.967056793744952,20.0,0.0,0.516941236356506,-1.967056793744952
43.743016719818115,21.968996272433422,20.0,0.037619698792696,0.5214563496655318,-1.9689962724334222
43.763412952423096,21.970439854685,20.0,0.037619698792696,0.5214563496655318,-1.9704398546850008
43.78327488899231,21.971693209652223,20.0,0.02251994051039219,0.5313895335665437,-1.9716932096522228
43.80357336997986,21.970272798219888,20.0,0.050794802606105804,0.5431754496193024,-1.970272798219888
43.82352542877197,21.969349023862026,20.0,0.06473070662468672,0.4731754496193024,-1.9693490238620264
43.842957496643066,21.968794549869465,20.0,0.024484614841639996,0.4341909124946686,-1.9687945498694646
43.86385202407837,21.96619484970058,20.0,0.024484614841639996,0.4341909124946686,-1.9661948497005817
43.88348436355591,21.9645594383709,20.0,0.057918998412787914,0.4287623244768473,-1.9645594383709017
43.90304660797119,21.963636904284794,20.0,0.0,0.43670386108220544,-1.9636369042847939
43.923850536346436,21.963233834065303,20.0,0.0,0.39835610645473923,-1.9632338340653028
43.943352460861206,21.960885848067697,20.0,0.0,0.4221671226865145,-1.9608858480676972
43.963088035583496,21.959565190648068,20.0,0.0,0.44081522929132905,-1.9595651906480676
43.98309826850891,21.958992901334693,20.0,0.0,0.44081522929132905,-1.9589929013346925
44.00309681892395,21.95849602514158,20.0,0.04312344640493393,0.46770712951780286,-1.9584960251415815
44.0229287147522,21.958524095885938,19.999999074076392,0.027941088192164898,0.48119208807707753,-1.958525021809546
44.04393529891968,21.96123239277988,19.99998558675122,0.0,0.4767011942772659,-1.9612468060286616
44.06362175941467,21.965730945414915,19.999960549225893,0.0,0.42621874608681526,-1.965770396189022
44.08516788482666,21.97135441576664,19.999916363240313,0.025725198909640312,0.3903107734827789,-1.9714380525263273
44.10373282432556,21.97761102598042,19.99988541617366,0.025725198909640312,0.3903107734827789,-1.9777256098067575
44.123451709747314,21.984142510451175,19.99974920873657,0.05400480516254902,0.39284873273805704,-1.9843933017146043
44.14381766319275,21.988376432536697,19.99961570871733,0.06397372018545866,0.4311563212855252,-1.988760723819368
44.16754698753357,21.990902928197546,19.999441996863748,0.08032216411083937,0.43628503414452996,-1.9914609313337976
44.183356285095215,21.992176893362018,19.999338456408594,0.08032216411083937,0.43628503414452996,-1.9928384369534236
44.2036554813385,21.994863648229625,19.998953473763933,0.05156559217721224,0.4279745112603995,-1.995910174465692
44.22722935676575,21.99719635740179,19.998628565788113,0.030580627731978893,0.44435882041812863,-1.9985677916136773
44.24386692047119,21.998169859606556,19.998628565788113,0.030580627731978893,0.44435882041812863,-1.9995412938184423
44.26355028152466,21.998173626711097,19.997792618853808,0.0,0.4525263573473784,-2.000381007857289
44.287044286727905,21.99750373551598,19.997271805339228,0.02885669469833374,0.4412494044250342,-2.000231930176753
44.3031165599823,21.99638358936408,19.997271805339228,0.02885669469833374,0.4412494044250342,-1.9991117840248513
44.32299494743347,21.994980226265774,19.99634849560734,0.014961404725909233,0.4315862323588225,-1.9986317306584347
44.34304118156433,21.993417131705833,19.996000461334038,0.014961404725909233,0.4315862323588225,-1.9974166703717948
44.363173484802246,21.991784285990455,19.995240475113555,0.02209964720532298,0.40438974122167554,-1.9965438108769007
44.38297128677368,21.990146025963238,19.99393200980171,0.0,0.40703937932499673,-1.9962140161615274
44.40324378013611,21.98854718142997,19.993448630237143,0.0,0.40703937932499673,-1.9950985511928252
44.4235942363739,21.987017851505048,19.99184888902595,0.05918540433049202,0.40376488500856783,-1.9951689624790987
44.443031787872314,21.985690048218583,19.99065213566044,0.06447035120800138,0.4269570541533175,-1.9950379125581428
44.46301555633545,21.984424277680287,19.990013021093123,0.06447035120800138,0.4269570541533175,-1.9944112565871635
44.48302674293518,21.98323495312263,19.987926172606485,0.029684812296181917,0.4242880387196782,-1.9953087805161438
44.50294017791748,21.98213007096906,19.986388289609497,0.03003818550496362,0.4561374081263783,-1.9957417813595626
44.524067401885986,21.98342930799233,19.985573750741466,0.03003818550496362,0.4561374081263783,-1.9978555572508654
44.54363465309143,21.98404780979726,19.982941422268954,0.07453339183120988,0.44667358565726306,-2.0011063875283064
44.56315994262695,21.98649353377974,19.980015112143196,0.06609530569403432,0.4496277336461934,-2.006478421636544
44.58421564102173,21.9901439537231,19.978971950465006,0.06609530569403432,0.4496277336461934,-2.0111720032580926
44.604050636291504,21.994534925469146,19.976781002089655,0.08692480259924196,0.4609528880997094,-2.017753923379491
44.62305736541748,21.997008198323005,19.9732255291929,0.09187537207617424,0.445113061784068,-2.0237826691301066
44.64323949813843,21.99808429222206,19.971966649991725,0.09187537207617424,0.445113061784068,-2.0261176422303357
44.663294315338135,21.999018584419204,19.969335384484467,0.16187537207617425,0.4520819488412234,-2.0296831999347376
44.6873300075531,21.998972748967724,19.965097511530747,0.16350635131704622,0.4837814311927649,-2.033875237436977
44.703280448913574,21.998247344025994,19.963605393798964,0.16350635131704622,0.4837814311927649,-2.03464195022703
44.724798917770386,21.997069041389096,19.95888400701292,0.11228708168375306,0.46210521305561986,-2.038185034376177
44.743550062179565,21.993290870835278,19.95888400701292,0.11228708168375306,0.46210521305561986,-2.0344068638223582
44.763718128204346,21.985490108118242,19.95378540111751,0.08928191279876047,0.4640936081728431,-2.0317047070007312
44.78447103500366,21.97278457181548,19.948297351263292,0.10096275517600589,0.48547126291901793,-2.0244872205521887
44.80431246757507,21.9384763441773,19.948297351263292,0.10096275517600589,0.48547126291901793,-1.9901789929140072
44.824116945266724,21.869220366947875,19.942407879016475,0.09989220709423535,0.5139184588065835,-1.9268124879314001
44.84632468223572,21.763617512372633,19.936105250946774,0.1138624098605942,0.45120058147818765,-1.8275122614258592
44.86396026611328,21.635551980297024,19.936105250946774,0.1138624098605942,0.45120058147818765,-1.6994467293502495
44.88406491279602,21.52436221568068,19.93166828391137,0.08029618454049342,0.4753291321417781,-1.5926939317693076
44.90330266952515,21.39872167317969,19.924651649481078,0.039015676499111585,0.41442381343455037,-1.4740700236986122
44.92939352989197,21.264038798299534,19.91719175713639,0.027529677049024037,0.4341715214273425,-1.3468470411631444
44.94414567947388,21.12894119729532,19.91719175713639,0.027529677049024037,0.4341715214273425,-1.211749440158929
44.963603258132935,20.997116018564967,19.909277759711784,0.026282129714963964,0.45857710330397805,-1.087838258853182
44.983399391174316,20.87103803886828,19.903744232170276,0.06441126195597463,0.4672951831913086,-0.9672938066980059
45.00409388542175,20.754591070963013,19.90089904845534,0.06441126195597463,0.4672951831913086,-0.8536920225076727
45.024271726608276,20.650218910872397,19.892045251616622,0.0,0.44379056649864634,-0.7581736592557746
45.0432505607605,20.556984393115545,19.885873768792155,0.03171603009104729,0.4949807341641279,-0.67111062432339
45.0633807182312,20.473943049514062,19.882706233034565,0.03171603009104729,0.4949807341641279,-0.5912368164794977
45.08399224281311,20.40248657902146,19.872872090725338,0.044716229662299156,0.5344267714268061,-0.5296144882961222
45.103763580322266,20.340446246969456,19.866036142656185,0.0727466382086277,0.5478260855621191,-0.4744101043132716
45.123229026794434,20.28709496205172,19.85535542128881,0.0869095791131258,0.5272383786237331,-0.4317395407629121
45.144022703170776,20.24118498663092,19.8516799894035,0.0869095791131258,0.5272383786237331,-0.3895049972274194
45.163376331329346,20.201653551647464,19.84415430503143,0.11297405697405338,0.5472847803926559,-0.35749924661603316
45.18424320220947,20.16991072084489,19.836393304729622,0.14310470409691334,0.52327067996026,-0.3335174161152672
45.20305895805359,20.149046977145876,19.824304852957024,0.10433030314743519,0.5787962249910923,-0.32474212418885173
45.22337746620178,20.138605844223267,19.82015489377216,0.10433030314743519,0.5787962249910923,-0.3184509504511084
45.24376893043518,20.140311923840226,19.811672363572132,0.09417679067701101,0.5087962249910922,-0.32863956026809404
45.263309717178345,20.15504295212638,19.802944277981712,0.1495274445042014,0.4630124631023498,-0.352098674144667
45.283135175704956,20.18074896819314,19.789386388377036,0.16880567837506533,0.4555417459143789,-0.39136257981610356
45.303847312927246,20.21108416853006,19.784741689171213,0.16880567837506533,0.4555417459143789,-0.4263424793588477
45.32337212562561,20.243835228662622,19.775262420100255,0.15617324691265821,0.46975622155354335,-0.46857280856236727
45.34315276145935,20.272270535243987,19.76552806356523,0.13219450507313013,0.4637896182632537,-0.5067424716787556
45.36294865608215,20.302089406170264,19.750443277486532,0.10645413305610418,0.49377788851619675,-0.551646128683732
45.38388800621033,20.329767052547815,19.745285035849303,0.10645413305610418,0.49377788851619675,-0.5844820166985123
45.403223752975464,20.35291165675446,19.734771946560333,0.11037868214771152,0.5001157002209218,-0.6181397101941286
45.42369318008423,20.36534868076624,19.718506796530313,0.1147937960922718,0.5291450695751698,-0.6468418842359256
45.44298839569092,20.353806216140278,19.718506796530313,0.1147937960922718,0.5291450695751698,-0.6352994196099644
45.463768005371094,20.312014180029735,19.701640769430483,0.05941946431994438,0.5441564881859811,-0.6103734105992515
45.48497247695923,20.25031280837387,19.68416702217306,0.09323745965957642,0.5992469342111142,-0.5661457862008099
45.50319814682007,20.176408935068753,19.68416702217306,0.09323745965957642,0.5992469342111142,-0.4922419128956932
45.523558616638184,20.095977171711628,19.659911921993604,0.06332376413047314,0.5950800796656401,-0.4360652497180233
45.545953035354614,20.026144261244536,19.64737006075263,0.09872018359601498,0.5520188828615935,-0.37877420049190746
45.56312274932861,19.952500318499627,19.64737006075263,0.09872018359601498,0.5520188828615935,-0.305130257746999
45.583356857299805,19.880466533706702,19.621448572288656,0.11030610650777817,0.5875096229522021,-0.2590179614180457
45.6074538230896,19.8114495758535,19.608065411470264,0.10918023460544646,0.5766915606020482,-0.20338416438323748
45.623141288757324,19.746346981529847,19.608065411470264,0.10918023460544646,0.5766915606020482,-0.13828157005958275
45.643211364746094,19.685678999446765,19.580445730131665,0.07275210344232619,0.5833428806310983,-0.10523326931510013
45.66414260864258,19.63200645852476,19.580445730131665,0.07275210344232619,0.5833428806310983,-0.051560728393095445
45.683043241500854,19.58692369629512,19.558977825263664,0.1052712278906256,0.605946766833076,-0.027945871031455738
45.703038454055786,19.55594442186135,19.54430427960782,0.10774131957441568,0.5579770269489379,-0.011640142253529717
45.723198652267456,19.54715934988156,19.53685844907848,0.10774131957441568,0.5579770269489379,-0.010300900803080992
45.743168115615845,19.563286858449434,19.51408249422415,0.09703592583537102,0.5942566084361167,-0.049204364225282404
45.763078927993774,19.577289173142905,19.49853132759125,0.08001412451267242,0.6187611712759824,-0.0787578455516531
45.7834370136261,19.60845028613926,19.490645055047093,0.08001412451267242,0.6187611712759824,-0.11780523109216645
45.80364656448364,19.653024664814573,19.466541426179987,0.13978153839707375,0.6212785869522484,-0.1864832386345867
45.82295823097229,19.705740882251124,19.450100001314986,0.17696178704500198,0.5898488826735409,-0.2556408809361379
45.842809200286865,19.762722931204646,19.42487613943873,0.195164754986763,0.5949708201608153,-0.3378467917659158
45.86317491531372,19.82348253546398,19.41631777086492,0.195164754986763,0.5949708201608153,-0.4071647645990595
45.882848501205444,19.88758099086213,19.398974508664402,0.1980826596263796,0.5818702249473424,-0.48860648219772784
45.9034218788147,19.952309238921146,19.381328241605498,0.19552150182425976,0.5967082955560179,-0.5709809973156474
45.92283844947815,20.013452674449326,19.354288240454203,0.18777758814394474,0.6211675421020479,-0.659164433995123
45.94339990615845,20.068178392534932,19.34512220185442,0.18777758814394474,0.6211675421020479,-0.7230561906805129
45.962790966033936,20.11468785114183,19.326560278634847,0.11777758814394473,0.5973889917752238,-0.7881275725069834
45.983052492141724,20.155068550547206,19.307691049130174,0.1221449382789433,0.5298321784159632,-0.8473775014170322
46.00348520278931,20.18469156293169,19.278808869647712,0.12359991431701928,0.515729672895977,-0.9058826932839779
46.023632526397705,20.196796392812708,19.278808869647712,0.12359991431701928,0.515729672895977,-0.9179875231649959
46.042877435684204,20.182516326035362,19.24922989838717,0.1159335551271215,0.5404489186278076,-0.9332864276481914
46.06374764442444,20.147969828082875,19.22912200513594,0.09306623129639774,0.5294926573208065,-0.9188478229469332
46.083839654922485,20.10257348111952,19.19837521437773,0.12172433263156562,0.5464372128865214,-0.9041982667417905
46.10324811935425,20.050837457320537,19.18796990135069,0.12172433263156562,0.5464372128865214,-0.8628675559698458
46.123329877853394,19.991428819333237,19.16692413461335,0.11119113391730934,0.5124335341772528,-0.8245046847198871
46.142924547195435,19.930572990148974,19.134766292808248,0.04119113391730933,0.5316416413208933,-0.7958066973407263
46.16505765914917,19.87031581920079,19.11293394738527,0.004514637649990605,0.5840619594475718,-0.7573818718155216
46.18313002586365,19.81437888396726,19.101899398327237,0.004514637649990605,0.5840619594475718,-0.7124794856400243
46.20284080505371,19.76581300865973,19.079593167979734,0.0,0.5938445484882684,-0.6862198406799962
46.22354030609131,19.720750778989906,19.04553991966948,0.0,0.6297044797486158,-0.6752108593204262
46.2457389831543,19.68162607135564,19.022441036372136,0.028042064979672432,0.6281582474859895,-0.6591850349835049
46.26382231712341,19.64997292589726,19.010772391313882,0.028042064979672432,0.6281582474859895,-0.6392005345833773
46.283425092697144,19.624343596555835,18.98719640270534,0.03848987724632025,0.596610917166108,-0.6371471938504953
46.30289149284363,19.608206446393055,18.951234863553857,0.04902556166052818,0.5708649255486669,-0.6569715828391978
46.326464891433716,19.610669411376936,18.926861553579222,0.047541513456963,0.5504717867972793,-0.6838078577977136
46.34304475784302,19.64915022190496,18.914555077229863,0.047541513456963,0.5504717867972793,-0.7345951446750973
46.36378288269043,19.734797646065942,18.889702276140103,0.028118397458456457,0.5836307671072425,-0.8450953699258399
46.38348627090454,19.864846936509064,18.851822900142313,0.08533690811600536,0.5882430434378327,-1.013024036366751
46.407185792922974,20.024625806955186,18.82616948536475,0.10271741764154285,0.5830600726569535,-1.1984563215904345
46.423823833465576,20.163349901624787,18.813222543309045,0.10271741764154285,0.5830600726569535,-1.350127358315742
46.443483114242554,20.321287107345135,18.77390049305374,0.07740280905272812,0.5756177570822181,-1.5473866142913941
46.46393060684204,20.490723293711145,18.747284576416813,0.14740280905272812,0.5713267055491449,-1.7434387172943318
46.486440896987915,20.668313670418698,18.72034754178256,0.12294166633393616,0.5439746127615215,-1.9479661286361392
46.50301241874695,20.84688741260848,18.72034754178256,0.12294166633393616,0.5439746127615215,-2.1265398708259227
46.52343249320984,21.02143788920952,18.679339711661065,0.09568339311983437,0.4884996459970714,-2.342098177548454
46.54385209083557,21.188593625022012,18.63760902023864,0.08327468676026911,0.49864118165918603,-2.5509846047833733
46.5659966468811,21.346207746976763,18.60938696616036,0.12402118188794703,0.4692694190109612,-2.7368207808164016
46.58301901817322,21.49072419920034,18.60938696616036,0.12402118188794703,0.4692694190109612,-2.8813372330399787
46.602863788604736,21.62233455067136,18.580843681909037,0.12222105293069035,0.4684112659108357,-3.041490868762324
46.62282061576843,21.7391956522824,18.537426619155454,0.11449645208660514,0.47334372349199816,-3.201769033126947
46.64638090133667,21.840657444306714,18.49328734467801,0.13379438156727702,0.4765321370598392,-3.347370099628705
46.662883043289185,21.92155867768181,18.49328734467801,0.13379438156727702,0.4765321370598392,-3.4282713330037993
46.68351984024048,21.974465065661473,18.448426399934743,0.1839355670893565,0.4895158233505206,-3.5260386657267304
46.70291185379028,21.994950699374336,18.418118514217575,0.18333080078475178,0.4636739651125388,-3.5768321851567606
46.72340178489685,21.98542857085818,18.402844483835537,0.18333080078475178,0.4636739651125388,-3.582584087022642
46.743691205978394,21.955314592785992,18.37205641594577,0.18943562678061426,0.43246056608972117,-3.5832581768402214
46.7639319896698,21.911691569790964,18.325274857225384,0.14427708781324328,0.45291387759265467,-3.5864167125655797
46.78296375274658,21.848253368348125,18.293687993956077,0.1311760092433542,0.4255534625065045,-3.5545653743920482
46.803704023361206,21.749560358055778,18.27777494993413,0.1311760092433542,0.4255534625065045,-3.4717854081216473
46.82297897338867,21.6058176106098,18.229557958223765,0.14763358182273806,0.4783590427052693,-3.376259652386036
46.84370040893555,21.416041737750973,18.197015609457175,0.13703286874108017,0.482357725073816,-3.219026128293798
46.86291027069092,21.251273479726816,18.14760669538361,0.1365885330818128,0.49105184761923715,-3.103666784343204
46.88370752334595,21.04697227936053,18.130978531050207,0.1365885330818128,0.49105184761923715,-2.915993748310324
46.90385580062866,20.81596391136381,18.097484801674053,0.14428796074236744,0.5313240872148888,-2.7184791096897563
46.92468309402466,20.57249346852025,18.04665173873691,0.08664500168408268,0.551252767947735,-2.525841729783341
46.943583726882935,20.3267837500878,18.029549680738924,0.08664500168408268,0.551252767947735,-2.2972340693488746
46.96286964416504,20.085994328189674,17.995109462664722,0.06824849559809082,0.5602241601247804,-2.090884865524952
46.984586238861084,19.854968427581394,17.94286007382204,0.010245561738265685,0.5816994044382588,-1.9121083537593542
47.00290608406067,19.63681274080558,17.94286007382204,0.010245561738265685,0.5816994044382588,-1.6939526669835416
47.02331018447876,19.433345922570556,17.87209816641154,0.03689887761021965,0.5673133903567211,-1.5612477561590161
47.04496908187866,19.247760399350838,17.836249072170688,0.022463739988161258,0.566168482104549,-1.4115113271801505
47.062907457351685,19.07948596036925,17.836249072170688,0.022463739988161258,0.566168482104549,-1.2432368881985632
47.08345103263855,18.933385796194994,17.800088881670373,0.018705950257135562,0.5288996758556457,-1.133296914524621
47.10292625427246,18.803138772029683,17.74526700926065,0.0,0.46098913128138497,-1.0578717627690324
47.12311267852783,18.694284719325477,17.72683836847868,0.0,0.46098913128138497,-0.9674463508467959
47.143664598464966,18.621689427497444,17.68974969188617,0.018959226086735725,0.4703239506727548,-0.9319397356112731
47.16385316848755,18.597039135168494,17.633539820779397,0.019586465787142515,0.48802819723845436,-0.9634993143890966
47.182907581329346,18.62487094147548,17.595683310159885,0.07862754864618182,0.4655556424206586,-1.0291876313155939
47.20312547683716,18.70232037036297,17.576640422030646,0.07862754864618182,0.4655556424206586,-1.1256799483323228
47.223812103271484,18.8284064937476,17.519054655175964,0.03490661038085818,0.4876930347329469,-1.3093518385716365
47.24307703971863,18.99190077093157,17.48028444840072,0.0,0.47650419423938706,-1.5116163225308483
47.26427698135376,19.177069145173675,17.421562113864553,0.0,0.40650419423938705,-1.7555070313091221
47.284095287323,19.372411830130858,17.40183731404882,0.0,0.40650419423938705,-1.9705745160820385
47.30295443534851,19.54201333654627,17.362162478314083,0.0,0.37492708767415,-2.179850858232186
47.32416343688965,19.716925514441886,17.302089178504833,0.0,0.39999084452749206,-2.4148363359370535
47.342955112457275,19.890916588925773,17.302089178504833,0.0,0.39999084452749206,-2.58882741042094
47.3632869720459,20.061998714811867,17.220950046347877,0.0,0.39601621775538637,-2.8410486684639906
47.38489651679993,20.22655149069316,17.220950046347877,0.0,0.39601621775538637,-3.0056014443452845
47.40290141105652,20.38223233694748,17.17993676599898,0.0,0.4228611122688742,-3.2022955709485004
47.42295527458191,20.527647962388084,17.138629261568894,0.06464351713657379,0.3900859150907488,-3.3890187008191894
47.4429931640625,20.662101153034317,17.076119008780115,0.08100568875670433,0.3457312676927538,-3.585982144254203
47.463812828063965,20.785396551507528,17.05513648208913,0.08100568875670433,0.3457312676927538,-3.7302600694183994
47.48291230201721,20.897692528823928,17.012953717753398,0.09440914262086153,0.336884523729095,-3.8847388110705303
47.50324010848999,20.999388974967232,16.949137725422442,0.10767499078065157,0.33179089984507276,-4.0502512495447895
47.52294087409973,21.087684425942417,16.906234425350945,0.06813729647547007,0.30411208419711305,-4.181450000591472
47.54393291473389,21.16770336003679,16.88467548757471,0.06813729647547007,0.30411208419711305,-4.283027872462078
47.56303310394287,21.239864697012177,16.819571577439326,0.03443399164825678,0.3223979752382727,-4.42029311957285
47.58340787887573,21.30235014838787,16.77581479702917,0.026277958415448666,0.2883531395217867,-4.526535351358699
47.60300397872925,21.34720272926274,16.70965191031509,0.02168059628456831,0.3214695136866064,-4.637550818947652
47.62394714355469,21.357778645690594,16.68745761195757,0.02168059628456831,0.3214695136866064,-4.670321033733025
47.6429557800293,21.316471757796567,16.642860110011068,0.025537993060424924,0.3612408097705336,-4.673611647785499
47.662970304489136,21.226318639764973,16.59798530719569,0.0,0.36622298693866445,-4.628333332569284
47.68294024467468,21.104613862293878,16.530156465190355,0.0,0.3497022688260765,-4.574457397103522
47.70365118980408,20.964201436280824,16.50740984655292,0.0,0.3497022688260765,-4.456791589727903
47.72299027442932,20.814495598363113,16.46171226661359,0.0,0.31575816868455125,-4.352783331749524
47.74382162094116,20.68451716771141,16.39265799569897,0.011710219085216522,0.36953715978772356,-4.29185917201244
47.76711821556091,20.549429627909714,16.39265799569897,0.011710219085216522,0.36953715978772356,-4.156771632210745
47.78337073326111,20.414353618662844,16.322999043766146,0.014249832136556506,0.37843255231739,-4.091354574896698
47.80389332771301,20.282845532186528,16.25274090780872,0.03411555732600391,0.38733458331436826,-4.030104624377806
47.82748246192932,20.157281536671785,16.25274090780872,0.03411555732600391,0.38733458331436826,-3.9045406288630637
47.84348154067993,20.03915541614475,16.18188918908213,0.026431965874508023,0.35928577742190076,-3.8572662270626203
47.86402654647827,19.929308699344034,16.1104495916915,0.015308372909203172,0.29263540914864256,-3.8188591076525356
47.88698410987854,19.830424040937086,16.1104495916915,0.015308372909203172,0.29263540914864256,-3.719974449245587
47.903388261795044,19.74639220454271,16.06249945697617,0.0018333338666707277,0.3005474982655139,-3.6838927475665386
47.923012256622314,19.681840541946713,15.965830083114387,0.0,0.27826569880009605,-3.7160104588323257
47.94552493095398,19.632520678955675,15.917114392331548,0.0,0.2632422465702982,-3.715406286624127
47.96306586265564,19.589699914710963,15.917114392331548,0.0,0.2632422465702982,-3.672585522379414
47.98384165763855,19.557902264773283,15.868147096680863,0.0,0.2795894406607838,-3.68975516809242
48.00434398651123,19.536915426025487,15.769464997961983,0.018965071067214012,0.30827681346447183,-3.767450428063505
48.02807831764221,19.523990671013728,15.719753895371646,0.049760906025767326,0.3180108219257088,-3.8042367756420816
48.043968200683594,19.51700631209467,15.719753895371646,0.049760906025767326,0.3180108219257088,-3.7972524167230226
48.06338882446289,19.514332108055438,15.644729950334622,0.049749219258956145,0.3179276977916013,-3.8696021577208164
48.08308506011963,19.512405783503514,15.594411898230877,0.051632279697514605,0.29470748838677513,-3.9179938852726366
48.10840582847595,19.51104968948262,15.51848649527587,0.07715623656258686,0.34905419510498154,-3.992563194206749
48.12289762496948,19.510125406140137,15.51848649527587,0.07715623656258686,0.34905419510498154,-3.9916389108642676
48.143030881881714,19.509525409431472,15.442028945839102,0.10937799716339214,0.39595266815915214,-4.06749646359237
48.163058042526245,19.50916646872024,15.390764892059334,0.17339686507330043,0.42030858260288345,-4.118401576660908
48.18304395675659,19.50885482723056,15.33926927813491,0.17936758667201502,0.4069894953881155,-4.16958554909565
48.20365047454834,19.50871384553254,15.313435263742093,0.17936758667201502,0.4069894953881155,-4.195278581790447
48.22373342514038,19.508695116342807,15.261596084591812,0.18896408721775515,0.423870028114761,-4.247099031750995
48.242920875549316,19.50876179495804,15.18341326480753,0.18925322131690336,0.37090350419923174,-4.32534853015051
48.26313066482544,19.508886038854925,15.131011683253256,0.2169661531734164,0.43666816235228884,-4.377874355601669
48.2828483581543,19.506730643950736,15.078388761012793,0.2259237152102287,0.4301311789330791,-4.428341882937943
48.30327820777893,19.49841596559472,15.05199495058245,0.2259237152102287,0.4301311789330791,-4.44642101501227
48.323943853378296,19.47214421348098,14.999043946736748,0.18864215356734348,0.42518341180577385,-4.473100266744233
48.34352731704712,19.410928737839598,14.919212960030992,0.1875442109812866,0.38282088202133285,-4.491715777808606
48.36309862136841,19.301575534291477,14.865725763888456,0.14124597905174596,0.3971754527901064,-4.435849770403021
48.38317322731018,19.143138014625105,14.81202784981619,0.13449856189981801,0.4157631892029892,-4.331110164808916
48.402883529663086,19.005578514948795,14.758121388715681,0.1625963106562267,0.41107068967714416,-4.2474571262331136
48.422890186309814,18.828401379875725,14.731090635547627,0.1625963106562267,0.41107068967714416,-4.097310744328098
48.4435772895813,18.61911070300696,14.649691583930846,0.14859878567949636,0.41569640685513126,-3.9694191190761146
48.462884187698364,18.388397726015448,14.59517265638652,0.133570883590437,0.44366337557032215,-3.793225069628928
48.482933044433594,18.14888565469794,14.540454013722048,0.1050072891448508,0.462285574643756,-3.6084316409758905
48.503044843673706,17.909574219897344,14.458006496750404,0.09608988480613334,0.4598159777250837,-3.4515677231469404
48.523375511169434,17.6743928226489,14.430426573610031,0.09608988480613334,0.4598159777250837,-3.24396624903887
48.543009996414185,17.445961901292645,14.375122306481146,0.07902516068861587,0.4366416378197025,-3.070839594811499
48.563453912734985,17.22824000101361,14.319627384497515,0.04614695178315742,0.3666416378197025,-2.908612616516095
48.58386826515198,17.026010762780096,14.236032557156427,0.0780095422451268,0.3954788809147428,-2.789978205623669
48.60444617271423,16.84218850250654,14.180071086839028,0.09767162630305393,0.3410093439248155,-2.662117415667513
48.62346434593201,16.682589322931868,14.152021749469775,0.09767162630305393,0.3410093439248155,-2.5305675734620934
48.64298748970032,16.539744250563473,14.095787334087646,0.13156106898532016,0.3936095674958776,-2.443956916475827
48.663570404052734,16.412300919804462,14.011100774604452,0.11282032931194408,0.34832817590504395,-2.4012001452000096
48.68552589416504,16.301230440804186,13.954423229677802,0.06178508529410465,0.40337095311551796,-2.346807211126384
48.7070848941803,16.206775822894272,13.897572591954424,0.11507734114275081,0.4111139019456457,-2.3092032309398487
48.72352886199951,16.12635159826166,13.869083111227809,0.11507734114275081,0.4111139019456457,-2.2572684870338513
48.74382781982422,16.05779218204982,13.783361629620448,0.10390648635075195,0.45471653244167076,-2.274430552429372
48.76281404495239,15.999280705643402,13.726006130445004,0.06106301786348922,0.4352799625572513,-2.273274575198398
48.78672742843628,15.949290395281398,13.668487188971215,0.06888120638177497,0.4399679051217388,-2.2808032063101837
48.803356409072876,15.906536209370255,13.668487188971215,0.06888120638177497,0.4399679051217388,-2.238049020399041
48.822953939437866,15.872251223966861,13.581907666441989,0.13802023993775947,0.4122956124570917,-2.2903435575248725
48.84350395202637,15.842484124302391,13.494974182238106,0.17664156125829322,0.34369867569475876,-2.347509942064285
48.86517333984375,15.818907800680243,13.494974182238106,0.17664156125829322,0.34369867569475876,-2.323933618442137
48.88341689109802,15.802569168500876,13.436825998325503,0.16188921423599822,0.41199798411398636,-2.3657431701753726
48.904078006744385,15.794004646119022,13.378526690117209,0.1798669194613467,0.3870610342797588,-2.415477956001814
48.92302489280701,15.793381933385705,13.290799831963021,0.21034379692719085,0.37980914902582275,-2.502582101422684
48.94886922836304,15.798291857701026,13.202747028152357,0.224438825789548,0.39444894944026576,-2.5955448295486683
48.963833808898926,15.804598894790951,13.202747028152357,0.224438825789548,0.39444894944026576,-2.6018518666385937
48.98357009887695,15.809393769689004,13.114376795506105,0.21353165822074516,0.33709050570323573,-2.6950169741828987
49.00295877456665,15.81069560982653,13.05529118586888,0.2330470906381379,0.3209020313312064,-2.75540442395765
49.02345561981201,15.80722059845298,13.025697700034147,0.2330470906381379,0.3209020313312064,-2.7815228984188334
49.044212102890015,15.793570218829936,12.966410964392443,0.2679918149297009,0.39090203133120643,-2.8271592544374933
49.06400227546692,15.78171861073047,12.877236262246885,0.27850287424371345,0.3814731464971553,-2.904482348483585
49.082995653152466,15.742074980413362,12.817627150112836,0.2503949144665967,0.41999009635939705,-2.924447830300526
49.10335612297058,15.642478093643897,12.787775769709,0.2503949144665967,0.41999009635939705,-2.8547023239348963
49.123560428619385,15.448271359879055,12.698038221066776,0.23263248259172542,0.4003502168942939,-2.7502331388122787
49.143855810165405,15.151774510702365,12.638063601135444,0.18388087877974613,0.4335826785553943,-2.513710909566921
49.162975788116455,14.782777700315558,12.577972355935824,0.22554532268986804,0.45716206927492725,-2.204805344379734
49.183616638183594,14.373148707795727,12.54788381691015,0.22554532268986804,0.45716206927492725,-1.8252648908855758
49.20370578765869,13.946093125520344,12.45745047244191,0.24005346389458282,0.4867451788176547,-1.4886426530784345
49.223331451416016,13.515872031542038,12.397025094726166,0.2658389175121556,0.5344700479198943,-1.1188469368158724
49.243003606796265,13.094790666323911,12.30618890968163,0.23729095810995204,0.5836091787804614,-0.7886017566422812
49.263564348220825,12.691155132435728,12.275858674521416,0.23729095810995204,0.5836091787804614,-0.41529645791431236
49.28337121009827,12.340708456609452,12.215122936404248,0.26370276899979217,0.5136091787804613,-0.1255855202052043
49.30319118499756,12.003691803733982,12.154289060705718,0.2564244067107211,0.5688768592168341,0.15059725697173576
49.32292890548706,11.684885419988086,12.062860079791605,0.24216756520763738,0.5465128612209806,0.3779746598035185
49.34356927871704,11.387129641085869,12.03233757973827,0.24216756520763738,0.5465128612209806,0.6452079386524012
49.36301040649414,11.111842522160503,11.97122533202538,0.27047025335923536,0.530258566557313,0.8593828098648775
49.38410305976868,10.859416857402453,11.910025661471293,0.28856536110833986,0.4949234690953741,1.0506088040688404
49.40297222137451,10.629522962771736,11.8180681323106,0.31071685550705297,0.5649234690953742,1.1885451695388642
49.42398524284363,10.42133802377988,11.787374833199394,0.31071685550705297,0.5649234690953742,1.3660368094195139
49.442978620529175,10.233718392370365,11.72592908027114,0.3203877063278924,0.576484155959333,1.4922106879007746
49.46351861953735,10.065327716493652,11.633617648764611,0.28930101187870605,0.5228474783961425,1.5682899322709591
49.483972787857056,9.914731015095127,11.602810449180183,0.28930101187870605,0.5228474783961425,1.688079434085056
49.50291872024536,9.783979114024554,11.541143007327038,0.251430943775631,0.48935271531983715,1.7571638933024847
49.52340221405029,9.666940481353123,11.448514350206572,0.1994425842349301,0.5293889316980491,1.7815738688534495
49.54756188392639,9.557878661035364,11.38668089881743,0.1859010934640537,0.4662190797989021,1.8288022377820656
49.56343674659729,9.457231691119599,11.355740894951454,0.1859010934640537,0.4662190797989021,1.8985092038318552
49.58364510536194,9.365082051771253,11.262831880997823,0.20309837458626134,0.4473411060188661,1.8977498292265693
49.60845613479614,9.281263085854357,11.200821799970013,0.1705475963462959,0.4949437855993162,1.9195587141156558
49.62340521812439,9.205439482571368,11.200821799970013,0.1705475963462959,0.4949437855993162,1.9953823173986454
49.643001317977905,9.139483972757416,11.076644235706471,0.1681476169542293,0.45624854334339005,1.937160262949055
49.66771745681763,9.08443724603686,11.014482259909498,0.2353519358948688,0.4035272999916921,1.930045013872638
49.68344831466675,9.040734645231792,11.014482259909498,0.2353519358948688,0.4035272999916921,1.9737476146777055
49.70310139656067,9.006063229627165,10.921155561589167,0.17083999601163669,0.3949254156340609,1.9150923319620023
49.7231388092041,8.97596062139595,10.890025713919423,0.17083999601163669,0.3949254156340609,1.9140650925234723
49.74422359466553,8.954758955013453,10.796578165244027,0.19923565995850367,0.3886615942482601,1.8418192102305735
49.7631893157959,8.942614824352022,10.703050875054421,0.20425493030779762,0.37949050136550766,1.760436050702399
49.783339500427246,8.937081937974266,10.671859007590026,0.20425493030779762,0.37949050136550766,1.7347770696157596
49.80311417579651,8.936286911093307,10.578239946538222,0.18194198927812977,0.3948837966908465,1.6419530354449154
49.82385277748108,8.941120009608218,10.515794493172036,0.13549039832287235,0.4170583934773455,1.5746744835638182
49.844008922576904,8.949734918054494,10.48456298413123,0.13549039832287235,0.4170583934773455,1.5348280660767362
49.86323094367981,8.960749552653224,10.422084138064191,0.12848872126050992,0.4514560551632891,1.4613345854109667
49.883495569229126,8.973140700538108,10.359586504680365,0.18720884055801434,0.40540130820765596,1.386445804142257
49.90341567993164,8.988477728304384,10.265810912292444,0.17203356598474784,0.33540130820765596,1.2773331839880608
49.92494249343872,9.005456700833248,10.2032784801235,0.17608948417910142,0.40326027241244417,1.1978217792902512
49.94406819343567,9.020198278276563,10.172008696574078,0.17608948417910142,0.40326027241244417,1.151810418297515
49.96315264701843,9.03824401902677,10.109463734471515,0.1648367493689875,0.4227879833866606,1.0712197154447445
49.98345732688904,9.058109173350598,10.015638024441172,0.16291756409191294,0.4101577647466908,0.957528851090574
50.005526065826416,9.078714512695909,9.953086100721995,0.13200525979482336,0.41555680189921956,0.8743715880260865
50.02721977233887,9.099290918538713,9.890536265528485,0.14999091478966875,0.3909424007375489,0.791245346989772
50.043684005737305,9.11930493874715,9.859263001316041,0.14999091478966875,0.3909424007375489,0.7399580625688902
50.06318020820618,9.138400869526421,9.76545399865417,0.19686133640789194,0.3436269820173035,0.6270531291277486
50.083067178726196,9.165621234469558,9.76545399865417,0.19686133640789194,0.3436269820173035,0.5998327641846117
50.105125427246094,9.213981719109851,9.702927134941696,0.12686133640789193,0.3363251438800941,0.4889454158318447
50.127172231674194,9.291965618227652,9.640413495319638,0.10072018275939626,0.32476242114498716,0.34844787709198677
50.143831968307495,9.39078645187041,9.546673916717134,0.11853711935662431,0.27562113334133725,0.15588746484672455
50.16371560096741,9.476585222654746,9.484205506827962,0.09123620460712117,0.28842965555086236,0.007620284173215808
50.184022188186646,9.575968483120503,9.390546803537273,0.07391945156239671,0.28357146116613846,-0.18542167958323041
50.20508360862732,9.684484377015485,9.390546803537273,0.07391945156239671,0.28357146116613846,-0.29393757347821214
50.22680735588074,9.796483694464229,9.328140992409978,0.05946799251221818,0.22112324642657738,-0.468342702054251
50.24303722381592,9.910267147697175,9.265765078501921,0.07957986625813646,0.23332341476052504,-0.6445020691952532
50.26385545730591,10.0222910759,9.172263330146057,0.02062130230449838,0.2529656709608386,-0.8500277457539429
50.28306746482849,10.130140493733572,9.07884443841083,0.015982517273805563,0.23921100231527787,-1.0512960553227426
50.30321168899536,10.232248018432015,9.016615820028466,0.022897731745324557,0.23501517618715267,-1.215632198403549
50.32350778579712,10.327676303591256,8.954430939869926,0.027692449511669104,0.20670855599164467,-1.3732453637213293
50.34605884552002,10.41595031739605,8.892292558093438,0.05813573230960173,0.2125204475101779,-1.523657759302612
50.36813569068909,10.496928662107745,8.830203431742383,0.05511897616059286,0.20323073859035473,-1.666725230365362
50.38302683830261,10.56723612846176,8.830203431742383,0.05511897616059286,0.20323073859035473,-1.7370326967193765
50.403146743774414,10.631748139532194,8.768166314559398,0.04881954286218387,0.2059991368529151,-1.8635818249727958
50.423115491867065,10.690534533611022,8.644259105048544,0.08549825567723018,0.2183607955899785,-2.0462754285624776
50.44328236579895,10.743794717036266,8.582394502028482,0.042738889343745534,0.2287631695595334,-2.1614002150077845
50.463465213775635,10.791812836241597,8.520592886420149,0.0995515743267606,0.2952281077828954,-2.2712199498214485
50.484904766082764,10.834924407823246,8.45885699267297,0.10871722549170953,0.24962675100832682,-2.376067415150276
50.507477045059204,10.87349178658255,8.45885699267297,0.10871722549170953,0.24962675100832682,-2.4146347939095794
50.52404832839966,10.907886418790456,8.397189550819824,0.1442068070170353,0.22095128050714236,-2.5106968679706316
50.5430850982666,10.938476276047732,8.30482269591621,0.09642383083672029,0.15985006368427973,-2.633653580131522
50.56855750083923,10.965617218664812,8.212625166800605,0.09813370322779519,0.17639048858254652,-2.752992051864208
50.58310031890869,10.989647316026266,8.212625166800605,0.09813370322779519,0.17639048858254652,-2.7770221492256617
50.60369038581848,11.010510860073003,8.120606115749743,0.12331593548849923,0.18504265318333607,-2.8899047443232604
50.62312388420105,11.028997632118061,8.059363743629714,0.11317562079027993,0.2069256230694006,-2.9696338884883478
50.64380717277527,11.045346327942973,8.028774667974625,0.11317562079027993,0.2069256230694006,-3.0165716599683474
50.66391706466675,11.059779089736734,7.9371399202083985,0.12180457124457461,0.22693698848306637,-3.1226391695283358
50.6836314201355,11.072500707353225,7.876163844873062,0.1182907482140581,0.1795479319494913,-3.1963368624801625
50.703009605407715,11.08138217275502,7.815281900917334,0.11659295193356228,0.18877755659341316,-3.2661002718376864
50.72444677352905,11.082729577354193,7.784877063595754,0.11659295193356228,0.18877755659341316,-3.297852513758439
50.743019104003906,11.0718594158418,7.693811090318366,0.1362769034455414,0.17211842159449559,-3.3780483255234337
50.76379132270813,11.048156957851011,7.663506387472642,0.1362769034455414,0.17211842159449559,-3.384650570378369
50.78386449813843,11.013849765596904,7.602974905273836,0.14625383343052817,0.1865676212561081,-3.4108748603230676
50.80346202850342,10.968448198750144,7.512377453627334,0.14315466664236737,0.1977172139537285,-3.45607074512281
50.823774337768555,10.929029399256741,7.452116183089849,0.1424362799731898,0.21931375744461518,-3.476913216166892
50.84399175643921,10.873047449488176,7.391967606792729,0.1817770591584849,0.24944464857398968,-3.481079842695447
50.86300706863403,10.790822021512042,7.331934347377677,0.190357448591094,0.26558907511352997,-3.458887674134365
50.88322591781616,10.674004645035028,7.272019019629685,0.15832643775473115,0.2836408707749794,-3.4019856254053433
50.90301585197449,10.517708303140568,7.212224230291003,0.19293511850963113,0.25182855683087807,-3.3054840728495645
50.922919273376465,10.324211729649457,7.182372849887159,0.19293511850963113,0.25182855683087807,-3.1418388797622985
50.94373822212219,10.098394444702985,7.093006652481279,0.1685939394516754,0.21854679840325814,-3.005387792221706
50.963115215301514,9.842181128306953,7.033589035607555,0.19153557723591802,0.28441143589734535,-2.8085920926993975
50.98346734046936,9.569291450118007,6.974302299965853,0.25890443479846,0.29070033267780643,-2.594989150152154
51.003068923950195,9.292010675944178,6.915149009295476,0.23113304382393834,0.3494503660564075,-2.3768616666487024
51.02367973327637,9.016671289715282,6.856131718177274,0.26264774060080526,0.41348849371715884,-2.160539571538008
51.043649435043335,8.777614604842997,6.797252971847648,0.28698841115663526,0.4209825777885268,-1.9803616329953488
51.06356501579285,8.542381776608412,6.738515306012612,0.3410032690150547,0.41545663443102937,-1.8038664705957999
51.08302068710327,8.316004460538666,6.650678856087309,0.3442386268285918,0.41485843028349306,-1.6653256044513576
51.1040244102478,8.10174415998583,6.621473309882786,0.3442386268285918,0.41485843028349306,-1.4802708501030448
51.12329912185669,7.899230560593466,6.563174001674504,0.39629182132164714,0.40331455379200604,-1.336056558918962
51.14395236968994,7.707896866197415,6.505025817761894,0.37675427558104274,0.42735964677704,-1.2028710484355214
51.163737535476685,7.527054746068713,6.447031243409695,0.3574361289499211,0.45709802455676224,-1.0800235026590181
51.18316912651062,7.355949594831948,6.389192753236495,0.34547069488296983,0.46213247779232886,-0.966756841595453
51.203712463378906,7.193800661584116,6.331512811028791,0.40565586654673097,0.39213247779232885,-0.8622878505553251
51.22291707992554,7.037513263773489,6.245295537524951,0.4092224017364788,0.3875871663488212,-0.7922177262485377
51.24333906173706,6.88246706725028,6.216638370379556,0.4092224017364788,0.3875871663488212,-0.6658286968707241
51.263187885284424,6.747852000911451,6.159448743676911,0.38796817517111776,0.44193299017322685,-0.5884032572345399
51.284184217453,6.6062275810637825,6.1024274080455765,0.39009268564375815,0.47080801888776447,-0.503800173018206
51.3037645816803,6.454201705679108,6.045576770322194,0.3683535790184396,0.44820916927827026,-0.40862493535691424
51.32316780090332,6.282743372092295,5.960626107820993,0.3135929701963323,0.44151550620270397,-0.32211726427130216
51.343138694763184,6.083775614921496,5.904212665912356,0.2758383935430902,0.5115155062027039,-0.17956294900914038
51.36313509941101,5.85936238430768,5.876072932632589,0.2758383935430902,0.5115155062027039,0.016710548324908814
51.38372826576233,5.6231896127868595,5.819928913160981,0.31050040927919326,0.4793536184675755,0.19673930037412113
51.40362095832825,5.38507320264725,5.763967442843576,0.25911075976880965,0.4836546165257456,0.3788942401963258
51.42289447784424,5.151882311860964,5.708190854040547,0.2770550212005037,0.43986364652810117,0.5563085421795826
51.44344687461853,4.930574659636356,5.652601466048461,0.3084091356137651,0.4418055717920648,0.7220268064121047
51.46303343772888,4.7256697600482,5.569573426389965,0.35575004649552283,0.3964994032954561,0.843903666341765
51.484440326690674,4.5477660947552465,5.514462099939818,0.36572465934994397,0.4664994032954561,0.9666960051845717
51.50304889678955,4.383097633912376,5.486979500044312,0.36572465934994397,0.4664994032954561,1.1038818661319354
51.523645877838135,4.2342782548758935,5.432161840481038,0.35412340221198974,0.4567633198475229,1.1978835856051449
51.54338335990906,4.102705804823598,5.37754277574896,0.3435514511654037,0.48564152064674965,1.274836970925362
51.56375861167908,3.984263963892953,5.295991433495393,0.37665927951427874,0.5132236966764319,1.3117274696024404
51.5829656124115,3.8780639091603093,5.241878611284317,0.4370936172196525,0.5468870850180971,1.363814702124008
51.603440046310425,3.7831656506469855,5.187972150183819,0.4254445217663306,0.538354075690149,1.404806499536834
51.62508153915405,3.6986184320754933,5.134274236111549,0.4470126953089493,0.5707900553842771,1.435655804036056
51.643659591674805,3.6234890761886245,5.107504163209381,0.4470126953089493,0.5707900553842771,1.4840150870207562
51.6630334854126,3.554564861475862,5.0541231353763685,0.45985199121030745,0.586959202950238,1.4995582739005067
51.68364143371582,3.4894507586287267,5.000956053263259,0.46653522300737676,0.5884211091924223,1.5115052946345324
51.70300507545471,3.4329170320948523,4.921611238987207,0.4974589322807151,0.5647076601762089,1.488694206892355
51.72357797622681,3.3772987873276064,4.8689883167467425,0.4274589322807151,0.5918895202357086,1.4916895294191361
51.74417781829834,3.319149535038385,4.81658673519247,0.46595766174810704,0.6044029286730799,1.4974372001540845
51.76578879356384,3.2584584637509524,4.764408571223759,0.5074705832006293,0.5717776744294676,1.505950107472807
51.78320860862732,3.1952850533951986,4.7384039154081865,0.5074705832006293,0.5717776744294676,1.5431188620129879
51.80379939079285,3.1297360393485203,4.686564736257912,0.5188973188700038,0.6087245261896166,1.5568286969093919
51.82373332977295,3.0619481666975927,4.634954095144106,0.5133516603449243,0.645659587405971,1.5730059284465137
51.84296250343323,2.992075420783485,4.557971054160896,0.5078181020283955,0.5853180392313513,1.5658956333774112
51.865251541137695,2.9202797034231844,4.506940553976179,0.4972518758216756,0.6553180392313513,1.5866608505529944
51.886175870895386,2.846724148157701,4.456145583589228,0.5414127969482797,0.628106902115396,1.609421435431527
51.903327226638794,2.7738847927764545,4.430837034871331,0.5414127969482797,0.628106902115396,1.6569522420948766
51.92353177070618,2.7106438047574013,4.380399026374217,0.49201345828565535,0.5886995668936286,1.6697552216168159
51.943814277648926,2.648555128870362,4.330201411502744,0.47706519452127394,0.6068841486651215,1.6816462826323817
51.963982343673706,2.586586818806066,4.255359909991261,0.46142253291996893,0.6252607188600812,1.6687730911851952
51.98307156562805,2.5263352807141612,4.205771614948311,0.46185245580942136,0.5934580534178528,1.67943633423415
52.00349283218384,2.4665477536293974,4.156430334304645,0.4983569889512728,0.6116154387075219,1.6898825806752473
52.02620816230774,2.408658213431509,4.107337918322431,0.48242030508787137,0.5966461400914702,1.698679704890922
52.04662561416626,2.35361265045368,4.058496198528516,0.5074342585352133,0.6227755590755257,1.7048835480748363
52.064029932022095,2.301993178346068,4.034169916885604,0.5074342585352133,0.6227755590755257,1.7321767385395361
52.083128213882446,2.2564301756784486,3.9857076340457738,0.46643786720902425,0.5921213037747655,1.7292774583673252
52.10366725921631,2.216274686222856,3.9134932466096615,0.4920279926803778,0.6008219548914346,1.6972185603868053
52.12365245819092,2.1809334432504865,3.865672245621873,0.4897505872134934,0.615014979377738,1.6847388023713865
52.14356708526611,2.150249273797093,3.818110810917865,0.48127179482922655,0.6526653484854612,1.6678615371207721
52.16383624076843,2.1232267170266543,3.7708106577073046,0.49769645633146864,0.6624513769004259,1.6475839406806503
52.18479800224304,2.0994596213623593,3.7708106577073046,0.49769645633146864,0.6624513769004259,1.6713510363449453
52.206793546676636,2.078580084537799,3.6770009562338615,0.5065021708791028,0.7,1.5984208716960624
52.2240674495697,2.060256467533985,3.653714455971514,0.5065021708791028,0.7,1.5934579884375286
52.24342489242554,2.0441910593848434,3.6073420043010316,0.5389160372500191,0.6631163626909256,1.5631509449161882
52.26403594017029,2.0301175610265925,3.538287733386415,0.5163820747469435,0.6520504055544734,1.5081701723598226
52.28300929069519,2.0177985097714286,3.4925901534470682,0.5366324603740941,0.6720787508413195,1.4747916436756396
52.30510687828064,2.0070227304177375,3.4471652900175727,0.5673327267353306,0.7,1.4401425595998352
52.325958013534546,1.997602872037236,3.4020146928043147,0.5869223911498557,0.6599895663559436,1.4044118207670786
52.34331464767456,1.9893730691893476,3.4020146928043147,0.5869223911498557,0.6599895663559436,1.412641623614967
52.363163232803345,1.9822277442399663,3.3348063831057964,0.5832322778363596,0.6707323927432298,1.35257863886583
52.38404846191406,1.9759829976488785,3.268223671539154,0.5666336564530502,0.6652070328593254,1.2922406738902754
52.40372037887573,1.970528354789564,3.2241852029708227,0.5597058123160968,0.7,1.2536568481812587
52.424851417541504,1.9634499109649208,3.180428422560677,0.558266668645374,0.7,1.2169785115957563
52.44687604904175,1.9554301584106797,3.1369547480773505,0.5493583419077913,0.7,1.1815245896666708
52.462878942489624,1.9446516028813787,3.1369547480773505,0.5493583419077913,0.7,1.1923031451959718
52.48291277885437,1.9322409044950868,3.072278105571584,0.5311941654139082,0.7,1.1400372010764974
52.503453493118286,1.9167072861828447,3.008246197152225,0.5275601391398231,0.7,1.0915389109693803
52.5232629776001,1.8924648914291082,3.008246197152225,0.5275601391398231,0.7,1.1157813057231167
52.545429944992065,1.8581797606035195,2.9238809912198924,0.4611989632897894,0.6461379759013652,1.065701230616373
52.56737041473389,1.8155063747854971,2.88213444455603,0.5110003799849073,0.6669193383306264,1.0666280697705328
52.583449363708496,1.7784562517150118,2.88213444455603,0.5110003799849073,0.6669193383306264,1.1036781928410182
52.603188276290894,1.7359634610152235,2.8200632340010188,0.5469550491028349,0.7,1.0840997729857953
52.623971939086914,1.6908101929048571,2.758654021951873,0.5681843460255186,0.7,1.067843829047016
52.643972873687744,1.6449990188478816,2.758654021951873,0.5681843460255186,0.7,1.1136550031039916
52.66797614097595,1.6022545729082556,2.6778117663681087,0.5375764566191356,0.7,1.0755571934598531
52.683884620666504,1.562766741619108,2.6778117663681087,0.5375764566191356,0.7,1.1150450247490007
52.70317029953003,1.526581588716193,2.5981626859511735,0.46757645661913555,0.7,1.0715810972349804
52.72425556182861,1.4936440674306828,2.5981626859511735,0.46757645661913555,0.7,1.1045186185204907
52.743736028671265,1.4638303523682505,2.5587883430436804,0.5339170968063991,0.7,1.0949579906754299
52.76320147514343,1.436972109252755,2.519715551599294,0.5630306577213924,0.7,1.082743442346539
52.783162117004395,1.4151908733261283,2.461674026564996,0.5731015171759646,0.6946857667528092,1.0464831532388676
52.803874492645264,1.39627984819327,2.442478730308167,0.5731015171759646,0.6946857667528092,1.0461988821148973
52.82408142089844,1.3810910345273277,2.4043166898401225,0.6007465891444008,0.7,1.0232256553127947
52.84319186210632,1.3665715475702167,2.347646789140004,0.608595881042711,0.7,0.9810752415697874
52.86358880996704,1.355215969463294,2.3289101280766644,0.608595881042711,0.7,0.9736941586133705
52.883222341537476,1.3440409074805075,2.273161631521319,0.618207862963609,0.7,0.9291207240408113
52.903218269348145,1.3332857460352276,2.236381622741675,0.5482078629636089,0.7,0.9030958767064472
52.92340898513794,1.3231056904209697,2.2181076312579684,0.5482078629636089,0.7,0.8950019408369987
52.94401264190674,1.3135933863433849,2.1637509278293265,0.48640937237971227,0.6462533667683601,0.8501575414859417
52.96727705001831,1.3047955851752704,2.1100941845667123,0.4960839643233339,0.6861717298626899,0.8052985993914419
52.98404359817505,1.2944095807725875,2.0923645905723767,0.4960839643233339,0.6861717298626899,0.7979550097997892
53.006044149398804,1.2831941635348967,2.0923645905723767,0.4960839643233339,0.6861717298626899,0.80917042703748
53.02370882034302,1.2734566519459338,2.039645030691428,0.5220118320637266,0.674245648831129,0.7661883787454944
53.04322814941406,1.263243877335522,1.9876311038841656,0.4536591476851026,0.7,0.7243872265486437
53.063361167907715,1.2529701509235267,1.9704503192610723,0.4536591476851026,0.7,0.7174801683375456
53.083232164382935,1.2429248515513667,1.9193806274483691,0.46281624744617145,0.7,0.6764557758970025
53.10408639907837,1.2333029559273256,1.8690214689497964,0.4565389060505549,0.7,0.6357185130224707
53.12338161468506,1.2265450803796614,1.8523933046163847,0.4565389060505549,0.7,0.6258482242367234
53.14691925048828,1.2242709482900112,1.8029843905428287,0.4822214596995036,0.6915345357730984,0.5787134422528175
53.16339659690857,1.2251710711464976,1.7866734841879222,0.4822214596995036,0.6915345357730984,0.5615024130414246
53.18552541732788,1.2305685947943399,1.7382177713760498,0.5270902195104281,0.7,0.5076491765817099
53.20336389541626,1.2412640219169664,1.7382177713760498,0.5270902195104281,0.7,0.49695374945908344
53.22321271896362,1.2553573922410501,1.6904786880047773,0.5251129918821971,0.6850141927599906,0.43512129576372716
53.24430060386658,1.2675936161772512,1.6747251427746157,0.5251129918821971,0.6850141927599906,0.4071315265973645
53.264302015304565,1.279746932063335,1.6279435840542362,0.5405102667488972,0.6892636216245591,0.3481966519909012
53.284714460372925,1.293838710375912,1.5818814857824357,0.5414528958123992,0.6317959412001073,0.2880427754065238
53.30359411239624,1.3065891713400322,1.566687503192476,0.5414528958123992,0.6317959412001073,0.2600983318524439
53.32572412490845,1.3180719424861729,1.5215861492725402,0.5563157191124628,0.6260696810670197,0.20351420678636734
53.3445246219635,1.3283715738862127,1.50671265532198,0.5563157191124628,0.6260696810670197,0.17834108143576732
53.366718769073486,1.3375779738873177,1.4625733808445602,0.500811736061878,0.6562870902009308,0.12499540695724254
53.38398838043213,1.343466054980685,1.4480207586703457,0.500811736061878,0.6562870902009308,0.1045547036896608
53.40804147720337,1.3445777688811216,1.4048445260647924,0.5416062464562128,0.6119994235225021,0.060266757183670805
53.42322492599487,1.3423426125251456,1.3906130338396459,0.5416062464562128,0.6119994235225021,0.04827042131450021
53.449294567108154,1.3378416929124446,1.3484004284110114,0.5414140069248969,0.6367445507086813,0.010558735498566785
53.4640736579895,1.3339338795907627,1.3484004284110114,0.5414140069248969,0.6367445507086813,0.01446654882024867
53.483246088027954,1.3284927764551135,1.306910698090764,0.5110122648390825,0.6352116836234927,-0.021582078364349444
53.5032262802124,1.3198137318397842,1.2932414233218168,0.5110122648390825,0.6352116836234927,-0.026572308517967436
53.52385377883911,1.3091144117542244,1.2527154235831794,0.5737603244694764,0.6138324661180377,-0.05639898817104494
53.543341875076294,1.297293827318128,1.212911931656862,0.5339598519119317,0.6568687407299876,-0.08438189566126608
53.56403565406799,1.2850059648598977,1.199804588289659,0.5339598519119317,0.6568687407299876,-0.08520137657023863
53.58318376541138,1.2727173855440679,1.160963737819607,0.5363902028973098,0.6252258306369185,-0.11175364772446095
53.60601186752319,1.2607521725152815,1.13547057227413,0.4973887082512374,0.6128334978595376,-0.12528160024115143
53.62334418296814,1.2493269052977303,1.122844124498581,0.4973887082512374,0.6128334978595376,-0.12648278079914932
53.64349317550659,1.2385777855748774,1.0854449227701508,0.4959739424145664,0.6091899725608527,-0.1531328628047266
53.66749024391174,1.2285815965745173,1.060911865400147,0.5372547633803333,0.6354474279098212,-0.16766973117437023
53.68336820602417,1.2199026500695795,1.048765136446157,0.5372547633803333,0.6354474279098212,-0.17113751362342255
53.70433020591736,1.2141528921589861,1.0128035972946563,0.5207898910946096,0.6442556235007941,-0.20134929486432984
53.72800612449646,1.212905573650091,1.0128035972946563,0.5207898910946096,0.6442556235007941,-0.2001019763554348
53.74455952644348,1.214818434361013,0.9775589636278781,0.5397589426345075,0.6231332032941281,-0.23725947073313503
53.76480722427368,1.218875880456607,0.9775589636278781,0.5397589426345075,0.6231332032941281,-0.24131691682872902
53.78423047065735,1.224315980019295,0.9430297188899033,0.48510725385014664,0.6214715381385758,-0.2812862611293918
53.803945541381836,1.2305730703687383,0.9092141702447805,0.4644757244593347,0.6423967712791636,-0.32135890012395785
53.825480699539185,1.2372327215746517,0.8761104471641517,0.47167283770133506,0.6327449417905882,-0.36112227441050004
53.84316921234131,1.2439964692713343,0.8761104471641517,0.47167283770133506,0.6327449417905882,-0.3678860221071827
53.864166498184204,1.2506542625008648,0.8544357523396258,0.40167283770133505,0.5842127128737047,-0.396218510161239
53.883586168289185,1.2570629963983495,0.8120300986493305,0.3843897091268445,0.5826454530935734,-0.445032897749019
53.9065363407135,1.2626272227908921,0.7912977284421103,0.40371089745749483,0.5496093254070729,-0.4713294943487818
53.923155546188354,1.2702771885577586,0.7912977284421103,0.40371089745749483,0.5496093254070729,-0.4789794601156483
53.943310260772705,1.281490602114742,0.7708779948640831,0.44684337396611223,0.5501740132342092,-0.5106126072506589
53.96373629570007,1.2971999365133462,0.7408328362659944,0.4467497718855156,0.5545952082495205,-0.5563671002473518
53.98317742347717,1.3179343797658343,0.7211911303522989,0.48197090526664393,0.6057273507933132,-0.5967432494135354
54.00668430328369,1.3462454073808465,0.6923089508698332,0.5519709052666439,0.6458938629250042,-0.6539364565110133
54.02339720726013,1.3790728480572414,0.6923089508698332,0.5519709052666439,0.6458938629250042,-0.6867638971874082
54.04374170303345,1.4141721371257938,0.6734397213651455,0.5401926763504161,0.6203009304474107,-0.7407324157606483
54.063793659210205,1.4499243695816721,0.6457117595457795,0.5584678851216449,0.6415497776935808,-0.8042126100358926
54.083144187927246,1.4851878774450318,0.6276088740738643,0.6169122584312572,0.6359392381156794,-0.8575790033711674
54.10314869880676,1.5191825607699707,0.6186717583944912,0.6169122584312572,0.6359392381156794,-0.9005108023754795
54.123297691345215,1.5486976127581635,0.601025491335605,0.6247117730005993,0.6813103943015448,-0.9476721214225585
54.14367866516113,1.5723930426633494,0.5751238605612912,0.6479686336740269,0.6651632669265382,-0.9972691821020583
54.163140058517456,1.5914217864512656,0.5582328988703189,0.6595455022677197,0.6401177397812716,-1.0331888875809467
54.18314266204834,1.6020749447234648,0.5416419435308768,0.6557153653036221,0.6721414192463271,-1.060433001192588
54.20343255996704,1.6043134743101828,0.5334585738200026,0.6557153653036221,0.6721414192463271,-1.0708549004901802
54.223167181015015,1.5960156751508303,0.5093549449529107,0.6592029811497195,0.6485092113609425,-1.0866607301979196
54.243398904800415,1.5667201474037356,0.49365625077210495,0.6774125521685346,0.6782901747967116,-1.0730638966316306
54.263591289520264,1.5120303485113251,0.47825226068615834,0.7,0.7,-1.0337780878251668
54.283130168914795,1.434194485561959,0.46314155092153086,0.7,0.7,-0.9710529346404282
54.30335283279419,1.337700479333773,0.45569572039218187,0.7,0.7,-0.8820047589415911
54.3231246471405,1.2261572851319018,0.4337940787973267,0.698403157107532,0.7,-0.7923632063345751
54.343130350112915,1.1293126360928518,0.41955426986834254,0.7,0.7,-0.7097583662245093
54.36407804489136,1.0207015836432136,0.4056016477496627,0.6983483968535438,0.6950919686816632,-0.6150999358935509
54.38327074050903,0.9044639023763272,0.39193458852974317,0.6635654805460944,0.6634172334335744,-0.5125293138465841
54.40316653251648,0.785992345764877,0.3719657779040304,0.6632430531491991,0.7,-0.4140265678608466
54.42342805862427,0.6690914883550523,0.36545046002588677,0.6632430531491991,0.7,-0.3036410283291655
54.44342803955078,0.5563625175413908,0.3526299392473753,0.6185413018276449,0.7,-0.20373257829401548
54.4637291431427,0.44950221754180686,0.34008807800637086,0.574118019681191,0.7,-0.109414139535436
54.483911991119385,0.34721812517950235,0.32782304760424097,0.5789083169249352,0.7,-0.019395077575261377
54.503151416778564,0.2531246115340991,0.3099404573331377,0.5179335252789314,0.7,0.05681584579903859
54.5231556892395,0.16719993809002684,0.304115956759226,0.5179335252789314,0.7,0.13691601866919914
54.543124198913574,0.08921371678427424,0.29267003059867847,0.515547334816074,0.7,0.2034563138144042
54.56343460083008,0.02150408836383773,0.2814932034697115,0.56030240621767,0.7,0.2599891151058738
54.58354592323303,-0.03999052058810668,0.2705834372375371,0.5767297890444751,0.7,0.3105739578256438
54.60318446159363,-0.09554761479084097,0.2547149641507218,0.566037357453024,0.7,0.35026257894156276
54.62407851219177,-0.14088372999230095,0.24955672251347494,0.566037357453024,0.7,0.39044045250577586
54.64384746551514,-0.17792572475593404,0.23943548478285948,0.5514412975346203,0.6649490341544151,0.4173612095387935
54.6637806892395,-0.20591419990039084,0.22957272909991389,0.5839491976832505,0.6733016341924667,0.4354869290003047
54.683122396469116,-0.22687664425141948,0.21525831082875868,0.5941147977893706,0.6487419482320547,0.4421349550801782
54.70314025878906,-0.24240648215432772,0.20603181187015096,0.559579114097869,0.6518587917555123,0.44843829402447866
54.72313714027405,-0.2537536507338035,0.20151261507903584,0.559579114097869,0.6518587917555123,0.45526626581283935
54.744004011154175,-0.2618965656547401,0.19266083071080686,0.6082149135356303,0.6453340664040297,0.454557396365547
54.76312446594238,-0.26759926305019943,0.18405583168336292,0.6171950620075222,0.6406440469902008,0.45165509473356236
54.783931016922,-0.2725504905257157,0.1716056383354747,0.6469500694831367,0.6364653720986098,0.44415612886119044
54.80343461036682,-0.2757555212408886,0.163606695270353,0.6307553273101802,0.6310847560409456,0.4393622165112416
54.824283599853516,-0.27766320962419305,0.15584569496854783,0.6051569614966865,0.64801682443358,0.4335089045927409
54.84311556816101,-0.28093586057878905,0.15205360422229575,0.6051569614966865,0.64801682443358,0.4329894648010848
54.86394190788269,-0.285070337448007,0.14464457871120828,0.5990060117503162,0.6994012808892875,0.4297149161592153
54.883156538009644,-0.28969445802862204,0.1374668445297722,0.540490619506454,0.7,0.42716130255839424
54.90418791770935,-0.29453680733975907,0.12712790927464468,0.53273465684033,0.7,0.42166471661440375
54.923996686935425,-0.3017194625378075,0.12712790927464468,0.53273465684033,0.7,0.4288473718124522
54.94311237335205,-0.31033835027870516,0.11729376696541394,0.5522144717571791,0.6908093940466642,0.4276321172441191
54.96321392059326,-0.3197276671588513,0.10795474838337427,0.5940776971576269,0.6561036694794893,0.4276824155422256
54.987342834472656,-0.329404654589114,0.10199892448554237,0.5953022790083196,0.6714332520961761,0.4314035790746564
55.003150939941406,-0.3378064621412898,0.10199892448554237,0.5953022790083196,0.6714332520961761,0.43980538662683216
55.0237352848053,-0.346321080201843,0.09346299212194253,0.613640540180495,0.6912582654505968,0.4397840723237855
55.04321336746216,-0.3546896523788744,0.08539525710411056,0.6097703870793338,0.7,0.44008490948298495
55.0667827129364,-0.3627362311134363,0.08027168670539098,0.6000699015741702,0.7,0.44300791781882726
55.08351731300354,-0.37034709277822936,0.08027168670539098,0.6000699015741702,0.7,0.45061877948362034
55.10316705703735,-0.377454730444957,0.07296076405358676,0.5792875966464635,0.7,0.45041549449854373
55.124008655548096,-0.3840255175376796,0.06608943036956916,0.5388986399804707,0.6723899774253368,0.45011494790724876
55.14602756500244,-0.39005024633483265,0.06174725258146552,0.5466549169679638,0.6754442202392965,0.45179749891629817
55.16676092147827,-0.3955369126416237,0.0575921209835073,0.5594375390966888,0.6548901172820478,0.453129033625131
55.18386125564575,-0.4005052507676004,0.0575921209835073,0.5594375390966888,0.6548901172820478,0.4580973717511077
55.203206062316895,-0.40498262826201165,0.05362061920791916,0.5570146670972462,0.7,0.4586032474699308
55.22316646575928,-0.4088700017155354,0.0462145988824858,0.55890647614724,0.6993811763706617,0.4550846005980212
55.24414587020874,-0.4123761101858358,0.04277300626910119,0.55370633364073,0.6659640669706277,0.455149116454937
55.26500463485718,-0.41552499634582574,0.03950089497914533,0.5813011290912982,0.6430990043911151,0.45502589132497107
55.28829646110535,-0.4160264262373538,0.03639460620098234,0.6164175631885882,0.7,0.45242103243833615
55.30301594734192,-0.4146757696973262,0.03639460620098234,0.6164175631885882,0.7,0.45107037589830856
55.323915243148804,-0.41207428658620293,0.033450432076733705,0.5928953035210724,0.6937048223800957,0.44552471866293664
55.34375977516174,-0.40867256563477,0.02803335000823637,0.6628953035210725,0.7,0.43670591564300637
55.364423990249634,-0.40480466713840546,0.02555277944125578,0.6604106503759977,0.7,0.43035744657966124
55.38499736785889,-0.4007149088987074,0.02321899791033033,0.6300143546645995,0.6782777968794107,0.42393390680903775
55.40802073478699,-0.3965788363681023,0.02102804953496573,0.6778846069460269,0.6973002523183822,0.41760688590306805
55.4229576587677,-0.39251960058975416,0.02102804953496573,0.6778846069460269,0.6973002523183822,0.4135476501247199
55.44318604469299,-0.3889952684497814,0.01897592827228678,0.6617013312166091,0.7,0.40797119672206816
55.46354269981384,-0.3855607996987202,0.01614916004584188,0.7,0.7,0.4017099597445621
55.48294925689697,-0.38227926335756623,0.014426249258558954,0.7,0.6738826174288988,0.3967055126161252
55.50470781326294,-0.3815067835004664,0.012073827393521697,0.6736159220337867,0.6400446433573961,0.3935806108939881
55.526426792144775,-0.3824974037868983,0.010653982350596891,0.6775332692079246,0.6731599111109972,0.3931513861374952
55.54303002357483,-0.38468653122788593,0.010653982350596891,0.6775332692079246,0.6731599111109972,0.3953405135784828
55.562968730926514,-0.3899667721406422,0.009347864339570577,0.7,0.6676861516200006,0.39931463648021276
55.58332681655884,-0.3972548797739801,0.007592368669673277,0.7,0.66094502042979,0.4048472484436534
55.60439920425415,-0.4057455350250126,0.006067990198275197,0.7,0.7,0.4118135252232878
55.62556552886963,-0.4171640340784739,0.00517263902143128,0.6818624090403318,0.7,0.4223366730999052
55.6475510597229,-0.4303152227950477,0.004368684584896698,0.6813106648507528,0.6799615200608968,0.4346839073799444
55.66297650337219,-0.4417334206045697,0.004368684584896698,0.6813106648507528,0.6799615200608968,0.4461021051894664
55.68355345726013,-0.4542368765114175,0.00365150439264994,0.6587892174604348,0.7,0.4578883809040674
55.70314383506775,-0.467164604196681,0.0027281946607793373,0.6367089021834544,0.7,0.4698927988574603
55.7231011390686,-0.48004631386442814,0.002207381146170917,0.6337582743610255,0.6924538047052919,0.48225369501059906
55.745203495025635,-0.49255656422830385,0.001556231946064912,0.6054163477267138,0.6849289604462683,0.49411279617436876
55.768457651138306,-0.5067954479959743,0.00120173873160212,0.6361806741799227,0.667305323574692,0.5079971867275764
55.78299427032471,-0.5264924385872605,0.00120173873160212,0.6361806741799227,0.667305323574692,0.5276941773188626
55.80350041389465,-0.5494614112412487,0.0009051741000831726,0.6158384862239472,0.6774689157493412,0.5503665853413319
55.823570013046265,-0.5740976937528275,0.0005580031362484306,0.6157655319067998,0.6546908647753298,0.5746556968890759
55.843645095825195,-0.5992427704456753,0.00038429128267125634,0.658244741508679,0.6608789477497339,0.5996270617283466
55.863492488861084,-0.6240785497924066,0.0002507912634364118,0.5882447415086789,0.7,0.624329341055843
55.88393688201904,-0.6456416075087968,0.00015231921956626593,0.6108840105179114,0.6903196301311254,0.6457939267283631
55.90307068824768,-0.666766550171339,8.363675970457507e-05,0.6594295536223216,0.6780990174040198,0.6668501869310436
55.92556858062744,-0.6870304410740887,2.487485460278549e-05,0.7,0.6892630139365792,0.6870553159286915
55.94619345664978,-0.7061622095877449,7.3888456597615004e-06,0.7,0.7,0.7061695984334047
55.96666622161865,-0.7240034123246957,7.3888456597615004e-06,0.7,0.7,0.7240108011703554
55.983121395111084,-0.740478010333372,9.259235689285106e-07,0.7,0.7,0.740478936256941
56.00310564041138,-0.7555692051689014,0.0,0.7,0.6806702956557273,0.7555692051689014
56.02318787574768,-0.7693017884039569,0.0,0.7,0.6712475920096039,0.7693017884039569
56.04318404197693,-0.7817287858440103,0.0,0.7,0.6967152113094925,0.7817287858440103
56.06323027610779,-0.7929214367504788,0.0,0.6609410353004932,0.7,0.7929214367504788
56.08330821990967,-0.8029617535915848,0.0,0.6303677771240472,0.7,0.8029617535915848
56.10336470603943,-0.8116790130144951,0.0,0.6487307108938694,0.7,0.8116790130144951
56.12294602394104,-0.8195056174573976,0.0,0.6219502285122871,0.6766998998820781,0.8195056174573976
56.14749765396118,-0.8265073210572099,0.0,0.6165388876572251,0.6639168037101626,0.8265073210572099
56.163461446762085,-0.832751535524376,0.0,0.6165388876572251,0.6639168037101626,0.832751535524376
56.18338990211487,-0.8383050472589971,0.0,0.5570610219612717,0.6704908519051969,0.8383050472589971
56.203314542770386,-0.8432324481843723,0.0,0.6270610219612718,0.6303686893545091,0.8432324481843723
56.22374701499939,-0.8475951036698942,0.0,0.6339502986334264,0.6566439590416848,0.8475951036698942
56.24378681182861,-0.8514505207059815,0.0,0.6168901957385242,0.6985505952499806,0.8514505207059815
56.26376557350159,-0.8548520107379222,0.0,0.586146485041827,0.693791373912245,0.8548520107379222
56.28302335739136,-0.8578485660500085,0.0,0.5785891120135784,0.672424924839288,0.8578485660500085
56.30304789543152,-0.8604848877354047,0.0,0.5785891120135784,0.672424924839288,0.8604848877354047
56.32347273826599,-0.8627738095311547,0.0,0.5918533014878631,0.6405890856869518,0.8627738095311547
56.34304618835449,-0.8624724704752188,0.0,0.5847112731821835,0.6228222803212702,0.8624724704752188
56.36392426490784,-0.8603799286949403,0.0,0.5623905891366303,0.6198714978992939,0.8603799286949403
56.38294553756714,-0.8547820531973264,0.0,0.5705461846478284,0.6669416323304176,0.8547820531973264
56.40344738960266,-0.8468969729306713,0.0,0.5705461846478284,0.6669416323304176,0.8468969729306713
56.4230854511261,-0.8376310554562398,0.0,0.5543109336681664,0.6537626905366778,0.8376310554562398
56.44398617744446,-0.8253338896736644,0.0,0.6243109336681665,0.6331731246784329,0.8253338896736644
56.46396231651306,-0.8112553686507474,0.0,0.6163601071201266,0.6204131681472063,0.8112553686507474
56.48338437080383,-0.7963105910737934,0.0,0.6277186997793616,0.6313444821164012,0.7963105910737934
56.50296330451965,-0.7811579966766738,0.0,0.6318491726741196,0.6469161881133914,0.7811579966766738
56.52298545837402,-0.7662604017997744,0.0,0.6318491726741196,0.6469161881133914,0.7662604017997744
56.54371881484985,-0.753325929573991,0.0,0.6737775086984039,0.6717018594965338,0.753325929573991
56.56357526779175,-0.7407025101090368,0.0,0.6644246328249575,0.7,0.7407025101090368
56.583134174346924,-0.7286278306817429,0.0,0.6605276955850423,0.7,0.7286278306817429
56.60298538208008,-0.7172525222364673,0.0,0.6562042051553727,0.7,0.7172525222364673
56.6230583190918,-0.706662778230628,0.0,0.6300047600269318,0.7,0.706662778230628
56.643208026885986,-0.6968977634851667,0.0,0.6300047600269318,0.7,0.6968977634851667
56.66377878189087,-0.6879629454660213,0.0,0.6631071271002293,0.7,0.6879629454660213
56.68397116661072,-0.682156590105643,0.0,0.669471167176962,0.7,0.682156590105643
56.702986001968384,-0.6786762295469346,0.0,0.7,0.7,0.6786762295469346
56.7237663269043,-0.6792195320629676,0.0,0.692590632289648,0.7,0.6792195320629676
56.74391317367554,-0.6802269254231451,0.0,0.7,0.6709439445286989,0.6802269254231451
56.763049364089966,-0.6811015700584251,0.0,0.670550999045372,0.6860849920660257,0.6811015700584251
56.783074140548706,-0.6846058543413385,0.0,0.670550999045372,0.6860849920660257,0.6846058543413385
56.803059577941895,-0.6898442798082506,0.0,0.6564176881685853,0.6637407809495925,0.6898442798082506
56.82324934005737,-0.6961491476490652,0.0,0.6287635525688529,0.6682813053950667,0.6961491476490652
56.84358739852905,-0.7053449294492078,0.0,0.6287635525688529,0.6682813053950667,0.7053449294492078
56.86385178565979,-0.716306329643412,0.0,0.6294699276797473,0.7,0.716306329643412
56.88303065299988,-0.7282052072745463,0.0,0.62866349988617,0.7,0.7282052072745463
56.90298914909363,-0.7404416447264209,0.0,0.6754917027894407,0.6588198438286781,0.7404416447264209
56.92312788963318,-0.7525900546130236,0.0,0.6531789442989975,0.7,0.7525900546130236
56.94297814369202,-0.7643571522240464,0.0,0.6531789442989975,0.7,0.7643571522240464
56.963428020477295,-0.775549277185278,0.0,0.687829657504335,0.6910588292405009,0.775549277185278
56.983789920806885,-0.785266565825139,0.0,0.662571962038055,0.6735937872901558,0.785266565825139
57.00398373603821,-0.7944838682260851,0.0,0.6767688505817204,0.6185761446133256,0.7944838682260851
57.02298355102539,-0.8031109689472186,0.0,0.6499182228464633,0.6396723778918385,0.8031109689472186
57.04359722137451,-0.811100760811829,0.0,0.6546835252549499,0.7,0.811100760811829
57.06309509277344,-0.818437320304302,0.0,0.651408905442804,0.7,0.818437320304302
57.085078716278076,-0.825126803132162,0.0,0.6441729099489748,0.7,0.825126803132162
57.10391306877136,-0.831190538566106,0.0,0.6441729099489748,0.7,0.831190538566106
57.12351870536804,-0.8366598330061246,0.0,0.674773044232279,0.6893735377117991,0.8366598330061246
57.143073081970215,-0.8438884457782243,0.0,0.6495622613467276,0.7,0.8438884457782243
57.163193464279175,-0.8498321892192988,0.0,0.6392917468212544,0.689009641110897,0.8498321892192988
57.1831431388855,-0.8547268408474876,0.0,0.6365499767009168,0.6998313328251242,0.8547268408474876
57.20344281196594,-0.8589765023574716,0.0,0.6365499767009168,0.6998313328251242,0.8589765023574716
57.22532343864441,-0.8647698285209442,0.0,0.6339714052621275,0.6832402598112821,0.8647698285209442
57.243884563446045,-0.8714826714399071,0.0,0.6339714052621275,0.6832402598112821,0.8714826714399071
57.263190031051636,-0.8786572764357252,0.0,0.6448636474553495,0.6881541663780808,0.8786572764357252
57.283122062683105,-0.883647178294547,0.0,0.6166322539094835,0.6963054060935974,0.883647178294547
57.3034942150116,-0.8869881197866909,0.0,0.5744585292879492,0.7,0.8869881197866909
57.32504844665527,-0.8890956755285137,0.0,0.5829174472484737,0.7,0.8890956755285137
57.34278178215027,-0.8902910012640626,0.0,0.5829174472484737,0.7,0.8902910012640626
57.36283040046692,-0.8908212072114176,0.0,0.6172786718700081,0.7,0.8908212072114176
57.383010387420654,-0.8908754604522208,0.0,0.6194835785310715,0.7,0.8908754604522208
57.403167486190796,-0.8882813483372876,0.0,0.6079989499878138,0.7,0.8882813483372876
57.42443919181824,-0.8860290739682751,0.0,0.6377460821997374,0.7,0.8860290739682751
57.44570565223694,-0.8796442708426468,0.0,0.6486071781720966,0.6633732251822948,0.8796442708426468
57.46707057952881,-0.8728737130292431,0.0,0.6359749730210751,0.6828643109649419,0.8728737130292431
57.48369836807251,-0.8660136548927216,0.0,0.6359749730210751,0.6828643109649419,0.8660136548927216
57.50341868400574,-0.8592722276870923,0.0,0.6270181253086775,0.7,0.8592722276870923
57.523545265197754,-0.8527908688016351,0.0,0.6143567967694252,0.6612562283873558,0.8527908688016351
57.543583154678345,-0.8466609638053549,0.0,0.6003455981146544,0.6157518483698368,0.8466609638053549
57.56348896026611,-0.8409367247956973,0.0,0.6050110538955777,0.6516324177384376,0.8409367247956973
57.5834698677063,-0.8356451151503658,0.0,0.6069647954311221,0.6316333774477243,0.8356451151503658
57.604532957077026,-0.8307934612027714,0.0,0.5968739786650985,0.5805472161620855,0.8307934612027714
57.625614404678345,-0.8263752566950163,0.0,0.5868872278835624,0.6273241031914949,0.8263752566950163
57.646849155426025,-0.8225392587392656,0.0,0.5453688563313335,0.6563973154872655,0.8225392587392656
57.663737058639526,-0.8190440476309273,0.0,0.5453688563313335,0.6563973154872655,0.8190440476309273
57.683557987213135,-0.8158776563133092,0.0,0.5612607473041862,0.6573523917933926,0.8158776563133092
57.70388984680176,-0.8130231066924386,0.0,0.6229238831903785,0.6609156971564516,0.8130231066924386
57.7231650352478,-0.8081440394776452,0.0,0.6259585563559085,0.6904244219651445,0.8081440394776452
57.744410037994385,-0.8019873692701874,0.0,0.6887009162921458,0.7,0.8019873692701874
57.76446795463562,-0.7951055594223596,0.0,0.6771034757141023,0.7,0.7951055594223596
57.78651738166809,-0.78790145114236,0.0,0.6486101961228996,0.7,0.78790145114236
57.80375027656555,-0.7806633441887122,0.0,0.6486101961228996,0.7,0.7806633441887122
57.822879791259766,-0.7759087300457991,0.0,0.6495207393774762,0.7,0.7759087300457991
57.84277319908142,-0.7706880606612139,0.0,0.6662348000565543,0.7,0.7706880606612139
57.86358284950256,-0.7661553422114978,0.0,0.6743399085709825,0.6908983707427978,0.7661553422114978
57.88562059402466,-0.7613458467319411,0.0,0.6473084869096055,0.6789602989330887,0.7613458467319411
57.90387558937073,-0.7587872091719233,0.0,0.6473084869096055,0.6789602989330887,0.7587872091719233
57.924052238464355,-0.7578594060832642,0.0,0.5986578757176175,0.6610187904909253,0.7578594060832642
57.94647789001465,-0.7580888008466063,0.0,0.6022217657184228,0.659791669389233,0.7580888008466063
57.9634850025177,-0.7591159169111495,0.0,0.6022217657184228,0.659791669389233,0.7591159169111495
57.98298740386963,-0.7606700450413308,0.0,0.6066925666993483,0.6647552215028554,0.7606700450413308
58.002885818481445,-0.7625492665542708,0.0,0.6152173831826075,0.6620694464538246,0.7625492665542708
58.0237340927124,-0.7646047648838418,0.0,0.5996540833031758,0.6752394019160419,0.7646047648838418
58.046069622039795,-0.7667285291995263,0.0,0.6277725502615794,0.7,0.7667285291995263
58.06698656082153,-0.7688437381499504,0.0,0.5843854129081592,0.7,0.7688437381499504
58.08350157737732,-0.7706802165645578,0.0,0.5843854129081592,0.7,0.7706802165645578
58.102861642837524,-0.7724917360510556,0.0,0.6468662947183474,0.6663749150931835,0.7724917360510556
58.12281394004822,-0.774238177151054,0.0,0.6290565721457824,0.6245508387684822,0.774238177151054
58.14626598358154,-0.7758933888080571,0.0,0.6026684634154662,0.6479685183614492,0.7758933888080571
58.166991233825684,-0.7774416113524083,0.0,0.5659260965650901,0.6225001372396946,0.7774416113524083
58.18321752548218,-0.778874718112757,0.0,0.5659260965650901,0.6225001372396946,0.778874718112757
58.20307183265686,-0.7801900983265205,0.0,0.5662933346349746,0.6397256448864936,0.7801900983265205
58.223081827163696,-0.7813890412797421,0.0,0.5811393261421471,0.6555899146944284,0.7813890412797421
58.24274206161499,-0.7824755111769007,0.0,0.5820635485462844,0.6144865553826093,0.7824755111769007
58.266268491744995,-0.7834552256922711,0.0,0.6367388817481696,0.5892490528523922,0.7834552256922711
58.283671140670776,-0.7843349697372258,0.0,0.6367388817481696,0.5892490528523922,0.7843349697372258
58.303040504455566,-0.7850987859779877,0.0,0.628753147367388,0.6188733547925949,0.7850987859779877
58.32346200942993,-0.7834689073667438,0.0,0.6603144959546625,0.6624330401420593,0.7834689073667438
58.34286284446716,-0.7779030223614257,0.0,0.6659813330508768,0.7,0.7779030223614257
58.368674755096436,-0.769749952670209,0.0,0.6574210722930729,0.6814131539314985,0.769749952670209
58.38282585144043,-0.7600147484258946,0.0,0.6574210722930729,0.6814131539314985,0.7600147484258946
58.402955532073975,-0.7494371947648967,0.0,0.6546075689140707,0.7,0.7494371947648967
58.42294406890869,-0.7385533319910356,0.0,0.6929162601474672,0.6617074392735958,0.7385533319910356
58.4428231716156,-0.7277435559504662,0.0,0.7,0.6403206761926412,0.7277435559504662
58.46310830116272,-0.7195864776878398,0.0,0.7,0.6403206761926412,0.7195864776878398
58.48359179496765,-0.7134868903061169,0.0,0.6299999999999999,0.6432626198977232,0.7134868903061169
58.50367069244385,-0.7089771497922339,0.0,0.6229236718453466,0.6627984650433063,0.7089771497922339
58.52292561531067,-0.7050616779389376,0.0,0.6579152528382837,0.697699998319149,0.7050616779389376
58.54320001602173,-0.702291026893794,0.0,0.6579152528382837,0.697699998319149,0.702291026893794
58.56336784362793,-0.7003885661860254,0.0,0.6230369802750646,0.7,0.7003885661860254
58.5830762386322,-0.7014556207257333,0.0,0.6827444542385637,0.6955101530067622,0.7014556207257333
58.60286593437195,-0.7045571203189608,0.0,0.6637139763869344,0.6878546874970197,0.7045571203189608
58.623547315597534,-0.7089899659297711,0.0,0.6637139763869344,0.6878546874970197,0.7089899659297711
58.64282464981079,-0.7142307112481401,0.0,0.6911424171365796,0.7,0.7142307112481401
58.662768602371216,-0.722210836686799,0.0,0.7,0.6989629740593954,0.722210836686799
58.68307423591614,-0.7318833665754554,0.0,0.6981605885550379,0.7,0.7318833665754554
58.70286965370178,-0.7424764889686304,0.0,0.6981605885550379,0.7,0.7424764889686304
58.72325944900513,-0.7534298562795854,0.0,0.653210107050836,0.6996738996705971,0.7534298562795854
58.743531703948975,-0.762939849431704,0.0,0.6602166591212153,0.7,0.762939849431704
58.763670682907104,-0.7726015866831827,0.0,0.6329370548948645,0.6824817981570959,0.7726015866831827
58.7828414440155,-0.7821140883569059,0.0,0.5629370548948645,0.7,0.7821140883569059
58.80284595489502,-0.7912722329486318,0.0,0.5629370548948645,0.7,0.7912722329486318
58.8231258392334,-0.7999428861200221,0.0,0.6220545062050222,0.659295880049467,0.7999428861200221
58.843761920928955,-0.8103627712345228,0.0,0.6426648796722292,0.6323281925171613,0.8103627712345228
58.86292386054993,-0.8217230236502819,0.0,0.6369660604931413,0.6565895553678274,0.8217230236502819
58.8838312625885,-0.8334370385403012,0.0,0.6369660604931413,0.6565895553678274,0.8334370385403012
58.903648138046265,-0.8450880483021299,0.0,0.6357530514895915,0.6273205827921629,0.8450880483021299
58.92334055900574,-0.8540718867266474,0.0,0.6449492938071488,0.6614116679877042,0.8540718867266474
58.94279599189758,-0.8609663920430147,0.0,0.6838487304002046,0.6741198131814599,0.8609663920430147
58.9629442691803,-0.8669523775837648,0.0,0.6838487304002046,0.6741198131814599,0.8669523775837648
58.98336958885193,-0.8714251690020435,0.0,0.6836443256569327,0.6872657973319292,0.8714251690020435
59.00347423553467,-0.874729045461046,0.0,0.6559083733690203,0.6822897878475487,0.874729045461046
59.023576736450195,-0.8771339431578157,0.0,0.660165219286573,0.6480158169753849,0.8771339431578157
59.04369878768921,-0.8788510469805787,0.0,0.660165219286573,0.6480158169753849,0.8788510469805787
59.062766313552856,-0.8800451685532229,0.0,0.6054627845977665,0.6357171752490103,0.8800451685532229
59.08339238166809,-0.8808445659451472,0.0,0.6477115477417827,0.682741764280945,0.8808445659451472
59.10285425186157,-0.881348727614547,0.0,0.6916732030903221,0.6707153872586786,0.881348727614547
59.12294125556946,-0.8816345372030958,0.0,0.671707204261911,0.6686321523040533,0.8816345372030958
59.14438724517822,-0.8817611512291929,0.0,0.7,0.6818088160827755,0.8817611512291929
59.163443088531494,-0.881773854234663,0.0,0.7,0.6818088160827755,0.881773854234663
59.18298673629761,-0.8817848833083353,0.0,0.7,0.6851192131172865,0.8817848833083353
59.20305776596069,-0.8817166778120056,0.0,0.672010500729084,0.6847481946926564,0.8817166778120056
59.22291588783264,-0.8815952350829811,0.0,0.672010500729084,0.6847481946926564,0.8815952350829811
59.24527406692505,-0.8814400154244681,0.0,0.6481480424292385,0.6294102515559643,0.8814400154244681
59.26291012763977,-0.8812654257695263,0.0,0.6481480424292385,0.6294102515559643,0.8812654257695263
59.283464193344116,-0.8810819833860403,0.0,0.677205301169306,0.5854998077731579,0.8810819833860403
59.303122758865356,-0.8808972266751273,0.0,0.6280888983048498,0.624261427251622,0.8808972266751273
59.3230881690979,-0.8807164263015986,0.0,0.6451343328692019,0.6744496222119778,0.8807164263015986
59.34487986564636,-0.8805431388972074,0.0,0.6451343328692019,0.6744496222119778,0.8805431388972074
59.36297798156738,-0.8803796368252446,0.0,0.6172077239491045,0.6599924224894493,0.8803796368252446
59.38369631767273,-0.8802272405333742,0.0,0.6122907808050513,0.6413752953987568,0.8802272405333742
59.403247356414795,-0.8800949261819102,0.0,0.6051678050309419,0.6377900480758398,0.8800949261819102
59.42548966407776,-0.8799716957889544,0.0,0.5747799694538116,0.619811277417466,0.8799716957889544
59.44374084472656,-0.8798580226596736,0.0,0.5747799694538116,0.619811277417466,0.8798580226596736
59.46303749084473,-0.8797539836619032,0.0,0.5669777265749871,0.6406784072052687,0.8797539836619032
59.48401474952698,-0.8796593782800242,0.0,0.623449860420078,0.6486331304069608,0.8796593782800242
59.506343841552734,-0.8772574705337117,0.0,0.5801439306698739,0.6647258629556745,0.8772574705337117
59.52341628074646,-0.8709999096698898,0.0,0.5801439306698739,0.6647258629556745,0.8709999096698898
59.543702840805054,-0.8622292049769187,0.0,0.6199660993181169,0.7,0.8622292049769187
59.56367063522339,-0.8496277226812916,0.0,0.6125720523297786,0.7,0.8496277226812916
59.58557915687561,-0.8346975679775349,0.0,0.6734204523265361,0.7,0.8346975679775349
59.60329031944275,-0.8217348264787822,0.0,0.6734204523265361,0.7,0.8217348264787822
59.62328219413757,-0.8096052106043573,0.0,0.6597418317571282,0.6691587332636117,0.8096052106043573
59.64339828491211,-0.7960575941336648,0.0,0.6512096354737877,0.7,0.7960575941336648
59.66378855705261,-0.7841984562831186,0.0,0.6695076728239655,0.6796071890741586,0.7841984562831186
59.68814730644226,-0.7738246489482128,0.0,0.6439576203003525,0.7,0.7738246489482128
59.70351505279541,-0.7647559237042539,0.0,0.6439576203003525,0.7,0.7647559237042539
59.7234525680542,-0.7568326882239662,0.0,0.6612371856346726,0.6629750996828079,0.7568326882239662
59.74341130256653,-0.7499139035398267,0.0,0.648247785679996,0.6907674733549356,0.7499139035398267
59.7643883228302,-0.7438751345518188,0.0,0.6335847469046711,0.648553355410695,0.7438751345518188
59.78667211532593,-0.740923106439272,0.0,0.6200707580894231,0.6262255951762199,0.740923106439272
59.803348779678345,-0.7401928685030504,0.0,0.6200707580894231,0.6262255951762199,0.7401928685030504
59.82319474220276,-0.7410250878749216,0.0,0.6516031723469495,0.648751425370574,0.7410250878749216
59.843300580978394,-0.7417476419811497,0.0,0.6129137974232435,0.6490721043548546,0.7417476419811497
59.862924337387085,-0.7435479663774264,0.0,0.5789632488042116,0.6969470132491551,0.7435479663774264
59.88689827919006,-0.7460494415615919,0.0,0.5789632488042116,0.6969470132491551,0.7460494415615919
59.903881311416626,-0.7489719962452616,0.0,0.600948479771614,0.6770526145002804,0.7489719962452616
59.9232234954834,-0.754426348972611,0.0,0.6003205400658771,0.7,0.754426348972611
59.94360303878784,-0.7614954901744321,0.0,0.609075120347552,0.6995723312022164,0.7614954901744321
59.96290349960327,-0.7671835772916009,0.0,0.5825312833068892,0.693939492967911,0.7671835772916009
59.98289942741394,-0.7740788504282456,0.0,0.5825312833068892,0.693939492967911,0.7740788504282456
60.00377178192139,-0.7793145390682137,0.0,0.5736013126326724,0.6781244714977219,0.7793145390682137
60.02296781539917,-0.7855758748695094,0.0,0.5513814200414344,0.6858326489338651,0.7855758748695094
60.04330110549927,-0.7900682401880094,0.0,0.596836130763404,0.6277327867457643,0.7900682401880094
60.0627875328064,-0.7939686264530643,0.0,0.6255651597632095,0.6418529715621843,0.7939686264530643
60.08291292190552,-0.7965999323630317,0.0,0.6255651597632095,0.6418529715621843,0.7965999323630317
60.103336572647095,-0.7959640640287842,0.0,0.6294956325320527,0.6649953913176432,0.7959640640287842
60.123677253723145,-0.7907592905777752,0.0,0.6141978145344182,0.6895947702461853,0.7907592905777752
60.14301824569702,-0.7848345644046085,0.0,0.5779850684804841,0.6915022780187428,0.7848345644046085
60.16299366950989,-0.7785659186925636,0.0,0.600462579797022,0.664450950268656,0.7785659186925636
60.18347191810608,-0.7722236026927936,0.0,0.600462579797022,0.664450950268656,0.7722236026927936
60.20320749282837,-0.7659972678176183,0.0,0.6146929531125351,0.6437956777401268,0.7659972678176183
60.223395586013794,-0.7600155855553866,0.0,0.6026099386392161,0.6102942277677357,0.7600155855553866
60.24347543716431,-0.7543614808095355,0.0,0.5636758084176108,0.5798649911768734,0.7543614808095355
60.262903690338135,-0.7490839183240934,0.0,0.5346342592267319,0.5572867629118263,0.7490839183240934
60.28355312347412,-0.7445018038316636,0.0,0.5346342592267319,0.5572867629118263,0.7445018038316636
60.303391218185425,-0.7402286755312419,0.0,0.5667635692982003,0.5837514691986143,0.7402286755312419
60.32400631904602,-0.7362827808337447,0.0,0.572464018757455,0.5933194377459585,0.7362827808337447
60.34312033653259,-0.7303518217426054,0.0,0.5786785061238333,0.6441398554481566,0.7303518217426054
60.36296772956848,-0.7231983855780647,0.0,0.5547150975791737,0.6598377090878784,0.7231983855780647
60.38402795791626,-0.713068020734326,0.0,0.5547150975791737,0.6598377090878784,0.713068020734326
60.403559923172,-0.7034532722768226,0.0,0.5936195856658741,0.6677709923125803,0.7034532722768226
60.42398548126221,-0.6944500565420952,0.0,0.5829250548733398,0.6705571890808641,0.6944500565420952
60.443135023117065,-0.6861088782600011,0.0,0.5543952208710834,0.6676837760489434,0.6861088782600011
60.46513319015503,-0.6784473691005402,0.0,0.5391298566712066,0.7,0.6784473691005402
60.484179973602295,-0.6714598630690364,0.0,0.5391298566712066,0.7,0.6714598630690364
60.50297689437866,-0.6653931319329841,0.0,0.5644638926489278,0.6917317871004343,0.6653931319329841
60.52415108680725,-0.6598573705323487,0.0,0.5650539023219607,0.6680419843643903,0.6598573705323487
60.5438928604126,-0.6548363047197661,0.0,0.5655846156761981,0.7,0.6548363047197661
60.566200733184814,-0.6503050660435032,0.0,0.596551132260356,0.7,0.6503050660435032
60.58733630180359,-0.6462334720216504,0.0,0.5789119534776546,0.7,0.6462334720216504
60.60389709472656,-0.6425884446070621,0.0,0.5789119534776546,0.7,0.6425884446070621
60.62304091453552,-0.6393357663180806,0.0,0.6188268222496844,0.6777603521943092,0.6393357663180806
60.64309644699097,-0.636441330042233,0.0,0.629552172368858,0.6697116827592253,0.636441330042233
60.66564631462097,-0.6361883523008046,0.0,0.6641443091095425,0.6913490144535899,0.6361883523008046
60.683332681655884,-0.6377767471522519,0.0,0.6641443091095425,0.6913490144535899,0.6377767471522519
60.70353364944458,-0.6406022613842318,0.0,0.6387902645976282,0.7,0.6406022613842318
60.72393774986267,-0.6430554449792409,0.0,0.6602648644358851,0.7,0.6430554449792409
60.74352288246155,-0.646342505023825,0.0,0.6966787426383234,0.7,0.646342505023825
60.763899087905884,-0.6501221292088776,0.0,0.6739389280439354,0.7,0.6501221292088776
60.78554153442383,-0.6564606152942581,0.0,0.7,0.7,0.6564606152942581
60.807395935058594,-0.6644093866384441,0.0,0.6955763379111886,0.7,0.6644093866384441
60.823333501815796,-0.6732671415777352,0.0,0.6955763379111886,0.7,0.6732671415777352
60.84310054779053,-0.6825228135384499,0.0,0.6779765112325549,0.6299999999999999,0.6825228135384499
60.86307978630066,-0.6941272867059854,0.0,0.7,0.6475087302923201,0.6941272867059854
60.88343381881714,-0.7070573565564822,0.0,0.6712271764874458,0.6704306445270776,0.7070573565564822
60.90398335456848,-0.7228837373813384,0.0,0.6274097681045532,0.6863688669353722,0.7228837373813384
60.92602181434631,-0.7403047365284051,0.0,0.6026411492377519,0.6839198513142764,0.7403047365284051
60.94300055503845,-0.7554300927671184,0.0,0.6026411492377519,0.6839198513142764,0.7554300927671184
60.96364092826843,-0.7715064182208411,0.0,0.5940169466659426,0.6990442514605819,0.7715064182208411
60.9835946559906,-0.7901359265108708,0.0,0.5678322890773415,0.6768083997257053,0.7901359265108708
61.00334596633911,-0.8100478469086303,0.0,0.5557002926245331,0.7,0.8100478469086303
61.02450680732727,-0.8303257291065722,0.0,0.5779855920001864,0.6679675213992595,0.8303257291065722
61.04722023010254,-0.8503233797762533,0.0,0.5179881563410162,0.7,0.8503233797762533
61.063650369644165,-0.8695993511531458,0.0,0.5179881563410162,0.7,0.8695993511531458
61.08389377593994,-0.8878660420424502,0.0,0.5742291321977973,0.6983810673002153,0.8878660420424502
61.10344171524048,-0.9026339416799263,0.0,0.5512729639187455,0.7,0.9026339416799263
61.12406921386719,-0.912266094892702,0.0,0.5352187061682343,0.7,0.912266094892702
61.14667201042175,-0.9206289762325839,0.0,0.5352187061682343,0.7,0.9206289762325839
61.16368365287781,-0.9230217238063217,0.0,0.5715790966525673,0.6891386581584811,0.9230217238063217
61.183274030685425,-0.9212046727235498,0.0,0.5500606482848525,0.7,0.9212046727235498
61.207271337509155,-0.914195118004983,0.0,0.5454836765304207,0.676124795153737,0.914195118004983
61.22341203689575,-0.9037636879743033,0.0,0.5454836765304207,0.676124795153737,0.9037636879743033
61.24302077293396,-0.8912304095653395,0.0,0.5678146442398428,0.6578251913189888,0.8912304095653395
61.26388716697693,-0.8775675416374664,0.0,0.5638593549840152,0.6803071804344654,0.8775675416374664
61.283061504364014,-0.8634801663741698,0.0,0.5638165711854526,0.7,0.8634801663741698
61.304500341415405,-0.8494692079038182,0.0,0.6338165711854526,0.6855150198563933,0.8494692079038182
61.32592153549194,-0.8358805843639124,0.0,0.6309478720427433,0.6942560773342847,0.8358805843639124
61.34737157821655,-0.8229434331291803,0.0,0.6583925680966058,0.7,0.8229434331291803
61.36302828788757,-0.8107997390513482,0.0,0.6583925680966058,0.7,0.8107997390513482
61.38346076011658,-0.8002562738097412,0.0,0.6199608379752317,0.6590812213718891,0.8002562738097412
61.40305829048157,-0.7903731048397822,0.0,0.6805215114504972,0.6820718839764595,0.7903731048397822
61.42281484603882,-0.7812090346029814,0.0,0.7,0.68956219246611,0.7812090346029814
61.4448823928833,-0.7727859543673301,0.0,0.7,0.68956219246611,0.7727859543673301
61.46711754798889,-0.7674158887504542,0.0,0.7,0.7,0.7674158887504542
61.4834349155426,-0.7643079148337302,0.0,0.6487858340144157,0.6707847107201814,0.7643079148337302
61.5032012462616,-0.7651694039379516,0.0,0.648000616277568,0.6272106122225523,0.7651694039379516
61.52300834655762,-0.7687652999003491,0.0,0.5910990719450637,0.6791711661964654,0.7687652999003491
61.54304218292236,-0.774165691884287,0.0,0.5685539540601894,0.6775910101598128,0.774165691884287
61.56618404388428,-0.7829934728088939,0.0,0.5290881504071876,0.6955701682483777,0.7829934728088939
61.58377432823181,-0.7939691957720654,0.0,0.5290881504071876,0.6955701682483777,0.7939691957720654
61.60367441177368,-0.8034985986722053,0.0,0.5153284079162403,0.7,0.8034985986722053
61.624022483825684,-0.8144212441116987,0.0,0.5128219359787181,0.7,0.8144212441116987
61.64303541183472,-0.8260237433861537,0.0,0.5318132219137623,0.7,0.8260237433861537
61.66645550727844,-0.8377926731905136,0.0,0.6018132219137624,0.7,0.8377926731905136
61.683133602142334,-0.8493670334884295,0.0,0.6018132219137624,0.7,0.8493670334884295
61.70352482795715,-0.8581848604957537,0.0,0.6260401910217479,0.7,0.8581848604957537
61.723732709884644,-0.8602229643763916,0.0,0.6436269829096273,0.7,0.8602229643763916
61.74291491508484,-0.8574982912752762,0.0,0.638326919269748,0.6964483550284057,0.8574982912752762
61.767436265945435,-0.8515372949842414,0.0,0.6576875397982076,0.691695235716179,0.8515372949842414
61.78367495536804,-0.845801861464708,0.0,0.6576875397982076,0.691695235716179,0.845801861464708
61.80340552330017,-0.8380579080877657,0.0,0.5956222215713933,0.6830551242921501,0.8380579080877657
61.8236768245697,-0.8313344100533857,0.0,0.6169145355047658,0.7,0.8313344100533857
61.842865228652954,-0.8256018026348674,0.0,0.6272410318301991,0.7,0.8256018026348674
61.863049030303955,-0.8207085307008817,0.0,0.5804081462370232,0.6961418863385915,0.8207085307008817
61.88385534286499,-0.8165272064263818,0.0,0.5804081462370232,0.6961418863385915,0.8165272064263818
61.903786420822144,-0.8129505854167839,0.0,0.589647524622269,0.7,0.8129505854167839
61.9236695766449,-0.8122045890087781,0.0,0.5913838217779994,0.683790835365653,0.8122045890087781
61.94382834434509,-0.8111280016113962,0.0,0.5770988906547427,0.6759949147701263,0.8111280016113962
61.96283221244812,-0.8121665136147576,0.0,0.6170964459702373,0.6865756146609783,0.8121665136147576
61.9830060005188,-0.8146467623852264,0.0,0.612965261079371,0.6371054358780384,0.8146467623852264
62.003087759017944,-0.8180630465992494,0.0,0.612965261079371,0.6371054358780384,0.8180630465992494
62.022976875305176,-0.8220394469019374,0.0,0.63966014187783,0.6656897690147161,0.8220394469019374
62.043933153152466,-0.8254918591670519,0.0,0.6331004644557834,0.6937929138541221,0.8254918591670519
62.06296110153198,-0.8292975677408514,0.0,0.6298844637162984,0.7,0.8292975677408514
62.08293080329895,-0.8332483699697429,0.0,0.6390413846634329,0.7,0.8332483699697429
62.103251218795776,-0.8371958284382494,0.0,0.6390413846634329,0.7,0.8371958284382494
62.12369155883789,-0.8433532776318535,0.0,0.6583815272711218,0.6827931597828865,0.8433532776318535
62.14292001724243,-0.8508834642031611,0.0,0.5995061415992677,0.7,0.8508834642031611
62.16298580169678,-0.8591686700185847,0.0,0.5515050533972681,0.7,0.8591686700185847
62.182861328125,-0.8677599417024223,0.0,0.5806718282215297,0.6995354548445902,0.8677599417024223
62.20351457595825,-0.8763373786947424,0.0,0.5806718282215297,0.6995354548445902,0.8763373786947424
62.22284698486328,-0.8846791489405044,0.0,0.584631546381861,0.7,0.8846791489405044
62.24287962913513,-0.892637383208714,0.0,0.59652967562899,0.7,0.892637383208714
62.26317858695984,-0.8995469253837433,0.0,0.6511915158294141,0.7,0.8995469253837433
62.28353238105774,-0.9061185234013576,0.0,0.6338480748049915,0.7,0.9061185234013576
62.30379891395569,-0.9122821982549272,0.0,0.6338480748049915,0.7,0.9122821982549272
62.32331371307373,-0.9156837465837812,0.0,0.604624597337097,0.7,0.9156837465837812
62.342830181121826,-0.919393476536616,0.0,0.5677323173545301,0.6932322259992361,0.919393476536616
62.363521575927734,-0.9232194938740275,0.0,0.5490805096738041,0.6751365184783935,0.9232194938740275
62.38723111152649,-0.924709099787838,0.0,0.5260129701159895,0.6105563461780548,0.924709099787838
62.40377736091614,-0.9245366216565404,0.0,0.5260129701159895,0.6105563461780548,0.9245366216565404
62.42278528213501,-0.9232142381256816,0.0,0.5295958213787526,0.6147343910299241,0.9232142381256816
62.44292187690735,-0.9211280040911829,0.0,0.5295958213787526,0.6147343910299241,0.9211280040911829
62.46753120422363,-0.9139335007572716,0.0,0.5527155210543424,0.693418916594237,0.9139335007572716
62.483115434646606,-0.907687049278377,0.0,0.5527155210543424,0.693418916594237,0.907687049278377
62.50383162498474,-0.8979571752800608,0.0,0.6108645607996732,0.6853963344357907,0.8979571752800608
62.52300810813904,-0.8837478658991983,0.0,0.664491269486025,0.7,0.8837478658991983
62.5478777885437,-0.8668017132258014,0.0,0.661121826833114,0.7,0.8668017132258014
62.56309628486633,-0.8484012168285059,0.0,0.661121826833114,0.7,0.8484012168285059
62.58325433731079,-0.8294755048770489,0.0,0.6786967275943607,0.7,0.8294755048770489
62.60362005233765,-0.8106837736105476,0.0,0.6581250114645809,0.7,0.8106837736105476
62.62557101249695,-0.792480356786189,0.0,0.6275236515607685,0.6720397777855396,0.792480356786189
62.64320683479309,-0.7774816688576561,0.0,0.6275236515607685,0.6720397777855396,0.7774816688576561
62.66344928741455,-0.765104211714358,0.0,0.6223192589636892,0.7,0.765104211714358
62.683687686920166,-0.7543577874110591,0.0,0.5997855516429991,0.7,0.7543577874110591
62.70292639732361,-0.7455432967824465,0.0,0.5331912042852491,0.6770987927913665,0.7455432967824465
62.7262225151062,-0.7406193425148118,0.0,0.5331912042852491,0.6770987927913665,0.7406193425148118
62.74295735359192,-0.7408437970218931,0.0,0.5730492884572596,0.6842306817881763,0.7408437970218931
62.76309561729431,-0.7423219719247914,0.0,0.5553028306271881,0.6816256037447601,0.7423219719247914
62.78347396850586,-0.7469483474146454,0.0,0.5610008148755878,0.6766108428593725,0.7469483474146454
62.80300807952881,-0.7536394737715605,0.0,0.5661961708497256,0.6800928966142237,0.7536394737715605
62.82745146751404,-0.761588391738921,0.0,0.5621585261356086,0.6750623102299869,0.761588391738921
62.84285759925842,-0.7702014542490716,0.0,0.5621585261356086,0.6750623102299869,0.7702014542490716
62.86292386054993,-0.7790488222106127,0.0,0.6152016941737384,0.6666885663755238,0.7790488222106127
62.88335728645325,-0.7878257627094934,0.0,0.5938600201439113,0.6675455539836548,0.7878257627094934
62.90292000770569,-0.795446126536554,0.0,0.6266569283138961,0.6481133017106913,0.795446126536554
62.92287254333496,-0.8006223166846909,0.0,0.6266569283138961,0.6481133017106913,0.8006223166846909
62.943052530288696,-0.8039644136987978,0.0,0.6462270740699023,0.6232431966229341,0.8039644136987978
62.963284492492676,-0.8059445049127015,0.0,0.6145991210173816,0.6199197445414029,0.8059445049127015
62.983283042907715,-0.8069263884655161,0.0,0.5912901919614524,0.6513717446825467,0.8069263884655161
63.002917528152466,-0.8071890590801665,0.0,0.5991219358798117,0.6855996486148797,0.8071890590801665
63.02352786064148,-0.8069452558104404,0.0,0.5991219358798117,0.6855996486148797,0.8069452558104404
63.04359579086304,-0.8063560911041394,0.0,0.5928379420470447,0.6954945607460103,0.8063560911041394
63.062846422195435,-0.8055425724776942,0.0,0.6318868000339717,0.6689462682581506,0.8055425724776942
63.083118200302124,-0.8069110102911781,0.0,0.5899653557967395,0.6749763085856102,0.8069110102911781
63.10287833213806,-0.8074425792186288,0.0,0.6000461003091186,0.6764746928703971,0.8074425792186288
63.12344241142273,-0.8079041009330407,0.0,0.6000461003091186,0.6764746928703971,0.8079041009330407
63.14281511306763,-0.8077795708926281,0.0,0.6155094534438104,0.6952710958314128,0.8077795708926281
63.16286063194275,-0.8095676108354365,0.0,0.631307293875143,0.7,0.8095676108354365
63.183021783828735,-0.8126369608472483,0.0,0.6234204007592052,0.7,0.8126369608472483
63.20280170440674,-0.816515391357841,0.0,0.6683778224792332,0.7,0.816515391357841
63.223318099975586,-0.820853577721059,0.0,0.6683778224792332,0.7,0.820853577721059
63.24350357055664,-0.8253967690590733,0.0,0.6607163359690458,0.7,0.8253967690590733
63.26367449760437,-0.8299626175145689,0.0,0.6544695768784732,0.7,0.8299626175145689
63.28296947479248,-0.8344238707093957,0.0,0.6679846953880042,0.6698654636740684,0.8344238707093957
63.30289006233215,-0.8386948982296425,0.0,0.661293769935146,0.6698109957571432,0.8386948982296425
63.32363939285278,-0.8427212362434676,0.0,0.661293769935146,0.6698109957571432,0.8427212362434676
63.34390091896057,-0.8487878520895072,0.0,0.6586011391878128,0.6539524628962681,0.8487878520895072
63.36297655105591,-0.8540550428550966,0.0,0.6320160315185785,0.6536743805401783,0.8540550428550966
63.38323926925659,-0.8606848294636641,0.0,0.6292985263094306,0.6735726573162537,0.8606848294636641
63.40287971496582,-0.8680863211502057,0.0,0.6208648248389363,0.7,0.8680863211502057
63.42301607131958,-0.8758287585507121,0.0,0.6208648248389363,0.7,0.8758287585507121
63.44342303276062,-0.8836039590550012,0.0,0.629564564190805,0.7,0.8836039590550012
63.463738679885864,-0.8911970015866053,0.0,0.6113416678085923,0.7,0.8911970015866053
63.48295474052429,-0.9007797550110699,0.0,0.6212188903987408,0.7,0.9007797550110699
63.50443935394287,-0.9114919702246588,0.0,0.6131224944069982,0.6626261889934539,0.9114919702246588
63.52406692504883,-0.9227063681938631,0.0,0.6131224944069982,0.6626261889934539,0.9227063681938631
63.54338359832764,-0.9339740182078425,0.0,0.6242073201388121,0.6842423386871814,0.9339740182078425
63.563589572906494,-0.9449816983306969,0.0,0.6171335764043033,0.6894115044735372,0.9449816983306969
63.58419680595398,-0.9545388472527785,0.0,0.6136916086357087,0.6877325926208868,0.9545388472527785
63.60723567008972,-0.9638164629156903,0.0,0.6054237207677216,0.6675565675133839,0.9638164629156903
63.62379050254822,-0.9703390615893791,0.0,0.6054237207677216,0.6675565675133839,0.9703390615893791
63.64293313026428,-0.9770925250809824,0.0,0.5819758719112724,0.6611214963952079,0.9770925250809824
63.66326189041138,-0.9815120078589503,0.0,0.5697095321770758,0.6396184819051995,0.9815120078589503
63.68626356124878,-0.9841938783218932,0.0,0.5740642568375915,0.6469651292311027,0.9841938783218932
63.702959299087524,-0.9855981568735109,0.0,0.5740642568375915,0.6469651292311027,0.9855981568735109
63.72315788269043,-0.9837616873962316,0.0,0.6277113503124565,0.6550373154925182,0.9837616873962316
63.74294900894165,-0.979722657733783,0.0,0.6226760151144117,0.6935712899314239,0.979722657733783
63.76383328437805,-0.9719438729953784,0.0,0.5905027577932924,0.7,0.9719438729953784
63.78769588470459,-0.9617725366323762,0.0,0.5692366028483957,0.7,0.9617725366323762
63.802982568740845,-0.9529415227154682,0.0,0.5692366028483957,0.7,0.9529415227154682
63.823158502578735,-0.9448564815694219,0.0,0.6343007872160524,0.7,0.9448564815694219
63.843435764312744,-0.9351863108238493,0.0,0.6555799024458975,0.6891433222219348,0.9351863108238493
63.86633038520813,-0.924669996410022,0.0,0.7,0.7,0.924669996410022
63.88739609718323,-0.9138431235166097,0.0,0.7,0.7,0.9138431235166097
63.903603076934814,-0.9030858838673012,0.0,0.7,0.7,0.9030858838673012
63.92343091964722,-0.892660516014356,0.0,0.6965417408384382,0.667549905180931,0.892660516014356
63.943199634552,-0.8850567673610685,0.0,0.6749671318568289,0.656759157590568,0.8850567673610685
63.96298670768738,-0.8796132561584987,0.0,0.695251263026148,0.6759800722822547,0.8796132561584987
63.986567735672,-0.8758136667618961,0.0,0.6904384422115981,0.7,0.8758136667618961
64.0028555393219,-0.8732560510467692,0.0,0.6904384422115981,0.7,0.8732560510467692
64.02298474311829,-0.8710354637838658,0.0,0.6335491205565631,0.6849514728412032,0.8710354637838658
64.04312300682068,-0.8720168691577864,0.0,0.6233232061378657,0.7,0.8720168691577864
64.06297087669373,-0.8751964511037803,0.0,0.6389194273389875,0.7,0.8751964511037803
64.08660507202148,-0.8798190459229838,0.0,0.633515949640423,0.7,0.8798190459229838
64.10389566421509,-0.8876384493257107,0.0,0.633515949640423,0.7,0.8876384493257107
64.12308239936829,-0.8974722138470029,0.0,0.6274974050931632,0.6963728941511362,0.8974722138470029
64.14328241348267,-0.908445946350876,0.0,0.6295414937660098,0.6955786789068952,0.908445946350876
64.16300940513611,-0.9199222667462795,0.0,0.5830869412049651,0.6815294264117255,0.9199222667462795
64.18727397918701,-0.9314452176482184,0.0,0.5769542821682989,0.6924668917665258,0.9314452176482184
64.20353507995605,-0.9426968710404098,0.0,0.5769542821682989,0.6924668917665258,0.9426968710404098
64.22378373146057,-0.9524658437838632,0.0,0.5691980703733861,0.6532533573219552,0.9524658437838632
64.24405479431152,-0.9619452219128246,0.0,0.5208842701278626,0.6644146437058225,0.9619452219128246
64.26300525665283,-0.9709736252879068,0.0,0.5741965978406369,0.6767486021155491,0.9709736252879068
64.2832453250885,-0.9794508478150385,0.0,0.5741965978406369,0.6767486021155491,0.9794508478150385
64.30368757247925,-0.9873218146155044,0.0,0.5895565583370626,0.6620468436041846,0.9873218146155044
64.32393217086792,-0.9899315533935935,0.0,0.5645950998179614,0.6157659081974998,0.9899315533935935
64.34322500228882,-0.9865018187036483,0.0,0.5522529252804815,0.6405858056852594,0.9865018187036483
64.36291241645813,-0.9789675742590512,0.0,0.5668515267781913,0.6898886742303147,0.9789675742590512
64.38291811943054,-0.9687809818966554,0.0,0.5668515267781913,0.6898886742303147,0.9687809818966554
64.40387272834778,-0.9570205871498089,0.0,0.5816949226893484,0.7,0.9570205871498089
64.42358708381653,-0.9444770040280513,0.0,0.5911741231568157,0.6793100450187921,0.9444770040280513
64.44320487976074,-0.9335863449088563,0.0,0.6255354334600269,0.6380405750125646,0.9335863449088563
64.46320080757141,-0.9222644700935125,0.0,0.6247863534255884,0.6376426033559255,0.9222644700935125
64.482741355896,-0.9109414681045785,0.0,0.6947863534255885,0.6346932879998348,0.9109414681045785
64.50362372398376,-0.8999160997173677,0.0,0.6947863534255885,0.6346932879998348,0.8999160997173677
64.52308368682861,-0.8893880342162094,0.0,0.6962751582427882,0.6811595752253197,0.8893880342162094
64.54310202598572,-0.8794828516127395,0.0,0.6727675911202096,0.665719987580087,0.8794828516127395
64.56294751167297,-0.8702713613122158,0.0,0.6861321939318441,0.6869057116447947,0.8702713613122158
64.5839958190918,-0.8617844639544894,0.0,0.6649384493171238,0.7,0.8617844639544894
64.60326671600342,-0.8540245259490953,0.0,0.6917959762900137,0.7,0.8540245259490953
64.6229772567749,-0.8492903801054337,0.0,0.6917959762900137,0.7,0.8492903801054337
64.64404797554016,-0.8467826581780812,0.0,0.6864176643243991,0.6509871043264865,0.8467826581780812
64.66316962242126,-0.8446053899755727,0.0,0.6985212545073591,0.6701568447053432,0.8446053899755727
64.68360209465027,-0.8439970976239359,0.0,0.7,0.6707554652704857,0.8439970976239359
64.70308494567871,-0.8468109647500229,0.0,0.6698927067220211,0.6911602939828299,0.8468109647500229
64.72319149971008,-0.8519276376913063,0.0,0.6698927067220211,0.6911602939828299,0.8519276376913063
64.74374961853027,-0.8585089451025726,0.0,0.6632030944339931,0.6925688766525127,0.8585089451025726
64.76391577720642,-0.8659341092888156,0.0,0.6824944077990949,0.7,0.8659341092888156
64.7831392288208,-0.8760660585433321,0.0,0.695799281168729,0.7,0.8760660585433321
64.80366969108582,-0.885494713190556,0.0,0.695799281168729,0.7,0.885494713190556
64.82312607765198,-0.8965027300632206,0.0,0.7,0.6948226902633905,0.8965027300632206
64.84393048286438,-0.9083176259064529,0.0,0.7,0.6948226902633905,0.9083176259064529
64.86379480361938,-0.9203815837632574,0.0,0.6395361840724945,0.6719847589731216,0.9203815837632574
64.88331842422485,-0.932300590891681,0.0,0.6470763253048062,0.7,0.932300590891681
64.90309572219849,-0.9426489771872812,0.0,0.6560523843392729,0.7,0.9426489771872812
64.92377471923828,-0.9527895271037107,0.0,0.6636804801411926,0.7,0.9527895271037107
64.94339752197266,-0.962518464823881,0.0,0.6636804801411926,0.7,0.962518464823881
64.96395945549011,-0.9717050996498622,0.0,0.6456492424942553,0.693150683119893,0.9717050996498622
64.98323464393616,-0.9802729487163074,0.0,0.6490413318853825,0.7,0.9802729487163074
65.00388646125793,-0.9881851965550521,0.0,0.6418352942448109,0.7,0.9881851965550521
65.0230860710144,-0.9954335501632765,0.0,0.6112248688470572,0.7,0.9954335501632765
65.043208360672,-1.0020297462454695,0.0,0.6112248688470572,0.7,1.0020297462454695
65.06355595588684,-1.0103154725132908,0.0,0.6112248688470572,0.7,1.0103154725132908
65.08356618881226,-1.0218726920241097,0.0,0.6112248688470572,0.7,1.0218726920241097
65.1036958694458,-1.031906965073229,0.0,0.6112248688470572,0.7,1.031906965073229
65.1238865852356,-1.0441096494579984,0.0,0.6112248688470572,0.7,1.0441096494579984
65.14341187477112,-1.0574968694592763,0.0,0.6112248688470572,0.7,1.0574968694592763
65.16322755813599,-1.0690376778674617,0.0,0.6112248688470572,0.7,1.0690376778674617
65.18320894241333,-1.078991848147174,0.0,0.6112248688470572,0.7,1.078991848147174
65.20337867736816,-1.087581629541172,0.0,0.6112248688470572,0.7,1.087581629541172
65.22331666946411,-1.0926810022629105,0.0,0.6112248688470572,0.7,1.0926810022629105
65.24310064315796,-1.0952216120194407,0.0,0.6112248688470572,0.7,1.0952216120194407
65.26339268684387,-1.0959179976079865,0.0,0.6112248688470572,0.7,1.0959179976079865
65.28326964378357,-1.0953150680219939,0.0,0.6112248688470572,0.7,1.0953150680219939
65.30328583717346,-1.093825549695082,0.0,0.6112248688470572,0.7,1.093825549695082
65.32342433929443,-1.091759480280985,0.0,0.6112248688470572,0.7,1.091759480280985
65.34341239929199,-1.0899656660664088,0.0,0.6112248688470572,0.7,1.0899656660664088
65.36369585990906,-1.0877899655082912,0.0,0.6112248688470572,0.7,1.0877899655082912
65.38365888595581,-1.0854063545284438,0.0,0.6112248688470572,0.7,1.0854063545284438
65.4037413597107,-1.0829411528536486,0.0,0.6112248688470572,0.7,1.0829411528536486
65.42366409301758,-1.0804842500075131,0.0,0.6112248688470572,0.7,1.0804842500075131
65.44355320930481,-1.0780978627787974,0.0,0.6112248688470572,0.7,1.0780978627787974
65.46337676048279,-1.075823347299473,0.0,0.6112248688470572,0.7,1.075823347299473
65.48342514038086,-1.0736864803611905,0.0,0.6112248688470572,0.7,1.0736864803611905
65.50351047515869,-1.0717015383061737,0.0,0.6112248688470572,0.7,1.0717015383061737
65.52346992492676,-1.0721907813222704,0.0,0.6112248688470572,0.7,1.0721907813222704
65.54338526725769,-1.0720693028246484,0.0,0.6112248688470572,0.7,1.0720693028246484
65.56372165679932,-1.0719638320915195,0.0,0.6112248688470572,0.7,1.0719638320915195
65.58355641365051,-1.0714352582880895,0.0,0.6112248688470572,0.7,1.0714352582880895
65.60356163978577,-1.0706267358807158,0.0,0.6112248688470572,0.7,1.0706267358807158
65.6233925819397,-1.0696450751751923,0.0,0.6112248688470572,0.7,1.0696450751751923
65.64312386512756,-1.068569027560561,0.0,0.6112248688470572,0.7,1.068569027560561
65.66332817077637,-1.069772127851209,0.0,0.6112248688470572,0.7,1.069772127851209
65.68348097801208,-1.0702102239979783,0.0,0.6112248688470572,0.7,1.0702102239979783
65.70339870452881,-1.070105417263985,0.0,0.6112248688470572,0.7,1.070105417263985
65.72342014312744,-1.0696262829866936,0.0,0.6112248688470572,0.7,1.0696262829866936
65.74344778060913,-1.068899775658274,0.0,0.6112248688470572,0.7,1.068899775658274
65.76337766647339,-1.0682690034471276,0.0,0.6112248688470572,0.7,1.0682690034471276
65.78349375724792,-1.0674729423362337,0.0,0.6112248688470572,0.7,1.0674729423362337
65.80331754684448,-1.0665830548971127,0.0,0.6112248688470572,0.7,1.0665830548971127
65.82319498062134,-1.0656514504159724,0.0,0.6112248688470572,0.7,1.0656514504159724
65.84322810173035,-1.0647154224311826,0.0,0.6112248688470572,0.7,1.0647154224311826
65.86323928833008,-1.0638009908854413,0.0,0.6112248688470572,0.7,1.0638009908854413
65.88323187828064,-1.0629256595497483,0.0,0.6112248688470572,0.7,1.0629256595497483
65.90311360359192,-1.062100555718922,0.0,0.6112248688470572,0.7,1.062100555718922
65.92321848869324,-1.0613320844535719,0.0,0.6112248688470572,0.7,1.0613320844535719
65.9432442188263,-1.0629395501223275,0.0,0.6112248688470572,0.7,1.0629395501223275
65.96318578720093,-1.0661549304895575,0.0,0.6112248688470572,0.7,1.0661549304895575
65.98346543312073,-1.0689466058169457,0.0,0.6112248688470572,0.7,1.0689466058169457
66.00327587127686,-1.072826199717495,0.0,0.6112248688470572,0.7,1.072826199717495
66.02407622337341,-1.0750428461936952,0.0,0.6112248688470572,0.7,1.0750428461936952
