time,theta,target,p1_cmd,p2_cmd,error
48.38661503791809,11.231979346512045,0.0,0.0,0.0,-11.231979346512045
48.406827211380005,11.236066876911654,0.0,0.0,0.0,-11.236066876911654
48.42674684524536,11.238129976937346,0.0,0.0,0.0,-11.238129976937346
48.44690012931824,11.2442960117873,0.0,0.0,0.0,-11.2442960117873
48.46692705154419,11.267168143315718,0.0,0.0,0.0,-11.267168143315718
48.486605644226074,11.28274867946683,0.0,0.0,0.0,-11.28274867946683
48.50676512718201,11.315611739349844,0.0,0.0,0.0,-11.315611739349844
48.5268189907074,11.365413778544887,0.0,0.0,0.0,-11.365413778544887
48.54672718048096,11.428948636716067,0.0,0.0,0.0,-11.428948636716067
48.56681728363037,11.501576297859243,0.0,0.0,0.0,-11.501576297859243
48.586878061294556,11.577858765902684,0.0,0.0,0.0,-11.577858765902684
48.60680866241455,11.654390762787429,0.0,0.0,0.0,-11.654390762787429
48.626731395721436,11.721670579710535,0.0,0.0,0.0,-11.721670579710535
48.646700620651245,11.759262250144813,0.0,0.0,0.0,-11.759262250144813
48.66671872138977,11.735262426654563,0.0,0.0,0.0,-11.735262426654563
48.686829566955566,11.620346671784597,0.0,0.0,0.0,-11.620346671784597
48.706772804260254,11.521501899470135,0.0,0.0,0.0,-11.521501899470135
48.726741313934326,11.30288994696584,0.0,0.0,0.0,-11.30288994696584
48.74682307243347,10.953909619057264,0.0,0.0,0.0,-10.953909619057264
48.766845703125,10.475283663396688,0.0,0.0,0.0,-10.475283663396688
48.78680396080017,9.877835419779313,0.0,0.0,0.0,-9.877835419779313
48.806774854660034,9.183740389354254,0.0,0.0,0.0,-9.183740389354254
48.82679891586304,8.422456514241166,0.0,0.0,0.0,-8.422456514241166
48.846734046936035,7.627731385545978,0.0,0.0,0.0,-7.627731385545978
48.86680817604065,6.830777022988277,0.0,0.0,0.0,-6.830777022988277
48.88687252998352,6.053287376793992,0.0,0.0,0.0,-6.053287376793992
48.90685749053955,5.309798989760939,0.0,0.0,0.0,-5.309798989760939
48.92684078216553,4.664551692023965,0.0,0.0,0.0,-4.664551692023965
48.946820974349976,4.049472484276874,0.0,0.0,0.0,-4.049472484276874
48.966798305511475,3.471549928523119,0.0,0.0,0.0,-3.471549928523119
48.986796855926514,2.9346590535012727,0.0,0.0,0.0,-2.9346590535012727
49.00681734085083,2.4404111145357517,0.0,0.0,0.0,-2.4404111145357517
49.02678298950195,1.988802751488025,0.0,0.0,0.0,-1.988802751488025
49.04665493965149,1.5787091157205275,0.0,0.0,0.0,-1.5787091157205275
49.06675672531128,1.208255830746495,0.0,0.0,0.0,-1.208255830746495
49.08676719665527,0.8750970868661795,0.0,0.0,0.0,-0.8750970868661795
49.10685753822327,0.5766212494715202,0.0,0.0,0.0,-0.5766212494715202
49.126832723617554,0.31010071351318536,0.0,0.0,0.0,-0.31010071351318536
49.14677357673645,0.07870507506489413,0.0,0.0,0.0,-0.07870507506489413
49.166815996170044,-0.12810165584104505,0.0,0.0,0.0,0.12810165584104505
49.186816453933716,-0.31237936767051466,0.0,0.0,0.0,0.31237936767051466
49.20678901672363,-0.4761524687494157,0.0,0.0,0.0,0.4761524687494157
49.22682595252991,-0.6213674001494279,0.0,0.0,0.0,0.6213674001494279
49.24682974815369,-0.7498651714803102,0.0,0.0,0.0,0.7498651714803102
49.26680541038513,-0.863365057221368,0.0,0.0,0.0,0.863365057221368
49.28682279586792,-0.9634564763082817,0.0,0.0,0.0,0.9634564763082817
49.30679512023926,-1.0515967709453318,0.0,0.0,0.0,1.0515967709453318
49.32679843902588,-1.1291131423938916,0.0,0.0,0.0,1.1291131423938916
49.34679055213928,-1.1972074237864987,0.0,0.0,0.0,1.1972074237864987
49.36683750152588,-1.2563285684086385,0.0,0.0,0.0,1.2563285684086385
49.38682460784912,-1.3082931530598167,0.0,0.0,0.0,1.3082931530598167
49.40680909156799,-1.353917414398115,0.0,0.0,0.0,1.353917414398115
49.42686152458191,-1.393935391562207,0.0,0.0,0.0,1.393935391562207
49.44685959815979,-1.4290046858443786,0.0,0.0,0.0,1.4290046858443786
49.46679639816284,-1.4597124756065318,0.0,0.0,0.0,1.4597124756065318
49.486506938934326,-1.4865815500091566,0.0,0.0,0.0,1.4865815500091566
49.50681138038635,-1.5100761968224363,0.0,0.0,0.0,1.5100761968224363
49.52678728103638,-1.5306078337357027,0.0,0.0,0.0,1.5306078337357027
49.54679274559021,-1.5485403131086677,0.0,0.0,0.0,1.5485403131086677
49.56677198410034,-1.5641948601059341,0.0,0.0,0.0,1.5641948601059341
49.58677005767822,-1.5777865369853115,0.0,0.0,0.0,1.5777865369853115
49.6067533493042,-1.5896552665978265,0.0,0.0,0.0,1.5896552665978265
49.62678289413452,-1.600014471703522,0.0,0.0,0.0,1.600014471703522
49.64677667617798,-1.6090521749161653,0.0,0.0,0.0,1.6090521749161653
49.66680598258972,-1.6169338010943988,0.0,0.0,0.0,1.6169338010943988
49.68681573867798,-1.623804719387432,0.0,0.0,0.0,1.623804719387432
49.70673942565918,-1.6297925374551288,0.0,0.0,0.0,1.6297925374551288
49.72680711746216,-1.635009163089748,0.0,0.0,0.0,1.635009163089748
49.74676823616028,-1.6395526499458737,0.0,0.0,0.0,1.6395526499458737
49.76680636405945,-1.643508844672275,0.0,0.0,0.0,1.643508844672275
49.786823749542236,-1.6469528526915687,0.0,0.0,0.0,1.6469528526915687
49.80679774284363,-1.6499430283786756,0.0,0.0,0.0,1.6499430283786756
49.826824426651,-1.6525464862569184,0.0,0.0,0.0,1.6525464862569184
49.84679865837097,-1.654812723659815,0.0,0.0,0.0,1.654812723659815
49.86680459976196,-1.6567850078759578,0.0,0.0,0.0,1.6567850078759578
49.886818170547485,-1.6585011386219473,0.0,0.0,0.0,1.6585011386219473
49.90683937072754,-1.6599941217384266,0.0,0.0,0.0,1.6599941217384266
49.92678141593933,-1.6612927634682393,0.0,0.0,0.0,1.6612927634682393
49.94682264328003,-1.6624221939103496,0.0,0.0,0.0,1.6624221939103496
49.96679186820984,-1.663404327485067,0.0,0.0,0.0,1.663404327485067
49.98679208755493,-1.6642582675130406,0.0,0.0,0.0,1.6642582675130406
50.00683379173279,-1.6650006613141421,0.0,0.0,0.0,1.6650006613141421
50.026816606521606,-1.6656452265664248,0.0,0.0,0.0,1.6656452265664248
50.04672026634216,-1.6662056395883682,0.0,0.0,0.0,1.6662056395883682
50.066436767578125,-1.6666928324927515,0.0,0.0,0.0,1.6666928324927515
50.08674073219299,-1.6671163282195316,0.0,0.0,0.0,1.6671163282195316
50.106870889663696,-1.6674844199487389,0.0,0.0,0.0,1.6674844199487389
50.12681031227112,-1.667804328127352,0.0,0.0,0.0,1.667804328127352
50.14679741859436,-1.6680823378088578,0.0,0.0,0.0,1.6680823378088578
50.16677188873291,-1.6683239186988188,0.0,0.0,0.0,1.6683239186988188
50.18678665161133,-1.6685338300245782,0.0,0.0,0.0,1.6685338300245782
50.206761598587036,-1.6687162121002879,0.0,0.0,0.0,1.6687162121002879
50.22692131996155,-1.6688745608748536,0.0,0.0,0.0,1.6688745608748536
50.24679160118103,-1.669012148686484,0.0,0.0,0.0,1.669012148686484
50.26677417755127,-1.669131690227498,0.0,0.0,0.0,1.669131690227498
50.286744594573975,-1.669235546677585,0.0,0.0,0.0,1.669235546677585
50.30674457550049,-1.6693257714448422,0.0,0.0,0.0,1.6693257714448422
50.32704997062683,-1.6694041500478913,0.0,0.0,0.0,1.6694041500478913
50.34703707695007,-1.669472234877414,0.0,0.0,0.0,1.669472234877414
50.36706233024597,-1.669531375484898,0.0,0.0,0.0,1.669531375484898
50.38703680038452,-1.6695827449664098,0.0,0.0,0.0,1.6695827449664098
50.4070188999176,-1.6696273629387142,0.0,0.0,0.0,1.6696273629387142
50.426886320114136,-1.6696661155429642,0.0,0.0,0.0,1.6696661155429642
50.446884870529175,-1.669699761543375,0.0,0.0,0.0,1.669699761543375
50.46690535545349,-1.6697289851731905,0.0,0.0,0.0,1.6697289851731905
50.48660397529602,-1.6697543669252992,0.0,0.0,0.0,1.6697543669252992
50.50675415992737,-1.6697764112509776,0.0,0.0,0.0,1.6697764112509776
50.52677512168884,-1.6697955564897267,0.0,0.0,0.0,1.6697955564897267
50.54685044288635,-1.6698121835087112,0.0,0.0,0.0,1.6698121835087112
50.56681776046753,-1.6698266232182222,0.0,0.0,0.0,1.6698266232182222
50.586809396743774,-1.66983916310838,0.0,0.0,0.0,1.66983916310838
50.60678052902222,-1.669850052933731,0.0,0.0,0.0,1.669850052933731
50.626572370529175,-1.669859509656177,0.0,0.0,0.0,1.669859509656177
50.64686584472656,-1.669867721742483,0.0,0.0,0.0,1.669867721742483
50.6670560836792,-1.669874852900228,0.0,0.0,0.0,1.669874852900228
50.686647176742554,-1.669881044353449,0.0,0.0,0.0,1.669881044353449
50.706655502319336,-1.6698864209030106,0.0,0.0,0.0,1.6698864209030106
50.72664928436279,-1.6698910897380495,0.0,0.0,0.0,1.6698910897380495
50.746620416641235,-1.6698951439617826,0.0,0.0,0.0,1.6698951439617826
50.76666855812073,-1.6698986644398985,0.0,0.0,0.0,1.6698986644398985
50.78666043281555,-1.6699017214069298,0.0,0.0,0.0,1.6699017214069298
50.806628704071045,-1.669904375862194,0.0,0.0,0.0,1.669904375862194
50.826613903045654,-1.6699066807827772,0.0,0.0,0.0,1.6699066807827772
50.84661793708801,-1.669908682177476,0.0,0.0,0.0,1.669908682177476
50.86656069755554,-1.6699104200024923,0.0,0.0,0.0,1.6699104200024923
50.88674807548523,-1.669911928956973,0.0,0.0,0.0,1.669911928956973
50.90678930282593,-1.6699132390697786,0.0,0.0,0.0,1.6699132390697786
50.926775217056274,-1.6699143766475115,0.0,0.0,0.0,1.6699143766475115
50.94659757614136,-1.6699153644050198,0.0,0.0,0.0,1.6699153644050198
50.966636180877686,-1.6699162220680885,0.0,0.0,0.0,1.6699162220680885
50.98656415939331,-1.6699169667664875,0.0,0.0,0.0,1.6699169667664875
51.00657248497009,-1.6699176133753906,0.0,0.0,0.0,1.6699176133753906
51.026559829711914,-1.6699181748119412,0.0,0.0,0.0,1.6699181748119412
51.04653978347778,-1.6699186622928421,0.0,0.0,0.0,1.6699186622928421
51.066590547561646,-1.6699190855580894,0.0,0.0,0.0,1.6699190855580894
51.08657956123352,-1.66991945306529,0.0,0.0,0.0,1.66991945306529
51.106541872024536,-1.6699197721584298,0.0,0.0,0.0,1.6699197721584298
51.126524686813354,-1.6699200492032404,0.0,0.0,0.0,1.6699200492032404
51.14653134346008,-1.6699202897518222,0.0,0.0,0.0,1.6699202897518222
51.1665256023407,-1.669920498611206,0.0,0.0,0.0,1.669920498611206
51.186525106430054,-1.6699206799554256,0.0,0.0,0.0,1.6699206799554256
51.20651602745056,-1.669920837408844,0.0,0.0,0.0,1.669920837408844
51.226518392562866,-1.6699209741185106,0.0,0.0,0.0,1.6699209741185106
51.246525287628174,-1.669921092817005,0.0,0.0,0.0,1.669921092817005
51.26653218269348,-1.6699211958770053,0.0,0.0,0.0,1.6699211958770053
51.28650879859924,-1.6699212853586787,0.0,0.0,0.0,1.6699212853586787
51.30650281906128,-1.6699213630508316,0.0,0.0,0.0,1.6699213630508316
51.3264684677124,-1.6699214305066463,0.0,0.0,0.0,1.6699214305066463
51.34683656692505,-1.669921489073507,0.0,0.0,0.0,1.669921489073507
51.36700963973999,-1.6699215399239535,0.0,0.0,0.0,1.6699215399239535
0.01864337921142578,-1.669921584074572,-8.691409856826053e-08,0.0,0.0,1.6699214971604734
0.03823232650756836,-1.669921622408036,-8.691409856826053e-08,0.0,0.0,1.6699215354939374
0.05867123603820801,-1.6699216556907441,-1.8656140930260645e-05,0.0,0.020013779401779175,1.6699029995498138
0.08008909225463867,-1.669921684588134,-6.272756976547373e-05,0.010871450416743755,0.07603538781404495,1.6698589570183684
0.09820151329040527,-1.6699217096779797,-6.272756976547373e-05,0.010871450416743755,0.07603538781404495,1.6698589821082142
0.11856651306152344,-1.66992173146194,-0.00011423941466673964,0.0,0.045051565393805504,1.6698074920472732
0.1381528377532959,-1.6699217503755823,-0.00018809344757188322,0.028148720040917397,0.01842392049729824,1.6697336569280103
0.15853571891784668,-1.6699217667970916,-0.00023462813176490936,0.028148720040917397,0.01842392049729824,1.6696871386653267
0.17873048782348633,-1.6699217810548266,-0.0004185023521877248,0.0,0.0,1.669503278702639
0.19805622100830078,-1.669921793433756,-0.0005827922525228855,0.0,0.03537530079483986,1.6693390011812332
0.21808505058288574,-1.669921804181588,-0.0009013040487141841,0.0,0.022881912998855114,1.6690205001328737
0.23815226554870605,-1.6699218135132334,-0.0010285756589162877,0.0,0.022881912998855114,1.668893237854317
0.2585327625274658,-1.6699218216152887,-0.001317560889854927,0.004750689025968313,0.0,1.6686042607254337
0.2788050174713135,-1.6699218286497661,-0.0018440352537635355,0.027424303349107504,0.04731644317507744,1.6680777933960025
0.29815077781677246,-1.6699218347573321,-0.002262317526617522,0.0,0.07776585593819618,1.6676595172307147
0.31813955307006836,-1.669921840060119,-0.0024929968019414667,0.0,0.07776585593819618,1.6674288432581776
0.33828282356262207,-1.669921844664168,-0.003276513438666251,0.03963610902428627,0.0627326350659132,1.6666453312255016
0.3588080406188965,-1.669921848661548,-0.0038794792660549965,0.03026570286601782,0.035825930535793304,1.6660423693954929
0.3811163902282715,-1.6699218521321968,-0.004913527322142716,0.0,0.10582593053579331,1.665008324810054
0.3988199234008789,-1.6699218551455028,-0.005294481163305126,0.0,0.10582593053579331,1.6646273739821977
0.41799163818359375,-1.6699218577617494,-0.006113333230537595,0.0,0.035825930535793304,1.6638085245312118
0.44019055366516113,-1.6699218600332555,-0.007490234180158776,0.0,0.0,1.6624316258530967
0.4583470821380615,-1.669921862005446,-0.007490234180158776,0.0,0.0,1.662431627825287
0.47821760177612305,-1.669921863717761,-0.009055370545135655,0.022521814331412315,0.0,1.6608664931726254
0.4994955062866211,-1.6699218652044436,-0.010208782792878379,0.0,0.0,1.6597130824115653
0.5179696083068848,-1.6699218664952253,-0.010208782792878379,0.0,0.0,1.659713083702347
0.5380313396453857,-1.6699218676159193,-0.01211187003435461,0.0,0.0,1.6578099975815648
0.5580577850341797,-1.6699218685889383,-0.013500496618324158,0.0,0.0,1.6564213719706142
0.5780456066131592,-1.669921869433741,-0.014231946204230041,0.0,0.0,1.655689923229511
0.5982334613800049,-1.6699218701672225,-0.016579439083534344,0.0,0.07,1.6533424310836882
0.6195423603057861,-1.6699218708040502,-0.018275839586488922,0.0,0.07273245014250279,1.6516460312175614
0.6396632194519043,-1.669921871356962,-0.021025012506205906,0.0,0.022599475160241134,1.648896858850756
0.6584553718566895,-1.6699218718370157,-0.021997427791863505,0.0,0.022599475160241134,1.6479244440451521
0.6785678863525391,-1.6699218722538116,-0.025087824057542046,0.0431026928126812,0.0,1.6448340481962695
0.6987979412078857,-1.6699218726156853,-0.027295954650776784,0.012877944856882095,0.07,1.6426259179649085
0.7180845737457275,-1.6699218729298742,-0.027295954650776784,0.012877944856882095,0.07,1.6426259182790974
0.7386236190795898,-1.6699218732026617,-0.03207975470184845,0.0,0.14,1.6378421185008132
0.7588670253753662,-1.6699218734395032,-0.034660949161867634,0.0,0.09170794427394868,1.6352609242776355
0.782233715057373,-1.6699218736451353,-0.038776986552529404,0.06523708999156952,0.04031666681170465,1.631144887092606
0.7979941368103027,-1.6699218738236707,-0.038776986552529404,0.06523708999156952,0.04031666681170465,1.6311448872711414
0.8187625408172607,-1.66992187397868,-0.043194090737644575,0.09903983399271965,0.01056718580424787,1.6267277832410354
0.8409652709960938,-1.6699218741132633,-0.047921061789918874,0.08176569640636444,0.011986461686901762,1.6220008123233445
0.8579907417297363,-1.6699218742301118,-0.047921061789918874,0.08176569640636444,0.011986461686901762,1.622000812440193
0.8779513835906982,-1.669921874331563,-0.05124878706647247,0.011765696406364434,0.04636933769565077,1.6186730872650905
0.8979251384735107,-1.6699218744196456,-0.054720573040208526,0.026141298301517957,0.07525970715563746,1.615201301379437
0.917943000793457,-1.669921874496121,-0.05651126288919253,0.026141298301517957,0.07525970715563746,1.6134106116069284
0.9379556179046631,-1.6699218745625193,-0.06210618214770663,0.02779231075663119,0.08228764798026533,1.6078156924148126
0.9584362506866455,-1.6699218746201678,-0.06602484395649436,0.0,0.15228764798026534,1.6038970306636735
0.9780092239379883,-1.6699218746702198,-0.07219182587229218,0.03259982541203499,0.1779506140528247,1.5977300487979276
0.9985864162445068,-1.6699218747136764,-0.07432571365849594,0.03259982541203499,0.1779506140528247,1.5955961610551803
1.017961025238037,-1.6699218747514066,-0.07871254872193309,0.102599825412035,0.19345155350398274,1.5912093260294735
1.0380511283874512,-1.6699218747841649,-0.08559467340588248,0.1233600002527237,0.12345155350398274,1.5843272013782823
1.058110237121582,-1.6699218748126063,-0.09038723878968911,0.053360000252723694,0.0777893478376791,1.5795346360229172
1.0780351161956787,-1.6699218748373001,-0.09284568483864573,0.053360000252723694,0.0777893478376791,1.5770761899986545
1.0985383987426758,-1.6699218748587399,-0.10047289300786119,0.07548129931092262,0.007789347837679095,1.5694489818508788
1.1186401844024658,-1.6699218748773546,-0.10577022777382322,0.036659881472587585,0.07734041340183467,1.5641516471035313
1.1409120559692383,-1.669921874893516,-0.11404020316673164,0.0,0.007340413401834667,1.5558816717267845
1.158820629119873,-1.6676055268233914,-0.11688427122642628,0.0,0.007340413401834667,1.5507212555969652
1.1780598163604736,-1.6637413358224091,-0.12270502145278259,0.0,0.0657054566545412,1.5410363143696266
1.2002463340759277,-1.6589038837640149,-0.13177136028223158,0.07,0.1357054566545412,1.5271325234817832
1.2183575630187988,-1.6535179141618124,-0.13177136028223158,0.07,0.1357054566545412,1.5217465538795807
1.2381343841552734,-1.6478929016675758,-0.1412457273209017,0.055887935385108,0.10684859431814403,1.506647174346674
1.2631945610046387,-1.6422501012664743,-0.15113446130927602,0.0665586019679904,0.11662704362999649,1.4911156399571983
1.2781705856323242,-1.636743661138529,-0.15113446130927602,0.0665586019679904,0.11662704362999649,1.485609199829253
1.2991249561309814,-1.6319628292333546,-0.1614437331215911,0.11658573400229216,0.165934419776313,1.4705190961117633
1.318927526473999,-1.6273262155111086,-0.1614437331215911,0.11658573400229216,0.165934419776313,1.4658824823895173
1.3381626605987549,-1.622911970377694,-0.1721795468249298,0.1259788066893816,0.15785747538786382,1.450732423552764
1.3582184314727783,-1.6187685150747204,-0.18334774073831434,0.0559788066893816,0.08785747538786381,1.435420774336406
1.378204107284546,-1.614922345411551,-0.18716754188510143,0.0559788066893816,0.08785747538786381,1.4277548035264496
1.3982930183410645,-1.611384029927261,-0.19495398849179957,0.04355840012431145,0.12417330022435635,1.4164300414354614
1.41823148727417,-1.6081527958580344,-0.20700380008556557,0.011889070272445679,0.1675556058762595,1.4011489957724688
1.4387094974517822,-1.6052200133591827,-0.2111199026022651,0.011889070272445679,0.1675556058762595,1.3941001107569178
1.4586994647979736,-1.602571822650087,-0.21950252294901113,0.0,0.0975556058762595,1.3830692997010758
1.47825288772583,-1.6001910966120498,-0.23245534299984638,0.0,0.07497359644155949,1.3677357536122035
1.498605728149414,-1.5980588900806998,-0.23687473337020548,0.0,0.07497359644155949,1.3611841567104943
1.5185813903808594,-1.5962076539323637,-0.2458672857031863,0.006987086962908506,0.04403224419336765,1.3503403682291775
1.5382301807403564,-1.5945482039222318,-0.25974321713064347,0.0,0.0705862922547385,1.3348049867915883
1.5585143566131592,-1.59306569943819,-0.26447245443552936,0.0,0.0705862922547385,1.3285932450026605
1.5781376361846924,-1.591745169101028,-0.2740878450194207,0.0,0.04147994163911789,1.3176573240816074
1.5981290340423584,-1.5905719452723797,-0.28890571983140534,0.0,0.09155625868123024,1.3016662254409743
1.6186177730560303,-1.5895319578503735,-0.29395094139730227,0.0,0.09155625868123024,1.2955810164530712
1.6386950016021729,-1.5886119225863304,-0.3094066207523603,0.0,0.05233144033234566,1.2792053018339702
1.6581339836120605,-1.5877994511747782,-0.3199786320505203,0.05307720974087715,0.04278480186592787,1.267820819124258
1.6783699989318848,-1.5870831041073332,-0.32534555909802443,0.05307720974087715,0.04278480186592787,1.261737545009309
1.6980388164520264,-1.586452402378524,-0.3417717902941328,0.05829285038635135,0.06279085874091833,1.2446806120843912
1.7180149555206299,-1.585904811034992,-0.35299525222229305,0.04034044360741973,0.0,1.232909558812699
1.7381341457366943,-1.5854223775173513,-0.3586891955146101,0.04034044360741973,0.0,1.2267331820027412
1.7581114768981934,-1.5849979158342107,-0.3761015043065608,0.06834118394181132,0.0,1.20889641152765
1.7780814170837402,-1.5846249068950768,-0.38798643015792217,0.021531287115067244,0.04984304681420326,1.1966384767371547
1.7981736660003662,-1.5842974666357021,-0.3940122956493626,0.021531287115067244,0.04984304681420326,1.1902851709863396
1.8180713653564453,-1.5840103071425282,-0.41242499901375923,0.0037866192869842052,0.062203031964600086,1.171585308128769
1.839054822921753,-1.583758693938994,-0.4249806009364778,0.0,0.07693598046898842,1.1587780930025162
1.858064889907837,-1.583538401731671,-0.4313428954209534,0.0,0.07693598046898842,1.1521955063107177
1.8786053657531738,-1.5833456702529263,-0.45076911850169943,0.02638431452214718,0.06793646328151226,1.1325765517512267
1.8994944095611572,-1.5831771613343961,-0.46400381879587765,0.018060567788779736,0.04362845420837402,1.1191733425385184
1.9185099601745605,-1.5830299179666787,-0.4707066555553976,0.018060567788779736,0.04362845420837402,1.112323262411281
1.9380848407745361,-1.5829020775155247,-0.49115834860918617,0.024267690256237984,0.09045814350247383,1.0917437289063385
1.9607110023498535,-1.582790331473981,-0.5121268954770336,0.027535936562344432,0.061647459864616394,1.0706634359969476
1.9786949157714844,-1.582692709349357,-0.5192317131523687,0.027535936562344432,0.061647459864616394,1.0634609961969883
1.9982266426086426,-1.582607470241672,-0.5336148508188336,0.0,0.11601106077432632,1.0489926194228383
2.021430015563965,-1.5825330786027816,-0.5556246271994972,0.0,0.08405110239982605,1.0269084514032842
2.0387187004089355,-1.5824681819871163,-0.5630775762096207,0.0,0.08405110239982605,1.0193906057774955
2.0583293437957764,-1.5824115907721288,-0.578158496148045,0.07,0.05311877094209194,1.0042530946240837
2.0830585956573486,-1.582362259781332,-0.6012185892167013,0.0072271224856376715,0.03530081547796726,0.9811436705646307
2.098703384399414,-1.5823192717131607,-0.6090225739869832,0.0072271224856376715,0.03530081547796726,0.9732966977261774
2.11885929107666,-1.5822818222608515,-0.6248068990399877,0.04282959148287774,0.06675020419061184,0.9574749232208638
2.1382639408111572,-1.5822492067990381,-0.6248068990399877,0.04282959148287774,0.06675020419061184,0.9574423077590505
2.1583523750305176,-1.5822208892223795,-0.6570828353731208,0.0,0.05240559484809637,0.9251380538492586
2.1807799339294434,-1.582196222466392,-0.6819106276835711,0.005022752098739147,0.08480652328580618,0.9002855947828208
2.1980645656585693,-1.5821747415887106,-0.6819106276835711,0.005022752098739147,0.08480652328580618,0.9002641139051395
2.2188632488250732,-1.5821560396859866,-0.7072722891674258,0.07380482088774443,0.09659151546657085,0.8748837505185608
2.241997241973877,-1.5821397608915284,-0.733169222720898,0.02905383240431547,0.04498820938169956,0.8489705381706304
2.2584662437438965,-1.582125594166538,-0.733169222720898,0.02905383240431547,0.04498820938169956,0.84895637144564
2.2780988216400146,-1.582113267806188,-0.7596026979709943,0.0499923387542367,0.040829512756317854,0.8225105698351937
2.3022372722625732,-1.5821025445870096,-0.7865738523346057,0.06089808326214552,0.03245182288810611,0.7955286922524039
2.318546772003174,-1.5820932174876092,-0.7865738523346057,0.06089808326214552,0.03245182288810611,0.7955193651530035
2.3382186889648438,-1.582085105920392,-0.8140836920776037,0.06428988301195204,0.0,0.7680014138427883
2.362055540084839,-1.5820780524175266,-0.8421330933739299,0.0990698377136141,0.031693264842033386,0.7399449590435967
2.3783886432647705,-1.5820719283862545,-0.8421330933739299,0.0990698377136141,0.031693264842033386,0.7399388350123246
2.3983945846557617,-1.5820666026794632,-0.8707228033646911,0.09089428675360978,0.027023981790989637,0.7113437993147721
2.422837734222412,-1.5820619718316655,-0.8998534412172519,0.02089428675360977,0.07311269594356418,0.6822085306144137
2.438054084777832,-1.5820579456648245,-0.8998534412172519,0.02089428675360977,0.07311269594356418,0.6822045044475726
2.4595084190368652,-1.582054445606739,-0.9295254991843283,0.07426155504770576,0.039539731573313475,0.6525289464224107
2.4789445400238037,-1.5820514032171553,-0.9295254991843283,0.07426155504770576,0.039539731573313475,0.6525259040328271
2.498713254928589,-1.5820487588970082,-0.9597393436630797,0.027517484100535505,0.0,0.6223094152339286
2.5180678367614746,-1.5820464607588762,-0.9801830235680806,0.07646590244956314,0.0,0.6018634371907956
2.538329839706421,-1.5820444636391817,-0.9904952162542018,0.07646590244956314,0.0,0.5915492473849799
2.5581214427948,-1.5820427282348788,-1.0217932348210215,0.02511912730522453,0.007568765431642532,0.5602494934138573
2.5780725479125977,-1.58204122034936,-1.0429597753797288,0.019268295792862766,0.04867759346961975,0.5390814449696311
2.598728656768799,-1.5820399102340972,-1.064367238568223,0.019268295792862766,0.04867759346961975,0.5176726716658742
2.6182150840759277,-1.5820387727585774,-1.086015569002766,0.004199724709615105,0.11867759346961976,0.49602320375581144
2.638119697570801,-1.5820377844288442,-1.1189395111893299,0.0,0.07166858732700349,0.46309827323951436
2.6589126586914062,-1.5820369257401803,-1.1300344914914935,0.0,0.07166858732700349,0.4520024342486868
2.6786794662475586,-1.5820361797283138,-1.1524048546130568,0.0,0.11838941991329194,0.42963132511525703
2.698214054107666,-1.5820355316406087,-1.186411114336818,0.054764728993177414,0.1005107980966568,0.39562441730379083
2.7180798053741455,-1.5820349686493917,-1.197866637123346,0.054764728993177414,0.1005107980966568,0.3841683315260458
2.7386841773986816,-1.5820344796021033,-1.220957688040673,0.07075170241296291,0.034016482234001166,0.36107679156143035
2.758164167404175,-1.5820340548036094,-1.2560438570809627,0.037870777770876884,0.0425801507011056,0.3259901977226467
2.778144121170044,-1.58203368582659,-1.2678590160035677,0.037870777770876884,0.0425801507011056,0.31417466982302233
2.7987117767333984,-1.582033365346424,-1.2916687875494028,0.03086889162659645,0.0,0.2903645777970212
2.8181588649749756,-1.582033086997444,-1.3278315313321758,0.0334964410867542,0.0,0.25420155566526814
2.8381121158599854,-1.5820328453277528,-1.340005113140942,0.0334964410867542,0.0,0.24202773218681073
2.858696460723877,-1.5820326354240228,-1.3645310271690236,0.032211518846452236,0.07,0.2175016082549992
2.878101110458374,-1.5820324531162977,-1.4017661017123435,0.04520131275057793,0.04092826664447785,0.1802663514039542
2.8986752033233643,-1.5820322947809184,-1.414296591904227,0.04520131275057793,0.04092826664447785,0.16773570287669148
2.9180679321289062,-1.5820321572691731,-1.439535470586278,0.07571293227374554,0.06445291608572007,0.14249668668289517
2.938070297241211,-1.5820320378452242,-1.4778377394458082,0.06432915199548006,0.12899433046579362,0.10419429839941596
2.958606719970703,-1.5820319341321096,-1.490723327913128,0.06432915199548006,0.12899433046579362,0.09130860621898162
2.9780678749084473,-1.5820318440647814,-1.5166714050358503,0.13432915199548007,0.12060317181050778,0.06536043902893107
2.9980978965759277,-1.5820317658492642,-1.5560348562503432,0.16301796089857817,0.10147406317293645,0.02599690959892098
3.0180861949920654,-1.5820316979271443,-1.5692734429292794,0.16301796089857817,0.10147406317293645,0.01275825499786487
3.038612127304077,-1.5820316389446971,-1.5959263751913462,0.09301796089857817,0.05769941739737988,-0.013894736246649053
3.0581159591674805,-1.5820315877346307,-1.6363441382281296,0.06667359452694654,0.04788086812943221,-0.05431255049349892
3.078023910522461,-1.5820315432641607,-1.6499333387472206,0.06667359452694654,0.04788086812943221,-0.06790179548305986
3.0984506607055664,-1.582031504646897,-1.6772862170562681,0.022341339848935604,0.04470474801957608,-0.09525471240937122
3.118070602416992,-1.5820314711129095,-1.7187505797567335,0.014738811179995537,0.04016607923433185,-0.13671910864382397
3.1388936042785645,-1.582031441993451,-1.7326877310853726,0.014738811179995537,0.04016607923433185,-0.15065628909192164
3.1588079929351807,-1.5820314167076783,-1.7607350918549918,0.0,0.0,-0.17870367514731345
3.1780359745025635,-1.5820313947511122,-1.8032375173800874,0.02858799509704113,0.0,-0.2212061226289752
3.198798894882202,-1.5820313756856113,-1.8175196834770144,0.02858799509704113,0.0,-0.23548830779140317
3.2188141345977783,-1.5820313591306565,-1.8462555199237447,0.0,0.0,-0.2642241607930882
3.2379841804504395,-1.582031344755782,-1.889786663699459,0.0,0.00333998235873878,-0.3077553189436768
3.2580761909484863,-1.5820313322739974,-1.9044106411612631,0.0,0.00333998235873878,-0.32237930888726574
3.277961492538452,-1.582031321436993,-1.9486220144633863,0.03285448998212814,0.0,-0.36659069302639335
3.2979190349578857,-1.5820313120271075,-1.9783781412644381,0.0,0.01772165484726429,-0.39634682923733067
3.318362236022949,-1.5820313038564673,-1.9933404649740492,0.0,0.01772165484726429,-0.41130916111758187
3.3388187885284424,-1.5820312967619192,-2.0385632332949823,0.0,0.03158026002347469,-0.4565319365330631
3.357917070388794,-1.5820312906017797,-2.068990516463905,0.07,0.058260466903448105,-0.48695922586212514
3.378352642059326,-1.5820312852530116,-2.0842874652390933,0.07,0.058260466903448105,-0.5022561799860816
3.39797043800354,-1.5820312806087728,-2.13051021288955,0.0,0.0421956330537796,-0.5484789322807773
3.418191909790039,-1.5820312765762845,-2.1616008334170163,0.008117320947349072,0.005132205784320831,-0.5795695568407317
3.4422028064727783,-1.582031273074982,-2.2086476384331526,0.0051784764509648085,0.0,-0.6266163653581707
3.458846092224121,-1.5820312700349068,-2.224439001348079,0.0051784764509648085,0.0,-0.642407731313172
3.4781394004821777,-1.5820312673954362,-2.256184647864175,0.030124832643195987,0.009732027538120747,-0.6741533804687387
3.502079963684082,-1.5820312651036565,-2.3042085791786917,0.015961955999955535,0.033214845694601536,-0.7221773140750352
3.5188698768615723,-1.5820312631137763,-2.320324180986791,0.015961955999955535,0.033214845694601536,-0.7382929178730149
3.5382204055786133,-1.582031261386032,-2.3527160610580107,0.07217066711746156,0.0285526136867702,-0.7706847996719788
3.561927556991577,-1.582031259885897,-2.401703634455238,0.05528440116904676,0.0,-0.8196723745693411
3.578286647796631,-1.5820312585833909,-2.401703634455238,0.05528440116904676,0.0,-0.8196723758718472
3.598310708999634,-1.5820312574524813,-2.4511677536543592,0.05931279738433659,0.013357367366552353,-0.8691364962018779
3.62326979637146,-1.5820312564705643,-2.5011047873293437,0.018197040306404233,0.005095398984849453,-0.9190735308587794
3.638634443283081,-1.582031255618013,-2.5011047873293437,0.018197040306404233,0.005095398984849453,-0.9190735317113308
3.65822434425354,-1.5820312548777853,-2.5515110196032342,0.02298062783665955,0.0,-0.969479764725449
3.682135820388794,-1.5820312542350843,-2.602382651107233,0.00771102705039084,0.0,-1.0203513968721487
3.6987502574920654,-1.5820312536770749,-2.602382651107233,0.00771102705039084,0.0,-1.0203513974301581
3.7184150218963623,-1.5820312531925835,-2.6537158000398082,0.0,0.0,-1.0716845468472247
3.7420926094055176,-1.5820312527719251,-2.7055065032257737,0.0,0.02540856972336769,-1.1234752504538486
3.7581217288970947,-1.5820312524066904,-2.7055065032257737,0.0,0.02540856972336769,-1.1234752508190833
3.7783820629119873,-1.5820312520895774,-2.7402858419786313,0.03309064358472824,0.026663229102268815,-1.158254589889054
3.7979612350463867,-1.5820312518142463,-2.7928301108720768,0.07948033511638641,0.026433115723193623,-1.2107988590578305
3.8180599212646484,-1.5820312515751924,-2.8104443191434574,0.07948033511638641,0.026433115723193623,-1.228413067568265
3.838040590286255,-1.5820312513676362,-2.845820975779367,0.07533816155046225,0.04761558947211597,-1.2637897244117307
3.8582746982574463,-1.582031251187428,-2.881394231112265,0.022256522439420223,0.014339802684844472,-1.2993629799248372
3.8780505657196045,-1.582031251030964,-2.9351199349572403,0.04002948943525553,0.0,-1.3530886839262763
3.898277521133423,-1.5820312508951164,-2.9531254072678714,0.04002948943525553,0.0,-1.371094156372755
3.91908597946167,-1.58203125077717,-2.9892807255343263,0.08679804299026728,0.0007753311074338853,-1.4072494747571562
3.938567876815796,-1.5820312506747647,-3.043872148896398,0.03552978206425905,0.07077533110743389,-1.461840898221633
3.959059715270996,-1.5820312505858525,-3.0805034387418258,0.07910011801868677,0.05466395161813126,-1.4984721881559733
3.97904634475708,-1.5820312505086558,-3.0988896774893533,0.07910011801868677,0.05466395161813126,-1.5168584269806975
3.99888014793396,-1.582031250441631,-3.1543287112112264,0.027788099832832813,0.05010910529410467,-1.5722974607695954
4.0195159912109375,-1.5820312503834377,-3.1915199324934402,0.0,0.02526741113280878,-1.6094886821100025
4.038384199142456,-1.5820312503329124,-3.2101845784712664,0.0,0.02526741113280878,-1.628153328138354
4.05817723274231,-1.5820312502890446,-3.2664525372490343,0.012838799506425858,0.0,-1.6844212869599897
4.079499244689941,-1.582031250250957,-3.3041910763268416,0.0,0.0,-1.7221598260758846
4.098571300506592,-1.5820312502178884,-3.3041910763268416,0.0,0.0,-1.7221598261089532
4.118539333343506,-1.5820312501891771,-3.380205415482133,0.0,0.0,-1.7981741652929557
4.1383771896362305,-1.5820312501642493,-3.380205415482133,0.0,0.0,-1.7981741653178835
4.162856817245483,-1.5820312501426061,-3.476215571358074,0.0,0.031759317964315414,-1.8941843212154679
4.178738355636597,-1.5820312501238147,-3.476215571358074,0.0,0.031759317964315414,-1.8941843212342593
4.198184967041016,-1.5820312501074996,-3.534341914066554,0.00010832028783624992,0.0,-1.9523106639590544
4.221688508987427,-1.5820312500933342,-3.534341914066554,0.00010832028783624992,0.0,-1.9523106639732197
4.238861083984375,-1.5820312500810354,-3.5928521976292065,0.00021169440151425079,0.0,-2.0108209475481713
4.258888006210327,-1.5820312500703573,-3.6320697961480146,0.029160835903894622,0.014746011234819889,-2.0500385460776576
4.278136491775513,-1.582031250061086,-3.6912084292404046,0.01646853343845578,0.0,-2.1091771791793184
4.29874587059021,-1.5820312500530367,-3.7110037870631616,0.01646853343845578,0.0,-2.128972537010125
4.318319082260132,-1.582031250046048,-3.7507170399474394,0.032683619421732146,0.0,-2.1686857899013914
4.338309288024902,-1.5820312500399802,-3.790592351532273,0.027774092865001876,0.0,-2.2085611014922923
4.358082294464111,-1.582031250034712,-3.8507056770836576,0.06352501840592595,0.0,-2.2686744270489454
4.378952741622925,-1.582031250030138,-3.8708227415502634,0.06352501840592595,0.0,-2.2887914915201257
4.398176431655884,-1.5820312500261666,-3.911174586469222,0.025178932708513457,0.019379515200853348,-2.3291433364430554
4.4183900356292725,-1.5820312500227187,-3.9719935751215427,0.0,0.030985536985099316,-2.389962325098824
4.438173532485962,-1.5820312500197249,-4.012731312051866,0.0,0.008778638206422329,-2.430700062032141
4.458565950393677,-1.5820312500171259,-4.033157081811723,0.0,0.008778638206422329,-2.451125831794597
4.478809356689453,-1.5820312500148692,-4.094659489708465,0.0,0.007359274313785136,-2.512628239693596
4.498729705810547,-1.5820312500129101,-4.135846574954868,0.0,0.0,-2.5538153249419575
4.52081823348999,-1.5820312500112088,-4.1979011886857345,0.0,0.0,-2.6158699386745257
4.5385582447052,-1.582031250009732,-4.21865827013914,0.0,0.0,-2.636627020129408
4.558544874191284,-1.5820312500084495,-4.2602794616268636,0.0,0.0,-2.6782482116184143
4.580750942230225,-1.5820312500073361,-4.30204191974128,0.050072915852069855,0.0,-2.7200106697339432
4.598816156387329,-1.5820312500063693,-4.30204191974128,0.050072915852069855,0.0,-2.7200106697349105
4.618615627288818,-1.5820312500055302,-4.385983687897668,0.10997416451573372,0.0,-2.803952437892138
4.638741493225098,-1.5820312500048017,-4.4281594994342655,0.0834265761077404,0.0,-2.846128249429464
4.662843465805054,-1.582031250004169,-4.49167441904666,0.06614197790622711,0.024482624605298042,-2.909643169042491
4.678831100463867,-1.5820312500036198,-4.49167441904666,0.06614197790622711,0.024482624605298042,-2.9096431690430404
4.698571681976318,-1.582031250003143,-4.555485451486977,0.04113153740763664,0.045845307409763336,-2.9734542014838334
4.722247123718262,-1.582031250002729,-4.61958655775768,0.11113153740763665,0.02803121879696846,-3.037555307754951
4.738166570663452,-1.5820312500023694,-4.61958655775768,0.11113153740763665,0.02803121879696846,-3.0375553077553104
4.7586939334869385,-1.5820312500020575,-4.662478777784665,0.14236814871430398,0.011468011885881424,-3.0804475277826078
4.778144836425781,-1.5820312500017866,-4.727049796753203,0.07236814871430397,0.002421383745968342,-3.1450185467514165
4.79848313331604,-1.5820312500015512,-4.748634608271589,0.07236814871430397,0.002421383745968342,-3.1666033582700375
4.818442106246948,-1.5820312500013467,-4.791894564927373,0.08411744143813848,0.0,-3.209863314926027
4.838988304138184,-1.5820312500011695,-4.857006880856536,0.07273704465478659,0.0,-3.2749756308553666
4.8580827713012695,-1.5820312500010154,-4.900560647703635,0.12310866918414831,0.01253096666187048,-3.31852939770262
4.878516674041748,-1.5820312500008815,-4.922380501255873,0.12310866918414831,0.01253096666187048,-3.3403492512549913
4.898863792419434,-1.5820312500007656,-4.988009142065476,0.10941076092422009,0.08253096666187049,-3.40597789206471
4.9181132316589355,-1.5820312500006648,-5.031900126027733,0.10734306531958282,0.12060002859681845,-3.4498688760270686
4.94022536277771,-1.5820312500005773,-5.097939728885732,0.03734306531958281,0.05060002859681845,-3.515908478885155
4.9588587284088135,-1.5820312500005014,-5.120006151155035,0.03734306531958281,0.05060002859681845,-3.537974901154534
4.978028297424316,-1.5820312500004354,-5.164217403370421,0.038482840820215636,0.07385926228016615,-3.582186153369986
4.999152898788452,-1.5820312500003781,-5.20853161059834,0.10211044894065707,0.006301756016910076,-3.6265003605979613
5.0185387134552,-1.5820312500003284,-5.20853161059834,0.10211044894065707,0.006301756016910076,-3.626500360598011
5.038281679153442,-1.5820312500002853,-5.2974612333575894,0.09274656110908835,0.0,-3.7154299833573043
5.058623790740967,-1.5820312500002476,-5.342072803314835,0.10695798946078866,0.0,-3.7600415533145872
5.083031892776489,-1.5820312500002152,-5.40916817271825,0.06825249893125146,0.0,-3.8271369227180347
5.098105430603027,-1.582031250000187,-5.40916817271825,0.06825249893125146,0.0,-3.8271369227180627
5.11890172958374,-1.5820312500001623,-5.476471334199918,0.0,0.07,-3.894440084199755
5.143289566040039,-1.5820312500001412,-5.5439757050945415,0.0,0.024227805137634284,-3.9619444550944003
5.158468008041382,-1.5820312500001226,-5.5439757050945415,0.0,0.024227805137634284,-3.961944455094419
5.1784892082214355,-1.5820312500001066,-5.589087137317387,0.0,0.038618024140596396,-4.00705588731728
5.198215961456299,-1.5820312500000926,-5.656912145668568,0.03479677811264992,0.0,-4.074880895668476
5.218246221542358,-1.5820312500000806,-5.679561591069476,0.03479677811264992,0.0,-4.097530341069395
5.238343000411987,-1.58203125000007,-5.724920661516296,0.02312403917312622,0.0,-4.142889411516226
5.258396148681641,-1.5820312500000608,-5.770358317738777,0.017979843076318502,0.0,-4.188327067738717
5.27820086479187,-1.5820312500000528,-5.838657797696814,0.040045162197202444,0.0,-4.2566265476967615
5.298236131668091,-1.582031250000046,-5.861461425687999,0.040045162197202444,0.0,-4.279430175687953
5.318433523178101,-1.58203125000004,-5.907122883654796,0.07977338274940848,0.0,-4.325091633654756
5.338829040527344,-1.5820312500000349,-5.975746815196297,0.1497733827494085,0.0029689257498830557,-4.3937155651962625
5.35876202583313,-1.5820312500000302,-6.021581000980966,0.12130123300477863,0.018280769465491176,-4.439549750980936
5.378479957580566,-1.5820312500000262,-6.044522807722285,0.12130123300477863,0.018280769465491176,-4.4624915577222595
5.3988072872161865,-1.5820312500000229,-6.113444053510186,0.1277118336223066,0.03473689849488437,-4.531412803510163
5.419469356536865,-1.5820312500000198,-6.159468875100454,0.1977118336223066,0.10473689849488438,-4.577437625100434
5.438347339630127,-1.5820312500000173,-6.18250372277299,0.1977118336223066,0.10473689849488438,-4.600472472772973
5.458894491195679,-1.582031250000015,-6.251694964718344,0.21455520844087006,0.11356250050477684,-4.669663714718329
5.479846954345703,-1.5820312500000133,-6.251694964718344,0.21455520844087006,0.11356250050477684,-4.669663714718331
5.49910044670105,-1.5820312500000118,-6.344142744504722,0.21567085674963893,0.1211983099859208,-4.76211149450471
5.518488645553589,-1.5820312500000104,-6.390444664815112,0.18798481217585505,0.07754162925295532,-4.808413414815101
5.541283369064331,-1.582031250000009,-6.436795876521361,0.19792127526365222,0.14754162925295533,-4.854764626521352
5.558880567550659,-1.5843475980841648,-6.436795876521361,0.19792127526365222,0.14754162925295533,-4.852448278437197
5.578984022140503,-1.599793529518112,-6.529637967600282,0.23559192485176028,0.10576087805442513,-4.92984443808217
5.601041793823242,-1.667962550251885,-6.529637967600282,0.23559192485176028,0.10576087805442513,-4.861675417348397
5.618787527084351,-1.8520275924037486,-6.5993836500224905,0.21830685912631453,0.10581482702094946,-4.747356057618742
5.638781785964966,-2.218292739605336,-6.669219418570077,0.22513806364499034,0.1571745997031394,-4.450926678964741
5.661556243896484,-2.8056932979473976,-6.669219418570077,0.22513806364499034,0.1571745997031394,-3.8635261206226796
5.678074836730957,-3.3156894597484077,-6.739138305067877,0.15513806364499033,0.19457712524730597,-3.4234488453194696
5.6989545822143555,-4.04349143584778,-6.809133328808124,0.16776816773228348,0.12605499976474677,-2.7656418929603444
5.721582651138306,-4.917294011751762,-6.879197497609541,0.1835987478774041,0.16661915310818587,-1.9619034858577784
5.73803973197937,-5.869476772260904,-6.879197497609541,0.1835987478774041,0.16661915310818587,-1.0097207253486369
5.758349657058716,-6.851006199211364,-6.925941899724697,0.1135987478774041,0.11072857433158789,-0.07493570051333354
5.778062582015991,-7.824734794358772,-6.996105744307481,0.04359874787740409,0.14713380240995322,0.8286290500512914
5.798302173614502,-8.76274987459522,-7.019505250657808,0.04359874787740409,0.14713380240995322,1.7432446239374126
5.818203687667847,-9.639656018264283,-7.066320040096333,0.0,0.07713380240995321,2.5733359781679503
5.838100433349609,-10.441740930214573,-7.136577761901578,0.0,0.14713380240995322,3.305163168312995
5.858625411987305,-11.159135876181121,-7.1600054375378495,0.0,0.14713380240995322,3.999130438643272
5.878468751907349,-11.780269177327614,-7.20687187800247,0.0004650287446565926,0.21371821814376746,4.573397299325144
5.898304224014282,-12.319552967669253,-7.277195351206274,0.0,0.21205133723255132,5.042357616462979
5.918926239013672,-12.758594900479455,-7.300641815780667,0.0,0.21205133723255132,5.457953084698788
5.9387125968933105,-13.077061980360723,-7.347541139907376,0.025119801983237267,0.1420513372325513,5.729520840453347
5.958214044570923,-13.252427303746943,-7.417902199146363,0.06076093204319477,0.1583822592550132,5.83452510460058
5.978794097900391,-13.254284771301593,-7.441358061014065,0.06076093204319477,0.1583822592550132,5.812926710287528
5.998281002044678,-13.05682229039574,-7.511728518330877,0.13076093204319478,0.2283822592550132,5.545093772064863
6.0189690589904785,-12.642731646658936,-7.535185424458504,0.13076093204319478,0.2283822592550132,5.1075462222004315
6.038846492767334,-12.012649149667048,-7.605552749012969,0.20076093204319478,0.26057167316015695,4.407096400654079
6.060561895370483,-11.184290950361504,-7.6759095010093725,0.2707609320431948,0.19057167316015694,3.5083814493521315
6.078448534011841,-10.20066770438693,-7.699358184219336,0.2707609320431948,0.19057167316015694,2.5013095201675943
6.098231554031372,-9.118909245869991,-7.746248633840816,0.24868744336068632,0.23056493321593735,1.3726606120291756
6.12117075920105,-7.995181270882211,-7.816563103548147,0.31868744336068633,0.23926867166694138,0.1786181673340641
6.138120174407959,-7.019531952860187,-7.839994562462149,0.31868744336068633,0.23926867166694138,-0.8204626096019618
6.158174753189087,-6.024834175284774,-7.886845869879028,0.253938224837184,0.2103464267605159,-1.862011694594254
6.182304382324219,-5.0454372129107385,-7.886845869879028,0.253938224837184,0.2103464267605159,-2.841408656968289
6.198195219039917,-4.1047961482356214,-7.980494749342194,0.323938224837184,0.1615989915483806,-3.8756986011065724
6.2185328006744385,-3.2297627552827195,-8.02728815629081,0.3294234456494451,0.17908028321500752,-4.797525401008091
6.2419517040252686,-2.4720038887087634,-8.097433623933018,0.3994234456494451,0.14368149446483586,-5.625429735224254
6.25887656211853,-1.8828463613681587,-8.097433623933018,0.3994234456494451,0.14368149446483586,-6.214587262564859
6.27856183052063,-1.4934973023628004,-8.16751928543957,0.4694234456494451,0.09437239350911114,-6.674021983076769
6.300712823867798,-1.299519508974138,-8.23753813497865,0.43733365345746283,0.07376771787341568,-6.938018626004512
6.318634986877441,-1.269518517262077,-8.23753813497865,0.43733365345746283,0.07376771787341568,-6.968019617716572
6.338510274887085,-1.2434708902959735,-8.284176795097554,0.5073336534574628,0.06250571547236178,-7.040705904801581
6.358093023300171,-1.364016933511677,-8.330780581429922,0.43733365345746283,0.05316927837367985,-6.966763647918245
6.378350496292114,-1.6434321424863971,-8.354068750649047,0.43733365345746283,0.05316927837367985,-6.71063660816265
6.3987133502960205,-2.1161683812639813,-8.42387526408045,0.4207245677337051,0.045602376518509125,-6.307706882816469
6.418150424957275,-2.8056929811797757,-8.470362032399715,0.37312765862792735,0.08264317264940474,-5.6646690512199385
6.438030481338501,-3.706378020390837,-8.540010674113075,0.30312765862792734,0.012643172649404733,-4.833632653722239
6.458980560302734,-4.785585862766811,-8.56320412347864,0.30312765862792734,0.012643172649404733,-3.7776182607118285
6.478072643280029,-5.999727659034463,-8.609555335184888,0.3164691022410989,0.06127991831090185,-2.6098276761504255
6.498210906982422,-7.312654929638382,-8.67898909139236,0.2699167757108808,0.060490962943731574,-1.3663341617539784
6.518038749694824,-8.69433981952188,-8.72521323657346,0.1999167757108808,0.13049096294373158,-0.030873417051578755
6.538111448287964,-10.110531728186835,-8.748305035281657,0.1999167757108808,0.13049096294373158,1.3622266929051783
6.558429002761841,-11.340105700386196,-8.817496277227004,0.22456476595252756,0.060490962943731574,2.5226094231591922
6.578469514846802,-12.585548160674412,-8.863551099232948,0.15456476595252755,0.004612502536474494,3.7219970614414635
6.599940538406372,-13.81150540652517,-8.863551099232948,0.15456476595252755,0.004612502536474494,4.947954307292221
6.618726491928101,-14.991618630885677,-8.955477192277716,0.08456476595252754,0.0,6.036141438607961
6.638651609420776,-16.111104084751453,-9.00134441390844,0.0541779660061002,0.06051011011004448,7.1097596708430135
6.6586878299713135,-17.1589747558223,-9.00134441390844,0.0541779660061002,0.06051011011004448,8.15763034191386
6.683009147644043,-18.129486680417628,-9.115716795529291,0.07,0.03506489127874374,9.013769884888337
6.698443174362183,-19.023005343431894,-9.138538574312,0.07,0.03506489127874374,9.884466769119895
6.718963384628296,-19.83486470849495,-9.184127429419954,0.14,0.0,10.650737279074997
6.742583990097046,-20.557026915951248,-9.252370209395519,0.15162851043045522,0.07,11.304656706555729
6.758326768875122,-21.165425852127047,-9.252370209395519,0.15162851043045522,0.07,11.913055642731528
6.7780561447143555,-21.69365334167735,-9.320438408930528,0.08162851043045521,0.13862379610538483,12.373214932746823
6.801130294799805,-22.084117344445982,-9.388325328153396,0.10215309791266919,0.06862379610538483,12.695792016292586
6.818126916885376,-22.306061490439127,-9.388325328153396,0.10215309791266919,0.06862379610538483,12.917736162285731
6.83831524848938,-22.34488067812146,-9.433479266951869,0.03283279918134213,0.1270054318010807,12.91140141116959
6.858145713806152,-22.20683846910325,-9.501049239466742,0.0,0.0570054318010807,12.705789229636508
6.878257989883423,-21.919477358662697,-9.523528665800082,0.0,0.0570054318010807,12.395948692862614
6.89847993850708,-21.522077545246933,-9.568420203707216,0.07,0.1270054318010807,11.953657341539717
6.918380975723267,-21.051771388364863,-9.61322036258463,0.14,0.0570054318010807,11.438551025780232
6.93815016746521,-20.538588085084776,-9.680245010639041,0.21000000000000002,0.0,10.858343074445735
6.958132266998291,-20.006831698589984,-9.702538766642403,0.21000000000000002,0.0,10.30429293194758
6.978314638137817,-19.471556498965555,-9.747053139610106,0.17780413016676905,0.07,9.724503359355449
6.998658180236816,-19.0068169044268,-9.813638243028393,0.24780413016676905,0.08432764809578658,9.193178661398406
7.018111705780029,-18.539812844127116,-9.857901211367045,0.2547752221301198,0.05163086827844382,8.681911632760071
7.038187742233276,-18.083543772630406,-9.879993848844965,0.2547752221301198,0.05163086827844382,8.203549923785442
7.05838418006897,-17.646755937122652,-9.946113520490542,0.26749329894781115,0.09899816166609526,7.70064241663211
7.078645944595337,-17.23501088378642,-9.990059065003594,0.19749329894781115,0.06329382088035346,7.244951818782825
7.099936008453369,-16.849195205785023,-10.033895017587911,0.22863227784633638,0.01091019686311484,6.815300188197112
7.118653059005737,-16.493874043610766,-10.077619498744122,0.22863227784633638,0.01091019686311484,6.416254544866645
7.138922452926636,-16.173730922846186,-10.121230636678579,0.1987314233928919,0.0,6.052500286167607
7.159530878067017,-15.91193894789423,-10.16472656744273,0.2687314233928919,0.0,5.747212380451501
7.178654432296753,-15.746219346052003,-10.16472656744273,0.2687314233928919,0.0,5.581492778609274
7.198886394500732,-15.718771350892833,-10.251365391728408,0.2152377485483885,0.04041169956326485,5.4674059591644255
7.219285488128662,-15.694940300715047,-10.294504597833752,0.2805715247243643,0.11041169956326485,5.400435702881294
7.238686800003052,-15.820672775796782,-10.294504597833752,0.2805715247243643,0.11041169956326485,5.526168177963029
7.258283376693726,-16.07708800688466,-10.380413442242316,0.26490005731582644,0.09708076499402524,5.696674564642345
7.278891563415527,-16.426780518339033,-10.423179443965818,0.33490005731582645,0.16708076499402524,6.003601074373215
7.298182964324951,-16.834361841927375,-10.423179443965818,0.33490005731582645,0.16708076499402524,6.411182397961557
7.31823205947876,-17.27835888302049,-10.487087840962108,0.34382871575653556,0.17907059598714115,6.7912710420583835
7.338784694671631,-17.74521346614362,-10.550702132984542,0.4006930928677321,0.24907059598714115,7.194511333159079
7.3621602058410645,-18.222589591837778,-10.614016312102336,0.3306930928677321,0.22768319029361012,7.608573279735442
7.378155946731567,-18.69700892605137,-10.614016312102336,0.3306930928677321,0.22768319029361012,8.082992613949035
7.398150444030762,-19.154554911547983,-10.656056090038879,0.36658573217689994,0.23456776751205327,8.498498821509104
7.418272018432617,-19.583689727316827,-10.71885685946959,0.3488346847891808,0.2606295221857727,8.864832867847237
7.43825626373291,-19.95627553069948,-10.739720538373142,0.3488346847891808,0.2606295221857727,9.216554992326337
7.458149194717407,-20.300636709160827,-10.781341729860864,0.3766214165091515,0.3306295221857727,9.519294979299962
7.478341817855835,-20.611685317208845,-10.822819930207526,0.3066214165091515,0.2923643162660301,9.78886538700132
7.49806022644043,-20.88213262058718,-10.884765374966767,0.35730948954820635,0.3519130854122341,9.997367245620412
7.518063306808472,-21.101037005977066,-10.90534051029153,0.35730948954820635,0.3519130854122341,10.195696495685535
7.53826904296875,-21.250575310656465,-10.946379492289886,0.359265012703836,0.3424675531871617,10.30419581836658
7.558535575866699,-21.320196050375092,-11.007656592856577,0.40823803286999466,0.2800181761570275,10.312539457518515
7.578129053115845,-21.30699293773637,-11.048317976660712,0.46703143607825043,0.2100181761570275,10.25867496107566
7.598358154296875,-21.20881378815062,-11.068591041536763,0.46703143607825043,0.2100181761570275,10.140222746613858
7.61859917640686,-21.028719618840753,-11.129177258449735,0.4880209751799703,0.22961196633055808,9.899542360391019
7.638620615005493,-20.77794445834475,-11.169371877592965,0.46399976875633003,0.2996119663305581,9.608572580751783
7.660682439804077,-20.56021506140822,-11.229365461908309,0.39399976875633,0.22961196633055808,9.33084959949991
7.678295612335205,-20.293330248265335,-11.249282960052556,0.39399976875633,0.22961196633055808,9.044047288212779
7.6985859870910645,-19.99933676614014,-11.288996212936835,0.3933552774693817,0.28078637974336745,8.710340553203304
7.7198450565338135,-19.694262300179652,-11.328545819460185,0.3457980315294117,0.21078637974336745,8.365716480719467
7.738638639450073,-19.38953140489628,-11.328545819460185,0.3457980315294117,0.21078637974336745,8.060985585436097
7.75858473777771,-19.095386645533818,-11.407147802370796,0.29926821320317687,0.18787365393713118,7.688238843163022
7.783281087875366,-18.81634696284041,-11.46565808593345,0.30544907563365997,0.22643098594620825,7.350688876906959
7.798268795013428,-18.555153031910514,-11.46565808593345,0.30544907563365997,0.22643098594620825,7.089494945977064
7.818275213241577,-18.31555449720835,-11.504451958601175,0.2874455932620913,0.15643098594620825,6.811102538607175
7.838871002197266,-18.097270295921966,-11.523784428641921,0.2874455932620913,0.15643098594620825,6.573485867280045
7.8582844734191895,-17.901859818415474,-11.581521709379327,0.260541567215696,0.1573298512888141,6.320338109036147
7.878283739089966,-17.732199452777927,-11.638864871456908,0.19425550998188557,0.16936160856159405,6.0933345813210185
7.898848295211792,-17.5801835429851,-11.657890812308079,0.19425550998188557,0.16936160856159405,5.922292730677022
7.9190778732299805,-17.4444294899833,-11.695808923673157,0.2642555099818856,0.09936160856159404,5.748620566310143
7.938305854797363,-17.32586473611039,-11.752348941372942,0.33359847337938847,0.05685449653537944,5.573515794737448
7.958652973175049,-17.222364094423057,-11.77110498703355,0.33359847337938847,0.05685449653537944,5.451259107389507
7.978830814361572,-17.134370786679046,-11.808480067506554,0.3622653962019831,0.11519969516666606,5.325890719172492
7.998316526412964,-17.06178397189666,-11.86419751368882,0.3583168413396925,0.18519969516666607,5.197586458207839
8.018314123153687,-17.001811223334634,-11.882677249271516,0.3583168413396925,0.18519969516666607,5.119133974063118
8.038378715515137,-16.954496881749407,-11.937835794248654,0.3705732615571469,0.18256298056105152,5.0166610875007525
8.058305501937866,-16.928803526728036,-11.974372562335796,0.32972787859849634,0.20260622514644638,4.954430964392239
8.078934907913208,-16.9303865718051,-11.992569759353668,0.32972787859849634,0.20260622514644638,4.937816812451434
8.099107265472412,-16.93176101195807,-12.046874592732133,0.3075162337999791,0.1780355644808151,4.884886419225937
8.11902904510498,-16.963648613922082,-12.046874592732133,0.3075162337999791,0.1780355644808151,4.9167740211899496
8.138256788253784,-17.027471406842828,-12.100745815783595,0.3775162337999791,0.15815641520777718,4.926725591059233
8.158817291259766,-17.11179371534306,-12.154179024220635,0.38084605333395305,0.09562321542063729,4.957614691122426
8.179683446884155,-17.20813228060426,-12.189555680856545,0.3286337628681213,0.08227693731198088,5.018576599747716
8.198545217514038,-17.307961761856678,-12.207169889127924,0.3286337628681213,0.08227693731198088,5.100791872728754
8.21828818321228,-17.40758496964953,-12.259714158021366,0.3453416600544006,0.015610192662570632,5.147870811628165
8.240214109420776,-17.504439344878012,-12.259714158021366,0.3453416600544006,0.015610192662570632,5.2447251868566465
8.258347511291504,-17.59681795643817,-12.329071273556908,0.2753416600544006,0.023346726542804397,5.267746682881262
8.27828598022461,-17.68596950975854,-12.36344628634096,0.20534166005440058,0.0,5.32252322341758
8.302054405212402,-17.78211177230002,-12.36344628634096,0.20534166005440058,0.0,5.41866548595906
8.319077014923096,-17.86558493926706,-12.431583290913077,0.255793899865821,0.07,5.434001648353982
8.338773965835571,-17.980845537250076,-12.465342958176432,0.185793899865821,0.09424262277781964,5.515502579073644
8.358563661575317,-18.145259906856634,-12.465342958176432,0.185793899865821,0.09424262277781964,5.6799169486802015
8.378703832626343,-18.358013185476413,-12.532238932736314,0.255793899865821,0.13154698692262173,5.825774252740098
8.400001764297485,-18.61031637442737,-12.565373013206202,0.325793899865821,0.20154698692262174,6.0449433612211685
8.418927431106567,-18.883440733164203,-12.565373013206202,0.325793899865821,0.20154698692262174,6.318067719958002
8.43908143043518,-19.16614525348633,-12.63100791798762,0.39579389986582103,0.2179048688709736,6.53513733549871
8.460230827331543,-19.448053318915797,-12.63100791798762,0.39579389986582103,0.2179048688709736,6.817045400928176
8.47838282585144,-19.719662177169514,-12.679675819013207,0.4100256254617125,0.275552778840065,7.039986358156307
8.498695135116577,-19.97464283703921,-12.711853294066835,0.4800256254617125,0.205552778840065,7.262789542972374
8.518324136734009,-20.209037539523607,-12.74381535213583,0.44846382238902155,0.24422957345843316,7.465222187387777
8.538378715515137,-20.412545004601494,-12.759715288315046,0.44846382238902155,0.24422957345843316,7.652829716286448
8.558652639389038,-20.592697524218078,-12.807089256585082,0.5184638223890216,0.21156836271286011,7.7856082676329965
8.579030752182007,-20.742614863039726,-12.83839916658298,0.49001203321851794,0.2780236375331879,7.904215696456747
8.598300695419312,-20.862947685430417,-12.884952574499236,0.5308107196632773,0.30635372892022134,7.977995110931181
8.618948698043823,-20.957243974992156,-12.900360194588963,0.5308107196632773,0.30635372892022134,8.056883780403194
8.638244867324829,-21.0309706298237,-12.931009483536094,0.540246725389734,0.29487018164247275,8.099961146287605
8.658448457717896,-21.088466960867674,-12.976566883878618,0.4971025104913861,0.33444281172007323,8.111900076989055
8.67828917503357,-21.13317471702177,-13.00665953502595,0.44132255421020095,0.40444281172007324,8.12651518199582
8.698294878005981,-21.165505163146367,-13.021621858735557,0.44132255421020095,0.40444281172007324,8.14388330441081
8.718491077423096,-21.188386506537938,-13.066171585398422,0.5113225542102009,0.33444281172007323,8.122214921139516
8.73900318145752,-21.201785304679348,-13.095589358838742,0.49243897386826574,0.3104955243691802,8.106195945840605
8.760220050811768,-21.21341848331328,-13.139290991381982,0.5624389738682658,0.3804955243691802,8.074127491931298
8.778875589370728,-21.218344811308747,-13.153744480076254,0.5624389738682658,0.3804955243691802,8.064600331232493
8.798967361450195,-21.218482859286595,-13.18248031652299,0.5960934550408274,0.4163297474011779,8.036002542763606
8.819138526916504,-21.20834237920268,-13.18248031652299,0.5960934550408274,0.4163297474011779,8.02586206267969
8.838279485702515,-21.18206449366819,-13.210987361563513,0.6660934550408275,0.4863297474011779,7.971077132104677
8.858163595199585,-21.138321388826895,-13.267312268914628,0.6329441530350597,0.44347782250493767,7.871009119912268
8.878339052200317,-21.076651085165526,-13.295128776359011,0.6710906637553127,0.42250397805124523,7.781522308806515
8.902667045593262,-20.997205170177715,-13.336419276556523,0.6010906637553126,0.4367734939232469,7.660785893621192
8.918495178222656,-20.89592471174887,-13.336419276556523,0.6010906637553126,0.4367734939232469,7.559505435192346
8.938198804855347,-20.765933205990233,-13.377186804128005,0.6096354477945716,0.3667734939232469,7.388746401862228
8.961490631103516,-20.612476436847118,-13.417429361574966,0.6392511890176684,0.41204978559166194,7.195047075272152
8.97811222076416,-20.479241351939695,-13.417429361574966,0.6392511890176684,0.41204978559166194,7.061811990364729
8.99827527999878,-20.328771041483485,-13.443965143749665,0.6721041888836772,0.4162406743131578,6.88480589773382
9.018164873123169,-20.170295109786874,-13.483328594964153,0.7,0.39944236433133484,6.686966514822721
9.03815245628357,-20.01043524662995,-13.49633209699854,0.7,0.39944236433133484,6.51410314963141
9.058279514312744,-19.85614356956494,-13.522162260554197,0.6714918602257967,0.40026559778256343,6.333981309010742
9.078576803207397,-19.70978578631868,-13.560464529413723,0.6222509767860174,0.41190822520060466,6.1493212569049565
9.098109722137451,-19.57279597424075,-13.585703408095773,0.6732058476656675,0.37307411157293247,5.9870925661449785
9.11842942237854,-19.44592332350121,-13.598233898287653,0.6732058476656675,0.37307411157293247,5.847689425213556
9.138837337493896,-19.32710522213039,-13.623116728910093,0.7,0.41214754902524875,5.7039884932202956
9.1583411693573,-19.21701309152113,-13.659994886859057,0.6376815482974052,0.47234471239848064,5.557018204662075
9.178614139556885,-19.118199663881622,-13.684282410436934,0.6765450432896614,0.40234471239848063,5.4339172534446885
9.198608636856079,-19.032407323178386,-13.69633667146796,0.6765450432896614,0.40234471239848063,5.3360706517104255
9.21869969367981,-18.955337319350182,-13.732140983996416,0.6769193507381714,0.4127683624322526,5.223196335353766
9.238945484161377,-18.886356851738142,-13.75571143852077,0.6126890129991807,0.46958011236740277,5.130645413217373
9.262289047241211,-18.824813190524203,-13.790617829435092,0.5445861987420357,0.444946613505017,5.034195361089111
9.278728485107422,-18.77005696611141,-13.80213336287664,0.5445861987420357,0.444946613505017,4.967923603234771
9.298085927963257,-18.721458256913383,-13.824984372605645,0.5439046324347145,0.4919212203170173,4.8964738843077384
9.321351051330566,-18.678417251067653,-13.858810388045594,0.6059817188535817,0.5119087904389017,4.819606863022059
9.338300228118896,-18.640370858314494,-13.858810388045594,0.6059817188535817,0.5119087904389017,4.7815604702689
9.359015941619873,-18.606796334684603,-13.892095312444985,0.6314371713553555,0.4419087904389017,4.714701022239618
9.380250930786133,-18.577212736813983,-13.924838700229625,0.6130084582720883,0.4241889330442064,4.652374036584359
9.398460149765015,-18.551180830432113,-13.924838700229625,0.6130084582720883,0.4241889330442064,4.626342130202488
9.418670415878296,-18.528579264685238,-13.946366605451406,0.6277031648089177,0.3541889330442064,4.582212659233832
9.438043117523193,-18.508678671134042,-13.96765361275849,0.6168556093354709,0.3505425059772097,4.541025058375553
9.458519697189331,-18.491178598027105,-13.978206765178982,0.6168556093354709,0.3505425059772097,4.512971832848123
9.478778839111328,-18.47580709199797,-14.009504783745799,0.5841785474796779,0.318745864329394,4.466302308252173
9.498963356018066,-18.462319161402608,-14.030068932508637,0.539797927357722,0.31035060785477986,4.43225022889397
9.518247365951538,-18.450494998410342,-14.060463432312616,0.5952940090675838,0.33042684174841275,4.390031566097726
9.538910865783691,-18.440138080386323,-14.070474500815669,0.5952940090675838,0.33042684174841275,4.369663579570654
9.559066534042358,-18.43107323747006,-14.090316051257352,0.5685865852166898,0.26933502010768284,4.3407571862127075
9.57900595664978,-18.420828399519067,-14.119627114023547,0.6009508046437986,0.307226545882877,4.3012012854955195
9.59804105758667,-18.41003396173115,-14.138867175106745,0.5309508046437985,0.36290385924046864,4.271166786624404
9.618189334869385,-18.401458617000166,-14.148397070794402,0.5309508046437985,0.36290385924046864,4.253061546205764
9.638410568237305,-18.39401328376578,-14.17662649831467,0.4609508046437985,0.29290385924046863,4.21738678545111
9.658374309539795,-18.388186384764555,-14.195146165184411,0.4559792208042926,0.2878962332173251,4.193040219580144
9.67950963973999,-18.383637185804904,-14.213426147665382,0.5259792208042926,0.3563204804225825,4.170211038139522
9.69810438156128,-18.380095345938372,-14.222476339379126,0.5259792208042926,0.3563204804225825,4.157619006559246
9.718315124511719,-18.37734654279223,-14.24926814910944,0.53495188703062,0.2863204804225825,4.128078393682788
9.738525152206421,-18.375221011843227,-14.266830777279091,0.544547536347527,0.2163204804225825,4.108390234564135
9.762694358825684,-18.373584411704122,-14.29272771083257,0.49196523142280046,0.24730378689011562,4.080856700871552
9.778127908706665,-18.370014197673374,-14.301241006141767,0.49196523142280046,0.24730378689011562,4.068773191531607
9.79827094078064,-18.367511373979664,-14.318089372316416,0.46803412300767366,0.2420176833099686,4.049422001663247
9.821869134902954,-18.363499552288253,-14.342917164626884,0.4669399461080319,0.20056308872764933,4.020582387661369
9.838713884353638,-18.35854534126077,-14.342917164626884,0.4669399461080319,0.20056308872764933,4.015628176633884
9.85830545425415,-18.354243968759697,-14.367212624988452,0.47566853783326213,0.17270749501651156,3.9870313437712444
9.880552768707275,-18.3516489194125,-14.390977426013,0.5258548626978881,0.20292028665309775,3.9606714933995004
9.898580312728882,-18.3503074409765,-14.390977426013,0.5258548626978881,0.20292028665309775,3.9593300149635002
9.918725490570068,-18.349872022878394,-14.406526703668419,0.4708988884766585,0.19060488950228321,3.9433453192099748
9.938018560409546,-18.352393760036698,-14.421841503851937,0.43243405542569224,0.22879512768005955,3.930552256184761
9.958450555801392,-18.361535715403125,-14.429411160454858,0.43243405542569224,0.22879512768005955,3.932124554948267
9.978773593902588,-18.391249446072624,-14.451770088151008,0.5024340554256923,0.20318435664987194,3.9394793579216163
9.998923063278198,-18.450683263548676,-14.466385149181168,0.5595431170542724,0.23448342617368328,3.9842981143675082
10.01816201210022,-18.52919369960378,-14.487873104522958,0.574496413685847,0.21554747570073235,4.041320595080823
10.038126230239868,-18.618885247297428,-14.49492020897614,0.574496413685847,0.21554747570073235,4.123965038321288
10.058448076248169,-18.713979165054198,-14.508841651390822,0.572396964172367,0.1912695073685609,4.2051375136633755
10.0780668258667,-18.79654213231364,-14.5292933444446,0.6241681914427317,0.22878028612351048,4.26724878786904
10.098188400268555,-18.882002549313093,-14.542641991803375,0.5762812424101866,0.2830182702443563,4.339360557509718
10.118102788925171,-18.967223177973796,-14.549230881498296,0.5762812424101866,0.2830182702443563,4.4179922964755
10.138182878494263,-19.050031273733964,-14.56865710457903,0.5301533531048335,0.3033280872902833,4.481374169154934
10.158462285995483,-19.12898127280081,-14.58132532584726,0.6001533531048335,0.23332808729028331,4.547655946953551
10.181083679199219,-19.210119838841734,-14.58132532584726,0.6001533531048335,0.23332808729028331,4.6287945129944745
10.198049783706665,-19.297589186626418,-14.605987704350632,0.5301533531048335,0.26726956482743847,4.691601482275786
10.218565464019775,-19.389466874201325,-14.617983791285319,0.6001533531048335,0.3372695648274385,4.771483082916006
10.238688707351685,-19.479668733522256,-14.617983791285319,0.6001533531048335,0.3372695648274385,4.861684942236938
10.258924961090088,-19.56632933492323,-14.641310804485382,0.591497994067613,0.3041797333559953,4.925018530437846
10.280711650848389,-19.64824631695035,-14.652643836808853,0.6227412494295277,0.31174348920350897,4.995602480141496
10.298912048339844,-19.719368732186165,-14.652643836808853,0.6227412494295277,0.31174348920350897,5.0667248953773125
10.318779706954956,-19.786459857207845,-14.674654440902007,0.6759624043875374,0.31550013806438076,5.111805416305838
10.340605735778809,-19.848982747487394,-14.690593379247638,0.6308503346913494,0.3670083561143838,5.158389368239757
10.358402967453003,-19.906684847207664,-14.690593379247638,0.6308503346913494,0.3670083561143838,5.216091467960027
10.378308296203613,-19.95951778746487,-14.706049058602693,0.6574599957489409,0.41289851229405033,5.253468728862176
10.4024178981781,-20.007576298345587,-14.721025666571979,0.6393743465119042,0.35376724760746586,5.286550631773608
10.419073581695557,-20.051052007092597,-14.721025666571979,0.6393743465119042,0.35376724760746586,5.330026340520618
10.438112735748291,-20.087882445416806,-14.73552754556447,0.6910362998419441,0.34734021613141525,5.352354899852337
10.462792873382568,-20.119126546697625,-14.749559193852257,0.6350645469897427,0.2941205810918473,5.369567352845369
10.478795766830444,-20.145667052651017,-14.749559193852257,0.6350645469897427,0.2941205810918473,5.396107858798761
10.498095273971558,-20.16824106114833,-14.75865467913553,0.6571250865631737,0.3551184322847985,5.409586382012799
10.518245697021484,-20.1878403916675,-14.763125266629796,0.6571250865631737,0.3551184322847985,5.424715125037704
10.538277864456177,-20.204481721712735,-14.776230577072846,0.6438465910428204,0.2851184322847985,5.428251144639889
10.55824875831604,-20.218629902046406,-14.788880097397715,0.6963459263020195,0.3551184322847985,5.42974980464869
10.578644752502441,-20.230673515604337,-14.792996199914437,0.6963459263020195,0.3551184322847985,5.4376773156899
10.599018812179565,-20.240937930121028,-14.801078959920243,0.7,0.2851184322847985,5.439858970200785
10.618215799331665,-20.24969603025748,-14.812832458114896,0.642598957568407,0.21537977600237357,5.436863572142583
10.638181447982788,-20.257177055112944,-14.816652259261689,0.642598957568407,0.21537977600237357,5.440524795851255
10.658685684204102,-20.263573886861767,-14.824146047673906,0.6771672710776329,0.2853797760023736,5.439427839187861
10.678183317184448,-20.2690490714807,-14.835025347566404,0.6991707969456911,0.26932873131474483,5.434023723914297
10.698393106460571,-20.276056148219705,-14.838556266878431,0.6991707969456911,0.26932873131474483,5.4374998813412745
10.7185640335083,-20.283942576475468,-14.845476141097386,0.7,0.2912225958122872,5.438466435378082
10.738744735717773,-20.2907897748372,-14.855504376966895,0.7,0.2212225958122872,5.435285397870306
10.758046627044678,-20.29817685153757,-14.861958126237479,0.6299999999999999,0.2908070995821618,5.43621872530009
10.778498649597168,-20.305744231542203,-14.865116170329124,0.6299999999999999,0.2908070995821618,5.440628061213079
10.798545122146606,-20.313237409196493,-14.874317803851437,0.6482264447212218,0.22080709958216177,5.438919605345056
10.818774938583374,-20.32048156544976,-14.880227538450242,0.6411506655812262,0.2325696403696202,5.4402540269995185
10.840078115463257,-20.327361837344064,-14.880227538450242,0.6411506655812262,0.2325696403696202,5.447134298893822
10.858694314956665,-20.33380803345088,-14.891516565966594,0.7,0.24370306623866783,5.442291467484285
10.878064393997192,-20.339782840199213,-14.89689986660267,0.6688272885978221,0.23815582306822763,5.442882973596543
10.899420738220215,-20.34527276372954,-14.902111753419716,0.7,0.30815582306822764,5.443161010309824
10.918668746948242,-20.35028121051686,-14.902111753419716,0.7,0.30815582306822764,5.448169457097146
10.938368082046509,-20.366404976321224,-14.91202967477594,0.7,0.29824434643378483,5.454375301545284
10.958753824234009,-20.380404041451865,-14.91673998955604,0.6299999999999999,0.3023622623062693,5.463664051895824
10.982917070388794,-20.413560371177685,-14.923500806635843,0.6519255201518535,0.29862303639529275,5.490059564541841
10.998096466064453,-20.463781826508296,-14.923500806635843,0.6519255201518535,0.29862303639529275,5.540281019872452
11.018566370010376,-20.522216454829895,-14.929902755908541,0.628796310275793,0.31207890416262674,5.5923136989213535
11.041920185089111,-20.584815753916757,-14.929902755908541,0.628796310275793,0.31207890416262674,5.654912998008216
11.058056592941284,-20.64865795391689,-14.935953557171917,0.6265892408508806,0.2728079629945569,5.7127043967449715
11.078137874603271,-20.711680894163297,-14.939796234970956,0.6889697409886866,0.2351459039258771,5.771884659192342
11.097989082336426,-20.772473829727332,-14.94527942695981,0.7,0.28724773580906915,5.827194402767521
11.118098497390747,-20.830115656333394,-14.947033482911497,0.7,0.28724773580906915,5.883082173421897
11.138157367706299,-20.884049640124115,-14.950432927222824,0.6299999999999999,0.2516515252995305,5.933616712901291
11.158463478088379,-20.933986804463704,-14.95526511119538,0.6192612136900424,0.28643631170270967,5.978721693268323
11.178073644638062,-20.977343525499688,-14.95831227617375,0.5681067752838134,0.21643631170270966,6.019031249325938
11.198392391204834,-21.017475179742775,-14.95978453559406,0.5681067752838134,0.21643631170270966,6.057690644148714
11.21868896484375,-21.05430910023841,-14.962628037922485,0.5213546092808246,0.2510993332671933,6.091681062315924
11.238885164260864,-21.087881725364962,-14.9666457070159,0.5913546092808246,0.22983260835288094,6.121236018349062
11.258094787597656,-21.118304315599737,-14.9691630052597,0.6518751613795757,0.2653595247375779,6.1491413103400365
11.278750896453857,-21.145737169127244,-14.97037432876564,0.6518751613795757,0.2653595247375779,6.175362840361604
11.298119306564331,-21.17268676820604,-14.97382313364804,0.6324075169861316,0.3140583374607377,6.198863634558002
11.318075895309448,-21.198590454383957,-14.975971525614646,0.7,0.24405833746073768,6.222618928769311
11.341206312179565,-21.223084981037548,-14.978974987493823,0.6299999999999999,0.20360897893784569,6.244109993543725
11.358765840530396,-21.24595518242229,-14.979919146894671,0.6299999999999999,0.20360897893784569,6.266036035527618
11.377986431121826,-21.267094417543795,-14.98172416041351,0.635098056513816,0.19613046006066726,6.285370257130285
11.400057792663574,-21.285448041186587,-14.98172416041351,0.635098056513816,0.19613046006066726,6.303723880773077
11.418273448944092,-21.30240931972377,-14.984228962848775,0.5837105155177413,0.26613046006066726,6.3181803568749935
11.438241720199585,-21.317956489911946,-14.986499503381673,0.6537105155177414,0.33613046006066727,6.331456986530274
11.460723161697388,-21.332111704103585,-14.987888129965619,0.7,0.38769596562488007,6.344223574137967
11.478746891021729,-21.34492703374147,-14.987888129965619,0.7,0.38769596562488007,6.357038903775852
11.497977256774902,-21.35647395914552,-14.98979121720712,0.7,0.31769596562488006,6.366682741938401
11.518010377883911,-21.36683555780556,-14.990944629454859,0.6428701177239418,0.2996063564042561,6.375890928350703
11.542661428451538,-21.37378442479601,-14.992989101745323,0.7,0.2655140344123356,6.3807953230506875
11.558441162109375,-21.37817973852182,-14.992989101745323,0.7,0.2655140344123356,6.385190636776496
11.578564405441284,-21.38068556610962,-14.993886666769454,0.6389949515461921,0.3260105397622101,6.386798899340166
11.598081111907959,-21.381812952792853,-14.995086472677865,0.6070075824856758,0.3409129992197268,6.386726480114987
11.618586540222168,-21.382791778694784,-14.995449007351294,0.6070075824856758,0.3409129992197268,6.387342771343491
11.638842582702637,-21.382803030889207,-14.996120520733927,0.668038722872734,0.2709129992197268,6.38668251015528
11.658085346221924,-21.382141928776285,-14.997000346000542,0.7,0.29776135452790187,6.385141582775743
11.678033590316772,-21.38103124579879,-14.99750700319806,0.7,0.27935933314962313,6.383524242600732
11.69892954826355,-21.379637564685193,-14.997737682473367,0.7,0.27935933314962313,6.381899882211826
11.718008756637573,-21.378084048923633,-14.99815596474621,0.6478969387710094,0.29682552807731555,6.379928084177422
11.738042116165161,-21.376460457887212,-14.99868243911017,0.7,0.2643256931821816,6.377778018777043
11.758185625076294,-21.374830983505877,-14.998971424341088,0.7,0.25498848867369817,6.375859559164789
11.778877019882202,-21.37324036729252,-14.999098695951298,0.7,0.25498848867369817,6.3741416713412224
11.79812216758728,-21.371718661723314,-14.99941720774749,0.7,0.32367273879004643,6.372301453975824
11.818197250366211,-21.37028492452721,-14.999581497647814,0.6602711535990238,0.28988635998917744,6.370703426879395
11.841491937637329,-21.3690401172885,-14.99976537186825,0.5953475095331668,0.3045405074278824,6.369274745420249
11.85899829864502,-21.36786930100647,-14.999811906552424,0.5953475095331668,0.3045405074278824,6.368057394454045
11.878136157989502,-21.366780734133293,-14.999885760585325,0.5406304791569709,0.3745405074278824,6.366894973547968
11.90140414237976,-21.365777985153766,-14.999955888997869,0.5384701302275061,0.3045405074278824,6.365822096155897
11.918489217758179,-21.364861270946097,-14.999955888997869,0.5384701302275061,0.3045405074278824,6.364905381948228
11.938187837600708,-21.36402847471238,-14.9999891900634,0.5815175322815775,0.2995047554629855,6.36403928464898
11.96031904220581,-21.363275914516933,-14.999997659190427,0.5386903768405318,0.28909324801294134,6.363278255326506
11.978615760803223,-21.362598918347047,-14.999997659190427,0.5386903768405318,0.28909324801294134,6.3626012591566194
11.998714447021484,-21.36199224963227,-15.0,0.5180769784376025,0.21909324801294133,6.361992249632269
12.019204139709473,-21.361450417680683,-15.0,0.44807697843760247,0.22980803507147357,6.3614504176806825
12.042419672012329,-21.360967899999135,-15.0,0.5180769784376025,0.20266868802485988,6.360967899999135
12.05846905708313,-21.36054896582876,-15.0,0.5180769784376025,0.20266868802485988,6.360548965828759
12.078561782836914,-21.3601755682081,-15.0,0.5160758942831307,0.2069919581967406,6.360175568208099
12.098210573196411,-21.359843640238118,-15.0,0.5840912834275513,0.19643829739419744,6.359843640238118
12.118339538574219,-21.359549264202116,-15.0,0.5840912834275513,0.19643829739419744,6.359549264202116
12.13849949836731,-21.359288729253525,-15.0,0.5824730776250362,0.24755543446866796,6.3592887292535245
12.158652544021606,-21.36137491411686,-15.0,0.5748105857521295,0.17755543446866795,6.361374914116858
12.178228616714478,-21.36503610344401,-15.0,0.6232851881533861,0.1494427808257751,6.365036103444009
12.198327779769897,-21.369694769785227,-15.0,0.6232851881533861,0.1494427808257751,6.369694769785227
12.218514919281006,-21.3749234854783,-15.0,0.6125619502738118,0.19155482581583783,6.374923485478298
12.238746643066406,-21.382726692130014,-15.0,0.6208842609077692,0.24825153506128117,6.382726692130014
12.258167266845703,-21.392112437123586,-15.0,0.6693547282367944,0.3182515350612812,6.392112437123586
12.278499126434326,-21.400261380556454,-15.0,0.6693547282367944,0.3182515350612812,6.400261380556454
12.298851251602173,-21.423323231204805,-15.0,0.697182173654437,0.3715569523605518,6.4233232312048045
12.318981885910034,-21.481615331586447,-15.0,0.6964841929031536,0.4415569523605518,6.481615331586447
12.34134030342102,-21.583688524444593,-15.0,0.6417108361376449,0.501178029391449,6.583688524444593
12.358866214752197,-21.713481078967448,-15.0,0.6417108361376449,0.501178029391449,6.7134810789674475
12.378119230270386,-21.85678994242615,-15.0,0.6576439399970695,0.43117802939144895,6.8567899424261505
12.400131464004517,-22.003393731534413,-15.0,0.6576439399970695,0.43117802939144895,7.003393731534413
12.41828179359436,-22.14610603613004,-15.0,0.5876439399970694,0.3629270603391342,7.146106036130039
12.438133716583252,-22.273088831796983,-15.0,0.6447129361284896,0.34427283867029473,7.273088831796983
12.459428310394287,-22.3556870752848,-15.0,0.6522211236832662,0.3104272799077444,7.3556870752847985
12.47859811782837,-22.37748363271638,-15.0,0.6522211236832662,0.3104272799077444,7.37748363271638
12.498578310012817,-22.396407960371015,-15.0,0.6677688537118955,0.3051579787838273,7.396407960371015
12.518118143081665,-22.363639275346898,-15.0,0.5977688537118955,0.3025018817256205,7.363639275346898
12.54284381866455,-22.295829250820784,-15.0,0.6486780003784223,0.24223286867840216,7.295829250820784
12.558079242706299,-22.205467323803934,-15.0,0.6486780003784223,0.24223286867840216,7.2054673238039335
12.578989505767822,-22.101822765757444,-15.0,0.5788805292127652,0.23417407390428707,7.1018227657574435
12.598175764083862,-21.991683893521525,-15.0,0.5517935653356834,0.19709206488681957,6.991683893521525
12.618103504180908,-21.879936896052378,-15.0,0.5517935653356834,0.19709206488681957,6.879936896052378
12.638367891311646,-21.770018006521344,-15.0,0.5332858202187343,0.20452851452631876,6.770018006521344
12.658873319625854,-21.666582133718553,-15.0,0.46328582021873427,0.20576109713641927,6.666582133718553
12.678077936172485,-21.575007975036698,-15.0,0.5332858202187343,0.2757610971364193,6.575007975036698
12.697927713394165,-21.503351550349457,-15.0,0.5332858202187343,0.2757610971364193,6.503351550349457
12.71805739402771,-21.441137612960592,-15.0,0.5229992254776878,0.2751525345281698,6.441137612960592
12.738489389419556,-21.3957187105102,-15.0,0.5446634388668461,0.272632061552722,6.395718710510199
12.759507894515991,-21.36547866899757,-15.0,0.6146634388668462,0.33507049367995934,6.3654786689975715
12.778433799743652,-21.346578540246945,-15.0,0.6146634388668462,0.33507049367995934,6.346578540246945
12.798745393753052,-21.3360530038069,-15.0,0.5450303796632214,0.3011476500448771,6.336053003806899
12.81904911994934,-21.33162169464751,-15.0,0.6150303796632215,0.3711476500448771,6.3316216946475095
12.838313817977905,-21.329223755060518,-15.0,0.6150303796632215,0.3711476500448771,6.329223755060518
12.859091758728027,-21.328301351618304,-15.0,0.585402285377495,0.3011476500448771,6.328301351618304
12.878567695617676,-21.326111788459144,-15.0,0.6170875222189351,0.23114765004487708,6.326111788459144
12.902946949005127,-21.323099786669722,-15.0,0.5924590673996135,0.2368413059716113,6.323099786669722
12.91882848739624,-21.319595916094144,-15.0,0.5924590673996135,0.2368413059716113,6.319595916094144
12.938374996185303,-21.316553766202357,-15.0,0.6101564054144546,0.21826432074652985,6.316553766202357
12.961974859237671,-21.31088512693482,-15.0,0.5401564054144545,0.2106531144795008,6.310885126934821
12.978079557418823,-21.305857924030292,-15.0,0.5401564054144545,0.2106531144795008,6.305857924030292
12.998225688934326,-21.301408741665824,-15.0,0.5808423608494921,0.26470594794722274,6.301408741665824
13.018215417861938,-21.297478298782234,-15.0,0.5633955076290293,0.3103762970981188,6.297478298782234
13.038830995559692,-21.294011748592336,-15.0,0.5633955076290293,0.3103762970981188,6.294011748592336
13.05802059173584,-21.293275117832884,-15.0,0.6067930199159308,0.3022099587810226,6.293275117832884
13.078268051147461,-21.294454049496967,-15.0,0.6555263251019641,0.2920025618490763,6.2944540494969665
13.098079919815063,-21.294616074620333,-15.0,0.585526325101964,0.2859972919081338,6.294616074620333
13.118856191635132,-21.294067506211583,-15.0,0.585526325101964,0.2859972919081338,6.294067506211583
13.138117551803589,-21.2953561789916,-15.0,0.5807150828791781,0.23946121509419754,6.2953561789916
13.158597946166992,-21.296475037600587,-15.0,0.510715082879178,0.19285266275750473,6.296475037600587
13.17862868309021,-21.29885842231322,-15.0,0.5129079382261259,0.22689574758755043,6.29885842231322
13.198689937591553,-21.299740960169263,-15.0,0.5129079382261259,0.22689574758755043,6.299740960169263
13.218122005462646,-21.29955777998641,-15.0,0.4934984064986927,0.23488337907241658,6.2995577799864115
13.238517999649048,-21.29863920060946,-15.0,0.4934984064986927,0.23488337907241658,6.298639200609461
13.25829029083252,-21.297234036409638,-15.0,0.4234984064986927,0.18313745024846867,6.2972340364096375
13.27870798110962,-21.29552793286996,-15.0,0.4934984064986927,0.2066863178019412,6.295527932869959
13.298625707626343,-21.295974115017398,-15.0,0.5041821991419417,0.15975065144943074,6.295974115017398
13.321929931640625,-21.29790347358896,-15.0,0.53024219175335,0.173098725148011,6.29790347358896
13.33837080001831,-21.300812169431317,-15.0,0.53024219175335,0.173098725148011,6.3008121694313175
13.3587327003479,-21.306640783485676,-15.0,0.5216380144795401,0.11983426369028166,6.306640783485676
13.380827188491821,-21.31170133501925,-15.0,0.45163801447954005,0.13942487619118765,6.311701335019251
13.398931980133057,-21.318737603111913,-15.0,0.45163801447954005,0.13942487619118765,6.318737603111913
13.41874074935913,-21.32927707323792,-15.0,0.4796122810384256,0.20942487619118766,6.329277073237922
13.440382480621338,-21.341972032305588,-15.0,0.5308872810145837,0.13942487619118765,6.341972032305588
13.458794355392456,-21.365094969837504,-15.0,0.5308872810145837,0.13942487619118765,6.365094969837504
13.478798866271973,-21.413382359193932,-15.0,0.48667308078613103,0.17011986195342615,6.413382359193932
13.498215198516846,-21.482508571344766,-15.0,0.5185887268325311,0.10011986195342615,6.482508571344766
13.518909931182861,-21.564287207910915,-15.0,0.5185887268325311,0.10011986195342615,6.564287207910915
13.538189888000488,-21.65269870352602,-15.0,0.5670423372229558,0.17011986195342615,6.6526987035260206
13.55839228630066,-21.743387177624236,-15.0,0.62197153405752,0.2291698147286661,6.743387177624236
13.578104496002197,-21.835583459389163,-15.0,0.6446925694635135,0.2666516964067705,6.835583459389163
13.59833025932312,-21.915630625100327,-15.0,0.6446925694635135,0.2666516964067705,6.915630625100327
13.618491172790527,-22.002845248857348,-15.0,0.6358934756880623,0.3366516964067705,7.002845248857348
13.6381094455719,-22.102005108863224,-15.0,0.7,0.32466959725366906,7.102005108863224
13.65818977355957,-22.20916489664789,-15.0,0.7,0.25466959725366906,7.209164896647891
13.678923606872559,-22.316740744762576,-15.0,0.7,0.25466959725366906,7.316740744762576
13.698096513748169,-22.42177043019016,-15.0,0.6708255156874656,0.18466959725366905,7.421770430190161
13.718381643295288,-22.519947206571516,-15.0,0.7,0.21051093767629936,7.519947206571516
13.74044919013977,-22.608460299880115,-15.0,0.7,0.21051093767629936,7.6084602998801145
13.758175134658813,-22.68561208683881,-15.0,0.6299999999999999,0.28051093767629937,7.685612086838809
13.778422355651855,-22.75515555374043,-15.0,0.6069895393401383,0.2830943582789041,7.75515555374043
13.80005145072937,-22.817581619781784,-15.0,0.6235304857790469,0.27656271413201466,7.817581619781784
13.818182468414307,-22.871781524132036,-15.0,0.6235304857790469,0.27656271413201466,7.871781524132036
13.838748216629028,-22.92047658691687,-15.0,0.5657415549457072,0.33900924876565114,7.92047658691687
13.858779907226562,-22.96406474130159,-15.0,0.4957415549457072,0.327425922381226,7.964064741301591
13.882839441299438,-23.002956975901583,-15.0,0.5495022995769976,0.27226379432016984,8.002956975901583
13.898849725723267,-23.037562515831,-15.0,0.5495022995769976,0.27226379432016984,8.037562515830999
13.91835331916809,-23.068278576226145,-15.0,0.5384820564091204,0.2258205033116974,8.068278576226145
13.941989183425903,-23.095483561765107,-15.0,0.5129266469180582,0.23522884223842994,8.095483561765107
13.958924770355225,-23.119532838934802,-15.0,0.5129266469180582,0.23522884223842994,8.119532838934802
13.978973865509033,-23.14075640669954,-15.0,0.5513296997547148,0.30522884223842994,8.140756406699541
13.998316764831543,-23.15945794715135,-15.0,0.4887735447287558,0.32915545981610195,8.159457947151349
14.018767833709717,-23.175914859688646,-15.0,0.4887735447287558,0.32915545981610195,8.175914859688646
14.03891396522522,-23.190203171318455,-15.0,0.4383417791128157,0.31909283604705707,8.190203171318455
14.058228969573975,-23.202784454388603,-15.0,0.5083417791128158,0.24909283604705706,8.202784454388603
14.078311204910278,-23.2138484904577,-15.0,0.5501283901929854,0.2699790672608651,8.2138484904577
14.098774433135986,-23.223567084964888,-15.0,0.5501283901929854,0.2699790672608651,8.223567084964888
14.118217706680298,-23.225145985322055,-15.0,0.5365789803862571,0.19997906726086512,8.225145985322055
14.138521909713745,-23.216396905537902,-15.0,0.561159134954214,0.14588440995896235,8.216396905537902
14.158159732818604,-23.19838844590213,-15.0,0.5909468672424554,0.21588440995896235,8.198388445902129
14.178944826126099,-23.174423213314505,-15.0,0.5909468672424554,0.21588440995896235,8.174423213314505
14.198229312896729,-23.146952123997256,-15.0,0.5414515017718076,0.20221079617971555,8.146952123997256
14.21874451637268,-23.120086280947373,-15.0,0.4996532677859067,0.23879509896272794,8.120086280947373
14.242257118225098,-23.094348876546377,-15.0,0.43894298292696465,0.307642069759313,8.094348876546377
14.25878381729126,-23.072003004938292,-15.0,0.43894298292696465,0.307642069759313,8.072003004938292
14.278141021728516,-23.05298866193708,-15.0,0.41374972380697717,0.29589199379319325,8.052988661937079
14.301222801208496,-23.03678945448109,-15.0,0.44452927738428105,0.22589199379319325,8.036789454481092
14.318622350692749,-23.022972513459916,-15.0,0.44452927738428105,0.22589199379319325,8.022972513459916
14.33820128440857,-23.01117439208409,-15.0,0.5145292773842811,0.18353957817191258,8.01117439208409
14.360808372497559,-23.00108944155087,-15.0,0.5247741749510169,0.23971647158497944,8.00108944155087
14.378938436508179,-22.990143865665242,-15.0,0.5247741749510169,0.23971647158497944,7.990143865665242
14.398953437805176,-22.978888985746185,-15.0,0.46562463771551843,0.19697778806323185,7.978888985746185
14.418195247650146,-22.967715890464664,-15.0,0.47863803226500745,0.18425869703525677,7.967715890464664
14.438852548599243,-22.95689406693052,-15.0,0.47863803226500745,0.18425869703525677,7.95689406693052
14.459006071090698,-22.94660143788546,-15.0,0.40863803226500744,0.17916553369024768,7.946601437885459
14.478254556655884,-22.93766511456524,-15.0,0.40927495562471444,0.12801057746866717,7.937665114565242
14.49819564819336,-22.929188894056704,-15.0,0.4290172042045742,0.19724152883747592,7.929188894056704
14.518094062805176,-22.92357198992976,-15.0,0.4290172042045742,0.19724152883747592,7.9235719899297585
14.538232803344727,-22.920089143901773,-15.0,0.4990172042045742,0.25988965383032336,7.920089143901773
14.558482646942139,-22.918180362892116,-15.0,0.5651222123298794,0.20459686866262927,7.918180362892116
14.578108787536621,-22.919731550436694,-15.0,0.5193584291730076,0.2745968686626293,7.919731550436694
14.598428726196289,-22.92364508302712,-15.0,0.5193584291730076,0.2745968686626293,7.923645083027122
14.618783473968506,-22.92909631350778,-15.0,0.5666033728513866,0.27536423020996154,7.929096313507781
14.63896656036377,-22.935471932242343,-15.0,0.5707697687204927,0.2592284854594618,7.9354719322423435
14.661030530929565,-22.94232158420876,-15.0,0.5707697687204927,0.2592284854594618,7.942321584208759
14.678974151611328,-22.94700362044479,-15.0,0.509781297808513,0.3292284854594618,7.947003620444789
14.700671672821045,-22.951068683842976,-15.0,0.439781297808513,0.2592284854594618,7.951068683842976
14.718532085418701,-22.953586070486377,-15.0,0.439781297808513,0.2592284854594618,7.953586070486377
14.738288640975952,-22.952645777610034,-15.0,0.509781297808513,0.30725603812374175,7.952645777610034
14.759614706039429,-22.949328629542315,-15.0,0.509781297808513,0.30725603812374175,7.949328629542315
14.77889609336853,-22.94213163938642,-15.0,0.5797812978085131,0.37725603812374175,7.942131639386421
14.798880815505981,-22.930113114690883,-15.0,0.6412646362837404,0.3515092790964991,7.930113114690883
14.818118333816528,-22.91042969725895,-15.0,0.5712646362837404,0.360603410275653,7.910429697258952
14.842999935150146,-22.885941149748035,-15.0,0.6289453437086194,0.3383804536331445,7.885941149748035
14.858859062194824,-22.856444097928584,-15.0,0.6289453437086194,0.3383804536331445,7.856444097928584
14.879012823104858,-22.81729658447244,-15.0,0.5589453437086194,0.3852217509318143,7.817296584472441
14.89818263053894,-22.765528733577067,-15.0,0.6209723249729722,0.3385056829918176,7.765528733577067
14.918230772018433,-22.720582563733707,-15.0,0.6209723249729722,0.3385056829918176,7.720582563733707
14.93828558921814,-22.665019619277917,-15.0,0.6729592689033597,0.2733515999186784,7.665019619277917
14.958285570144653,-22.603546826498008,-15.0,0.6196960181649773,0.29649807651527227,7.6035468264980075
14.97830867767334,-22.539589277680314,-15.0,0.5496960181649773,0.2621613009739667,7.539589277680314
14.998759984970093,-22.475591460362033,-15.0,0.5496960181649773,0.2621613009739667,7.475591460362033
15.018208265304565,-22.41325232900763,-15.0,0.6196960181649773,0.2754574199113995,7.41325232900763
15.038391590118408,-22.353708229638695,-15.0,0.6133617254626005,0.30790938482619823,7.353708229638695
15.058502197265625,-22.299991131270943,-15.0,0.6392346302699297,0.2891742740664631,7.299991131270943
15.078469514846802,-22.25173706215534,-15.0,0.6392346302699297,0.2891742740664631,7.251737062155339
15.098722219467163,-22.20854923708422,-15.0,0.595641752583906,0.349849746087566,7.20854923708422
15.118685960769653,-22.17001853649589,-15.0,0.6087909330334513,0.279849746087566,7.170018536495888
15.142167568206787,-22.136565198509604,-15.0,0.5677740265335887,0.25426067487336695,7.136565198509604
15.158642053604126,-22.10669301378639,-15.0,0.5677740265335887,0.25426067487336695,7.106693013786391
15.179077625274658,-22.08009550627321,-15.0,0.5070693668629973,0.289826073506847,7.08009550627321
15.201559066772461,-22.05647349993294,-15.0,0.512484956877306,0.31607671157456935,7.056473499932942
15.21859335899353,-22.03554077392929,-15.0,0.512484956877306,0.31607671157456935,7.0355407739292914
15.238301753997803,-22.01702764917459,-15.0,0.5762531872559338,0.373288341620937,7.01702764917459
15.260621309280396,-22.000683043519675,-15.0,0.566760650249198,0.340570826837793,7.000683043519675
15.278903722763062,-21.986275409128186,-15.0,0.566760650249198,0.340570826837793,6.9862754091281865
15.299051761627197,-21.973592868733686,-15.0,0.636760650249198,0.35976632573641837,6.973592868733686
15.31830883026123,-21.962442791865403,-15.0,0.6255579377058893,0.362460330883041,6.962442791865403
15.33829927444458,-21.95265099325566,-15.0,0.6255579377058893,0.362460330883041,6.952650993255659
15.358449697494507,-21.94414950370619,-15.0,0.6955579377058894,0.43246033088304103,6.944149503706189
15.37880277633667,-21.934363131583677,-15.0,0.6255579377058893,0.3925652024243027,6.934363131583677
15.398237705230713,-21.9239422239751,-15.0,0.6955579377058894,0.33691456587053836,6.9239422239751
15.418784856796265,-21.913355222351836,-15.0,0.6955579377058894,0.33691456587053836,6.913355222351836
15.438698291778564,-21.902931874380254,-15.0,0.7,0.3365313550073188,6.902931874380254
15.458666801452637,-21.876682466670903,-15.0,0.675685866549611,0.3616883316624444,6.876682466670903
15.478333950042725,-21.828550647593886,-15.0,0.6533655531704425,0.36508448324981146,6.828550647593886
15.498618125915527,-21.76417189482372,-15.0,0.6533655531704425,0.36508448324981146,6.764171894823718
15.51819920539856,-21.69020503513401,-15.0,0.6192015528678894,0.29508448324981146,6.69020503513401
15.538259983062744,-21.61152785279416,-15.0,0.6714394472539424,0.2552844353753608,6.611527852794161
15.560258865356445,-21.531652501327947,-15.0,0.7,0.28991293094935827,6.531652501327947
15.578993320465088,-21.462302681870412,-15.0,0.7,0.28991293094935827,6.462302681870412
15.598310947418213,-21.392838747604486,-15.0,0.6760987721383571,0.28688102404470556,6.392838747604486
15.619483947753906,-21.325126266034005,-15.0,0.7,0.3147641122608911,6.325126266034005
15.6385018825531,-21.260414864478893,-15.0,0.7,0.3147641122608911,6.260414864478893
15.658224105834961,-21.201809764553264,-15.0,0.7,0.3426421694725286,6.201809764553264
15.678722620010376,-21.148990513390626,-15.0,0.6299999999999999,0.36395933109219186,6.1489905133906255
15.698094129562378,-21.10158204527334,-15.0,0.6299999999999999,0.36395933109219186,6.101582045273339
15.718135356903076,-21.05918124628355,-15.0,0.6654286432266234,0.35322815089370124,6.059181246283551
15.738611459732056,-21.02137614479706,-15.0,0.6297509792447089,0.32946426517213695,6.02137614479706
15.763075113296509,-20.98775947426861,-15.0,0.5632245364785193,0.39946426517213696,5.987759474268611
15.778977155685425,-20.957937969675214,-15.0,0.5632245364785193,0.39946426517213696,5.957937969675214
15.798929691314697,-20.932046178008058,-15.0,0.6007921221852301,0.3845062951638829,5.932046178008058
15.818321228027344,-20.90905854106081,-15.0,0.6053824234940111,0.33351474135066383,5.9090585410608085
15.838906526565552,-20.888693909862567,-15.0,0.6053824234940111,0.33351474135066383,5.8886939098625675
15.858290195465088,-20.870687874803817,-15.0,0.6057565896434243,0.27964389948989266,5.870687874803817
15.878246307373047,-20.85479462159493,-15.0,0.6060281744529492,0.20964389948989265,5.85479462159493
15.898367166519165,-20.840787730300974,-15.0,0.568866861455608,0.27964389948989266,5.840787730300974
15.918567895889282,-20.82846021919946,-15.0,0.568866861455608,0.27964389948989266,5.82846021919946
15.93867540359497,-20.817624062951076,-15.0,0.6388668614556081,0.3369725260033738,5.817624062951076
15.958581924438477,-20.808109358337024,-15.0,0.616934818320442,0.27379251896287315,5.808109358337024
15.978337049484253,-20.799763267189963,-15.0,0.5987710758228786,0.24367232872988098,5.799763267189963
15.998408317565918,-20.7924488324269,-15.0,0.5987710758228786,0.24367232872988098,5.792448832426899
16.01868176460266,-20.786098253419222,-15.0,0.6206002320279367,0.22152555799926632,5.7860982534192225
16.038904190063477,-20.78053000231209,-15.0,0.5929610162158496,0.24408193371142262,5.780530002312091
16.061150550842285,-20.775651891516926,-15.0,0.5929610162158496,0.24408193371142262,5.775651891516926
16.07883906364441,-20.77369804884884,-15.0,0.552311032183934,0.1740819337114226,5.773698048848839
16.098999500274658,-20.776143186979276,-15.0,0.4969135477324016,0.23571515179122798,5.776143186979276
16.121596336364746,-20.788528373959004,-15.0,0.5143077681888826,0.305715151791228,5.788528373959004
16.13897395133972,-20.816756706342307,-15.0,0.5143077681888826,0.305715151791228,5.816756706342307
16.15863585472107,-20.862194466944437,-15.0,0.5843077681888826,0.29530405039782637,5.8621944669444375
16.181122303009033,-20.91838805215905,-15.0,0.607245021306444,0.3653040503978264,5.918388052159049
16.198548316955566,-20.98057144663571,-15.0,0.607245021306444,0.3653040503978264,5.980571446635711
16.218629837036133,-21.04527640862018,-15.0,0.586416519053746,0.29530405039782637,6.045276408620179
16.238285541534424,-21.101454908611228,-15.0,0.5423581402678974,0.314395842802478,6.1014549086112275
16.258481979370117,-21.158803117634573,-15.0,0.5423581402678974,0.314395842802478,6.158803117634573
16.27901530265808,-21.21313602961452,-15.0,0.5191273882915266,0.30141003216500395,6.213136029614521
16.29914164543152,-21.263942637169876,-15.0,0.582658138864208,0.37141003216500396,6.263942637169876
16.31826400756836,-21.308644591870973,-15.0,0.6526581388642081,0.36616056821192616,6.308644591870973
16.338978052139282,-21.347928258931365,-15.0,0.6526581388642081,0.36616056821192616,6.347928258931365
16.358402490615845,-21.382413172587885,-15.0,0.6587246041488835,0.29616056821192616,6.382413172587885
16.37859535217285,-21.410339771746003,-15.0,0.6189151052129456,0.30747735007549637,6.410339771746003
16.398287534713745,-21.43065874339476,-15.0,0.5680063012731262,0.23747735007549636,6.430658743394758
16.41882014274597,-21.442841753471825,-15.0,0.5680063012731262,0.23747735007549636,6.442841753471825
16.4390230178833,-21.449052601966663,-15.0,0.5807705372315832,0.2692341683700215,6.449052601966663
16.45824384689331,-21.454445019200374,-15.0,0.5443838275712916,0.2860851036652457,6.454445019200374
16.480347394943237,-21.45563345199676,-15.0,0.5274998787534424,0.3560851036652457,6.455633451996761
16.498951196670532,-21.453870558476012,-15.0,0.5274998787534424,0.3560851036652457,6.453870558476012
16.518252849578857,-21.450104192339133,-15.0,0.5974998787534425,0.3117086707695853,6.450104192339133
16.540720462799072,-21.44736186360467,-15.0,0.5822177768242547,0.3817086707695853,6.4473618636046695
16.55881142616272,-21.445403084986808,-15.0,0.5822177768242547,0.3817086707695853,6.445403084986808
16.578566551208496,-21.444040168344287,-15.0,0.6239594385516831,0.401430486132158,6.444040168344287
16.598875522613525,-21.44312704528914,-15.0,0.6239594385516831,0.401430486132158,6.443127045289138
16.619025945663452,-21.44255040531616,-15.0,0.5539594385516831,0.40059617506456563,6.442550405316162
16.638291835784912,-21.439906329106456,-15.0,0.6239594385516831,0.43648118125391194,6.439906329106456
16.658278942108154,-21.435895936504448,-15.0,0.6239594385516831,0.43648118125391194,6.435895936504448
16.678640604019165,-21.432414011257197,-15.0,0.6117224205774257,0.49784494536113927,6.4324140112571975
16.698313236236572,-21.42801912435554,-15.0,0.6817224205774257,0.42784494536113926,6.42801912435554
16.718355417251587,-21.423105938937354,-15.0,0.6817224205774257,0.42784494536113926,6.423105938937354
16.73875403404236,-21.40869684765838,-15.0,0.6801808152417654,0.39571460338425823,6.40869684765838
16.758323669433594,-21.374173747616,-15.0,0.7,0.32571460338425823,6.374173747615998
16.778260707855225,-21.310375266863588,-15.0,0.7,0.32571460338425823,6.310375266863588
16.79849147796631,-21.223291385750247,-15.0,0.7,0.3118377498735208,6.223291385750247
16.81827998161316,-21.120012659709204,-15.0,0.7,0.31817399136838503,6.120012659709204
16.838480472564697,-21.010523559332327,-15.0,0.7,0.31817399136838503,6.010523559332327
16.85865807533264,-20.897290080033933,-15.0,0.7,0.3788671920460183,5.897290080033933
16.87861466407776,-20.784440084749683,-15.0,0.655540120601654,0.320904483870836,5.784440084749683
16.89902663230896,-20.686460837646692,-15.0,0.655540120601654,0.320904483870836,5.686460837646692
16.91899538040161,-20.58976251572741,-15.0,0.6713903460651636,0.3072245333727915,5.589762515727411
16.940019369125366,-20.496502373367292,-15.0,0.6718572264246176,0.28951561529305764,5.496502373367292
16.958987951278687,-20.408088184370218,-15.0,0.6718572264246176,0.28951561529305764,5.408088184370218
16.978543519973755,-20.325370046277104,-15.0,0.7,0.34071051407721825,5.325370046277104
17.00087809562683,-20.248788301382774,-15.0,0.7,0.34071051407721825,5.248788301382774
17.01889705657959,-20.180803426918853,-15.0,0.6863166958093643,0.40664397258427926,5.180803426918853
17.038328409194946,-20.120581504515506,-15.0,0.7,0.4013572715607006,5.120581504515506
17.06290030479431,-20.06733871902024,-15.0,0.6405292384326458,0.4713572715607006,5.067338719020238
17.07857894897461,-20.02034671335958,-15.0,0.6405292384326458,0.4713572715607006,5.020346713359579
17.099385976791382,-19.97893484632948,-15.0,0.7,0.4167936449137051,4.97893484632948
17.11825203895569,-19.94298000607877,-15.0,0.7,0.4167936449137051,4.94298000607877
17.13871479034424,-19.913589677524488,-15.0,0.6953589406795799,0.39820920352009126,4.913589677524488
17.16429328918457,-19.88721716119642,-15.0,0.7,0.44750356722739526,4.887217161196421
17.178243160247803,-19.865952151117018,-15.0,0.7,0.44750356722739526,4.865952151117018
17.19827890396118,-19.848795151979743,-15.0,0.7,0.37750356722739525,4.848795151979743
17.218307733535767,-19.834943667717894,-15.0,0.7,0.37750356722739525,4.834943667717894
17.238430738449097,-19.82375318377907,-15.0,0.7,0.32621953714755364,4.823753183779068
17.258375883102417,-19.814705902590756,-15.0,0.7,0.33514054756728,4.814705902590756
17.2784423828125,-19.807385688214204,-15.0,0.7,0.33514054756728,4.807385688214204
17.298507928848267,-19.801457984109888,-15.0,0.7,0.38824128624168225,4.801457984109888
17.318304777145386,-19.796653714394143,-15.0,0.6692109320312738,0.42145459618535824,4.796653714394143
17.338297128677368,-19.792482524768097,-15.0,0.6692109320312738,0.42145459618535824,4.792482524768097
17.358312368392944,-19.78681849481835,-15.0,0.7,0.41309616979327984,4.786818494818348
17.37829875946045,-19.780266842109715,-15.0,0.7,0.34309616979327984,4.7802668421097145
17.399117469787598,-19.77327133211908,-15.0,0.7,0.34309616979327984,4.77327133211908
17.419018030166626,-19.76615189347146,-15.0,0.6679084494709968,0.3246802251425106,4.766151893471459
17.438193559646606,-19.759134008453785,-15.0,0.6379070755094289,0.3164227485295851,4.759134008453785
17.458500146865845,-19.75237161621359,-15.0,0.6379070755094289,0.3164227485295851,4.7523716162135905
17.478240728378296,-19.745964906384398,-15.0,0.6264290062710642,0.2591687693831045,4.745964906384398
17.498244524002075,-19.739974094752274,-15.0,0.6475204152986407,0.2832675754663069,4.739974094752274
17.51897168159485,-19.7344300450707,-15.0,0.6475204152986407,0.2832675754663069,4.734430045070699
17.53871464729309,-19.72934242033494,-15.0,0.6462920222431421,0.3185756682988722,4.729342420334941
17.55842638015747,-19.72492521464613,-15.0,0.6658068176358938,0.3266819875326473,4.724925214646131
17.578567028045654,-19.720870772485767,-15.0,0.6658068176358938,0.3266819875326473,4.7208707724857675
17.598337650299072,-19.719491501247695,-15.0,0.664610495022498,0.3830184165027458,4.7194915012476955
17.618351936340332,-19.722323049996792,-15.0,0.7,0.34969600398209877,4.722323049996792
17.6384494304657,-19.728004726715596,-15.0,0.7,0.34969600398209877,4.7280047267155965
17.658484935760498,-19.735516306544532,-15.0,0.6669552408158779,0.37295581881073303,4.7355163065445325
17.678240299224854,-19.744100934365015,-15.0,0.6873716793954372,0.44295581881073304,4.744100934365015
17.698723793029785,-19.75320463336132,-15.0,0.6873716793954372,0.44295581881073304,4.753204633361321
17.718647241592407,-19.762428942015674,-15.0,0.7,0.4438464837416541,4.762428942015674
17.738451719284058,-19.771493918102998,-15.0,0.7,0.44067590406979434,4.771493918102998
17.75893521308899,-19.7802093184265,-15.0,0.7,0.44067590406979434,4.7802093184265
17.77918815612793,-19.787776251502105,-15.0,0.7,0.3926713103696238,4.787776251502105
17.800537824630737,-19.795022021307048,-15.0,0.7,0.3671929640963208,4.795022021307048
17.818598985671997,-19.801853755897575,-15.0,0.7,0.3671929640963208,4.801853755897575
17.838656425476074,-19.808217860093606,-15.0,0.7,0.3029253138497006,4.808217860093606
17.862969636917114,-19.81408943208155,-15.0,0.6984689977718517,0.3503131335868966,4.814089432081548
17.879019737243652,-19.81946415618316,-15.0,0.6984689977718517,0.3503131335868966,4.819464156183159
17.90048122406006,-19.824352129186053,-15.0,0.6284689977718516,0.3299325937672984,4.824352129186053
17.918444871902466,-19.828773192394774,-15.0,0.6284689977718516,0.3299325937672984,4.828773192394774
17.938158988952637,-19.83275343254907,-15.0,0.6212897035246714,0.2599325937672984,4.832753432549069
17.958146333694458,-19.83632258683249,-15.0,0.6212897035246714,0.2599325937672984,4.836322586832491
17.97835397720337,-19.839512144235073,-15.0,0.6317441263189538,0.26760874860803596,4.839512144235073
17.99838161468506,-19.84228139940527,-15.0,0.5806371443858369,0.30699271880905143,4.84228139940527
18.018895387649536,-19.84475831866958,-15.0,0.5806371443858369,0.30699271880905143,4.84475831866958
18.03871488571167,-19.84696690819209,-15.0,0.5287714400282129,0.32514216923038475,4.8469669081920905
18.05821394920349,-19.848930913986294,-15.0,0.5686934986105188,0.34147231639246456,4.848930913986294
18.078949451446533,-19.8506732755465,-15.0,0.5686934986105188,0.34147231639246456,4.850673275546502
18.098544359207153,-19.852215767606662,-15.0,0.5893893153360112,0.27147231639246455,4.852215767606662
18.120304346084595,-19.85357878201017,-15.0,0.564966550557874,0.28468398113618604,4.853578782010171
18.138463973999023,-19.85478121264686,-15.0,0.564966550557874,0.28468398113618604,4.854781212646859
18.15888810157776,-19.855840415010864,-15.0,0.5735191493248566,0.3524655114568304,4.855840415010864
18.183000564575195,-19.85677221865459,-15.0,0.6292834519362076,0.2824655114568304,4.856772218654591
18.198996543884277,-19.857590976055008,-15.0,0.6292834519362076,0.2824655114568304,4.857590976055008
18.219563961029053,-19.858301842133923,-15.0,0.663716209582053,0.3393072537041735,4.858301842133923
18.239007234573364,-19.858926827562396,-15.0,0.663716209582053,0.3393072537041735,4.858926827562396
18.258277654647827,-19.859475690547622,-15.0,0.7,0.26930725370417347,4.859475690547622
18.28358554840088,-19.85995721514821,-15.0,0.6299999999999999,0.3393072537041735,4.85995721514821
18.298702478408813,-19.860379277295284,-15.0,0.6299999999999999,0.3393072537041735,4.860379277295284
18.31828999519348,-19.86074891458308,-15.0,0.6637239168584346,0.3412241473456379,4.8607489145830804
18.33871030807495,-19.861072396838395,-15.0,0.6637239168584346,0.3412241473456379,4.861072396838395
18.358200073242188,-19.861355295371162,-15.0,0.6357822074741124,0.3982995509763714,4.861355295371162
18.378265142440796,-19.861602549483898,-15.0,0.6776194079965352,0.37314086441299876,4.861602549483898
18.398388385772705,-19.861818529324353,-15.0,0.6776194079965352,0.37314086441299876,4.861818529324353
18.419082164764404,-19.862007094541724,-15.0,0.6526603038609027,0.3241353150119539,4.862007094541724
18.438278436660767,-19.862170811677743,-15.0,0.6172327744960784,0.26546543870470485,4.862170811677743
18.45913553237915,-19.862313791879664,-15.0,0.6172327744960784,0.26546543870470485,4.862313791879664
18.47857356071472,-19.86243860038505,-15.0,0.597418685555458,0.26868072558543643,4.862438600385051
18.498233318328857,-19.86254749787084,-15.0,0.6381210881471633,0.2867694500496145,4.862547497870839
18.51866054534912,-19.862642473892205,-15.0,0.6381210881471633,0.2867694500496145,4.862642473892205
18.53928017616272,-19.862725277253944,-15.0,0.660327372252941,0.3050770632585045,4.8627252772539435
18.561474800109863,-19.86279744345078,-15.0,0.590327372252941,0.3283464744349476,4.862797443450781
18.57849645614624,-19.862860319348652,-15.0,0.590327372252941,0.3283464744349476,4.862860319348652
18.599507570266724,-19.862915085299115,-15.0,0.660327372252941,0.3039270698686596,4.8629150852991145
18.61890411376953,-19.862962774888047,-15.0,0.660327372252941,0.3039270698686596,4.862962774888047
18.63850474357605,-19.863004180206733,-15.0,0.6282000999152659,0.26784106191596946,4.863004180206733
18.658259630203247,-19.86304024167555,-15.0,0.6282000999152659,0.26784106191596946,4.863040241675549
18.67881441116333,-19.863071641014667,-15.0,0.6224376546405255,0.26916013028356245,4.863071641014667
18.698281049728394,-19.863098974603513,-15.0,0.6275017588585614,0.2946518056455534,4.863098974603513
18.71873426437378,-19.86312276382798,-15.0,0.6275017588585614,0.2946518056455534,4.863122763827981
18.738784790039062,-19.863143464243848,-15.0,0.5575017588585613,0.29492711161263285,4.863143464243848
18.75824999809265,-19.86316147367646,-15.0,0.6275017588585614,0.36492711161263286,4.86316147367646
18.778305053710938,-19.8631771393681,-15.0,0.6275017588585614,0.36492711161263286,4.863177139368101
18.798450231552124,-19.8631907642755,-15.0,0.5979276440292596,0.37414361112751066,4.863190764275501
18.820580005645752,-19.86320261261113,-15.0,0.6192607070505618,0.3805330795701593,4.863202612611129
18.83909559249878,-19.863212914713152,-15.0,0.6192607070505618,0.3805330795701593,4.863212914713152
18.858972311019897,-19.86322187132078,-15.0,0.5819111067056655,0.3583727841731161,4.863221871320778
18.879183530807495,-19.863229647676192,-15.0,0.5819111067056655,0.3583727841731161,4.863229647676192
18.898885488510132,-19.8632364089542,-15.0,0.6123578447103499,0.3073004027362913,4.863236408954201
18.92354154586792,-19.863242286986555,-15.0,0.6511269035935401,0.23730040273629127,4.863242286986555
18.939037561416626,-19.863247396618842,-15.0,0.6511269035935401,0.23730040273629127,4.863247396618842
18.95832633972168,-19.863251837871676,-15.0,0.6897654320299624,0.2645371754374355,4.863251837871676
18.978639125823975,-19.86325569783247,-15.0,0.6897654320299624,0.2645371754374355,4.8632556978324715
18.99880027770996,-19.86325905231034,-15.0,0.7,0.33153402551077304,4.86325905231034
19.018272638320923,-19.86326196728276,-15.0,0.6299999999999999,0.2641612638439983,4.86326196728276
19.03842568397522,-19.863264500159506,-15.0,0.6299999999999999,0.2641612638439983,4.863264500159506
19.05871558189392,-19.863266700886378,-15.0,0.5772938515245913,0.2866677970346063,4.863266700886378
19.078907251358032,-19.863268612908527,-15.0,0.6472938515245914,0.2166677970346063,4.863268612908527
19.098592042922974,-19.863270272974972,-15.0,0.6472938515245914,0.2166677970346063,4.863270272974972
19.11879849433899,-19.86327171532296,-15.0,0.6489459486212581,0.2866677970346063,4.863271715322959
19.14336585998535,-19.863272968435037,-15.0,0.6489459486212581,0.2866677970346063,4.863272968435037
19.158366203308105,-19.863274057081924,-15.0,0.6042935350444167,0.2989771024044603,4.863274057081924
19.182374477386475,-19.86327500280333,-15.0,0.6207207967992872,0.2604518190678209,4.863275002803331
19.19899034500122,-19.870224868579584,-15.0,0.6207207967992872,0.2604518190678209,4.870224868579584
19.21824336051941,-19.881818155226448,-15.0,0.5800278676208108,0.29958004063926635,4.881818155226448
19.238508224487305,-19.898647479361216,-15.0,0.5800278676208108,0.29958004063926635,4.898647479361216
19.25879406929016,-19.918670117589908,-15.0,0.6500278676208109,0.3367832668777555,4.918670117589908
19.278466939926147,-19.94038307477576,-15.0,0.6308207458164543,0.3138839334901422,4.9403830747757596
19.298510313034058,-19.962697851741414,-15.0,0.6308207458164543,0.3138839334901422,4.962697851741414
19.31893253326416,-19.982072110826305,-15.0,0.6978695785906166,0.3838839334901422,4.982072110826305
19.338241577148438,-20.001663763755154,-15.0,0.7,0.4397515272255987,5.001663763755154
19.358996868133545,-20.01857373017689,-15.0,0.7,0.4397515272255987,5.01857373017689
19.379117965698242,-20.033175389276394,-15.0,0.7,0.3697515272255987,5.033175389276394
19.402652978897095,-20.04578891812081,-15.0,0.634604525566101,0.34915256618522106,5.0457889181208095
19.419137954711914,-20.056689102395147,-15.0,0.634604525566101,0.34915256618522106,5.056689102395147
19.441874980926514,-20.066111957871396,-15.0,0.5703764155507087,0.3310120844002813,5.066111957871396
19.45856285095215,-20.074260351328277,-15.0,0.5703764155507087,0.3310120844002813,5.074260351328277
19.478408575057983,-20.081308778370285,-15.0,0.6171565249562263,0.2610120844002813,5.0813087783702855
19.498887062072754,-20.08740742972655,-15.0,0.6171565249562263,0.2610120844002813,5.08740742972655
19.51852321624756,-20.09268565617483,-15.0,0.6275829959660768,0.24285416825674472,5.0926856561748295
19.538243532180786,-20.097268347136744,-15.0,0.6352781297639012,0.24926536724902687,5.097268347136744
19.558637142181396,-20.101233733739377,-15.0,0.6352781297639012,0.24926536724902687,5.101233733739377
19.578734636306763,-20.10466584547519,-15.0,0.6259146833792328,0.3192653672490269,5.104665845475189
19.601215600967407,-20.107637101987212,-15.0,0.6234587028622627,0.2744253406021744,5.107637101987212
19.618324756622314,-20.110209950332347,-15.0,0.6234587028622627,0.2744253406021744,5.110209950332347
19.63871145248413,-20.112438265018824,-15.0,0.6648141525685787,0.2549760115984827,5.112438265018824
19.65888023376465,-20.114368546373434,-15.0,0.6648141525685787,0.2549760115984827,5.114368546373434
19.680055618286133,-20.118357295333873,-15.0,0.6458878375589847,0.2607847501244396,5.1183572953338725
19.698628902435303,-20.123670692543676,-15.0,0.6458878375589847,0.2607847501244396,5.123670692543676
19.719277143478394,-20.129764130478506,-15.0,0.6925183467566967,0.2730791291873902,5.129764130478506
19.738272428512573,-20.136238777522227,-15.0,0.6925183467566967,0.2730791291873902,5.136238777522227
19.758840799331665,-20.141860231391174,-15.0,0.7,0.21631335305981336,5.141860231391174
19.778417587280273,-20.15463730033987,-15.0,0.6506159983575344,0.24582687045447527,5.154637300339871
19.798412561416626,-20.183629521577693,-15.0,0.6506159983575344,0.24582687045447527,5.183629521577693
19.818572282791138,-20.22543673135708,-15.0,0.6537422503344714,0.3158268704544753,5.225436731357082
19.838253021240234,-20.27504315675163,-15.0,0.654586682957597,0.3460542875807732,5.275043156751629
19.85831069946289,-20.33107574065577,-15.0,0.654586682957597,0.3460542875807732,5.33107574065577
19.87824773788452,-20.403993164177624,-15.0,0.5918045741738751,0.37850311952643095,5.403993164177624
19.901353120803833,-20.491349431995022,-15.0,0.6567363319220021,0.3405972700100392,5.4913494319950225
19.918935537338257,-20.586432373261907,-15.0,0.6567363319220021,0.3405972700100392,5.586432373261907
19.938483953475952,-20.6843762098417,-15.0,0.6265829772921279,0.2705972700100392,5.684376209841702
19.958500862121582,-20.78172586889647,-15.0,0.6265829772921279,0.2705972700100392,5.781725868896469
19.97816753387451,-20.86624732834264,-15.0,0.6263821945933159,0.3405972700100392,5.8662473283426415
20.002857208251953,-20.949480872978178,-14.999999826171804,0.577958088502055,0.3199406004976481,5.949481046806374
20.018160581588745,-21.02730989788713,-14.999999826171804,0.577958088502055,0.3199406004976481,6.027310071715325
20.03813099861145,-21.099333873504904,-14.999988916731494,0.5631565434334334,0.2654041908215731,6.099344956773409
20.058913230895996,-21.1677439393778,-14.999978380126826,0.5631565434334334,0.2654041908215731,6.167765559250974
20.077951908111572,-21.22952456618211,-14.999940823838841,0.5381153469381388,0.33540419082157313,6.229583742343269
20.09796953201294,-21.285072292525154,-14.999828124260494,0.5146457144466694,0.2654041908215731,6.28524416826466
20.11874508857727,-21.33482681379077,-14.999771521170667,0.5146457144466694,0.2654041908215731,6.335055292620103
20.138777256011963,-21.37924621308986,-14.99953074373647,0.4820475914923008,0.19540419082157312,6.379715469353391
20.158550024032593,-21.418789272556868,-14.999301301703895,0.43164068846381265,0.24450572605244814,6.419487970852973
20.17814064025879,-21.453121566368377,-14.999162995295624,0.43164068846381265,0.24450572605244814,6.453958571072754
20.19832181930542,-21.483711342732157,-14.998642238849893,0.5016406884638127,0.22307249183766542,6.485069103882264
20.223137617111206,-21.513211797514654,-14.997942848682168,0.5109933864546474,0.2304395970609039,6.515268948832485
20.238035440444946,-21.541178149498705,-14.997665652080917,0.5109933864546474,0.2304395970609039,6.5435124974177885
20.260055780410767,-21.56734189347374,-14.997039608238286,0.5023360213486012,0.17098826660774646,6.570302285235453
20.278875827789307,-21.591564038519056,-14.997039608238286,0.5023360213486012,0.17098826660774646,6.594524430280771
20.29866075515747,-21.61611556297955,-14.995475364946765,0.4323360213486012,0.16020664597861467,6.6206401980327865
20.31805920600891,-21.640248815115488,-14.995475364946765,0.4323360213486012,0.16020664597861467,6.644773450168723
20.33808422088623,-21.663455514186403,-14.994000692001055,0.4542423078266438,0.17383936445228754,6.669454822185347
20.35805344581604,-21.685407037547186,-14.99224104146789,0.5242423078266438,0.21161934386007486,6.693165996079296
20.378173112869263,-21.708224558447977,-14.991587095259831,0.5242423078266438,0.21161934386007486,6.716637463188146
20.398162841796875,-21.728035312653024,-14.990172945355715,0.47578691674745643,0.252638265741989,6.737862367297309
20.41817307472229,-21.750558781626538,-14.987773333538925,0.5457869167474565,0.2311670652311295,6.762785448087612
20.438578128814697,-21.77437284554491,-14.986895862389016,0.5457869167474565,0.2311670652311295,6.787476983155894
20.459093809127808,-21.79613936623989,-14.984019026474085,0.5486228291445878,0.18977624016813932,6.812120339765803
20.47805404663086,-21.818226397236383,-14.981889258909728,0.582871479218593,0.2537711917143315,6.836337138326655
20.49825406074524,-21.839953947058987,-14.980758379919491,0.582871479218593,0.2537711917143315,6.859195567139496
20.51805853843689,-21.858542832943712,-14.977092163521457,0.5714327499771026,0.2863374783378094,6.8814506694222555
20.541750192642212,-21.874461756184072,-14.972999006763352,0.5791053150349763,0.35553046154789625,6.90146274942072
20.558854818344116,-21.885790286021358,-14.97153610759154,0.5791053150349763,0.35553046154789625,6.914254178429818
20.57859969139099,-21.89363185625767,-14.97153610759154,0.5791053150349763,0.35553046154789625,6.9220957486661305
20.59859800338745,-21.898844788862014,-14.968457925697507,0.5091053150349762,0.28553046154789624,6.930386863164507
20.618225574493408,-21.899778186853744,-14.961670830838116,0.5634014397615101,0.25989756229333577,6.938107356015628
20.642372369766235,-21.900588586820948,-14.961670830838116,0.5634014397615101,0.25989756229333577,6.938917755982832
20.658910512924194,-21.898418114212685,-14.956005144416274,0.6203377261513379,0.21811984348110852,6.942412969796411
20.67796039581299,-21.891918040355012,-14.951943051229295,0.6099731527024415,0.22999041023664174,6.939974989125718
20.697922945022583,-21.882582018977512,-14.949824351884915,0.6099731527024415,0.22999041023664174,6.932757667092597
20.717952728271484,-21.871522253818018,-14.943109119951714,0.578550951158395,0.29777207466773686,6.928413133866304
20.737922430038452,-21.859556688905645,-14.935840490596304,0.5587623245769646,0.3326969804149121,6.923716198309341
20.75860357284546,-21.849593672492155,-14.933291414031794,0.5587623245769646,0.3326969804149121,6.916302258460361
20.778141975402832,-21.841284161305122,-14.925256075844933,0.51904385683476,0.2803939493279904,6.916028085460189
20.797935962677002,-21.834342138765486,-14.919569071188112,0.5655030511075165,0.24775570499710736,6.914773067577373
20.81873846054077,-21.82853290333819,-14.916624552347542,0.5655030511075165,0.24775570499710736,6.911908350990647
20.838680267333984,-21.823663581447285,-14.907379121127804,0.5608309591875877,0.18390576410107312,6.916284460319481
20.86092233657837,-21.81943591186191,-14.897502425867055,0.49083095918758773,0.23163346069864926,6.921933485994854
20.878180027008057,-21.815904864889475,-14.894066965822983,0.49083095918758773,0.23163346069864926,6.921837899066492
20.898341417312622,-21.81295073871539,-14.886977474221615,0.4433574950264301,0.18386133256368337,6.925973264493775
20.91827702522278,-21.810475186116065,-14.886977474221615,0.4433574950264301,0.18386133256368337,6.92349771189445
20.937936305999756,-21.808397284279415,-14.871907114343852,0.41632903124555015,0.11386133256368336,6.936490169935563
20.962424755096436,-21.80665034576064,-14.859805511817092,0.44117971825762653,0.06822672384791073,6.946844833943549
20.978899717330933,-21.807495676347067,-14.859805511817092,0.44117971825762653,0.06822672384791073,6.947690164529975
20.99803352355957,-21.810119267712423,-14.851348572683008,0.3860539341287222,0.13822672384791074,6.958770695029415
21.017996788024902,-21.816225207817777,-14.847001613271711,0.3860539341287222,0.13822672384791074,6.969223594546065
21.037986993789673,-21.82690534587224,-14.833479979112099,0.4270506383792963,0.06822672384791073,6.9934253667601425
21.05797004699707,-21.840481158378353,-14.819225522420622,0.3570506383792963,0.13822672384791074,7.021255635957731
21.078251123428345,-21.852268025403113,-14.814308630322708,0.3570506383792963,0.13822672384791074,7.037959395080405
21.0982825756073,-21.870576815631612,-14.804223506839449,0.3358703457878437,0.20822672384791074,7.066353308792163
21.117960929870605,-21.899882124081756,-14.788459544452353,0.3840814993844833,0.20265262459404765,7.111422579629403
21.138501167297363,-21.94531845287737,-14.783033131933212,0.3840814993844833,0.20265262459404765,7.162285320944157
21.15794563293457,-22.00539429918991,-14.766231457547148,0.44123631502850913,0.1454155508149415,7.239162841642761
21.180094957351685,-22.074055175253758,-14.748635607702889,0.4058011450932827,0.19574713219888507,7.325419567550869
21.198209524154663,-22.146869494836686,-14.742591542496791,0.4058011450932827,0.19574713219888507,7.4042779523398945
21.218010187149048,-22.21833335324339,-14.730232340658237,0.34608363519771956,0.12574713219888506,7.488101012585155
21.238004207611084,-22.286975785356603,-14.730232340658237,0.34608363519771956,0.12574713219888506,7.556743444698366
21.258130311965942,-22.351849445990254,-14.704416416972567,0.40774585466249846,0.19321357001550493,7.647433029017687
21.282144784927368,-22.410079305210203,-14.704416416972567,0.40774585466249846,0.19321357001550493,7.705662888237637
21.298170804977417,-22.460635955663868,-14.684079582565555,0.4137478556612041,0.12355761517770586,7.7765563730983125
21.3180513381958,-22.506054442964004,-14.662893630150384,0.40128448252915405,0.19355761517770587,7.84316081281362
21.338332414627075,-22.546707063309974,-14.65564090635014,0.40128448252915405,0.19355761517770587,7.891066156959834
21.357982635498047,-22.582978010271383,-14.64084677282565,0.42456951943575405,0.12355761517770586,7.942131237445732
21.378074407577515,-22.61524961571762,-14.617927553773955,0.4932344054931309,0.19082366962917147,7.997322061943665
21.398149967193604,-22.643892842101717,-14.610092023016401,0.4932344054931309,0.19082366962917147,8.033800819085316
21.418391704559326,-22.669260978226667,-14.58599239982887,0.49316489122691565,0.2163909199554473,8.083268578397798
21.440640926361084,-22.691685726235196,-14.560994954101977,0.48821651268634014,0.17160000381059942,8.13069077213322
21.457953453063965,-22.70915870453952,-14.552461154145723,0.48821651268634014,0.17160000381059942,8.156697550393796
21.478019952774048,-22.722731782051493,-14.535089314000308,0.43708476502331906,0.18416230388917026,8.187642468051186
21.498039960861206,-22.733238347797997,-14.535089314000308,0.43708476502331906,0.18416230388917026,8.198149033797689
21.517967700958252,-22.742360416424468,-14.499118387704527,0.4702890038851183,0.21370267317630348,8.24324202871994
21.54294776916504,-22.749258087954225,-14.47105509112894,0.4002890038851183,0.16694715813733635,8.278202996825284
21.558256149291992,-22.7544289494029,-14.47105509112894,0.4002890038851183,0.16694715813733635,8.28337385827396
21.578059911727905,-22.758264124867505,-14.442051333143986,0.3434766802552622,0.16810073269531128,8.316212791723519
21.59799361228943,-22.76107048335175,-14.432172858432985,0.3434766802552622,0.16810073269531128,8.328897624918767
21.61805009841919,-22.76308828442087,-14.412098117205396,0.36922704908880405,0.1796725805290043,8.350990167215475
21.63796329498291,-22.764505190012674,-14.381186758495279,0.43922704908880406,0.1981769393570721,8.383318431517395
21.658012628555298,-22.765467382972144,-14.370668595197497,0.43922704908880406,0.1981769393570721,8.394798787774647
21.67819619178772,-22.766088382944993,-14.338466737895496,0.47151393521460705,0.2181413158215582,8.427621645049497
21.699530124664307,-22.768772378644044,-14.316456419411734,0.4760224966693204,0.20581458168104289,8.45231595923231
21.718002557754517,-22.770502206285656,-14.305287673617721,0.4760224966693204,0.20581458168104289,8.465214532667934
21.738083600997925,-22.7720040868087,-14.271123741336226,0.44025601431610994,0.18923330524936316,8.500880345472474
21.758174419403076,-22.772827669063673,-14.271123741336226,0.44025601431610994,0.18923330524936316,8.501703927727448
21.778945922851562,-22.773158413196512,-14.224027139684155,0.5102560143161099,0.2513863987661898,8.549131273512357
21.80141520500183,-22.77313812489056,-14.187537084703681,0.4402560143161099,0.2409956840239465,8.58560104018688
21.81795907020569,-22.77287455102024,-14.187537084703681,0.4402560143161099,0.2409956840239465,8.58533746631656
21.837969303131104,-22.77244894222059,-14.16265065169448,0.45810064285877156,0.1990829346142709,8.609798290526108
21.859124898910522,-22.769605655921396,-14.150038798127044,0.45810064285877156,0.1990829346142709,8.619566857794352
21.877992391586304,-22.76515803266547,-14.111525914667794,0.4708974704507272,0.25828014438971875,8.653632117997677
21.898025035858154,-22.75971328500273,-14.071992362408245,0.5408974704507272,0.28911672657355664,8.687720922594483
21.918018579483032,-22.75140310190778,-14.058586688889205,0.5408974704507272,0.28911672657355664,8.692816413018575
21.938196897506714,-22.744187988775696,-14.017683302781627,0.5228823968383949,0.31596923371776936,8.726504685994069
21.958515882492065,-22.73737366009748,-13.98984041795227,0.5673256577167194,0.24596923371776935,8.74753324214521
21.977954864501953,-22.72870095127973,-13.975746209045933,0.5673256577167194,0.24596923371776935,8.752954742233797
21.998095512390137,-22.718966016314393,-13.932770298362332,0.5656237625691574,0.31596923371776936,8.786195717952062
22.01872754096985,-22.70643349495265,-13.932770298362332,0.5656237625691574,0.31596923371776936,8.773663196590316
22.03827476501465,-22.69228811811179,-13.87384484758076,0.5813882597896736,0.3746852253936231,8.81844327053103
22.058226823806763,-22.675078935246482,-13.87384484758076,0.5813882597896736,0.3746852253936231,8.801234087665723
22.078184127807617,-22.656195238876755,-13.813053407336854,0.6513882597896736,0.3046852253936231,8.843141831539901
22.09835648536682,-22.63664613601708,-13.813053407336854,0.6513882597896736,0.3046852253936231,8.823592728680227
22.11894917488098,-22.617150069363767,-13.766229357937874,0.5897234549734276,0.30045682160183784,8.850920711425893
22.138205528259277,-22.59588830930239,-13.718346371490593,0.6370826942834538,0.27894042028114197,8.877541937811795
22.15840458869934,-22.577428306378582,-13.702149439212373,0.6370826942834538,0.27894042028114197,8.875278867166209
22.179177045822144,-22.55793303874608,-13.652849097490856,0.579524984768359,0.24211946470662948,8.905083941255223
22.202146530151367,-22.53823249221947,-13.602482012283541,0.6495249847683591,0.2440127071784809,8.93575047993593
22.218199253082275,-22.51890856880204,-13.585455421665149,0.6495249847683591,0.2440127071784809,8.933453147136891
22.239501476287842,-22.500355520372477,-13.551045288481149,0.579524984768359,0.17401270717848089,8.949310231891328
22.25897455215454,-22.482826870239826,-13.551045288481149,0.579524984768359,0.17401270717848089,8.931781581758678
22.278660774230957,-22.466471712823537,-13.480794604058012,0.553366715273587,0.2440127071784809,8.985677108765525
22.298497438430786,-22.45136267891298,-13.480794604058012,0.553366715273587,0.2440127071784809,8.970568074854967
22.318428993225098,-22.437517374980082,-13.42685229533079,0.569952262750594,0.3067446884559467,9.010665079649293
22.338234901428223,-22.42723107275047,-13.371832615844793,0.6366882828983944,0.3238011685060337,9.055398456905676
22.358612775802612,-22.42200422592296,-13.353252996629351,0.6366882828983944,0.3238011685060337,9.06875122929361
22.378109455108643,-22.41746614405959,-13.296794141588798,0.5690934790286701,0.30612736128736284,9.12067200247079
22.39812135696411,-22.41648925223508,-13.258554393270618,0.5785116843867582,0.30559405315201726,9.157934858964463
22.41838026046753,-22.418011639181422,-13.239254228047127,0.5785116843867582,0.30559405315201726,9.178757411134296
22.43867540359497,-22.41891350580815,-13.180632102514725,0.5493143156159204,0.33373691144865003,9.238281403293424
22.458065271377563,-22.41936060256845,-13.140949001631343,0.4999651752400678,0.2965089567331597,9.278411600937106
22.47883415222168,-22.419480041894044,-13.120926864625218,0.4999651752400678,0.2965089567331597,9.298553177268825
22.498106956481934,-22.417052400884504,-13.060137865017285,0.46449990495922977,0.3126035333005711,9.356914535867219
22.51960015296936,-22.412919587954235,-13.019009567491597,0.5344999049592298,0.2426035333005711,9.393910020462638
22.538751125335693,-22.407711315832323,-12.99826470321647,0.5344999049592298,0.2426035333005711,9.409446612615852
22.5581111907959,-22.401893314266474,-12.93530722551699,0.4920098473120016,0.3126035333005711,9.466586088749484
22.5822970867157,-22.395805139377487,-12.871265522863554,0.5620098473120017,0.33357902433257547,9.524539616513932
22.598751068115234,-22.390519230500384,-12.849677400459239,0.5620098473120017,0.33357902433257547,9.540841830041145
22.620503187179565,-22.375835007209886,-12.78419062488997,0.5391512183088345,0.26357902433257546,9.591644382319917
22.638269662857056,-22.355009899844866,-12.78419062488997,0.5391512183088345,0.26357902433257546,9.570819274954896
22.658256769180298,-22.330468298101767,-12.717620776091199,0.5383192704722752,0.24957980434875932,9.612847522010568
22.678996086120605,-22.30399208342072,-12.695190290773887,0.5383192704722752,0.24957980434875932,9.608801792646833
22.69834280014038,-22.2768699022881,-12.649968745211272,0.5068017163977494,0.2783621143130585,9.62690115707683
22.718650102615356,-22.250013847705258,-12.581235658870213,0.4817113144055476,0.2083621143130585,9.668778188835045
22.738567352294922,-22.226366775963886,-12.558084623918655,0.4817113144055476,0.2083621143130585,9.668282152045231
22.759121656417847,-22.205571816951686,-12.487912285838075,0.5517113144055477,0.16395622182171787,9.717659531113611
22.778969764709473,-22.18730592854643,-12.487912285838075,0.5517113144055477,0.16395622182171787,9.699393642708355
22.798582553863525,-22.173594426710594,-12.392673342935929,0.5103250863507858,0.20760878983419384,9.780921083774665
22.818809747695923,-22.163407677807758,-12.392673342935929,0.5103250863507858,0.20760878983419384,9.770734334871829
22.839712142944336,-22.154563282330265,-12.295523414185766,0.44032508635078577,0.24330833244603123,9.8590398681445
22.85820198059082,-22.148258694018413,-12.295523414185766,0.44032508635078577,0.24330833244603123,9.852735279832647
22.87823510169983,-22.146200710886312,-12.196467796575313,0.4730260496691337,0.23994947427418079,9.949732914311
22.898602724075317,-22.147146574511442,-12.171406816191546,0.4730260496691337,0.23994947427418079,9.975739758319897
22.91809368133545,-22.150153923158403,-12.09551249113203,0.4030260496691337,0.2328334079822525,10.054641432026372
22.93846869468689,-22.154513880593818,-12.069977608105361,0.4030260496691337,0.2328334079822525,10.084536272488457
22.958423852920532,-22.159698427401334,-11.992664193997081,0.4409244746819606,0.1628334079822525,10.167034233404253
22.9788556098938,-22.16531907966506,-11.94053245396286,0.49721232959185746,0.2328334079822525,10.224786625702201
22.998509645462036,-22.171094510548635,-11.91429011073306,0.49721232959185746,0.2328334079822525,10.256804399815575
23.019007921218872,-22.176825236764415,-11.834858723149948,0.48088549980078843,0.25602975876536216,10.341966513614468
23.043278217315674,-22.182373879312475,-11.834858723149948,0.48088549980078843,0.25602975876536216,10.347515156162528
23.05896258354187,-22.18719135243627,-11.72731172354374,0.48834712448646334,0.3199664318701252,10.459879628892528
23.08161234855652,-22.19183246938638,-11.645427565887463,0.49836500845034626,0.24996643187012518,10.546404903498917
23.09817934036255,-22.19622877664629,-11.645427565887463,0.49836500845034626,0.24996643187012518,10.550801210758827
23.11825942993164,-22.200339179676785,-11.59025755271802,0.42836500845034625,0.29263618262019003,10.610081626958765
23.138181924819946,-22.20182632190679,-11.562498840486533,0.42836500845034625,0.29263618262019003,10.639327481420256
23.158335208892822,-22.201452205059702,-11.478529816290017,0.4165495527081659,0.25032957316841925,10.722922388769685
23.17814612388611,-22.19979515390163,-11.393524965239825,0.4865495527081659,0.3078230922063812,10.806270188661804
23.198386430740356,-22.19497432500769,-11.364960633045971,0.4865495527081659,0.3078230922063812,10.830013691961717
23.218934059143066,-22.188083050462783,-11.278581982763944,0.5395182931714227,0.315121867689304,10.909501067698839
23.23946785926819,-22.179935303706234,-11.220426672601082,0.6095182931714227,0.385121867689304,10.959508631105152
23.258867740631104,-22.171129568947098,-11.191178717677474,0.6095182931714227,0.385121867689304,10.979950851269624
23.280951738357544,-22.16348420520813,-11.073056085947762,0.6062177963287105,0.3565998959122225,11.090428119260366
23.299154043197632,-22.15314463472779,-11.043243717471125,0.6062177963287105,0.3565998959122225,11.109900917256667
23.318684816360474,-22.134257175013115,-10.983282350447865,0.6143238361657133,0.40227790425997223,11.15097482456525
23.338367223739624,-22.102981251503113,-10.983282350447865,0.6143238361657133,0.40227790425997223,11.119698901055248
23.358142137527466,-22.05697577293424,-10.86201896707219,0.6097113828838339,0.36603067319374527,11.19495680586205
23.382468700408936,-21.999635555168744,-10.769905148998472,0.6797113828838339,0.4360306731937453,11.229730406170273
23.398778915405273,-21.931300948614062,-10.769905148998472,0.6797113828838339,0.4360306731937453,11.16139579961559
23.41912579536438,-21.857130806117617,-10.676798333165967,0.6618554294586649,0.5060306731937453,11.18033247295165
23.43890380859375,-21.780862160812283,-10.676798333165967,0.6618554294586649,0.5060306731937453,11.104063827646316
23.458460092544556,-21.70514598857821,-10.582704723133695,0.6362380553514233,0.4896863885549828,11.122441265444515
23.47825002670288,-21.631809044999702,-10.48763070427165,0.6894215550750962,0.5520717799989506,11.144178340728052
23.498915672302246,-21.56813603820376,-10.455722625588681,0.6894215550750962,0.5520717799989506,11.11241341261508
23.518738746643066,-21.502142228110785,-10.391582841642617,0.6194215550750961,0.4820717799989506,11.110559386468168
23.5382399559021,-21.427010300994514,-10.294567877883978,0.6894215550750962,0.4120717799989506,11.132442423110536
23.55903458595276,-21.338245918293097,-10.262015835975255,0.6894215550750962,0.4120717799989506,11.076230082317842
23.578615427017212,-21.233086682336882,-10.163722195543754,0.6412922982603779,0.35813937026541676,11.069364486793129
23.598284482955933,-21.1077296223101,-10.097664492691282,0.5712922982603779,0.39636291253846134,11.010065129618818
23.618777751922607,-20.962381928719044,-10.064477865472632,0.5712922982603779,0.39636291253846134,10.897904063246411
23.638418197631836,-20.806979755393993,-9.964290165016601,0.6198502763838043,0.4228255866793915,10.842689590377391
23.66153120994568,-20.64868954503012,-9.863166581826151,0.6841248407692184,0.39252926472108807,10.785522963203968
23.678770780563354,-20.490248734265325,-9.829252064973627,0.6841248407692184,0.39252926472108807,10.660996669291698
23.698158502578735,-20.352686377173338,-9.761114769829383,0.658648835840868,0.3655747069744393,10.591571607343955
23.719114780426025,-20.216443859583606,-9.761114769829383,0.658648835840868,0.3655747069744393,10.455329089754223
23.738719940185547,-20.08470873375257,-9.623615311814357,0.5886488358408679,0.32073667335789646,10.461093421938214
23.763413429260254,-19.95957621925021,-9.519428316042738,0.5186488358408679,0.3175949439639225,10.440147903207471
23.778706073760986,-19.84232760345575,-9.519428316042738,0.5186488358408679,0.3175949439639225,10.322899287413012
23.79825448989868,-19.733645064188725,-9.449468949964418,0.44864883584086784,0.2475949439639225,10.284176114224307
23.81879734992981,-19.63377667077213,-9.414339778255847,0.44864883584086784,0.2475949439639225,10.219436892516281
23.838229656219482,-19.542662431424297,-9.308358048441267,0.49701632124488243,0.1775949439639225,10.23430438298303
23.858211278915405,-19.460029962227615,-9.201491631567194,0.4270163212448824,0.2475949439639225,10.258538330660421
23.878192901611328,-19.38546653449361,-9.165674387537244,0.4270163212448824,0.2475949439639225,10.219792146956365
23.898214101791382,-19.318472816223974,-9.093749185464258,0.3886415210098494,0.2749082639301195,10.224723630759716
23.918152570724487,-19.260307159591427,-8.985139518707323,0.3186415210098494,0.2972453597420826,10.275167640884105
23.93841552734375,-19.208001574170307,-8.948745124671579,0.3186415210098494,0.2972453597420826,10.259256449498729
23.95832324028015,-19.163461135732437,-8.83899312251635,0.268385056379484,0.2272453597420826,10.324468013216087
23.979125499725342,-19.125488074909082,-8.765354498543044,0.338385056379484,0.1572453597420826,10.360133576366039
23.998626708984375,-19.093077362003807,-8.728395027377637,0.338385056379484,0.1572453597420826,10.36468233462617
24.018255949020386,-19.065384327974524,-8.61696013501312,0.303844749602722,0.12566467317286872,10.448424192961404
24.042336225509644,-19.041697948313463,-8.50469788274589,0.3690415096015204,0.11765154300723218,10.537000065567572
24.0582435131073,-19.02141876436566,-8.467094925501932,0.3690415096015204,0.11765154300723218,10.554323838863727
24.079181432724,-19.00404060760276,-8.391617847346318,0.36012265798752197,0.15710690094623708,10.612422760256443
24.098880529403687,-18.989135447009982,-8.391617847346318,0.36012265798752197,0.15710690094623708,10.597517599663664
24.118479251861572,-18.978657153156025,-8.239589169035735,0.295230067941593,0.17985390721354627,10.73906798412029
24.142781972885132,-18.969559630908467,-8.124638983440018,0.35785476085846313,0.23342301173601293,10.844920647468449
24.15914034843445,-18.963631127517974,-8.124638983440018,0.35785476085846313,0.23342301173601293,10.838992144077956
24.178178548812866,-18.962376355753108,-8.047568857283853,0.2878547608584631,0.16522337718401098,10.914807498469255
24.198681592941284,-18.964400935863523,-8.008903917202364,0.2878547608584631,0.16522337718401098,10.955497018661159
24.218619346618652,-18.968649931999376,-7.892394126887718,0.32795402404968627,0.23522337718401098,11.076255805111659
24.23811936378479,-18.974331982121758,-7.775119897211296,0.25795402404968626,0.16522337718401098,11.199212084910462
24.2592134475708,-18.980859653663803,-7.735860407703971,0.25795402404968626,0.16522337718401098,11.244999245959832
24.278799533843994,-18.98780264120091,-7.617583141519191,0.32795402404968627,0.09522337718401097,11.37021949968172
24.29866600036621,-18.994851117399463,-7.617583141519191,0.32795402404968627,0.09522337718401097,11.377267975880272
24.318565607070923,-19.001787102115948,-7.498565920105121,0.30052287128870375,0.0914491335442289,11.503221182010826
24.338791608810425,-19.008462155310703,-7.378819440046488,0.23052287128870375,0.0655931024393066,11.629642715264215
24.363401889801025,-19.01425760691659,-7.258354516899473,0.19975577880744821,0.0728302150545641,11.755903090017117
24.378292083740234,-19.019811809309573,-7.218041774724282,0.19975577880744821,0.0728302150545641,11.80177003458529
24.401485681533813,-19.02505206430776,-7.0966359533214405,0.2697557788074482,0.06841217210050665,11.928416110986321
24.41815185546875,-19.032252499311465,-7.0966359533214405,0.2697557788074482,0.06841217210050665,11.935616545990024
24.439025402069092,-19.042941018361045,-6.9745373758962685,0.29614301581983454,0.09299104330595576,12.068403642464776
24.45904040336609,-19.05577059752557,-6.9745373758962685,0.29614301581983454,0.09299104330595576,12.0812332216293
24.47854232788086,-19.072065541022933,-6.851757239278438,0.3594425897777546,0.16299104330595576,12.220308301744495
24.49833869934082,-19.09265435533078,-6.728306850090265,0.4294425897777546,0.23299104330595577,12.364347505240515
24.518742084503174,-19.11799934032142,-6.687009745125605,0.4294425897777546,0.23299104330595577,12.430989595195813
24.539201021194458,-19.148296252063577,-6.604197622628531,0.4067730937630404,0.2601191735034808,12.544098629435046
24.558332204818726,-19.181234203303084,-6.479441076746273,0.3867226295650471,0.25123827794101083,12.701793126556812
24.57826805114746,-19.209831773515056,-6.437713718939179,0.3867226295650471,0.25123827794101083,12.772118054575877
24.599025011062622,-19.23996763326219,-6.31211218007777,0.4567226295650471,0.32123827794101084,12.927855453184419
24.618225574493408,-19.2680613833423,-6.228032624204664,0.4456313534930814,0.3297291840380057,13.040028759137636
24.638371467590332,-19.289363620055127,-6.185890601051122,0.4456313534930814,0.3297291840380057,13.103473019004005
24.65907883644104,-19.3030708382576,-6.0590608382685165,0.3756313534930814,0.35420495224650944,13.244009999989084
24.681438207626343,-19.31114145299606,-5.931634844516704,0.36006213412736543,0.42420495224650945,13.379506608479357
24.69847321510315,-19.31276794502695,-5.889029097026047,0.36006213412736543,0.42420495224650945,13.423738848000902
24.71826171875,-19.307559261460227,-5.803624666841715,0.43006213412736544,0.35420495224650944,13.503934594618512
24.738936185836792,-19.29774027302419,-5.803624666841715,0.43006213412736544,0.35420495224650944,13.494115606182474
24.758562564849854,-19.282661487385663,-5.6320566937125776,0.36006213412736543,0.29593887878116215,13.650604793673086
24.78164005279541,-19.25506135702785,-5.6320566937125776,0.36006213412736543,0.29593887878116215,13.623004663315271
24.798049926757812,-19.231098219186403,-5.502730783456823,0.4140092699334491,0.2799450023984536,13.72836743572958
24.818155765533447,-19.180155351481826,-5.416210870145253,0.4717492579028476,0.32452747364994133,13.763944481336573
24.838459014892578,-19.090968352651995,-5.372861499662983,0.4717492579028476,0.32452747364994133,13.718106852989012
24.858713626861572,-18.965986502430503,-5.24246127335716,0.4783350593887735,0.2545274736499413,13.723525229073344
24.878117084503174,-18.819436132501867,-5.111542618527739,0.5395029700838495,0.32452747364994133,13.707893513974128
24.898573637008667,-18.661767010418654,-5.067790035175815,0.5395029700838495,0.32452747364994133,13.593976975242839
24.918575286865234,-18.50053037370013,-4.936199747944533,0.6088321350060869,0.3802580102300271,13.564330625755597
24.9380943775177,-18.341065185580657,-4.848200481353935,0.538832135006087,0.3563568382477387,13.492864704226722
24.958231449127197,-18.18703309907284,-4.804120542228535,0.538832135006087,0.3563568382477387,13.382912556844303
24.97830581665039,-18.040834237866513,-4.671565193259157,0.608832135006087,0.42635683824773873,13.369269044607355
25.00204348564148,-17.90392923707354,-4.538546550051221,0.6424831553839614,0.3563568382477387,13.36538268702232
25.019169807434082,-17.77708768654686,-4.494106279220215,0.6424831553839614,0.3563568382477387,13.282981407326645
25.03867220878601,-17.66696061396103,-4.494106279220215,0.6424831553839614,0.3563568382477387,13.172854334740816
25.058603763580322,-17.564963771074275,-4.405077533284821,0.5724831553839613,0.3175814128434285,13.159886237789454
25.0782253742218,-17.47130214254489,-4.226440725169255,0.6424831553839614,0.3685753731941804,13.244861417375635
25.10219931602478,-17.388214781099265,-4.226440725169255,0.6424831553839614,0.3685753731941804,13.16177405593001
25.1184720993042,-17.31466185716192,-4.091971470555476,0.6506912905268838,0.4385753731941804,13.222690386606443
25.13818359375,-17.249669846376843,-4.00209847893349,0.5935359533422162,0.3685753731941804,13.247571367443353
25.158806562423706,-17.192336935826535,-3.9570954017031656,0.5935359533422162,0.3685753731941804,13.23524153412337
25.17880392074585,-17.141834889138536,-3.821825725365226,0.5291918973915746,0.4385753731941804,13.32000916377331
25.198269605636597,-17.097408402849933,-3.686175708662864,0.45919189739157457,0.3685753731941804,13.411232694187069
25.218188285827637,-17.058372737211627,-3.6408768178610487,0.45919189739157457,0.3685753731941804,13.417495919350579
25.238187551498413,-17.024480975676582,-3.550158676967408,0.38919189739157456,0.36428771633189166,13.474322298709174
25.258143663406372,-16.994684518229707,-3.413788011782122,0.3356167839758565,0.3620374326081946,13.580896506447585
25.27821445465088,-16.968517861307138,-3.3682548588399133,0.3356167839758565,0.3620374326081946,13.600263002467225
25.298891067504883,-16.94556201223848,-3.231433591058577,0.3424827608198394,0.38254686188418413,13.714128421179902
25.32085633277893,-16.925441326416806,-3.0942901196874057,0.36127437492017644,0.4247071456583216,13.8311512067294
25.33916974067688,-16.907820168025243,-3.0485063696074057,0.36127437492017644,0.4247071456583216,13.859313798417837
25.358717441558838,-16.892399536215603,-2.9568379980380683,0.416316846656846,0.45126072619576,13.935561538177534
25.378225803375244,-16.876597408123253,-2.9568379980380683,0.416316846656846,0.45126072619576,13.919759410085184
25.39894938468933,-16.858630415503594,-2.773111892979628,0.486316846656846,0.41370343346614386,14.085518522523966
25.42051124572754,-16.825735180037245,-2.773111892979628,0.486316846656846,0.41370343346614386,14.052623287057617
25.439069747924805,-16.757858200820515,-2.634992554454019,0.44957254265551466,0.34370343346614385,14.122865646366495
25.458569526672363,-16.69892567448297,-2.496610070563312,0.4108974318683614,0.3497085809381678,14.20231560391966
25.47828245162964,-16.602407665249242,-2.496610070563312,0.4108974318683614,0.3497085809381678,14.10579759468593
25.498111486434937,-16.482327237211827,-2.35797818278472,0.38507220705156225,0.4197085809381678,14.124349054427107
25.5181143283844,-16.3490455212317,-2.2191106703697763,0.3649645112187137,0.4897085809381678,14.129934850861925
25.538498163223267,-16.21010707452666,-2.1727715253098605,0.3649645112187137,0.4897085809381678,14.0373355492168
25.558576107025146,-16.070901281392516,-2.0800213482261434,0.42019028586451906,0.4197085809381678,13.990879933166372
25.578062772750854,-15.9351785485505,-1.9407240647994364,0.44693487134878535,0.3497085809381678,13.994454483751063
25.598944425582886,-15.805452039410927,-1.8942478214967355,0.44693487134878535,0.3497085809381678,13.911204217914191
25.618501663208008,-15.683309318244714,-1.754694852386427,0.44979958443087537,0.29968194809276605,13.928614465858287
25.638230323791504,-15.569653206191512,-1.754694852386427,0.44979958443087537,0.29968194809276605,13.814958353805086
25.65895700454712,-15.460254425292318,-1.6149663535597085,0.39320283962530095,0.32760749530512834,13.84528807173261
25.678525686264038,-15.365271610632124,-1.4750762699573094,0.39023206124198634,0.271260508862324,13.890195340674815
25.70170783996582,-15.27191304372456,-1.4750762699573094,0.39023206124198634,0.271260508862324,13.79683677376725
25.718955516815186,-15.182143102623472,-1.288328952105024,0.46023206124198635,0.3328284859331324,13.893814150518448
25.738287925720215,-15.097231628020449,-1.288328952105024,0.46023206124198635,0.3328284859331324,13.808902675915425
25.75838279724121,-15.017932582034307,-1.1948672478660392,0.41346531445276935,0.4028284859331324,13.823065334168268
25.778992414474487,-14.944621737034028,-1.0077885113850389,0.43045293251168926,0.4535298023791983,13.93683322564899
25.802297830581665,-14.877402278750571,-0.8673599198073347,0.484131564294221,0.3835298023791983,14.010042358943236
25.818736791610718,-14.816185340123042,-0.8673599198073347,0.484131564294221,0.3835298023791983,13.948825420315707
25.838141918182373,-14.760751000062704,-0.7736917397580534,0.4636419740517159,0.40952790488023305,13.987059260304651
25.85887312889099,-14.710794105915404,-0.7268444761968436,0.4636419740517159,0.40952790488023305,13.98394962971856
25.878605127334595,-14.66595834711584,-0.5862562439950594,0.4981142309505959,0.47952790488023306,14.07970210312078
25.898229360580444,-14.627030796614777,-0.4456092975874526,0.5076764225040098,0.49946810793597246,14.181421499027325
25.918410778045654,-14.592063377129552,-0.39871636843866654,0.5076764225040098,0.49946810793597246,14.193347008690886
25.938340187072754,-14.560768149753752,-0.304917720185248,0.4664341433916708,0.5694681079359725,14.255850429568504
25.958300828933716,-14.532848337526495,-0.16419560170727365,0.49432038692873914,0.5689531308482401,14.368652735819222
25.978740692138672,-14.510325194356698,-0.1172838779718699,0.49432038692873914,0.5689531308482401,14.393041316384828
25.998192071914673,-14.492144066919577,0.02345703666175325,0.5643203869287392,0.6371624660561792,14.51560110358133
26.01904058456421,-14.47977432838144,0.1172838779718699,0.4943203869287392,0.6201660879771225,14.59705820635331
26.038241624832153,-14.471767069959407,0.16419560170727365,0.4943203869287392,0.6201660879771225,14.63596267166668
26.05893111228943,-14.464684587191181,0.304917720185248,0.43836482046288455,0.5738587439875118,14.769602307376429
26.08198070526123,-14.453798397402165,0.4456092975874544,0.5083648204628846,0.531369703344535,14.89940769498962
26.09895634651184,-14.435924435381189,0.4924972676816317,0.5083648204628846,0.531369703344535,14.92842170306282
26.11849093437195,-14.420405805210656,0.5862562439950612,0.5667735539202114,0.5793333449284546,15.006662049205717
26.138103008270264,-14.395561602832016,0.5862562439950612,0.5667735539202114,0.5793333449284546,14.981817846827077
26.15855646133423,-14.357945762607695,0.7736917397580552,0.5388157941226384,0.6237992779235355,15.13163750236575
26.182541131973267,-14.30318496187704,0.9141797946940926,0.6088157941226384,0.5537992779235354,15.217364756571133
26.198710918426514,-14.237958822277136,0.9141797946940926,0.6088157941226384,0.5537992779235354,15.152138616971229
26.219035625457764,-14.167182691137345,1.05457631258162,0.573147130442085,0.5839107398013583,15.221759003718965
26.238950967788696,-14.094416941931954,1.05457631258162,0.573147130442085,0.5839107398013583,15.148993254513574
26.258627891540527,-14.017554280386213,1.1948672478660356,0.6204099033598325,0.6253354761819354,15.212421528252248
26.278108835220337,-13.937555342920849,1.3350385708791386,0.639044392165961,0.6641806613723746,15.272593913799987
26.2989284992218,-13.857486373092023,1.3817333423837574,0.639044392165961,0.6641806613723746,15.23921971547578
26.319288730621338,-13.781795317431692,1.4750762699572988,0.6848903738532683,0.7,15.256871587388991
26.338119983673096,-13.716078410422973,1.6149663535597085,0.7,0.6621156603097915,15.331044763982682
26.35798716545105,-13.654082808488035,1.6615611628598437,0.7,0.6621156603097915,15.315643971347878
26.378814935684204,-13.596305839715118,1.801232699955019,0.6887582212686538,0.6839885383844375,15.397538539670137
26.3993182182312,-13.542981756830308,1.8942478214967302,0.6496664740145206,0.6636514596641063,15.437229578327038
26.4187114238739,-13.49415591185715,1.9407240647994293,0.6496664740145206,0.6636514596641063,15.43487997665658
26.43800449371338,-13.449741254841172,2.0800213482261505,0.6653341248631477,0.6551498088985681,15.529762603067322
26.462170362472534,-13.409561066198046,2.2191106703697763,0.5953341248631476,0.7,15.628671736567822
26.478045225143433,-13.375697349083863,2.2654251696282444,0.5953341248631476,0.7,15.641122518712107
26.498735904693604,-13.347113404115337,2.2654251696282444,0.5953341248631476,0.7,15.612538573743581
26.518059015274048,-13.322950012360307,2.35797818278472,0.6299911859631537,0.677152194827795,15.680928195145027
26.53873300552368,-13.302493873957435,2.5427659561256846,0.5770650441944598,0.7,15.84525983008312
26.56149697303772,-13.284733332326043,2.5427659561256846,0.5770650441944598,0.7,15.827499288451728
26.578678607940674,-13.269731684825134,2.681062249799094,0.5271243537962436,0.7,15.950793934624228
26.599000215530396,-13.257041678007894,2.819090826375387,0.5206065588816999,0.7,16.07613250438328
26.61866545677185,-13.246291735340549,2.819090826375387,0.5206065588816999,0.7,16.065382561715936
26.63798761367798,-13.2371726368518,2.9568379980380612,0.5094739441946148,0.7,16.194010634889864
26.658031225204468,-13.229426623677517,3.094290119687404,0.5794739441946148,0.7,16.32371674336492
26.678447008132935,-13.22283847403873,3.1400395749056074,0.5794739441946148,0.7,16.36287804894434
26.6980402469635,-13.21722818373027,3.2314335910585825,0.5307160446420311,0.7,16.448661774788853
26.717938661575317,-13.21244495397606,3.368254858839908,0.48505282942205663,0.7,16.58069981281597
26.738613843917847,-13.20836224580509,3.4137880117821204,0.48505282942205663,0.7,16.622150257587208
26.75856900215149,-13.20487370555319,3.5501586769674027,0.43541691619902845,0.6893570514395833,16.755032382520593
26.778419494628906,-13.20184486583983,3.6408768178610558,0.5054169161990285,0.7,16.842721683700887
26.798009157180786,-13.199260086845642,3.686175708662855,0.5054169161990285,0.7,16.8854357955085
26.818251848220825,-13.1901028210578,3.821825725365226,0.5754169161990286,0.7,17.01192854642303
26.84310746192932,-13.160407336777563,3.9570954017031603,0.6252171370759607,0.7,17.117502738480724
26.85802960395813,-13.087116504208,4.002098478933483,0.6252171370759607,0.7,17.08921498314148
26.880323886871338,-12.964629635445286,4.136840407414432,0.6199384752288462,0.7,17.101470042859717
26.898096323013306,-12.808883943285473,4.136840407414432,0.6199384752288462,0.7,16.945724350699905
26.918599605560303,-12.634141984606563,4.271171133187181,0.5499384752288461,0.7,16.905313117793746
26.938520908355713,-12.45081089681194,4.271171133187181,0.5499384752288461,0.7,16.721982029999122
26.95841145515442,-12.266345639407282,4.405077533284807,0.4799384752288461,0.6299999999999999,16.671423172692087
26.978039741516113,-12.088270520337906,4.538546550051219,0.5499384752288461,0.6519383314251899,16.626817070389123
26.998937368392944,-11.933661155488181,4.582936778803312,0.5499384752288461,0.6519383314251899,16.516597934291493
27.018609046936035,-11.78509121918593,4.671565193259159,0.4799384752288461,0.6060807305574416,16.45665641244509
27.037996292114258,-11.644631696617564,4.804120542228528,0.5341902280226349,0.6760807305574417,16.44875223884609
27.058014392852783,-11.513507304461683,4.848200481353931,0.5341902280226349,0.6760807305574417,16.361707785815614
27.078672170639038,-11.392322680579143,4.980118130007188,0.49244194272905584,0.6060807305574416,16.372440810586333
27.09854483604431,-11.281235833055474,5.067790035175822,0.42244194272905583,0.6284723348170518,16.349025868231294
27.11800980567932,-11.180090385390741,5.111542618527729,0.42244194272905583,0.6284723348170518,16.29163300391847
27.138266801834106,-11.088515716992086,5.242461273357158,0.37592077825218434,0.6984723348170518,16.330976990349242
27.16310143470764,-11.006002165179883,5.372861499662978,0.3918082026019692,0.6981380752869881,16.37886366484286
27.178099632263184,-10.929640575384408,5.416210870145257,0.3918082026019692,0.6981380752869881,16.345851445529664
27.20053195953369,-10.859564519567126,5.416210870145257,0.3918082026019692,0.6981380752869881,16.275775389712383
27.218230485916138,-10.798722698779896,5.545900406493594,0.4298056719079613,0.6702551323571242,16.34462310527349
27.238041162490845,-10.738244001276355,5.675042444430666,0.48406437236815686,0.7,16.413286445707023
27.258195400238037,-10.649498906650777,5.675042444430666,0.48406437236815686,0.7,16.324541351081443
27.278390169143677,-10.506397824093657,5.80362466684171,0.41406437236815685,0.7,16.310022490935367
27.2979633808136,-10.308466417409354,5.931634844516708,0.40851437434554094,0.7,16.240101261926064
27.31835150718689,-10.077667402085995,5.9741756819242156,0.40851437434554094,0.7,16.05184308401021
27.33830738067627,-9.830121872714559,6.101404265969084,0.4136988892592489,0.7,15.931526138683642
27.358012437820435,-9.577468578625579,6.185890601051117,0.37483055511489505,0.7,15.763359179676696
27.378727436065674,-9.327926181871641,6.228032624204673,0.37483055511489505,0.7,15.555958806076314
27.397953271865845,-9.08712121686516,6.354048835734638,0.30483055511489504,0.6986340140458196,15.441170052599798
27.423081874847412,-8.858731490184002,6.354048835734638,0.30483055511489504,0.6986340140458196,15.21278032591864
27.438884019851685,-8.660437698412794,6.521097800927308,0.37483055511489505,0.6286340140458195,15.181535499340102
27.46297335624695,-8.468187903131945,6.521097800927308,0.37483055511489505,0.6286340140458195,14.989285704059252
27.478551387786865,-8.268988435842319,6.645639860415052,0.44306812057271594,0.5597151376958935,14.914628296257371
27.4979465007782,-8.044731914286684,6.7695307499335335,0.43702181236818427,0.5296574243064969,14.814262664220218
27.518141508102417,-7.781185333120621,6.810681020583061,0.43702181236818427,0.5296574243064969,14.591866353703683
27.538060426712036,-7.488028995463412,6.892758984579771,0.46100745903328055,0.5996574243064969,14.380787980043184
27.557960271835327,-7.184348752776781,7.015313185713154,0.39100745903328055,0.5998337185184937,14.199661938489935
27.578139543533325,-6.879045924110579,7.056012849756911,0.39100745903328055,0.5998337185184937,13.935058773867489
27.59838843345642,-6.5806623025985,7.177650827061573,0.40707696998491877,0.6698337185184937,13.758313129660074
27.61950159072876,-6.294948495575923,7.25835451689947,0.3904087434150278,0.7,13.553303012475393
27.6380295753479,-6.025564850714889,7.298588645832677,0.3904087434150278,0.7,13.324153496547567
27.65796971321106,-5.791679092555479,7.4188152969354455,0.39471004741266363,0.7,13.210494389490925
27.678145170211792,-5.573874155631356,7.4188152969354455,0.39471004741266363,0.7,12.9926894525668
27.698014736175537,-5.372978868327199,7.577992425873671,0.4516642077453434,0.7,12.950971294200869
27.72164011001587,-5.18912326659546,7.696517524879887,0.42649877095594996,0.7,12.885640791475346
27.73823118209839,-5.021948591760329,7.696517524879887,0.42649877095594996,0.7,12.718466116640215
27.758082628250122,-4.8707660330121625,7.775119897211297,0.49649877095594996,0.7,12.64588593022346
27.778218507766724,-4.734675685325647,7.8142956047415915,0.49649877095594996,0.7,12.54897129006724
27.798407316207886,-4.61265473866677,7.9313161718669,0.479924693647772,0.7,12.54397091053367
27.81813955307007,-4.503621971638128,8.047568857283842,0.4109676554240286,0.7,12.551190828921971
27.838725328445435,-4.408800435011926,8.086147338088999,0.4109676554240286,0.7,12.494947773100925
27.8586528301239,-4.3286651004458605,8.201360271074897,0.4809676554240286,0.6629300124943256,12.530025371520757
27.878405570983887,-4.259089557023353,8.201360271074897,0.4809676554240286,0.6629300124943256,12.46044982809825
27.898218631744385,-4.200435209429232,8.315781624616157,0.47051410527899856,0.7,12.51621683404539
27.918861627578735,-4.153228687858186,8.429401460438672,0.5176747940666973,0.7,12.582630148296857
27.94309139251709,-4.115217725011897,8.429401460438672,0.5176747940666973,0.7,12.54461918545057
27.95872712135315,-4.084595592139921,8.579630843057487,0.46560619177296747,0.6299999999999999,12.664226435197408
27.98123526573181,-4.059912638990002,8.691342577577533,0.42496139707043756,0.7,12.751255216567536
27.9988694190979,-4.042321788507448,8.691342577577533,0.42496139707043756,0.7,12.73366436608498
28.017985582351685,-4.030120578705095,8.765354498543033,0.4108946198783814,0.7,12.795475077248128
28.038188695907593,-4.0219844694048845,8.802220645021311,0.4108946198783814,0.7,12.824205114426196
28.058183431625366,-4.016886325635205,8.912255702207226,0.4569635899923741,0.7,12.929142027842431
28.077955722808838,-4.014032654292176,9.02143854893134,0.3937458606623112,0.7,13.035471203223516
28.09882950782776,-4.011555023974468,9.057641881769285,0.3937458606623112,0.7,13.069196905743754
28.118648529052734,-4.008345667783251,9.129760130085508,0.3573078649304806,0.7,13.138105797868759
28.138651847839355,-4.004712651365298,9.237211537775455,0.2886052789352833,0.7,13.241924189140754
28.158653497695923,-3.9985647685245755,9.272833783623202,0.2886052789352833,0.7,13.271398552147778
28.178651809692383,-3.990832135494283,9.37911136171309,0.3586052789352833,0.6643703438341617,13.369943497207373
28.19826364517212,-3.9798862106416713,9.37911136171309,0.3586052789352833,0.6643703438341617,13.358997572354761
28.218130350112915,-3.9669968748761275,9.519428316042731,0.39373260578140606,0.6329348318278789,13.486425190918858
28.242226600646973,-3.9507810329233384,9.62361531181434,0.34152551209554066,0.7,13.574396344737679
28.258415937423706,-3.921100291260418,9.62361531181434,0.34152551209554066,0.7,13.544715603074758
28.277949571609497,-3.868951238122888,9.726892572681919,0.27379247760400166,0.665215116739273,13.595843810804807
28.298842430114746,-3.8002541703238055,9.761114769829398,0.27379247760400166,0.665215116739273,13.561368940153203
28.31796407699585,-3.7406096221412106,9.829252064973645,0.34379247760400167,0.7,13.569861687114855
28.33795738220215,-3.6700887598622316,9.930685916352864,0.3448488319804891,0.7,13.600774676215096
28.35857844352722,-3.5938719925491296,9.964290165016589,0.3448488319804891,0.7,13.558162157565718
28.37872290611267,-3.51339129781776,10.064477865472629,0.2923782336106523,0.7,13.577869163290389
28.402024507522583,-3.420488282306562,10.163722195543766,0.3567010181536897,0.7,13.584210477850327
28.418338537216187,-3.3005582822951385,10.196592731089513,0.3567010181536897,0.7,13.497151013384652
28.438854455947876,-3.162700262228376,10.262015835975241,0.3710913507780059,0.6299999999999999,13.424716098203618
28.45807123184204,-3.016023023845187,10.262015835975241,0.3710913507780059,0.6299999999999999,13.278038859820427
28.47891092300415,-2.86476944400595,10.391582841642624,0.3472347947349771,0.613329951763153,13.256352285648575
28.5031955242157,-2.716639847084628,10.391582841642624,0.3472347947349771,0.613329951763153,13.108222688727253
28.51859140396118,-2.5745840473352346,10.487630704271659,0.3120225200941785,0.5433299517631529,13.062214751606893
28.53811478614807,-2.451247575136012,10.582704723133695,0.262903803824447,0.5452627450600265,13.033952298269707
28.558791875839233,-2.333406979623699,10.614178513170163,0.262903803824447,0.5452627450600265,12.947585492793863
28.578436374664307,-2.220173040767054,10.676798333165959,0.20058658519294104,0.5388803313858805,12.896971373933013
28.598078727722168,-2.115439411960463,10.769905148998472,0.27058658519294104,0.574587026555091,12.885344560958934
28.618781328201294,-2.017053827696694,10.800720389177926,0.27058658519294104,0.574587026555091,12.81777421687462
28.63833522796631,-1.923354064445593,10.892501861159221,0.2601585449045523,0.5599480838887392,12.815855925604815
28.65806531906128,-1.8330620799662345,10.953133767757237,0.1901585449045523,0.5186585084907709,12.786195847723471
28.67850923538208,-1.7452003594883083,10.983282350447837,0.1901585449045523,0.5186585084907709,12.728482709936145
28.698126077651978,-1.6590258910376778,11.073056085947758,0.2601585449045523,0.588658508490771,12.732081976985436
28.72036051750183,-1.5693454295253546,11.161817485434483,0.24555328445043406,0.5186585084907709,12.731162914959837
28.738565921783447,-1.4656952043926417,11.191178717677484,0.24555328445043406,0.5186585084907709,12.656873922070126
28.75799059867859,-1.3757034326165047,11.249561157673376,0.17555328445043406,0.5157926063425837,12.62526459028988
28.78321647644043,-1.2584096070507274,11.249561157673376,0.17555328445043406,0.5157926063425837,12.507970764724103
28.798475980758667,-1.1067127909991343,11.364960633045978,0.2396599201997741,0.5423902663774787,12.471673424045113
28.820102214813232,-0.9258528923294339,11.450309731169085,0.2233653868129476,0.4975332114286719,12.37616262349852
28.838475942611694,-0.727187082671693,11.450309731169085,0.2233653868129476,0.4975332114286719,12.177496813840778
28.85896921157837,-0.5190731040155262,11.534624537829256,0.1533653868129476,0.46073062526062114,12.053697641844781
28.882997512817383,-0.2982996934973987,11.617900513890962,0.1091931110015138,0.39073062526062113,11.91620020738836
28.898255109786987,-0.07223540111124564,11.617900513890962,0.1091931110015138,0.39073062526062113,11.690135915002209
28.918253183364868,0.15386228192721796,11.700133322505547,0.08883624353911718,0.40564274346455914,11.546271040578329
28.938740015029907,0.3740243770438544,11.727311723543725,0.08883624353911718,0.40564274346455914,11.35328734649987
28.95829176902771,0.5912104246055405,11.781318831229271,0.06309480795171102,0.3948954364843665,11.19010840662373
28.978212594985962,0.7797768961217117,11.861453114141433,0.06250630131689822,0.3248954364843665,11.081676218019721
28.99899387359619,0.9712727217361252,11.88793028749933,0.06250630131689822,0.3248954364843665,10.916657565763204
29.018811225891113,1.1667054114783775,11.966657189928306,0.07911867833463465,0.31195945532992464,10.799951778449929
29.038195371627808,1.3713037026254737,12.01855334417375,0.009118678334634645,0.38195945532992465,10.647249641548276
29.058449029922485,1.588457815286084,12.044324521108393,0.009118678334634645,0.38195945532992465,10.45586670582231
29.07815432548523,1.8201916226420023,12.120929058827446,0.0,0.33442393528297526,10.300737436185443
29.101457595825195,2.0628939249149,12.196467796575305,0.0,0.31777331257238967,10.133573871660406
29.118430376052856,2.316083727994034,12.22141004307542,0.0,0.31777331257238967,9.905326315081386
29.13836932182312,2.5837832419843387,12.22141004307542,0.0,0.31777331257238967,9.63762680109108
29.158748388290405,2.884618249989399,12.270937945661945,0.0,0.24777331257238966,9.386319695672546
29.17833638191223,3.251499706685749,12.368564820873868,0.0,0.2265237873233853,9.117065114188119
29.202534675598145,3.5700355543179243,12.440531990934108,0.0,0.25631249750033,8.870496436616184
29.21813654899597,3.986739921509418,12.440531990934108,0.0,0.25631249750033,8.45379206942469
29.238192558288574,4.502342286924289,12.487912285838078,0.07,0.2980688964761792,7.985569998913789
29.25894856452942,5.086946708917137,12.51142287704154,0.07,0.2980688964761792,7.424476168124403
29.27811360359192,5.704071421259919,12.581235658870185,0.0675663204677403,0.3169237473793326,6.877164237610265
29.298126935958862,6.327519834465173,12.64996874521129,0.03108392300084234,0.27333944903686624,6.322448910746116
29.31823492050171,6.93892964980955,12.672639599902126,0.03108392300084234,0.27333944903686624,5.733709950092576
29.3386652469635,7.525864050009973,12.739931017017028,0.01529090495780111,0.31018014119938,5.214066967007055
29.359607219696045,8.080329712198479,12.78419062488997,0.045794790778309113,0.26901538165286165,4.703860912691491
29.37927746772766,8.597630340921263,12.806139928733163,0.045794790778309113,0.26901538165286165,4.2085095878119
29.398221015930176,9.075483461794718,12.871265522863524,0.03911202603951097,0.19901538165286164,3.795782061068806
29.418460845947266,9.490367741506587,12.871265522863524,0.03911202603951097,0.19901538165286164,3.3808977813569374
29.43903112411499,9.873556471814384,12.956413530357963,0.009221652690321214,0.14379091085866075,3.0828570585435795
29.46221923828125,10.224631195671106,13.019009567491597,0.044711316172033555,0.08324538068845849,2.794378371820491
29.479048252105713,10.544147622231359,13.019009567491597,0.044711316172033555,0.08324538068845849,2.4748619452602387
29.498238801956177,10.83332345176833,13.060137865017275,0.06745248863473535,0.09185619922354799,2.2268144132489454
29.51812219619751,11.093804098266336,13.080521312673842,0.06745248863473535,0.09185619922354799,1.9867172144075056
29.538952589035034,11.327488692570205,13.140949001631338,0.08586072938516737,0.08718000808730703,1.8134603090611332
29.55810809135437,11.536402540897907,13.200293117565511,0.01586072938516736,0.15718000808730703,1.6638905766676046
29.578146934509277,11.720288863597354,13.21983381496359,0.01586072938516736,0.15718000808730703,1.4995449513662358
29.59896183013916,11.874996208159306,13.25855439327059,0.011120631359517574,0.16185690097510796,1.3835581851112835
29.618163585662842,11.982195629215326,13.31573381325213,0.0,0.1396475360542534,1.3335381840368044
29.6390860080719,12.075268903507352,13.334553414210149,0.0,0.1396475360542534,1.2592845107027966
29.65817880630493,12.09963511897188,13.390292330368823,0.0,0.18898599229753,1.2906572113969421
29.67891836166382,12.036258669867067,13.408632201899778,0.0,0.18898599229753,1.3723735320327108
29.698375463485718,11.876546593754066,13.462933423490817,0.046867575496435165,0.22552455224096757,1.5863868297367514
29.719305515289307,11.630967390850154,13.462933423490817,0.046867575496435165,0.22552455224096757,1.831966032640663
29.738807678222656,11.325269732077986,13.516158586970839,0.044733728282153606,0.19640949562191945,2.1908888548928527
29.759037494659424,10.985871599999166,13.568309879504227,0.04496753102284856,0.15713771998882275,2.5824382795050607
29.782075881958008,10.632010580561763,13.568309879504227,0.04496753102284856,0.15713771998882275,2.9362992989424637
29.79820489883423,10.27742989224874,13.636178744632833,0.02308905011159368,0.20691791743040067,3.3587488523840925
29.819129943847656,9.93169427239121,13.66940092107793,0.0,0.2619625423848627,3.7377066486867196
29.838757276535034,9.603530437554074,13.66940092107793,0.0,0.2619625423848627,4.065870483523856
29.858165979385376,9.318610217727894,13.734425249976905,0.0,0.28086520180106145,4.415815032249011
29.880457401275635,9.051161682498487,13.781954852026,0.0,0.3122061212360857,4.730793169527514
29.898956298828125,8.812162607449444,13.781954852026,0.0,0.3122061212360857,4.969792244576556
29.91887617111206,8.615437202362806,13.828426753518027,0.0,0.33209649294614774,5.212989551155221
29.939255475997925,8.478738766999877,13.828426753518027,0.0,0.33209649294614774,5.34968798651815
29.9583420753479,8.419765435696302,13.888750745601008,0.027550313621759415,0.3536423519998787,5.468985309904706
29.978950262069702,8.455710593512801,13.903540176302016,0.027550313621759415,0.3536423519998787,5.447829582789215
29.999056100845337,8.600647558623452,13.932770298362335,0.06628468260169029,0.34231472302228194,5.3321227397388835
30.01823878288269,8.85684621867635,13.975746209045916,0.06686792819527909,0.38462490502744895,5.118899990369565
30.038290977478027,9.209052814544322,13.98984041795228,0.06686792819527909,0.38462490502744895,4.780787603407958
30.058385133743286,9.632560364361357,14.031432360681329,0.12084798066643998,0.32636560413986426,4.398871996319972
30.079248905181885,10.000260431773722,14.0585866888892,0.11506729776738212,0.3298031756002454,4.058326257115478
30.09856390953064,10.418309947116418,14.071992362408263,0.11506729776738212,0.3298031756002454,3.6536824152918452
30.1190128326416,10.860313552837326,14.11152591466784,0.18506729776738212,0.35904664483852666,3.2512123618305147
30.142518758773804,11.309622590847843,14.150038798127056,0.11506729776738212,0.3753371903020887,2.8404162072792136
30.158554553985596,11.752164347161608,14.16265065169452,0.11506729776738212,0.3753371903020887,2.4104863045329115
30.18038511276245,12.178342541107638,14.187537084703688,0.04726325924275443,0.35428679858334344,2.0091945435960508
30.198236227035522,12.581923043927048,14.187537084703688,0.04726325924275443,0.35428679858334344,1.60561404077664
30.218876838684082,12.956854963481822,14.235967582570638,0.11726325924275444,0.3364288539905099,1.2791126190888154
30.23832130432129,13.299690498907538,14.235967582570638,0.11726325924275444,0.3364288539905099,0.9362770836631
30.25862765312195,13.604248075839973,14.271123741336265,0.1717028635251336,0.32908361109904927,0.666875665496292
30.278258562088013,13.864926557175442,14.305287673617705,0.20032655435381458,0.25908361109904926,0.44036111644226317
30.298313856124878,14.091254270108577,14.316456419411729,0.20032655435381458,0.25908361109904926,0.2252021493031524
30.31838321685791,14.280128126584552,14.338466737895459,0.1825730203348212,0.28164628627710026,0.058338611310906785
30.33829116821289,14.433376820936445,14.37066859519749,0.13077179330168293,0.243690815893933,-0.06270822573895529
30.358314752578735,14.550893077729976,14.381186758495275,0.13077179330168293,0.243690815893933,-0.1697063192347006
30.378596544265747,14.61501332547071,14.412098117205385,0.12276124289957807,0.23792864256538432,-0.20291520826532405
30.401334285736084,14.59866160272012,14.442051333143958,0.10966000134823845,0.3079286425653843,-0.15661026957616286
30.41839361190796,14.482835958824369,14.451824309961168,0.10966000134823845,0.3079286425653843,-0.031011648863200847
30.4394633769989,14.270857723951416,14.471055091128939,0.12522181576816366,0.3155983321648089,0.20019736717752323
30.459004163742065,13.979149660761287,14.471055091128939,0.12522181576816366,0.3155983321648089,0.4919054303676518
30.478452682495117,13.63280171029695,14.508265428593639,0.0698185012373142,0.26191346424631756,0.8754637182966878
30.50412678718567,13.257629927147004,14.535089314000295,0.05828568513272331,0.25756250166334194,1.277459386853291
30.518904447555542,12.931896206425732,14.535089314000295,0.05828568513272331,0.25756250166334194,1.6031931075745636
30.53839921951294,12.589514953819736,14.560994954101982,0.026473739992361522,0.31239142858423274,1.9714800002822468
30.558302402496338,12.244594072979545,14.569427840930924,0.026473739992361522,0.31239142858423274,2.324833767951379
30.57830262184143,11.909315917334633,14.585992399828875,0.0,0.34333221272565406,2.6766764824942424
30.598368167877197,11.589571630024958,14.610092023016435,0.020679060369729996,0.367528120363131,3.020520392991477
30.61919403076172,11.28904369030662,14.617927553773917,0.020679060369729996,0.367528120363131,3.328883863467297
30.63907527923584,11.012099779471244,14.64084677282571,0.0,0.42814802222885173,3.6287469933544667
30.659159421920776,10.77505013737585,14.65564090635013,0.0,0.41707686272449773,3.8805907689742796
30.678550243377686,10.609019260894925,14.662893630150343,0.0,0.41707686272449773,4.053874369255418
30.69869875907898,10.540702968524439,14.684079582565573,0.06116974726319313,0.3470768627244977,4.143376614041134
30.72339677810669,10.583752047653292,14.684079582565573,0.06116974726319313,0.3470768627244977,4.100327534912282
30.738585472106934,10.621128357248146,14.71100875393379,0.06879291264340281,0.32684666444547456,4.089880396685643
30.76111936569214,10.765582371285081,14.71100875393379,0.06879291264340281,0.32684666444547456,3.9454263826487086
30.778318643569946,11.010715917679445,14.730232340658247,0.05534191383048892,0.3768445045221595,3.7195164229788027
30.798310041427612,11.34248250871435,14.74259154249679,0.041393965017050505,0.3670424657408146,3.4001090337824404
30.818285942077637,11.734944435789727,14.748635607702873,0.041393965017050505,0.3670424657408146,3.0136911719131465
30.83868718147278,12.15922086277385,14.766231457547182,0.0,0.3064832712057976,2.6070105947733317
30.858187675476074,12.59441325846781,14.783033131933188,0.0,0.2364832712057976,2.1886198734653775
30.878348112106323,13.025718222994612,14.788459544452422,0.0,0.2364832712057976,1.7627413214578098
30.898430109024048,13.442956057412097,14.804223506839431,0.0023910473100841045,0.22236967456527035,1.3612674494273342
30.918752670288086,13.839426879822456,14.814308630322692,0.03469235775992274,0.19313932579942028,0.9748817505002361
30.938642740249634,14.211024395804971,14.819225522420645,0.03469235775992274,0.19313932579942028,0.6082011266156737
30.958747148513794,14.533654846516106,14.83347997911208,0.017715597059577703,0.19686049988493304,0.2998251325959753
30.978225469589233,14.835667981438128,14.83347997911208,0.017715597059577703,0.19686049988493304,-0.0021880023260472115
30.999428510665894,15.115401208313365,14.85134857268294,0.06708683958277106,0.145602937992662,-0.26405263563042425
31.024250030517578,15.369970559630273,14.863916639567698,0.047115502413362265,0.14395967821590583,-0.5060539200625751
31.038354873657227,15.593403383107638,14.863916639567698,0.047115502413362265,0.14395967821590583,-0.7294867435399404
31.058100700378418,15.773106398932342,14.875787635704558,0.028126082848757505,0.21395967821590584,-0.8973187632277835
31.079035997390747,15.892219663558121,14.879592469941912,0.028126082848757505,0.21395967821590584,-1.0126271936162095
31.098907709121704,15.940629426687279,14.886977474221645,0.04361261846497655,0.23079507160000484,-1.0536519524656338
31.118087768554688,15.910857910526078,14.897502425867035,0.04627122497186065,0.2198183100204913,-1.0133554846590425
31.138976335525513,15.799771656306232,14.900865854445648,0.04627122497186065,0.2198183100204913,-0.8989058018605842
31.158318042755127,15.618919006608081,14.910530222390761,0.09955628355965018,0.17491759094409626,-0.7083887842173198
31.179210662841797,15.461898118752734,14.910530222390761,0.09955628355965018,0.17491759094409626,-0.5513678963619721
31.19813632965088,15.25572844480474,14.92244602689496,0.029556283559650176,0.22683371710591,-0.3332824179097802
31.223246812820435,15.02085456597868,14.92244602689496,0.029556283559650176,0.22683371710591,-0.09840853908372083
31.238214015960693,14.772233384452868,14.930678101676271,0.02106863243505358,0.28673667195253055,0.15844471722340359
31.25825810432434,14.520615980400652,14.9383260105194,0.07923882810398936,0.31276429551653545,0.41771003011874797
31.278191328048706,14.27354880878408,14.94074865753128,0.07923882810398936,0.31276429551653545,0.6671998487472006
31.29870104789734,14.036153568605293,14.94764626729608,0.06757518166676163,0.28850922654382866,0.9114926986907861
31.321305751800537,13.811732789008294,14.95400307672665,0.05472916254773735,0.323647207720205,1.1422702877183557
31.339040756225586,13.604554749643366,14.956005144416284,0.05472916254773735,0.323647207720205,1.3514503947729182
31.359890937805176,13.431027771921924,14.959838293789343,0.09302091861143708,0.393647207720205,1.5288105218674186
31.378655195236206,13.308610928800983,14.959838293789343,0.09302091861143708,0.393647207720205,1.65122736498836
31.39826273918152,13.202325500152954,14.965171503134506,0.03224132100120186,0.37629465649835747,1.7628460029815525
31.41822099685669,13.153487877595044,14.966841121832921,0.03224132100120186,0.37629465649835747,1.8133532442378772
31.43828320503235,13.159737575463623,14.971536107591568,0.0,0.30629465649835746,1.8117985321279448
31.458252429962158,13.206401485725301,14.975776259931237,0.0,0.3471329167019574,1.7693747742059358
31.478945016860962,13.28453919057686,14.97709216352149,0.0,0.3471329167019574,1.6925529729446307
31.49885129928589,13.389427710392726,14.980758379919507,0.019265105947852135,0.3554343135561792,1.5913306695267817
31.5214524269104,13.521714237259445,14.984019026474105,0.0276828370988369,0.305421367427334,1.4623047892146595
31.53819513320923,13.678809878482378,14.985019531639647,0.0276828370988369,0.305421367427334,1.3062096531572696
31.560562133789062,13.855946250216249,14.986895862389005,0.004416702315211296,0.3152725902851669,1.1309496121727562
31.57882308959961,14.04696680697579,14.986895862389005,0.004416702315211296,0.3152725902851669,0.9399290554132147
31.598918676376343,14.249545764644395,14.99017294535573,0.019748219288885593,0.2975562532898037,0.7406271807113356
31.618157386779785,14.42542998777868,14.99017294535573,0.019748219288885593,0.2975562532898037,0.5647429575770513
31.639118671417236,14.612153883652486,14.992860712670364,0.009901070967316628,0.33389913118444364,0.38070682901787833
31.65912437438965,14.801485715586502,14.992860712670364,0.009901070967316628,0.33389913118444364,0.1913749970838623
31.678561687469482,14.987639148541975,14.994522743411025,0.0,0.2925558818038551,0.0068835948690502136
31.698314905166626,15.166678873836071,14.99590770800883,0.029243145138025284,0.2225558818038551,-0.17077116582724194
31.718645811080933,15.336058984101115,14.996311929492421,0.029243145138025284,0.2225558818038551,-0.3397470546086936
31.739137411117554,15.494265720043565,14.997039608238268,0.0391029417514801,0.23165068260394017,-0.49722611180529697
31.758179903030396,15.64054212718319,14.997942848682175,0.03540560672990978,0.21952713231556098,-0.6425992785010148
31.778263568878174,15.77467686230352,14.998197391902597,0.03540560672990978,0.21952713231556098,-0.7764794704009237
31.79911184310913,15.894526774935402,14.99883441549498,0.0462906479369849,0.23075785531662385,-0.8956923594404227
31.81818127632141,16.001296097778372,14.999162995295627,0.05414823512546718,0.2421365151833741,-1.0021331024827447
31.838531255722046,16.0939959498209,14.999301301703873,0.05414823512546718,0.2421365151833741,-1.0946946481170272
31.858179330825806,16.176650383129754,14.999623813104847,0.04392413585446775,0.23573814655654113,-1.177026570024907
31.881149768829346,16.250149116417127,14.999828124260468,0.0,0.2659756890218703,-1.2503209921566594
31.898357391357422,16.30840238413311,14.999874544860443,0.0,0.2659756890218703,-1.3085278392726671
31.919180154800415,16.34526579887535,14.999940823838855,0.02145328000187874,0.3136982149165122,-1.345324975036494
31.938175916671753,16.35703531673334,14.999940823838855,0.02145328000187874,0.3136982149165122,-1.3570944928944861
31.958860635757446,16.34411587638412,14.999995318380854,0.043089909479022026,0.29433841208927314,-1.3441205580032651
31.983176708221436,16.314388459429086,15.0,0.07978703640401363,0.2596754240524022,-1.314388459429086
31.99845838546753,16.273770013855835,15.0,0.07978703640401363,0.2596754240524022,-1.2737700138558345
32.01815438270569,16.22665736781426,15.0,0.04882281273603439,0.2870495705585925,-1.2266573678142585
32.03844141960144,16.176275626032616,15.0,0.04882281273603439,0.2870495705585925,-1.1762756260326164
32.05922818183899,16.132532911510843,15.0,0.0,0.3570495705585925,-1.1325329115108431
32.078248023986816,16.086972498242204,15.0,0.013527356088161469,0.3284287090878932,-1.0869724982422042
32.09826683998108,16.041350286856744,15.0,0.013527356088161469,0.3284287090878932,-1.0413502868567441
32.11806058883667,15.996887520243087,15.0,0.02413804642856121,0.33556385491974633,-0.9968875202430869
32.138232946395874,15.954401892762029,15.0,0.0,0.32539840475656073,-0.9544018927620286
32.15818452835083,15.916725599702552,15.0,0.0,0.32539840475656073,-0.9167255997025521
32.17920756340027,15.892648123226829,15.0,0.0,0.33529942077584546,-0.8926481232268291
32.19872450828552,15.890232418308189,15.0,0.02093775011599064,0.36996864867396634,-0.8902324183081891
32.2181441783905,15.909875265782217,15.0,0.02093775011599064,0.36996864867396634,-0.9098752657822171
32.23877549171448,15.944321866793095,15.0,0.06383510120213032,0.31447463450022023,-0.9443218667930946
32.261523962020874,15.988143028716799,15.0,0.05650998651981354,0.30281914644874613,-0.9881430287167987
32.27871251106262,16.02618968030635,15.0,0.05650998651981354,0.30281914644874613,-1.0261896803063486
32.29924011230469,16.070353749363598,15.0,0.04618621338158846,0.29953972357325237,-1.0703537493635977
32.318198680877686,16.119919265581537,15.0,0.04618621338158846,0.29953972357325237,-1.1199192655815366
32.33854794502258,16.171930227349833,15.0,0.0,0.2798169657122342,-1.1719302273498329
32.36254572868347,16.224269004356113,15.0,0.061129577457904816,0.2910102793481199,-1.2242690043561133
32.37848782539368,16.2754560925023,15.0,0.061129577457904816,0.2910102793481199,-1.2754560925022993
32.398850440979004,16.324494209840765,15.0,0.015688885003328323,0.28494315701536815,-1.3244942098407648
32.4181706905365,16.368430951665673,15.0,0.015688885003328323,0.28494315701536815,-1.3684309516656725
32.43895125389099,16.407666429755594,15.0,0.020561477169394493,0.3052698682527987,-1.4076664297555936
32.458313941955566,16.444918803310145,15.0,0.006449704058468342,0.25106670069508236,-1.444918803310145
32.478578329086304,16.47749562084236,15.0,0.006449704058468342,0.25106670069508236,-1.4774956208423617
32.49893522262573,16.505779645549477,15.0,0.0,0.2319936241488902,-1.5057796455494774
32.51832962036133,16.532839590580906,15.0,0.0,0.2104934427421538,-1.532839590580906
32.538448333740234,16.55601980377045,15.0,0.0,0.2104934427421538,-1.5560198037704502
32.5589394569397,16.57589431911261,15.0,0.0,0.26945866006426494,-1.57589431911261
32.57830357551575,16.592948970698778,15.0,0.0,0.21198994028381984,-1.592948970698778
32.59829545021057,16.607595526588337,15.0,0.0,0.21198994028381984,-1.6075955265883373
32.618698835372925,16.620183457921186,15.0,0.0,0.24033385436050575,-1.6201834579211862
32.63825488090515,16.628693407257526,15.0,0.0,0.2744448884855954,-1.6286934072575256
32.65865087509155,16.631830243230908,15.0,0.0,0.2744448884855954,-1.6318302432309082
32.679123640060425,16.631152348862425,15.0,0.0,0.31888153324834984,-1.6311523488624253
32.69957661628723,16.627842683306003,15.0,0.010810507461428642,0.269567675096914,-1.6278426833060031
32.718924045562744,16.624969147170145,15.0,0.010810507461428642,0.269567675096914,-1.6249691471701446
32.739177942276,16.620297389445536,15.0,0.008440570440143347,0.3231024808716027,-1.6202973894455361
32.76201152801514,16.61449974588412,15.0,0.0,0.3190137451980261,-1.614499745884121
32.77882766723633,16.60807288033981,15.0,0.0,0.3190137451980261,-1.6080728803398117
32.799320220947266,16.601378348881838,15.0,0.007812771946191788,0.33208967433311026,-1.6013783488818376
32.81892371177673,16.594674335585132,15.0,0.007812771946191788,0.33208967433311026,-1.5946743355851325
32.83859920501709,16.588140419947038,15.0,0.0,0.3404733563307671,-1.5881404199470381
32.861823320388794,16.581896851465405,15.0,0.0,0.3454294103663413,-1.5818968514654053
32.878873348236084,16.5760195010191,15.0,0.0,0.3454294103663413,-1.5760195010191005
32.89808511734009,16.57286776348215,15.0,0.0,0.351252722693607,-1.5728677634821508
32.9191460609436,16.57400859511018,15.0,0.0,0.351252722693607,-1.574008595110179
32.939074754714966,16.574999094256444,15.0,0.0,0.3105655453633515,-1.5749990942564445
32.958356618881226,16.58590991565658,15.0,0.0,0.33078479315154236,-1.585909915656579
32.97919940948486,16.612689037501458,15.0,0.0,0.33078479315154236,-1.6126890375014575
32.999197483062744,16.654416905469976,15.0,0.029387321323156357,0.29984015705995243,-1.6544169054699758
33.01832890510559,16.70542814634678,15.0,0.0,0.23242416712455433,-1.7054281463467795
33.03832983970642,16.761543040489624,15.0,0.0,0.23242416712455433,-1.7615430404896237
33.05903244018555,16.81972393021355,15.0,0.06747094541788101,0.18273156243376415,-1.8197239302135486
33.078630447387695,16.877806468858772,15.0,0.019881654530763626,0.19157941001467388,-1.877806468858772
33.09913182258606,16.934289935634794,15.0,0.019881654530763626,0.19157941001467388,-1.9342899356347942
33.11876654624939,16.98817410262641,15.0,0.027908464893698692,0.25265681850723903,-1.9881741026264095
33.142186403274536,17.03883273537287,15.0,0.04311723541468382,0.22385841528885048,-2.0388327353728712
33.159077405929565,17.082815853699664,15.0,0.04311723541468382,0.22385841528885048,-2.082815853699664
33.17982029914856,17.124103138562308,15.0,0.05457198806107044,0.25072865295223873,-2.124103138562308
33.19865798950195,17.15548078401321,15.0,0.05457198806107044,0.25072865295223873,-2.1554807840132106
33.21923756599426,17.16988304106136,15.0,0.0434895446524024,0.26862840461544674,-2.169883041061361
33.242215156555176,17.165165911411858,15.0,0.0052044568583369255,0.2875413290690629,-2.165165911411858
33.25857639312744,17.14497680139133,15.0,0.0052044568583369255,0.2875413290690629,-2.14497680139133
33.27834367752075,17.114573238519213,15.0,0.028730263002216816,0.3006151310633866,-2.1145732385192133
33.298500537872314,17.07787619931396,15.0,0.028730263002216816,0.3006151310633866,-2.077876199313959
33.318268060684204,17.037774981212156,15.0,0.0,0.34428420211188476,-2.0377749812121557
33.33830237388611,16.996366150428344,15.0,0.04588430002331734,0.3010472312103955,-1.9963661504283436
33.35819125175476,16.955140402808087,15.0,0.04588430002331734,0.3010472312103955,-1.9551404028080874
33.378899574279785,16.919347156180866,15.0,0.03887967532500625,0.3277624465059487,-1.9193471561808657
33.398237466812134,16.884051710801252,15.0,0.07578868558630347,0.34384713801555317,-1.884051710801252
33.41894054412842,16.85003223613686,15.0,0.07578868558630347,0.34384713801555317,-1.8500322361368617
33.438467025756836,16.817795605394565,15.0,0.04651938518509269,0.36130911405198257,-1.817795605394565
33.458171367645264,16.78764689611964,15.0,0.0800366192124784,0.4121179125737397,-1.7876468961196395
33.478397607803345,16.759742982254703,15.0,0.0800366192124784,0.4121179125737397,-1.7597429822547035
33.49914336204529,16.734133664024924,15.0,0.07232009433209896,0.3974077470134942,-1.7341336640249239
33.52104640007019,16.713109405951858,15.0,0.07232009433209896,0.3974077470134942,-1.7131094059518581
33.53844380378723,16.700456629167114,15.0,0.11729327403008938,0.39457570565864425,-1.700456629167114
33.55815935134888,16.70090102625361,15.0,0.10131697542965412,0.39152852878905814,-1.7009010262536108
33.57899713516235,16.717379796147966,15.0,0.10131697542965412,0.39152852878905814,-1.7173797961479664
33.59874439239502,16.73168708489322,15.0,0.06427577696740627,0.4260225041303782,-1.7316870848932204
33.621569871902466,16.766248776999195,15.0,0.015416236594319344,0.42418920611962657,-1.7662487769991948
33.639076232910156,16.818600607643752,15.0,0.015416236594319344,0.42418920611962657,-1.8186006076437522
33.65937304496765,16.881929393340066,15.0,0.0,0.35418920611962657,-1.8819293933400658
33.67902898788452,16.95121353372228,15.0,0.0,0.35418920611962657,-1.9512135337222816
33.69888758659363,17.02049182265007,15.0,0.07,0.31636389365419726,-2.0204918226500688
33.71814942359924,17.090256573411914,15.0,0.11379399865865708,0.3304345395602284,-2.0902565734119136
33.73911261558533,17.158520568446843,15.0,0.11379399865865708,0.3304345395602284,-2.1585205684468427
33.758667945861816,17.223943077594587,15.0,0.0563550178706646,0.3789022389985619,-2.223943077594587
33.77814030647278,17.28798409107348,15.0,0.1263550178706646,0.3895147361047564,-2.287984091073479
33.79816770553589,17.349377750597252,15.0,0.1263550178706646,0.3895147361047564,-2.3493777505972524
33.81879258155823,17.40268129325035,15.0,0.1257061426737346,0.37627359500154833,-2.4026812932503496
33.83819103240967,17.453594083147184,15.0,0.14383883115136997,0.3320409285090862,-2.453594083147184
33.858585596084595,17.501504501809936,15.0,0.14383883115136997,0.3320409285090862,-2.5015045018099364
33.87826752662659,17.546066858191274,15.0,0.0933440485247411,0.3278678885847328,-2.546066858191274
33.90014672279358,17.587129279882344,15.0,0.0933440485247411,0.3278678885847328,-2.587129279882344
33.91875863075256,17.62236217160363,15.0,0.12099764582002537,0.3034307460486887,-2.62236217160363
33.938202142715454,17.650301078718886,15.0,0.10844250668073074,0.3526066417992113,-2.6503010787188863
33.96315050125122,17.670121051893886,15.0,0.10844250668073074,0.3526066417992113,-2.6701210518938865
33.978333473205566,17.66988133069011,15.0,0.1728317802050151,0.40254954129457454,-2.66988133069011
34.00143599510193,17.637184071593566,15.0,0.20803981546545403,0.44815057769417743,-2.637184071593566
34.018972396850586,17.578171478655317,15.0,0.20803981546545403,0.44815057769417743,-2.5781714786553174
34.03819394111633,17.526935238803283,15.0,0.1846541752316989,0.45251017782837133,-2.526935238803283
34.06316089630127,17.455635080924303,15.0,0.1846541752316989,0.45251017782837133,-2.455635080924303
34.07834720611572,17.372278026421398,15.0,0.17025972709292547,0.4210798216238616,-2.372278026421398
34.09821152687073,17.27811065768468,15.0,0.16678385056788103,0.4322514047101138,-2.2781106576846817
34.1185622215271,17.16733468687108,15.0,0.16678385056788103,0.4322514047101138,-2.1673346868710794
34.138144731521606,17.038676802773807,15.0,0.16006742596859114,0.4578722694143651,-2.038676802773807
34.15815329551697,16.89635656044683,15.0,0.1268159616016783,0.41857658859342317,-1.8963565604468293
34.17844223976135,16.745981198316485,15.0,0.1268159616016783,0.41857658859342317,-1.7459811983164855
34.19813108444214,16.593974034342626,15.0,0.09944283768767492,0.4885765885934232,-1.5939740343426259
34.2181978225708,16.444839585407742,15.0,0.1067536696069874,0.5390471009537576,-1.4448395854077418
34.238364696502686,16.301630890662718,15.0,0.1067536696069874,0.5390471009537576,-1.301630890662718
34.25810694694519,16.177293445593477,15.0,0.16667957969242708,0.5763875072821973,-1.1772934455934774
34.28002452850342,16.05835941442147,15.0,0.18453494638437407,0.5063875072821973,-1.0583594144214707
34.29822635650635,15.946312982526184,15.0,0.18453494638437407,0.5063875072821973,-0.9463129825261838
34.318228244781494,15.844319862156206,15.0,0.16526079729432241,0.4958560520038007,-0.8443198621562065
34.34334206581116,15.751997593029182,15.0,0.16526079729432241,0.4958560520038007,-0.7519975930291825
34.358858823776245,15.668825651462608,15.0,0.1799821424507536,0.47898809771984796,-0.6688256514626083
34.380558252334595,15.594201335985176,15.0,0.1727935550012626,0.5044222601875661,-0.5942013359851757
34.398422956466675,15.527480750175357,15.0,0.1727935550012626,0.5044222601875661,-0.5274807501753571
34.418322801589966,15.46800835422738,15.0,0.18818036925280468,0.48680900756269674,-0.4680083542273792
34.43851661682129,15.415137797750612,15.0,0.18818036925280468,0.48680900756269674,-0.4151377977506119
34.45826578140259,15.368246147638187,15.0,0.2082186219491996,0.41680900756269673,-0.3682461476381871
34.47827386856079,15.327533619809898,15.0,0.2082186219491996,0.41680900756269673,-0.32753361980989837
34.49863386154175,15.291395497205274,15.0,0.21699548039818184,0.400735346637666,-0.2913954972052739
34.518250703811646,15.259387083306727,15.0,0.2247815913730301,0.41705023501068333,-0.2593870833067271
34.538856506347656,15.231090662583894,15.0,0.2247815913730301,0.41705023501068333,-0.23109066258389355
34.55845785140991,15.206118268820397,15.0,0.1921556852036156,0.4437053185328839,-0.20611826882039708
34.57962107658386,15.18411282389944,15.0,0.15941606827313082,0.49963208850473145,-0.18411282389944006
34.59902811050415,15.162431766645218,15.0,0.15941606827313082,0.49963208850473145,-0.1624317666452182
34.61956548690796,15.12764933616996,15.0,0.17882527590030806,0.539158737324178,-0.12764933616995933
34.638429403305054,15.063836502817535,15.0,0.17882527590030806,0.539158737324178,-0.06383650281753539
34.658255100250244,14.969959759920231,15.0,0.22894669875735418,0.4802066963538525,0.03004024007976902
34.678221464157104,14.859991673624497,15.0,0.22894669875735418,0.4802066963538525,0.14000832637550253
34.69877338409424,14.764514573483973,15.0,0.23651752008358018,0.5022746455296871,0.23548542651602666
34.718247413635254,14.656533048351505,15.0,0.22490984240779655,0.5046644308976826,0.3434669516484945
34.73811078071594,14.54271203601677,15.0,0.22490984240779655,0.5046644308976826,0.45728796398323013
34.75903272628784,14.427834770866932,15.0,0.17581075096735732,0.5229558819346127,0.5721652291330681
34.778138399124146,14.312935083221927,15.0,0.22715814450988547,0.4975375035218892,0.6870649167780734
34.799041509628296,14.201047990411354,15.0,0.22715814450988547,0.4975375035218892,0.7989520095886462
34.81878638267517,14.094202159445002,15.0,0.2005482971877791,0.5373527654819188,0.9057978405549978
34.83803057670593,13.99367380079635,15.0,0.23801946865627543,0.5376917038601821,1.0063261992036505
34.85873198509216,13.900182848966661,15.0,0.23801946865627543,0.5376917038601821,1.0998171510333385
34.87812685966492,13.814043886258736,15.0,0.2826025583059527,0.6076917038601821,1.1859561137412644
34.90040349960327,13.735281654489926,15.0,0.24439015465090053,0.6289361589890903,1.2647183455100741
34.91874885559082,13.666898273972977,15.0,0.24439015465090053,0.6289361589890903,1.3331017260270226
34.93824124336243,13.604346729006643,15.0,0.23917880553985016,0.6553226881963199,1.395653270993357
34.963266134262085,13.545178054093208,15.0,0.23917880553985016,0.6553226881963199,1.454821945906792
34.97878122329712,13.487602090555695,15.0,0.2242122804024257,0.7,1.5123979094443047
35.00067853927612,13.432649801564542,15.0,0.2942122804024257,0.6331305772066116,1.5673501984354576
35.0181622505188,13.37865177920872,15.0,0.2942122804024257,0.6331305772066116,1.6213482207912797
35.038591384887695,13.324423335836148,15.0,0.287084492018912,0.6465987542644143,1.6755766641638523
35.05835247039795,13.271464031399558,15.0,0.287084492018912,0.6465987542644143,1.7285359686004416
35.07912564277649,13.220781982866368,15.0,0.24393007727572696,0.6635967733338475,1.7792180171336316
35.0982460975647,13.173017391710832,15.0,0.2921950166136958,0.7,1.8269826082891676
35.11819338798523,13.126221691981616,15.0,0.2921950166136958,0.7,1.8737783080183839
35.13898205757141,13.085592470725762,15.0,0.3171458506048657,0.6757201764732599,1.9144075292742375
35.15825057029724,13.046056933758106,15.0,0.32749495944241064,0.6611855903640389,1.9539430662418944
35.17815351486206,13.006006655280403,15.0,0.32749495944241064,0.6611855903640389,1.9939933447195965
35.19886589050293,12.964338020175983,15.0,0.2841984136984684,0.6498787596821785,2.0356619798240168
35.21823787689209,12.922643478689224,15.0,0.28583461498143153,0.6740820080041885,2.077356521310776
35.23839783668518,12.879713450263404,15.0,0.28583461498143153,0.6740820080041885,2.120286549736596
35.2590913772583,12.83474034504842,15.0,0.2466019064676948,0.6172417446970939,2.16525965495158
35.28243970870972,12.78953342009886,15.0,0.21540490244748073,0.6207196303177624,2.2104665799011407
35.298683166503906,12.745355512242838,15.0,0.21540490244748073,0.6207196303177624,2.2546444877571616
35.32073783874512,12.703056643584926,15.0,0.1941862933826633,0.5862843171227723,2.296943356415074
35.33837342262268,12.663177700961313,15.0,0.1941862933826633,0.5862843171227723,2.336822299038687
35.359195709228516,12.628553784817736,15.0,0.1696692638588138,0.5596324597019702,2.3714462151822637
35.38461661338806,12.595969228900593,15.0,0.1778577816230245,0.5569810416083782,2.404030771099407
35.39874458312988,12.567976283269685,15.0,0.1778577816230245,0.5569810416083782,2.432023716730315
35.418198108673096,12.546226679454902,15.0,0.1253331777197309,0.549734496558085,2.453773320545098
35.43896126747131,12.534019483318117,15.0,0.1253331777197309,0.549734496558085,2.465980516681883
35.45879054069519,12.531078324202973,15.0,0.09932615314843135,0.5626454800833016,2.468921675797027
35.47817039489746,12.536967035040266,15.0,0.13805391346337276,0.5929013994056731,2.4630329649597336
35.498613119125366,12.553466300521382,15.0,0.13805391346337276,0.5929013994056731,2.4465336994786178
35.51858568191528,12.579216961251491,15.0,0.13278246238129215,0.6513200831133872,2.4207830387485085
35.53815841674805,12.613031152181645,15.0,0.14016062519745903,0.6455564429517835,2.3869688478183555
35.55846977233887,12.653871292019595,15.0,0.14016062519745903,0.6455564429517835,2.346128707980405
35.578238010406494,12.689329744125189,15.0,0.14435223057167607,0.615103712817654,2.310670255874811
35.60054969787598,12.731617462388778,15.0,0.12346649295883255,0.5983447400387376,2.268382537611222
35.61888313293457,12.786799559257162,15.0,0.12346649295883255,0.5983447400387376,2.2132004407428383
35.63828659057617,12.858748913132928,15.0,0.091210254796315,0.6148564634378999,2.141251086867072
35.66355299949646,12.947397302181617,15.0,0.161210254796315,0.5545609300490468,2.052602697818383
35.678555727005005,13.052257239554617,15.0,0.161210254796315,0.5545609300490468,1.947742760445383
35.701287031173706,13.172562872795725,15.0,0.1673028888483532,0.5898215850349515,1.8274371272042753
35.71918535232544,13.309691534190984,15.0,0.1673028888483532,0.5898215850349515,1.6903084658090162
35.73854327201843,13.466472870749437,15.0,0.17063430001260715,0.5494708796497434,1.5335271292505634
35.75817918777466,13.635088963390535,15.0,0.17063430001260715,0.5494708796497434,1.364911036609465
35.778905391693115,13.807481386733569,15.0,0.21922621180536228,0.5830018339212983,1.1925186132664312
35.798195600509644,13.95715689006757,15.0,0.18971443039597946,0.6337165912147611,1.0428431099324307
35.81904339790344,14.107905484850221,15.0,0.18971443039597946,0.6337165912147611,0.892094515149779
35.83888506889343,14.255426464747716,15.0,0.2426838749391027,0.6252780561801046,0.7445735352522842
35.85815954208374,14.396817706774437,15.0,0.2786592194181867,0.611480970447883,0.6031822932255633
35.879162073135376,14.525592305535751,15.0,0.2786592194181867,0.611480970447883,0.474407694464249
35.89885854721069,14.642209789987065,15.0,0.26900382855208593,0.6502012205775827,0.35779021001293465
35.918346881866455,14.744993391317388,15.0,0.2799179763835855,0.7,0.2550066086826117
35.9383590221405,14.830826701169162,15.0,0.2799179763835855,0.7,0.1691732988308381
35.95868539810181,14.897991846432086,15.0,0.2926026941579767,0.6970137004274874,0.1020081535679136
35.98188090324402,14.9434712754814,15.0,0.2926026941579767,0.6970137004274874,0.056528724518599915
35.99897265434265,14.963424232689908,15.0,0.3037997833755799,0.7,0.03657576731009193
36.01914930343628,14.980747899561525,15.0,0.3270362071064301,0.6814935382455587,0.01925210043847514
36.03852462768555,14.96394755745493,15.0,0.3270362071064301,0.6814935382455587,0.03605244254507056
36.05883550643921,14.914622725585255,15.0,0.3113126657274552,0.7,0.08537727441474452
36.08046793937683,14.839374274329229,15.0,0.2646050802734681,0.7,0.16062572567077105
36.09860324859619,14.74347025327303,15.0,0.2646050802734681,0.7,0.2565297467269705
36.119027853012085,14.628797773800413,15.0,0.2842221590992995,0.6299999999999999,0.3712022261995873
36.14341449737549,14.494845879181675,15.0,0.21422215909929948,0.64469106413424,0.5051541208183252
36.15862011909485,14.35103316814887,15.0,0.21422215909929948,0.64469106413424,0.6489668318511299
36.17822456359863,14.204161495780879,15.0,0.21026524561690169,0.7,0.7958385042191214
36.19836497306824,14.059035916069977,15.0,0.21026524561690169,0.7,0.9409640839300231
36.219008922576904,13.918947907373648,15.0,0.19464577860431748,0.6837766177952289,1.0810520926263525
36.238194942474365,13.797319921606787,15.0,0.169016299166251,0.6391734413802623,1.2026800783932128
36.2581741809845,13.68276672701076,15.0,0.169016299166251,0.6391734413802623,1.31723327298924
36.278733253479004,13.580779277314221,15.0,0.13915563686983662,0.6181622005999088,1.419220722685779
36.29813098907471,13.49252396453554,15.0,0.17539204596774655,0.6010993652045726,1.5074760354644603
36.318551778793335,13.418449032728985,15.0,0.17539204596774655,0.6010993652045726,1.5815509672710153
36.33816647529602,13.358492101006297,15.0,0.19824769660132008,0.612974870763719,1.6415078989937033
36.35888433456421,13.31455411051548,15.0,0.14162546335952358,0.6533273382112383,1.6854458894845195
36.378169775009155,13.285216892188528,15.0,0.14162546335952358,0.6533273382112383,1.7147831078114724
36.39891242980957,13.269110611752343,15.0,0.1292690759082325,0.6944781092926859,1.7308893882476575
36.4219810962677,13.262618761088802,15.0,0.1292690759082325,0.6944781092926859,1.7373812389111976
36.438145875930786,13.267608693345432,15.0,0.1650676665385254,0.7,1.7323913066545682
36.458688497543335,13.271941079929658,15.0,0.10992631814675408,0.7,1.7280589200703425
36.47801899909973,13.29115267102366,15.0,0.10992631814675408,0.7,1.70884732897634
36.498568058013916,13.329458139203709,15.0,0.09642673037247734,0.686694854684174,1.6705418607962912
36.52162289619446,13.386965348352762,15.0,0.16642673037247735,0.7,1.6130346516472382
36.538636684417725,13.45861046260097,15.0,0.16642673037247735,0.7,1.5413895373990307
36.55902862548828,13.547452681943502,15.0,0.17338710048468786,0.6401622265577316,1.4525473180564976
36.57860469818115,13.659796335103689,15.0,0.17338710048468786,0.6401622265577316,1.3402036648963112
36.598140716552734,13.797084559529761,15.0,0.16224100117804485,0.5743196055293083,1.202915440470239
36.61810040473938,13.948080578297478,15.0,0.10444198970915752,0.5717037159949541,1.0519194217025216
36.6389434337616,14.104618278651984,15.0,0.10444198970915752,0.5717037159949541,0.8953817213480164
36.65797805786133,14.2608795880962,15.0,0.15321043555857616,0.5110754061490297,0.7391204119037997
36.678046226501465,14.396549646496354,15.0,0.12000839089276272,0.471449064835906,0.6034503535036464
36.69803714752197,14.53062288013977,15.0,0.12000839089276272,0.471449064835906,0.4693771198602299
36.71800446510315,14.660053504736654,15.0,0.0861174469185062,0.4599209006875753,0.3399464952633462
36.7395133972168,14.782848333608806,15.0,0.07068051167996603,0.4646488440223038,0.2171516663911941
36.75876069068909,14.900114172081718,15.0,0.07068051167996603,0.4646488440223038,0.09988582791828193
36.77865672111511,15.010449153339133,15.0,0.03772312917979437,0.4583161112852394,-0.010449153339132877
36.80334115028381,15.115378578221783,15.0,0.0,0.45135258492082353,-0.1153785782217831
36.8179886341095,15.213788005615628,15.0,0.0,0.45135258492082353,-0.21378800561562805
36.840396881103516,15.307391548463352,15.0,0.0,0.4270473903045058,-0.30739154846335204
36.85797429084778,15.395190106553592,15.0,0.0,0.4270473903045058,-0.3951901065535921
36.8787579536438,15.478959062277662,15.0,0.0,0.4102580098435282,-0.47895906227766183
36.89863324165344,15.551689408360303,15.0,0.0,0.4102580098435282,-0.5516894083603034
36.91876673698425,15.623184104596517,15.0,0.0,0.37147377040237184,-0.6231841045965165
36.938117027282715,15.696569003682063,15.0,0.0,0.3465548956766724,-0.6965690036820629
36.959003925323486,15.790179882204585,15.0,0.0,0.3465548956766724,-0.7901798822045851
36.978084564208984,15.918535706203432,15.0,0.018533848226070404,0.3231216480955481,-0.9185357062034321
36.99805164337158,16.0908053659337,15.0,0.0,0.3208572916220873,-1.0908053659337007
37.018553495407104,16.29135291585268,15.0,0.0,0.3208572916220873,-1.2913529158526806
37.038414478302,16.506256325384744,15.0,0.015191853046417236,0.3309591603931039,-1.5062563253847436
37.05974292755127,16.725467277461327,15.0,0.0,0.31436423636041577,-1.7254672774613269
37.078094482421875,16.941892882916598,15.0,0.0,0.31436423636041577,-1.9418928829165978
37.0980761051178,17.152996315377926,15.0,0.0,0.3843642363604158,-2.1529963153779264
37.1181435585022,17.336281705167423,15.0,0.0,0.3843642363604158,-2.3362817051674227
37.1380832195282,17.51397251703845,15.0,0.029023872688412666,0.3565450052078813,-2.51397251703845
37.16136384010315,17.680778074048636,15.0,0.04465307109057903,0.340942206075415,-2.6807780740486358
37.177995443344116,17.835626803378503,15.0,0.04465307109057903,0.340942206075415,-2.835626803378503
37.19809126853943,17.978089532446905,15.0,0.003777557983994484,0.36320740378461774,-2.978089532446905
37.21872067451477,18.108194598101022,15.0,0.003777557983994484,0.36320740378461774,-3.108194598101022
37.23874568939209,18.22628736746658,15.0,0.0,0.36977512597106393,-3.226287367466579
37.25802040100098,18.332924308581003,15.0,0.011937524192035198,0.33542802392505106,-3.3329243085810027
37.2782564163208,18.428793850386672,15.0,0.011937524192035198,0.33542802392505106,-3.428793850386672
37.298463344573975,18.514657935815784,15.0,0.03827922698110342,0.35110312907956537,-3.5146579358157837
37.31808090209961,18.591309488253767,15.0,0.07257053162902594,0.31203295498155054,-3.591309488253767
37.338340282440186,18.657860323087498,15.0,0.07257053162902594,0.31203295498155054,-3.6578603230874975
37.358722448349,18.71732318601702,15.0,0.07561431196518242,0.31765285528264936,-3.717323186017019
37.382240772247314,18.770295744974128,15.0,0.07561431196518242,0.31765285528264936,-3.7702957449741277
37.398597955703735,18.81736417967651,15.0,0.08342391136102378,0.30813017508946355,-3.8173641796765097
37.42020869255066,18.85909124164905,15.0,0.11854366469196975,0.33123361154459413,-3.8590912416490504
37.43821358680725,18.896008578395882,15.0,0.11854366469196975,0.33123361154459413,-3.8960085783958824
37.45864224433899,18.928612221663677,15.0,0.11541588325053453,0.312491897707805,-3.928612221663677
37.47828459739685,18.957360392327182,15.0,0.11541588325053453,0.312491897707805,-3.957360392327182
37.499032974243164,18.98035662412302,15.0,0.04541588325053453,0.2813537178840488,-3.9803566241230186
37.51807427406311,18.991802564277485,15.0,0.054919511377811425,0.30202280751429494,-3.991802564277485
37.53829789161682,18.978709804829332,15.0,0.054919511377811425,0.30202280751429494,-3.9787098048293323
37.558274269104004,18.967342336802425,15.0,0.07949196018278598,0.3341010662075132,-3.9673423368024245
37.57811164855957,18.915884996459468,15.0,0.149491960182786,0.345631266226992,-3.915884996459468
37.59896636009216,18.82404007979908,15.0,0.149491960182786,0.345631266226992,-3.8240400797990795
37.61853766441345,18.70424695815322,15.0,0.18990093655884266,0.3400949484016746,-3.7042469581532202
37.63838768005371,18.568198695405265,15.0,0.13945863209664822,0.3709034474845975,-3.5681986954052647
37.65890145301819,18.424445467353287,15.0,0.13945863209664822,0.3709034474845975,-3.424445467353287
37.67852592468262,18.27912912227867,15.0,0.1321288817562163,0.3719983977312222,-3.2791291222786683
37.701277017593384,18.13655686355386,15.0,0.13215006810241903,0.34837967167142775,-3.13655686355386
37.718321084976196,17.99269902597105,15.0,0.13215006810241903,0.34837967167142775,-2.9926990259710493
37.739142417907715,17.840157868083615,15.0,0.14033062771522964,0.3473955102777108,-2.8401578680836153
37.75911545753479,17.680972955730297,15.0,0.14033062771522964,0.3473955102777108,-2.6809729557302973
37.778648138046265,17.542764550641337,15.0,0.10040400937759841,0.3655397695070132,-2.542764550641337
37.80174398422241,17.399056309019006,15.0,0.10708613336646522,0.36140218223910775,-2.399056309019006
37.81798553466797,17.257631752124254,15.0,0.10708613336646522,0.36140218223910775,-2.2576317521242544
37.837950229644775,17.11920427902559,15.0,0.1498451942261454,0.40290104072075333,-2.1192042790255883
37.8583984375,16.988823111094472,15.0,0.1498451942261454,0.40290104072075333,-1.9888231110944723
37.87850546836853,16.867466931054878,15.0,0.0949418918844458,0.4351216874597594,-1.867466931054878
37.898138999938965,16.75326131208793,15.0,0.06496371344292129,0.3895037233410403,-1.753261312087929
37.91899752616882,16.64934855790813,15.0,0.06496371344292129,0.3895037233410403,-1.6493485579081302
37.93906116485596,16.55532363572281,15.0,0.07136891984009708,0.3895304899993061,-1.5553236357228108
37.9580864906311,16.470644624921004,15.0,0.03919589721226657,0.4595304899993061,-1.470644624921004
37.97849702835083,16.394688807552857,15.0,0.03919589721226657,0.4595304899993061,-1.394688807552857
37.9989869594574,16.328742027669723,15.0,0.0,0.401245808708918,-1.3287420276697226
38.0197479724884,16.269537079088177,15.0,0.0,0.36602962623859636,-1.2695370790881775
38.03807497024536,16.218891562771113,15.0,0.0,0.36602962623859636,-1.2188915627711125
38.05869793891907,16.175526017755633,15.0,0.0,0.37331162767062775,-1.175526017755633
38.08309602737427,16.142992588800517,15.0,0.0,0.37331162767062775,-1.1429925888005172
38.09818172454834,16.130422091106393,15.0,0.008891475386917591,0.34041685612450234,-1.130422091106393
38.120179414749146,16.155212229663945,15.0,0.008891475386917591,0.34041685612450234,-1.1552122296639453
38.1386992931366,16.230778822284147,15.0,0.0309523968026042,0.301056053503853,-1.2307788222841474
38.15817642211914,16.36046932918293,15.0,0.0,0.371056053503853,-1.36046932918293
38.17808723449707,16.52896796410001,15.0,0.0,0.371056053503853,-1.5289679641000085
38.198646068573,16.719981201446796,15.0,0.0,0.3216278140390932,-1.719981201446796
38.218170404434204,16.885823770910815,15.0,0.0,0.30121329398403757,-1.8858237709108145
38.23808002471924,17.06558726031121,15.0,0.0,0.30121329398403757,-2.0655872603112115
38.25831627845764,17.25028230053237,15.0,0.026724833995103836,0.23893260182390802,-2.250282300532369
38.27813243865967,17.433535081255798,15.0,0.0,0.22571868327955597,-2.4335350812557976
38.29820275306702,17.610956489197648,15.0,0.0,0.22571868327955597,-2.6109564891976476
38.318238496780396,17.779651617398088,15.0,0.0,0.2662681813309609,-2.7796516173980876
38.33886432647705,17.937839700326204,15.0,0.007793800439685583,0.2982540826270997,-2.9378397003262045
38.35826086997986,18.08456076516461,15.0,0.007793800439685583,0.2982540826270997,-3.0845607651646105
38.37905788421631,18.21713389754517,15.0,0.011392046231776476,0.22825408262709967,-3.217133897545171
38.40210485458374,18.329437157915255,15.0,0.011392046231776476,0.22825408262709967,-3.3294371579152546
38.41815710067749,18.413119881053753,15.0,0.04124099249020219,0.18402600196699492,-3.4131198810537526
38.4404137134552,18.485775357803977,15.0,0.08437290275469422,0.25402600196699493,-3.485775357803977
38.45800590515137,18.533166533730057,15.0,0.08437290275469422,0.25402600196699493,-3.533166533730057
38.47844314575195,18.561760631446557,15.0,0.025636295322328806,0.2965959074864804,-3.561760631446557
38.50363564491272,18.576545052184645,15.0,0.012836480047553778,0.3427222358951985,-3.5765450521846454
38.51861619949341,18.572082507443927,15.0,0.012836480047553778,0.3427222358951985,-3.572082507443927
38.53809881210327,18.538154570544986,15.0,0.007426661904901266,0.2864318477878987,-3.538154570544986
38.55863857269287,18.473072975790483,15.0,0.007426661904901266,0.2864318477878987,-3.4730729757904832
38.5780873298645,18.388067878638623,15.0,0.0,0.2800630258354067,-3.3880678786386227
38.59806942939758,18.291464607029,15.0,0.0,0.3050706071736931,-3.291464607028999
38.61821961402893,18.189351439435526,15.0,0.0,0.3050706071736931,-3.1893514394355265
38.638933181762695,18.086102387631218,15.0,0.004726663697510958,0.28483631480063193,-3.086102387631218
38.658058166503906,17.996458924781244,15.0,0.027088420931249857,0.2757760651367425,-2.996458924781244
38.678932428359985,17.906954747527266,15.0,0.027088420931249857,0.2757760651367425,-2.9069547475272657
38.698490619659424,17.819906188404122,15.0,0.030996925197541714,0.3079780369954824,-2.819906188404122
38.71802234649658,17.736857409093297,15.0,0.06159576307982206,0.34974893480117314,-2.7368574090932967
38.73807692527771,17.65877554029972,15.0,0.06159576307982206,0.34974893480117314,-2.6587755402997217
38.75839424133301,17.586201429680454,15.0,0.04130627494305372,0.31251113414342396,-2.586201429680454
38.78032207489014,17.519365583049442,15.0,0.04130627494305372,0.31251113414342396,-2.519365583049442
38.798583984375,17.45827687389514,15.0,0.0,0.38071864395911686,-2.458276873895141
38.818745851516724,17.40279000037131,15.0,0.0,0.38717670756901496,-2.4027900003713114
38.84243106842041,17.35265640287697,15.0,0.05164105072617531,0.41166154127146,-2.3526564028769705
38.858214139938354,17.307562351757817,15.0,0.05164105072617531,0.41166154127146,-2.3075623517578165
38.87909150123596,17.268410545270367,15.0,0.08863843604922295,0.4225718464660167,-2.268410545270367
38.89876890182495,17.240113566094916,15.0,0.08863843604922295,0.4225718464660167,-2.240113566094916
38.91812229156494,17.231683641787416,15.0,0.10378587245941162,0.3525718464660167,-2.2316836417874164
38.94268584251404,17.25580593932576,15.0,0.07558372989296913,0.34868982552128724,-2.255805939325761
38.9587881565094,17.32043341703195,15.0,0.07558372989296913,0.34868982552128724,-2.32043341703195
38.97797179222107,17.423073490104624,15.0,0.07196562108583748,0.3396393333240121,-2.423073490104624
38.998724699020386,17.54941129960007,15.0,0.07196562108583748,0.3396393333240121,-2.54941129960007
39.018526792526245,17.68887947338406,15.0,0.0633027555886656,0.37048844179647855,-2.688879473384059
39.03790283203125,17.833792072272963,15.0,0.09280218207277358,0.338454551310715,-2.8337920722729635
39.058714628219604,17.978667106117115,15.0,0.09280218207277358,0.338454551310715,-2.978667106117115
39.07824492454529,18.119697881891437,15.0,0.10158416931517422,0.39990541643041067,-3.1196978818914367
39.09790301322937,18.2421444021054,15.0,0.10158737369579285,0.3823179316385358,-3.2421444021053993
39.118614196777344,18.360652855207732,15.0,0.10158737369579285,0.3823179316385358,-3.360652855207732
39.13833808898926,18.470986378207073,15.0,0.17158737369579286,0.4064089388264983,-3.4709863782070727
39.159536600112915,18.570417578420685,15.0,0.17158737369579286,0.4064089388264983,-3.5704175784206846
39.1779568195343,18.655023043754497,15.0,0.2052341360668561,0.35640382698315076,-3.655023043754497
39.19876551628113,18.72710107580483,15.0,0.24853262268704385,0.3471117878942459,-3.7271010758048284
39.223031759262085,18.7885781890444,15.0,0.24853262268704385,0.3471117878942459,-3.788578189044401
39.23843836784363,18.83180649646675,15.0,0.1849987652222535,0.2771117878942459,-3.8318064964667506
39.261127948760986,18.840373130382535,15.0,0.13314221390289277,0.24235876331615142,-3.8403731303825346
39.27891230583191,18.794526146563214,15.0,0.13314221390289277,0.24235876331615142,-3.7945261465632143
39.297926902770996,18.67503125205445,15.0,0.13501483840634138,0.2706445200233429,-3.675031252054449
39.317933082580566,18.571282733792405,15.0,0.13501483840634138,0.2706445200233429,-3.5712827337924047
39.338149547576904,18.382708902047288,15.0,0.09376536948372632,0.3406445200233429,-3.3827089020472876
39.35795307159424,18.103125341969477,15.0,0.044399044343726934,0.35046042154121093,-3.103125341969477
39.37796759605408,17.732951379869792,15.0,0.044399044343726934,0.35046042154121093,-2.7329513798697924
39.398003339767456,17.288763860521087,15.0,0.10009866101433545,0.3546902157976001,-2.2887638605210867
39.41839027404785,16.795609095669036,15.0,0.036952926644580664,0.36644075649368457,-1.795609095669036
39.43799805641174,16.281439682059357,15.0,0.036952926644580664,0.36644075649368457,-1.2814396820593572
39.45804452896118,15.766224785054055,15.0,0.0,0.3807608264176815,-0.7662247850540549
39.482747316360474,15.266178497704544,15.0,0.0,0.3345513942329853,-0.26617849770454427
39.49859595298767,14.789846696472894,15.0,0.0,0.3345513942329853,0.2101533035271057
39.52006459236145,14.34717288327003,15.0,0.0,0.3540575450895994,0.65282711672997
39.53890609741211,13.962832176648146,15.0,0.0,0.3540575450895994,1.0371678233518544
39.558369398117065,13.629012937680253,15.0,0.0,0.40681246134030513,1.370987062319747
39.5835816860199,13.390042349614234,15.0,0.006530234590172768,0.42034888851034335,1.6099576503857662
39.59874987602234,13.276525828194718,15.0,0.006530234590172768,0.42034888851034335,1.7234741718052824
39.618032693862915,13.283251486656507,15.0,0.0,0.4048098914934962,1.716748513343493
39.63794803619385,13.382583147841983,15.0,0.0,0.4048098914934962,1.6174168521580174
39.65854215621948,13.550568294629212,15.0,0.034531477838754654,0.4090278807705908,1.4494317053707881
39.677945613861084,13.775709666429897,15.0,0.0,0.3401662695831328,1.224290333570103
39.69885492324829,14.055464189113286,15.0,0.0,0.3401662695831328,0.9445358108867143
39.71838593482971,14.39125886554795,15.0,0.05650534853339195,0.3650681607103615,0.6087411344520497
39.73811936378479,14.773342539357873,15.0,0.056774169381242245,0.3533525306409865,0.22665746064212655
39.75879979133606,15.105077340019092,15.0,0.056774169381242245,0.3533525306409865,-0.10507734001909164
39.778135538101196,15.470161189700445,15.0,0.10940675454912707,0.3847366224652796,-0.47016118970044474
39.799103021621704,15.848786889951612,15.0,0.11230183712905273,0.33860225488009743,-0.8487868899516116
39.818363904953,16.226839854422458,15.0,0.11230183712905273,0.33860225488009743,-1.2268398544224581
39.838351011276245,16.594531462118265,15.0,0.13893634773558006,0.28921463970604233,-1.5945314621182654
39.86271643638611,16.94533580096565,15.0,0.13924660556949675,0.2953675275346904,-1.9453358009656512
39.878676652908325,17.27516516235972,15.0,0.13924660556949675,0.2953675275346904,-2.2751651623597198
39.900224447250366,17.581733097222877,15.0,0.15431921952404082,0.23218544178220324,-2.5817330972228767
39.91875910758972,17.859431839039697,15.0,0.15431921952404082,0.23218544178220324,-2.859431839039697
39.937973737716675,18.08891275088726,15.0,0.14530877233482897,0.2111997062018781,-3.0889127508872605
39.964250564575195,18.246425683674342,15.0,0.21530877233482898,0.2811997062018781,-3.2464256836743424
39.98404097557068,18.383182433416234,15.0,0.21530877233482898,0.2811997062018781,-3.383182433416234
39.9981644153595,18.429157614633198,15.0,0.21530877233482898,0.2811997062018781,-3.4291576146331977
40.02015972137451,18.37612080312588,15.0,0.21530877233482898,0.2811997062018781,-3.376120803125879
40.03829097747803,18.218648409821014,14.999994458365746,0.18126990453340114,0.24522090837868743,-3.218653951455268
40.05818057060242,17.9510930084097,14.999989190063413,0.18126990453340114,0.24522090837868743,-2.9511038183462865
40.07811498641968,17.57474958119362,14.999955888997883,0.1738901915308088,0.3039327500811487,-2.574793692195735
40.09872841835022,17.107282782897318,14.999937272430234,0.1738901915308088,0.3039327500811487,-2.107345510467084
40.11931037902832,16.57494542409075,14.999851872852188,0.2320804814156145,0.3686546398750215,-1.5750935512385613
40.13892364501953,15.995365501742329,14.999851872852188,0.2320804814156145,0.3686546398750215,-0.9955136288901407
40.159428358078,15.382032150220725,14.999650650851947,0.2595707619842142,0.4211419610730081,-0.38238149936877797
40.17917227745056,14.75446961858464,14.999650650851947,0.2595707619842142,0.4211419610730081,0.24518103226730759
40.19822835922241,14.20960380618589,14.999417207747477,0.22685016638599337,0.4134778663939505,0.7898134015615881
40.21858024597168,13.658180363331583,14.999321119424947,0.22685016638599337,0.4134778663939505,1.3411407560933633
40.23886847496033,13.11673482498049,14.998971424341084,0.24179747833870352,0.4211318166418641,1.8822365993605938
40.25823092460632,12.596489483418274,14.998519804119143,0.19923960178159178,0.41472390568393164,2.4020303207008684
40.27896976470947,12.102364046171681,14.998344464140356,0.19923960178159178,0.41472390568393164,2.8959804179686746
40.29825186729431,11.637087258482168,14.997737682473382,0.1656917682196945,0.4642116454853385,3.3606504239912134
40.31855511665344,11.204110498369218,14.997737682473382,0.1656917682196945,0.4642116454853385,3.7936271841041638
40.33866810798645,10.804979761649188,14.996723486561335,0.22926728933118284,0.4079478634013503,4.191743724912147
40.36446189880371,10.439876858402569,14.995793547629916,0.15926728933118284,0.392569384486851,4.555916689227347
40.379008054733276,10.108031270416344,14.995793547629916,0.15926728933118284,0.392569384486851,4.887762277213572
40.398207664489746,9.808031317812318,14.994705518836694,0.13398279040120542,0.46256938448685103,5.186674201024376
40.41887283325195,9.547563699598989,14.994305723497739,0.13398279040120542,0.46256938448685103,5.44674202389875
40.438793659210205,9.311912550856738,14.993447931194508,0.11942195217125118,0.41232316813009673,5.68153538033777
40.458086013793945,9.099708997014899,14.992009513237043,0.08434043521992862,0.3632194871320098,5.892300516222145
40.47814345359802,8.91170063380414,14.991487936232677,0.08434043521992862,0.3632194871320098,6.079787302428537
40.49876809120178,8.747769064906242,14.989791217207122,0.15434043521992863,0.41901781654494696,6.24202215230088
40.51816987991333,8.616462905536677,14.989791217207122,0.15434043521992863,0.41901781654494696,6.373328311670445
40.53817319869995,8.529809061535268,14.987206066701717,0.08434043521992862,0.47419290489095145,6.457397005166449
40.56175994873047,8.49498437924375,14.985011334107398,0.12807115982286632,0.40419290489095144,6.490026954863648
40.57836627960205,8.50402606317293,14.985011334107398,0.12807115982286632,0.40419290489095144,6.480985270934468
40.59814810752869,8.550247218026696,14.983420560916466,0.1529691896867007,0.47419290489095145,6.43317334288977
40.61815071105957,8.641921484727305,14.982585751567242,0.1529691896867007,0.47419290489095145,6.340664266839937
40.6385498046875,8.721515423631951,14.979919146894675,0.1830309636425227,0.5010347781940072,6.258403723262724
40.65817713737488,8.855019498339852,14.977001538363348,0.24836751888506114,0.4984553508697718,6.1219820400234966
40.678377628326416,9.036348100883982,14.975971525614648,0.24836751888506114,0.4984553508697718,5.939623424730666
40.698514223098755,9.246115788241339,14.972704045349223,0.3003013401757926,0.5684553508697718,5.726588257107885
40.718591928482056,9.470108302099957,14.970374328765645,0.2411308630835265,0.5227070015906066,5.500266026665688
40.73832392692566,9.70039415117388,14.96916300525969,0.2411308630835265,0.5227070015906066,5.26876885408581
40.758270263671875,9.928982068609924,14.965339050838132,0.25787544692866504,0.4873119046031207,5.036356982228208
40.78307032585144,10.148049877604928,14.961223013447471,0.2818887911271304,0.4943661781078845,4.813173135842543
40.79806852340698,10.350099000633124,14.959784535594057,0.2818887911271304,0.4943661781078845,4.609685534960933
40.82172632217407,10.530369598190543,14.955265111195382,0.32714811782352626,0.43184403498235047,4.42489551300484
40.83842968940735,10.688445897740866,14.955265111195382,0.32714811782352626,0.43184403498235047,4.266819213454516
40.85925889015198,10.825691776890041,14.950432927222847,0.31021298351697624,0.5018440349823505,4.124741150332806
40.878092527389526,10.941468068431979,14.950432927222847,0.31021298351697624,0.5018440349823505,4.008964858790868
40.89852547645569,11.036964384742365,14.945279426959791,0.3557414214592427,0.46636966754260367,3.908315042217426
40.918084383010864,11.111225135799137,14.939796234970979,0.2857414214592427,0.514311326188472,3.8285710991718425
40.93808579444885,11.15488085620818,14.937893817852293,0.2857414214592427,0.514311326188472,3.783012961644113
40.95903301239014,11.162230291045477,14.933975156043505,0.2172347633820027,0.5722293681329758,3.7717448649980287
40.97810673713684,11.123321264289547,14.927808174127708,0.2393411463778466,0.5512794400429994,3.804486909838161
40.999024391174316,11.030143978046533,14.925674286341504,0.2393411463778466,0.5512794400429994,3.895530308294971
41.018866300582886,10.89477965429368,14.919033938712467,0.24863077427260577,0.5419505867040426,4.024254284418786
41.039879322052,10.733680552470084,14.914405326594117,0.2660377203207463,0.5726576386815578,4.180724774124034
41.05828905105591,10.593810199211447,14.912029674775924,0.2660377203207463,0.5726576386815578,4.318219475564478
41.079328775405884,10.439829663595903,14.904654068044003,0.2986770114582032,0.5749588447953284,4.4648244044481
41.097991943359375,10.280106612179367,14.904654068044003,0.2986770114582032,0.5749588447953284,4.6245474558646364
41.118600606918335,10.122920753832249,14.894229772226177,0.3508365704398602,0.6449588447953285,4.771309018393929
41.13899803161621,9.971639796722439,14.894229772226177,0.3508365704398602,0.6449588447953285,4.922589975503739
41.158982038497925,9.828447261975608,14.883115728773573,0.2808365704398602,0.5804473891998352,5.054668466797965
41.18328261375427,9.694646611111114,14.874317803851445,0.21845981794409453,0.6392581634367527,5.179671192740331
41.1980676651001,9.570895680883101,14.874317803851445,0.21845981794409453,0.6392581634367527,5.303422122968344
41.218095541000366,9.455070184420002,14.865116170329118,0.27317245620302855,0.6836023986483635,5.410045985909116
41.2387535572052,9.347802107763105,14.861958126237496,0.27317245620302855,0.6836023986483635,5.514156018474392
41.25851774215698,9.249304886155711,14.855504376966895,0.252378133488819,0.7,5.606199490811184
41.278074502944946,9.163787083602683,14.845476141097384,0.18237813348881898,0.7,5.681689057494701
41.2992525100708,9.0852468730371,14.842039791282778,0.18237813348881898,0.7,5.756792918245678
41.31906318664551,9.013623080184574,14.831446815075191,0.252378133488819,0.6906750572845339,5.8178237348906165
41.34171676635742,8.948690933137591,14.820423386412825,0.31867158914916216,0.7,5.871732453275234
41.35806727409363,8.89011795211484,14.816652259261685,0.31867158914916216,0.7,5.926534307146845
41.379502296447754,8.839821956107729,14.808963776886978,0.2559493979346007,0.6299999999999999,5.9691418207792495
41.39867615699768,8.803549581753913,14.808963776886978,0.2559493979346007,0.6299999999999999,6.005414195133065
41.41810584068298,8.782606391228404,14.792996199914434,0.2109880572091788,0.577116870433092,6.01038980868603
41.438196897506714,8.772862507282046,14.792996199914434,0.2109880572091788,0.577116870433092,6.020133692632388
41.4586865901947,8.771154241484993,14.78049747705099,0.22265580425970255,0.571186265554279,6.009343235565996
41.478163957595825,8.775072379920573,14.767544657000153,0.2400040956120938,0.5077518956921994,5.99247227707958
41.49826669692993,8.782795246476912,14.763125266629794,0.2400040956120938,0.5077518956921994,5.980330020152882
41.518415689468384,8.78950043639527,14.754132714296814,0.2815554024558514,0.5122211851365863,5.9646322779015435
41.53813815116882,8.798778884459413,14.740256782869357,0.23620165827684103,0.5655888930149375,5.941477898409945
41.55824303627014,8.8119164828312,14.735527545564471,0.23620165827684103,0.5655888930149375,5.92361106273327
41.578649044036865,8.827388331454381,14.721025666571993,0.24945859554223715,0.5581848561950027,5.893637335117612
41.60126352310181,8.84407374568246,14.706049058602698,0.24944715107663795,0.49576078506186594,5.861975312920238
41.61838364601135,8.863478684588996,14.70095060560872,0.24944715107663795,0.49576078506186594,5.8374719210197235
41.63828110694885,8.884261136999157,14.69059337924764,0.2526089809729092,0.565760785061866,5.806332242248482
41.658190965652466,8.90313631591462,14.69059337924764,0.2526089809729092,0.565760785061866,5.787457063333019
41.67868113517761,8.92250563474479,14.669233368947747,0.19634405522479936,0.5819516138173639,5.746727734202958
41.7012197971344,8.941707697146985,14.65264383680886,0.17163193783595487,0.5443528884090483,5.710936139661875
41.71869611740112,8.960287518193825,14.65264383680886,0.17163193783595487,0.5443528884090483,5.692356318615035
41.73902630805969,8.976418993192048,14.635561870668113,0.1424287613375418,0.5578568785451352,5.659142877476064
41.75809693336487,8.991951231815476,14.635561870668113,0.1424287613375418,0.5578568785451352,5.643610638852637
41.77855110168457,9.00897425016846,14.617983791285319,0.15296230929776355,0.6055746695958077,5.609009541116858
41.7981173992157,9.028900443183568,14.59990606963499,0.125098180946552,0.548256220575422,5.571005626451422
41.81813859939575,9.052634319873507,14.59376854235184,0.125098180946552,0.548256220575422,5.541134222478334
41.83811664581299,9.092285523814784,14.58132532584724,0.15298841054423973,0.5615884990431368,5.4890398020324564
41.85822296142578,9.160478373088702,14.562238328148691,0.20507148931606933,0.6315884990431369,5.401759955059989
41.878207206726074,9.269861956051042,14.555762957333897,0.20507148931606933,0.6315884990431369,5.285901001282856
41.899171352386475,9.423503808288972,14.535996181204123,0.20057314586698338,0.5831102309562266,5.112492372915151
41.92005228996277,9.615419113737119,14.522533378053687,0.18605933756440207,0.555771491471678,4.907114264316569
41.93819856643677,9.83580954734803,14.51571618034065,0.18605933756440207,0.555771491471678,4.679906632992621
41.95883822441101,10.027158148643997,14.494920208976135,0.18672558908689096,0.6020244499482215,4.467762060332138
41.98308348655701,10.233987274039103,14.47360566485033,0.15234765281307772,0.5993673254083842,4.239618390811227
41.99818682670593,10.448434256900159,14.466385149181166,0.15234765281307772,0.5993673254083842,4.017950892281007
42.01970052719116,10.66020437890319,14.451770088151012,0.08234765281307771,0.5357014436554164,3.7915657092478217
42.0386757850647,10.866850374771621,14.451770088151012,0.08234765281307771,0.5357014436554164,3.5849197133793904
42.0588641166687,11.062174771581198,14.421841503851955,0.15234765281307772,0.4657014436554164,3.3596667322707567
42.08113503456116,11.249120349747283,14.398781410783299,0.19131214415061548,0.3957014436554164,3.1496610610360154
42.098212003707886,11.425319233648219,14.398781410783299,0.19131214415061548,0.3957014436554164,2.9734621771350795
42.118467569351196,11.589409971214046,14.375193100960013,0.1803185070060499,0.4329594614636153,2.785783129745967
42.14317488670349,11.74308238148185,14.351074719606187,0.17454198292794898,0.469302086038515,2.607992338124337
42.158190965652466,11.885468405501449,14.351074719606187,0.17454198292794898,0.469302086038515,2.465606314104738
42.17824912071228,12.00909158684309,14.33470046053895,0.23914635471406653,0.452378697572276,2.3256088736958613
42.19866919517517,12.12359536031932,14.326424548745429,0.23914635471406653,0.452378697572276,2.2028291884261098
42.218733072280884,12.231063584904271,14.30124100614177,0.20381308264437392,0.4716629012208432,2.0701774212374993
42.23819088935852,12.33081274130918,14.275522644240574,0.15695601619187072,0.4918349365424365,1.944709902931395
42.258538484573364,12.42025515755361,14.266830777279102,0.15695601619187072,0.4918349365424365,1.846575619725492
42.27890491485596,12.500181468459784,14.249268149109444,0.15501923567022458,0.4694298281054944,1.7490866806496594
42.29814958572388,12.569075281359536,14.222476339379124,0.19449381983245984,0.43321228015236557,1.653401058019588
42.31823468208313,12.628490447985982,14.213426147665395,0.19449381983245984,0.43321228015236557,1.5849356996794128
42.33833408355713,12.67975605205175,14.195146165184417,0.2208592583086647,0.5032122801523655,1.515390113132666
42.35807943344116,12.724010029942235,14.167276707105078,0.21967911754141822,0.5732122801523656,1.4432666771628426
42.378225326538086,12.762227560658513,14.15786690662607,0.21967911754141822,0.5732122801523656,1.3956393459675578
42.398924827575684,12.79540899656628,14.129277196635309,0.21442683214660063,0.5897770926635713,1.3338682000690287
42.419628381729126,12.82405404418693,14.109916907481784,0.21474783901463523,0.5773142531793565,1.285862863294854
42.438880443573,12.848793268116564,14.100146558782749,0.21474783901463523,0.5773142531793565,1.2513532906661844
42.458773374557495,12.870167583748724,14.070474500815672,0.2772442739118196,0.6274381570797414,1.200306917066948
42.483039140701294,12.88632503404386,14.04026065633692,0.2696705296296932,0.5699580975156278,1.1539356222930603
42.49882984161377,12.898433123910275,14.030068932508643,0.2696705296296932,0.5699580975156278,1.131635808598368
42.51959252357483,12.905093151783056,14.009504783745799,0.305750517513261,0.5938023731391877,1.1044116319627424
42.53886580467224,12.905477190029874,14.009504783745799,0.305750517513261,0.5938023731391877,1.1040275937159247
42.55834221839905,12.899175579363833,13.967653612758495,0.3007348411377825,0.6638023731391878,1.068478033394662
42.58187961578369,12.886079978030146,13.935632761431776,0.3227148194458641,0.5938023731391877,1.04955278340163
42.5982620716095,12.874710042605658,13.935632761431776,0.3227148194458641,0.5938023731391877,1.0609227188261183
42.61803913116455,12.85642252064519,13.913984430997234,0.3325369813140787,0.6261457644682378,1.0575619103520442
42.638338565826416,12.829179448018834,13.903069964366592,0.3325369813140787,0.6261457644682378,1.073890516347758
42.65886998176575,12.794117665405668,13.869965508508507,0.3299479259770669,0.5698292099218816,1.0758478431028387
42.67814588546753,12.749916513274554,13.836319799951058,0.29794069366867915,0.5514994852524251,1.0864032866765037
42.69848036766052,12.691266858311451,13.824984372605636,0.29794069366867915,0.5514994852524251,1.1337175142941849
42.71890735626221,12.610229173031657,13.802133362876654,0.26785268808122054,0.5498754181712866,1.1919041898449976
42.738141775131226,12.508827895473688,13.767406838497486,0.26736093520990833,0.5895456694811583,1.2585789430237977
42.75871777534485,12.391322189065832,13.755711438520773,0.26736093520990833,0.5895456694811583,1.3643892494549412
42.77822780609131,12.268043860115965,13.720265995467058,0.30360126331321224,0.6400320329517126,1.452222135351093
42.80204916000366,12.144004967809751,13.684282410436943,0.28628128975502476,0.6433439692296088,1.5402774426271915
42.81900906562805,12.036311234646188,13.672168468667824,0.28628128975502476,0.6433439692296088,1.6358572340216355
42.838348150253296,11.92688803814446,13.647761707092883,0.2467684394108437,0.6167103117145598,1.720873668948423
42.859108686447144,11.821463775064908,13.647761707092883,0.2467684394108437,0.6167103117145598,1.826297932027975
42.878769636154175,11.721595538114082,13.598233898287656,0.23500888351223692,0.6032585277967155,1.8766383601735743
42.90413761138916,11.63053477301164,13.560464529413721,0.2501804206880115,0.6543726399354637,1.9299297564020819
42.91856575012207,11.547991402238306,13.560464529413721,0.2501804206880115,0.6543726399354637,2.012473127175415
42.938108682632446,11.478172164773158,13.522162260554191,0.22272107865534052,0.5965646542422474,2.0439900957810337
42.958993911743164,11.419030939814204,13.509276672086871,0.22272107865534052,0.5965646542422474,2.090245732272667
42.97911262512207,11.37118146210428,13.48332859496415,0.21884472410998568,0.5306779928319156,2.112147132859869
42.998337507247925,11.332436078898636,13.443965143749656,0.1807355109962009,0.5831605866365135,2.1115290648510197
43.01860451698303,11.303351700064878,13.43072655707072,0.1807355109962009,0.5831605866365135,2.127374857005842
43.03841304779053,11.281744181467547,13.390659415614623,0.1773556249575995,0.6531605866365136,2.1089152341470765
43.05840015411377,11.262983982155196,13.363655861771871,0.2112262064950846,0.6554701055027545,2.100671879616675
43.079078912734985,11.251927671558208,13.350066661252779,0.2112262064950846,0.6554701055027545,2.0981389896945704
43.09900236129761,11.248830067234353,13.30895025694549,0.18264657094947323,0.6928606803156436,2.060120189711137
43.12247610092163,11.251342061528755,13.30895025694549,0.18264657094947323,0.6928606803156436,2.0576081954167353
43.138648986816406,11.260000517956748,13.253317403942509,0.208503868653097,0.6499902221001685,1.9933168859857613
43.15931582450867,11.272699993966285,13.225154865584548,0.27325354911259636,0.6386895018257202,1.9524548716182633
43.179075717926025,11.290187937817235,13.225154865584548,0.27325354911259636,0.6386895018257202,1.934966927767313
43.1986665725708,11.312857312878354,13.168140952268875,0.22187475137285217,0.6870014580525459,1.855283639390521
43.21900010108948,11.340844507744256,13.168140952268875,0.22187475137285217,0.6870014580525459,1.8272964445246185
43.23825144767761,11.371787756602819,13.124780578836695,0.2652920524018191,0.667864816877991,1.7529928222338764
43.25819945335388,11.403968716663657,13.080908742717245,0.2632954418553345,0.6732907045260073,1.6769400260535878
43.279014587402344,11.431909047807403,13.066171585398415,0.2632954418553345,0.6732907045260073,1.6342625375910114
43.29889988899231,11.458103401679315,13.036528042973881,0.29080243593885824,0.6615274587273599,1.578424641294566
43.31831479072571,11.482394684502427,12.991641175223933,0.34144175982906744,0.5915274587273598,1.5092464907215053
43.3387291431427,11.502407589165525,12.976566883878624,0.34144175982906744,0.5915274587273598,1.4741592947130986
43.358936071395874,11.516605030047723,12.931009483536094,0.352916532185518,0.6615274587273599,1.4144044534883715
43.381131172180176,11.524072643495352,12.884952574499236,0.32408102135046646,0.6686637631244958,1.3608799310038844
43.39833092689514,11.524352694300314,12.86948978711045,0.32408102135046646,0.6686637631244958,1.3451370928101358
43.418283224105835,11.515000327912906,12.838399166582985,0.34369146729692146,0.6981545655615629,1.3233988386700783
43.43844032287598,11.496887605636902,12.838399166582985,0.34369146729692146,0.6981545655615629,1.341511560946083
43.45830178260803,11.468534774347837,12.77556099865192,0.30762695426925346,0.6974343489599415,1.3070262243040833
43.483022928237915,11.431500251560937,12.72786131279434,0.32723996507807895,0.6665535662067124,1.2963610612334033
43.499114990234375,11.399345933341081,12.72786131279434,0.32723996507807895,0.6665535662067124,1.3285153794532594
43.51839900016785,11.359178088616053,12.679675819013209,0.25723996507807895,0.6711479760450312,1.3204977303971557
43.5383563041687,11.314502824525752,12.663506615681033,0.25723996507807895,0.6711479760450312,1.3490037911552815
43.55852961540222,11.267874207015893,12.631007917987628,0.27215562417044564,0.6517249792558142,1.3631337109717343
43.57834196090698,11.221117720718288,12.581861097771878,0.2584153705356948,0.7,1.3607433770535895
43.59836721420288,11.175504681492603,12.565373013206196,0.2584153705356948,0.7,1.3898683317135934
43.618152141571045,11.13188798502281,12.515593208968179,0.21419339562638923,0.6662562273442745,1.383705223945368
43.64025068283081,11.095440118722621,12.46534295817643,0.1776891344307296,0.6464334789663553,1.3699028394538093
43.658442735672,11.067248509256357,12.448488980396766,0.1776891344307296,0.6464334789663553,1.3812404711404085
43.678098917007446,11.0455345210428,12.414626032486813,0.14512994075997993,0.6476268377620726,1.3690915114440134
43.703142166137695,11.033524727772475,12.414626032486813,0.14512994075997993,0.6476268377620726,1.3811013047143383
43.71858811378479,11.023097518630596,12.346284199960191,0.1702869341789119,0.6271119844634085,1.3231866813295952
43.74072480201721,11.021834974063387,12.294493496774226,0.14634179632052108,0.6683028135914355,1.2726585227108398
43.75893712043762,11.029287648423248,12.294493496774226,0.14634179632052108,0.6683028135914355,1.2652058483509787
43.77821898460388,11.044913676892374,12.24224928282461,0.16734192642255946,0.6739037661347538,1.1973356059322349
43.803362131118774,11.068121282896143,12.189555680856543,0.09734192642255945,0.6732394717866554,1.1214343979603996
43.818650007247925,11.100615966423582,12.189555680856543,0.09734192642255945,0.6732394717866554,1.0889397144329607
43.83818697929382,11.147970270608722,12.136416891811598,0.0515012644497983,0.6032394717866554,0.9884466212028755
43.858482837677,11.2159794991902,12.118605768887734,0.0515012644497983,0.6032394717866554,0.9026262696975351
43.878134965896606,11.30580825027944,12.082837193768622,0.020455771711312964,0.6487826469773426,0.7770289434891815
43.898210287094116,11.417690379730063,12.028820940884644,0.011052307326935962,0.6241072553629055,0.6111305611545816
43.91816544532776,11.560472497133174,12.010719274465673,0.011052307326935962,0.6241072553629055,0.45024677733249874
43.9387092590332,11.684439576863126,11.97437256233579,0.0,0.56684123235289,0.2899329854726638
43.958226442337036,11.854065346342372,11.919496561258175,0.0,0.5282383661204948,0.06543121491580273
43.97863292694092,12.074097759659656,11.901110322510647,0.0,0.5282383661204948,-0.17298743714900944
43.998289823532104,12.3441898429565,11.845671288788774,0.0,0.48797169583383937,-0.4985185541677257
44.01979327201843,12.665097625783131,11.80848006750656,0.07,0.4742260433221235,-0.8566175582765716
44.03812074661255,13.049905077608457,11.789815421528733,0.07,0.4742260433221235,-1.2600896560797246
44.060697078704834,13.506015998518887,11.714700730219342,0.11931459948420525,0.41288188541773696,-1.7913152682995452
44.07879710197449,14.025111987351762,11.695808923673159,0.11931459948420525,0.41288188541773696,-2.329303063678603
44.098464250564575,14.578908147961641,11.657890812308084,0.13072380766272546,0.3785674392664804,-2.9210173356535574
44.11872911453247,15.142211129654727,11.657890812308084,0.13072380766272546,0.3785674392664804,-3.4843203173466435
44.13832187652588,15.631285160168751,11.581521709379327,0.14023458555340768,0.44705921853426833,-4.049763450789424
44.16148614883423,16.121898132885327,11.523784428641926,0.20235169276595116,0.4936598881566896,-4.598113704243401
44.17902421951294,16.600649971958955,11.523784428641926,0.20235169276595116,0.4936598881566896,-5.076865543317028
44.19830584526062,17.058545845931235,11.48507644780657,0.23156717203557492,0.4236598881566896,-5.573469398124665
44.21850109100342,17.487571429605566,11.465658085933446,0.23156717203557492,0.4236598881566896,-6.02191334367212
44.238869190216064,17.880604654930433,11.407147802370794,0.28769545041024686,0.3970518252486362,-6.473456852559639
44.25820803642273,18.22206550721155,11.348258762439942,0.2967339685931802,0.39422494737897057,-6.873806744771608
44.278780937194824,18.48627716104482,11.328545819460192,0.2967339685931802,0.39422494737897057,-7.157731341584629
44.29821968078613,18.64817549821051,11.269159943338073,0.31339346680790187,0.4275015723565592,-7.379015554872437
44.31918787956238,18.695364277498957,11.269159943338073,0.31339346680790187,0.4275015723565592,-7.426204334160884
44.3390417098999,18.624572818717716,11.209407648467728,0.3127891043480486,0.44451517617795605,-7.415165170249988
44.35825538635254,18.563109866812077,11.149294322916342,0.3318109916802496,0.4460098663717507,-7.413815543895735
44.378411293029785,18.38095867591628,11.149294322916342,0.3318109916802496,0.4460098663717507,-7.231664352999937
44.39918303489685,18.071137062210404,11.068591041536761,0.36720592102967203,0.45094970282167185,-7.002546020673643
44.421793937683105,17.634476426002877,11.007656592856575,0.34466904162429274,0.4259380367025732,-6.6268198331463015
44.4385199546814,17.08647881105637,11.007656592856575,0.34466904162429274,0.4259380367025732,-6.078822218199795
44.45845556259155,16.45474399626635,10.966842918188277,0.34794435038231314,0.42431816627737123,-5.487901078078075
44.47835159301758,15.769914525129169,10.94637949228989,0.34794435038231314,0.42431816627737123,-4.823535032839279
44.49843406677246,15.050040716387477,10.884765374966765,0.3094349107053131,0.4375613032048567,-4.1652753414207115
44.518457651138306,14.308583557898762,10.822819930207523,0.3187015703227371,0.5075613032048567,-3.48576362769124
44.539156675338745,13.560094311387425,10.802098811314266,0.3187015703227371,0.5075613032048567,-2.757995500073159
44.559048891067505,12.826447068759355,10.739720538373136,0.3063170252647251,0.47882352349814017,-2.086726530386219
44.57844281196594,12.122443986630891,10.69795808025872,0.2710679969098419,0.48544585378374894,-1.4244859063721709
44.598740339279175,11.51121053667472,10.67702441786732,0.2710679969098419,0.48544585378374894,-0.8341861188074002
44.61843538284302,10.926896597751579,10.614016312102333,0.2561933337058872,0.4850460891565307,-0.3128802856492463
44.64218759536743,10.376679956023096,10.550702132984544,0.27499590202234686,0.4972470854362472,0.17402217696144717
44.65829801559448,9.866963878690932,10.529530419134257,0.27499590202234686,0.4972470854362472,0.6625665404433256
44.67898154258728,9.398812213653274,10.487087840962104,0.34499590202234687,0.5672470854362472,1.08827562730883
44.698689699172974,8.974184811249385,10.487087840962104,0.34499590202234687,0.5672470854362472,1.512903029712719
44.71829652786255,8.59097951975905,10.401812333420857,0.3621144137438387,0.5686971957795321,1.810832813661806
44.74219822883606,8.248960898498904,10.337521222215335,0.3146737917419523,0.595155472215265,2.0885603237164307
44.75885248184204,7.942247248492586,10.337521222215335,0.3146737917419523,0.595155472215265,2.395273973722749
44.77841281890869,7.668139146083199,10.294504597833752,0.3587934962566942,0.570776133146137,2.6263654517505532
44.798288345336914,7.42390230869714,10.272950203246797,0.3587934962566942,0.570776133146137,2.849047894549657
44.818509101867676,7.211849650815987,10.208105435072627,0.380991867845878,0.5007761331461369,2.9962557842566397
44.83843779563904,7.020424423548328,10.142993119143464,0.310991867845878,0.4481573278270661,3.1225686955951355
44.8582603931427,6.8483715973293755,10.121230636678579,0.310991867845878,0.4481573278270661,3.2728590393492034
44.87825608253479,6.691992547535045,10.05577130926387,0.29360059223137797,0.37815732782706607,3.363778761728825
44.89836359024048,6.548305201189688,10.011990857934524,0.2296339752431959,0.44055782159790385,3.463685656744836
44.91879105567932,6.417220128366741,9.9900590650036,0.2296339752431959,0.44055782159790385,3.5728389366368587
44.93825173377991,6.298343081210022,9.924100240676967,0.24966492078267039,0.4923813370428978,3.6257571594669455
44.96146893501282,6.193394829740775,9.857901211367047,0.24931405390845612,0.5623813370428978,3.6645063816262713
44.97852087020874,6.103203495201119,9.835782596629578,0.24931405390845612,0.5623813370428978,3.732579101428459
44.99911618232727,6.025639009333303,9.791468389401661,0.2965904017840512,0.6018127637170254,3.765829380068358
45.018441677093506,5.961205437250566,9.791468389401661,0.2965904017840512,0.6018127637170254,3.830262952151095
45.03834009170532,5.9052625649011175,9.791468389401661,0.3654969027196057,0.560158948060125,3.8862058245005437
45.05856657028198,5.861335798812577,9.791468389401661,0.3654969027196057,0.560158948060125,3.930132590589084
45.078694105148315,5.826912870170599,9.791468389401661,0.3654969027196057,0.560158948060125,3.9645555192310624
45.09866428375244,5.799998333608278,9.791468389401661,0.3654969027196057,0.560158948060125,3.991470055793383
45.11868166923523,5.776691960874964,9.791468389401661,0.3654969027196057,0.560158948060125,4.014776428526697
45.1386992931366,5.7565059850846225,9.791468389401661,0.3654969027196057,0.560158948060125,4.034962404317039
45.15867877006531,5.739019375176351,9.791468389401661,0.3654969027196057,0.560158948060125,4.05244901422531
45.178725719451904,5.7192358535475964,9.791468389401661,0.3654969027196057,0.560158948060125,4.072232535854065
45.199026107788086,5.698378334610585,9.791468389401661,0.3654969027196057,0.560158948060125,4.093090054791076
45.21876525878906,5.675008187778262,9.791468389401661,0.3654969027196057,0.560158948060125,4.116460201623399
45.238951683044434,5.654717629630257,9.791468389401661,0.3654969027196057,0.560158948060125,4.136750759771404
45.2591290473938,5.63057560782068,9.791468389401661,0.3654969027196057,0.560158948060125,4.160892781580981
45.278998136520386,5.60207834708002,9.791468389401661,0.3654969027196057,0.560158948060125,4.189390042321641
45.29899740219116,5.568990716826806,9.791468389401661,0.3654969027196057,0.560158948060125,4.222477672574855
45.3189914226532,5.5335867267468055,9.791468389401661,0.3654969027196057,0.560158948060125,4.257881662654856
45.33892631530762,5.497506906871082,9.791468389401661,0.3654969027196057,0.560158948060125,4.293961482530579
45.35899353027344,5.461908548668252,9.791468389401661,0.3654969027196057,0.560158948060125,4.329559840733409
45.378984212875366,5.427582795267167,9.791468389401661,0.3654969027196057,0.560158948060125,4.363885594134494
45.39898872375488,5.395045619834127,9.791468389401661,0.3654969027196057,0.560158948060125,4.396422769567534
45.4188175201416,5.364608269447932,9.791468389401661,0.3654969027196057,0.560158948060125,4.426860119953729
45.43892192840576,5.336431589570825,9.791468389401661,0.3654969027196057,0.560158948060125,4.455036799830836
45.459223985672,5.3128840686653955,9.791468389401661,0.3654969027196057,0.560158948060125,4.478584320736266
45.47892451286316,5.292439509818544,9.791468389401661,0.3654969027196057,0.560158948060125,4.4990288795831175
45.49898433685303,5.275421975412271,9.791468389401661,0.3654969027196057,0.560158948060125,4.5160464139893906
45.518924713134766,5.261233280409609,9.791468389401661,0.3654969027196057,0.560158948060125,4.530235108992052
45.53892755508423,5.249383383431433,9.791468389401661,0.3654969027196057,0.560158948060125,4.542085005970228
45.55898833274841,5.239470272554921,9.791468389401661,0.3654969027196057,0.560158948060125,4.5519981168467405
45.578861474990845,5.231163674375934,9.791468389401661,0.3654969027196057,0.560158948060125,4.560304715025727
45.59898042678833,5.224191847981609,9.791468389401661,0.3654969027196057,0.560158948060125,4.5672765414200525
45.618905782699585,5.21833086968463,9.791468389401661,0.3654969027196057,0.560158948060125,4.573137519717031
45.6387996673584,5.213395930191513,9.791468389401661,0.3654969027196057,0.560158948060125,4.578072459210148
45.65893244743347,5.2092342589303655,9.791468389401661,0.3654969027196057,0.560158948060125,4.582234130471296
45.678943157196045,5.2056209896889225,9.791468389401661,0.3654969027196057,0.560158948060125,4.585847399712739
45.699004888534546,5.202582232443768,9.791468389401661,0.3654969027196057,0.560158948060125,4.588886156957893
45.71892333030701,5.200022606109496,9.791468389401661,0.3654969027196057,0.560158948060125,4.591445783292166
45.73893618583679,5.197863233407021,9.791468389401661,0.3654969027196057,0.560158948060125,4.5936051559946405
45.758994817733765,5.196038779080371,9.791468389401661,0.3654969027196057,0.560158948060125,4.595429610321291
45.77892351150513,5.194495035801475,9.791468389401661,0.3654969027196057,0.560158948060125,4.596973353600186
45.79900121688843,5.193186954111528,9.791468389401661,0.3654969027196057,0.560158948060125,4.598281435290133
45.81891870498657,5.192077032702145,9.791468389401661,0.3654969027196057,0.560158948060125,4.599391356699516
45.83896613121033,5.191134001405474,9.791468389401661,0.3654969027196057,0.560158948060125,4.600334387996187
45.858994483947754,5.1903317422038455,9.791468389401661,0.3654969027196057,0.560158948060125,4.601136647197816
45.878918409347534,5.189648403999842,9.791468389401661,0.3654969027196057,0.560158948060125,4.60181998540182
45.89903378486633,5.189055112324673,9.791468389401661,0.3654969027196057,0.560158948060125,4.602413277076988
45.9189989566803,5.1885505643188345,9.791468389401661,0.3654969027196057,0.560158948060125,4.602917825082827
45.93892168998718,5.188120953237644,9.791468389401661,0.3654969027196057,0.560158948060125,4.603347436164017
45.959014892578125,5.187754714231821,9.791468389401661,0.3654969027196057,0.560158948060125,4.60371367516984
45.978920459747314,5.187442144419129,9.791468389401661,0.3654969027196057,0.560158948060125,4.604026244982532
45.99898076057434,5.187175089921613,9.791468389401661,0.3654969027196057,0.560158948060125,4.604293299480048
46.01899480819702,5.186946687663965,9.791468389401661,0.3654969027196057,0.560158948060125,4.6045217017376965
