time,theta,target,p1_cmd,p2_cmd,error
74.42575883865356,13.70408552575687,0.0,0.0,0.0,-13.70408552575687
74.4459068775177,13.707544594142918,0.0,0.0,0.0,-13.707544594142918
74.46601891517639,13.708712392723054,0.0,0.0,0.0,-13.708712392723054
74.48647236824036,13.709306414879313,0.0,0.0,0.0,-13.709306414879313
74.50614738464355,13.709670109530396,0.0,0.0,0.0,-13.709670109530396
74.52588319778442,13.703045516718246,0.0,0.0,0.0,-13.703045516718246
74.54570412635803,13.677644896364347,0.0,0.0,0.0,-13.677644896364347
74.56593894958496,13.622653679127584,0.0,0.0,0.0,-13.622653679127584
74.5859432220459,13.533059410345627,0.0,0.0,0.0,-13.533059410345627
74.60582828521729,13.404064648183141,0.0,0.0,0.0,-13.404064648183141
74.62592506408691,13.225936606726862,0.0,0.0,0.0,-13.225936606726862
74.64604592323303,12.991199481818477,0.0,0.0,0.0,-12.991199481818477
74.66613054275513,12.793261845560687,0.0,0.0,0.0,-12.793261845560687
74.68613481521606,12.527081960982015,0.0,0.0,0.0,-12.527081960982015
74.70615315437317,12.193433125989849,0.0,0.0,0.0,-12.193433125989849
74.7259771823883,11.799198422738824,0.0,0.0,0.0,-11.799198422738824
74.74588441848755,11.357589902217804,0.0,0.0,0.0,-11.357589902217804
74.76613759994507,10.883474882319657,0.0,0.0,0.0,-10.883474882319657
74.78617572784424,10.399545821660219,0.0,0.0,0.0,-10.399545821660219
74.80594038963318,9.921634267578995,0.0,0.0,0.0,-9.921634267578995
74.82582402229309,9.460492975279012,0.0,0.0,0.0,-9.460492975279012
74.84574890136719,9.023115946288295,0.0,0.0,0.0,-9.023115946288295
74.86583924293518,8.613727063377855,0.0,0.0,0.0,-8.613727063377855
74.88585448265076,8.258742688896945,0.0,0.0,0.0,-8.258742688896945
74.90614533424377,7.926632764470841,0.0,0.0,0.0,-7.926632764470841
74.92599391937256,7.619144131613787,0.0,0.0,0.0,-7.619144131613787
74.94631600379944,7.336844550913957,0.0,0.0,0.0,-7.336844550913957
74.96632933616638,7.0794680641931516,0.0,0.0,0.0,-7.0794680641931516
74.98631620407104,6.8461762356347355,0.0,0.0,0.0,-6.8461762356347355
75.00627493858337,6.635754505610011,0.0,0.0,0.0,-6.635754505610011
75.02624177932739,6.446758493917561,0.0,0.0,0.0,-6.446758493917561
75.04601287841797,6.277621758537887,0.0,0.0,0.0,-6.277621758537887
75.06621289253235,6.126733960667975,0.0,0.0,0.0,-6.126733960667975
75.08624362945557,5.992496407978677,0.0,0.0,0.0,-5.992496407978677
75.10619187355042,5.875954637745603,0.0,0.0,0.0,-5.875954637745603
75.12595343589783,5.7721803200070525,0.0,0.0,0.0,-5.7721803200070525
75.1461238861084,5.68000846327186,0.0,0.0,0.0,-5.68000846327186
75.16617679595947,5.598324269615183,0.0,0.0,0.0,-5.598324269615183
75.18610310554504,5.526077134892695,0.0,0.0,0.0,-5.526077134892695
75.20607709884644,5.462288695879707,0.0,0.0,0.0,-5.462288695879707
75.22595167160034,5.406056526402936,0.0,0.0,0.0,-5.406056526402936
75.24591088294983,5.356554710883325,0.0,0.0,0.0,-5.356554710883325
75.26611185073853,5.313032231627475,0.0,0.0,0.0,-5.313032231627475
75.28614473342896,5.274809878474268,0.0,0.0,0.0,-5.274809878474268
75.30594944953918,5.241276212393516,0.0,0.0,0.0,-5.241276212393516
75.32613444328308,5.212161502097993,0.0,0.0,0.0,-5.212161502097993
75.34607338905334,5.18660489199354,0.0,0.0,0.0,-5.18660489199354
75.3662178516388,5.164193203810649,0.0,0.0,0.0,-5.164193203810649
75.38597249984741,5.144556570116813,0.0,0.0,0.0,-5.144556570116813
75.40619730949402,5.1273649534314485,0.0,0.0,0.0,-5.1273649534314485
75.42624616622925,5.112324678994878,0.0,0.0,0.0,-5.112324678994878
75.44596719741821,5.0991750683224835,0.0,0.0,0.0,-5.0991750683224835
75.46601271629333,5.087685231432128,0.0,0.0,0.0,-5.087685231432128
75.48619818687439,5.077651053787875,0.0,0.0,0.0,-5.077651053787875
75.50599670410156,5.068892397874629,0.0,0.0,0.0,-5.068892397874629
75.52598071098328,5.061250527587294,0.0,0.0,0.0,-5.061250527587294
75.54601716995239,5.054615661458382,0.0,0.0,0.0,-5.054615661458382
75.56625437736511,5.048825195581865,0.0,0.0,0.0,-5.048825195581865
75.58632183074951,5.043773840634684,0.0,0.0,0.0,-5.043773840634684
75.60605955123901,5.039368985547801,0.0,0.0,0.0,-5.039368985547801
75.62585639953613,5.035529266066081,0.0,0.0,0.0,-5.035529266066081
75.64584136009216,5.0321832740921355,0.0,0.0,0.0,-5.0321832740921355
75.666020154953,5.029268398830161,0.0,0.0,0.0,-5.029268398830161
75.68611478805542,5.02672979001636,0.0,0.0,0.0,-5.02672979001636
75.70588874816895,5.0245194332719025,0.0,0.0,0.0,-5.0245194332719025
75.7257707118988,5.022595327702676,0.0,0.0,0.0,-5.022595327702676
75.74583888053894,5.020920756191773,0.0,0.0,0.0,-5.020920756191773
75.76589846611023,5.019466850459612,0.0,0.0,0.0,-5.019466850459612
75.78585195541382,5.018201321234024,0.0,0.0,0.0,-5.018201321234024
75.80578446388245,5.017099987530016,0.0,0.0,0.0,-5.017099987530016
75.82571792602539,5.016141726353471,0.0,0.0,0.0,-5.016141726353471
75.84584617614746,5.01530809542505,0.0,0.0,0.0,-5.01530809542505
75.86595225334167,5.01458300048169,0.0,0.0,0.0,-5.01458300048169
75.88598012924194,5.013952402309025,0.0,0.0,0.0,-5.013952402309025
75.90615057945251,5.0134040590912665,0.0,0.0,0.0,-5.0134040590912665
75.92590641975403,5.012927300082233,0.0,0.0,0.0,-5.012927300082233
75.94598722457886,5.012512826996312,0.0,0.0,0.0,-5.012512826996312
75.96580410003662,5.012152539887458,0.0,0.0,0.0,-5.012152539887458
75.98591637611389,5.011839729421054,0.0,0.0,0.0,-5.011839729421054
76.00603079795837,5.011567794592726,0.0,0.0,0.0,-5.011567794592726
76.02583193778992,5.011331417995965,0.0,0.0,0.0,-5.011331417995965
76.04591250419617,5.011125969130887,0.0,0.0,0.0,-5.011125969130887
76.06613779067993,5.010947416645835,0.0,0.0,0.0,-5.010947416645835
76.08622980117798,5.010792251591622,0.0,0.0,0.0,-5.010792251591622
76.1062822341919,5.010657420347577,0.0,0.0,0.0,-5.010657420347577
76.12604451179504,5.010540266033153,0.0,0.0,0.0,-5.010540266033153
76.14633369445801,5.010438477357525,0.0,0.0,0.0,-5.010438477357525
76.16638922691345,5.0103500439835535,0.0,0.0,0.0,-5.0103500439835535
76.1863534450531,5.010273217592857,0.0,0.0,0.0,-5.010273217592857
76.20634531974792,5.010206514958986,0.0,0.0,0.0,-5.010206514958986
76.22617483139038,5.010148565007177,0.0,0.0,0.0,-5.010148565007177
76.24610424041748,5.010098221761818,0.0,0.0,0.0,-5.010098221761818
76.2663037776947,5.01005448877674,0.0,0.0,0.0,-5.01005448877674
76.28648376464844,5.010016499727233,0.0,0.0,0.0,-5.010016499727233
76.30602312088013,5.0099835015003,0.0,0.0,0.0,-5.0099835015003
76.3260931968689,5.009954839465796,0.0,0.0,0.0,-5.009954839465796
76.34605002403259,5.009929944650547,0.0,0.0,0.0,-5.009929944650547
76.36607241630554,5.009908322572259,0.0,0.0,0.0,-5.009908322572259
76.38603091239929,5.0098895435205755,0.0,0.0,0.0,-5.0098895435205755
76.4060206413269,5.009873234099434,0.0,0.0,0.0,-5.009873234099434
76.4259684085846,5.009859073843598,0.0,0.0,0.0,-5.009859073843598
76.44589281082153,5.009846775572739,0.0,0.0,0.0,-5.009846775572739
76.46603846549988,5.009836094719815,0.0,0.0,0.0,-5.009836094719815
76.48603439331055,5.009826818786474,0.0,0.0,0.0,-5.009826818786474
76.50605988502502,5.00981876314901,0.0,0.0,0.0,-5.00981876314901
76.52587080001831,5.009811767410646,0.0,0.0,0.0,-5.009811767410646
76.54573082923889,5.009805692229389,0.0,0.0,0.0,-5.009805692229389
76.56630039215088,5.009800416559837,0.0,0.0,0.0,-5.009800416559837
76.58601355552673,5.009795835255174,0.0,0.0,0.0,-5.009795835255174
76.60599875450134,5.009791856982569,0.0,0.0,0.0,-5.009791856982569
76.6258192062378,5.0097884024111785,0.0,0.0,0.0,-5.0097884024111785
76.64614701271057,5.009785403064098,0.0,0.0,0.0,-5.009785403064098
76.66631126403809,5.009782798527549,0.0,0.0,0.0,-5.009782798527549
76.68627691268921,5.009780536860954,0.0,0.0,0.0,-5.009780536860954
76.70623707771301,5.009778572951097,0.0,0.0,0.0,-5.009778572951097
76.72605848312378,5.009776867615879,0.0,0.0,0.0,-5.009776867615879
76.74614405632019,5.0097753868254715,0.0,0.0,0.0,-5.0097753868254715
76.7664086818695,5.009774101025568,0.0,0.0,0.0,-5.009774101025568
76.78651738166809,5.009772984549372,0.0,0.0,0.0,-5.009772984549372
76.80629229545593,5.009772015106718,0.0,0.0,0.0,-5.009772015106718
76.82637310028076,5.009771173340245,0.0,0.0,0.0,-5.009771173340245
76.84616947174072,5.009770442439812,0.0,0.0,0.0,-5.009770442439812
76.86632180213928,5.009769807853396,0.0,0.0,0.0,-5.009769807853396
76.88601517677307,5.009769256843436,0.0,0.0,0.0,-5.009769256843436
76.90634250640869,5.009768778405856,0.0,0.0,0.0,-5.009768778405856
76.92612433433533,5.009768362984803,0.0,0.0,0.0,-5.009768362984803
76.94634413719177,5.009768002282172,0.0,0.0,0.0,-5.009768002282172
76.9663462638855,5.0097676890921665,0.0,0.0,0.0,-5.0097676890921665
76.98608803749084,5.009767417157589,0.0,0.0,0.0,-5.009767417157589
77.00617289543152,5.009767181045032,0.0,0.0,0.0,-5.009767181045032
77.0262143611908,5.009766976036471,0.0,0.0,0.0,-5.009766976036471
77.04601907730103,5.009766798035114,0.0,0.0,0.0,-5.009766798035114
77.06608390808105,5.0097666434836405,0.0,0.0,0.0,-5.0097666434836405
77.0861713886261,5.009766509298105,0.0,0.0,0.0,-5.009766509298105
77.10614776611328,5.009766392789876,0.0,0.0,0.0,-5.009766392789876
77.12595057487488,5.009766291630521,0.0,0.0,0.0,-5.009766291630521
77.14602851867676,5.009766203798236,0.0,0.0,0.0,-5.009766203798236
77.16612982749939,5.009766127537484,0.0,0.0,0.0,-5.009766127537484
77.18591570854187,5.009766061323936,0.0,0.0,0.0,-5.009766061323936
77.20612931251526,5.009766003834032,0.0,0.0,0.0,-5.009766003834032
77.22591352462769,5.009765953918539,0.0,0.0,0.0,-5.009765953918539
77.24591016769409,5.009765910579601,0.0,0.0,0.0,-5.009765910579601
77.26614260673523,5.009765872950804,0.0,0.0,0.0,-5.009765872950804
77.28604125976562,5.009765840279861,0.0,0.0,0.0,-5.009765840279861
77.3060953617096,5.009765811914113,0.0,0.0,0.0,-5.009765811914113
77.32619857788086,5.009765787285718,0.0,0.0,0.0,-5.009765787285718
77.345787525177,5.009765765902295,0.0,0.0,0.0,-5.009765765902295
77.36583518981934,5.009765747336323,0.0,0.0,0.0,-5.009765747336323
77.3857352733612,5.009765731216602,0.0,0.0,0.0,-5.009765731216602
77.40592956542969,5.009765717220832,0.0,0.0,0.0,-5.009765717220832
0.006536722183227539,5.0097657050691735,-2.93518339915743e-07,0.0,0.0,-5.009765998587514
0.028629302978515625,5.009765694518655,-7.895243010065875e-06,0.0,0.016619034111499786,-5.009773589761665
0.04675865173339844,5.009765685358315,-3.6414585836859534e-05,0.029286231845617294,0.0,-5.009802099944151
0.06658625602722168,5.009765677404984,-9.954517759428364e-05,0.07177344337105751,0.0,-5.009865222582579
0.08629322052001953,5.009765670499629,-0.00021077130682488994,0.12717440724372864,0.0,-5.009976441806454
0.1060798168182373,5.009765664504223,-0.00038336898114388313,0.15694445744156837,0.05595799535512924,-5.010149033485367
0.1260695457458496,5.009765659298802,-0.0006304069885432096,0.12511776760220528,0.036311037838459015,-5.0103960662873455
0.14609146118164062,5.009765654779278,-0.0009647479586956456,0.09385928511619568,0.06476272456347942,-5.010730402737973
0.16603732109069824,5.009765650855275,-0.0013990494242588853,0.04771561175584793,0.10412389598786831,-5.011164700279534
0.1867976188659668,5.009765647448326,-0.0019457648821796308,0.03251940291374922,0.0341238959878683,-5.011711412330506
0.20685863494873047,5.009765644490303,-0.0026171448549976773,0.042382435873150826,0.0,-5.012382789345301
0.22616362571716309,5.009765641922053,-0.003425237952150005,0.04238644756242138,0.0,-5.0131908798742035
0.24683141708374023,5.009765639692218,-0.004381891931274866,0.02783087037369114,0.014963283203542233,-5.014147531623493
0.26616501808166504,5.009765637756207,-0.005498754759515871,0.028981144790122926,0.00880503375083208,-5.015264392515722
0.2861611843109131,5.0097656360753025,-0.006787275674826085,0.06959120861120027,0.0,-5.016552911750129
0.30617713928222656,5.007449286531734,-0.0082587062472721,0.07263147460162145,0.0,-5.015707992779006
0.32707953453063965,5.005438172718796,-0.009924101440338139,0.07769510663911205,0.0,-5.015362274159134
0.3465383052825928,5.001838993892898,-0.011794320672230138,0.05317697442933422,0.029493803158402443,-5.013633314565128
0.3664884567260742,4.994915284086832,-0.013880028877179849,0.0951186060146938,0.0,-5.008795312964012
0.38651323318481445,4.983548545691926,-0.016191697566748882,0.06607207797333103,0.07,-4.9997402432586755
0.406552791595459,4.96707898771024,-0.018739605891132854,0.03537220463022095,0.009388193190097815,-4.985818593601373
0.4265859127044678,4.947499164582264,-0.021533841700465458,0.04446041632309061,0.07572758913040162,-4.9690330062827295
0.4462571144104004,4.926275036325538,-0.024584302606122498,0.021507114654923498,0.07539524349733256,-4.95085933893166
0.4662594795227051,4.904468165559006,-0.027900697042026065,0.08708859283342463,0.03309232208295726,-4.932368862601032
0.4867379665374756,4.8828312510146015,-0.03149254532594858,0.04626030523195368,0.0,-4.91432379634055
0.506098747253418,4.861882623319245,-0.035369180720816816,0.025787450856114447,0.0,-4.897251804040062
0.5266554355621338,4.84196416505328,-0.03953975049601621,0.0,0.0,-4.881503915549296
0.5465025901794434,4.824670451044381,-0.0440132169886946,0.012091967277228832,0.006150010507553816,-4.868683668033075
0.5665488243103027,4.808271347126773,-0.04879835866506666,0.03205640334635973,0.006096466564486036,-4.85706970579184
0.586484432220459,4.792925818508024,-0.05390377118171778,0.024253753945231438,0.0,-4.846829589689742
0.6062784194946289,4.778716512444496,-0.059337868446908214,0.0645995531231165,0.0,-4.838054380891404
0.6263706684112549,4.765670889077904,-0.06510888368187719,0.04775240644812584,0.0,-4.830779772759781
0.6462199687957764,4.7537773529513085,-0.07122487048214697,0.07183440774679184,0.0,-4.825002223433455
0.6663718223571777,4.742997486950489,-0.07769370387882688,0.0895705297589302,0.0,-4.820691190829316
0.6862685680389404,4.733275256642079,-0.08452308139991756,0.09967031795531511,0.05790885165333748,-4.817798338041997
0.7064170837402344,4.72454386772923,-0.09172052413161487,0.11782668437808752,0.004179414361715317,-4.816264391860845
0.7263476848602295,4.716730812681144,-0.09929337777961414,0.05691866483539343,0.0,-4.816024190460758
0.7462747097015381,4.70976152659482,-0.10724881373041416,0.09571159165352583,0.0,-4.817010340325234
0.7664778232574463,4.70371061448035,-0.11559383011262125,0.09389445371925831,0.0,-4.819304444592971
0.786365270614624,4.698308424322001,-0.12433525285825342,0.023894453719258302,0.0,-4.822643677180254
0.8063864707946777,4.693499197883301,-0.13347973676404443,0.01657160541042685,0.0,-4.826978934647346
0.8262529373168945,4.689228579088835,-0.1430337665527478,0.0066879837028682165,0.0,-4.832262345641582
0.846306324005127,4.6854446183254,-0.1530036579344411,0.006938257057918229,0.0,-4.838448276259841
0.8664686679840088,4.682098406587877,-0.1633955586678299,0.0,0.045236725360155106,-4.845493965255707
0.8863627910614014,4.679144435809635,-0.1742154496215517,0.0268031544983387,0.0,-4.853359885431186
0.9063782691955566,4.676540759509603,-0.1854691458354805,0.05585269257426262,0.03226562216877937,-4.862009905345084
0.9265222549438477,4.674249010509379,-0.19716229758203013,0.10340330377221107,0.030240842141211033,-4.8714113080914085
0.9462368488311768,4.672234318907033,-0.20930039142745924,0.10997271351516247,0.0,-4.881534710334492
0.9663691520690918,4.670465162932981,-0.22188875129317467,0.16715298779308796,0.0,-4.892353914226156
0.9862163066864014,4.6689291365476135,-0.2349325395170359,0.16156119154766202,0.0,-4.90386167606465
1.0064876079559326,4.66757955979332,-0.24843675791465897,0.15347173204645514,0.06103319302201271,-4.916016317707979
1.0262422561645508,4.666395055254991,-0.2624062488407207,0.1103243543766439,0.05862463777884841,-4.928801304095712
1.0464422702789307,4.6653564241378405,-0.2768456962502627,0.14424357330426574,0.07175649097189307,-4.942202120388103
1.0662431716918945,4.66444648685631,-0.29175962675999556,0.1024544439278543,0.07531557907350361,-4.956206113616306
1.0862305164337158,4.661333571010039,-0.3071524107096027,0.09340092027559876,0.08021594793535769,-4.968485981719642
1.1061012744903564,4.6405581133533795,-0.32302826322304445,0.023400920275598758,0.014755847165361047,-4.963586376576424
1.1261816024780273,4.573316913616965,-0.33939124526986286,0.03934090660884976,0.005580598721280694,-4.912708158886828
1.1461386680603027,4.42229764773983,-0.3562452647264847,0.0,0.0,-4.778542912466315
1.1662685871124268,4.159159171683127,-0.37359407743752654,0.0,0.02159038744866848,-4.5327532491206535
1.186504602432251,3.778752911869463,-0.3914412882770977,0.03304561972618103,0.0,-4.170194200146561
1.2065799236297607,3.4484744848662134,-0.4097903522101058,0.00580940768122673,0.0,-3.858264837076319
1.2259719371795654,3.0100516237137525,-0.42864457535355965,0.0,0.03221090883016586,-3.438696199067312
1.246514081954956,2.5011192992058677,-0.4480071160378736,0.0,0.006244871765375137,-2.9491264152437413
1.2664523124694824,1.9566253390183417,-0.46788098586817223,0.0,0.0,-2.4245063248865137
1.2863922119140625,1.4017810432801747,-0.48826905078559335,0.05913529172539711,0.07,-1.890050094065768
1.3065061569213867,0.8543704695428057,-0.5091740321285935,0.047616664320230484,0.11145787283778191,-1.3635445016713992
1.3263626098632812,0.3265501611044483,-0.5305985076942507,0.09744583815336227,0.13754053197801114,-0.8571486687986989
1.3463242053985596,-0.17375248438529597,-0.5525449127995693,0.16744583815336228,0.18091381497681142,-0.3787924284142733
1.3662962913513184,-0.6417564767815266,-0.5750155413427838,0.15735929802060128,0.2509138149768114,0.06674093543874282
1.3862862586975098,-1.0749922614884122,-0.5980125468646629,0.1422502786666155,0.2596468332782388,0.47697971462374933
1.4063408374786377,-1.4726608466450857,-0.6215379436098144,0.10369949944317342,0.24170384403318168,0.8511229030352713
1.426476240158081,-1.8179268652392309,-0.6455936075879873,0.07315850041806699,0.17170384403318167,1.1723332576512435
1.44598388671875,-2.134913410314176,-0.6701812776353787,0.08144717726856471,0.24170384403318168,1.4647321326787974
1.4663763046264648,-2.423903439936217,-0.695302556475935,0.09696317620575429,0.17170384403318167,1.728600883460282
1.486473798751831,-2.683514988345476,-0.7209589117826583,0.07541908107697964,0.10687941189855338,1.9625560765628176
1.506455421447754,-2.9112460878441255,-0.7471516772389092,0.0452046000212431,0.17601334180682898,2.1640944106052165
1.5263259410858154,-3.0876683418160766,-0.7738820535997106,0.0,0.1924571680650115,2.313786288216366
1.5467488765716553,-3.1728432284460375,-0.8011511097530537,0.0,0.205467316955328,2.371692118692984
1.566380262374878,-3.1182715661092577,-0.8289597837811996,0.07,0.1665108722448349,2.289311782328058
1.5862503051757812,-2.903215170409747,-0.8573088840219859,0.08081881765276194,0.14838802598416806,2.045906286387761
1.606220006942749,-2.552244483776462,-0.8861990901301281,0.15081881765276195,0.12780932307243348,1.6660453936463337
1.6260817050933838,-2.116120186345131,-0.9156309541385256,0.0905375074222684,0.05780932307243347,1.2004892322066052
1.6460723876953125,-1.7374659365331695,-0.9456049015195654,0.12236217070370914,0.12780932307243348,0.791861035013604
1.6660194396972656,-1.3035865800730113,-0.9761212322464262,0.1209225923381746,0.18552321910858155,0.3274653478265851
1.6860547065734863,-0.8404674418270686,-1.0071801218543825,0.13503662856295706,0.15045318722724915,-0.166712680027314
1.706641435623169,-0.3692443792078714,-1.038781622502107,0.09808017672970892,0.11621150344610215,-0.6695372432942355
1.726501703262329,0.09287212881084837,-1.0709256640329783,0.05753264563158156,0.1038012557476759,-1.1637977928438266
1.7466166019439697,0.5364843707927291,-1.103612055036382,0.12753264563158156,0.10108936827629805,-1.640096425829111
1.7660655975341797,0.9555525583000195,-1.1368404839090147,0.14445001216605308,0.0530429656431079,-2.092393042209034
1.7866137027740479,1.3465284284609544,-1.1706105199161911,0.10660433726385238,0.06453898612409831,-2.517138948377146
1.8065519332885742,1.7030551012129107,-1.204921614253144,0.10858351740986111,0.08634686905890704,-2.907976715466055
1.8267340660095215,2.01004337661747,-1.2397731011063329,0.15683239329606297,0.016346869058907032,-3.2498164777238028
1.8465535640716553,2.246736430547175,-1.2751641987147426,0.1395609695836902,0.034259223379194736,-3.5219006292619177
1.866745948791504,2.452239383029584,-1.3110940104311932,0.12886027064174416,0.04811081662774086,-3.763333393460777
1.8867065906524658,2.574359816288628,-1.3475615257836389,0.19886027064174416,0.046426324057392776,-3.9219213420722667
1.9061849117279053,2.6029170396880863,-1.3845656215364763,0.15450827192515137,0.06062301981728524,-3.9874826612245626
1.9266772270202637,2.5333055932548274,-1.4221050627518461,0.17847282599657777,0.07335563551168889,-3.9554106560066735
1.9467670917510986,2.369546535675602,-1.4601785038509378,0.2129059971496463,0.06943789205979556,-3.8297250395265396
1.9668128490447998,2.114597717807001,-1.4987844896752929,0.2573236690089107,0.10298329300712794,-3.6133822074822937
1.9867656230926514,1.7706005533140368,-1.5379214565481119,0.2515669811703265,0.05680053017567843,-3.3085220098621484
2.006309747695923,1.336756589756445,-1.5775877333355535,0.23405724132433536,0.0,-2.9143443230919983
2.0265371799468994,0.807930096290279,-1.6177815425080448,0.16857303792610767,0.009862824343144894,-2.4257116387983237
2.046107530593872,0.17842445311966623,-1.6585010012015802,0.2184462186135352,0.0,-1.8369254543212463
2.06607723236084,-0.5646454524808279,-1.699744122279027,0.1486931603588164,0.009681407362222672,-1.1350986697981993
2.08687686920166,-1.2097977159987807,-1.7415088153914307,0.11256319398060444,0.0443587452173233,-0.5317110993926499
2.106117010116577,-1.9966394525552287,-1.7837928880393177,0.09301280343905094,0.07258056290447712,0.212846564515911
2.126110315322876,-2.928332887578139,-1.8265940466340034,0.15593405181542042,0.14258056290447713,1.1017388409441358
2.1461715698242188,-3.993991497488815,-1.869909897558886,0.08593405181542041,0.2045281805843115,2.124081599929929
2.166109800338745,-5.154726901152266,-1.9137379482307628,0.12161998221650722,0.17515463910996915,3.2409889529215032
2.1865732669830322,-6.357858770633631,-1.9580756081611295,0.1533735557831824,0.10515463910996914,4.3997831624725015
2.206592321395874,-7.5587299827635634,-2.002920190017479,0.0833735557831824,0.17515463910996915,5.555809792746084
2.226614475250244,-8.726382153337484,-2.0482689106846137,0.01337355578318239,0.15700655400753022,6.67811324265287
2.246555805206299,-9.83787133092497,-2.0941188923259473,0.0,0.171576148532331,7.7437524385990235
2.266603469848633,-10.860210481031,-2.140467163444804,0.0,0.16531071688979865,8.719743317586197
2.2861850261688232,-11.749673513878706,-2.187310659945728,0.0,0.1505510701611638,9.562362853932978
2.3065364360809326,-12.521928028066718,-2.2346462261957853,0.029503393918275833,0.21946444798260928,10.287281801870932
2.3265676498413086,-13.135984076708995,-2.282470616085873,0.0,0.2634629427269101,10.853513460623123
2.3459863662719727,-13.547535699222626,-2.3307804940920107,0.07,0.3334629427269101,11.216755205130616
2.366203546524048,-13.726513129144966,-2.3795724363366584,0.14,0.38427099246531726,11.346940692808307
2.385939598083496,-13.651210919191659,-2.4288429316500126,0.21000000000000002,0.45427099246531727,11.222367987541645
2.4060068130493164,-13.31557075154155,-2.4785883826313135,0.2696989132463932,0.38427099246531726,10.836982368910236
2.4259605407714844,-12.72224581644397,-2.5288051067101467,0.26915009509772064,0.31427099246531726,10.193440709733823
2.4459950923919678,-11.875237526410517,-2.579489337207753,0.33915009509772065,0.35339963499456645,9.295748189202765
2.4659976959228516,-10.784010982111363,-2.6306372243983223,0.40915009509772066,0.42339963499456645,8.153373757713041
2.4859211444854736,-9.47547489184214,-2.6822448365703075,0.441304904781282,0.49339963499456646,6.793230055271833
2.5061988830566406,-8.031955389746667,-2.7343081610877253,0.511304904781282,0.42339963499456645,5.297647228658942
2.525930166244507,-6.778654903224335,-2.7868231054514565,0.5069790404103697,0.3761936280503869,3.9918317977728783
2.5459542274475098,-5.449208070704329,-2.839785498360555,0.4472803469561041,0.362843405790627,2.609422572343774
2.5659661293029785,-4.120439691521937,-2.8931910907735525,0.517280346956104,0.432843405790627,1.2272486007483843
2.586012601852417,-2.861907323471152,-2.9470355569697557,0.447280346956104,0.45958814773708584,-0.08512823349860366
2.606015920639038,-1.7339713104980168,-3.00131449561056,0.5088450643979012,0.5295881477370858,-1.2673431851125432
2.626539945602417,-0.7774312609728682,-3.056023430800746,0.5365974880568682,0.5741556023433805,-2.2785921698278777
2.6459341049194336,-0.006843269472418028,-3.111157813149783,0.6055595330707728,0.5606558283045888,-3.104314543677365
2.6659622192382812,0.5818484247161976,-3.1667130208331438,0.6020197333581745,0.4906558283045888,-3.7485614455493415
2.686028480529785,1.0032037754355054,-3.222684360653594,0.6298173578269779,0.44890160489827396,-4.225888136089099
2.706042766571045,1.2763786693352077,-3.2790670691025063,0.6618913473375141,0.41865570288151505,-4.555445738437714
2.726442337036133,1.4278490828381787,-3.3358563134211634,0.6829832816310226,0.36409535076469185,-4.763705396259342
2.746319532394409,1.5593595630647608,-3.3930471926620602,0.7,0.34958865310996773,-4.952406755726821
2.7663538455963135,1.5933929761051064,-3.4506347387502028,0.7,0.3103157636150718,-5.044027714855309
2.786923885345459,1.5495583870729022,-3.5086139175444218,0.7,0.3026775056868792,-5.058172304617324
2.806339740753174,1.4365790274173376,-3.5669796298986762,0.6749384243041276,0.30902488021180036,-5.003558657316014
2.826221466064453,1.2507544456083857,-3.625726712723344,0.6385377038270235,0.3525096276216209,-4.87648115833173
2.8462069034576416,0.9844851642878644,-3.684849940046542,0.7,0.3307347153685987,-4.669335104334406
2.866719961166382,0.627663802499291,-3.7443440240754278,0.6605524837970733,0.35621701976284387,-4.372007826574719
2.886249542236328,0.16870741749036608,-3.8042036162574937,0.6765371233224868,0.36938621712848546,-3.97291103374786
2.9065771102905273,-0.3884721260156842,-3.864423308341877,0.6741552060004323,0.38952781869098546,-3.4759511823261926
2.9264135360717773,-1.0293036701136309,-3.9249976334406647,0.6382973497267812,0.4286890910379589,-2.8956939633270338
2.946674346923828,-1.7275636456602128,-3.985921067090202,0.6531348932068795,0.40178588828071954,-2.2583574214299893
2.966651201248169,-2.3338107838535165,-4.047188028312386,0.6260742019396275,0.43944183414801957,-1.71337724445887
2.9864890575408936,-2.9736689616609806,-4.108792880675976,0.5713969017844647,0.41065174018964173,-1.1351239190149953
3.0065464973449707,-3.620009315351336,-4.170729933357899,0.6245298828464001,0.37717582335695626,-0.5507206180065629
3.026444911956787,-4.253817830168456,-4.232993442204548,0.6290663513820618,0.3737680137064308,0.020824387963908286
3.0466067790985107,-4.862218018944736,-4.295577610793094,0.617328594950959,0.44224278329871597,0.5666404081516419
3.0665907859802246,-5.439252107568699,-4.3584765914927805,0.5859576124232262,0.512242783298716,1.080775516075918
3.0863332748413086,-5.979292244919066,-4.421684486526239,0.6559576124232263,0.4687707391288132,1.5576077583928276
3.106597423553467,-6.47940440742784,-4.485195349030784,0.6064886965136975,0.48295706554315987,1.9942090583970558
3.1265709400177,-6.93860297729319,-4.549003184119717,0.6366681132744998,0.41295706554315986,2.389599793173473
3.146496534347534,-7.359597985154977,-4.613101949943636,0.6856694083940238,0.48295706554315987,2.746496035211341
3.1666996479034424,-7.74296226798032,-4.677485558751741,0.6475232962798327,0.4255115319695324,3.0654767092285793
3.1865861415863037,-8.075808926084223,-4.742147877953126,0.6517899862769991,0.4452221826370806,3.3336610481310966
3.206463098526001,-8.379071427418179,-4.8070827311781015,0.7,0.46958882219158116,3.5719886962400773
3.226741075515747,-8.65379290156719,-4.87228389933948,0.7,0.5338657856639475,3.7815090022277102
3.246277093887329,-8.901450081660899,-4.93774512169389,0.6857364874333143,0.47240251905284825,3.963704959967009
3.2660560607910156,-9.12378195421851,-5.003460096903083,0.628997715935111,0.5100145959015936,4.120321857315426
3.2860987186431885,-9.322663831025038,-5.069422484095231,0.6145145285874605,0.45427215701900425,4.253241346929807
3.3066353797912598,-9.500016289083705,-5.135625903926228,0.5781788554042577,0.38427215701900425,4.364390385157477
3.326232671737671,-9.660057077213512,-5.202063939641005,0.5636871697381138,0.4275631334539503,4.457993137572507
3.34621524810791,-9.803855660319162,-5.26873013813483,0.49368716973811383,0.4243992306664586,4.535125522184331
3.3660776615142822,-9.932582929376453,-5.335618011014601,0.46287573326379056,0.3543992306664586,4.596964918361852
3.3862059116363525,-10.047449365217481,-5.402721035660168,0.5315059890225529,0.4243992306664586,4.644728329557314
3.4062697887420654,-10.147179337494034,-5.470032656285623,0.5705849101021885,0.39828238639980557,4.677146681208411
3.4262301921844482,-10.236249153077434,-5.537546285000607,0.5662029214389621,0.4594642147794366,4.698702868076827
3.4461214542388916,-10.3132508588838,-5.605255302871624,0.533651036787778,0.4573137907218188,4.707995556012175
3.4662230014801025,-10.377524572012817,-5.673153060983336,0.5988497786410152,0.5273137907218188,4.704371511029481
3.4867331981658936,-10.43126374369807,-5.741232881499863,0.5646643318422138,0.5009438520949334,4.690030862198206
3.506742238998413,-10.476269538950069,-5.809488058726093,0.6346643318422138,0.44932422178797427,4.6667814802239755
3.526705741882324,-10.514023178935298,-5.877911860168997,0.6701899220235645,0.45985682259313765,4.636111318766302
3.5459907054901123,-10.545744620662616,-5.946497527598908,0.7,0.46412780785001817,4.599247093063708
3.5667688846588135,-10.57244020033389,-6.015238278110847,0.6684067070484161,0.4744283398333937,4.557201922223043
3.5866804122924805,-10.594941355436408,-6.084127305185812,0.693630725890398,0.4150457633379847,4.510814050250596
3.6066203117370605,-10.61625247787146,-6.1531577797520995,0.6945852812961675,0.41752508885227146,4.463094698119361
3.626704216003418,-10.634755338468368,-6.222322851246592,0.694945191690931,0.4639963083621115,4.412432487221777
3.6460256576538086,-10.65224003051369,-6.291615648676064,0.6414837555086705,0.4729596697445959,4.360624381837626
3.666649580001831,-10.668556715412521,-6.361029281678499,0.5775527746474836,0.47111494580283764,4.307527433734022
3.6866722106933594,-10.683632100914194,-6.4305568415843775,0.5075527746474835,0.5112958003021777,4.253075259329816
3.7060649394989014,-10.69744799396982,-6.500191402477998,0.5775527746474836,0.4412958003021777,4.197256591491823
3.7266464233398438,-10.71234129991754,-6.569926022258759,0.5754396356234792,0.44801540257409217,4.142415277658781
3.746079921722412,-10.727590444273764,-6.639753743702491,0.6103650182078126,0.48485843421891334,4.087836700571272
3.766691207885742,-10.742684857443587,-6.709667595522724,0.6553454286942724,0.41485843421891333,4.033017261920863
3.7860567569732666,-10.757273985704781,-6.779660593432044,0.6377140134165529,0.48485843421891334,3.9776133922727377
3.8061015605926514,-10.77112765803407,-6.849725741203329,0.6227497635001782,0.506227001119405,3.9214019168307406
3.826113224029541,-10.784105385007239,-6.919856031731121,0.6814590347523335,0.5762270011194051,3.8642493532761177
3.846832036972046,-10.795372978902451,-6.990044448092884,0.7,0.527894995380193,3.8053285308095672
3.8661208152770996,-10.80591548356227,-7.060283964610326,0.7,0.5529184967465699,3.745631518951944
3.8867125511169434,-10.815676508842582,-7.130567547910698,0.6834904931485652,0.4829184967465699,3.685108960931884
3.906092882156372,-10.824637483059144,-7.200888157988108,0.6790869783610105,0.5127005274780094,3.623749325071036
3.926124334335327,-10.832806591944408,-7.271238749264813,0.6822653520386666,0.44914684401825067,3.5615678426795947
3.946197748184204,-10.840210390674574,-7.341612271652522,0.6647873442154377,0.4005126688070595,3.498598119022052
3.9666388034820557,-10.849203841707201,-7.412001671613714,0.6658322088653221,0.4705126688070595,3.437202170093487
3.9862723350524902,-10.859064412665147,-7.482399893222931,0.6894303135806694,0.4183295399136841,3.3766645194422154
4.006235837936401,-10.869267393849334,-7.552799879228081,0.6539703779155388,0.4322666285745799,3.3164675146212534
4.026303768157959,-10.879439307988862,-7.62319457211176,0.7,0.4305268652690574,3.256244735877102
4.046334743499756,-10.889321563850848,-7.693576915152521,0.6954986493103206,0.4875860415352508,3.1957446486983265
4.066667795181274,-10.897901590696197,-7.763939853486215,0.7,0.5072247195942328,3.133961737209982
4.086467266082764,-10.906191581305615,-7.834276335167268,0.7,0.5164397196797654,3.0719152461383468
4.106029987335205,-10.914061636601263,-7.904579312230014,0.6985729842446744,0.5791297392873094,3.0094823243712483
4.126471042633057,-10.919116250492872,-7.974841741749956,0.7,0.5443423340050504,2.9442745087429154
4.146101474761963,-10.924398448169642,-8.045056586905122,0.7,0.5132762534497306,2.8793418612645194
4.166075229644775,-10.92969950933005,-8.115216818037327,0.7,0.49214280638378116,2.8144826912927225
4.186802387237549,-10.934873963793255,-8.185315413713491,0.6719240460544824,0.44508308041375133,2.7495585500797635
4.20650577545166,-10.939824107525281,-8.255345361786958,0.6379525538533926,0.4033503929106519,2.684478745738323
4.226278305053711,-10.944487988902178,-8.325299660458768,0.5729858305305242,0.37940279822330925,2.6191883284434105
4.246865510940552,-10.951146470036768,-8.39517131933899,0.5696840128395706,0.4023993244348094,2.555975150697778
4.266397714614868,-10.959014877555811,-8.464953360508025,0.6396840128395707,0.4540699576912448,2.4940615170477862
4.285982608795166,-10.965846429853828,-8.53463881957789,0.6306804537121207,0.5052546603558585,2.431207610275939
4.305990219116211,-10.97113128525174,-8.604220746753532,0.7,0.5598623236594722,2.3669105384982085
4.3265721797943115,-10.975202553456942,-8.673692207894144,0.6990362373064272,0.4898623236594722,2.3015103455627983
4.346565008163452,-10.978323589913089,-8.74304628557444,0.6654463154147379,0.4198623236594722,2.2352773043386485
4.366439342498779,-10.980702359412938,-8.812276080145999,0.7,0.45145707692485304,2.1684262792669386
4.386437177658081,-10.9825028725974,-8.881374710798527,0.7,0.4254285313514993,2.101128161798874
4.406482458114624,-10.983854287930896,-8.95033531662121,0.6627641513943672,0.3950094461767003,2.033518971309686
4.426414251327515,-10.984858152280674,-9.01915105766396,0.602619156986475,0.40322773925494404,1.9657070946167146
4.446577310562134,-10.9855941577822,-9.087815115998751,0.5340994454920291,0.42659908182453365,1.8977790417834495
4.46644926071167,-10.986124716424277,-9.15632069678095,0.6007214419543743,0.49659908182453366,1.8298040196433263
4.4864795207977295,-10.986498592882766,-9.224661029310559,0.6144197953864932,0.42659908182453365,1.7618375635722074
4.50608229637146,-10.986823201969544,-9.292829368093575,0.6457866428419947,0.3831110040051863,1.69399383387597
4.526524305343628,-10.984719273301897,-9.360818993903251,0.6621221842244267,0.4193803558452055,1.6239002793986455
4.546385049819946,-10.980983978665236,-9.42862321484144,0.6324589660391211,0.3493803558452055,1.5523607638237955
4.566316366195679,-10.973897664369678,-9.496235367399873,0.6603446377441287,0.2887596046132967,1.4776622969698057
4.58642840385437,-10.966986904559914,-9.563648817521456,0.6330841554328799,0.3494382245047018,1.403338087038458
4.606539249420166,-10.960380213800063,-9.630856961661609,0.6201312493532896,0.4194382245047018,1.3295232521384541
4.626059293746948,-10.951842493999033,-9.69785322784953,0.6262104160152375,0.3494382245047018,1.2539892661495031
4.646460056304932,-10.942188529924238,-9.764631076749527,0.5810098781250417,0.3889126969082281,1.1775574531747104
4.666723728179932,-10.941279065961556,-9.831184002722317,0.5476537815295159,0.32495844043325633,1.110095063239239
4.68608832359314,-10.962681766018106,-9.897505534886317,0.5280401001684367,0.3402782283304259,1.0651762311317885
4.706067085266113,-11.001334340639174,-9.963589238178965,0.4993632196448743,0.38074056949000806,1.0377451024602085
4.726627826690674,-11.03489349277228,-10.029428714418001,0.5230165964923799,0.3723186520440504,1.0054647783542787
4.746598482131958,-11.080086568656156,-10.095017603362813,0.5556796512566506,0.43672755784820766,0.985068965293344
4.766716480255127,-11.132169281529416,-10.160349583775682,0.6256796512566507,0.41739800437819213,0.9718196977537339
4.785976886749268,-11.185348418942116,-10.225418374483137,0.6302893222123385,0.435162615547888,0.9599300444589787
4.806016683578491,-11.237887580860741,-10.29021773543725,0.6704252869635821,0.4155598008586094,0.9476698454234906
4.82611608505249,-11.288597564298245,-10.354741468776908,0.6885028970241547,0.3964767163200304,0.9338560955213371
4.846390724182129,-11.336700579943045,-10.418983419889148,0.7,0.4453138155443594,0.9177171600538969
4.866773366928101,-11.381725096923773,-10.482937478470461,0.7,0.4077413161797449,0.8987876184533121
4.886492729187012,-11.423424732632627,-10.546597579588086,0.6686990194022655,0.39326941832434387,0.8768271530445411
4.9065961837768555,-11.461715981425858,-10.609957704741289,0.6550284082069993,0.3797494252724573,0.8517582766845688
4.926387071609497,-11.49894701767714,-10.67301188292274,0.6550868131846073,0.3978704833937809,0.8259351347543991
4.946147680282593,-11.531271953903998,-10.735754191679739,0.6455245014905813,0.35092152148019523,0.7955177622242591
4.966620922088623,-11.562525765972563,-10.79817875817556,0.7,0.41664518653880805,0.7643470077970029
4.986229419708252,-11.59221190527148,-10.860279760250751,0.6318210929632186,0.3820509673608467,0.7319321450207283
5.006852149963379,-11.620026794704549,-10.922051427484421,0.6814620539546012,0.4520509673608467,0.6979753672201277
5.02679181098938,-11.645808892154685,-10.983488042255585,0.7,0.427358867819421,0.6623208498990998
5.046117067337036,-11.669499567646298,-11.044583940804397,0.7,0.4306139985425398,0.6249156268419007
5.066088438034058,-11.691113217149542,-11.105333514293546,0.7,0.3606139985425398,0.5857797028559961
5.0860755443573,-11.713030927706898,-11.165731209869481,0.7,0.40357898227404804,0.5472997178374168
5.106306791305542,-11.734582194187288,-11.225771531723748,0.6337584674358367,0.39813891058322043,0.5088106624635405
5.126801490783691,-11.755310954446541,-11.285449042154314,0.6431756818667054,0.4158534147357568,0.4698619122922274
5.1461639404296875,-11.77492211371082,-11.34475836262682,0.6328046310693025,0.3473959453916177,0.4301637510840006
5.166193008422852,-11.791949022880738,-11.403694174835913,0.6726738575845956,0.41739594539161773,0.38825484804482535
5.1861252784729,-11.808023356441147,-11.462251221766588,0.6258753526955843,0.44872754787560554,0.3457721346745597
5.206101894378662,-11.82301241227668,-11.52042430875543,0.6753295164555311,0.42621908312197776,0.3025881035212503
5.225985527038574,-11.836852620474787,-11.57820830455194,0.7,0.40949811761733146,0.2586443159228473
5.246142864227295,-11.84953010437602,-11.635598142379843,0.7,0.3406831247126684,0.21393196199617748
5.266001462936401,-11.863382217083837,-11.692588820998395,0.7,0.3947144744312391,0.17079339608544153
5.2860777378082275,-11.875368784924422,-11.749175405763705,0.7,0.35628907730337234,0.1261933791607177
5.306695222854614,-11.885743677096372,-11.805353029689966,0.7,0.28628907730337233,0.08039064740640534
5.326069355010986,-11.894725701716546,-11.861116894510857,0.7,0.225783437541686,0.03360880720568815
5.3460693359375,-11.902503547496092,-11.916462271740789,0.7,0.295783437541686,-0.013958724244696796
5.36597752571106,-11.909240009925592,-11.971384503736225,0.7,0.2873816934740171,-0.06214449381063325
5.386610984802246,-11.915088778596935,-12.025879004756955,0.7,0.3046165199344978,-0.11079022616002021
5.406068563461304,-11.92941905173687,-12.079941262027438,0.6299999999999999,0.33191341323312373,-0.15052221029056767
5.426116943359375,-11.981691612207058,-12.133566836798126,0.6123870621621608,0.3776542560523376,-0.15187522459106795
5.446759223937988,-12.098318422388461,-12.186751365406677,0.6710812683403491,0.3082050175732002,-0.08843294301821558
5.466629505157471,-12.288999620669486,-12.239490560339368,0.7,0.2821102307504043,0.04950906033011826
5.486136436462402,-12.537673905006166,-12.291780211292322,0.6299999999999999,0.2744073450891301,0.24589369371384429
5.506242752075195,-12.820075267356781,-12.343616186232845,0.5625725883245467,0.2803557899175212,0.4764590811239362
5.526143789291382,-13.118460139985583,-12.394994432460708,0.5643361442442982,0.3503557899175212,0.7234657075248752
5.546238899230957,-13.420082944358937,-12.445910977669515,0.5000264652725308,0.31559982608538123,0.974171966689422
5.566734075546265,-13.71600551577534,-12.496361931007893,0.5698450141306965,0.3709297039685771,1.2196435847674465
5.58644962310791,-13.997853460947793,-12.546343484140907,0.5320595212932675,0.3821400673268363,1.4515099768068858
5.606520414352417,-14.242561042866273,-12.595851912311307,0.5527022805716841,0.3492952444730327,1.6467091305549655
5.626418590545654,-14.474958743894513,-12.644883575400838,0.6227022805716842,0.2881684125540778,1.830075168493675
5.646264553070068,-14.69268142590259,-12.693434918991574,0.593326669698581,0.2814938956080005,1.9992465069110157
5.666435956954956,-14.894473068810274,-12.741502475427156,0.6175496955867856,0.2496850722609088,2.1529705933831185
5.686082601547241,-15.07988112649941,-12.78908286487417,0.6848939885850995,0.20402777280192824,2.290798261625241
5.706588506698608,-15.24902305694273,-12.836172796383414,0.6546466486062854,0.2584734418569133,2.412850260559317
5.726022481918335,-15.402409136204263,-12.882769068951196,0.6879433976020664,0.3185535528836772,2.519640067253066
5.745972633361816,-15.540809035833366,-12.928868572580674,0.7,0.31559547937009486,2.611940463252692
5.765990257263184,-15.665152313793925,-12.97446828934312,0.7,0.3473271296033636,2.690684024450805
5.786327362060547,-15.77645508362219,-13.019565294439207,0.6913527630269527,0.35853158837649973,2.756889789182983
5.806756496429443,-15.875766799096365,-13.064156757260422,0.6818091066554188,0.28882847881410273,2.8116100418359427
5.826716899871826,-15.961991766019548,-13.10823994245024,0.6423943357542157,0.21882847881410272,2.853751823569308
5.846653938293457,-16.038995130941892,-13.151812210965465,0.5878293642774224,0.28357580489013345,2.8871829199764267
5.866708517074585,-16.10756393612609,-13.194871021137612,0.5496374646201729,0.35357580489013346,2.9126929149884795
5.886135578155518,-16.168467137647227,-13.2374139297341,0.5349172566086053,0.36873090422246607,2.931053207913127
5.906853437423706,-16.22244086351284,-13.279438593019636,0.6049172566086054,0.42259476488921793,2.9430022704932046
5.926743268966675,-16.270179039421933,-13.320942767817465,0.6475879535824061,0.37412656626198443,2.9492362716044678
5.946082592010498,-16.312327989838042,-13.36192431257071,0.6178122130036354,0.39495437188539656,2.9504036772673317
5.966794013977051,-16.34948394252578,-13.402381188403682,0.6878122130036355,0.38690129077527674,2.9471027541220973
5.986699342727661,-16.38219261554392,-13.442311460183117,0.7,0.32111726856324824,2.939881155360805
6.006168365478516,-16.410950261556852,-13.481713297579573,0.6794641155749559,0.35866787439677866,2.9292369639772797
6.026596546173096,-16.43852204493221,-13.520584976128703,0.6738209270872175,0.3621913508186117,2.917937068803507
6.046735048294067,-16.46246057119975,-13.558924878292505,0.7,0.42371468401048334,2.9035356929072442
6.066748142242432,-16.48532753959632,-13.596731494520691,0.6678198620676994,0.3685298465797678,2.8885960450756283
6.086075782775879,-16.506847568348835,-13.63400342431197,0.6011146500706672,0.30913661575410517,2.872844144036865
6.1067094802856445,-16.52686488111955,-13.670739377275318,0.5406267389655113,0.2481781930336729,2.8561255038442326
6.126711130142212,-16.54531088263363,-13.70693817419137,0.5621135205030441,0.2715629336098209,2.838372708442259
6.146754026412964,-16.56217933969716,-13.742598748073632,0.5129639588296413,0.22358224509749564,2.8195805916235273
6.166629076004028,-16.577507498872063,-13.77772014522981,0.5829639588296414,0.2853126709023491,2.7997873536422517
6.1866724491119385,-16.59136182527834,-13.812301526323168,0.6103618428856135,0.2702501208195463,2.779060298955173
6.206731557846069,-16.601510978909182,-13.846342167433743,0.6687155091017485,0.2002501208195463,2.755168811475439
6.226070880889893,-16.6088191121934,-13.879841461119746,0.7,0.2702501208195463,2.728977651073656
6.246145486831665,-16.613961323281647,-13.912798917478762,0.6905094625428319,0.2705514031776693,2.7011624058028847
6.26612114906311,-16.618425922235343,-13.945214165209144,0.6989780262112617,0.3405514031776693,2.6732117570261984
6.286797761917114,-16.621339883581875,-13.977086952671263,0.7,0.3438995299523231,2.6442529309106124
6.306814670562744,-16.62310000525854,-14.008417148948842,0.6628062285482883,0.3070867886429187,2.614682856309697
6.326595783233643,-16.630961348919648,-14.039204744910249,0.6287702031433582,0.2919274601747748,2.591756604009399
6.346743583679199,-16.64748599323088,-14.069449854269799,0.5587702031433581,0.3619274601747748,2.5780361389610817
6.366690397262573,-16.669592491344112,-14.099152714649046,0.5663584206439554,0.2931320846488234,2.570439776695066
6.386802673339844,-16.694993421434134,-14.128313688638121,0.5176295746304094,0.2813407343288418,2.566679732796013
6.406682252883911,-16.722013160672763,-14.156933264857,0.4952070336975156,0.31191770661971535,2.565079895815762
6.426691770553589,-16.74944519070079,-14.185012059016788,0.5652070336975157,0.27511951629421677,2.5644331316840017
6.446726560592651,-16.776440621603584,-14.212550814981146,0.612798358593136,0.22171713341376748,2.563889806622438
6.466741323471069,-16.802421337587052,-14.239550405827446,0.5580643297173082,0.28698531467816796,2.5628709317596066
6.486663341522217,-16.824978458523073,-14.266011834908173,0.5665919532068073,0.21698531467816795,2.5589666236149
6.50679612159729,-16.84659720174844,-14.291936236912136,0.5721297299489378,0.18709476437768902,2.5546609648363052
6.5266273021698,-16.86699440650388,-14.31732487892587,0.6178525237366557,0.2112469482829329,2.5496695275780112
6.546077728271484,-16.886005588385487,-14.342179161494919,0.5875559652224183,0.18724392872652973,2.5438264268905684
6.5667479038238525,-16.903553028231663,-14.366500619685063,0.6054612470790743,0.20512581017217602,2.5370524085466
6.586084842681885,-16.91962132059997,-14.390290924143716,0.5394913924857974,0.20449959451914768,2.5293303964562526
6.60685396194458,-16.93423874794627,-14.413551882161201,0.5748150682076811,0.22633606719435195,2.52068686578507
6.626860857009888,-16.952095888272606,-14.436285438732046,0.583614920079708,0.2108738344407175,2.5158104495405595
6.646681308746338,-16.992579779538687,-14.45849367761624,0.5814228889532387,0.20886917587020437,2.5340861019224477
6.666789770126343,-17.075508997444864,-14.480178822400651,0.6207564895041287,0.2655481937120203,2.5953301750442126
6.686743974685669,-17.204265102312643,-14.50134323756025,0.5799564619548618,0.27616963803418915,2.702921864752394
6.706734895706177,-17.316054439858313,-14.521989429519362,0.6499564619548619,0.3241208855772857,2.794065010338951
6.726807355880737,-17.46314936547963,-14.542120047713114,0.6209173230268061,0.3431435868854169,2.921029317766516
6.746675491333008,-17.63089019033332,-14.56173788564865,0.6475564697571099,0.3845307425374631,3.069152304684671
6.766724586486816,-17.808550461031906,-14.580845881966438,0.5775564697571098,0.33915802918025295,3.2277045790654686
6.786772966384888,-17.988418367081714,-14.599447121501575,0.5472680156119167,0.2916388296301011,3.388971245580139
6.8068156242370605,-18.165079253877614,-14.617544836345122,0.6172680156119168,0.3266437359864358,3.5475344175324928
6.826737403869629,-18.334856728974646,-14.635142406905334,0.648524408210069,0.2566437359864358,3.699714322069312
6.846735000610352,-18.493062305645868,-14.652243362969134,0.7,0.2926841016823892,3.8408189426767336
6.866684913635254,-18.639060777025765,-14.66885138476316,0.7,0.3561240818316583,3.970209392262605
6.886783838272095,-18.772732657822786,-14.684970304015291,0.6973276962991803,0.37942787184962073,4.087762353807495
6.9068052768707275,-18.894319821877552,-14.700604105015865,0.6695340187754482,0.30942787184962073,4.193715716861687
6.92674446105957,-18.999884901977612,-14.715756925678933,0.6669531555846333,0.2559497277403716,4.284127976298679
6.946641206741333,-19.095963059198255,-14.730433058603673,0.7,0.25253879094147125,4.365530000594582
6.966723442077637,-19.182919655867686,-14.744636952135611,0.7,0.267905923553044,4.4382827037320745
6.9866392612457275,-19.261248863266328,-14.758373211427948,0.7,0.2878799671458546,4.50287565183838
7.006184339523315,-19.331521297019787,-14.771646599502946,0.6299999999999999,0.2590186195599381,4.559874697516841
7.026656627655029,-19.39434563098523,-14.784462038313013,0.635981849040836,0.28894608189933935,4.609883592672219
7.046712160110474,-19.450340931987654,-14.796824609802277,0.6974432343803345,0.22907445301883855,4.653516322185377
7.066706657409668,-19.500117170163644,-14.808739556967648,0.6555954391323029,0.2156255804153625,4.691377613195996
7.0868730545043945,-19.544261921569962,-14.820212284920329,0.6392698703519999,0.2856255804153625,4.724049636649633
7.1061272621154785,-19.58333172226932,-14.831248361947008,0.6457304294407367,0.3556255804153625,4.752083360322313
7.126795291900635,-19.617846881103386,-14.841853520571178,0.6160762637108563,0.3095168912562076,4.775993360532208
7.146785736083984,-19.647813823216968,-14.852033658614365,0.6013057950139045,0.33931778313242833,4.795780164602602
7.166968107223511,-19.674306895746344,-14.861794840257648,0.6560584726929664,0.2908273109945003,4.812512055488696
7.186628341674805,-19.697688864351807,-14.871143297102737,0.6148766215145587,0.25050893740379254,4.82654556724907
7.206749439239502,-19.72061003985739,-14.88008542923334,0.6305997791886329,0.2817694017442409,4.840524610624051
7.226677417755127,-19.740290724266437,-14.888627806276585,0.5764587494730948,0.27660944208153526,4.851662917989852
7.246647357940674,-19.75720194464586,-14.896777168464174,0.6464587494730949,0.30972761556156914,4.860424776181686
7.266763210296631,-19.771743856106237,-14.904540427693746,0.6907711669802665,0.2516960602963809,4.867203428412491
7.286580562591553,-19.784256841439174,-14.911924668590206,0.6956112643703818,0.3216960602963809,4.872332172848967
7.3060712814331055,-19.79503079600124,-14.918937149566991,0.7,0.2516960602963809,4.8760936464342475
7.326666593551636,-19.804312907403602,-14.92558530388736,0.7,0.28008081473060886,4.878727603516243
7.346669673919678,-19.81231418469026,-14.931876740725741,0.7,0.31795246235677044,4.880437443964517
7.366059064865112,-19.819261097912847,-14.937819246229083,0.6824592918157577,0.25189784250804226,4.881441851683764
7.386557579040527,-19.825246434282665,-14.943420784577995,0.7,0.18189784250804225,4.88182564970467
7.405980110168457,-19.83040613528932,-14.948689499048209,0.7,0.20789160690852443,4.88171663624111
7.426109313964844,-19.834856382762705,-14.953633713071778,0.7,0.2493473749572877,4.881222669690928
7.446584939956665,-19.8386965719001,-14.958261931298523,0.7,0.3193473749572877,4.880434640601578
7.466564655303955,-19.842011818682504,-14.962582840657102,0.6299999999999999,0.3576350369269494,4.879428978025402
7.486497640609741,-19.84719142588832,-14.966605311416608,0.6910773339867591,0.33945683657773773,4.880586114471711
7.50597620010376,-19.851213125267552,-14.970338398247627,0.7,0.39789362892159263,4.8808747270199255
7.5265257358551025,-19.856640921160814,-14.973791341283619,0.7,0.33757558732875625,4.882849579877195
7.546517848968506,-19.862902315184233,-14.976973567182274,0.7,0.38711388304480354,4.885928748001959
7.566008567810059,-19.867261343692736,-14.979894690186825,0.7,0.3567711979860906,4.887366653505911
7.585968732833862,-19.8710459635351,-14.982564513187224,0.6299999999999999,0.3504391786421184,4.888481450347875
7.606630563735962,-19.873470048193283,-14.984993028781567,0.628887293273583,0.29610976099618713,4.888477019411717
7.625986337661743,-19.874885245251427,-14.987190420337306,0.698887293273583,0.22610976099618713,4.887694824914121
7.646029472351074,-19.875562391363474,-14.989167063052733,0.7,0.19889342337497512,4.886395328310741
7.665998935699463,-19.875709055621893,-14.990933525018061,0.6492981806397438,0.20493550710030833,4.884775530603832
7.685966730117798,-19.87548339224803,-14.99250056827683,0.6463901233393698,0.13493550710030833,4.882982823971199
7.705957651138306,-19.875005064723346,-14.993879149887256,0.6139873918611556,0.1688396013493184,4.88112591483609
7.726034641265869,-19.874363847896515,-14.995080422983413,0.5993985943961888,0.12394275657483378,4.879283424913101
7.745973825454712,-19.873626390550314,-14.996115737836622,0.5293985943961887,0.11722748402156868,4.877510652713692
7.7666051387786865,-19.872841522033283,-14.996996642916848,0.45939859439618874,0.1872274840215687,4.8758448791164355
7.785999298095703,-19.874360755855605,-14.99773488595375,0.40518093918450165,0.142207469973946,4.876625869901854
7.8059844970703125,-19.87567979344803,-14.998342414998277,0.4733176237810402,0.11174010876216928,4.877337378449752
7.82662296295166,-19.89479999351746,-14.998831379483644,0.4935086226928978,0.18174010876216928,4.895968614033816
7.846056699752808,-19.95357679875355,-14.999214131287042,0.48175550782121707,0.21474078658618967,4.954362667466507
7.866724729537964,-20.052247337706707,-14.999503225790551,0.5245826707128434,0.18226982269086878,5.052744111916155
7.886001348495483,-20.17834317969175,-14.999711422942683,0.45458267071284336,0.2522698226908688,5.178631756749068
7.906664609909058,-20.322481205876986,-14.99985168831957,0.48483182490803284,0.18226982269086878,5.3226295175574165
7.9267284870147705,-20.475352237664847,-14.999937194186451,0.4479147866461424,0.1862394035572652,5.475415043478396
7.946005821228027,-20.630260144394075,-14.999981320558646,0.3779147866461424,0.1162394035572652,5.630278823835429
7.965983629226685,-20.78250024316164,-14.999997656263208,0.3107126730773596,0.04623940355726519,5.782502586898431
7.98661208152771,-20.928875063112798,-15.0,0.27049455822445434,0.025362289991462617,5.928875063112798
8.006036281585693,-21.06731828238251,-14.999999217284428,0.34049455822445435,0.02268535598763266,6.067319065098081
8.026595115661621,-21.187518219975708,-14.99997894601864,0.38723320142365975,0.09268535598763267,6.187539273957068
8.046602725982666,-21.300964365413456,-14.999902894437769,0.3818312133755533,0.1425686918164138,6.301061470975688
8.066661357879639,-21.406729597915497,-14.999734546193082,0.44103183179162425,0.07256869181641379,6.406995051722415
8.086057186126709,-21.50668873526483,-14.9994379431818,0.45909888437949103,0.1425686918164138,6.507250792083031
8.10605263710022,-21.599980660130637,-14.99897768271695,0.4526562015619127,0.20811095758923331,6.601002977413687
8.126743078231812,-21.686182970948003,-14.998318914697219,0.5186854000296441,0.1630355372990016,6.687864056250785
8.146764755249023,-21.767505469967645,-14.997427338776811,0.4610831434931604,0.23303553729900162,6.770078131190834
8.165981769561768,-21.845611649497442,-14.99626920153531,0.5310831434931604,0.20267888426431457,6.849342447962133
8.186773538589478,-21.91710900832168,-14.99481129364752,0.5449436634685842,0.23118862777599136,6.92229771467416
8.206782341003418,-21.982131704355943,-14.99302094705334,0.47494366346858424,0.2772930514777545,6.989110757302603
8.226151704788208,-22.03862721202804,-14.9908660321276,0.5278869862761346,0.2738811672909651,7.047761179900439
8.246690034866333,-22.087678054187762,-14.988314954849933,0.5885005663242189,0.2050640807731543,7.099363099337829
8.266663312911987,-22.127981813887658,-14.985336653974624,0.6261510546412317,0.2750640807731543,7.142645159913034
8.28610897064209,-22.161147820030436,-14.981900598200463,0.630049369074404,0.3450640807731543,7.179247221829973
8.30674958229065,-22.186165647621774,-14.977976783340608,0.6284635039139537,0.37783066508010965,7.208188864281166
8.32676386833191,-22.20254821961975,-14.973535729492431,0.6291985050286164,0.30783066508010964,7.229012490127319
8.34676742553711,-22.21018480308933,-14.968548478207387,0.6187523439968934,0.23783066508010964,7.241636324881943
8.36669635772705,-22.21154533278406,-14.962986589660854,0.6887523439968934,0.30783066508010964,7.248558743123205
8.386683225631714,-22.206194433681002,-14.956822139822004,0.6187523439968934,0.30601471295231025,7.249372293858999
8.406824827194214,-22.19400658180464,-14.950027717623646,0.590674894347321,0.27157147979014556,7.243978864180994
8.426648139953613,-22.177391125906826,-14.942576422132092,0.5709896948630919,0.24021759261959236,7.234814703774735
8.44675898551941,-22.158138241501117,-14.934441859717007,0.5315375481243243,0.22397989226155918,7.22369638178411
8.46669316291809,-22.141422395710595,-14.925598141221263,0.4993218895490279,0.20904726260923784,7.215824254489332
8.486642360687256,-22.12304773451346,-14.916019879130804,0.4846751386742105,0.2597447420062963,7.2070278553826554
8.506743431091309,-22.104005154849933,-14.905682184744489,0.4146751386742105,0.29540133202099245,7.198322970105444
8.526631593704224,-22.087316865342228,-14.894560665343956,0.450027156404685,0.29264873690553944,7.192756199998271
8.546670913696289,-22.07270363778843,-14.882631421363481,0.520027156404685,0.34668303332873623,7.190072216424948
8.566064596176147,-22.059916837708048,-14.869871043559822,0.5900271564046851,0.33124780799844306,7.190045794148226
8.586646318435669,-22.048735633155946,-14.856256610182086,0.6600271564046851,0.3548948723415379,7.19247902297386
8.606086492538452,-22.03896432328626,-14.841765684141578,0.7,0.3313616249302868,7.197198639144684
8.62599229812622,-22.03042982049774,-14.826376310181661,0.7,0.2922700415889267,7.204053510316079
8.646827459335327,-22.02297930561152,-14.810067012047607,0.7,0.31418430018820803,7.212912293563914
8.666151523590088,-22.01647806503141,-14.792816789656461,0.670936868339777,0.3758149329165463,7.223661275374949
8.686760663986206,-22.010833521975204,-14.774605116266887,0.7,0.3104181769827847,7.236228405708317
8.706681966781616,-22.003590426829447,-14.755411935649027,0.7,0.29866822022595446,7.24817849118042
8.726651430130005,-21.983846159276254,-14.735217659254362,0.7,0.23655971843400042,7.248628500021892
8.746688842773438,-21.953622832069208,-14.714003163385563,0.7,0.2819682653585915,7.239619668683645
8.766695261001587,-21.916917487732043,-14.691749786366344,0.6299999999999999,0.3145288150350098,7.225167701365699
8.786685943603516,-21.876677226632324,-14.668439325711324,0.616910463310778,0.24452881503500978,7.2082379009210005
8.80674934387207,-21.835042209351485,-14.644054035295882,0.5784189907088875,0.28975808608927767,7.190988174055603
8.82664942741394,-21.793535708186667,-14.618576622526007,0.5683577462285756,0.2682642078737263,7.17495908566066
8.846683979034424,-21.755528719312935,-14.591990245508157,0.6296771756559609,0.33332296821870844,7.163538473804778
8.86651611328125,-21.720954093327336,-14.56427851021912,0.5810755594819783,0.29648115474381487,7.156675583108216
8.88598108291626,-21.689674730009788,-14.535425467675863,0.5352478093653916,0.28199192125000994,7.154249262333925
8.905970335006714,-21.66251718817743,-14.505415611105386,0.5960658072680234,0.3371302372554783,7.1571015770720425
8.925966262817383,-21.637929684749814,-14.474233873114587,0.6660658072680234,0.35605348262586634,7.163695811635227
8.946585178375244,-21.61577528073016,-14.441865622860108,0.6360043816268444,0.33627647708752195,7.17390965787005
8.966103792190552,-21.595894736895477,-14.4082966632182,0.6565219432115554,0.3623872975597624,7.187598073677277
8.98663854598999,-21.578117521455003,-14.373513227954572,0.6853428751230239,0.3067701774428133,7.204604293500431
9.00662899017334,-21.562269753368664,-14.337501978894243,0.7,0.25841601740219633,7.2247677744744205
9.025931119918823,-21.548179807889728,-14.300250003091412,0.7,0.25669668545131574,7.247929804798316
9.046075582504272,-21.53568215060061,-14.2617448099993,0.7,0.22344655101303945,7.273937340601311
9.066646099090576,-21.524619839949125,-14.221974328640012,0.7,0.27495000441675077,7.302645511309112
9.08597993850708,-21.514846038997113,-14.180926904774394,0.6842187445610761,0.314232371050166,7.33391913422272
9.106019496917725,-21.506224799145443,-14.138591298071882,0.7,0.369666534709977,7.367633501073561
9.125964641571045,-21.498739618595515,-14.094956679280365,0.6665241353213787,0.299666534709977,7.40378293931515
9.146057367324829,-21.492132492673818,-14.050012627396042,0.7,0.28054283891920934,7.4421198652777765
9.16606879234314,-21.48630937641065,-14.003749126833263,0.6652733504772186,0.31629463245277295,7.482560249577386
9.18656301498413,-21.48118428551973,-13.956156564594407,0.6784946860745549,0.3563584606826771,7.5250277209253245
9.206551790237427,-21.476679100614447,-13.907225727439718,0.7,0.32433379401569257,7.5694533731747295
9.22663927078247,-21.47272322394164,-13.856947799057174,0.6930666456930339,0.3943337940156926,7.615775424884465
9.245986938476562,-21.46925314272381,-13.805314357232337,0.7,0.40021917899255643,7.6639387854914744
9.26608943939209,-21.46621193914138,-13.752317371018208,0.6973211758770048,0.38167133298818956,7.713894568123173
9.28650450706482,-21.463548776166512,-13.697949197905084,0.6273211758770048,0.31167133298818955,7.765599578261428
9.306006669998169,-21.461218380174767,-13.642202580990418,0.5573211758770047,0.24167133298818955,7.819015799184349
9.326066732406616,-21.456864186870188,-13.585070646148665,0.5315752177871762,0.17167133298818954,7.871793540721523
9.34598159790039,-21.453083765075316,-13.526546899201149,0.5373778044618664,0.15194704962079414,7.9265368658741675
9.365970373153687,-21.447936799148895,-13.46662522308591,0.584153719190508,0.22194704962079415,7.981311576062986
9.385950565338135,-21.441976306159,-13.405299875027566,0.5636917799152432,0.233798053014325,8.036676431131433
9.405979633331299,-21.435607841355125,-13.342565483707162,0.6297117024101315,0.22776215699617752,8.093042357647963
9.426697015762329,-21.431440195612783,-13.278417046432034,0.5931199564971028,0.2853413092822302,8.153023149180749
9.446016073226929,-21.42891103357024,-13.212849926305656,0.6134761999733744,0.3272384124726523,8.216061107264585
9.465939998626709,-21.427586586029136,-13.145859849397507,0.6185042871534823,0.3180653852329124,8.28172673663163
9.486599445343018,-21.427133815272644,-13.077442901912912,0.5485042871534822,0.24806538523291238,8.349690913359732
9.505989074707031,-21.427298426872824,-13.00759552736291,0.52187670558691,0.2563019862503279,8.419702899509915
9.525964498519897,-21.42788752185144,-12.936314523734104,0.5258223784714935,0.1863019862503279,8.491572998117334
9.545900583267212,-21.428755929139868,-12.863597040658524,0.4558223784714935,0.1498906300694216,8.565158888481344
9.565973281860352,-21.429509902519168,-12.789440576583468,0.4983671755343673,0.0798906300694216,8.6400693259357
9.585978269577026,-21.43045007344708,-12.713842975941372,0.4283671755343673,0.1498906300694216,8.716607097505708
9.605977773666382,-21.431494795442514,-12.636802426319658,0.4983671755343673,0.1827885606617201,8.794692369122856
9.626043558120728,-21.432584603025667,-12.558317455630599,0.48444514263421273,0.21431546148960479,8.874267147395068
9.64609432220459,-21.433677004412424,-12.47838692928116,0.4144451426342127,0.21110645498265512,8.955290075131265
9.66653847694397,-21.437058765366057,-12.397010047342864,0.4265931941568849,0.16277548859943636,9.040048718023193
9.68606686592102,-21.44425789279407,-12.314186341721648,0.3565931941568849,0.09277548859943635,9.130071551072422
9.705998420715332,-21.453918756011618,-12.229915673327714,0.3540635248366741,0.022775488599436344,9.224003082683904
9.72669768333435,-21.46503488169631,-12.14419822924539,0.3981167664472011,0.0,9.320836652450922
9.746635437011719,-21.479185187976626,-12.057034519902981,0.4681167664472011,0.07,9.422150668073645
9.766589403152466,-21.497386394969983,-11.968425376242628,0.3981167664472011,0.14,9.528961018727355
9.786709785461426,-21.513189147580498,-11.878371946890157,0.41431403436697994,0.16855017594993116,9.63481720069034
9.805996417999268,-21.533958288789584,-11.78687569532495,0.3811162886861709,0.1314116468280554,9.747082593464635
9.826686382293701,-21.559945965876196,-11.693938397049779,0.36782158908434187,0.09677172206342222,9.866007568826417
9.846569776535034,-21.59582247761418,-11.599562136760687,0.33532352370209967,0.14088799558579923,9.996260340853494
9.866626024246216,-21.63993840675569,-11.503749305516818,0.29733185839839255,0.07127829395234586,10.136189101238871
9.88654613494873,-21.686298255229147,-11.406502597910297,0.2532157078105954,0.0012782939523458547,10.27979565731885
9.906696796417236,-21.73531122534881,-11.307825009236064,0.257818496758118,0.07127829395234586,10.427486216112746
9.92652702331543,-21.784875270208747,-11.207719832661745,0.18781849675811801,0.14127829395234587,10.577155437547002
9.94654631614685,-21.835832173743658,-11.1061906563975,0.257818496758118,0.07127829395234586,10.729641517346158
9.965982913970947,-21.886413565870075,-11.003241360865886,0.3178739798907188,0.13105497263371946,10.88317220500419
9.9866304397583,-21.93771741599136,-10.898876115871701,0.3471014247927812,0.11818933799862863,11.03884130011966
10.00648283958435,-21.982260728516156,-10.793099377771858,0.3766595562640575,0.08515005499124528,11.189161350744298
10.026470184326172,-22.026844604953247,-10.685915886645214,0.41897062488831555,0.1118974642455578,11.340928718308033
10.046185493469238,-22.070281652962983,-10.577330663462453,0.3964295284543184,0.04189746424555779,11.49295098950053
10.066866159439087,-22.11177735761084,-10.467349007255928,0.3264295284543184,0.0,11.644428350354913
10.086339950561523,-22.150831028274006,-10.355976492289518,0.2564295284543184,0.0,11.794854535984488
10.106333255767822,-22.18715925459312,-10.243218965228486,0.18642952845431837,0.07,11.943940289364633
10.1264009475708,-22.220637014076477,-10.129082542309325,0.2200377974007276,0.005011349618434913,12.091554471767152
10.14644742012024,-22.251252592299267,-10.013573606509638,0.2556302341911939,0.07501134961843492,12.237678985789628
10.16654658317566,-22.28602232938683,-9.896698804717966,0.23580803715623888,0.005011349618434913,12.389323524668866
10.186366081237793,-22.35518998435536,-9.778465044903655,0.16580803715623887,0.07501134961843492,12.576724939451704
10.206385612487793,-22.49275381522871,-9.658879493286722,0.23580803715623888,0.027247085571289076,12.833874321941988
10.226429224014282,-22.61219024536434,-9.537949571507696,0.2947580590192226,0.0,13.074240673856643
10.246494770050049,-22.81495813822793,-9.415682953797475,0.22475805901922258,0.0,13.399275184430454
10.266326189041138,-23.07721155186509,-9.292087564147188,0.15475805901922257,0.07,13.785123987717903
10.286428451538086,-23.373870782946767,-9.16717157347806,0.1696801777649668,0.14,14.206699209468708
10.306316137313843,-23.686609198813148,-9.040943396811238,0.2396801777649668,0.07,14.64566580200191
10.326449394226074,-24.004590062040556,-8.913411690437671,0.251432137796655,0.14,15.091178371602885
10.346589088439941,-24.317831874716596,-8.78458534908797,0.321432137796655,0.11880451567471029,15.533246525628625
10.366313934326172,-24.619526580953224,-8.654473503102246,0.2917559556011108,0.1888045156747103,15.965053077850978
10.38654351234436,-24.902933413077758,-8.523085515599966,0.3025636420864609,0.24159934841096403,16.37984789747779
10.406722068786621,-25.16385234079477,-8.390430979649832,0.3725636420864609,0.17159934841096403,16.773421361144937
10.426415920257568,-25.393009727355782,-8.256519715439609,0.3208552381116894,0.13471062608063222,17.136490011916173
10.446380376815796,-25.59197002103397,-8.121361767445993,0.39085523811168943,0.06471062608063222,17.470608253587976
10.466431856155396,-25.74364567641376,-7.984967401604473,0.3837330618780104,0.11497114382684231,17.758678274809284
10.486497163772583,-25.814470338247585,-7.84734710247918,0.31373306187801037,0.18497114382684232,17.967123235768405
10.506405353546143,-25.780943944503836,-7.708511570432732,0.3837330618780104,0.1608234339952469,18.072432374071106
10.52638292312622,-25.66423919435536,-7.568471718796116,0.3467042276542631,0.0908234339952469,18.095767475559246
10.546512126922607,-25.49283612735815,-7.42723867103852,0.2817132526915518,0.07092037953436375,18.06559745631963
10.566347122192383,-25.28564164173527,-7.284823757937193,0.21171325269155178,0.14092037953436376,18.000817883798078
10.586320161819458,-25.059047726008835,-7.141238514747318,0.2817132526915518,0.07092037953436375,17.917809211261517
10.606457948684692,-24.824951204451963,-6.996494678371839,0.3517132526915518,0.14092037953436376,17.828456526080124
10.626378059387207,-24.594129456787797,-6.850604184531344,0.2817132526915518,0.07092037953436375,17.743525272256456
10.646486520767212,-24.37166558560232,-6.703579164933911,0.21171325269155178,0.10513178788125516,17.66808642066841
10.666409492492676,-24.17851677286674,-6.555431944444951,0.20487686163745794,0.117704148106277,17.62308482842179
10.68631625175476,-23.993173212962837,-6.406175038257082,0.27487686163745795,0.052040132395923144,17.586998174705755
10.7063729763031,-23.82045208680183,-6.255821149059983,0.22082470617257033,0.011349490545690066,17.564630937741846
10.726382493972778,-23.66336665104792,-6.1043831642102315,0.15082470617257032,0.0,17.55898348683769
10.746593713760376,-23.521281429751824,-5.951874152901173,0.2177272691484538,0.03794226050376892,17.56940727685065
10.766517639160156,-23.397992400868556,-5.798307363332793,0.1477272691484538,0.022879221476614475,17.599685037535764
10.786242961883545,-23.291008108556895,-5.643696219881543,0.07772726914845379,0.0,17.647311888675354
10.80649709701538,-23.200484674843917,-5.488054320270198,0.1477272691484538,0.0,17.71243035457372
10.826361656188965,-23.126096714854008,-5.331395432737748,0.21484893134795102,0.012884850613772869,17.794701282116257
10.846678972244263,-23.069509322010443,-5.17373349320922,0.2594897257443515,0.08288485061377288,17.895775828801224
10.866346836090088,-23.02677720938651,-5.015082602465526,0.2094749803002921,0.012884850613772869,18.011694606920983
10.886576890945435,-22.989676098203763,-4.855457023313349,0.27896197832189473,0.016643677838146687,18.134219074890414
10.90656304359436,-22.96258277150862,-4.694871177754996,0.24978637269698056,0.0825470881536603,18.267711593753624
10.9264554977417,-22.945471045846634,-4.533339644158227,0.17978637269698056,0.06330402102321386,18.412131401688406
10.94645071029663,-22.935743322583964,-4.370877154426127,0.21874529472552212,0.0,18.564866168157835
10.966371536254883,-22.929084407874726,-4.207498591166969,0.14874529472552211,0.0,18.72158581670776
10.986423015594482,-22.92704887058854,-4.043218984864064,0.20554034418426426,0.0,18.883829885724474
11.006395816802979,-22.925961939042413,-3.8780535110456036,0.15748032561503322,0.0,19.04790842799681
11.026421546936035,-22.925562536439767,-3.7120174874545384,0.21838164708577068,0.0,19.213545048985228
11.04671049118042,-22.925651204196022,-3.545126371218416,0.26916685706935795,0.0,19.380524832977606
11.066336631774902,-22.92839288732444,-3.3773957560192525,0.2694900792918631,0.07,19.550997131305188
11.086369752883911,-22.930588698145776,-3.2088413692633626,0.2542730116180607,0.0,19.721747328882415
11.106412649154663,-22.932495157162577,-3.039479069251243,0.2512906007829585,0.0,19.893016087911334
11.126368761062622,-22.934002722779777,-2.8693248423474227,0.1812906007829585,0.0,20.064677880432356
11.146703958511353,-22.935193493118295,-2.6983948001503038,0.1112906007829585,0.0,20.23679869296799
11.166338682174683,-22.93613284103175,-2.526705176662025,0.1812906007829585,0.008717173710465431,20.409427664369723
11.186375141143799,-22.939189147520054,-2.3542723254583287,0.13355125147732877,0.0,20.584916822061725
11.206673622131348,-22.952900695698762,-2.1811127168583955,0.09077827665838384,0.0,20.771787978840365
11.226496696472168,-22.98060084403592,-2.0072429350947214,0.16077827665838385,0.041940052062273026,20.973357908941196
11.246422290802002,-23.017287165749366,-1.8326796754829608,0.2181780562165656,0.0,21.184607490266405
11.266441106796265,-23.059248243474265,-1.6574397415917765,0.1952711511764207,0.07,21.40180850188249
11.286371231079102,-23.106083531809972,-1.4815400424127176,0.1408851538214364,0.08855013146996499,21.624543489397254
11.306386470794678,-23.15507001237494,-1.3049975895300587,0.0708851538214364,0.04563199326395989,21.85007242284488
11.326440334320068,-23.19760132548568,-1.127829494290653,0.0008851538214363908,0.0,22.069771831195027
11.346374988555908,-23.24118640738059,-0.9500529649737857,0.0,0.0,22.291133442406803
11.366502285003662,-23.284354736242665,-0.771685303961064,0.07,0.0,22.5126694322816
11.386368036270142,-23.326095899885242,-0.592743904906218,0.0,0.07,22.733351994979024
11.406378030776978,-23.363429350485887,-0.413246249905006,0.031483832746744156,0.0,22.95018310058088
11.426403760910034,-23.38050293417544,-0.23320990666504926,0.03751243278384209,0.04840792343020439,23.14729302751039
11.446512699127197,-23.355258261401975,-0.05265252567566847,0.0,0.0,23.302605735726306
11.466543674468994,-23.257274863140353,0.12840816262222887,0.07,0.0,23.38568302576258
11.486496925354004,-23.062707602301288,0.3099543506663025,0.14,0.034073252230882645,23.37266195296759
11.506561517715454,-22.75985591895292,0.4919681566029155,0.21000000000000002,0.057391708716750145,23.251824075555835
11.5266432762146,-22.348079353824527,0.6744316271173254,0.28,0.0,23.022510980941853
11.546038627624512,-21.9905644268251,0.857326740263753,0.35000000000000003,0.07,22.847891167088854
11.566569089889526,-21.526349216972555,1.0406354082955929,0.30227192342281345,0.14,22.566984625268148
11.586372137069702,-20.9770929410062,1.2243394804955017,0.37227192342281346,0.21000000000000002,22.201432421501703
11.606462717056274,-20.37861169982905,1.4084207460056,0.30227192342281345,0.14,21.78703244583465
11.626443862915039,-19.761712670923746,1.5928609366575763,0.23227192342281344,0.1228896038234234,21.354573607581322
11.646392822265625,-19.15059566364128,1.7776417298028377,0.30227192342281345,0.14740383565425874,20.928237393444117
11.666476726531982,-18.5827641400367,1.9627447511426617,0.28087897263467315,0.21740383565425875,20.545508891179363
11.686484336853027,-18.13176979616576,2.1481515775583375,0.2865395270287991,0.28740383565425875,20.279921373724097
11.706649541854858,-17.891947930556444,2.3338437399413294,0.21653952702879908,0.23963871106505397,20.225791670497774
11.726550340652466,-17.907042130131803,2.5198027260233573,0.2865395270287991,0.16963871106505396,20.42684485615516
11.746377944946289,-18.13585980191514,2.7060099832066413,0.2412865109741688,0.13325283959507944,20.84186978512178
11.766511678695679,-18.334525146550014,2.8924469213939332,0.2393128025811166,0.18236631438136103,21.226972067943947
11.7865629196167,-18.658734340042752,3.079094915818782,0.23123789965175096,0.25236631438136103,21.737829255861534
11.806325197219849,-19.0152723728947,3.2659353098755446,0.25866736485622827,0.32236631438136104,22.281207682770244
11.826421976089478,-19.33622555298394,3.452949417949654,0.2771232520695776,0.2717651411890984,22.789174970933594
11.84630537033081,-19.598523675030652,3.64011852824769,0.3237686996813864,0.2265421621501446,23.238642203278342
11.866540431976318,-19.80621925854374,3.827423905627537,0.2537686996813864,0.2965421621501446,23.63364316417128
11.886456727981567,-19.96124980026369,4.014846794428529,0.3237686996813864,0.2265421621501446,23.97609659469222
11.906469583511353,-20.04318554823951,4.202368421301621,0.2537686996813864,0.1565421621501446,24.24555396954113
11.926357746124268,-20.028181061781616,4.389969998039504,0.2227929387893528,0.20315093800425532,24.41815105982112
11.946626901626587,-19.91381035456236,4.577632724406726,0.25932166396640244,0.19078002937138083,24.491443078969088
11.966511011123657,-19.72880334716845,4.765337790969902,0.18932166396640243,0.26078002937138084,24.494141138138353
11.986359596252441,-19.568175539895847,4.953066381927819,0.11932166396640242,0.19078002937138083,24.521241921823666
12.006507635116577,-19.360148425108438,5.140799677941548,0.18932166396640243,0.20455559689551595,24.500948103049986
12.026476621627808,-19.124681211673018,5.328518858964696,0.11932166396640242,0.13693202633410695,24.453200070637713
12.046424150466919,-18.874044008166752,5.5162051070733895,0.15715081720612945,0.20693202633410696,24.39024911524014
12.066458225250244,-18.607893802959598,5.703839609296573,0.19557138635776938,0.13693202633410695,24.31173341225617
12.086540460586548,-18.319452146147004,5.891403560446051,0.2655713863577694,0.20693202633410696,24.210855706593055
12.106610774993896,-18.01154739220486,6.078878165946705,0.19557138635776938,0.13693202633410695,24.090425558151566
12.126389026641846,-17.698238749064824,6.26624464466655,0.1931086176633835,0.06693202633410694,23.964483393731374
12.146394968032837,-17.389433886272492,6.4534842317469945,0.1285380268096924,0.13693202633410695,23.842918118019487
12.166411399841309,-17.09189578049873,6.640578181432872,0.1985380268096924,0.10411858160048726,23.732473961931603
12.18656039237976,-16.810024928769447,6.827507769902642,0.18572829946875574,0.12627285134047272,23.63753269867209
12.206526279449463,-16.56529745879349,7.014254298098557,0.11572829946875574,0.1160519986599684,23.579551756892048
12.226621866226196,-16.336302631825163,7.200799094556714,0.1452326750010252,0.07898481257259848,23.537101726381877
12.246608257293701,-16.12427052505874,7.387123518237306,0.0752326750010252,0.1489848125725985,23.511394043296047
12.266438722610474,-15.931924823429975,7.573208961354734,0.1452326750010252,0.07898481257259848,23.50513378478471
12.286504030227661,-15.758322163978995,7.759036852207704,0.0752326750010252,0.008984812572598477,23.5173590161867
12.306420087814331,-15.604629682459098,7.944588658009415,0.028188952878117568,0.048343268260359784,23.549218340468514
12.32636046409607,-15.468816969809586,8.129845887717714,0.0,0.0,23.5986628575273
12.34641695022583,-15.351318872317385,8.314790094865174,0.04207267984747887,0.023896807804703712,23.66610896718256
12.36636209487915,-15.251954745964582,8.49940288038933,0.05135106481611729,0.0,23.75135762635391
12.38638710975647,-15.167804851985514,8.683665895462738,0.058809082955121994,0.005830373149365187,23.851470747448253
12.406498193740845,-15.09644022750971,8.867560844323226,0.0,0.038573070894926786,23.964001071832936
12.426321983337402,-15.034479638514432,9.051069487103895,0.0,0.0,24.08554912561833
12.446386098861694,-14.984357390844439,9.234173642663336,0.016193093731999397,0.07,24.218531033507773
12.466644287109375,-14.943778789835335,9.416855191415866,0.0,0.05825488518923522,24.3606339812512
12.486442804336548,-14.910898463698135,9.599096078161491,0.0,0.012674438469111926,24.509994541859626
12.506553411483765,-14.88423176609506,9.780878314916201,0.07,0.08267443846911193,24.66511008101126
12.526570558547974,-14.862583731222013,9.962183983742005,0.14,0.15267443846911194,24.82476771496402
12.546428203582764,-14.844992092899908,10.142995239577175,0.21000000000000002,0.20045649822801354,24.987987332477083
12.566361904144287,-14.830681573977003,10.323294313066327,0.14,0.17810833644121887,25.15397588704333
12.586167573928833,-14.819027208566599,10.503063513390547,0.21000000000000002,0.10810833644121887,25.322090721957146
12.60618543624878,-14.809524904953896,10.682285231097623,0.28,0.14662596058100463,25.49181013605152
12.626293897628784,-14.799451465457214,10.86094194093208,0.32095158725976947,0.21662596058100464,25.660393406389293
12.646166324615479,-14.790705448099066,11.039016204665408,0.25095158725976946,0.28662596058100465,25.829721652764476
12.666184902191162,-14.779336946932295,11.216490673926177,0.24809348354116084,0.35662596058100465,25.99582762085847
12.686180114746094,-14.752548446982745,11.393348093030177,0.24780188964447009,0.28662596058100465,26.14589654001292
12.70684266090393,-14.671744912196734,11.569571301810573,0.18043634013971316,0.2517079279944301,26.241316214007306
12.726238012313843,-14.47679732527244,11.745143238448005,0.23771466405829417,0.18170792799443009,26.221940563720445
12.746814966201782,-14.124316806018179,11.920046942300836,0.16771466405829416,0.22253082882612946,26.044363748319014
12.767372608184814,-13.630012316801132,12.094265556735152,0.15712204789509998,0.25338859487324955,25.724277873536284
12.786357641220093,-13.050227016553587,12.267782331955033,0.0986886045872234,0.21153499189764263,25.318009348508618
12.806364059448242,-12.426348598243896,12.44058062783267,0.0711696038930677,0.14153499189764263,24.866929226076564
12.826576471328735,-11.78828621268451,12.61264391673842,0.00977112008025871,0.07153499189764262,24.40093012942293
12.84644103050232,-11.157187987507154,12.78395578637106,3.057187190280697e-05,0.0015349918976426125,23.941143773878213
12.866614580154419,-10.609252395705328,12.954499942587894,0.0,0.06896571908146143,23.56375233829322
12.886335134506226,-10.071827788220283,13.124260212234894,0.0,0.0,23.196088000455177
12.906337261199951,-9.55586767312178,13.29322054597677,0.0,0.07,22.849088219098547
12.926380395889282,-9.068414448283423,13.461365021127307,0.0,0.039960993155837066,22.52977946941073
12.946443796157837,-8.615924677433062,13.628677844479302,0.0,0.0066284329444170065,22.244602521912363
12.966392040252686,-8.20196150523338,13.795143355134826,0.07,0.0,21.997104860368204
12.98639464378357,-7.8256681097199765,13.96074602733534,0.007348030507564551,0.01909707300364971,21.786414137055317
13.006358623504639,-7.48777292425042,14.125470473291788,0.04541309520602227,0.08516840450465679,21.613243397542206
13.026350975036621,-7.187769923629586,14.289301446014893,0.0,0.015168404504656785,21.477071369644477
13.046430826187134,-6.921992640072316,14.45222384214506,0.043128881603479385,0.052135488316416734,21.374216482217378
13.066289186477661,-6.68699240168927,14.61422270478279,0.09318290278315544,0.09708060540258884,21.30121510647206
13.086465835571289,-6.4829591948841045,14.775283226318617,0.03459637239575386,0.02708060540258883,21.258242421202723
13.106361150741577,-6.302415863374843,14.935390751263327,0.03440992490504868,0.0,21.23780661463817
13.126280784606934,-6.142946339751655,15.09453077907817,0.0,0.07,21.237477118829823
13.14642882347107,-6.002317072918363,15.25268896700485,0.0060484567657113075,0.10250980377197266,21.255006039923213
13.16637396812439,-5.878480149039326,15.409851132895767,0.005422904388979077,0.14328787446022034,21.288331281935093
13.186371803283691,-5.769570566837788,15.566003258044233,0.03139498573727906,0.13065858621150256,21.335573824882022
13.206346273422241,-5.673899524430376,15.721131490014479,0.02735416474752128,0.06065858621150255,21.395031014444854
13.226489543914795,-5.589945112777466,15.875222145471838,0.04581991280429065,0.10123071540147066,21.465167258249302
13.246390104293823,-5.5163414530928225,16.028261713012913,0.060020500561222434,0.1067790687084198,21.544603166105738
13.266354322433472,-5.451867039740208,16.180236855995723,0.025983897736296058,0.08554315380752087,21.63210389573593
13.286345958709717,-5.395432838498536,16.33113441536988,0.014349457575008273,0.01554315380752086,21.726567253868417
13.306358814239502,-5.346435224146936,16.480941412506578,0.0,0.009703724011778825,21.827376636653515
13.326401710510254,-5.303529548831186,16.629645052028952,0.0,0.060996676161885255,21.933174600860138
13.34640908241272,-5.265985989634389,16.777232724642104,0.04064389690756798,0.13099667616188526,22.04321871427649
13.366388320922852,-5.233156307844142,16.923692009963265,0.0,0.20099667616188527,22.15684831780741
13.386305570602417,-5.204466015801868,17.069010679351884,0.07,0.13099667616188526,22.273476695153754
13.40644383430481,-5.179406992448504,17.213176698739836,0.0,0.20099667616188527,22.392583691188342
13.426321268081665,-5.157530605142409,17.35617823146167,0.0,0.1917205673456192,22.513708836604078
13.446511268615723,-5.138441364397798,17.498003641084466,0.05112624540925026,0.2242358696460724,22.636445005482265
13.466624021530151,-5.121791116008056,17.638641494238314,0.12112624540925027,0.19368041276931763,22.76043261024637
13.486472845077515,-5.104957411407845,17.77808056344619,0.1644122038781643,0.20282041344791651,22.883037974854034
13.506347417831421,-5.083807236042976,17.91630982995426,0.23353083029389382,0.16608294535428286,23.000117065997234
13.526364088058472,-5.0654441138015756,18.053318486561885,0.19173691019415856,0.23157594043761492,23.11876260036346
13.546531438827515,-5.018793174716232,18.189095940452034,0.26173691019415857,0.24201163060963155,23.207889115168268
13.566485404968262,-4.898131198309472,18.32363181602105,0.19173691019415856,0.31201163060963155,23.22176301433052
13.586384296417236,-4.650486802854985,18.456915957709086,0.12173691019415855,0.38201163060963156,23.10740276056407
13.606422424316406,-4.230831971264352,18.588938432830147,0.19173691019415856,0.31201163060963155,22.8197704040945
13.62639594078064,-3.6425369661563387,18.719689534402235,0.20435851130634547,0.38201163060963156,22.362226500558574
13.646492719650269,-2.943346857680691,18.849159783977534,0.2621481238678098,0.31201163060963155,21.792506641658225
13.666317462921143,-2.1901909583743615,18.97733993447241,0.27369525998830796,0.24201163060963155,21.167530892846774
13.686363458633423,-1.4217171689322394,19.104220972997787,0.21305097237229348,0.22463258139789105,20.525938141930027
13.706584692001343,-0.665173266010295,19.229794123689103,0.23051154397428036,0.29463258139789106,19.8949673896994
13.726530075073242,0.06082938899406047,19.354050850536524,0.29929628752171994,0.2555540253967047,19.293221461542462
13.746419668197632,0.6911634297968456,19.47698286021513,0.22929628752171993,0.24548918042331935,18.785819430418286
13.76641583442688,1.2868080313651913,19.598582104914982,0.1941820289939642,0.28982612524181606,18.311774073549792
13.786422491073608,1.824129092623287,19.718840785171217,0.18470992986112833,0.3465933356061578,17.89471169254793
13.806516647338867,2.281298896058081,19.83775135269446,0.11470992986112832,0.40509713847190143,17.55645245663638
13.82633900642395,2.6452687142477007,19.95530651320064,0.06813752774149179,0.3350971384719014,17.31003779895294
13.846391439437866,2.9140641284317956,20.07149922924124,0.1381375277414918,0.293033276386559,17.157435100809444
13.866345643997192,3.107352841967986,20.186322723033634,0.1706707114353776,0.32010033417493106,17.078969881065646
13.886311531066895,3.243101975770305,20.299770479290935,0.10067071143537759,0.39010033417493106,17.05666850352063
13.906324625015259,3.3376239379136012,20.41183624805236,0.07686685521155595,0.32010033417493106,17.07421231013876
13.926523685455322,3.401019197375626,20.52251404751324,0.0068668552115559445,0.25010033417493105,17.121494850137616
13.94645071029663,3.4434400312176856,20.631798166855226,0.0,0.18010033417493104,17.18835813563754
13.966463088989258,3.4802708822146817,20.739683169076486,0.0,0.19384542416781186,17.259412286861803
13.9864501953125,3.5091009724544593,20.84616389382164,0.0,0.2321940654143691,17.33706292136718
14.006509780883789,3.554777557763683,20.951235460212196,0.03508913144469261,0.2894028605148196,17.396457902448514
14.026408910751343,3.6410641123185017,21.05489326967654,0.0,0.27077738877385854,17.413829157358037
14.046455144882202,3.7810796606018275,21.157133008780008,0.0,0.20077738877385853,17.376053348178182
14.066587209701538,3.977887702124466,21.25795065205517,0.07,0.23609956692904233,17.280062949930706
14.086379766464233,4.232119323552982,21.357342464831923,0.020360406190156943,0.2513363246247172,17.12522314127894
14.106405973434448,4.54501582106899,21.45530500606752,0.09036040619015695,0.2751436677202582,16.91028918499853
14.1264808177948,4.9066278757886215,21.551835131176986,0.11949865832924844,0.30176586996763943,16.645207255388364
14.146481275558472,5.299495599902288,21.646929994863022,0.17556277230381967,0.34693010862916707,16.347434394960736
14.166392803192139,5.703718913016614,21.740587053946157,0.10556277230381966,0.3730663299933076,16.036868140929542
14.18636965751648,6.054675913773743,21.83280407019511,0.05054200038313866,0.3714626253489405,15.778128156421367
14.206365823745728,6.409886161908437,21.92357911315665,0.12054200038313867,0.4414626253489405,15.513692951248212
14.22632646560669,6.761005452147128,22.012910562985994,0.19054200038313868,0.5114626253489405,15.251905110838866
14.246444463729858,7.104662227689737,22.1007971132767,0.22993353664875033,0.5233741358388215,14.996134885586962
14.26655626296997,7.447976737299861,22.18723777389105,0.29993353664875033,0.4533741358388215,14.739261036591188
14.28642225265503,7.802852631024369,22.272231873790034,0.2952685311622918,0.3833741358388215,14.469379242765665
14.306448459625244,8.177253252121481,22.35577906386358,0.2347274676151574,0.4533741358388215,14.178525811742098
14.326492071151733,8.56229712231519,22.43787931976066,0.17306008862331512,0.4654491558391601,13.875582197445471
14.346423625946045,8.939953098530221,22.51853294471946,0.12411976160481575,0.42170634639449417,13.578579846189239
14.366395473480225,9.297891808907558,22.597740572397456,0.13719385417178276,0.4441104378271848,13.299848763489898
14.386356115341187,9.630385507632251,22.675503169701656,0.06719385417178275,0.4812646355200559,13.045117662069405
14.406328439712524,9.91906502583228,22.751822039618673,0.13719385417178276,0.4764468451682478,12.832757013786393
14.426275491714478,10.182448995116003,22.82669882404477,0.09393706845119598,0.46051521466113626,12.644249828928766
14.446367979049683,10.42132171475569,22.900135506616394,0.1614537827856839,0.5254659117851406,12.478813791860704
14.466287612915039,10.639190283137557,22.972134415539855,0.2314537827856839,0.5954659117851406,12.332944132402298
14.486396074295044,10.836727876239832,23.0426982264218,0.1993076716549695,0.5254659117851406,12.205970350181966
14.506372451782227,11.014937889613027,23.111829965099027,0.2363652055151761,0.5552821704838424,12.096892075486
14.526326894760132,11.177342986559538,23.179533010468987,0.20329873161390427,0.6091646576020866,12.00219002390945
14.546337366104126,11.322173780777929,23.245811097319788,0.20701722675003115,0.5391646576020865,11.923637316541859
14.566399335861206,11.450980808144427,23.310668319160172,0.2036795780528337,0.6091646576020866,11.859687511015744
14.586342573165894,11.565263345199854,23.374109131049906,0.2542937227059156,0.5607403689716011,11.808845785850052
14.606322526931763,11.66644555148011,23.43613835242987,0.24960914128459993,0.617925616512075,11.76969280094976
14.626341104507446,11.754294526277032,23.496761169952123,0.17960914128459993,0.6740589240286499,11.74246664367509
14.64634084701538,11.829818252872004,23.555983140309976,0.24960914128459993,0.6107612425182014,11.726164887437973
14.666351318359375,11.89479068354242,23.613810193068403,0.25003728412557397,0.638802648121491,11.719019509525983
14.68638277053833,11.950722049098092,23.670248633493998,0.3052958636777476,0.7,11.719526584395906
14.706517696380615,11.996583254523095,23.725305145384965,0.27833101295400414,0.6664902687072753,11.72872189086187
14.726473569869995,12.034241256648453,23.778986793901637,0.23173132308293137,0.6071219563484191,11.744745537253184
14.746382713317871,12.062892653610538,23.831301028396403,0.19574764885474,0.6771219563484192,11.768408374785865
14.766676664352417,12.082216786323686,23.882255685243834,0.23622827746439728,0.7,11.800038898920148
14.786340951919556,12.09223675032223,23.93185899067086,0.1675644195871428,0.7,11.83962224034863
14.806358814239502,12.093213797690202,23.980119563586996,0.1159417568938807,0.7,11.886905765896794
14.826418161392212,12.087884062202363,24.02704641841423,0.1451049461262301,0.6953437722288072,11.939162356211867
14.846420764923096,12.083256649777214,24.072648967917694,0.16501444720197472,0.6995357748121023,11.98939231814048
14.866588830947876,12.074296585799916,24.11693702603509,0.20946300171781335,0.6895275775343179,12.042640440235173
14.886338710784912,12.062563288400463,24.15992081070744,0.16949327804613862,0.7,12.097357522306977
14.906372308731079,12.051529335242657,24.201610946708968,0.193966146116145,0.6962649960070848,12.15008161146631
14.926331281661987,12.043588279652766,24.242018468477156,0.12396614611614498,0.682919224537909,12.19843018882439
14.94648265838623,12.03800477584638,24.28115482294313,0.12598605090286585,0.695674923993647,12.24315004709675
14.96642518043518,12.03652228209344,24.319031872361627,0.17576573052909228,0.6609059365466237,12.282509590268187
14.986388683319092,12.040243688695739,24.355661897141196,0.106216840534471,0.6983770223334431,12.315418208445458
15.006391286849976,12.049797893426806,24.39105759867452,0.176216840534471,0.6891617717221379,12.341259705247715
15.026386737823486,12.070100689762763,24.42523210216804,0.112252995162271,0.7,12.355131412405276
15.046373844146729,12.108915909803839,24.45819895947274,0.12572650124784562,0.6897200651466846,12.3492830496689
15.06630802154541,12.14261627484313,24.489972151913726,0.05775027980562303,0.7,12.347355877070596
15.086416244506836,12.195775087559646,24.520566093120877,0.12682256361003968,0.7,12.32479100556123
15.106381893157959,12.267997406524115,24.549995631858685,0.07086543624754998,0.6974119563121348,12.28199822533457
15.126387357711792,12.3608228445531,24.578276054856474,0.06750542975496504,0.6308051813859492,12.217453210303374
15.14647364616394,12.479410489725314,24.605423089638307,0.002155128191225264,0.7,12.126012599912993
15.16634225845337,12.626664783398708,24.631452907353726,0.02311127192806456,0.7,12.004788123955018
15.186375141143799,12.803847587210356,24.6563821256073,0.0,0.7,11.852534538396945
15.206323146820068,13.011046602847372,24.68022781128891,0.00044005547533743083,0.6772131387144327,11.669181208441536
15.226531744003296,13.25216436827952,24.70300748340422,0.004571740952087566,0.6265883136540651,11.450843115124702
15.246369361877441,13.531333933025214,24.72473911590447,0.0,0.5999154809862375,11.193405182879255
15.266374111175537,13.85737222549966,24.74544114051666,0.0006689179572276771,0.6391452800482511,10.888068915017001
15.286306858062744,14.140446995178875,24.765132449573883,0.02291467337636277,0.6377228004159405,10.624685454395008
15.306448221206665,14.483257181610302,24.783832398845306,0.0,0.6800810163142159,10.300575217235004
15.32637071609497,14.89095256633103,24.80156081036629,0.003596637863665819,0.6954052512766793,9.91060824403526
15.346358299255371,15.36076734811394,24.81833797526864,0.05292489053681493,0.7,9.4575706271547
15.366320371627808,15.87987791312083,24.834184656610887,0.024450472090393305,0.6299999999999999,8.954306743490058
15.386417388916016,16.431129000820277,24.849122092207985,0.07055836403742433,0.5985657918453215,8.417993091387707
15.406489133834839,16.99712514683272,24.86317199746189,0.06107401056215167,0.5681102547049521,7.866046850629171
15.426464080810547,17.565395197671553,24.876356568191405,0.0,0.6274124319851397,7.310961370519852
15.446270942687988,18.12490065764392,24.888698483462726,0.014293445274233818,0.5574124319851397,6.763797825818806
15.46705174446106,18.663572697413244,24.900220908418937,0.0,0.5926302647590636,6.2366482110056936
15.486412286758423,19.173577606946104,24.910947497110953,0.0,0.5830668531730769,5.7373698901648496
15.50640344619751,19.616376890446215,24.920902395327005,0.0,0.572835227884352,5.3045255048807896
15.526376485824585,20.03467940690746,24.93011024342298,0.0,0.5508573860302566,4.895430836515519
15.546423196792603,20.427258978212784,24.938596179152732,0.03823046386241913,0.554327418738976,4.511337200939948
15.566287755966187,20.791625502447104,24.946385840498202,0.023877336643636227,0.5812163107935338,4.154760338051098
15.586459875106812,21.12679295542216,24.953505368499265,0.08005786221474409,0.6512163107935338,3.8267124130771037
15.606361389160156,21.432846002459094,24.959981410084175,0.12307540234178305,0.6602441709209232,3.5271354076250816
15.626408100128174,21.710610757507958,24.965841120899483,0.06912869121879339,0.6692259976360946,3.255230363391526
15.646409273147583,21.961406558077176,24.97111216814062,0.061694624833762646,0.6603610537666826,3.0097056100634454
15.666338205337524,22.186860554104097,24.9758227333815,0.10788006987422705,0.6727286757621913,2.7889621792774015
15.686346530914307,22.38877081265003,24.98000151540488,0.0898170555010438,0.6563829494360833,2.5912307027548493
15.706439018249512,22.566690380514345,24.983677733032685,0.09042881621280685,0.6230631036404519,2.4169873525183405
15.726330518722534,22.721164691836425,24.98688112795577,0.07399271434405819,0.6734456805232911,2.2657164361193445
15.746362447738647,22.85737597394754,24.989641967564324,0.042850397585425526,0.6956132644508033,2.132265993616784
15.766312837600708,22.9749959315153,24.991991047778264,0.018573669774923474,0.661586522469297,2.016995116262965
15.78639817237854,23.07660285749551,24.99395969587667,0.043411776481661946,0.6649534079432486,1.91735683838116
15.806330919265747,23.1620932573672,24.995579773328735,0.05508752079913393,0.6740680040046572,1.8334865159615354
15.826772451400757,23.23413634327948,24.99688367862305,0.12508752079913393,0.6896768921241163,1.762747335343569
15.846355438232422,23.29494050027196,24.99790435009878,0.08819882082054392,0.6688285992667078,1.7029638498268191
15.86635684967041,23.346335830141552,24.998675268774804,0.09446836611488835,0.5988285992667077,1.652339438633252
15.886362791061401,23.389841454411325,24.99923046118049,0.13255010893801228,0.6066744266450403,1.6093890067691632
15.906540632247925,23.426720457507198,24.99960450218552,0.12180094676325098,0.6222419202700256,1.5728840446783217
15.926344394683838,23.458024797043514,24.999832517830534,0.10176931763300673,0.5804861620441077,1.5418077207870198
15.946393728256226,23.485204023866686,24.99995018815639,0.1074609716818668,0.6194411278143523,1.5147461642897042
15.966485977172852,23.508229760499432,24.999993750035223,0.16267637139419094,0.5853879399970172,1.4917639895357908
15.986476421356201,23.52776372330796,25.0,0.13108586123446003,0.613781903348863,1.4722362766920405
16.006629943847656,23.54435755285528,24.99999911944498,0.061085861234460026,0.683781903348863,1.4556415665896978
16.02637243270874,23.55615554669366,24.99997631427097,0.022587861923966557,0.6769109695404767,1.4438207675773107
16.046356439590454,23.56431151205307,24.99989075624249,0.0004688520566560328,0.7,1.4355792441894195
16.06650996208191,23.567406498039112,24.999701364467217,0.0,0.7,1.432294866428105
16.086511611938477,23.56458831071024,24.999367686079527,0.0,0.6956997432745993,1.4347793753692883
16.10636615753174,23.560053570059164,24.99884989305657,0.0,0.6649711162783205,1.4387963229974048
16.12650203704834,23.55676240576431,24.99810877903437,0.0,0.7,1.4413463732700613
16.14640164375305,23.556738091632926,24.99710575612391,0.0,0.7,1.440367664490985
16.16642141342163,23.556716981483287,24.995802851727223,0.0053840274922549725,0.7,1.439085870243936
16.1865017414093,23.55896518010186,24.99416270535346,0.0,0.7,1.4351975252515992
16.20633840560913,23.565046693217468,24.992148565435006,0.0,0.7,1.4271018722175377
16.22631812095642,23.57594682199758,24.98972428614355,0.0,0.6403741955757141,1.4137774641459693
16.246590852737427,23.59222294324192,24.986854324206174,0.0,0.6206930696964263,1.3946313809642525
16.26637315750122,23.61875321242299,24.983503735721452,0.0,0.6707941263914108,1.3647505232984614
16.286322593688965,23.66097200194666,24.979638172975523,0.03538116440176964,0.7,1.3186661710288625
16.30644130706787,23.719924103137046,24.975223881258184,0.049222967587411404,0.7,1.2552997781211381
16.326435327529907,23.791261506776557,24.970227695678986,0.07568577956408262,0.7,1.1789661889024288
16.346692323684692,23.869321409360705,24.96461703798331,0.06139649357646704,0.7,1.0952956286226048
16.366328239440918,23.94999336767935,24.95835991336846,0.07371753919869661,0.6978309469297528,1.0083665456891104
16.386407136917114,24.020034821544503,24.951424907299753,0.07219061383511871,0.7,0.9313900857552504
16.40639352798462,24.09116528637837,24.943781182326603,0.09412967541720718,0.7,0.8526158959482331
16.426364183425903,24.161177521070073,24.935398474898605,0.03916370996739715,0.7,0.7742209538285323
16.446341037750244,24.228567889987385,24.926247092181633,0.0,0.6728057514876127,0.697679202194248
16.466352939605713,24.29236109624781,24.916297908873922,0.0,0.6723615953698754,0.6239368126261127
16.486284494400024,24.351974520567886,24.905522364022154,0.0,0.7,0.5535478434542682
16.50651526451111,24.404797296622917,24.89389245783755,0.0,0.7,0.4890951612146317
16.526614665985107,24.451511282669287,24.88138074851195,0.0,0.7,0.42986946584266406
16.546753406524658,24.49275108061614,24.867960349033915,0.0,0.6911234881728887,0.37520926841777325
16.566434860229492,24.531418092257162,24.8536049240048,0.0,0.7,0.3221868317476364
16.586353540420532,24.567279031908797,24.838288686454845,0.0,0.6541436396539211,0.27100965454604875
16.60648250579834,24.598414415287614,24.821986394659277,0.0,0.615077731013298,0.22357197937166262
16.626331090927124,24.62727835240456,24.804673348954367,0.0,0.6492564983665943,0.17739499654980762
16.646363496780396,24.6538038814155,24.78632538855356,0.0,0.6399376716464757,0.13252150713806188
16.666789531707764,24.680322468515627,24.76691888836352,0.002968684071674943,0.6603754486888647,0.08659641984789346
16.686439275741577,24.71077003552308,24.746430755800247,0.005166841438040137,0.646346846409142,0.03566072027716771
16.70669674873352,24.745460500754767,24.724838427605157,0.031234957044944167,0.6643184402957558,-0.020622073149610287
16.726686716079712,24.78218373651256,24.702119866661157,0.07222012779675424,0.6167807484045624,-0.08006386985140423
16.746158123016357,24.82166740599358,24.67825355880876,0.0909164974000305,0.5763024220243096,-0.14341384718482075
16.766502141952515,24.86202783078884,24.653218509662135,0.0514867992606014,0.5956862865015864,-0.20880932112670436
16.786362648010254,24.901933537955376,24.62699424142524,0.04896181053481996,0.626096954382956,-0.2749392965301354
16.806360006332397,24.94047169648542,24.599560789707866,0.007365047698840499,0.6327596081420779,-0.3409109067775553
16.826623678207397,24.973931509647116,24.570898700341758,0.0,0.6164401246234774,-0.40303280930535834
16.846627712249756,25.006094977485272,24.540989026196677,0.0,0.6798045111820101,-0.4651059512885958
16.86665987968445,25.036510364459954,24.50981332399651,0.04629075154662132,0.664944327250123,-0.5266970404634428
16.886614322662354,25.064909974393288,24.477353651135346,0.07806313410401344,0.640665878355503,-0.5875563232579424
16.906654357910156,25.091160996350048,24.44359256249356,0.09836536273360252,0.7,-0.6475684338564882
16.9264714717865,25.115227808262258,24.40851310725391,0.07340959832072258,0.6880724558606743,-0.7067147010083481
16.946738719940186,25.137143232362476,24.37209882571762,0.005357753485441208,0.6694294603541493,-0.7650444066448543
16.966381788253784,25.15698676592815,24.334333746120475,0.046633318066596985,0.7,-0.8226530198076745
16.986385107040405,25.17255188258279,24.29520238144889,0.0717521421611309,0.7,-0.8773495011338994
17.006549835205078,25.18473507760542,24.25468972625602,0.0866266805678606,0.7,-0.9300453513493991
17.026739358901978,25.194248169253218,24.21278125347784,0.09957667998969555,0.7,-0.9814669157753784
17.046395540237427,25.2025076783026,24.169462911249212,0.0783722847700119,0.7,-1.0330447670533864
17.066659450531006,25.208827059476484,24.124721119720014,0.0747460110578686,0.7,-1.0841059397564692
17.086076021194458,25.213632319186654,24.07854276787119,0.07121164351701736,0.6708029832690954,-1.1350895513154633
17.106648921966553,25.217259257657968,24.030915210330868,0.039844099432229996,0.6658071990124881,-1.1863440473271005
17.126745223999023,25.217655821600214,23.98182626419041,0.015076503157615662,0.595807199012488,-1.2358295574098044
17.14664101600647,25.215798179228678,23.931264205820547,0.0,0.5899921759217976,-1.2845339734081307
17.166503190994263,25.212423767245085,23.87921776768742,0.0,0.6378584719449281,-1.3332059995576628
17.186524152755737,25.208084769049094,23.825676135168706,0.0,0.6498344774544238,-1.382408633880388
17.206101894378662,25.203190141988244,23.770628943369683,0.0,0.5924968990683555,-1.4325611986185613
17.226726055145264,25.198038583370487,23.71406627393932,0.0027233907021582127,0.5705083078891038,-1.4839723094311665
17.246611833572388,25.195160681986955,23.65597865188638,0.040941371116787195,0.6405083078891038,-1.5391820301005765
17.26661515235901,25.192662014529464,23.596357042395482,0.03218358615413308,0.6441296539735049,-1.5963049721339821
17.28635334968567,25.191768458316012,23.53519284764322,0.0,0.6078670151066035,-1.6565756106727925
17.30650019645691,25.1943296786158,23.47247790361422,0.0,0.6026454363483935,-1.721851775001582
17.326457977294922,25.199223018365444,23.40820447691725,0.03774743527173996,0.5641987119335681,-1.7910185414481958
17.346494913101196,25.205607239184424,23.34236526160129,0.03670441103167832,0.5203990955371409,-1.863241977583133
17.366694450378418,25.212858741348715,23.27495337597165,0.05196819477714598,0.5412958674598485,-1.9379053653770661
17.386444568634033,25.22052152758928,23.205962359406012,0.008135967189446092,0.5483092433307319,-2.0145591681832684
17.406511068344116,25.228268031781067,23.135386169170555,0.00017752335406839848,0.5497660248540341,-2.0928818626105112
17.426612615585327,25.235868526528026,23.06321917723604,0.0,0.49845457663759585,-2.172649349291987
17.446526050567627,25.243167295741188,22.989456167093863,0.0,0.5152971598319709,-2.253711128647325
17.466342449188232,25.250064134017688,22.914092330572196,0.01436348631978035,0.5333023968152701,-2.335971803445492
17.486490964889526,25.256052145093985,22.837123264652025,0.0,0.5213906553573906,-2.4189288804419604
17.506701231002808,25.26401532567513,22.75854496828327,0.0,0.5690922302193939,-2.5054703573918573
17.52643918991089,25.27314055155215,22.678353839200867,0.0,0.5695319479156751,-2.594786712351283
17.54657506942749,25.28283241698611,22.59654667074084,0.011850912123918533,0.5689516256854403,-2.6862857462452716
17.566545724868774,25.290346082996358,22.5131206486564,0.0,0.6248350407287944,-2.7772254343399574
17.586653232574463,25.298465140539935,22.428073347934042,0.0,0.641902538324939,-2.8703917926058935
17.60655689239502,25.304474366208883,22.341402729609616,0.0022340689320117235,0.6491473865055013,-2.963071636599267
17.626586437225342,25.31117611953782,22.253107137584422,0.0011399617651477456,0.6077333975874353,-3.0580689819533973
17.646543264389038,25.315865916942002,22.163185295441302,0.0,0.6051956245966721,-3.1526806215007
17.666497707366943,25.31903465003262,22.07163630326072,0.0,0.5711050981946755,-3.2473983467718988
17.686603546142578,25.321063370001966,21.978459634436852,0.02083100564777851,0.5507058052637148,-3.3426037355651133
17.706528663635254,25.322824756475033,21.88365513249368,0.019535787403583527,0.4807058052637148,-3.4391696239813534
17.72652792930603,25.32377607318006,21.787223007901066,0.008229192346334457,0.4947912890010047,-3.5365530652789943
17.746671199798584,25.324139659430656,21.689163834890856,0.0,0.4814586855017114,-3.6349758245398007
17.76646637916565,25.32408543733544,21.589478548272957,0.0,0.48706680457224133,-3.7346068890624835
17.78653311729431,25.323742442759393,21.488168440251428,0.02312377281486988,0.4500746681832242,-3.8355740025079648
17.80655837059021,25.323207912056503,21.38523515724057,0.022585622442420572,0.4581740919046569,-3.9379727548159345
17.8265483379364,25.322554431609113,21.280680696681003,0.0,0.4583018096990417,-4.04187373492811
17.846540451049805,25.321835553405403,21.174507403855774,0.0,0.4448289592645596,-4.1473281495496295
17.866474866867065,25.323406545243163,21.06671796870642,0.006118196062743664,0.43341352426330554,-4.256688576536742
17.886566162109375,25.326526632664468,20.95731542264908,0.008380145533010364,0.4021863062761258,-4.369211210015386
17.906535863876343,25.33064046198201,20.84630313539057,0.0,0.4691347946308087,-4.48433732659144
17.92663025856018,25.334212193626552,20.73368481174446,0.03924739360809326,0.47570883910055267,-4.600527381882092
17.946378707885742,25.336120825953824,20.619464488447186,0.0364930818323046,0.4611655171855818,-4.716656337506638
17.966449737548828,25.334507652164177,20.503646530974123,0.002288215095177293,0.48173038995708334,-4.830861121190054
17.986504077911377,25.325858119640706,20.386235630355664,0.003303612465970218,0.428680087988032,-4.939622489285043
18.006591081619263,25.312549227588363,20.26723679999334,0.024030410568229854,0.4399514045461546,-5.045312427595022
18.026549577713013,25.296354790050433,20.146655372475866,0.0,0.5099514045461546,-5.149699417574567
18.04649019241333,25.278582911783634,20.02449699639526,0.007390827406197786,0.4877725963189732,-5.254085915388373
18.06649160385132,25.260183750028602,19.900767633162918,0.019465729128569365,0.4855149900715332,-5.359416116865685
18.086505651474,25.24183379739502,19.77547355382571,0.037537145894020796,0.44786003140616226,-5.466360243569312
18.106701850891113,25.22400163550604,19.648621335882048,0.07408468006178737,0.44909829683019775,-5.5753802996239905
18.126519441604614,25.206999085664542,19.52021786009799,0.04094861773774028,0.4629752816574182,-5.686781225566552
18.146450757980347,25.192237037796442,19.39027030732334,0.06934401718899608,0.4361649094091262,-5.801966730473101
18.1661114692688,25.178204081654158,19.25878615530771,0.08949567144736648,0.4196868011669721,-5.919417926346448
18.18657112121582,25.16273102733671,19.125773175516613,0.08186731208115816,0.3993604177550878,-6.036957851820098
18.2067289352417,25.146665499719404,18.991239429947562,0.060956413857638836,0.37084210607572454,-6.155426069771842
18.226776361465454,25.130611857019208,18.85519326794616,0.06267499865498394,0.4111772397474851,-6.275418589073048
18.246015071868896,25.114989561397575,18.71764332302216,0.016733846976421773,0.4357442421780433,-6.397346238375416
18.26613759994507,25.095445898786124,18.57859850966559,0.018787305452860892,0.44009385341196317,-6.516847389120535
18.286097049713135,25.059795514071237,18.438068020162817,0.04380072432104498,0.39263980918913144,-6.62172749390842
18.306702136993408,24.99768284098535,18.296061321412644,0.0007741838926449418,0.40586580046801823,-6.701621519572708
18.326472759246826,24.91187790904477,18.15258815174238,0.017594974138773978,0.371635609207442,-6.7592897573023905
18.346214294433594,24.814194525829713,18.007658517723968,0.03333953733090311,0.4152919136860873,-6.806536008105745
18.36607336997986,24.729383318547193,17.861282690990024,0.018650012672878802,0.4325951532402541,-6.868100627557169
18.386168956756592,24.63488343448716,17.713471205049963,0.03246809320989996,0.4441385575511958,-6.921412229437198
18.40614676475525,24.53846086768227,17.56423485210606,0.09589372354093939,0.4168340981879737,-6.97422601557621
18.42627501487732,24.443244049583342,17.413584679869558,0.08969075104687363,0.4302437919133808,-7.029659369713784
18.44650626182556,24.351374150057932,17.261531988376742,0.09796647692564875,0.424502835975727,-7.08984216168119
18.466395378112793,24.264250176099164,17.10808832680503,0.1302210089052096,0.4512829737679567,-7.156161849294133
18.48648476600647,24.182718772214766,16.953265490289077,0.15400470385793597,0.4152552591578569,-7.229453281925689
18.506367206573486,24.10722060951657,16.797075516736825,0.10949804598931223,0.3875894671247806,-7.310145092779745
18.526221990585327,24.03790276410223,16.63953068364563,0.14553869853261858,0.4129975991265382,-7.3983720804566
18.546417236328125,23.974704510544758,16.480643504918334,0.108621820458211,0.36255032140179533,-7.494061005626424
18.56653642654419,23.915106040873884,16.32042672767934,0.11879611911717802,0.3592371159640606,-7.594679313194543
18.58632493019104,23.863361127884442,16.15889332909073,0.09435694443527609,0.39283829195774156,-7.704467798793711
18.605992794036865,23.803070626972463,15.99605651316832,0.10690478014294058,0.3838257837516721,-7.807014113804144
18.626181840896606,23.717586344958345,15.831929707597762,0.12240547651890665,0.3862846362346317,-7.885656637360583
18.646915435791016,23.593692404088557,15.66652656055065,0.08848668227437884,0.38909841179265636,-7.927165843537907
18.666624546051025,23.432486989191734,15.49986093750057,0.10958113486412913,0.3776950402127113,-7.932626051691164
18.686684370040894,23.24498161022338,15.331946918039218,0.15118383581284434,0.41935767735703844,-7.913034692184162
18.70679807662964,23.044150475375208,15.162798792692481,0.17232162284199148,0.45388607810600656,-7.881351682682727
18.726816177368164,22.839356414567106,14.992431059736509,0.1716138127958402,0.4868606565461959,-7.8469253548305975
18.74607753753662,22.630258064423934,14.82085842201382,0.1016138127958402,0.4766466826142277,-7.8093996424101135
18.76608395576477,22.419048107799792,14.648095783749392,0.10311710340436547,0.44381978213205,-7.7709523240504
18.786165714263916,22.20730519044778,14.474158247366734,0.17311710340436548,0.4400026492250617,-7.733146943081046
18.80618715286255,22.02346458354936,14.299061110303972,0.1854640863602981,0.40024370620376426,-7.724403473245387
18.826099157333374,21.831892050178205,14.122819861829967,0.1905177467269823,0.4001895666107884,-7.709072188348237
18.846184492111206,21.628416205374855,13.945450179860373,0.15948113321792334,0.4396383792147389,-7.682966025514482
18.866071701049805,21.422035137730393,13.766967927773717,0.207125983084552,0.470760942621564,-7.655067209956677
18.886115312576294,21.216758962197495,13.58738915122752,0.15652209788095206,0.42225141562375934,-7.629369810969976
18.906163692474365,21.015343906809953,13.40673007497437,0.17141063592862338,0.3904795620575896,-7.608613831835584
18.926174879074097,20.817286286111422,13.225007099678006,0.18786615587305278,0.37982527557614953,-7.592279186433416
18.946766138076782,20.622147765209057,13.042236798729393,0.21055893308948725,0.42267021182778985,-7.579910966479664
18.966618299484253,20.4249142565334,12.85843591506284,0.19001928984653205,0.4034860303610912,-7.5664783414705585
18.98677134513855,20.2221582861898,12.67362135797207,0.19430870038922876,0.455712100675737,-7.548536928217729
19.006547689437866,20.011644741794484,12.487810199926303,0.21068585698958486,0.46455623693618686,-7.523834541868181
19.026796579360962,19.828871507884454,12.301019673386355,0.21483537729363889,0.4339897047713748,-7.527851834498099
19.04675817489624,19.633337219975072,12.11326716762072,0.22891211684327573,0.4282185944714001,-7.520070052354352
19.06670832633972,19.424827246802938,11.92457022552166,0.2547938021598384,0.37177967158932,-7.5002570212812785
19.086546659469604,19.208167178668738,11.734946540421282,0.1901536377845332,0.4065951581098488,-7.473220638247456
19.106609582901,18.989239919105266,11.544413952907648,0.15959714341443032,0.4084156176060787,-7.444825966197618
19.12684464454651,18.769875021253462,11.35299044764085,0.17146666522603482,0.3857724873334518,-7.416884573612611
19.146701335906982,18.542089398485444,11.16069415016909,0.19471245992463082,0.4115909134954563,-7.381395248316354
19.16644811630249,18.300560082409167,10.967543323744778,0.20976668305229396,0.3834563961238018,-7.333016758664389
19.185997486114502,18.04426840503791,10.77355636614062,0.18559702939819545,0.39847262687835605,-7.270712038897292
19.206117153167725,17.784477620412886,10.578751806465695,0.1664814081741497,0.4647484470144263,-7.205725813947192
19.2261860370636,17.52678683482834,10.383148301981562,0.13529853790532798,0.47861842829588563,-7.1436385328467775
19.247000217437744,17.30305311562565,10.18676463491833,0.18357040628325194,0.41218503583077104,-7.116288480707322
19.266709566116333,17.0807784054571,9.98961970929075,0.2357296374393627,0.36073573697212846,-7.0911586961663495
19.28653597831726,16.86537512077498,9.791732547714306,0.3051610541297123,0.39108451474312456,-7.073642573060676
19.30620503425598,16.6604215244102,9.593122288221316,0.2977428355952725,0.4160279074669233,-7.067299236188884
19.326656818389893,16.468127607255095,9.393808181076984,0.22774283559527247,0.4412234632283798,-7.074319426178111
19.347004890441895,16.289694741222263,9.19380958559551,0.1844228577753529,0.48112989421788366,-7.095885155626753
19.366162538528442,16.12559206919562,8.993145966956199,0.2544228577753529,0.4901364820063463,-7.13244610223942
19.386247158050537,15.973451429814123,8.791836893019497,0.23176423215772957,0.48114696163538606,-7.181614536794626
19.40621018409729,15.83131268645374,8.589902031143133,0.2675537479808554,0.45415142383280904,-7.241410655310608
19.426267385482788,15.6998671157623,8.38736114499818,0.3280050022294745,0.426137535086309,-7.31250597076412
19.446715593338013,15.576996699453842,8.184234091385129,0.3400821959367022,0.4272199302897206,-7.392762608068713
19.466579914093018,15.470317466984138,7.980540817049992,0.37258448207285255,0.41386215220991285,-7.4897766499341465
19.48655128479004,15.370699021008306,7.7763013555004115,0.33598595985677093,0.42590151280019195,-7.594397665507895
19.506794691085815,15.276293944591837,7.571535823821719,0.31526550033595413,0.416607157512044,-7.7047581207701175
19.52692985534668,15.17873261604193,7.36626441949301,0.2857472909381613,0.4579561401144019,-7.81246819654892
19.54688048362732,15.051437709898613,7.160507417203277,0.28667417966062203,0.43954485207650573,-7.8909302926953355
19.566795587539673,14.862834672922885,6.954285165667457,0.33544189907843247,0.40760160535428436,-7.908549507255428
19.58689522743225,14.592608207782336,6.747618084442564,0.3529762910329737,0.4743637844905606,-7.844990123339771
19.606658458709717,14.23806427573646,6.540526660743701,0.33472940750652924,0.5097939029321423,-7.6975376149927595
19.626184225082397,13.820400960851595,6.333031446260225,0.3802854647510685,0.5149827498928061,-7.48736951459137
19.646178007125854,13.362954586248318,6.1251530539718075,0.3403936108225025,0.5283824626341811,-7.23780153227651
19.666144847869873,12.880666235385021,5.916912154964503,0.3803360728197731,0.5219672589548281,-6.963754080420518
19.686787366867065,12.461931175759176,5.708329475246867,0.3292485145502724,0.4808251640744856,-6.753601700512309
19.706525325775146,12.025644626592213,5.499425792566004,0.3420371725806035,0.5067587743498734,-6.526218834026208
19.72676920890808,11.586349093927899,5.290221933223723,0.3753698669024743,0.43675877434987337,-6.2961271607041756
19.74652099609375,11.156541167318785,5.080738768892527,0.34992891509318724,0.48875471485633165,-6.075802398426259
19.766772270202637,10.744650688397362,4.870997213431828,0.34849297354230657,0.43318877650279314,-5.8736534749655345
19.786555767059326,10.353744299632782,4.66101821970387,0.38842298934469,0.4362277107019326,-5.692726079928912
19.80666160583496,9.99003169355613,4.450822776390012,0.40314881230005994,0.449920204252412,-5.539208917166118
19.82650351524353,9.65247661562266,4.240431904806638,0.410290407075081,0.4992645241026184,-5.412044710816023
19.846590757369995,9.341986272919293,4.029866655721346,0.3911378533230163,0.45830201801698417,-5.312119617197947
19.86649250984192,9.058477505508431,3.8191481061690205,0.4254379310295917,0.4654243018184206,-5.239329399339411
19.88655138015747,8.801181455575033,3.6082973562679044,0.4142717989743687,0.5354243018184206,-5.192884099307129
19.906476497650146,8.577790455942752,3.3973355260356755,0.4194507930078544,0.6054243018184207,-5.180454929907077
19.926801443099976,8.372603138739006,3.1862837522055614,0.4894507930078544,0.6237883010212681,-5.1863193865334445
19.946500539779663,8.178518388705312,2.975163185042433,0.42755443904781715,0.6594308541421197,-5.203355203662879
19.96673321723938,7.978729562788691,2.7639949851588597,0.4319342158199288,0.591152101874759,-5.214734577629831
19.98659920692444,7.764029774113121,2.5528003203312046,0.44671248527476565,0.5427882523540757,-5.211229453781916
20.00679659843445,7.537682468455563,2.3416003623157593,0.4430703557957895,0.5212193747315905,-5.196082106139803
20.026514053344727,7.304577688527404,2.1304162836647187,0.41556693612830714,0.5541264620874427,-5.174161404862685
20.04648518562317,7.06829005478971,1.9192692545424386,0.396440688513685,0.48958661977987505,-5.149020800247271
20.066526889801025,6.833702660499586,1.708180439541355,0.39431770191760734,0.49152008036937334,-5.125522220958231
20.08653712272644,6.606478745100876,1.4971709944981946,0.42065951832802967,0.45367220754589654,-5.109307750602682
20.106501579284668,6.39035782014932,1.2862620633099588,0.3616919317212887,0.46309279150184013,-5.104095756839361
20.126482486724854,6.202716115277136,1.0754747747501305,0.374183678526897,0.3930927915018401,-5.127241340527005
20.146515369415283,6.024729340146604,0.864830239284629,0.40080356736900286,0.42171614705439425,-5.159899100861975
20.16648006439209,5.858139512767892,0.6543495458880209,0.3829127657157369,0.41573808803077555,-5.203789966879871
20.186468839645386,5.706172587487804,0.44405375885952836,0.3748913356033154,0.4218890578005812,-5.262118828628275
20.206844568252563,5.573000212100399,0.2339639146391228,0.40186401874991134,0.49188905780058123,-5.339036297461276
20.22653865814209,5.456391906969343,0.02410101862369629,0.3875006562960334,0.46349939157109477,-5.432290888345647
20.246733903884888,5.342780139868365,-0.18551395801696913,0.372284492936451,0.46017171780433275,-5.528294097885334
20.266611337661743,5.222662195056523,-0.3948600815240759,0.40483907097252086,0.41517794470157243,-5.6175222765805986
20.286805868148804,5.098874534155068,-0.6039164587336678,0.3959259879705496,0.4060913749304018,-5.702790992888736
20.306642293930054,4.975800370944122,-0.8126622402605932,0.3475716602918692,0.3805411044773064,-5.788462611204715
20.326635122299194,4.856465395757984,-1.0210766236824291,0.33180663966806606,0.385289079163631,-5.877542019440413
20.346582174301147,4.752855723534778,-1.229138856723317,0.3747963220742531,0.34677861130650856,-5.981994580258095
20.366515398025513,4.652916085267008,-1.4368282404379933,0.3556993198511191,0.31224120280559875,-6.089744325705001
20.38649272918701,4.558159479292369,-1.6441241323955822,0.3047533784923144,0.2902571751069627,-6.202283611687951
20.40661382675171,4.471816554457969,-1.8510059498636302,0.33071497873635963,0.29903219791915037,-6.322822504321599
20.42659878730774,4.3959095145403975,-2.057453172991881,0.3521170117822476,0.2653092645373545,-6.4533626875322785
20.44668459892273,4.326935209891611,-2.263445347996253,0.3993891798821278,0.30666523205902196,-6.5903805578878645
20.466514587402344,4.253012317502257,-2.468962090342849,0.3915930027072318,0.30526825669541724,-6.7219744078451065
20.4867205619812,4.163702374407288,-2.6739830879316777,0.3465591790084727,0.23526825669541723,-6.837685462338966
20.506537199020386,4.0475278564826835,-2.8784881042807235,0.3505262806941755,0.30526825669541724,-6.926015960763407
20.526625394821167,3.885642972739471,-3.0824569817097576,0.3429174879495986,0.2738339814855135,-6.968099954449229
20.546594381332397,3.6754278898350288,-3.285869644524322,0.3379846098762937,0.28664685390278466,-6.961297534359351
20.566502332687378,3.4929137878114562,-3.4887061021996217,0.3017003829521127,0.31491071707889207,-6.981619890011078
20.586777210235596,3.2625059530622007,-3.690946452564365,0.34533456665696577,0.24491071707889206,-6.953452405626566
20.606506824493408,2.993322702667877,-3.892570884984824,0.3264288711291738,0.23595078482612736,-6.885893587652701
20.62665891647339,2.699668407393547,-4.0935596835485875,0.2598029035073705,0.23224686349130935,-6.793228090942135
20.646588802337646,2.3967562311203974,-4.293893230248585,0.32043562409700826,0.2033720601568348,-6.690649461368983
20.666802883148193,2.0953969301523028,-4.493552008166951,0.3126410781336017,0.25800617674685783,-6.588948938319254
20.686513662338257,1.8030585183333723,-4.692516604658952,0.28308512595715,0.257977458309324,-6.495575122992324
20.706719398498535,1.5246903873180035,-4.890767714536896,0.3377615841967054,0.22462994478264592,-6.415458101854899
20.726608514785767,1.2494640138935704,-5.088286143254006,0.3040779004734941,0.22411450343061007,-6.3377501571475765
20.746875047683716,0.9605099247811028,-5.2850528100884375,0.2995304400031455,0.2429406267576269,-6.24556273486954
20.76687479019165,0.6534217508024357,-5.481048751327048,0.2996881807560567,0.1729406267576269,-6.134470502129484
20.78648281097412,0.38679995782075494,-5.676255123449412,0.2932372496800963,0.20890445636439836,-6.063055081270167
20.806673526763916,0.10571072863771883,-5.870653206311754,0.22323724968009628,0.24835757912922418,-5.9763639349494735
20.82682776451111,-0.1780192217587792,-6.064224406330723,0.2932372496800963,0.2530324072748772,-5.886205184571944
20.84680962562561,-0.45610569271942586,-6.256950259667441,0.35723781896405854,0.250997261859884,-5.800844566948015
20.866652011871338,-0.7252597220217961,-6.448812435411384,0.3676974804478232,0.22775655963312602,-5.723552713389587
20.886831521987915,-0.9811159263544703,-6.639792738764257,0.2976974804478232,0.1832191383172176,-5.658676812409786
20.906290769577026,-1.2209926586861286,-6.829873114223865,0.263482916780049,0.2532191383172176,-5.6088804555377365
20.927138805389404,-1.4434484367690248,-7.019035648768217,0.2631434589275159,0.257572163779696,-5.575587211999192
20.946995496749878,-1.6479411626493141,-7.207262575039216,0.27793590031797066,0.2156109669696889,-5.559321412389902
20.966824769973755,-1.8345677200321995,-7.394536274526679,0.3361497414880432,0.2719308482002816,-5.55996855449448
20.98709535598755,-2.003866263415417,-7.580839280752258,0.3158114594989456,0.24989855377789355,-5.576973017336841
21.00639247894287,-2.1508555811778,-7.766154282453265,0.3715409902506508,0.19772737189050532,-5.6152987012754645
21.02664279937744,-2.2842871408434893,-7.950464126766754,0.3735534062725492,0.2458156132590375,-5.666176985923265
21.046611547470093,-2.404785172549849,-8.133751822413188,0.4435534062725492,0.19584151445742465,-5.72896664986334
21.0664165019989,-2.5131241160862454,-8.316000542880637,0.4048553327959962,0.26584151445742465,-5.802876426794391
21.086180925369263,-2.610162333647599,-8.497193629608446,0.43602795851649717,0.24700062035437442,-5.887031295960847
21.106761932373047,-2.699110204328647,-8.677314595171246,0.4847324858349748,0.26443969889398433,-5.978204390842599
21.126543045043945,-2.782410814837819,-8.856347126462936,0.4506741869193502,0.3318285836171708,-6.073936311625117
21.146073818206787,-2.8827570510785536,-9.03427508788046,0.48749109310330824,0.27806140168424465,-6.151518036801906
21.1661159992218,-3.031676148319368,-9.211082524507738,0.45389028218807653,0.26272557082440473,-6.1794063761883695
21.186663389205933,-3.2590515667766664,-9.386753665299764,0.44063747813226656,0.32190099510218717,-6.127702098523098
21.206801176071167,-3.5627249321794547,-9.561272926266291,0.45586228230269626,0.3427681714561186,-5.998547994086836
21.226608753204346,-3.8263819011713545,-9.734624913655821,0.4526349769369699,0.4127681714561186,-5.908243012484467
21.24660563468933,-4.1426201387588035,-9.906794427139523,0.436984665452037,0.3427681714561186,-5.76417428838072
21.26663827896118,-4.487045871079127,-10.077766462995186,0.4037687776074745,0.2957001529898844,-5.5907205919160585
21.28667140007019,-4.844289129971347,-10.247526217291117,0.377369256450329,0.29156872642081,-5.40323708731977
21.305999040603638,-5.201020083783247,-10.416059089069897,0.37955186864594,0.22156872642081,-5.21503900528665
21.326677322387695,-5.547993594127013,-10.583350683532572,0.3562478159950115,0.2056057140682242,-5.035357089405559
21.34598660469055,-5.87904532523828,-10.749386815222373,0.3380267990217544,0.23217652966122843,-4.870341489984092
21.366599798202515,-6.190313266962281,-10.914153511208674,0.3514099537790753,0.2824204288874171,-4.723840244246393
21.386730432510376,-6.479636342311904,-11.07763701427087,0.4076596021116711,0.31989104528765894,-4.598000671958966
21.4064199924469,-6.743775516052708,-11.239823786082312,0.47765960211167113,0.3186165838953457,-4.496048270029603
21.42667579650879,-6.983461084850521,-11.400700510394373,0.5388466309965588,0.3155539412502549,-4.417239425543851
21.446611642837524,-7.1915622151439536,-11.560254096220028,0.5644704442680814,0.26323377755325056,-4.368691881076074
21.466670513153076,-7.378207136944873,-11.718471681018102,0.6185970347584225,0.3024720069472096,-4.340264544073229
21.48599100112915,-7.547346337332532,-11.875340633876966,0.5719618428708054,0.29195200693648077,-4.327994296544435
21.506577730178833,-7.699868760645115,-12.030848558698537,0.5528535120398738,0.3130583487902186,-4.330979798053422
21.52596926689148,-7.8368297836132195,-12.184983297382125,0.5955612421245314,0.31773505774181104,-4.348153513768906
21.545977115631104,-7.959372569307684,-12.337732933008546,0.5452434927434661,0.37014392805140234,-4.378360363700862
21.56676483154297,-8.070987475615734,-12.489085793023676,0.5079788103909232,0.3545521995503805,-4.418098317407942
21.586626768112183,-8.176703187986359,-12.639030452422723,0.5114624613639899,0.36896001868735767,-4.4623272644363645
21.606678009033203,-8.296382442114329,-12.787555736933918,0.5213648836803623,0.35043255560885883,-4.491173294819589
21.62654972076416,-8.448086193908402,-12.934650726202513,0.5186589091760107,0.36753886514197803,-4.486564532294111
21.64656710624695,-8.634249835228793,-13.080304756974726,0.5700490057212301,0.3714386950698099,-4.446054921745933
21.666483879089355,-8.79588186160663,-13.22450742628147,0.6334370925766416,0.404747465577384,-4.4286255646748405
21.685943841934204,-8.979775370235119,-13.36724859462251,0.6773627206427045,0.3651670757200918,-4.38747322438739
21.706576585769653,-9.174284774783127,-13.50851838915024,0.7,0.3981814104583464,-4.334233614367113
21.726521253585815,-9.371041498138649,-13.648307206853588,0.7,0.3715054317828617,-4.277265708714939
21.746530294418335,-9.566490010690583,-13.78660571774202,0.7,0.39689220669533826,-4.220115707051438
21.766554594039917,-9.75587884084324,-13.923404868029358,0.6309594556689262,0.36988068367209054,-4.167526027186119
21.786616563796997,-9.936067411722291,-14.058695883317618,0.6502919763326644,0.34641438345279313,-4.122628471595327
21.806053400039673,-10.105116811963413,-14.192470271781268,0.6313346482813358,0.38251859689917184,-4.087353459817855
21.826436519622803,-10.2619738833459,-14.32471982735072,0.6290787682402879,0.3801330760572455,-4.062745944004819
21.846038579940796,-10.406228450316984,-14.455436632896394,0.6192884222138673,0.364619275041332,-4.0492081825794095
21.866589069366455,-10.53792775063175,-14.584613063412839,0.5816441178787499,0.3476201737750671,-4.046685312781088
21.88668727874756,-10.652272445607844,-14.712241789202302,0.6421088539529591,0.33415393666218735,-4.059969343594458
21.90664291381836,-10.759028819050124,-14.83831577905891,0.6691021007020026,0.3201877003986738,-4.079286960008785
21.926632165908813,-10.857700940016631,-14.962828303452397,0.672086964873597,0.3168728523407481,-4.105127363435766
21.946629285812378,-10.948157404198053,-15.085772937712129,0.6297432850580662,0.29390457128029085,-4.137615533514076
21.96665668487549,-11.028207115410941,-15.207143565211041,0.6438129139598459,0.283674331799557,-4.1789364498001
21.986947536468506,-11.103551494258367,-15.326934380549346,0.6739096814300864,0.2974339727763436,-4.223382886290979
22.006185293197632,-11.187540036756957,-15.445139892738716,0.6343833753373473,0.3208402213160298,-4.257599855981759
22.027113437652588,-11.298482617845046,-15.561754928386108,0.6950988159980624,0.2930064000640414,-4.263272310541062
22.046990633010864,-11.448386547415096,-15.67677463487751,0.6911857757251709,0.3071033483822248,-4.228388087462415
22.06688356399536,-11.642248697590901,-15.790194483562075,0.7,0.2669807201702497,-4.147945785971174
22.087059497833252,-11.868483195196957,-15.902010272935911,0.6427182935178279,0.3053136704940698,-4.033527077738954
22.10684370994568,-12.064905762059551,-16.012218131825954,0.6018827602267265,0.3666661767740152,-3.9473123697664025
22.12611722946167,-12.281779592946084,-16.120814522574108,0.6527394026517868,0.3598780030835769,-3.839034929628024
22.146853923797607,-12.507142784717736,-16.227796244220897,0.6884754121303558,0.3909214394618175,-3.7206534595031613
22.166833877563477,-12.739412141657173,-16.33316043568943,0.7,0.32326262765418506,-3.593748294032256
22.186158895492554,-12.977305995760963,-16.436904578969504,0.7,0.39326262765418507,-3.4595985832085407
22.206074237823486,-13.212836848244944,-16.539026502301233,0.7,0.32326262765418506,-3.3261896540562894
22.2260479927063,-13.440519015465798,-16.639524383359237,0.7,0.2597115593482158,-3.19900536789344
22.247247219085693,-13.656749100213549,-16.738396752436287,0.6636779651045799,0.20722755738388515,-3.0816476522227383
22.266791582107544,-13.859326071739636,-16.835642495627432,0.6430181384086608,0.27722755738388516,-2.9763164238877966
22.286835432052612,-14.047080963519768,-16.931260858013786,0.6951922260224819,0.3022967997271917,-2.884179894494018
22.306082725524902,-14.219592468625695,-17.025251446846532,0.7,0.23818017274927117,-2.805658978220837
22.326000690460205,-14.369371361786543,-17.117614234730745,0.7,0.2739040340561769,-2.7482428729442017
22.346039295196533,-14.507011552427443,-17.208349562809396,0.6766146894544363,0.2646778236408136,-2.701338010381953
22.36597776412964,-14.632592945312348,-17.29745814394714,0.7,0.31321638555120446,-2.664865198634791
22.385998964309692,-14.746488849059865,-17.38494106591436,0.7,0.30422193662117936,-2.638452216854496
22.406883478164673,-14.85158287443783,-17.470799794571,0.7,0.29002239101420857,-2.619216920133171
22.427104234695435,-14.96169163402889,-17.55503617705037,0.6835102260112762,0.24132094451080777,-2.5933445430214785
22.446858167648315,-15.086279713684938,-17.63765244494344,0.7,0.20320086845051266,-2.5513727312585033
22.466130018234253,-15.217641340022215,-17.71865121748234,0.6924413706175983,0.2187275161300204,-2.501009877460124
22.486929893493652,-15.35024571758596,-17.798035504724524,0.6769339761696755,0.2308092155758641,-2.4477897871385643
22.506888151168823,-15.480218511542242,-17.875808710736408,0.7,0.19360907015245177,-2.3955901991941655
22.526885747909546,-15.607254387946181,-17.951974636777607,0.6299999999999999,0.20126884442608572,-2.3447202488314254
22.547069311141968,-15.717550179220025,-18.026537484484756,0.6400266207009553,0.20401329442713179,-2.308987305264731
22.56690502166748,-15.836245684272505,-18.099501859055188,0.6350446274690329,0.24562647461745657,-2.2632561747826827
22.587016344070435,-15.980810739507387,-18.170872772431146,0.5885790554992854,0.23009360849711813,-2.190062032923759
22.606966972351074,-16.167330458239856,-18.240655646483603,0.6585790554992854,0.23379328882176198,-2.0733251882437465
22.62694787979126,-16.40123883844464,-18.30885631619614,0.6088571178726851,0.20997374540049352,-1.9076174777515007
22.646848917007446,-16.68042860943759,-18.375481032848718,0.5452741163782775,0.22304712178040065,-1.695052423411127
22.66683530807495,-16.986028279418864,-18.44053646720195,0.4752741163782775,0.18310923443961657,-1.4545081877830874
22.686848878860474,-17.304234049512328,-18.504029712680747,0.5452741163782775,0.13621854724216975,-1.1997956631684197
22.706777572631836,-17.62049314263093,-18.565968288558082,0.5948116633109748,0.06621854724216975,-0.9454751459271513
22.727107763290405,-17.92938148531423,-18.626360143139344,0.5567564408294856,0.12564884470630205,-0.6969786578251131
22.74687957763672,-18.225009529573466,-18.685213656945955,0.5556593178072944,0.12224851893115557,-0.4602041273724886
22.766786813735962,-18.481681345341734,-18.74253764589931,0.5507035515503957,0.11107899127382553,-0.26085630055757747
22.786880493164062,-18.72648500801256,-18.798341364504722,0.574170986120589,0.08442063135880745,-0.07185635649216238
22.806646823883057,-18.961226205508535,-18.85263450903537,0.5286099816905334,0.07619070978689707,0.10859169647316591
22.826584100723267,-19.199006068935688,-18.905427220716007,0.4586099816905334,0.0415551324360422,0.2935788482196813
22.846534967422485,-19.455793348039933,-18.956730088907406,0.4444367058994248,0.08651322843361414,0.4990632591325266
22.86653423309326,-19.74217868538524,-19.006554154289482,0.4343722045840695,0.15651322843361415,0.735624531095759
22.886614322662354,-20.06937077647235,-19.05491091204587,0.466304256808944,0.13502246828604259,1.014459864426481
22.90660786628723,-20.43481411178943,-19.101812315047596,0.43063653935212637,0.11825454735982932,1.3330017967418328
22.926594972610474,-20.824143836555194,-19.147270777036802,0.5006365393521264,0.10173745581734694,1.6768730595183925
22.94661569595337,-21.219803836322377,-19.191299175811018,0.5212652635993436,0.03173745581734694,2.0285046605113592
22.96648645401001,-21.609433143932257,-19.23391085640683,0.5912652635993436,0.06087738061178244,2.3755222875254276
22.98652696609497,-21.94771925650777,-19.275119634283847,0.5504950160207227,0.13087738061178245,2.672599622223924
23.006698846817017,-22.278313651606446,-19.31493979850884,0.4831853756727651,0.06191428506601371,2.9633738530976075
23.026562690734863,-22.59485275015165,-19.353386114939042,0.4561606502206996,0.05392965430248298,3.241466635212607
23.046569108963013,-22.893286960531405,-19.39047382940683,0.49711828735191377,0.014808983894472494,3.502813131124576
23.06659770011902,-23.17359701617116,-19.42621867090294,0.42711828735191376,0.0,3.7473783452682206
23.086642265319824,-23.433930846973837,-19.460636854760985,0.4627990843029693,0.0,3.9732939922128523
23.106477975845337,-23.67584486067175,-19.49374508584102,0.4709670440526679,0.06781547516584396,4.1820997748307285
23.1264328956604,-23.91017095226848,-19.525560561713533,0.4009670440526679,0.004803970456123352,4.384610390554947
23.14646625518799,-24.158530811384615,-19.556100975843094,0.39893921743612737,0.03959791734814644,4.602429835541521
23.166396141052246,-24.447154322354173,-19.58538452077294,0.36681974585633725,0.02250625565648079,4.861769801581232
23.18643856048584,-24.79319910511791,-19.613429891308215,0.3588699521450326,0.0,5.179769213809696
23.206467151641846,-25.093644020456246,-19.64025628770002,0.4288699521450326,0.05003219470381737,5.453387732756227
23.22649049758911,-25.47023946941204,-19.66588341882975,0.4006253245053813,0.08646931126713753,5.804356050582289
23.246589183807373,-25.91296593616431,-19.69033150539252,0.4051115998765454,0.039187222719192505,6.222634430771787
23.26660943031311,-26.392274052450613,-19.71362128308124,0.431576987891458,0.10021862760186195,6.678652769369375
23.28662109375,-26.884358951934523,-19.735774005770622,0.48175693133380265,0.030218627601861947,7.148584946163901
23.30651593208313,-27.374665857760156,-19.756811448700972,0.43776947462465615,0.04103469785302877,7.617854409059184
23.326730728149414,-27.85081581758342,-19.77675591166208,0.39124588498380036,0.11103469785302877,8.074059905921342
23.346474409103394,-28.30226741014814,-19.795630222177223,0.38234545399900527,0.18103469785302878,8.506637187970917
23.366498947143555,-28.724666041527648,-19.813457738687248,0.31234545399900526,0.11103469785302877,8.9112083028404
23.38644242286682,-29.11575278372717,-19.830262353733985,0.38234545399900527,0.11522411834448576,9.285490429993185
23.40650725364685,-29.472467503008648,-19.84606849714463,0.4523454539990053,0.11226493353024125,9.62639900586402
23.4265878200531,-29.782176329648102,-19.86090113921533,0.4872069441294298,0.08595534460619092,9.921275190432773
23.446581602096558,-30.060171323838134,-19.87478579389557,0.4503876835620031,0.04651007475331426,10.185385529942565
23.46659517288208,-30.297230241850237,-19.887748521971304,0.4274504658346996,0.023062631953507662,10.409481719878933
23.486687183380127,-30.478760967318184,-19.899815934249823,0.3849273462360725,0.007236142177134752,10.578945033068361
23.5065279006958,-30.600724237638474,-19.91101519474288,0.448635249263607,0.07723614217713476,10.689709042895593
23.526644468307495,-30.678098790616314,-19.921374023850852,0.40288177771028133,0.14723614217713477,10.756724766765462
23.54663610458374,-30.722463695230303,-19.930920701546825,0.39982087780255826,0.21723614217713477,10.791542993683478
23.566418886184692,-30.742731511907955,-19.939684070560475,0.46982087780255827,0.20990352150052788,10.80304744134748
23.58655095100403,-30.745727806851015,-19.94769353956167,0.4466939235897735,0.23665424812585117,10.798034267289346
23.60641860961914,-30.736648673852887,-19.9549790863447,0.5166939235897735,0.16665424812585117,10.781669587508187
23.626546621322632,-30.71942146456926,-19.96157126101192,0.54374200288672,0.1933649465069175,10.75785020355734
23.646482229232788,-30.704464361637672,-19.9675011891582,0.55178968698252,0.171447377987206,10.736963172479474
23.66642117500305,-30.679369947460476,-19.972800575054187,0.5463465130561963,0.2038616578653455,10.706569372406289
23.68641209602356,-30.627048583192387,-19.977501704830487,0.47958193483296785,0.1529324095323682,10.6495468783619
23.706499099731445,-30.52939865934619,-19.98163744966177,0.41814639928285036,0.10327165979892017,10.54776120968442
23.726451635360718,-30.384307174020094,-19.98524126895024,0.3876997599983588,0.0639675970748067,10.399065905069854
23.746419668197632,-30.207771231356787,-19.98834721350987,0.44700406069401655,0.0,10.219424017846919
23.766398191452026,-30.01404717016652,-19.990989928750544,0.4779746862733737,0.05234965682029724,10.023057241415977
23.78640365600586,-29.813490155356316,-19.993204657861256,0.4462452898407355,0.07116108573973179,9.82028549749506
23.806434631347656,-29.613472763534624,-19.99502724499483,0.5064954342925921,0.03330548293888569,9.618445518539794
23.82642960548401,-29.421417968472877,-19.996494138450927,0.43649543429259213,0.071736766025424,9.42492383002195
23.846368312835693,-29.242271769056156,-19.997642393861128,0.4291251583816484,0.06674445606768131,9.244629375195029
23.866447925567627,-29.086732464902887,-19.998509677371658,0.3765183820249513,0.13674445606768132,9.08822278753123
23.886409521102905,-28.944086159652286,-19.99913426882805,0.4013318850519136,0.06674445606768131,8.944951890824235
23.906402349472046,-28.818787203446732,-19.999555064958713,0.4222427180828527,0.0,8.819232138488019
23.926404237747192,-28.720421357412498,-19.999811582559353,0.42619693538639697,0.0,8.720609774853145
23.94639015197754,-28.64798784007673,-19.99994396167594,0.4326847696537152,0.0,8.648043878400792
23.96642255783081,-28.595475388282676,-19.999992968789627,0.4357777634030208,0.01795075088739395,8.595482419493049
23.98632049560547,-28.56050002683057,-20.0,0.3657777634030208,0.0,8.56050002683057
24.006584644317627,-28.540943705060272,-19.999999315123873,0.37917027608957143,0.03203704208135605,8.5409443899364
24.026246309280396,-28.546510639712277,-19.99998157776631,0.44917027608957144,0.05893528647720814,8.546529061945968
24.046761751174927,-28.594860809441126,-19.999915032633048,0.4276534798881039,0.0,8.594945776808078
24.066686391830444,-28.70408198636307,-19.999767727918947,0.4957600939413533,0.02797989919781685,8.704314258444125
24.086786031723022,-28.79891060071577,-19.999508200284076,0.5167824733396993,0.0,8.799402400431696
24.106403350830078,-28.95356786955946,-19.99910547237733,0.5083879740303383,0.03175954148173332,8.95446239718213
24.126311540603638,-29.150337670943987,-19.998529050360066,0.5548948929971085,0.062065305188298225,9.151808620583921
24.14631748199463,-29.37117216586711,-19.99774892142971,0.4848948929971085,0.0,9.3734232444374
24.166318893432617,-29.602901456203355,-19.996735551343395,0.44991094139870264,0.07,9.60616590485996
24.186428785324097,-29.838407205424446,-19.99545988194158,0.37991094139870263,0.11587027803063393,9.842947323482864
24.2063410282135,-30.0726456281468,-19.99389332867167,0.3428343117004261,0.045870278030633926,10.07875229947513
24.22642469406128,-30.309095854282948,-19.99200777811165,0.4128343117004261,0.031033968552947044,10.317088076171299
24.246302366256714,-30.557065171774525,-19.989775585493692,0.4196269417693839,0.10103396855294705,10.567289586280832
24.266493558883667,-30.81344926386988,-19.987169572227796,0.4480393508961425,0.10498850017786027,10.826279691642085
24.286309480667114,-31.07123746626143,-19.984163023425406,0.4422531703999267,0.14371492683887482,11.087074442836023
24.30631446838379,-31.295055765223125,-19.980729685423032,0.37225317039992667,0.21371492683887483,11.314326079800093
24.326277256011963,-31.517531717004317,-19.976843763305876,0.4422531703999267,0.14371492683887482,11.540687953698441
24.346325397491455,-31.730895622553465,-19.972479918431464,0.5112609396269545,0.18025409400463105,11.758415704122001
24.366337060928345,-31.932307296095974,-19.967613265953247,0.5420252400031313,0.11721432179212571,11.964694030142727
24.3863046169281,-32.11547630382593,-19.962219372344254,0.48738693618681284,0.18721432179212572,12.153256931481675
24.406287908554077,-32.274197868992346,-19.95627425292069,0.4526640231302008,0.11721432179212571,12.317923616071656
24.426265716552734,-32.381643104032534,-19.949754369365582,0.5123224759986624,0.05172905296087266,12.431888734666952
24.44624137878418,-32.41821222297032,-19.94263662725238,0.48554305159952493,0.010723635256290442,12.475575595717938
24.466243982315063,-32.379108574895334,-19.934898373568608,0.4894151895819232,0.0,12.444210201326726
24.48620367050171,-32.27457658813559,-19.926517394239454,0.4194151895819232,0.05187735706567764,12.348059193896134
24.506210327148438,-32.129670635576566,-19.91747191165143,0.4324993720976636,0.12187735706567765,12.212198723925138
24.52615976333618,-32.00385958794018,-19.90774058217596,0.5024993720976636,0.19187735706567766,12.096119005764216
24.546228647232056,-31.851308334012995,-19.897302493693047,0.5229937959043309,0.26187735706567766,11.954005840319947
24.56621026992798,-31.686520676410566,-19.886137163114846,0.592993795904331,0.21994892418384554,11.80038351329572
24.58633852005005,-31.519893161636094,-19.874224533909324,0.5787471477268264,0.16025089383125307,11.64566862772677
24.60629677772522,-31.356379168534144,-19.861544973623882,0.5632268730876968,0.19308865725994112,11.494834194910261
24.626315593719482,-31.197020812470555,-19.848079271408952,0.6332268730876969,0.2263073278963566,11.348941541061603
24.646302461624146,-31.040116056922205,-19.833808635541658,0.5632268730876968,0.2963073278963566,11.206307421380547
24.6661696434021,-30.889050732424966,-19.818714690949403,0.5928011834947393,0.3031422050856054,11.070336041475564
24.68626093864441,-30.743706324922204,-19.802779476733527,0.5981093743210659,0.2567339280806482,10.940926848188678
24.706326961517334,-30.603849742710512,-19.785985443692898,0.5284785428410397,0.19324158525094393,10.817864299017614
24.726280212402344,-30.46917445380297,-19.768315451847567,0.5654687979584561,0.17002192346379164,10.700859001955404
24.746243715286255,-30.352245929550037,-19.749752767962367,0.5746374666085468,0.17202376222237947,10.60249316158767
24.76636052131653,-30.233177968395584,-19.73028106307055,0.5687760678445921,0.24202376222237948,10.502896905325034
24.786280393600464,-30.101863931210087,-19.709884409997407,0.6387760678445922,0.20662933951243762,10.39197952121268
24.80627703666687,-29.95160668832469,-19.688547280883895,0.7,0.17566149858757857,10.263059407440796
24.82628107070923,-29.79446822733067,-19.666254544710256,0.6743554890155792,0.24566149858757858,10.128213682620412
24.846306085586548,-29.636691574383153,-19.642991464819637,0.7,0.20087159944698219,9.993700109563516
24.86630868911743,-29.480313484639062,-19.61874369644173,0.6299999999999999,0.16635144276544456,9.861569788197333
24.886346578598022,-29.331344485544523,-19.59349728421638,0.5718530166149138,0.1732192752696574,9.737847201328144
24.906296253204346,-29.191447757926287,-19.567238659717212,0.5018530166149138,0.24321927526965742,9.624209098209075
24.926296710968018,-29.061539415878908,-19.539954638975264,0.5645879185199736,0.18337393203750257,9.521584776903644
24.946279287338257,-28.94199253147897,-19.511632420002595,0.6253253346681593,0.2301057132519782,9.430360111476375
24.9662868976593,-28.838198874266048,-19.482259580315926,0.5745053192973135,0.1601057132519782,9.355939293950122
24.98632001876831,-28.74499320308649,-19.451824074460248,0.584489453062415,0.19928458014503125,9.293169128626243
25.00629997253418,-28.661598165307105,-19.420314231532462,0.5144894530624149,0.26928458014503126,9.241283933774643
25.026270151138306,-28.58721526880461,-19.387718752704984,0.5786948611587284,0.30659786636009817,9.199496516099625
25.046326637268066,-28.52105238255481,-19.354026708749387,0.562320135310292,0.23659786636009816,9.167025673805423
25.06630039215088,-28.46234267035739,-19.31922753756001,0.5689316217415032,0.17179423624649648,9.14311513279738
25.086299896240234,-28.410357075188138,-19.283311041677592,0.5512330599687991,0.10179423624649647,9.127046033510545
25.106282711029053,-28.364411994919468,-19.246267385812896,0.5266479619406161,0.04979701424017552,9.118144609106572
25.126327753067017,-28.323873415766645,-19.20808709437032,0.4569241174124179,0.08003463493660096,9.115786321396325
25.146310567855835,-28.28815847640312,-19.168761048971536,0.5240618505142627,0.06546115120872859,9.119397427431583
25.16630220413208,-28.25673520624683,-19.128280485979104,0.513029512260109,0.1354611512087286,9.128454720267726
25.18629765510559,-28.22945272082295,-19.086636994020104,0.5624115283228455,0.12293152751401071,9.142815726802848
25.20629358291626,-28.207750000143026,-19.043822511509752,0.5340050144679842,0.10647403875365857,9.163927488633274
25.22629141807556,-28.192811195812112,-18.99982932417503,0.5323031366663051,0.11727074587717656,9.192981871637084
25.246509075164795,-28.182964185974363,-18.954650062578295,0.5854035065369678,0.16115086207166318,9.228314123396068
25.266324043273926,-28.18154604998595,-18.90827769964093,0.6314098545210434,0.13500697033479814,9.27326835034502
25.286412000656128,-28.186019819601135,-18.860705548166948,0.5880943246977401,0.09056894721463327,9.325314271434188
25.30644392967224,-28.196784433875607,-18.811927258366616,0.6431083724694324,0.06800104917958383,9.38485717550899
25.326357126235962,-28.211634845441395,-18.761936815380082,0.6554653010191394,0.089290388468653,9.449698030061313
25.34633755683899,-28.228931790807064,-18.710728536801007,0.5959484315337611,0.159290388468653,9.518203254006057
25.36630344390869,-28.247472191501707,-18.65829707020017,0.6442284135939551,0.22420413071289663,9.589175121301537
25.386439085006714,-28.275653033973278,-18.60463739064912,0.6844748220266772,0.21416717326268558,9.671015643324157
25.406430959701538,-28.300120360898173,-18.549744798243765,0.6320167704345656,0.2067314495891333,9.750375562654408
25.42638897895813,-28.34492848190349,-18.49361491562803,0.6128129045339299,0.21476883698254828,9.851313566275461
25.446434497833252,-28.41194939937347,-18.43624368551745,0.6085661029303444,0.2847688369825483,9.97570571385602
25.46649479866028,-28.49494890937635,-18.377627368222818,0.599579626121558,0.2501514763012529,10.117321541153533
25.48633909225464,-28.584543045618947,-18.3177625391738,0.6516146374726666,0.2961741373315454,10.266780506445148
25.506287097930908,-28.67172374004736,-18.256646086442544,0.600675088712014,0.2940034316293896,10.415077653604815
25.52628207206726,-28.752614119011305,-18.194275208267342,0.6686580231273545,0.22400343162938957,10.558338910743963
25.546448707580566,-28.824687162558995,-18.13064741057621,0.688477742844261,0.17817480606958275,10.694039751982785
25.566335678100586,-28.884103683952368,-18.065760504510536,0.6624172715330494,0.24817480606958275,10.818343179441833
25.586408853530884,-28.921581576279607,-17.999612603948698,0.7,0.19844736618921166,10.921968972330909
25.606437921524048,-28.926619163847192,-17.9322021230297,0.6440880306065082,0.26844736618921167,10.994417040817492
25.626455545425415,-28.93099292598909,-17.863527773676772,0.6665801431983709,0.2296221783570946,11.06746515231232
25.646321773529053,-28.908156301454266,-17.793588563121013,0.6413333795964717,0.22669827390462166,11.114567738333253
25.666300058364868,-28.867021731791315,-17.722383791425006,0.6139812923967838,0.20075711432844406,11.144637940366309
25.68631386756897,-28.814261864838425,-17.64991304900644,0.6839812923967838,0.1636163910105825,11.164348815831985
25.706368684768677,-28.754817774641694,-17.57617621416175,0.6795209431834519,0.0936163910105825,11.178641560479942
25.72641396522522,-28.69229759650531,-17.501173450589718,0.6643320116959512,0.15863540995866066,11.191124145915591
25.746384620666504,-28.631604888637195,-17.42490520491511,0.5943320116959512,0.12333338934928184,11.206699683722086
25.76644730567932,-28.573781055712356,-17.3473722042123,0.6259510054253041,0.10084915388375526,11.226408851500057
25.786306858062744,-28.521790176222346,-17.26857545352889,0.6182774215005338,0.12265343073755508,11.253214722693457
25.80628252029419,-28.477537314197406,-17.18851623340933,0.6003339759074151,0.16322013217955833,11.289021080788075
25.826287269592285,-28.442141755193063,-17.10719609741856,0.5615720099769532,0.12140546221286064,11.334945657774504
25.846317052841187,-28.411410427173962,-17.0246168696656,0.4920667952857911,0.19140546221286064,11.386793557508362
25.866297960281372,-28.394098472340133,-16.940780642327216,0.457337802555412,0.23131619591265923,11.453317830012917
25.886327028274536,-28.40046169467148,-16.85568977317151,0.387337802555412,0.18220181588083512,11.544771921499972
25.906285285949707,-28.43005057382343,-16.769346883081557,0.3956429973430931,0.11220181588083511,11.660703690741872
25.9262752532959,-28.47499172779358,-16.681754853579026,0.41866178402677173,0.16212718043476348,11.793236874214553
25.946309566497803,-28.529411851992993,-16.59291682434781,0.48866178402677174,0.09212718043476348,11.936495027645183
25.96644949913025,-28.591297994855132,-16.502836190757648,0.5586617840267718,0.1410276468470693,12.088461804097484
25.986289501190186,-28.656738885412665,-16.41151660138774,0.6286617840267719,0.1555970979481936,12.245222284024926
26.00626850128174,-28.72292414641709,-16.318961955550375,0.6221719669736923,0.22027806170284753,12.403962190866714
26.026308059692383,-28.787882127040763,-16.22517640081456,0.6921719669736923,0.21190454881638293,12.562705726226202
26.04639458656311,-28.850275702057974,-16.130164330529645,0.7,0.23040562566369777,12.72011137152833
26.066307306289673,-28.90444739687154,-16.033930381348938,0.7,0.21819405235350137,12.870517015522601
26.086373329162598,-28.956276963604715,-15.936479430753328,0.6299999999999999,0.2336314290389419,13.019797532851387
26.106315851211548,-29.00279742321157,-15.837816594574925,0.6554315696656703,0.22199610039591794,13.164980828636647
26.12639832496643,-29.042087891079774,-15.73794722452066,0.5995276394486426,0.15199610039591793,13.304140666559114
26.146284818649292,-29.073004704023106,-15.636876905695932,0.5463877964019774,0.15592319246381525,13.436127798327174
26.166327953338623,-29.09729053084973,-15.534611454128221,0.5865494060516356,0.22592319246381526,13.562679076721508
26.186399221420288,-29.11401420605145,-15.431156914290698,0.5952036633342503,0.29592319246381527,13.682857291760753
26.206273555755615,-29.122728259996528,-15.326519556625883,0.6196404221653937,0.36592319246381527,13.796208703370645
26.226325035095215,-29.1256493298394,-15.220705875069235,0.5496404221653937,0.39013893540948635,13.904943454770166
26.246363878250122,-29.12446972183735,-15.11372258457279,0.5975234223902224,0.3936671198997647,14.010747137264561
26.26632046699524,-29.12047295171868,-15.00557661862879,0.5597603967785834,0.3236671198997647,14.114896333089888
26.286317348480225,-29.11700285385926,-14.896275126793302,0.5370207833498715,0.2536671198997647,14.220727727065956
26.3062903881073,-29.109295594750172,-14.785825472209833,0.5569938788563011,0.3224191181454808,14.32347012254034
26.326306581497192,-29.08495032186967,-14.674235229132963,0.6269938788563012,0.2524191181454808,14.410715092736707
26.34627938270569,-29.02189405038354,-14.561512180451974,0.6969938788563013,0.22386478477157656,14.460381869931567
26.366296529769897,-28.898866497108322,-14.447664315214464,0.6423349145799875,0.2564577183965594,14.451202181893859
26.38636016845703,-28.721212006948758,-14.33269982614997,0.5936388064175844,0.1864577183965594,14.388512180798788
26.4062922000885,-28.50798043288281,-14.216627107193602,0.5841818384826183,0.19344843565486375,14.291353325689208
26.426280736923218,-28.27565740823823,-14.099454751009658,0.5141818384826182,0.20494048590771857,14.176202657228574
26.446332216262817,-28.03851303245354,-13.981191546515245,0.5105164883378892,0.23335646758787337,14.057321485938296
26.466349124908447,-27.806586103458176,-13.861846476403915,0.4405164883378892,0.16335646758787337,13.944739627054261
26.486369371414185,-27.586711868528337,-13.741428714669283,0.3705164883378892,0.13534214111976328,13.845283153859054
26.506301164627075,-27.395811444106453,-13.619947624128642,0.41105287336744356,0.13173077881336215,13.775863819977811
26.52630639076233,-27.215259338663788,-13.497412753946602,0.47935855203308153,0.13552638582885268,13.717846584717186
26.546305179595947,-27.048969752656227,-13.373833837158704,0.4161847662273793,0.13550910968959218,13.675135915497522
26.566832065582275,-26.89928552591541,-13.249220788195045,0.40981720202602434,0.20550910968959218,13.650064737720365
26.586410999298096,-26.767396316647954,-13.123583700403902,0.43304952048696566,0.1382231323856104,13.643812616244052
26.606324672698975,-26.65365945236165,-12.99693284357536,0.4845174867752938,0.12123882052183038,13.656726608786292
26.62628746032715,-26.555528374541144,-12.869278661464925,0.4145174867752938,0.0788399430799473,13.686249713076219
26.646322011947632,-26.470823004646302,-12.740631769317172,0.41668931844644236,0.09802792434275037,13.73019123532913
26.666897296905518,-26.397675269692268,-12.611002951389331,0.34668931844644235,0.16802792434275038,13.786672318302937
26.686935663223267,-26.334483042510378,-12.480403158474946,0.38337916987948106,0.19077185910820849,13.854079884035432
26.706284999847412,-26.282187488665492,-12.348843505427485,0.414259937731549,0.20958508175492174,13.933343983238007
26.72628092765808,-26.236783153648474,-12.216335268683952,0.3810820478480308,0.1742814480948437,14.020447884964522
26.746326208114624,-26.201733939778016,-12.082889883788527,0.3110820478480308,0.10428144809484369,14.11884405598949
26.76632070541382,-26.174800908661997,-11.948518942916193,0.24108204784803078,0.03701084133863336,14.226281965745804
26.786312580108643,-26.15421503638632,-11.813234192396349,0.3110820478480308,0.0,14.34098084398997
26.806296825408936,-26.138580314872044,-11.677047530236422,0.35113744202069924,0.0,14.461532784635622
26.826302528381348,-26.126796617182155,-11.53997100364553,0.2975970594864337,0.0,14.586825613536625
26.8463191986084,-26.11799832335746,-11.402016806558068,0.33077420058660195,0.020963679999113083,14.715981516799394
26.866299629211426,-26.111505510717166,-11.263197277157335,0.37678497421555207,0.032802559435367584,14.84830823355983
26.88632106781006,-26.111417853733318,-11.12352489539918,0.338341986266896,0.0,14.987892958334138
26.906273126602173,-26.120414098846144,-10.983012280535622,0.30908078092150376,0.04858851805329323,15.137401818310522
26.92628240585327,-26.1401154456218,-10.84167218863845,0.35582940789870904,0.02132483571767807,15.298443256983349
26.94632339477539,-26.157220657891695,-10.699517510122861,0.30821664768271134,0.0,15.457703147768834
26.966304302215576,-26.183900649652315,-10.556561267271098,0.326603291062638,0.07,15.627339382381217
26.986319065093994,-26.22810968789307,-10.412816611756055,0.2586451074760406,0.14,15.815293076137015
27.006294012069702,-26.297227022686304,-10.268296822164903,0.3286451074760406,0.21000000000000002,16.0289302005214
27.026275873184204,-26.39803802925805,-10.12301530152272,0.34055904592387365,0.14727008253335955,16.27502272773533
27.0462908744812,-26.522838672643104,-9.976985574816114,0.4055775731336324,0.07727008253335954,16.545853097826992
27.06628394126892,-26.661012940463532,-9.830221286516846,0.3355775731336324,0.05164575330913068,16.830791653946687
27.08631658554077,-26.80251834979509,-9.682736198105442,0.2655775731336324,0.024380888193845762,17.11978215168965
27.10629653930664,-26.937975448615717,-9.534544185594838,0.2322947455476968,0.09438088819384577,17.403431263020877
27.12629508972168,-27.063345203819036,-9.385659237053995,0.2981168625783174,0.16438088819384578,17.67768596676504
27.1462984085083,-27.178404381027047,-9.236095450131515,0.36700644324533627,0.23438088819384578,17.942308930895532
27.166301488876343,-27.278301696279332,-9.085867029579273,0.4370064432453363,0.2302057835273445,18.19243466670006
27.18628454208374,-27.370003059799846,-8.934988284776038,0.5070064432453363,0.3002057835273445,18.43501477502381
27.206291437149048,-27.453594895990474,-8.783473627251096,0.4370064432453363,0.26987645363435153,18.67012126873938
27.226500511169434,-27.5293509592802,-8.631337568207881,0.4854106190335004,0.33987645363435154,18.89801339107232
27.247052907943726,-27.590718860846497,-8.47859471604759,0.4154106190335004,0.26987645363435153,19.112124144798905
27.266692399978638,-27.621944897729243,-8.325259773892805,0.4854106190335004,0.2513729069195688,19.29668512383644
27.28657293319702,-27.598983153367993,-8.171347537111128,0.5059357355069367,0.3005673285387457,19.427635616256865
27.3066246509552,-27.50192722186873,-8.016872890838801,0.4359357355069367,0.30646514341235165,19.48505433102993
27.32657551765442,-27.32585229204851,-7.861850807504322,0.3659357355069367,0.2802964915335179,19.464001484544188
27.346493005752563,-27.08100196418934,-7.706296344352063,0.323473643613979,0.2869884875416756,19.37470561983728
27.366559982299805,-26.79020189934171,-7.550224640965931,0.393473643613979,0.2169884875416756,19.23997725837578
27.386544227600098,-26.53772185856277,-7.393650916792941,0.323473643613979,0.1469884875416756,19.144070941769826
27.406564950942993,-26.25362408585313,-7.236590468666881,0.290975630385801,0.07698848754167559,19.01703361718625
27.426536083221436,-25.955052622078988,-7.079058668331918,0.3179650922399012,0.1469884875416756,18.87599395374707
27.44653296470642,-25.65429683502117,-6.92107095996621,0.2479650922399012,0.2169884875416756,18.733225875054963
27.466527462005615,-25.35995024658358,-6.762642857705551,0.19817771988920846,0.1469884875416756,18.59730738887803
27.48658585548401,-25.080129183197656,-6.603789943166985,0.26817771988920847,0.2169884875416756,18.47633924003067
27.506439447402954,-24.820088267655837,-6.44452786297245,0.3381777198892085,0.2869884875416756,18.375560404683387
27.52646279335022,-24.582955954395416,-6.284872326272341,0.4081777198892085,0.3390160967409611,18.298083628123074
27.546528577804565,-24.370301452849684,-6.124839102269217,0.4781777198892085,0.4090160967409611,18.245462350580468
27.56645178794861,-24.177936898878208,-5.964444017741355,0.4081777198892085,0.3785992653667927,18.21349288113685
27.58641529083252,-23.995469700361486,-5.803702954566438,0.4781777198892085,0.3085992653667927,18.19176674579505
27.606489896774292,-23.837047020000462,-5.6426318472451005,0.44655016171745937,0.2385992653667927,18.194415172755363
27.626447439193726,-23.67324121051626,-5.48124668042462,0.49533616858534496,0.23567946315743032,18.19199453009164
27.646458864212036,-23.484533640698103,-5.319563486422517,0.4362763139884917,0.20143693746067587,18.164970154275586
27.666535139083862,-23.246441594211984,-5.1575983427501715,0.46897598835639637,0.2401004737708718,18.08884325146181
27.686458587646484,-22.95484311859884,-4.995367369636453,0.44445136855356376,0.3085377669427544,17.95947574896239
27.70641016960144,-22.633765171548664,-4.8328867275513385,0.37445136855356376,0.3455909869167954,17.800878443997327
27.726353883743286,-22.300673335882248,-4.670172614729562,0.44445136855356376,0.4155909869167954,17.630500721152686
27.746367692947388,-21.96801548829571,-4.507241264694187,0.4304976017680017,0.3455909869167954,17.460774223601522
27.766329288482666,-21.644426242564872,-4.344108943780309,0.5004976017680017,0.39008183465339247,17.300317298784563
27.786314964294434,-21.33566403035716,-4.180791948658564,0.4418609923031179,0.4363139389548451,17.1548720816986
27.806294441223145,-21.045337780694055,-4.0173066038588985,0.5097235923912374,0.3663139389548451,17.028031176835157
27.82631540298462,-20.793269118355397,-3.853669259294051,0.4785741528775541,0.4363139389548451,16.939599859061346
27.846304655075073,-20.556615858933817,-3.68989628778327,0.5485741528775541,0.37259840653277937,16.866719571150547
27.866334676742554,-20.336906808130887,-3.5260040825759056,0.47857415287755406,0.34681904003955427,16.810902725554982
27.88636803627014,-20.132440933558403,-3.3620090548750383,0.40857415287755405,0.3411933925468475,16.770431878683365
27.906327486038208,-19.943951347211346,-3.1979276313610825,0.47857415287755406,0.4111933925468475,16.746023715850264
27.926451444625854,-19.77152620095192,-3.033776251715434,0.4646047463919965,0.3607693904358894,16.737749949236488
27.946412086486816,-19.614803346726262,-2.8695713661441147,0.3946047463919965,0.4280869954545051,16.745231980582147
27.966384410858154,-19.47311741134691,-2.7053294329013333,0.3246047463919965,0.4136352830845863,16.767787978445575
27.986354112625122,-19.343293595139762,-2.541066915813161,0.3946047463919965,0.3436352830845863,16.8022266793266
28.006351947784424,-19.225130467591626,-2.3768002818011453,0.4206820727791635,0.29759943080134693,16.84833018579048
28.02639126777649,-19.118180802800293,-2.2125459984058935,0.3519152553286401,0.3254219383466989,16.9056348043944
28.04635190963745,-19.025324373273847,-2.048320531310786,0.40566916032694256,0.31571814012713734,16.97700384196306
28.06635594367981,-18.941218113936852,-1.8841403418654998,0.44940523444674885,0.30696358312852684,17.057077772071352
28.086461305618286,-18.851508074552843,-1.7200218846097073,0.37940523444674884,0.23696358312852683,17.131486189943136
28.106433153152466,-18.741739273126026,-1.555981604796635,0.30986196964047824,0.2185550313163549,17.18575766832939
28.12635827064514,-18.616298297166328,-1.3920359359167698,0.34973583041690265,0.24527865645475688,17.224262361249558
28.146384954452515,-18.483277719153637,-1.2282012972213785,0.29648626639507686,0.20095194128341975,17.25507642193226
28.16644024848938,-18.34849824112696,-1.0644940912462388,0.3097120807226745,0.13095194128341975,17.284004149880722
28.188037157058716,-18.21604916440518,-0.9009307013351879,0.23971208072267447,0.09488144916482272,17.315118463069993
28.206865072250366,-18.088709420157386,-0.7375274891637638,0.23968887372480796,0.16255142194218936,17.351181930993622
28.226341724395752,-17.970590891745605,-0.5743007922628749,0.23001209410445855,0.12440557059831919,17.39629009948273
28.24646258354187,-17.86430658869918,-0.41126692154235656,0.20893313872234986,0.17847791341133418,17.453039667156823
28.26642346382141,-17.772027843227157,-0.2484421588146084,0.1393742873014705,0.15465652597136798,17.52358568441255
28.28642964363098,-17.69124080372819,-0.08584275431826072,0.11391603151874707,0.22465652597136798,17.605398049409928
28.30644989013672,-17.6205648120906,0.07651507575824112,0.11663062681051062,0.15465652597136798,17.69707988784884
28.326390981674194,-17.561090762708428,0.23861515175299886,0.18213636238666342,0.12660250839777293,17.799705914461427
28.346336603164673,-17.513281143475467,0.4004413330070271,0.11213636238666341,0.05660250839777292,17.913722476482494
28.366336584091187,-17.474833426528047,0.5619775203406618,0.12889783111007974,0.0,18.03681094686871
28.386417865753174,-17.443901589144012,0.7232076585298977,0.13589446180107162,0.012358153238892555,18.16710924767391
28.406310319900513,-17.41900533986912,0.8841157387828211,0.08022750847580001,0.018173882737755775,18.30312107865194
28.426400899887085,-17.394324733784305,1.0446858012159055,0.15022750847580002,0.06206523813307285,18.43901053500021
28.446388006210327,-17.36117897165271,1.204901937330419,0.11831054740192459,0.02004346065223217,18.56608090898313
28.466341018676758,-17.31607798662372,1.3647482924888834,0.10861452945115135,0.0,18.680826279112605
28.486350297927856,-17.276920159938726,1.524209068391304,0.10722213235290812,0.04802355170249939,18.80112922833003
28.506444931030273,-17.2321802926723,1.683268525551675,0.12568365965576933,0.1180235517024994,18.915448818223975
28.526527166366577,-17.187058711819322,1.8419109857742555,0.0904339831003742,0.14858367823064328,19.028969697593578
28.546386241912842,-17.14517752273488,2.000120834630028,0.1604339831003742,0.16344092756509782,19.145298357364908
28.56638240814209,-17.10665082063086,2.1578825239330364,0.23043398310037422,0.22859022736549378,19.264533344563898
28.586394548416138,-17.071469446660036,2.315180574216729,0.24321226619722414,0.21340371545404196,19.386650020876765
28.60642123222351,-17.039538873498874,2.4719995772104184,0.17321226619722413,0.14340371545404196,19.511538450709292
28.626502513885498,-17.010707769808857,2.6283241983155676,0.10321226619722412,0.07340371545404195,19.639031968124424
28.646360397338867,-16.980156641447643,2.7841391790822314,0.17256565295698212,0.0034037154540419445,19.764295820529874
28.666547298431396,-16.935317900856543,2.9394293396854074,0.1200103079581456,0.0,19.87474724054195
28.686456203460693,-16.860889851978087,3.0941795814014057,0.11742204145135449,0.07,19.955069433379492
28.706241846084595,-16.796269519703486,3.24837488908425,0.11837664947684945,0.08755809597671033,20.044644408787736
28.72691535949707,-16.695551733190275,3.402000333642004,0.06278230578478516,0.01755809597671032,20.09755206683228
28.746890544891357,-16.572415768134718,3.5550410745132304,0.07463137482132853,0.08755809597671033,20.12745684264795
28.766907453536987,-16.43695381037694,3.70748236214326,0.14463137482132854,0.022214343473315246,20.1444361725202
28.786924123764038,-16.298816892958925,3.8593095404606537,0.07463137482132853,0.0,20.15812643341958
28.806742668151855,-16.162462584705864,4.010508049353586,0.004631374821328527,0.0,20.17297063405945
28.826580286026,-16.0332563932757,4.161063427146118,0.0,0.0,20.194319820421818
28.846746683120728,-15.91473670739823,4.310961313074678,0.0,0.07,20.225698020472908
28.866736888885498,-15.806763232818472,4.460187449764408,0.0,0.1324394342303276,20.26695068258288
28.886784553527832,-15.708960579614876,4.6087276857055315,0.0,0.062439434230327606,20.317688265320406
28.906829118728638,-15.623116306463572,4.756567977729674,0.0,0.0,20.379684284193246
28.926735639572144,-15.548584116805236,4.9036943934863935,0.07,0.07,20.452278510291627
28.94668984413147,-15.48081340866684,5.050093113919388,0.14,0.01683999195694924,20.53090652258623
28.966689825057983,-15.419525183048854,5.195750435742973,0.07,0.0,20.615275618791827
28.986805200576782,-15.364354807569502,5.340652773918421,0.136726915538311,0.0,20.705007581487923
29.00687599182129,-15.314887780423662,5.484786664130315,0.20672691553831102,0.0,20.79967444455398
29.02667808532715,-15.270685885631996,5.6281387652630315,0.136726915538311,0.0,20.89882465089503
29.046587228775024,-15.231305984949529,5.770695861876927,0.066726915538311,0.0,21.002001846826456
29.066720247268677,-15.196313200083301,5.912444866684943,0.01745717227458954,0.0,21.108758066768246
29.08688449859619,-15.165289851112536,6.053372823028788,0.0,0.07,21.218662674141324
29.106870889663696,-15.137841211679062,6.193466907355411,0.0,0.011122934222221381,21.331308119034475
29.126774549484253,-15.113598901491198,6.332714431693397,0.0,0.08112293422222139,21.446313333184595
29.146769285202026,-15.092551108850525,6.471102846129245,0.032773859798908234,0.04578563511371614,21.56365395497977
29.166795253753662,-15.073948317396487,6.608619741283796,0.10277385979890824,0.0,21.682568058680282
29.186116218566895,-15.057534050498079,6.745252850788706,0.032773859798908234,0.004025254398584366,21.802786901286787
29.206085920333862,-15.043072486175792,6.88099005376267,0.0,0.0,21.92406253993846
29.226226329803467,-15.030348363829946,7.015819377287858,0.0373685322701931,0.01346155907958746,22.046167741117806
29.24616575241089,-15.019166377563044,7.1497289988862995,0.016736499965190887,0.0,22.168895376449342
29.266068935394287,-15.009350228889273,7.282707248996257,0.0,0.07,22.29205747788553
29.286120414733887,-15.000741467826792,7.414742613448645,0.0,0.05025935515761376,22.415484081275437
29.306105136871338,-14.993198217547642,7.545823735943255,0.07,0.031235187947750098,22.539021953490895
29.326080560684204,-14.986593851760887,7.6759394205253315,0.1390387561917305,0.1012351879477501,22.66253327228622
29.346550226211548,-14.9808156741225,7.805078634061843,0.2090387561917305,0.1712351879477501,22.785894308184343
29.366320848464966,-14.975798912772971,7.933230508717855,0.2790387561917305,0.1906752968579531,22.90902942149083
29.387041330337524,-14.971407953569425,8.060384344432897,0.3490387561917305,0.2537265504151583,23.031792298002323
29.406264305114746,-14.967567387549684,8.186529611397354,0.2790387561917305,0.3237265504151583,23.15409699894704
29.426289319992065,-14.964210331570866,8.311655952528959,0.2720343303307891,0.3937265504151583,23.275866284099827
29.447072744369507,-14.961277587055415,8.435753185948911,0.2020343303307891,0.3237265504151583,23.397030773004325
29.46621346473694,-14.956400505062476,8.558811307458527,0.2720343303307891,0.2786430946737528,23.515211812521002
29.486233949661255,-14.943352415043433,8.680820493015418,0.29252407889813187,0.3151702626794577,23.624172908058853
29.506288051605225,-14.892543910645186,8.801771101209972,0.22252407889813186,0.24517026267945768,23.69431501185516
29.5263831615448,-14.73809097945446,8.921653675741652,0.2341138043999672,0.3112132372707129,23.659744655196114
29.54623794555664,-14.432330717818878,9.040458947895534,0.2330552602512762,0.25261931218206884,23.472789665714412
29.566776275634766,-13.992472056166008,9.158177839018418,0.28719939685892315,0.18261931218206884,23.150649895184426
29.58688187599182,-13.61057553599406,9.274801462995448,0.32020901537965984,0.24569722391664983,22.885376998989507
29.607022762298584,-13.139491390043062,9.39032112872638,0.2987131441337988,0.31569722391664984,22.529812518769443
29.62618899345398,-12.61887463769378,9.504728342601958,0.2571987362904474,0.24569722391664983,22.123602980295736
29.64689874649048,-12.077574305739057,9.618014810980341,0.32719873629044743,0.31569722391664984,21.695589116719397
29.666810989379883,-11.536173477011662,9.730172442663363,0.3844330459041521,0.30568154066801073,21.266345919675025
29.68684148788452,-11.00897140651454,9.841193351373061,0.3144330459041521,0.23568154066801072,20.8501647578876
29.7069673538208,-10.505525870099738,9.951069858227967,0.2444330459041521,0.30568154066801073,20.456595728327706
29.72622799873352,-10.03416575893271,10.05979449421946,0.21335690147709102,0.37568154066801074,20.09396025315217
29.74690532684326,-9.597514201720962,10.167360002688241,0.18645156785380096,0.30568154066801073,19.764874204409203
29.766836643218994,-9.198794780149091,10.273759341800613,0.2201218219054863,0.37568154066801074,19.472554121949706
29.786869287490845,-8.839246833548723,10.378985687024816,0.28915727003943176,0.43303860604763034,19.218232520573537
29.80669903755188,-8.527078126615281,10.48303243360765,0.3022553516132757,0.36303860604763033,19.010110560222934
29.82683300971985,-8.245349633208965,10.58589319905056,0.2483000611467287,0.2930386060476303,18.831242832259527
29.846657752990723,-7.992189240762682,10.687561825586084,0.1783000611467287,0.31116905562579633,18.679751066348764
29.866742610931396,-7.765543707268334,10.788032382654428,0.10830006114672869,0.24116905562579632,18.553576089922764
29.88659143447876,-7.5632880947287,10.887299169379567,0.1783000611467287,0.29910271771252156,18.450587264108265
29.906890630722046,-7.3833036690311165,10.985356717045818,0.2483000611467287,0.2888861910253763,18.368660386076932
29.926642894744873,-7.2212154960879795,11.082199791574084,0.27101558684837074,0.30359658289700747,18.303415287662062
29.946726083755493,-7.07119683039735,11.177823395998324,0.32704628496896476,0.23359658289700747,18.249020226395672
29.966898918151855,-6.921933393758481,11.272222772941923,0.25704628496896476,0.22057096473872662,18.194156166700402
29.986894130706787,-6.765546606029051,11.365393407093936,0.271653835545294,0.2812274191528559,18.130940013122988
30.00665259361267,-6.6297676041780615,11.457331027685669,0.23557951010297984,0.2666119337081909,18.087098631863732
30.02679181098938,-6.490446839238048,11.548031610966973,0.29197383008431643,0.2729956526309252,18.03847845020502
30.046465635299683,-6.3523378189447275,11.637491382682509,0.3077997089130804,0.33981447853147984,17.989829201627238
30.066425800323486,-6.218710301319846,11.725706820548279,0.2875104722334072,0.39973595924675465,17.944417121868124
30.086356163024902,-6.091717286752998,11.812674656727932,0.3575104722334072,0.42104971781373024,17.90439194348093
30.106409072875977,-5.972679355546519,11.898391880309077,0.2875104722334072,0.4449559971690178,17.871071235855595
30.12646770477295,-5.862304101551217,11.982855739779865,0.24368352338206023,0.5132260620594025,17.845159841331082
30.146515607833862,-5.760854701667137,12.066063745505147,0.23808908683713526,0.45075229182839394,17.826918447172282
30.166563272476196,-5.670595061564716,12.148013672202893,0.30808908683713526,0.5127876363694668,17.818608733767608
30.18643283843994,-5.590486392792239,12.228703561420723,0.37808908683713527,0.5823460407555103,17.819189954212963
30.206358194351196,-5.51953964545453,12.308131724012071,0.3399003313248977,0.5123460407555103,17.8276713694666
30.22636866569519,-5.456826383389048,12.386296742612743,0.30900946048554034,0.44234604075551026,17.843123126001792
30.246422052383423,-5.402377128118181,12.46319747411711,0.2657903598016128,0.39065894171595567,17.86557460223529
30.26641583442688,-5.354210506800188,12.538833052154665,0.3089916871255264,0.4395325189828872,17.89304355895485
30.28643250465393,-5.3093607581464495,12.613202889566281,0.315498413736932,0.45385123103857034,17.92256364771273
30.306416273117065,-5.256415114257457,12.686306680880634,0.2965225784434006,0.5238512310385703,17.94272179513809
30.326493978500366,-5.189976204498442,12.758144404790578,0.3041470197355375,0.45385123103857034,17.94812060928902
30.34649682044983,-5.113599778721101,12.828716326629525,0.2432757688080892,0.38385123103857033,17.942316105350628
30.366436004638672,-5.032333841431546,12.898023000847772,0.3079086092626676,0.37051329851150505,17.930356842279316
30.386399507522583,-4.949813500301313,12.966065273488951,0.2379086092626676,0.3066759192943572,17.915878773790265
30.406357526779175,-4.866280341557504,13.03284428466634,0.19182372843381018,0.37667591929435723,17.899124626223845
30.426488161087036,-4.784245207049162,13.09836147103917,0.12182372843381017,0.3824590385332703,17.88260667808833
30.446439266204834,-4.7030962500211,13.16261856828934,0.19182372843381018,0.31336835924535983,17.86571481831044
30.466423273086548,-4.632640653698077,13.225617613597372,0.23833616828080267,0.38336835924535984,17.858258267295447
30.486369132995605,-4.563530139120453,13.287360948119073,0.17898567771073431,0.324027036614716,17.850891087239525
30.506330013275146,-4.494858944178232,13.347851219461646,0.1433734112000093,0.394027036614716,17.84271016363988
30.52644157409668,-4.42830271410197,13.407091384160367,0.2133734112000093,0.46280969399958843,17.835394098262338
30.546353578567505,-4.3626532315095075,13.465084710154812,0.2290211652731523,0.4494344992563128,17.82773794166432
30.566346406936646,-4.297047395024485,13.521834779265149,0.23520812320988627,0.5020145988091826,17.818882174289634
30.586431980133057,-4.214670124448499,13.577345489668673,0.19941126111429186,0.49250082671642303,17.792015614117172
30.606332063674927,-4.097334959342599,13.63162105837614,0.22800729352515192,0.4304600618779659,17.72895601771874
30.626454830169678,-3.9425966442193454,13.684666023708104,0.17713328007142992,0.3685607239603996,17.62726266792745
30.64635992050171,-3.761324248948802,13.736485247771228,0.10713328007142991,0.3333454504609108,17.49780949672003
30.66641592979431,-3.552501127226953,13.787083918934854,0.17713328007142992,0.3684876598417759,17.339585046161808
30.686447381973267,-3.3711955614405644,13.836467554307248,0.16446924417745323,0.40162843465805054,17.207663115747813
30.70643901824951,-3.1471513713130386,13.884642002211848,0.22278472244273873,0.46572908759117126,17.031793373524888
30.726335525512695,-2.8715302531459352,13.931613444663931,0.29278472244273873,0.49778132513165474,16.803143697809865
30.746331453323364,-2.5441852948275128,13.977388399846852,0.22278472244273873,0.42778132513165473,16.521573694674366
30.766310453414917,-2.1779593708134675,14.021973724588356,0.2694853341532871,0.46344566002488136,16.199933095401825
30.786331176757812,-1.7897466382736402,14.065376616837007,0.2431820372445509,0.39344566002488135,15.855123255110648
30.806379556655884,-1.3964936042456442,14.107604618138616,0.19866156227421017,0.3685100810974836,15.504098222384261
30.826253414154053,-1.010103817399648,14.148665616112446,0.17713126375805588,0.31253063924610613,15.158769433512093
30.846235990524292,-0.6409807175634711,14.188567846927981,0.12795411630999298,0.26756871365010737,14.829548564491452
30.866339206695557,-0.2935789206080243,14.227319897780703,0.07742530315648766,0.315113535746932,14.520898818388726
30.886211395263672,0.02957994711169314,14.264930709369011,0.00742530315648765,0.2796986127644777,14.235350762257317
30.906326055526733,0.3101547267036496,14.301409578370347,0.0,0.30155338779091834,13.991254851666698
30.926303386688232,0.5709855201708239,14.33676615991751,0.025058617815375328,0.25155610278248786,13.765780639746685
30.94634461402893,0.8112283595143309,14.371010470075241,0.03640730585902929,0.2681109035760164,13.55978211056091
30.966240167617798,1.033155982510614,14.404152888316425,0.017239519394934177,0.23460136599838732,13.37099690580581
30.98621106147766,1.2388296839112574,14.436204159998546,0.0,0.28530962638556956,13.197374476087289
31.006280183792114,1.4277932209934445,14.467175398840205,0.0,0.25310533367097376,13.03938217784676
31.026474952697754,1.6001700910981553,14.497078089397029,0.07,0.20735112078487872,12.896907998298873
31.046313285827637,1.7564832129069532,14.525924089538648,0.055761590301990516,0.22441535875201224,12.769440876631695
31.066306591033936,1.8998355019637458,14.553725632924511,0.004457335621118552,0.2390476946160197,12.653890130960765
31.08631420135498,2.0443055044566383,14.580495331480769,0.025035913735628135,0.2440781501494348,12.536189827024131
31.106230974197388,2.2158568823501588,14.60624617787635,0.0,0.17407815014943478,12.390389295526191
31.12635087966919,2.3648021685519836,14.630991547999415,0.0,0.2264591292105615,12.26618937944743
31.146308183670044,2.5727096008888646,14.65474520343352,0.03509369120001793,0.22804972118232397,12.082035602544657
31.166200399398804,2.853153176801243,14.677521293934511,0.0026440247893333435,0.26082342824432997,11.824368117133268
31.1862895488739,3.1951186621690746,14.699334359906388,0.0,0.29067004619631914,11.504215697737314
31.206324815750122,3.575436293684145,14.720199334877798,0.004615632817149162,0.23548286183271555,11.144763041193652
31.226276636123657,3.972369344395982,14.740131547978699,0.0003925156779587269,0.25993047988507895,10.767762203582716
31.24624991416931,4.370382011654208,14.759146726416411,0.0,0.29036791956517843,10.388764714762203
31.266253232955933,4.7586549778722915,14.777260997952077,0.07,0.2554949108371511,10.018606020079785
31.28640389442444,5.129930045629241,14.794490893377144,0.08045275945216418,0.2307693693647161,9.664560847747904
31.306385278701782,5.484246487052223,14.810853348989646,0.09530759666115046,0.28707176408264784,9.326606861937423
31.32647728919983,5.831343914923949,14.826365709070501,0.050833646841347224,0.31955919376108793,8.995021794146552
31.34642243385315,6.132702763620345,14.841045728360058,0.03225969027727843,0.27961746564600615,8.708342964739714
31.366310834884644,6.449090368796873,14.854911574534526,0.0,0.26336878872010855,8.405821205737652
31.386288166046143,6.797690817409555,14.867981830681984,0.05974201112985611,0.3024747256049886,8.070291013272428
31.406272411346436,7.182641829560168,14.880275497779152,0.11888309940695763,0.2324747256049886,7.697633668218984
31.426292896270752,7.5989103251428745,14.89181199716748,0.13460891507565975,0.2616242635110393,7.292901672024605
31.44621777534485,8.03059331586946,14.902611173029882,0.1599863301962614,0.3084426130214706,6.872017857160422
31.466464042663574,8.461605953826256,14.912693294866571,0.14488941058516502,0.29657984329853204,6.451087341040315
31.486315727233887,8.880793685589833,14.922079059972084,0.11693469993770123,0.2643202188471332,6.041285374382252
31.506295919418335,9.28072042084941,14.93078959591113,0.13685717061161995,0.29594787760172037,5.65006917506172
31.526293992996216,9.656728818353338,14.938846462995109,0.12379003968089819,0.3519887010613456,5.282117644641771
31.546303510665894,10.003897997202069,14.94627165675864,0.1334822392091155,0.3443990632938221,4.942373659556571
31.566205263137817,10.305319141928587,14.95308761043593,0.1426431043073535,0.31104248241055754,4.647768468507342
31.58641815185547,10.583587945975864,14.95931719743686,0.18640176858752966,0.3376620806800201,4.375729251460996
31.606215000152588,10.836125494544252,14.96498373382365,0.16022745613008738,0.35921275467146185,4.128858239279399
31.626220703125,11.061818668400642,14.970110980787048,0.1441789111122489,0.39997821152675894,3.908292312386406
31.646814346313477,11.255969101190269,14.974723147123044,0.1641356060281396,0.3973276146268472,3.7187540459327746
31.666707754135132,11.411512009035098,14.97884489170881,0.17066653678193688,0.3990270589990541,3.5673328826737123
31.686952352523804,11.531506872817435,14.982501325979271,0.1960120894946158,0.3556734082801267,3.4509944531618366
31.706637144088745,11.623648309161561,14.985718016403602,0.20460977172479033,0.40955113447736946,3.362069707242041
31.726916074752808,11.691698574189118,14.988520986961298,0.2684589154087007,0.4096860768902115,3.2968224127721797
31.7468159198761,11.741222125700613,14.99093672161878,0.2755920263007283,0.3980303289997391,3.2497145959181672
31.7668559551239,11.776572196726248,14.992992166805983,0.3455920263007283,0.40197174806846303,3.216419970079736
31.78667378425598,11.807264030920877,14.994714733892081,0.29320488188415766,0.39234387405915183,3.187450702971205
31.80672550201416,11.825477084249867,14.99613230166264,0.26258581567555667,0.3498431285540573,3.170655217412774
31.82676863670349,11.832226269492454,14.997273218795172,0.19258581567555666,0.3897511912207119,3.1650469493027185
31.84679079055786,11.821569609971142,14.99816630633643,0.17884150613099337,0.3858219994860701,3.176596696365287
31.866846323013306,11.768991521432218,14.99884086017795,0.17905425534991082,0.3960681459563784,3.2298493387457317
31.886802911758423,11.644670705249336,14.999326653532925,0.15483356708136853,0.4660681459563784,3.3546559482835896
31.906816959381104,11.443682731619322,14.999653939412326,0.12880937264708336,0.3960681459563784,3.5559712077930037
31.92680859565735,11.190107571711684,14.999853453101714,0.08150598661450204,0.3784401840227656,3.8097458813900307
31.946189641952515,10.906689328010273,14.999956414636841,0.08297637965006288,0.4141890271264128,4.093267086626568
31.966232776641846,10.610012120186662,14.99999453128082,0.01529713835043367,0.3912283847737126,4.389982411094158
31.986183166503906,10.316577087889172,15.0,0.0,0.32122838477371257,4.683422912110828
32.00697875022888,10.06180930109635,14.99999970648166,0.07,0.3364125339197926,4.93819040538531
32.02635383605957,9.811931559323368,14.99999210475699,0.049290870949625976,0.3829413426923565,5.188060545433622
32.04675531387329,9.574352196519335,14.999963585414163,0.025373842269182212,0.4117382893222384,5.425611388894827
32.0662784576416,9.353892773955836,14.999900454822406,0.09537384226918222,0.42977687510428947,5.646007680866569
32.086448431015015,9.155767407587884,14.999789228693174,0.025373842269182212,0.4267238490632735,5.84402182110529
32.10662841796875,8.992274500949772,14.999616631018856,0.0,0.47901799533283335,6.007342130069084
32.12663149833679,8.880308941934688,14.999369593011457,0.07,0.5490179953328334,6.119060651076769
32.14645838737488,8.834880287351405,14.999035252041304,0.02039768889546395,0.48478436443721873,6.164154964689899
32.16639995574951,8.8600276123312,14.99860095057574,0.0,0.4425088835111819,6.138573338244541
32.18639588356018,8.956696356952028,14.99805423511782,0.0595046766102314,0.4847335663787089,6.041357878165792
32.20692157745361,9.132923658305616,14.997382855145002,0.11057088896632195,0.4147335663787089,5.864459196839386
32.22662425041199,9.285928700637465,14.99657476204785,0.18057088896632195,0.3447335663787089,5.710646061410385
32.24681544303894,9.531987125587703,14.995618108068726,0.19604766711592675,0.4147335663787089,5.463630982481023
32.26699662208557,9.870938986196556,14.994501245240484,0.18975531512871385,0.4039512919611297,5.123562259043927
32.28692150115967,10.286326901304237,14.993212724325174,0.25975531512871386,0.4189875321811996,4.7068858230209365
32.3068790435791,10.748490995426236,14.991741293752728,0.18975531512871385,0.4889875321811996,4.243250298326492
32.32683062553406,11.230964622247345,14.990075898559661,0.21531085127964616,0.4946429372928105,3.759111276312316
32.34679079055786,11.71251296366171,14.98820567932777,0.25769230181351305,0.5062406805506907,3.275692715666059
32.36672639846802,12.176094768399649,14.98611997112282,0.24056568386033178,0.5291473508975468,2.810025202723171
32.38619089126587,12.60571432690922,14.983808302433252,0.24634832160547376,0.5314441795623861,2.378093975524031
32.40627121925354,12.984207359590794,14.981260394108867,0.2337553027831018,0.5839189539826475,1.997053034518073
32.426141023635864,13.289417587561358,14.978466158299534,0.2085557926259935,0.6130482840514742,1.6890485707381764
32.44618797302246,13.554408899872564,14.975415697393878,0.19135876482352615,0.608563621265348,1.4210067975213132
32.46614623069763,13.735642928564925,14.972099302957973,0.21889730839058757,0.538563621265348,1.2364563743930486
32.48622536659241,13.835393599362293,14.968507454674052,0.2334207065217197,0.4911689842469058,1.133113855311759
32.506203413009644,13.873602258389719,14.964630819279183,0.2124518465064466,0.4891428850009105,1.0910285608894643
32.52618408203125,13.868058055579185,14.960460249503983,0.19292350037023426,0.4191428850009105,1.0924021939247979
32.54620337486267,13.832270088275633,14.955986783011305,0.17863653151318432,0.37941834503551936,1.1237166947356716
32.56691026687622,13.776418582253916,14.951201641334933,0.13045639095827938,0.3706759483157656,1.174783059081017
32.586217403411865,13.70810329549033,14.946096228818282,0.06565509287640453,0.3895068102120421,1.237992933327952
32.60611915588379,13.632931352726995,14.940662131553092,0.043725825082510716,0.42637841855874276,1.3077307788260963
32.62622308731079,13.557294407574714,14.934891116318123,0.004431962203234441,0.3625604183017275,1.3775967087434093
32.64613699913025,13.487960580687448,14.928775129517852,0.0,0.3915609539090655,1.4408145488304047
32.66618824005127,13.427763182007261,14.922306296121173,0.04236958548426628,0.35558060263982033,1.4945431141139114
32.68689823150635,13.374883491642196,14.915476918600083,0.061793332919478416,0.4128008679090998,1.5405934269578871
32.70610332489014,13.330796524934112,14.908279475868385,0.03851909562945366,0.3856187638430855,1.5774829509342734
32.72614049911499,13.296295067368174,14.900706622220385,0.09176462888717651,0.4231677901535294,1.604411554852211
32.746220111846924,13.27167714714853,14.892751186269585,0.12924793362617493,0.3907784585445187,1.621074039121055
32.76616191864014,13.256889289255156,14.884406169887379,0.05924793362617492,0.3617816966562531,1.627516880632223
32.78617739677429,13.249318932653525,14.875664747141746,0.060676004569977515,0.4317816966562531,1.6263458144882215
32.80645799636841,13.249277575194434,14.866520263235955,0.07853528281673788,0.39664520187070584,1.6172426880415216
32.8263738155365,13.254466803130805,14.856966233447253,0.008535282816737877,0.42428965916624284,1.6024994303164473
32.84637403488159,13.26546867982721,14.846996342065559,0.07853528281673788,0.3766298075555823,1.581527662238349
32.8661253452301,13.28253430336225,14.83660444133217,0.03890535032376646,0.4466298075555823,1.554070137969921
32.886112689971924,13.29735111342143,14.825784550378449,0.06502546539530157,0.3766298075555823,1.5284334369570196
32.90624022483826,13.320858953011022,14.81453085416452,0.11199351197108626,0.31015440871706224,1.4936719011534976
32.92687106132507,13.359049257307051,14.80283770241797,0.09276792576536536,0.34156370958080506,1.4437884451109184
32.94627070426941,13.418012953186977,14.79069960857254,0.14636110683903097,0.39551832949509835,1.3726866553855626
32.96642518043518,13.506065894869943,14.778111248706825,0.09756452014669775,0.3962428009021095,1.2720453538368819
32.98636245727539,13.616635727510062,14.765067460482964,0.15320825746282934,0.3262428009021095,1.1484317329729024
33.00627779960632,13.739931295648184,14.751563242085341,0.1274166720174253,0.35602832223055875,1.0116319464371575
33.026742696762085,13.868816468957512,14.73759375115928,0.11209515372291207,0.3778374177473596,0.8687772822017674
33.04698920249939,13.998187317552585,14.723154303749737,0.1550030064024031,0.39779711710987603,0.7249669861971526
33.06619119644165,14.124485951723985,14.708240373240004,0.13854652347043156,0.46400737213669335,0.5837544215160193
33.08631467819214,14.243005750725928,14.692847589290396,0.13073485048487782,0.40384676131187,0.4498418385644687
33.10627555847168,14.345907666173577,14.676971736776956,0.16092084797099232,0.3809707203018478,0.3310640706033787
33.12623691558838,14.442341016581551,14.660608754730138,0.16923633201047777,0.3545394745725206,0.2182677381485867
33.146204710006714,14.529423589546479,14.643754735273514,0.16578063654713332,0.31910315352259194,0.11433114572703573
33.16610383987427,14.605399895498438,14.626405922562473,0.10923712241463363,0.30439342382131135,0.021006027064034427
33.18613243103027,14.669343310233092,14.608558711722903,0.07923256146721541,0.2957048901426605,-0.060784598510188914
33.20613503456116,14.72092734428643,14.590209647789894,0.009232561467215405,0.3657048901426605,-0.13071769649653575
33.22613739967346,14.750985562295932,14.571355424646441,0.004560284679755555,0.37160035715205586,-0.17963013764949132
33.24617671966553,14.756034796371077,14.551992883962127,0.0,0.34348784879548466,-0.2040419124089503
33.266119956970215,14.743580207729423,14.532119014131828,0.06428401917219162,0.2805531968246213,-0.21146119359759474
33.2861762046814,14.719296045826974,14.511730949214407,0.13076496869325638,0.2995693285833112,-0.2075650966125675
33.30624985694885,14.687435300408765,14.490825967871407,0.12929846940096468,0.31178752173436797,-0.19660933253735813
33.32654786109924,14.659772987793216,14.46940149230575,0.15136813407298177,0.2847040037508122,-0.1903714954874669
33.346158266067505,14.629450916971846,14.447455087200431,0.08915392344351858,0.3547040037508122,-0.18199582977141482
33.36604595184326,14.600396913204724,14.424984458657216,0.06997312454041094,0.31895394247723735,-0.17541245454750864
33.38605356216431,14.57298939917354,14.401987453135337,0.12126460147555918,0.37166631963802493,-0.17100194603820285
33.406625509262085,14.545131478719147,14.378462056390186,0.15307555941399187,0.3883323594625107,-0.16666942232896176
33.42640233039856,14.520011255397952,14.354406392412013,0.16018811834510416,0.3891088123479857,-0.1656048629859388
33.44647669792175,14.497454623731764,14.329818722364621,0.1693338364129886,0.3191088123479857,-0.16763590136714335
33.466469049453735,14.474956742193696,14.304697443524065,0.17405923211481422,0.38495405598077914,-0.17025929866963097
33.48653435707092,14.455408944706445,14.279041088217342,0.10405923211481422,0.38719821323174974,-0.1763678564891027
33.50666785240173,14.438425397978879,14.252848322761091,0.14378841006662696,0.3881111470749601,-0.18557707521778788
33.526288986206055,14.421354181119177,14.22611794640029,0.17355231167282908,0.3852234738646074,-0.1952362347188874
33.54683780670166,14.40653251479272,14.198848890246946,0.18456553732510655,0.4008623095927759,-0.2076836245457745
33.5661256313324,14.389487083204592,14.1710402162188,0.19332311274018138,0.41219004939775905,-0.21844686698579174
33.58664584159851,14.371346298334531,14.142691115978014,0.16580074252095073,0.4075409918790682,-0.22865518235651727
33.60655188560486,14.352922800974346,14.113800909869871,0.23165331752505153,0.41115500333253285,-0.23912189110447457
33.62682771682739,14.332472138284036,14.084369045861475,0.26038607926573604,0.46910398008767507,-0.24810309242256068
33.64661955833435,14.311152421279719,14.054395098480434,0.26315572363790124,0.5051344737643375,-0.25675732279928454
33.66658043861389,14.28747460695309,14.023878767753574,0.244207325107418,0.45311548861209294,-0.2635958391995157
33.68665957450867,14.260466582583039,13.992819878145617,0.2487296277610585,0.4275488920742645,-0.26764670443742133
33.706591844558716,14.22722455695035,13.961218377497893,0.20814071613829582,0.4555938571924343,-0.2660061794524573
33.72687768936157,14.183579561872758,13.929074335967021,0.20076441969256847,0.4395437680417671,-0.25450522590573676
33.74675512313843,14.115328342392242,13.896387944963617,0.19059180113952606,0.4175085716182365,-0.21894039742862503
33.766390323638916,14.056070891102875,13.863159516090985,0.21316054854076355,0.3980073996121063,-0.19291137501189048
33.78654408454895,13.961805257950006,13.829389480083808,0.14316054854076354,0.4297575198346748,-0.13241577786619807
33.80650019645691,13.836442595371066,13.795078385746855,0.17413067306857555,0.4064976770663633,-0.04136420962421106
33.827030181884766,13.692784464531488,13.760226898893666,0.10413067306857554,0.3659604612970724,0.067442434362178
33.84661245346069,13.540204754348094,13.724835801285257,0.034130673068575534,0.38879224399570367,0.18463104693716303
33.86650896072388,13.385449511844104,13.688905989568807,0.005561844590119991,0.33162561918143174,0.3034564777247031
33.8868305683136,13.235578093235107,13.65243847421636,0.04601929071824995,0.27157524342183015,0.41686038098125344
33.906490087509155,13.095365076501457,13.615434378463524,0.05921110059600321,0.3360076483571901,0.5200693019620672
33.92675232887268,12.96787224389051,13.577894937248153,0.047243314008228454,0.3612851102137937,0.610022693357644
33.9466769695282,12.854891010315667,13.539821496149063,0.009604452322237167,0.4020433064782991,0.6849304858333962
33.96668791770935,12.757283205857929,13.501215510324707,0.07060404322575775,0.4394382622325792,0.743932304466778
33.98656439781189,12.672537617982133,13.462078543451888,0.06963733062613753,0.3881582591915502,0.7895409254697547
34.00663709640503,12.60166399267877,13.422412266664447,0.10848503411281851,0.3292256791377439,0.8207482739856768
34.02614450454712,12.542293427899214,13.382218457491955,0.10662600563839075,0.3465257093543186,0.8399250295927416
34.046648025512695,12.494793716797986,13.34149899879842,0.07649187536910174,0.3324028311530127,0.8467052820004337
34.06697392463684,12.45679111812899,13.300255877720973,0.0862003702484071,0.36368405653629443,0.8434647595919831
34.08642911911011,12.428702930383752,13.25849118460857,0.06918801439926026,0.3522946715587749,0.8297882542248178
34.10659646987915,12.412874055763442,13.216207111960681,0.10133243052288887,0.3422282153973355,0.8033330561972392
34.12656092643738,12.412926472624674,13.173405953365997,0.050086145084351275,0.29167497924063346,0.7604794807413224
34.146723985672,12.428641038399734,13.130090102441114,0.02205190693959591,0.33068561947438857,0.7014490640413804
34.16643261909485,12.459452766680165,13.086262051769237,0.05995553618296978,0.32105417198035857,0.6268092850890721
34.186556339263916,12.504571344852415,13.04192439183887,0.06676480945199725,0.3112841110909357,0.5373530469864551
34.20667338371277,12.543744446353568,12.997079809982521,0.08608288530260322,0.37786533797625443,0.45333536362895366
34.226722955703735,12.59476552051252,12.951731089315386,0.06356057178229091,0.30888971055392167,0.356965568802865
34.246753454208374,12.65730400573462,12.905881107674052,0.04923175953328607,0.23888971055392166,0.24857710193943205
34.266743898391724,12.730826760262044,12.859532836555196,0.04262459304183719,0.27705124909523865,0.12870607629315245
34.28615474700928,12.810041288847211,12.812689340054272,0.0,0.26105161155108353,0.0026480512070605755
34.306700229644775,12.891121521791327,12.765353773804215,0.04271833971142769,0.2965164459729566,-0.125767747987112
34.32638168334961,12.971360775536874,12.717529383914126,0.061832789331674576,0.36471734712366005,-0.25383139162274837
34.346863746643066,13.04890120458564,12.66921950590799,0.06234531436348334,0.41880350331310173,-0.37968169867765056
34.36647439002991,13.122523513060106,12.620427563663341,0.13234531436348335,0.3488035033131017,-0.5020959493967645
34.38676047325134,13.19148406356296,12.571157068349986,0.17617436055326835,0.32282046588603397,-0.6203269952129737
34.4067542552948,13.255389200250827,12.521411617368686,0.17240931279258803,0.327148123984225,-0.7339775828821402
34.426456928253174,13.310873271498851,12.471194893289853,0.13229988700943068,0.26364862114656706,-0.8396783782089976
34.446401834487915,13.362271419607854,12.420510662792246,0.08810441381530837,0.3091730245994403,-0.9417607568156079
34.4668071269989,13.414109668922126,12.369362775601678,0.07257356773363427,0.3572023318754508,-1.0447468933204487
34.486708641052246,13.46720376044949,12.317755163429693,0.07289826677180827,0.36180859093088646,-1.1494485970197967
34.50679397583008,13.51977084625356,12.265691838912275,0.11374401853419841,0.30275929008144875,-1.2540790073412857
34.52685832977295,13.56827013615272,12.213176894548543,0.09815893501974643,0.34075929631013413,-1.3550932416041768
34.54672980308533,13.61266582101095,12.160214501639445,0.1380328665766865,0.3211785763176157,-1.4524513193715052
34.56601667404175,13.653041178578208,12.106808909226448,0.20192249671556056,0.32186158559285094,-1.5462322693517603
34.586838245391846,13.689560007248081,12.052964443030245,0.23165262297727168,0.3374729761760681,-1.6365955642178367
34.606791496276855,13.722437716587754,11.99868550438944,0.17438841045834125,0.31598871293477704,-1.7237522121983133
34.62607669830322,13.751919887179055,11.943976569199254,0.1903188041690737,0.2872440935950725,-1.8079433179798006
34.646754026412964,13.777517060401982,11.888842186850217,0.22434571378864349,0.2986537367012351,-1.8886748735517642
34.66662263870239,13.798174354784686,11.833286979166857,0.21161743712611497,0.3686537367012351,-1.9648873756178293
34.68679070472717,13.810223389056166,11.777315639346405,0.16871342894621194,0.33950634269975116,-2.0329077497097607
34.7064733505249,13.802077654838293,11.720932930897494,0.15476383634842933,0.3825828355457633,-2.081144723940799
34.72664165496826,13.756956228859236,11.664143686578836,0.21620319404639304,0.4089396499749272,-2.0928125422804005
34.74641704559326,13.654912508392814,11.60695280733794,0.2452330178860575,0.4742334314342587,-2.0479597010548733
34.766693353652954,13.490541198916883,11.549365261249797,0.3152330178860575,0.5071756184753029,-1.9411759376670865
34.78645706176758,13.280261310324928,11.491386082455579,0.3292565304879099,0.577175618475303,-1.7888752278693492
34.806535720825195,13.043636125463982,11.433020370101325,0.3684928078297526,0.514825285738334,-1.610615755362657
34.82617545127869,12.792631897047768,11.374273287276656,0.4161137450579554,0.5482545246835797,-1.4183586097711114
34.846500635147095,12.535939108136715,11.315150059953458,0.3461137450579554,0.5828110513743012,-1.2207890481832564
34.866721630096436,12.313071875126017,11.255655975924572,0.33470802747644485,0.5406316345091908,-1.0574158992014446
34.886436223983765,12.083928549700891,11.195796383742506,0.3956529758218676,0.5582142875995486,-0.8881321659583854
34.90676689147949,11.851832325167912,11.135576691658123,0.37999765382148326,0.5959633210208266,-0.7162556335097889
34.92662525177002,11.607587509467693,11.075002366559335,0.4262374806497246,0.648675433686003,-0.5325851429083581
34.94672775268555,11.345127129731257,11.014078932909797,0.3562374806497246,0.6778680433984845,-0.3310481968214596
34.96679997444153,11.06766629887236,10.952811971687613,0.34589243051595986,0.7,-0.11485432718474797
34.986534118652344,10.782466202848932,10.891207119324024,0.3151146855670959,0.6713364448398351,0.10874091647509232
35.006691455841064,10.490141590632271,10.829270066642101,0.2984946344513446,0.6884837623685598,0.3391284760098294
35.02676320075989,10.193623568775616,10.767006557795451,0.34408366424031556,0.6184837623685597,0.5733829890198354
35.04674029350281,9.904323935716517,10.704422389206906,0.32720503327436745,0.623483269587159,0.8000984534903886
35.066784381866455,9.627662515309385,10.641523408507219,0.38363565620966256,0.5943692076206206,1.0138608931978332
35.08676195144653,9.387458006610421,10.578315513473761,0.3529022086877376,0.6422322440147399,1.19085750686334
35.10678148269653,9.156202697109617,10.514804650969216,0.41521124658174813,0.7,1.3586019538595995
35.126797914505005,8.939574383387924,10.450996815880284,0.375024062814191,0.7,1.5114224324923597
35.14685940742493,8.738814910803525,10.386898050056363,0.3232507680077106,0.7,1.6480831392528383
35.16675281524658,8.554368619210821,10.32251444124826,0.35170481470413506,0.6299999999999999,1.7681458220374378
35.186551094055176,8.386114206222839,10.257852122046874,0.3276390277314931,0.7,1.8717379158240348
35.206697940826416,8.233540682335715,10.192917268821898,0.2576390277314931,0.6633736126124858,1.959376586486183
35.226173877716064,8.095879856076426,10.127716100660521,0.29166026745922863,0.6565451168455183,2.0318362445840954
35.24616098403931,7.9722051341235645,10.06225487830611,0.24855074246414005,0.6984816969372332,2.0900497441825454
35.26640319824219,7.863820668685248,9.996539903096917,0.2507159617450088,0.6577036709524691,2.1327192344116686
35.286694049835205,7.771229325270453,9.93057751590477,0.31131749420426785,0.629623878095299,2.159348190634316
35.30642890930176,7.690839156948469,9.864374096073771,0.35372725321911275,0.6544236515648663,2.173534939125302
35.32676410675049,7.624567361769465,9.797936060358996,0.40584888874553143,0.7,2.173368698589531
35.34637403488159,7.572164846413215,9.731269861865169,0.3881728500779718,0.6919476108625531,2.1591050154519538
35.36642789840698,7.533093072139277,9.664381988985399,0.3695050925668329,0.6580068746581673,2.131288916846122
35.38661766052246,7.501993954047207,9.597278964339832,0.3123451024945825,0.5880068746581673,2.095285010292625
35.406349897384644,7.477252100827346,9.529967343714377,0.2817814630176872,0.562570551522076,2.0527152428870314
35.426270961761475,7.457577948257045,9.462453714999393,0.2983082142379135,0.6096687411144375,2.004875766742348
35.44637608528137,7.439625883474138,9.394744697128376,0.28247317305766045,0.6567547527328133,1.955118813654238
35.46649670600891,7.423343071918515,9.326846939016665,0.25209969661198556,0.6442791336402296,1.9035038670981503
35.48641896247864,7.406332474663348,9.258767118500137,0.2531174540705979,0.6804096774384378,1.852434643836789
35.50676512718201,7.3915810322752735,9.190511941273908,0.2793063044734299,0.6852991656586527,1.798930908998634
35.52642583847046,7.378773453371737,9.122088139831003,0.3493063044734299,0.7,1.7433146864592661
35.54645609855652,7.367667660334696,9.053502472401092,0.3568204464390874,0.7,1.6858348120663962
35.566155433654785,7.358036586443598,8.984761721889154,0.3603038873989135,0.6442926831543445,1.6267251354455556
35.586782693862915,7.351999997616925,8.915872694814187,0.4303038873989135,0.6556186068803072,1.5638726971972616
35.60683560371399,7.348619161411037,8.8468422202479,0.37252554011531175,0.663351076003164,1.4982230588368637
35.6261146068573,7.344855712483966,8.777677148753408,0.3233085469622165,0.6687915071845054,1.4328214362694425
35.64609909057617,7.340925693547054,8.708384351323936,0.35949862089939416,0.6898468237370252,1.367458657776882
35.666887283325195,7.336983553573466,8.638970718321502,0.3620248745940626,0.6983135648071765,1.301987164748036
35.686134815216064,7.330820541161098,8.569443158415623,0.366502570156008,0.6853331474587321,1.2386226172545252
35.70612168312073,7.323277379763751,8.499808597522001,0.3432144300825894,0.6717025747522711,1.1765312177582503
35.726170778274536,7.314974393115119,8.430073977741241,0.30772860737517477,0.6564747000113129,1.1150995846261216
35.746713638305664,7.307765528121461,8.360246256297508,0.27607709931209684,0.6317639479413628,1.0524807281760467
35.76668310165405,7.297787202328828,8.290332404477276,0.34607709931209685,0.6500571871176362,0.992545202148448
35.78617715835571,7.286148240993647,8.220339406567955,0.2873677535541356,0.6665461601689457,0.9341911655743083
35.806135416030884,7.27366257830704,8.15027425879667,0.3296105972118676,0.6541231282055378,0.8766116804896305
35.82622194290161,7.260917871749536,8.080143968268878,0.3713458104617894,0.6583500977605581,0.8192260965193423
35.846192836761475,7.248329123777388,8.009955551907115,0.39137275690212847,0.6528623949736356,0.7616264281297269
35.86690402030945,7.236180476701084,7.939716035389674,0.33090728694573046,0.6661547318100929,0.7035355586885901
35.886430740356445,7.224657691395038,7.869432452089302,0.38295914033427836,0.7,0.644774760694264
35.90670657157898,7.213873299205882,7.799111842011892,0.3429352397657931,0.6647336602210998,0.5852385428060103
35.92647576332092,7.203886001932033,7.728761250735187,0.29361487353220583,0.6109319411218166,0.5248752488031538
35.94646978378296,7.194715565341778,7.658387728347478,0.2886884350888431,0.5777254074811935,0.46367216300569947
35.966360092163086,7.186753558161755,7.587998328386286,0.2945603554695845,0.6477254074811936,0.40124477022453053
35.98604154586792,7.179441372160928,7.517600106777069,0.3186691136658192,0.6675505474954844,0.3381587346161412
36.00596237182617,7.172773251116088,7.447200120771919,0.2780946822464466,0.6746836295165122,0.27442686965583096
36.02663326263428,7.166728222603788,7.37680542788824,0.29315827634185554,0.6704236659966409,0.21007720528445173
36.04668426513672,7.163591646135893,7.306423084847479,0.29830818470567466,0.6241577248834074,0.14283143871158632
36.06612038612366,7.162557887664579,7.236060146513785,0.36082808520644905,0.629071331564337,0.07350225884920647
36.086482524871826,7.165328298089802,7.165723664832732,0.3497078850492835,0.6198185076750815,0.0003953667429295038
36.10619044303894,7.1729843439755765,7.095420687769986,0.3444485523365438,0.6254443838074804,-0.0775636562055908
36.12620997428894,7.183832082339866,7.025158258250044,0.32731570383533837,0.6110150362178683,-0.15867382408982245
36.146061182022095,7.194294468746,6.9549434130948775,0.3434588805399835,0.6406427803263068,-0.2393510556511229
36.166102170944214,7.206529810227247,6.884783181962673,0.37642286425456406,0.641530685457401,-0.3217466282645738
36.18624401092529,7.217152846084368,6.814684586286509,0.3747349594347179,0.5974667485384271,-0.4024682597978595
36.20654487609863,7.226580993339175,6.744654638213042,0.3330079641751945,0.6414188522426412,-0.4819263551261326
36.22605109214783,7.234930716541563,6.674700339541232,0.3387453205510974,0.5929494652478025,-0.5602303770003312
36.24596190452576,7.242311331439422,6.60482868066101,0.3279799086600542,0.631520308884792,-0.6374826507784119
36.265960931777954,7.246507959273624,6.535046639491975,0.30657037660479547,0.5815721455542371,-0.7114613197816491
36.28667688369751,7.248382450339342,6.465361180422111,0.33675305113196374,0.6255395453004167,-0.7830212699172314
36.306134939193726,7.246278280564525,6.395779253246468,0.3352717924723402,0.6779523681430146,-0.8504990273180564
36.326064586639404,7.24146606602314,6.326307792105856,0.323981615700759,0.7,-0.9151582739172834
36.346328258514404,7.234899721999932,6.25695371442556,0.3746490990603343,0.7,-0.9779460075743724
36.366055965423584,7.227288049274897,6.187723919854001,0.4446490990603343,0.6889743495732545,-1.0395641294208957
36.38665843009949,7.220679400679785,6.118625289201473,0.46734416546765717,0.6412964899092912,-1.1020541114783118
36.40596032142639,7.213413119084808,6.04966468337879,0.4290101757878438,0.5724205065518617,-1.163748435706018
36.42684578895569,7.205881560560756,5.98084894233604,0.4833733743662015,0.6424205065518618,-1.2250326182247155
36.446951389312744,7.198364239299303,5.912184884001249,0.4716767209256068,0.6551913996040821,-1.2861793552980538
36.46610903739929,7.191054925164943,5.84367930321905,0.422669100263156,0.669247438646853,-1.3473756219458934
36.48669695854187,7.18176637682261,5.775338970689441,0.36161516109947117,0.7,-1.4064274061331687
36.506694316864014,7.1667151936794,5.7071706319064255,0.37229560284409674,0.7,-1.459544561772974
36.52672863006592,7.1457417214557575,5.639181006096749,0.37210599496844227,0.7,-1.5065607153590088
36.5470073223114,7.114258452545542,5.571376785158559,0.3990242739755195,0.7,-1.5428816673869825
36.566075563430786,7.06240693428875,5.503764632600127,0.4690242739755195,0.6979795692488551,-1.5586423016886224
36.58692002296448,6.995458221915583,5.436351182478544,0.4413470471638721,0.6444889342412352,-1.5591070394370385
36.606651306152344,6.937331640551404,5.369143038338391,0.4459329526301008,0.5828690191730856,-1.568188602213013
36.62669110298157,6.869320738256534,5.30214677215047,0.40401913778739984,0.5407997926697135,-1.567173966106064
36.646695375442505,6.793920452149264,5.235368923250473,0.39472216827678497,0.59862263482064,-1.558551528898791
36.666709899902344,6.7153748112229525,5.168815997277683,0.3592022964160424,0.6262197623029351,-1.5465588139452695
36.68675398826599,6.639030878515637,5.102494465113683,0.3273535156052094,0.5828124525025487,-1.5365364134019543
36.70666766166687,6.566228245474265,5.036410761821035,0.3285317673010286,0.5428224073722958,-1.52981748365323
36.726887464523315,6.497804035518881,4.970571285581999,0.29284119146293963,0.5157446822151541,-1.527232749936882
36.7466356754303,6.436540653399233,4.9049823966371875,0.34833029570407237,0.5763194819912314,-1.5315582567620458
36.766687870025635,6.386498328216171,4.839650416224318,0.4001660785300192,0.641560617648065,-1.5468479119918532
36.78690218925476,6.34788513777647,4.774581625516863,0.40402732585906054,0.6185479907318949,-1.5733035122596073
36.80674386024475,6.322860743303841,4.709782264562749,0.38928735331981446,0.6634698396548628,-1.613078478741092
36.826664686203,6.31025072385068,4.645258531223092,0.386658414559206,0.6490932570770382,-1.6649921926275875
36.846980571746826,6.29930238301236,4.581016580110852,0.3827075998426881,0.5790932570770382,-1.7182858029015078
36.86669659614563,6.292457496788686,4.517062521529539,0.4149889501871076,0.5631228798255323,-1.7753949752591476
36.886714458465576,6.290959534148464,4.453402420411914,0.41231941135018135,0.6123932526633142,-1.8375571137365503
36.906131744384766,6.293214918609351,4.390042295258711,0.4254722183698323,0.5895169937238096,-1.90317262335064
36.92694616317749,6.295701515992782,4.32698811707726,0.42500498009147125,0.5837932840175926,-1.968713398915522
36.94653868675232,6.298283175336353,4.264245808320261,0.4769581058365293,0.6375594861991702,-2.034037367016092
36.9666268825531,6.300862823498879,4.20182124182444,0.47693226170238634,0.6283475035987793,-2.099041581674439
36.98664975166321,6.301056740297009,4.1397202397492485,0.45571689736541887,0.6437941758148371,-2.16133650054776
37.00664234161377,6.297272116049422,4.077948572515579,0.4177325597077288,0.6015719441883265,-2.219323543533843
37.02628803253174,6.2885074703573425,4.016511957744415,0.41517901011255165,0.5621733484975993,-2.2719955126129276
37.04657983779907,6.2741984424758686,3.9554160591956027,0.44182133637812515,0.5750927372090517,-2.318782383280266
37.06667757034302,6.261774979142341,3.8946664857064537,0.4932288114025869,0.5790668508224188,-2.3671084934358877
37.08647418022156,6.238680095861958,3.834268790130519,0.46951696984913727,0.5938857501558958,-2.404411305731439
37.106462717056274,6.199516324038424,3.7742284682762524,0.48990065753903766,0.6638857501558959,-2.4252878557621713
37.12653660774231,6.145590877659034,3.7145509578456863,0.4931181148670294,0.7,-2.4310399198133474
37.14660048484802,6.078200764335212,3.65524163737318,0.48603056846630355,0.6735603705048561,-2.4229591269620316
37.16638207435608,5.99860172003169,3.5963058251640874,0.4861291642548895,0.6930618200451135,-2.4022958948676028
37.186328411102295,5.910304067531522,3.5377487782334125,0.5491680200459814,0.6604197572916746,-2.372555289298109
37.206387996673584,5.813658911135847,3.4795756912445697,0.5359798004167533,0.6370620306581258,-2.3340832198912773
37.2264347076416,5.709130118597667,3.4217916954480607,0.4880922031836963,0.6906710069626569,-2.287338423149606
37.246482610702515,5.599564003855105,3.364401857620157,0.4831113443026698,0.6592496771365404,-2.2351621462349476
37.2664577960968,5.484753970860264,3.3074111790016048,0.5041457005093253,0.5977137710899114,-2.177342791858659
37.28654980659485,5.385072968974801,3.2508245942362954,0.5153163494790352,0.5878242513164877,-2.1342483747385055
37.30647563934326,5.27583278605286,3.1946469703100338,0.4713244745755947,0.6162185518071055,-2.0811858157428267
37.32640600204468,5.1581993003508835,3.1388831054891426,0.4675674706479913,0.6098841845989227,-2.019316194861741
37.34637475013733,5.037836208855049,3.083537728259211,0.44498526563555063,0.6167645662091672,-1.9542984805958383
37.366339445114136,4.918749343095617,3.0286154962637752,0.43406394196361364,0.5678334481082856,-1.8901338468318416
37.38681697845459,4.803687440445536,2.9741209952430445,0.36406394196361364,0.5569593518041074,-1.8295664452024916
37.40671944618225,4.694453642602319,2.920058737972562,0.36666958159454227,0.6143748856149613,-1.774394904629757
37.426692485809326,4.59214677740951,2.866433163201874,0.33241434520728946,0.6377094930969178,-1.7257136142076357
37.446725368499756,4.499663858687736,2.8132486345933234,0.3681525712335861,0.6430533503182232,-1.6864152240944126
37.46661567687988,4.423390882630464,2.7605094396606322,0.4381525712335861,0.6740132917650044,-1.662881442969832
37.486443519592285,4.362703529702556,2.7082197887076784,0.4684654893601692,0.638909709919244,-1.6544837409948778
37.5064001083374,4.310013220468847,2.656383813767155,0.4694038972041017,0.644655496161431,-1.6536294067016923
37.526474714279175,4.271010330610074,2.6050055675392922,0.5243892043611413,0.6538285345770418,-1.6660047630707817
37.54640054702759,4.244858719420108,2.5540890223304853,0.572946199007929,0.6495350210927426,-1.6907696970896229
37.56627869606018,4.226006229679671,2.5036380689921067,0.5062704168042547,0.6576554945670068,-1.722368160687564
37.58672547340393,4.212720422181729,2.453656515859093,0.5153959614938504,0.6593520701164379,-1.7590639063226359
37.60646319389343,4.203651269246543,2.404148087688693,0.48052259513795437,0.6779699553037062,-1.7995031815578502
37.62651515007019,4.195433590507428,2.355116424599162,0.4294695144301659,0.6140787977958098,-1.8403171659082664
37.64623141288757,4.185707557043218,2.3065650810084257,0.4266080628397322,0.5896353148156777,-1.879142476034792
37.66619896888733,4.17287383040752,2.258497524572844,0.4966080628397322,0.6034010578179732,-1.9143763058346757
37.68624520301819,4.155903444345934,2.2109171351258308,0.4961981081465638,0.6247852336848154,-1.944986309220103
37.70631670951843,4.134190720259879,2.163827203616586,0.4710165892789519,0.6193018429214134,-1.9703635166432925
37.72631525993347,4.115339178856194,2.1172309310488036,0.46313621355839135,0.642373875179328,-1.9981082478073908
37.74649977684021,4.093388908000525,2.071131427419326,0.4825048658127344,0.641726908320561,-2.0222574805811986
37.76631569862366,4.0698648173815775,2.02553171065688,0.4235612961525476,0.5840023728553205,-2.0443331067246975
37.78657341003418,4.045867557271632,1.9804347055607927,0.45295499889798524,0.6540023728553206,-2.065432851710839
37.80671548843384,4.022174088136214,1.935843242739578,0.4755505404496944,0.6604291379731149,-2.0863308453966356
37.82636094093323,3.9993160651267963,1.8917600575497602,0.49566664612539174,0.6601992538885679,-2.107556007577036
37.84627914428711,3.9799570954946937,1.8481877890345348,0.4998049272286153,0.6692034239636269,-2.131769306460159
37.86623477935791,3.9635387034323064,1.8051289788623883,0.5306343158768869,0.5992034239636268,-2.158409724569918
37.88621640205383,3.9495954839664233,1.7625860702659004,0.5599699171321846,0.5747519576863851,-2.187009413700523
37.90623879432678,3.9377389430021554,1.720561406980364,0.553420906147585,0.6140976542548742,-2.2171775360217914
37.926255226135254,3.9276442459557592,1.6790572321825348,0.540829496650622,0.6166496001125779,-2.2485870137732245
37.94632697105408,3.9188797722502238,1.6380756874292892,0.4940103350269056,0.6408653896243777,-2.2808040848209346
37.96623468399048,3.911429796035956,1.597618811596318,0.5308971388327337,0.6684694591851439,-2.313810984439638
37.98637938499451,3.905089187379417,1.5576885398168834,0.5447268050225831,0.6949964113475289,-2.3474006475625337
38.00617980957031,3.899686229780076,1.5182867024204274,0.55409166888021,0.7,-2.3813995273596484
38.026240825653076,3.892760592539866,1.4794150238712973,0.5250799555393315,0.7,-2.4133455686685688
38.04625988006592,3.8849598562612777,1.4410751217074953,0.5334316773401953,0.6943648437038064,-2.4438847345537824
38.06631565093994,3.874440532812417,1.4032685054793088,0.5603378547417379,0.6817217094823718,-2.4711720273331084
38.08625864982605,3.857677471415094,1.3659965756880297,0.5618351313347376,0.7,-2.491680895727064
38.10625720024109,3.8254376801415204,1.3292606227246822,0.5459871242816008,0.7,-2.4961770574168383
38.12628626823425,3.7740323391905086,1.2930618258086302,0.5576800664017356,0.6429722018539905,-2.4809705133818785
38.146268129348755,3.706037068730779,1.2574012519263675,0.5302069594214118,0.6547171425074338,-2.4486358168044116
38.166499614715576,3.6470018389159486,1.2222798547701892,0.5732523945222057,0.6237176422029733,-2.4247219841457595
38.18637275695801,3.577054872345414,1.1876984736768321,0.5221957002828277,0.5537176422029733,-2.389356398668582
38.20632004737854,3.4967395757262567,1.1536578325662568,0.513361901702956,0.5975385486334561,-2.34308174316
38.22708821296692,3.402073948788573,1.1201585388802542,0.5122912056573115,0.612655582949519,-2.281915409908319
38.24638319015503,3.2976194177760627,1.0872010825212381,0.499756569584497,0.6299446813017129,-2.2104183352548246
38.26640963554382,3.1891185936785957,1.0547858347908559,0.4958877547938756,0.6261048299446701,-2.13433275888774
38.28647804260254,3.0806668213023176,1.0229130473287373,0.45943870985101976,0.6645423752442001,-2.0577537739735803
38.306586503982544,2.97510735423018,0.9915828510511577,0.4447078856934241,0.5945423752442001,-1.983524503179022
38.326515197753906,2.874338834345121,0.9607952550897512,0.43594727416675605,0.6049331756681202,-1.9135435792553697
38.346521854400635,2.781870104313101,0.9305501457302015,0.4473329329226545,0.6316448239982126,-1.8513199585828994
38.36639952659607,2.701586392060512,0.9008472853509542,0.4645508204881481,0.6161421755701302,-1.8007391067095577
38.38624143600464,2.6302152287661995,0.8716863113618789,0.4677305420224003,0.5639217676967381,-1.7585289174043206
38.40628743171692,2.5692318750250203,0.8430667351429992,0.4678741937274027,0.5736466119438408,-1.726165139882021
38.426292419433594,2.521703596434903,0.8149879409832117,0.48532355779352665,0.60010515473783,-1.7067156554516911
38.44658160209656,2.4870899004780886,0.7874491850188541,0.49362905339839935,0.6520574385672806,-1.6996407154592346
38.46655058860779,2.4623586610945205,0.7604495941725542,0.5311240369224834,0.6063722180575131,-1.7019090669219663
38.48683023452759,2.44514337178379,0.7339881650918265,0.5235125321665692,0.5888224015384911,-1.7111552066919633
38.50655674934387,2.43591856947365,0.7080637630878641,0.5615640070060182,0.5475051099807022,-1.727854806385786
38.526825189590454,2.430170573620758,0.68267512107413,0.5495394088098693,0.5432392642274497,-1.747495452546628
38.54643249511719,2.4269889872945005,0.6578208385050814,0.5176983654269862,0.5506323254108427,-1.769168148789419
38.566540241241455,2.4256738291575095,0.6334993803149374,0.5422804049918342,0.5733510529994963,-1.7921744488425722
38.586512088775635,2.4256897163583693,0.6097090758562835,0.5598554845670152,0.6019512186199425,-1.8159806405020857
38.606621980667114,2.4257035100317754,0.586448117838799,0.5650981303075242,0.6181744704395531,-1.8392553921929764
38.626511335372925,2.424325330825421,0.5637145612679539,0.5357917651304889,0.6506054507941006,-1.860610769557467
38.646626234054565,2.422016636271258,0.5415063223837606,0.6057917651304889,0.6754002118855713,-1.8805103138874975
38.66662335395813,2.41680612128691,0.5198211775993489,0.6632976223299194,0.6442980444431303,-1.8969849436875612
38.68664479255676,2.4004519888671862,0.4986567624397509,0.6841336031028915,0.6430315586645154,-1.9017952264274354
38.706610679626465,2.353625248494348,0.4780105704806381,0.6721576227391053,0.6665076433587818,-1.8756146780137097
38.7265260219574,2.270652508317933,0.45787995228688594,0.6488799078905869,0.6725597988720982,-1.8127725560310473
38.74634766578674,2.160127505820793,0.43826211435134965,0.6317290010446597,0.6854023897927253,-1.7218653914694433
38.766393184661865,2.028745419782088,0.4191541180335623,0.6689048613006163,0.6928286144416778,-1.6095913017485257
38.78638935089111,1.8793899284601712,0.40055287849842536,0.6644037965269673,0.7,-1.4788370499617458
38.806382179260254,1.7122213174277476,0.3824551636548783,0.6820156409921039,0.6402749389410018,-1.3297661537728693
38.82659292221069,1.5670812613120788,0.3648575930946656,0.6932263126181353,0.6290369236841797,-1.2022236682174132
38.84634327888489,1.4087551227147272,0.3477566370308658,0.6728432694034565,0.6078533137217164,-1.0609984856838615
38.866342544555664,1.2431265098211737,0.3311486152368399,0.6608692233966578,0.660350745357573,-0.9119778945843338
38.886473655700684,1.0767908657236467,0.315029695984709,0.6941024897204626,0.6575053590815514,-0.7617611697389377
38.90633010864258,0.9120315417361181,0.2993958949841353,0.6507317436443556,0.6857015355955809,-0.6126356467519828
38.926262855529785,0.7480766171514192,0.28424307432106666,0.6720829097138632,0.7,-0.4638335428303525
38.94629240036011,0.5890014272642344,0.2695669413963273,0.7,0.7,-0.3194344858679071
38.96633005142212,0.4375080153059231,0.2553630478643889,0.6534606002271175,0.6942727009765803,-0.1821449674415342
38.98628640174866,0.2952733506606011,0.24162678857205222,0.6625672167167067,0.6668727605603635,-0.0536465620885489
39.00635313987732,0.1632182101339879,0.22835340049705444,0.6598648475948721,0.6531336785294115,0.06513519036306653
39.02634596824646,0.04171386699445182,0.21553796168698725,0.6707265433389693,0.6731881306506693,0.17382409469253543
39.04643368721008,-0.06377930587248826,0.2031753901977229,0.6723035413771867,0.6523391858674585,0.26695469607021116
39.06643795967102,-0.1608517308093602,0.1912604430323519,0.6811421930789947,0.6875164614059031,0.3521121738417121
39.086424350738525,-0.2518332837085616,0.17978771507967117,0.6645065236836671,0.6389950656332075,0.4316209987882328
39.106454610824585,-0.3361864269588482,0.1687516380529921,0.6307115208357572,0.6436620217747986,0.5049380650118402
39.12644386291504,-0.41371248848984277,0.15814647942882232,0.6343653151299804,0.6501705314032733,0.5718589679186651
39.14632773399353,-0.48445340158385913,0.1479663413856347,0.5826747292187064,0.6427631865255534,0.6324197429694938
39.16648554801941,-0.5486171141441325,0.13820515974235192,0.5975843859370797,0.6786531026475131,0.6868222738864844
39.1864800453186,-0.6065214041349525,0.12885670289726292,0.5728751277085393,0.6956121868453919,0.7353781070322154
39.20662045478821,-0.6585519603266026,0.11991457076666023,0.5804737997706979,0.7,0.7784665310932628
39.22655177116394,-0.7028151281351329,0.11137219372341534,0.5600338806863874,0.7,0.8141873218585483
39.24646282196045,-0.7405166689346446,0.10322283153582568,0.5828410932328552,0.6785075653344392,0.8437395004704703
39.26642823219299,-0.7732501092228273,0.0954595723062539,0.631577713927254,0.6540483262389898,0.8687096815290812
39.28644800186157,-0.798770672453933,0.08807533140979373,0.645469751721248,0.7,0.8868460038637267
39.306485652923584,-0.8162923726567336,0.08106285043300865,0.6421430057846009,0.7,0.8973552230897422
39.32659602165222,-0.827796436630762,0.0744146961126404,0.644392398931086,0.6929523491300642,0.9022111327434024
39.34646034240723,-0.8325012318077234,0.06812325927425888,0.6780852468684315,0.6549899273552,0.9006244910819823
39.366539001464844,-0.8346757416812501,0.06218075377091736,0.6812396999914199,0.7,0.8968564954521675
39.38647222518921,-0.8350354559367306,0.056579215422004836,0.6452816147822886,0.657551933825016,0.8916146713587354
39.40647792816162,-0.8341251684496086,0.05131050095179113,0.6041079070884734,0.6708405379205942,0.8854356694013997
39.42652988433838,-0.8323567531424092,0.04636628692822242,0.5728197191376239,0.7,0.8787230400706316
39.4464373588562,-0.8300389054468023,0.041738068701477005,0.5689014974515885,0.7,0.8717769741482793
39.46650433540344,-0.8274005193991267,0.03741715934289758,0.5927929017227143,0.6786754250526428,0.8648176787420243
39.48648428916931,-0.8251098052713403,0.03339468858339245,0.6387465964537113,0.7,0.8585044938547327
39.50641345977783,-0.8226201715801769,0.0296616017523732,0.6417266263626515,0.7,0.8522817733325501
39.526469230651855,-0.8200579862855741,0.02620865871638145,0.6771175174973905,0.7,0.8462666450019556
39.54642915725708,-0.8175129341886486,0.023026432817726317,0.6366027391515672,0.6889139775186777,0.8405393670063749
39.56640148162842,-0.8173632051372252,0.020105309813175154,0.650383283663541,0.7,0.8374685149504003
39.58652997016907,-0.8188811666779297,0.017435486812775736,0.6899482135660946,0.6516552537679672,0.8363166534907054
39.60656690597534,-0.8215174677436994,0.015006971218433307,0.6528054785914719,0.6763670414686203,0.8365244389621327
39.62673258781433,-0.8248610661175484,0.012809579662693693,0.7,0.6063670414686202,0.8376706457802421
39.64650869369507,-0.8286078191763127,0.010832936947267058,0.6824929721653461,0.6630910272896289,0.8394407561235797
39.66636562347412,-0.8325358503086546,0.00906647498193891,0.6515538848936557,0.678619957640767,0.8416023252905935
39.68649363517761,-0.8359462672251511,0.007499431723170247,0.6834423102438449,0.7,0.8434456989483213
39.70649600028992,-0.8394472818381918,0.006120850112743881,0.6606801886111497,0.7,0.8455681319509357
39.72637677192688,-0.8452353030537858,0.004919577016586629,0.6010049197822809,0.7,0.8501548800703724
39.746440172195435,-0.8524592916030872,0.003884262163378338,0.593767783883959,0.7,0.8563435537664655
39.766358852386475,-0.8604902875025556,0.003003357083152025,0.5382997834123671,0.7,0.8634936445857077
39.78643345832825,-0.8688701588665595,0.0022651140462492947,0.6082997834123671,0.7,0.8711352729128088
39.806535720825195,-0.877271501679482,0.0016575850017233051,0.6307138567604125,0.6610497131943702,0.8789290866812053
39.826371908187866,-0.8854663416432639,0.0011686205163563557,0.66192538196221,0.7,0.8866349621596202
39.84643530845642,-0.8933017746337272,0.0007858687129580488,0.6780798965878785,0.7,0.8940876433466852
39.86637616157532,-0.9006810685719177,0.0004967742094486027,0.6611423836834729,0.6510087184607982,0.9011778427813663
39.8864529132843,-0.9075490567455888,0.00028857705731688554,0.6158542902953923,0.6655846981331706,0.9078376338029057
39.906437397003174,-0.9138808968454053,0.00014831168043016874,0.5861138319410384,0.6871526407077908,0.9140292085258355
39.92634987831116,-0.9193783620796206,6.280581354900505e-05,0.5849432493373752,0.6297503652051091,0.9194411678931697
39.94642472267151,-0.9244465036884153,1.8679441353697257e-05,0.5724766938760877,0.6485077345743775,0.924465183129769
39.966424226760864,-0.9290828751773679,2.3437367921985697e-06,0.5024766938760876,0.6311787774786353,0.9290852189141601
39.98634362220764,-0.9332971565149797,0.0,0.5724766938760877,0.661017039604485,0.9332971565149797
40.006420612335205,-0.9371071953589803,0.0,0.5608174144104123,0.7,0.9371071953589803
40.026429176330566,-0.9382196940268753,0.0,0.5710875610634685,0.7,0.9382196940268753
40.04638957977295,-0.9351128662245229,0.0,0.6060898969694972,0.6672140516340732,0.9351128662245229
40.06637525558472,-0.9268409088818765,0.0,0.6336268815025687,0.6901890326291322,0.9268409088818765
40.08640933036804,-0.9151993602250402,0.0,0.6211200863867998,0.6933034311980009,0.9151993602250402
40.10636591911316,-0.9015241711792427,0.0,0.614094567000866,0.6803981445729732,0.9015241711792427
40.126343727111816,-0.8867968634822602,0.0,0.6119304841663689,0.7,0.8867968634822602
40.146324157714844,-0.8740102389337189,0.0,0.5456714576389641,0.7,0.8740102389337189
40.16645550727844,-0.8606252375040361,0.0,0.5026565326657146,0.6988679364323616,0.8606252375040361
40.18644309043884,-0.8471773754965813,0.0,0.537200214555487,0.7,0.8471773754965813
40.20643424987793,-0.8340402687367763,0.0,0.5726485533919186,0.7,0.8340402687367763
40.22642540931702,-0.8214652335418812,0.0,0.5276505297329277,0.7,0.8214652335418812
40.24643659591675,-0.8096120159699631,0.0,0.5965447893645615,0.675704438984394,0.8096120159699631
40.2665536403656,-0.7985725490791559,0.0,0.6334027743246406,0.6300474375486373,0.7985725490791559
40.28645849227905,-0.788389241459301,0.0,0.6480630079563707,0.599492684751749,0.788389241459301
40.306546688079834,-0.7790689853001276,0.0,0.6205555333103985,0.6212258122861385,0.7790689853001276
40.32643461227417,-0.770593822152153,0.0,0.5672461038734764,0.6539253190159797,0.770593822152153
40.346455097198486,-0.7629290060913787,0.0,0.5784953676443547,0.6642613530158996,0.7629290060913787
40.36642003059387,-0.7562742170953674,0.0,0.6126815930288285,0.7,0.7562742170953674
40.38635587692261,-0.7502511889565889,0.0,0.6340612817835063,0.6752060063183307,0.7502511889565889
40.40648102760315,-0.7448257058092029,0.0,0.6329692940739915,0.6787379896733909,0.7448257058092029
40.426374197006226,-0.7399582537478093,0.0,0.591781329694204,0.6348468875978142,0.7399582537478093
40.446253538131714,-0.7379230284213752,0.0,0.6179481952963397,0.6446159948129206,0.7379230284213752
40.46630811691284,-0.7379086504913713,0.0,0.6519500523386523,0.6235023960936814,0.7379086504913713
40.4864239692688,-0.7392982925335971,0.0,0.6161074995575473,0.6193042621482163,0.7392982925335971
40.506372690200806,-0.7416265154964164,0.0,0.560440050768666,0.6533262581098824,0.7416265154964164
40.52640628814697,-0.7445452983251016,0.0,0.576132614496164,0.6717871316242963,0.7445452983251016
40.54645776748657,-0.7477973482650387,0.0,0.5705585166392848,0.6869901642668992,0.7477973482650387
40.566311836242676,-0.7511951715860765,0.0,0.587831268417649,0.6947221407201141,0.7511951715860765
40.58647179603577,-0.7541452485439505,0.0,0.5745470108045265,0.7,0.7541452485439505
40.606440782547,-0.7571660291053435,0.0,0.5045470108045265,0.7,0.7571660291053435
40.62638545036316,-0.7601563066549551,0.0,0.5172387367812916,0.6635512828826904,0.7601563066549551
40.64641857147217,-0.7630465889625556,0.0,0.5712007886497303,0.5964067474007606,0.7630465889625556
40.66642451286316,-0.7657912434493187,0.0,0.5448019473580643,0.553358443826437,0.7657912434493187
40.68645882606506,-0.7683624126249975,0.0,0.5120074233738705,0.5541022461722604,0.7683624126249975
40.70645999908447,-0.7684289713249631,0.0,0.5128067246871069,0.5862627704511396,0.7684289713249631
40.72629952430725,-0.7644377743847007,0.0,0.5649773924844339,0.5846477995975874,0.7644377743847007
40.746416091918945,-0.7577333273787507,0.0,0.5160792767303064,0.6043393674655817,0.7577333273787507
40.76635551452637,-0.7470046568935136,0.0,0.4707790873246267,0.5565982076688669,0.7470046568935136
40.78643298149109,-0.7314472444405004,0.0,0.452406348590739,0.5899317029281519,0.7314472444405004
40.80640268325806,-0.7179399017491922,0.0,0.46371115737129,0.5301414604648016,0.7179399017491922
40.82641315460205,-0.701218476508351,0.0,0.4895504507469013,0.5433086145087145,0.701218476508351
40.8464560508728,-0.682705303830063,0.0,0.5595504507469014,0.5104469496174715,0.682705303830063
40.86643981933594,-0.6588028349859723,0.0,0.5698068594606593,0.54995177941164,0.6588028349859723
40.88644504547119,-0.6294706654635208,0.0,0.5007028957875446,0.5418373623280786,0.6294706654635208
40.906431436538696,-0.5948238302637191,0.0,0.5629099315078929,0.6118373623280786,0.5948238302637191
40.92641496658325,-0.5573986459798953,0.0,0.4929099315078929,0.6023331316350959,0.5573986459798953
40.94656562805176,-0.5190300115642321,0.0,0.45866062205750496,0.587816001304891,0.5190300115642321
40.96636772155762,-0.48101727643870373,0.0,0.4956175134750083,0.6239936551242136,0.48101727643870373
40.98646402359009,-0.44425356358902973,0.0,0.5632068784208968,0.6356620205729269,0.44425356358902973
41.00647282600403,-0.4093263009088004,0.0,0.5922044412465766,0.6044189198105596,0.4093263009088004
41.02640342712402,-0.3790015597144626,0.0,0.5806077643530443,0.642774665185716,0.3790015597144626
41.046287059783936,-0.35026639033254525,0.0,0.6351416259305551,0.6600681612431072,0.35026639033254525
41.06648516654968,-0.3257089668359406,0.0,0.6680103129940107,0.6341726849018596,0.3257089668359406
41.086392879486084,-0.304700532138984,0.0,0.7,0.686129271441605,0.304700532138984
41.10626530647278,-0.2890271787393074,0.0,0.7,0.6984563157125376,0.2890271787393074
41.126107931137085,-0.27978888602217356,0.0,0.7,0.7,0.27978888602217356
41.14611077308655,-0.27758008279584534,0.0,0.6982971625868231,0.6484814032912254,0.27758008279584534
41.16610622406006,-0.28262838622588027,0.0,0.6667338023427873,0.6898035079240799,0.28262838622588027
41.1861367225647,-0.2949006344649465,0.0,0.6645641951356083,0.7,0.2949006344649465
41.206263065338135,-0.31418340764507935,0.0,0.6726007899735122,0.7,0.31418340764507935
41.22612500190735,-0.33092520363264877,0.0,0.6086190855596214,0.7,0.33092520363264877
41.24617004394531,-0.3546793615784419,0.0,0.6204578374046832,0.7,0.3546793615784419
41.26607060432434,-0.3873108267325737,0.0,0.584462208719924,0.6424633495509624,0.3873108267325737
41.28624749183655,-0.42524829690277294,0.0,0.6188820023555308,0.6534964691847562,0.42524829690277294
41.306151151657104,-0.468187724380317,0.0,0.6614958625752478,0.6739919994026422,0.468187724380317
41.32611393928528,-0.513469749440899,0.0,0.6642022983171045,0.6432593770325183,0.513469749440899
41.346153259277344,-0.559185493966644,0.0,0.6811418582685291,0.6569572890177369,0.559185493966644
41.366082191467285,-0.6039976579527979,0.0,0.6590447400696575,0.6823173424229025,0.6039976579527979
41.38615345954895,-0.6470011927628689,0.0,0.6787785676307976,0.7,0.6470011927628689
41.40618014335632,-0.6876151355600859,0.0,0.6787968372766044,0.7,0.6876151355600859
41.42617177963257,-0.7254989383740157,0.0,0.6762477093681809,0.7,0.7254989383740157
41.44613480567932,-0.7583906231964865,0.0,0.7,0.7,0.7583906231964865
41.466140270233154,-0.7890454163272959,0.0,0.6819955360144376,0.7,0.7890454163272959
41.486058950424194,-0.817338604460178,0.0,0.665365033596754,0.6544813781976699,0.817338604460178
41.50614285469055,-0.8432458040226855,0.0,0.6577963431365788,0.66760971006006,0.8432458040226855
41.52609968185425,-0.8668129611379839,0.0,0.5877963431365787,0.6617774058133363,0.8668129611379839
41.54611897468567,-0.8881336606539119,0.0,0.6411698363907634,0.6469329323619604,0.8881336606539119
41.56606674194336,-0.907332109925214,0.0,0.7,0.6412828497588634,0.907332109925214
41.586143255233765,-0.924550512628857,0.0,0.682207840308547,0.6259611060842871,0.924550512628857
41.606101751327515,-0.9399398245721465,0.0,0.6701644172891974,0.5685342473909258,0.9399398245721465
41.62616539001465,-0.9536531021965344,0.0,0.6667097439523786,0.5746724156662821,0.9536531021965344
41.64612340927124,-0.9658408272165775,0.0,0.6563882162328809,0.6446724156662822,0.9658408272165775
41.66608238220215,-0.9766477270623316,0.0,0.6927743745502084,0.6694966233149171,0.9766477270623316
41.68614053726196,-0.9860305534216709,0.0,0.6697150026913732,0.7,0.9860305534216709
41.70630764961243,-1.0059388678953305,0.0,0.7,0.66573531255126,1.0059388678953305
41.72619938850403,-1.053480431621016,0.0,0.68243666626513,0.6214821122586727,1.053480431621016
41.74613547325134,-1.1259116007468872,0.0,0.6978322414681315,0.6757497236132621,1.1259116007468872
41.76623892784119,-1.216038034886065,0.0,0.7,0.6919677656143903,1.216038034886065
41.786213874816895,-1.3160799811216597,0.0,0.6410977810621261,0.6921189410815713,1.3160799811216597
41.80620265007019,-1.4203724530986435,0.0,0.7,0.6730407590250251,1.4203724530986435
41.8261981010437,-1.524868640032765,0.0,0.7,0.6676746711338637,1.524868640032765
41.846211433410645,-1.6267523374836736,0.0,0.6781988002359867,0.6486364074255107,1.6267523374836736
41.86620855331421,-1.7241363168571613,0.0,0.6559672065079212,0.6169731982256053,1.7241363168571613
41.88619804382324,-1.8158283357061165,0.0,0.7,0.5697430066968081,1.8158283357061165
41.90618896484375,-1.8954376874791903,0.0,0.7,0.5991621289605973,1.8954376874791903
41.92621922492981,-1.9725855165966637,0.0,0.6976460787001997,0.5922410569357452,1.9725855165966637
41.94623064994812,-2.0459903974219236,0.0,0.7,0.6085003658401547,2.0459903974219236
41.96620488166809,-2.1148609217963044,0.0,0.6299999999999999,0.6785003658401547,2.1148609217963044
41.98619627952576,-2.1787668955871573,0.0,0.7,0.7,2.1787668955871573
42.00629448890686,-2.2375403545741896,0.0,0.6780511986464262,0.7,2.2375403545741896
42.02620553970337,-2.288883552896099,0.0,0.6752571540884673,0.7,2.288883552896099
42.04612374305725,-2.336029041154801,0.0,0.6740895191207528,0.7,2.336029041154801
42.066253662109375,-2.379016367839695,0.0,0.6353093402460217,0.7,2.379016367839695
42.08620882034302,-2.417982590463861,0.0,0.6952975930646061,0.6569275081157684,2.417982590463861
42.10620665550232,-2.453128882263286,0.0,0.7,0.6790402390062809,2.453128882263286
42.12620806694031,-2.483643790130988,0.0,0.6573387429118156,0.6611192438751459,2.483643790130988
42.146199226379395,-2.511189470194096,0.0,0.6793631248176097,0.7,2.511189470194096
42.16621685028076,-2.535946819275314,0.0,0.7,0.7,2.535946819275314
42.18633198738098,-2.5581149709334206,0.0,0.7,0.6942205385304987,2.5581149709334206
42.206249952316284,-2.580216825547459,0.0,0.6993501205462962,0.6655459714122116,2.580216825547459
42.22622275352478,-2.6016901395022565,0.0,0.6718629841227084,0.651023066882044,2.6016901395022565
42.24623441696167,-2.622160954510947,0.0,0.6833906565327197,0.6776985705830156,2.622160954510947
42.26620435714722,-2.6413959472209356,0.0,0.6771581639070063,0.6627617304213345,2.6413959472209356
42.28621244430542,-2.6592656257642058,0.0,0.6766958878899458,0.6958418463356792,2.6592656257642058
42.306211948394775,-2.67571603033385,0.0,0.695678322535241,0.6897540444508194,2.67571603033385
42.32635045051575,-2.690747086319044,0.0,0.6352234771067742,0.7,2.690747086319044
42.34623050689697,-2.7037974328864727,0.0,0.644092894118512,0.6773311614990234,2.7037974328864727
42.36619734764099,-2.7157267927587285,0.0,0.6272045755351427,0.7,2.7157267927587285
42.38620066642761,-2.7265631402038366,0.0,0.6230816705676261,0.7,2.7265631402038366
42.406085729599,-2.7363547118271647,0.0,0.5927067636104766,0.7,2.7363547118271647
42.42637515068054,-2.7451625467863496,0.0,0.6254988959582988,0.6667338281869888,2.7451625467863496
42.44661903381348,-2.7553713160448696,0.0,0.6954988959582988,0.6935747738927602,2.7553713160448696
42.46618914604187,-2.7639677477310167,0.0,0.7,0.7,2.7639677477310167
42.48625564575195,-2.7689013751730114,0.0,0.6848491493612527,0.691650984622538,2.7689013751730114
42.50629997253418,-2.7711608652594477,0.0,0.7,0.6550025882199406,2.7711608652594477
42.527010679244995,-2.7715034032638584,0.0,0.6819326996803283,0.665967402793467,2.7715034032638584
42.54707455635071,-2.770505436323774,0.0,0.7,0.7,2.770505436323774
42.566948890686035,-2.769638975947087,0.0,0.7,0.7,2.769638975947087
42.58681321144104,-2.7678503991815244,0.0,0.6999190830421866,0.7,2.7678503991815244
42.606324434280396,-2.7654684761733384,0.0,0.6901654441637219,0.7,2.7654684761733384
42.62636756896973,-2.762737201807616,0.0,0.6267931301874341,0.7,2.762737201807616
42.646796226501465,-2.759835257273243,0.0,0.6370193165523232,0.6980182982981205,2.759835257273243
42.66683292388916,-2.756891249020493,0.0,0.6062879030389012,0.6711531139910221,2.756891249020493
42.686923027038574,-2.7539956131570795,0.0,0.6064864383690292,0.6515327457338571,2.7539956131570795
42.70704483985901,-2.753526238068105,0.0,0.6082722045859554,0.68744454421103,2.753526238068105
42.726869344711304,-2.7524381184653746,0.0,0.5580582902213791,0.6589073564857244,2.7524381184653746
42.74686121940613,-2.7532652563960136,0.0,0.535615487434552,0.6738419391214847,2.7532652563960136
42.76683759689331,-2.7539833986652287,0.0,0.5565587081393459,0.7,2.7539833986652287
42.7868378162384,-2.753708056954841,0.0,0.5935239516576984,0.7,2.753708056954841
42.80645442008972,-2.7527499173212244,0.0,0.6443881675979355,0.6897773060947656,2.7527499173212244
42.8269898891449,-2.7490264232000152,0.0,0.6033954009792069,0.7,2.7490264232000152
42.84636402130127,-2.7411639521914357,0.0,0.5714155830821255,0.7,2.7411639521914357
42.86630320549011,-2.7306338434455886,0.0,0.6414155830821255,0.679083739221096,2.7306338434455886
42.886332273483276,-2.718528365643776,0.0,0.6006411520024995,0.7,2.718528365643776
42.906330585479736,-2.705647705914938,0.0,0.6421596539398888,0.6299999999999999,2.705647705914938
42.926085233688354,-2.6925680884124765,0.0,0.6842592825373868,0.641228386312723,2.6925680884124765
42.946330070495605,-2.679694990664728,0.0,0.6402585749706486,0.6561094793677329,2.679694990664728
42.9662344455719,-2.667304606619444,0.0,0.7,0.5935428488254546,2.667304606619444
42.986677408218384,-2.655576053317885,0.0,0.6705767445266246,0.6047827555984258,2.655576053317885
43.006479263305664,-2.6453930238972863,0.0,0.6618197390809655,0.6747827555984258,2.6453930238972863
43.026394844055176,-2.635775133343702,0.0,0.6827385554090142,0.6707547747530043,2.635775133343702
43.046271562576294,-2.6268032556682472,0.0,0.7,0.7,2.6268032556682472
43.06628489494324,-2.6185165387751614,0.0,0.6912960678339004,0.6592228047549724,2.6185165387751614
43.086530923843384,-2.6109241166927823,0.0,0.6762388775125145,0.6496351368725299,2.6109241166927823
43.106454610824585,-2.6040140356724213,0.0,0.6062388775125145,0.7,2.6040140356724213
43.12631177902222,-2.6000763579321955,0.0,0.6331421901658176,0.6676908664405345,2.6000763579321955
43.146292209625244,-2.598307030403963,0.0,0.6405515494942664,0.7,2.598307030403963
43.166290521621704,-2.5980904269264893,0.0,0.5932309637963771,0.6952721167355775,2.5980904269264893
43.18635058403015,-2.6012743718258458,0.0,0.5850668168812989,0.6384093042463064,2.6012743718258458
43.2062828540802,-2.6044200104482025,0.0,0.6104989211261271,0.6166097026318311,2.6044200104482025
43.2264769077301,-2.6071511342121005,0.0,0.5404989211261271,0.5846069108694791,2.6071511342121005
43.24661588668823,-2.6121437187735848,0.0,0.5098382564634083,0.6465556275099515,2.6121437187735848
43.26636266708374,-2.6185754907012146,0.0,0.5456017027050255,0.7,2.6185754907012146
43.28658890724182,-2.625837385335409,0.0,0.5728624960780142,0.7,2.625837385335409
43.306519508361816,-2.6334844804903432,0.0,0.5938119901716707,0.7,2.6334844804903432
43.3265540599823,-2.636564893837997,0.0,0.6139600402116774,0.7,2.636564893837997
43.346616983413696,-2.6363921954287397,0.0,0.6644244095683096,0.7,2.6363921954287397
43.36625909805298,-2.629331804552808,0.0,0.6321807479858397,0.6299999999999999,2.629331804552808
43.38630175590515,-2.6199897812518893,0.0,0.6909192478656767,0.5815646249055861,2.6199897812518893
43.406362533569336,-2.6093091887631745,0.0,0.6647403682023285,0.5888034208863973,2.6093091887631745
43.42627310752869,-2.5979803381994553,0.0,0.6662311003915964,0.6534833490103482,2.5979803381994553
43.446319580078125,-2.5881443409007443,0.0,0.6324886576645075,0.6395737511292099,2.5881443409007443
43.466357707977295,-2.577959926939834,0.0,0.5803556078486143,0.6802533735707401,2.577959926939834
43.48633551597595,-2.5678019187335495,0.0,0.5811059277062303,0.691932710930705,2.5678019187335495
43.50645685195923,-2.5579299646745985,0.0,0.6511059277062303,0.6495150095969437,2.5579299646745985
43.52630352973938,-2.5485168725272707,0.0,0.6495010847528464,0.6370988247171043,2.5485168725272707
43.54655742645264,-2.5419869260091486,0.0,0.6479545391001738,0.7,2.5419869260091486
43.56655526161194,-2.537631652054138,0.0,0.5855633287527597,0.6740803241729736,2.537631652054138
43.5862922668457,-2.5349016458745535,0.0,0.5820505001419223,0.6889038186520338,2.5349016458745535
43.60628318786621,-2.533372467899935,0.0,0.5621752214455045,0.7,2.533372467899935
43.626373052597046,-2.5350340110974514,0.0,0.5221421156846917,0.6755496177822351,2.5350340110974514
43.64633226394653,-2.538867976968225,0.0,0.5570564639591611,0.7,2.538867976968225
43.666446685791016,-2.5421967240230283,0.0,0.5275573280476964,0.7,2.5421967240230283
43.68639802932739,-2.5469999245193393,0.0,0.52793397084577,0.6802227262407541,2.5469999245193393
43.70646858215332,-2.552700663674875,0.0,0.5685920126806012,0.6118416775017976,2.552700663674875
43.726407527923584,-2.556558225154821,0.0,0.5924857843737117,0.6237780598923564,2.556558225154821
43.74630045890808,-2.556717537794438,0.0,0.5703493941645137,0.6885246558114886,2.556717537794438
43.76634860038757,-2.5543039205152027,0.0,0.6363117236713878,0.6688956206664443,2.5543039205152027
43.786293029785156,-2.5501668071064794,0.0,0.6214980667526833,0.6843567125499248,2.5501668071064794
43.80638933181763,-2.5449416202080513,0.0,0.6179702045000157,0.6741552574560046,2.5449416202080513
43.82654666900635,-2.539098388008317,0.0,0.6549376533902249,0.6983826922252774,2.539098388008317
43.84660816192627,-2.532979871404375,0.0,0.7,0.6870682442560792,2.532979871404375
43.86628794670105,-2.526831400497022,0.0,0.7,0.7,2.526831400497022
43.886422872543335,-2.5214931410773413,0.0,0.6913146831095218,0.7,2.5214931410773413
43.90621018409729,-2.5161893530940076,0.0,0.7,0.7,2.5161893530940076
43.926220417022705,-2.513365637148552,0.0,0.7,0.7,2.513365637148552
43.94607996940613,-2.512338949426865,0.0,0.7,0.7,2.512338949426865
43.96630644798279,-2.5149038486625104,0.0,0.6639790765941143,0.7,2.5149038486625104
43.98618483543396,-2.5198957962464417,0.0,0.6039809331297874,0.7,2.5198957962464417
44.006410121917725,-2.5287583099394872,0.0,0.5552843891084194,0.6299999999999999,2.5287583099394872
44.02618360519409,-2.540075672478671,0.0,0.5285804819315671,0.6059624395519494,2.540075672478671
44.04609441757202,-2.5527998570853065,0.0,0.45858048193156714,0.6753868824988603,2.5527998570853065
44.06624221801758,-2.5661658482279512,0.0,0.4190156935900449,0.6053868824988602,2.5661658482279512
44.08617830276489,-2.579625366350597,0.0,0.39583478599786753,0.6172705566883085,2.579625366350597
44.10620450973511,-2.5913112636224946,0.0,0.46583478599786754,0.6287607806175946,2.5913112636224946
44.12623333930969,-2.602941116679196,0.0,0.5207442089915275,0.6576557862013577,2.602941116679196
44.14612126350403,-2.609592842811051,0.0,0.5423374034464359,0.6797050828486679,2.609592842811051
44.16618728637695,-2.610295205808226,0.0,0.5680365979671478,0.6828732308372853,2.610295205808226
44.18637657165527,-2.599897702676375,0.0,0.5221287094056606,0.7,2.599897702676375
44.20628094673157,-2.577431778733586,0.0,0.5744929060339927,0.7,2.577431778733586
44.22619295120239,-2.5471754529738955,0.0,0.5172027952969074,0.7,2.5471754529738955
44.24624443054199,-2.5146218169445818,0.0,0.549763635545969,0.6702122379094362,2.5146218169445818
44.26632046699524,-2.4813304617908787,0.0,0.6132236428558826,0.7,2.4813304617908787
44.286293268203735,-2.4484040915023684,0.0,0.6241522261872887,0.7,2.4484040915023684
44.30623388290405,-2.419816576167729,0.0,0.6624688634648919,0.7,2.419816576167729
44.32628011703491,-2.3917785928599447,0.0,0.671123319119215,0.7,2.3917785928599447
44.346519470214844,-2.3648612418121595,0.0,0.680075323022902,0.6971464860718697,2.3648612418121595
44.366270780563354,-2.341748012007014,0.0,0.6333826759830117,0.7,2.341748012007014
44.38626837730408,-2.3242025451512824,0.0,0.6655758151784539,0.6880890036001801,2.3242025451512824
44.40617537498474,-2.313303094450153,0.0,0.6189813965931534,0.6624203601852059,2.313303094450153
44.426146507263184,-2.3073070903392865,0.0,0.5825491936877369,0.6300854438915848,2.3073070903392865
44.44617509841919,-2.307191296380372,0.0,0.5192071737721562,0.5936075093224644,2.307191296380372
44.46617269515991,-2.3134791811093525,0.0,0.49245248716324563,0.5905236506834626,2.3134791811093525
44.48621606826782,-2.324049219168752,0.0,0.5024928849190473,0.5385375710204243,2.324049219168752
44.50625514984131,-2.337314984878111,0.0,0.48792966995388265,0.5386243435015785,2.337314984878111
44.52643632888794,-2.348832661358059,0.0,0.4371637756004929,0.5727299424281227,2.348832661358059
44.546528816223145,-2.362103473178436,0.0,0.3991667309775948,0.5435503693690407,2.362103473178436
44.566447496414185,-2.373925879568839,0.0,0.3961742923595011,0.526684300081979,2.373925879568839
44.58634376525879,-2.379797977467472,0.0,0.3883916701190173,0.47132115535641783,2.379797977467472
44.60640501976013,-2.3790660009647797,0.0,0.4557735065929591,0.494571470694791,2.3790660009647797
44.62648391723633,-2.3668172105683736,0.0,0.49340479476377364,0.4748422643562662,2.3668172105683736
44.646421909332275,-2.3422591860846143,0.0,0.45661778403446074,0.45684145488048666,2.3422591860846143
44.66639947891235,-2.305165936515257,0.0,0.5119902270846068,0.5268414548804867,2.305165936515257
44.68629217147827,-2.2580272055462163,0.0,0.44199022708460683,0.5760176784565556,2.2580272055462163
44.70641732215881,-2.205153416084109,0.0,0.5119902270846068,0.5527273050716031,2.205153416084109
44.72625780105591,-2.149689650360491,0.0,0.5357059801928699,0.4980815730264294,2.149689650360491
44.74634552001953,-2.0938886794775295,0.0,0.5026677477173507,0.5071842826178181,2.0938886794775295
44.76631999015808,-2.0454408518905005,0.0,0.5176842634566128,0.5516050725450623,2.0454408518905005
44.78631806373596,-1.9995768283921953,0.0,0.5318769126199185,0.6216050725450624,1.9995768283921953
44.8064239025116,-1.9567162061024646,0.0,0.5147115404717624,0.5603679124286283,1.9567162061024646
44.82629895210266,-1.9170712746473673,0.0,0.5046210701577365,0.5390460737069953,1.9170712746473673
44.8466956615448,-1.8830210851394418,0.0,0.5397611225955188,0.4690460737069953,1.8830210851394418
44.866305351257324,-1.856070631081841,0.0,0.5102458803914487,0.5390460737069953,1.856070631081841
44.886317014694214,-1.834761790643906,0.0,0.4913827910088002,0.4690460737069953,1.834761790643906
44.9064884185791,-1.820249444901429,0.0,0.4471761754713952,0.44757298261130934,1.820249444901429
44.92622137069702,-1.8131566307472011,0.0,0.4212029541842639,0.4587588074823726,1.8131566307472011
44.94622468948364,-1.8114042083600934,0.0,0.44194106599315996,0.48903645456040984,1.8114042083600934
44.96662878990173,-1.8134073024619286,0.0,0.4780412747524678,0.5273131679018843,1.8134073024619286
44.98637914657593,-1.815146439902563,0.0,0.4826907015405595,0.5132314262186992,1.815146439902563
45.006160259246826,-1.8171597289144847,0.0,0.45003190105780955,0.5047060714309919,1.8171597289144847
45.026172399520874,-1.8169940301391283,0.0,0.5200319010578096,0.5310778000598657,1.8169940301391283
45.04620385169983,-1.8153192160741003,0.0,0.5432307477854192,0.5204309408759582,1.8153192160741003
45.06623291969299,-1.8103239915324343,0.0,0.5240941792540252,0.5904309408759583,1.8103239915324343
45.08629775047302,-1.8031541234829214,0.0,0.4879244565777481,0.5351377198492993,1.8031541234829214
45.106220960617065,-1.7946627517322697,0.0,0.5198878720216453,0.523869215885352,1.7946627517322697
45.12624716758728,-1.7877936266637828,0.0,0.5267212474532426,0.5170958260094631,1.7877936266637828
45.14622163772583,-1.7799159693624302,0.0,0.5358098875544965,0.5870958260094632,1.7799159693624302
45.16623091697693,-1.7738617682195699,0.0,0.5620013568364084,0.5286305761730183,1.7738617682195699
45.186240911483765,-1.769233661858096,0.0,0.5033155958913267,0.550269619638275,1.769233661858096
45.20614838600159,-1.7652154217538976,0.0,0.4651796910725534,0.5321176658218612,1.7652154217538976
45.226243019104004,-1.762229327618373,0.0,0.5074247065745294,0.5426064916720499,1.762229327618373
45.24617671966553,-1.7600388400620925,0.0,0.550476478394121,0.5115496535619606,1.7600388400620925
45.26625180244446,-1.760775043412712,0.0,0.5621473351307213,0.5135833882560839,1.760775043412712
45.28619027137756,-1.7635246664161124,0.0,0.5632126560481265,0.4650809653868784,1.7635246664161124
45.30624341964722,-1.7676003052754559,0.0,0.5052376842172817,0.4958640319129337,1.7676003052754559
45.32618808746338,-1.7724895557624056,0.0,0.5033265935303644,0.48473363656754387,1.7724895557624056
45.34629464149475,-1.777815069282281,0.0,0.5104145487817005,0.48649914162902874,1.777815069282281
45.36623930931091,-1.7833032492219438,0.0,0.5388114420743659,0.4619001221910004,1.7833032492219438
45.38621783256531,-1.7887597736733594,0.0,0.5697724582673982,0.4849400387212519,1.7887597736733594
45.40612745285034,-1.794050504720093,0.0,0.5267691636504606,0.5229652875169997,1.794050504720093
45.4261589050293,-1.7986440524936453,0.0,0.5129971621604636,0.5514487882211689,1.7986440524936453
45.44622278213501,-1.8007585296303945,0.0,0.5829971621604637,0.48144878822116893,1.8007585296303945
45.46624541282654,-1.805728062178724,0.0,0.5757849163236097,0.5347579010084156,1.805728062178724
45.48623776435852,-1.8194987330782764,0.0,0.5995987339736895,0.5491648689165596,1.8194987330782764
45.506171226501465,-1.8390195778255123,0.0,0.5526528566004709,0.552723141645256,1.8390195778255123
45.5261652469635,-1.8620199109781532,0.0,0.5242853688867763,0.48367226335889435,1.8620199109781532
45.54619574546814,-1.8891472054136298,0.0,0.4684720265539364,0.4869689792647842,1.8891472054136298
45.56624674797058,-1.9184260694079966,0.0,0.470963056231849,0.48340813724993503,1.9184260694079966
45.586223125457764,-1.9484277301510178,0.0,0.48099651935976007,0.42650421245693004,1.9484277301510178
45.606240034103394,-1.9804570888696116,0.0,0.5076951571134851,0.4673485001802329,1.9804570888696116
45.62629532814026,-2.0130507165636393,0.0,0.44919990378897645,0.413991081553686,2.0130507165636393
45.64628601074219,-2.041349336282426,0.0,0.49556594717782,0.4171305150046829,2.041349336282426
45.66628575325012,-2.0674305089011384,0.0,0.45869623127859094,0.40641861225216425,2.0674305089011384
45.686288833618164,-2.0912841196372947,0.0,0.528696231278591,0.47641861225216425,2.0912841196372947
45.70627427101135,-2.1106455020335773,0.0,0.49644214633386596,0.5464186122521643,2.1106455020335773
45.72629952430725,-2.1217437072161225,0.0,0.4946238337690012,0.47641861225216425,2.1217437072161225
45.74629354476929,-2.1268099792394626,0.0,0.49903292112518116,0.520802238683391,2.1268099792394626
45.76623558998108,-2.1321857636730837,0.0,0.4798499000864105,0.46061456734983963,2.1321857636730837
45.78627586364746,-2.1376348511405596,0.0,0.5498499000864105,0.5306145673498397,2.1376348511405596
45.80619716644287,-2.140674895255005,0.0,0.5965858238236981,0.5365025749310737,2.140674895255005
45.826207876205444,-2.1442778930580335,0.0,0.604449472059496,0.5525184323891883,2.1442778930580335
45.846150398254395,-2.1481769508490087,0.0,0.6565586241381245,0.6153303956493621,2.1481769508490087
45.866151094436646,-2.151562212370806,0.0,0.7,0.5806432938083892,2.151562212370806
45.8861620426178,-2.157434405425606,0.0,0.7,0.6506432938083893,2.157434405425606
45.90617060661316,-2.1648792114173863,0.0,0.693801194243133,0.6291008825108295,2.1648792114173863
45.926762342453,-2.1755364645844457,0.0,0.7,0.6378487479567414,2.1755364645844457
45.9461727142334,-2.1904604979848963,0.0,0.6553318209946155,0.6615406275421267,2.1904604979848963
45.96608805656433,-2.2102711801825623,0.0,0.6695182843133807,0.7,2.2102711801825623
45.986154317855835,-2.2375866207222077,0.0,0.7,0.6323247224092483,2.2375866207222077
46.006184816360474,-2.2693948239669597,0.0,0.673431322723627,0.6103830549865961,2.2693948239669597
46.02680206298828,-2.3081180065918936,0.0,0.662173594161868,0.6402511194348335,2.3081180065918936
46.04617691040039,-2.3529400012534967,0.0,0.7,0.6872399009764194,2.3529400012534967
46.06612420082092,-2.4031331805481915,0.0,0.6768576193600893,0.6760780837386846,2.4031331805481915
46.086185455322266,-2.446712180304568,0.0,0.6760524751618504,0.6574012048542499,2.446712180304568
46.10620141029358,-2.493570643853453,0.0,0.6565464733168482,0.6449569173157215,2.493570643853453
46.126874923706055,-2.541472008928541,0.0,0.7,0.6878244213759899,2.541472008928541
46.146780252456665,-2.588835317601507,0.0,0.6961317558772862,0.6842554247006774,2.588835317601507
46.166199684143066,-2.6345766478619486,0.0,0.7,0.6911760846152901,2.6345766478619486
46.186121702194214,-2.680302223852143,0.0,0.7,0.6702139468863606,2.680302223852143
46.206082344055176,-2.72481176453739,0.0,0.6817476030439138,0.6887781077995896,2.72481176453739
46.22606420516968,-2.7673036266877937,0.0,0.6654141049832105,0.6920019144192338,2.7673036266877937
46.24608898162842,-2.8072741803114796,0.0,0.6659286852111108,0.6615477146580815,2.8072741803114796
46.26612305641174,-2.8444400626930166,0.0,0.6397465738584287,0.6547355473041534,2.8444400626930166
46.28617310523987,-2.8786783724497114,0.0,0.6730726408888585,0.6918631948530674,2.8786783724497114
46.30620503425598,-2.9084049471260327,0.0,0.6366857859422452,0.7,2.9084049471260327
46.326141357421875,-2.935790271641913,0.0,0.6837533201207406,0.7,2.935790271641913
46.34616684913635,-2.9608276723082607,0.0,0.635430743091274,0.7,2.9608276723082607
46.36620306968689,-2.9835743929948784,0.0,0.6274400261347182,0.674755872040987,2.9835743929948784
46.38623046875,-3.004130564800677,0.0,0.6411697316099889,0.689380745217204,3.004130564800677
46.4061815738678,-3.0226234685099156,0.0,0.7,0.6727773517370224,3.0226234685099156
46.42619204521179,-3.0391958880752936,0.0,0.6765154831111431,0.6989235829561948,3.0391958880752936
46.4461727142334,-3.0539976125909307,0.0,0.681670765671879,0.7,3.0539976125909307
46.46620273590088,-3.067179349109389,0.0,0.6803809204604476,0.7,3.067179349109389
46.4861798286438,-3.0788884704108366,0.0,0.7,0.6977170922793448,3.0788884704108366
46.50619053840637,-3.0892661493611424,0.0,0.7,0.69784684588667,3.0892661493611424
46.5261971950531,-3.0982763151805237,0.0,0.6871950736269354,0.7,3.0982763151805237
46.54619288444519,-3.106268387896029,0.0,0.7,0.6849832626059651,3.106268387896029
46.56621479988098,-3.1133426828434656,0.0,0.6565574340522289,0.6451818140223622,3.1133426828434656
46.586318016052246,-3.1195930650269794,0.0,0.6048844762146472,0.7,3.1195930650269794
46.60617017745972,-3.1251064453744,0.0,0.5924267217516899,0.6923502909950912,3.1251064453744
46.62619948387146,-3.1299626141200023,0.0,0.6303146861493587,0.6684192142449319,3.1299626141200023
46.64625668525696,-3.1342343127405585,0.0,0.6626684561371803,0.7,3.1342343127405585
46.66683769226074,-3.13798746968997,0.0,0.6809644483029842,0.6412755370140075,3.13798746968997
46.68672060966492,-3.141281543692416,0.0,0.6972346574068069,0.7,3.141281543692416
46.70608735084534,-3.144169932696099,0.0,0.6300513938069343,0.6664476960897445,3.144169932696099
46.72619676589966,-3.1467004176556137,0.0,0.6007261358201503,0.670825154799968,3.1467004176556137
46.74672198295593,-3.148897449303813,0.0,0.5398501686751842,0.7,3.148897449303813
46.76618409156799,-3.1508231377796174,0.0,0.5667077217251062,0.694730029720813,3.1508231377796174
46.78673005104065,-3.152509605284237,0.0,0.5720557177439332,0.7,3.152509605284237
46.80677103996277,-3.1539854679131194,0.0,0.5943034866824746,0.7,3.1539854679131194
46.82601809501648,-3.15295980423097,0.0,0.6305109390988946,0.7,3.15295980423097
46.84626245498657,-3.1479073125138477,0.0,0.5713133940473198,0.6908898267894983,3.1479073125138477
46.86603283882141,-3.140191022751329,0.0,0.606133615411818,0.7,3.140191022751329
46.88604688644409,-3.1331442210914546,0.0,0.5696672925725579,0.7,3.1331442210914546
46.905977725982666,-3.1267481504715033,0.0,0.6396672925725579,0.6831738341599702,3.1267481504715033
46.9260790348053,-3.1186562845713013,0.0,0.6456695119664073,0.6741947343572974,3.1186562845713013
46.946160316467285,-3.111916160814937,0.0,0.6600066167116165,0.7,3.111916160814937
46.96616172790527,-3.106064213286129,0.0,0.6579501731134951,0.6299999999999999,3.106064213286129
46.986163854599,-3.0988954076008173,0.0,0.677908181194216,0.6378922128304838,3.0988954076008173
47.006181716918945,-3.0933172192138962,0.0,0.6278979284502566,0.6789973044022917,3.0933172192138962
47.02612090110779,-3.0866745069441963,0.0,0.5994738461263478,0.6636298067122697,3.0866745069441963
47.04606032371521,-3.081783813283892,0.0,0.5991498393809889,0.6618837810773401,3.081783813283892
47.06624984741211,-3.0782389311656737,0.0,0.6021684940310661,0.7,3.0782389311656737
47.086207151412964,-3.0757222483918967,0.0,0.5347163985820953,0.7,3.0757222483918967
47.10618495941162,-3.073986059662859,0.0,0.5550341933371965,0.6378712922334671,3.073986059662859
47.12621474266052,-3.0728377438886003,0.0,0.5710163778963033,0.6886210709810257,3.0728377438886003
47.14629006385803,-3.0721280169013303,0.0,0.5416357416065876,0.6992261789739131,3.0721280169013303
47.166130781173706,-3.071741629879461,0.0,0.564313939899439,0.6685946106910705,3.071741629879461
47.1861572265625,-3.071406158802144,0.0,0.5673378190363292,0.7,3.071406158802144
47.20647096633911,-3.0712987471027695,0.0,0.6157756751740817,0.695612668339163,3.0712987471027695
47.22637104988098,-3.0713525718069694,0.0,0.6857756751740818,0.7,3.0713525718069694
47.24638819694519,-3.071516969616524,0.0,0.7,0.7,3.071516969616524
47.26647210121155,-3.0717538366537815,0.0,0.6576266631484031,0.7,3.0717538366537815
47.28631258010864,-3.0720347967924124,0.0,0.6540458335541188,0.7,3.0720347967924124
47.306294679641724,-3.07233897846153,0.0,0.6473737180233001,0.6708191491663456,3.07233897846153
47.3264844417572,-3.0726512726755884,0.0,0.6180800430476665,0.7,3.0726512726755884
47.346373319625854,-3.0729609712237274,0.0,0.6848977513611316,0.6715768713504076,3.0729609712237274
47.36632752418518,-3.0732607048007954,0.0,0.6198461733758449,0.6996644388884306,3.0732607048007954
47.38640522956848,-3.073545617457443,0.0,0.6135174662806093,0.7,3.073545617457443
47.40640425682068,-3.0737929859001105,0.0,0.6343007975257933,0.696117727831006,3.0737929859001105
47.42636466026306,-3.074027498547631,0.0,0.6986665570177137,0.6609842617064714,3.074027498547631
47.44642400741577,-3.0742469012555844,0.0,0.7,0.7,3.0742469012555844
47.4664421081543,-3.0767663746443916,0.0,0.7,0.7,3.0767663746443916
47.4863498210907,-3.0808170316506795,0.0,0.681437349691987,0.7,3.0808170316506795
47.50612998008728,-3.0858244641896553,0.0,0.6114373496919869,0.7,3.0858244641896553
47.52624249458313,-3.0913644839321637,0.0,0.5941573037952184,0.7,3.0913644839321637
47.54627060890198,-3.0971284216891073,0.0,0.6641573037952184,0.7,3.0971284216891073
47.56622648239136,-3.1052123286326228,0.0,0.6754512524232268,0.6921202799305319,3.1052123286326228
47.58614635467529,-3.114694590251023,0.0,0.658793711848557,0.7,3.114694590251023
47.606261014938354,-3.122927331881753,0.0,0.6461369980126619,0.7,3.122927331881753
47.62612247467041,-3.132046094131904,0.0,0.6620087146759033,0.6443867281079292,3.132046094131904
47.646148681640625,-3.1415399449501216,0.0,0.6762504929676652,0.6951847195625305,3.1415399449501216
47.66621255874634,-3.1510441155156848,0.0,0.6944617701694369,0.6820101652294397,3.1510441155156848
47.68624234199524,-3.1603049725702355,0.0,0.6511641105636954,0.7,3.1603049725702355
47.70632457733154,-3.16915275991913,0.0,0.6856341173872351,0.6842761904001236,3.16915275991913
47.72624230384827,-3.177480454640759,0.0,0.7,0.6577213674783706,3.177480454640759
47.74618697166443,-3.1875437757788405,0.0,0.7,0.6859248362481594,3.1875437757788405
47.76617503166199,-3.1985474112914094,0.0,0.6772897418588399,0.6960973020642995,3.1985474112914094
47.7865777015686,-3.2099141711169348,0.0,0.6755573963047936,0.6285822715610265,3.2099141711169348
47.80664873123169,-3.221233580234501,0.0,0.6877449535997584,0.6985822715610266,3.221233580234501
47.82668447494507,-3.2310613802286112,0.0,0.6312400781782344,0.7,3.2310613802286112
47.84641480445862,-3.240754525523055,0.0,0.6530443680705502,0.7,3.240754525523055
47.866466999053955,-3.2500986804845704,0.0,0.6715224896790459,0.7,3.2500986804845704
47.88624858856201,-3.258954169381064,0.0,0.6948876873822882,0.7,3.258954169381064
47.90619468688965,-3.26723685492541,0.0,0.6896592275472357,0.7,3.26723685492541
47.92652463912964,-3.2749033931764475,0.0,0.6610069153131917,0.7,3.2749033931764475
47.94647550582886,-3.281939916777562,0.0,0.6250896667363122,0.6878429872915148,3.281939916777562
47.966248989105225,-3.2883533977034647,0.0,0.5707719502272084,0.7,3.2883533977034647
47.98625040054321,-3.2941650987748274,0.0,0.5593953625531867,0.7,3.2941650987748274
48.00623416900635,-3.299405648574799,0.0,0.624365155515261,0.7,3.299405648574799
48.02625846862793,-3.3041113737487557,0.0,0.5898168132873252,0.6895690316334366,3.3041113737487557
48.046247720718384,-3.3081970044876545,0.0,0.5334986643167212,0.6725747695192694,3.3081970044876545
48.06624412536621,-3.309552502154141,0.0,0.5354441546835005,0.6697799810674041,3.309552502154141
48.086286783218384,-3.306659630749822,0.0,0.5242449886165559,0.7,3.306659630749822
48.10627222061157,-3.3008921666693887,0.0,0.539706830214709,0.7,3.3008921666693887
48.12621259689331,-3.290963719605298,0.0,0.566645201575011,0.684901008196175,3.290963719605298
48.14607381820679,-3.278406798379677,0.0,0.6165995041839778,0.6561518402770161,3.278406798379677
48.166218280792236,-3.2620387786945835,0.0,0.6454305819235742,0.7,3.2620387786945835
48.186206340789795,-3.2434550220417293,0.0,0.6612980536185205,0.7,3.2434550220417293
48.20623779296875,-3.223822030796388,0.0,0.6808510704897344,0.7,3.223822030796388
48.22631525993347,-3.2039776871403163,0.0,0.7,0.7,3.2039776871403163
48.24636363983154,-3.184509537805725,0.0,0.7,0.7,3.184509537805725
48.2663094997406,-3.165815766690187,0.0,0.6472209550440311,0.7,3.165815766690187
48.286218881607056,-3.149585357333036,0.0,0.6756402615457773,0.6826564490795135,3.149585357333036
48.30618858337402,-3.1363772281770537,0.0,0.689032476209104,0.6621139392256736,3.1363772281770537
48.326329708099365,-3.125616414528219,0.0,0.6539298629388213,0.7,3.125616414528219
48.346213579177856,-3.116839058424833,0.0,0.6780691945925355,0.6868688378483057,3.116839058424833
48.366156578063965,-3.111987047478009,0.0,0.6760861832182854,0.7,3.111987047478009
48.38615846633911,-3.1123057267553533,0.0,0.664025500928983,0.7,3.1123057267553533
48.40669226646423,-3.1162074674874916,0.0,0.5953849484678357,0.7,3.1162074674874916
48.42672061920166,-3.122495102605129,0.0,0.6653849484678358,0.6923485852777957,3.122495102605129
48.446807861328125,-3.1325905713876248,0.0,0.6888570918049663,0.7,3.1325905713876248
48.466705560684204,-3.1450648218880786,0.0,0.6281748807337135,0.7,3.1450648218880786
48.48669385910034,-3.1588625700584574,0.0,0.5948036892618984,0.7,3.1588625700584574
48.50666546821594,-3.17084212729322,0.0,0.5941005912423134,0.7,3.17084212729322
48.5268440246582,-3.183616913059578,0.0,0.5473481197655201,0.6872377216815948,3.183616913059578
48.54660248756409,-3.1966073708757126,0.0,0.6156912823021412,0.6758429052308201,3.1966073708757126
48.56673812866211,-3.209405268140229,0.0,0.611216130182147,0.606969373114407,3.209405268140229
48.586751222610474,-3.2217321293922447,0.0,0.574055018350482,0.639999327994883,3.2217321293922447
48.60676860809326,-3.2310905970477037,0.0,0.5721227177232504,0.6459886201657354,3.2310905970477037
48.626755475997925,-3.238140635196596,0.0,0.5021227177232503,0.6763397262431681,3.238140635196596
48.64670133590698,-3.2410851323072465,0.0,0.5592040855437517,0.657600784022361,3.2410851323072465
48.666685819625854,-3.2387840509861467,0.0,0.5788254279643297,0.6823790197260677,3.2387840509861467
48.68661570549011,-3.2305837902382972,0.0,0.5788600514890276,0.7,3.2305837902382972
48.706756591796875,-3.216185843853878,0.0,0.5638534077690565,0.6581668004393577,3.216185843853878
48.72674012184143,-3.203685179205898,0.0,0.5189778157757245,0.6493547864258289,3.203685179205898
48.74664354324341,-3.1893255145731243,0.0,0.503580136715027,0.6212470408529043,3.1893255145731243
48.766722679138184,-3.1740530723766844,0.0,0.5042391097187646,0.6411341492086648,3.1740530723766844
48.78629779815674,-3.1585491363436744,0.0,0.5306856533527025,0.7,3.1585491363436744
48.80629277229309,-3.1432930138102555,0.0,0.5934766581296571,0.6702909477055072,3.1432930138102555
48.82652759552002,-3.1262947430870587,0.0,0.6227697705864557,0.693667772039771,3.1262947430870587
48.84625291824341,-3.1062180498686605,0.0,0.6346632199376472,0.6890451626852154,3.1062180498686605
48.86627721786499,-3.0845322637620813,0.0,0.6351382598761119,0.7,3.0845322637620813
48.88640213012695,-3.064616707906457,0.0,0.6471639039475121,0.7,3.064616707906457
48.90627384185791,-3.046455591689532,0.0,0.6163726604092516,0.6299999999999999,3.046455591689532
48.92623519897461,-3.029991709190855,0.0,0.5493976181853213,0.6508916198462247,3.029991709190855
48.94634008407593,-3.0156973460626215,0.0,0.5591350408751168,0.6607746790349482,3.0156973460626215
48.966240882873535,-3.005046212947362,0.0,0.5652321350309648,0.7,3.005046212947362
48.986390829086304,-2.997206305564428,0.0,0.5659646399682969,0.683861070126295,2.997206305564428
49.00621223449707,-2.991525640471484,0.0,0.6122092724210233,0.7,2.991525640471484
49.026416063308716,-2.987494456130931,0.0,0.5883810285842628,0.7,2.987494456130931
49.04626512527466,-2.987031558351523,0.0,0.534655614606163,0.6681774862110614,2.987031558351523
49.06632590293884,-2.989059322189966,0.0,0.5856693674242706,0.6692158118123188,2.989059322189966
49.08647894859314,-2.9927636093328647,0.0,0.6151502624517888,0.6382241923594847,2.9927636093328647
49.10658931732178,-2.997534750650946,0.0,0.5706650585299939,0.6780773181701079,2.997534750650946
49.12661099433899,-3.0029211650728667,0.0,0.627255507594964,0.6978044998133555,3.0029211650728667
49.14630174636841,-3.0075977875956688,0.0,0.6216951257913024,0.6278044998133554,3.0075977875956688
49.16628575325012,-3.0126533408430403,0.0,0.6446560531287104,0.5783001712942495,3.0126533408430403
49.186349630355835,-3.0178388533853973,0.0,0.6574502022369415,0.6382534808898344,3.0178388533853973
49.20632719993591,-3.0229779694779624,0.0,0.6617020045770914,0.6533472163090481,3.0229779694779624
49.22649693489075,-3.027949418646087,0.0,0.6313104623361141,0.6949263957748189,3.027949418646087
49.24667525291443,-3.032673387635933,0.0,0.6409259208841831,0.6935159452212973,3.032673387635933
49.26670241355896,-3.0371009620375378,0.0,0.6172075395836145,0.7,3.0371009620375378
49.286489725112915,-3.0412059783071252,0.0,0.6425924984170706,0.7,3.0412059783071252
49.306538105010986,-3.044978764744641,0.0,0.6064003271414549,0.7,3.044978764744641
49.32654857635498,-3.048421359458478,0.0,0.5563440260841161,0.6990991990780457,3.048421359458478
49.34644865989685,-3.053860228330784,0.0,0.5318619267447502,0.7,3.053860228330784
49.36645841598511,-3.058582393146636,0.0,0.5609904372497112,0.6299999999999999,3.058582393146636
49.38634967803955,-3.064642233400861,0.0,0.6097857089145691,0.6853620494902133,3.064642233400861
49.40638995170593,-3.0714714903834546,0.0,0.65282911000686,0.7,3.0714714903834546
49.42640209197998,-3.076338836737842,0.0,0.5930123099489719,0.678896863758564,3.076338836737842
49.44645881652832,-3.0797151999782857,0.0,0.6314496280057937,0.698824605718255,3.0797151999782857
49.46636462211609,-3.0842833199234914,0.0,0.5694904619260341,0.7,3.0842833199234914
49.4863805770874,-3.0895588184313243,0.0,0.5486073692693025,0.7,3.0895588184313243
49.506162881851196,-3.0928702649549527,0.0,0.5437273148811073,0.6879654422402381,3.0928702649549527
49.52617120742798,-3.097046594679572,0.0,0.5132710233694524,0.6880553771654376,3.097046594679572
49.546385288238525,-3.0993972405351395,0.0,0.55969727862539,0.6672519628802547,3.0993972405351395
49.56642270088196,-3.100417851091296,0.0,0.601142608410737,0.6628680207679281,3.100417851091296
49.58627152442932,-3.0981713989970294,0.0,0.5311426084107369,0.6537211776623735,3.0981713989970294
49.60624670982361,-3.0962209719341414,0.0,0.5094100769227952,0.7,3.0962209719341414
49.626336097717285,-3.092021503572138,0.0,0.5384100928521365,0.7,3.092021503572138
49.64617323875427,-3.0863705716913383,0.0,0.5613873295104712,0.6829560704529285,3.0863705716913383
49.66633892059326,-3.0798604113721746,0.0,0.553027063756308,0.6984513986855745,3.0798604113721746
49.68620038032532,-3.0729250223827016,0.0,0.5894307979932636,0.7,3.0729250223827016
49.70596933364868,-3.0635607112385235,0.0,0.6062854343643993,0.7,3.0635607112385235
49.72633361816406,-3.055072461821385,0.0,0.5423283913722843,0.7,3.055072461821385
49.74619960784912,-3.0474164146424902,0.0,0.4998646454504341,0.7,3.0474164146424902
49.76639199256897,-3.0405401731578974,0.0,0.5555673168590873,0.7,3.0405401731578974
49.78618097305298,-3.0343867920576244,0.0,0.5288539660713285,0.6816695488989353,3.0343867920576244
49.80647587776184,-3.0288976673354338,0.0,0.5521096961191505,0.6376724921166896,3.0288976673354338
49.82615065574646,-3.024131869107618,0.0,0.5774824397257179,0.6508412824943661,3.024131869107618
49.846405029296875,-3.0198767996914984,0.0,0.5554358103862613,0.6702376397326588,3.0198767996914984
49.866541385650635,-3.016088614412844,0.0,0.5338175968817085,0.6997848579660058,3.016088614412844
49.88636660575867,-3.0127245549373542,0.0,0.6038175968817086,0.6768237518146634,3.0127245549373542
49.90620756149292,-3.0097437443725377,0.0,0.5525332985809654,0.6640895631164312,3.0097437443725377
49.9263436794281,-3.0071076899447133,0.0,0.5217725595823139,0.6427439421415329,3.0071076899447133
49.94632816314697,-3.004780569315416,0.0,0.48792174070986216,0.7,3.004780569315416
49.966474294662476,-3.0027293590721333,0.0,0.49799241669388716,0.7,3.0027293590721333
49.986226320266724,-3.000923850210058,0.0,0.5223422998926253,0.6989232731750235,3.000923850210058
50.005990505218506,-2.9993365847119966,0.0,0.545490497573337,0.6908853791421279,2.9993365847119966
50.0268669128418,-2.9979427389960245,0.0,0.545490497573337,0.6908853791421279,2.9979427389960245
50.04653072357178,-2.9967325665588462,0.0,0.545490497573337,0.6908853791421279,2.9967325665588462
50.066205739974976,-2.9956692709231247,0.0,0.545490497573337,0.6908853791421279,2.9956692709231247
50.08645677566528,-2.9947360160820895,0.0,0.545490497573337,0.6908853791421279,2.9947360160820895
50.1064338684082,-2.9939176808636745,0.0,0.545490497573337,0.6908853791421279,2.9939176808636745
50.126426696777344,-2.9932007337033166,0.0,0.545490497573337,0.6908853791421279,2.9932007337033166
50.14641761779785,-2.9925731037696512,0.0,0.545490497573337,0.6908853791421279,2.9925731037696512
50.16637182235718,-2.99202405295348,0.0,0.545490497573337,0.6908853791421279,2.99202405295348
50.18669891357422,-2.99154405183006,0.0,0.545490497573337,0.6908853791421279,2.99154405183006
50.20638155937195,-2.9911246616501854,0.0,0.545490497573337,0.6908853791421279,2.9911246616501854
50.22636938095093,-2.9907584236288707,0.0,0.545490497573337,0.6908853791421279,2.9907584236288707
50.24663972854614,-2.9904404464282646,0.0,0.545490497573337,0.6908853791421279,2.9904404464282646
50.26650261878967,-2.990162680296668,0.0,0.545490497573337,0.6908853791421279,2.990162680296668
50.28644895553589,-2.9899201644833613,0.0,0.545490497573337,0.6908853791421279,2.9899201644833613
50.306376934051514,-2.9897085243296058,0.0,0.545490497573337,0.6908853791421279,2.9897085243296058
50.32660675048828,-2.98952390755835,0.0,0.545490497573337,0.6908853791421279,2.98952390755835
50.346863985061646,-2.9893629262549872,0.0,0.545490497573337,0.6908853791421279,2.9893629262549872
50.36686062812805,-2.9892226043301053,0.0,0.545490497573337,0.6908853791421279,2.9892226043301053
50.38643503189087,-2.98910033017453,0.0,0.545490497573337,0.6908853791421279,2.98910033017453
50.40635371208191,-2.988993814168609,0.0,0.545490497573337,0.6908853791421279,2.988993814168609
50.42665386199951,-2.988901050682992,0.0,0.545490497573337,0.6908853791421279,2.988901050682992
50.446521043777466,-2.9888202842005787,0.0,0.545490497573337,0.6908853791421279,2.9888202842005787
50.46643781661987,-2.988749979193813,0.0,0.545490497573337,0.6908853791421279,2.988749979193813
50.486419439315796,-2.9886889385919666,0.0,0.545490497573337,0.6908853791421279,2.9886889385919666
50.506505727767944,-2.9886357963952688,0.0,0.545490497573337,0.6908853791421279,2.9886357963952688
50.52653193473816,-2.9885895408331233,0.0,0.545490497573337,0.6908853791421279,2.9885895408331233
50.54659652709961,-2.9885492876529574,0.0,0.545490497573337,0.6908853791421279,2.9885492876529574
50.56664037704468,-2.988514264478105,0.0,0.545490497573337,0.6908853791421279,2.988514264478105
50.586326122283936,-2.988483796994618,0.0,0.545490497573337,0.6908853791421279,2.988483796994618
50.606364011764526,-2.988457296772465,0.0,0.545490497573337,0.6908853791421279,2.988457296772465
50.626328468322754,-2.9884342505429164,0.0,0.545490497573337,0.6908853791421279,2.9884342505429164
50.64660954475403,-2.9884142107699487,0.0,0.545490497573337,0.6908853791421279,2.9884142107699487
50.66653656959534,-2.9907131354531153,0.0,0.545490497573337,0.6908853791421279,2.9907131354531153
50.68650269508362,-2.9927091205573753,0.0,0.545490497573337,0.6908853791421279,2.9927091205573753
50.706212520599365,-2.993978796681214,0.0,0.545490497573337,0.6908853791421279,2.993978796681214
50.726375102996826,-2.9947105306254223,0.0,0.545490497573337,0.6908853791421279,2.9947105306254223
50.74631953239441,-2.9950493356915353,0.0,0.545490497573337,0.6908853791421279,2.9950493356915353
50.766533851623535,-2.995106290878996,0.0,0.545490497573337,0.6908853791421279,2.995106290878996
50.78646111488342,-2.9972823256942065,0.0,0.545490497573337,0.6908853791421279,2.9972823256942065
50.80633759498596,-2.9985565344872804,0.0,0.545490497573337,0.6908853791421279,2.9985565344872804
50.826178789138794,-3.0014871190254406,0.0,0.545490497573337,0.6908853791421279,3.0014871190254406
50.84651184082031,-3.0054909544883817,0.0,0.545490497573337,0.6908853791421279,3.0054909544883817
50.86651945114136,-3.0078183802923513,0.0,0.545490497573337,0.6908853791421279,3.0078183802923513
50.88642954826355,-3.0089200657031774,0.0,0.545490497573337,0.6908853791421279,3.0089200657031774
50.90664744377136,-3.0098765771042206,0.0,0.545490497573337,0.6908853791421279,3.0098765771042206
50.92624497413635,-3.0099718086481553,0.0,0.545490497573337,0.6908853791421279,3.0099718086481553
50.94622802734375,-3.0094663022456984,0.0,0.545490497573337,0.6908853791421279,3.0094663022456984
50.9666428565979,-3.010873205676829,0.0,0.545490497573337,0.6908853791421279,3.010873205676829
50.986565828323364,-3.0135713527524346,0.0,0.545490497573337,0.6908853791421279,3.0135713527524346
