time,theta,target,p1_cmd,p2_cmd,error
53.37055015563965,-2.0204741480282067,4.96872395111766,0.0,0.0,6.989198099145867
53.390782833099365,-2.0209841388800007,0.0,0.0,0.0,2.0209841388800007
53.41078186035156,-2.021156314311692,0.0,0.0,0.0,2.021156314311692
53.43080425262451,-2.0212438945014006,0.0,0.0,0.0,2.0212438945014006
53.450666427612305,-2.0212975161486795,0.0,0.0,0.0,2.0212975161486795
53.470616817474365,-2.0282063855559094,0.0,0.0,0.0,2.0282063855559094
53.49050951004028,-2.0332471998146966,0.0,0.0,0.0,2.0332471998146966
53.51081442832947,-2.062010899940723,0.0,0.0,0.0,2.062010899940723
53.53082275390625,-2.1365077515190842,0.0,0.0,0.0,2.1365077515190842
53.55071401596069,-2.2654933995287125,0.0,0.0,0.0,2.2654933995287125
53.570587396621704,-2.4403402005667023,0.0,0.0,0.0,2.4403402005667023
53.590468883514404,-2.642389649206187,0.0,0.0,0.0,2.642389649206187
53.610893964767456,-2.8543607286208643,0.0,0.0,0.0,2.8543607286208643
53.63052463531494,-3.067239441728686,0.0,0.0,0.0,3.067239441728686
53.650726318359375,-3.277434285578544,0.0,0.0,0.0,3.277434285578544
53.67068338394165,-3.477849687409462,0.0,0.0,0.0,3.477849687409462
53.69045877456665,-3.666280729540495,0.0,0.0,0.0,3.666280729540495
53.710570335388184,-3.828734133727829,0.0,0.0,0.0,3.828734133727829
53.73059296607971,-3.981772435205307,0.0,0.0,0.0,3.981772435205307
53.750662326812744,-4.1242797654631325,0.0,0.0,0.0,4.1242797654631325
53.77064609527588,-4.255753527954468,0.0,0.0,0.0,4.255753527954468
53.7906277179718,-4.376128374436385,0.0,0.0,0.0,4.376128374436385
53.81084179878235,-4.485644575475757,0.0,0.0,0.0,4.485644575475757
53.8307089805603,-4.584749359046044,0.0,0.0,0.0,4.584749359046044
53.85110116004944,-4.674023112549874,0.0,0.0,0.0,4.674023112549874
53.8711371421814,-4.75412452416894,0.0,0.0,0.0,4.75412452416894
53.89095425605774,-4.825750228696647,0.0,0.0,0.0,4.825750228696647
53.91098499298096,-4.889605578877094,0.0,0.0,0.0,4.889605578877094
53.93093538284302,-4.94502905357631,0.0,0.0,0.0,4.94502905357631
53.951014280319214,-4.994492449360032,0.0,0.0,0.0,4.994492449360032
53.97082543373108,-5.038513815270212,0.0,0.0,0.0,5.038513815270212
53.990628242492676,-5.077595990607585,0.0,0.0,0.0,5.077595990607585
54.01062893867493,-5.112218121629315,0.0,0.0,0.0,5.112218121629315
54.03092932701111,-5.142830358280932,0.0,0.0,0.0,5.142830358280932
54.05073380470276,-5.1698509087925375,0.0,0.0,0.0,5.1698509087925375
54.0708749294281,-5.193664816869775,0.0,0.0,0.0,5.193664816869775
54.090925216674805,-5.214623973028467,0.0,0.0,0.0,5.214623973028467
54.110931396484375,-5.2330479868211075,0.0,0.0,0.0,5.2330479868211075
54.13080906867981,-5.249225636892723,0.0,0.0,0.0,5.249225636892723
54.15063142776489,-5.263271289175816,0.0,0.0,0.0,5.263271289175816
54.17096734046936,-5.275611350527109,0.0,0.0,0.0,5.275611350527109
54.19099736213684,-5.286441537941661,0.0,0.0,0.0,5.286441537941661
54.211015701293945,-5.295937579483774,0.0,0.0,0.0,5.295937579483774
54.23118615150452,-5.304256689881483,0.0,0.0,0.0,5.304256689881483
54.25098419189453,-5.311539082749378,0.0,0.0,0.0,5.311539082749378
54.27118968963623,-5.317909468595983,0.0,0.0,0.0,5.317909468595983
54.291186571121216,-5.323478503612576,0.0,0.0,0.0,5.323478503612576
54.31109142303467,-5.32834416618483,0.0,0.0,0.0,5.32834416618483
54.33114266395569,-5.332593046986436,0.0,0.0,0.0,5.332593046986436
54.350745677948,-5.3363015450900635,0.0,0.0,0.0,5.3363015450900635
54.37086081504822,-5.339521355813941,0.0,0.0,0.0,5.339521355813941
54.39069199562073,-5.342332487859248,0.0,0.0,0.0,5.342332487859248
54.41096901893616,-5.344785672792003,0.0,0.0,0.0,5.344785672792003
54.43098473548889,-5.346925581360501,0.0,0.0,0.0,5.346925581360501
54.450969219207764,-5.348791497316023,0.0,0.0,0.0,5.348791497316023
54.470712184906006,-5.350417927402117,0.0,0.0,0.0,5.350417927402117
54.49075889587402,-5.351835150933985,0.0,0.0,0.0,5.351835150933985
54.510841846466064,-5.3530697129358575,0.0,0.0,0.0,5.3530697129358575
54.53099465370178,-5.354144865079317,0.0,0.0,0.0,5.354144865079317
54.55109691619873,-5.355080958745005,0.0,0.0,0.0,5.355080958745005
54.57070279121399,-5.35589579447154,0.0,0.0,0.0,5.35589579447154
54.590737104415894,-5.356603255633319,0.0,0.0,0.0,5.356603255633319
54.61093473434448,-5.357219167732517,0.0,0.0,0.0,5.357219167732517
54.630605697631836,-5.3577552593488305,0.0,0.0,0.0,5.3577552593488305
54.65095281600952,-5.35822178058384,0.0,0.0,0.0,5.35822178058384
54.670982837677,-5.358627684477049,0.0,0.0,0.0,5.358627684477049
54.69092416763306,-5.358980787197773,0.0,0.0,0.0,5.358980787197773
54.710975646972656,-5.359287909273326,0.0,0.0,0.0,5.359287909273326
54.73096060752869,-5.35955499992337,0.0,0.0,0.0,5.35955499992337
54.750956773757935,-5.359787246383314,0.0,0.0,0.0,5.359787246383314
54.770888566970825,-5.359989169920211,0.0,0.0,0.0,5.359989169920211
54.79096293449402,-5.360164710075032,0.0,0.0,0.0,5.360164710075032
54.81095743179321,-5.360317118519012,0.0,0.0,0.0,5.360317118519012
54.8309543132782,-5.360449623409142,0.0,0.0,0.0,5.360449623409142
54.85065412521362,-5.360564811528098,0.0,0.0,0.0,5.360564811528098
54.87085437774658,-5.360664935986148,0.0,0.0,0.0,5.360664935986148
54.890704870224,-5.360751958750756,0.0,0.0,0.0,5.360751958750756
54.910802364349365,-5.360827587859856,0.0,0.0,0.0,5.360827587859856
54.930946826934814,-5.360893309961738,0.0,0.0,0.0,5.360893309961738
54.95097589492798,-5.360950418751328,0.0,0.0,0.0,5.360950418751328
54.970763206481934,-5.361000039806722,0.0,0.0,0.0,5.361000039806722
54.990720987319946,-5.361043152270876,0.0,0.0,0.0,5.361043152270876
55.0108437538147,-5.361080607770549,0.0,0.0,0.0,5.361080607770549
55.0309693813324,-5.361113127591647,0.0,0.0,0.0,5.361113127591647
55.050941705703735,-5.36114138145666,0.0,0.0,0.0,5.36114138145666
55.07091975212097,-5.361165927644472,0.0,0.0,0.0,5.361165927644472
55.09065103530884,-5.361187251640107,0.0,0.0,0.0,5.361187251640107
55.11067032814026,-5.36120577557249,0.0,0.0,0.0,5.36120577557249
55.13069462776184,-5.36122186643948,0.0,0.0,0.0,5.36122186643948
55.15074920654297,-5.361235843273786,0.0,0.0,0.0,5.361235843273786
55.170867919921875,-5.361247983384387,0.0,0.0,0.0,5.361247983384387
55.190873861312866,-5.361258527791333,0.0,0.0,0.0,5.361258527791333
55.21081590652466,-5.3612676859570305,0.0,0.0,0.0,5.3612676859570305
55.231223344802856,-5.361275639904209,0.0,0.0,0.0,5.361275639904209
55.251256704330444,-5.361282545724223,0.0,0.0,0.0,5.361282545724223
55.271167516708374,-5.361288543608595,0.0,0.0,0.0,5.361288543608595
55.29091763496399,-5.361293752785035,0.0,0.0,0.0,5.361293752785035
55.31086301803589,-5.361298276853095,0.0,0.0,0.0,5.361298276853095
55.331209659576416,-5.36130220582695,0.0,0.0,0.0,5.36130220582695
55.350815773010254,-5.361305617912333,0.0,0.0,0.0,5.361305617912333
55.37106657028198,-5.361308581051952,0.0,0.0,0.0,5.361308581051952
55.39090061187744,-5.361311154269402,0.0,0.0,0.0,5.361311154269402
55.41118621826172,-5.361313388837675,0.0,0.0,0.0,5.361313388837675
55.43135452270508,-5.3613153292950475,0.0,0.0,0.0,5.3613153292950475
55.451337575912476,-5.361317014328198,0.0,0.0,0.0,5.361317014328198
55.47120141983032,-5.361318477317002,0.0,0.0,0.0,5.361318477317002
55.49090647697449,-5.361319747744046,0.0,0.0,0.0,5.361319747744046
55.51087999343872,-5.361320850939493,0.0,0.0,0.0,5.361320850939493
55.531211853027344,-5.361321808904548,0.0,0.0,0.0,5.361321808904548
55.551271200180054,-5.361322640748348,0.0,0.0,0.0,5.361322640748348
55.571104764938354,-5.361323363067638,0.0,0.0,0.0,5.361323363067638
55.59095478057861,-5.3613239902766985,0.0,0.0,0.0,5.3613239902766985
55.6112380027771,-5.3613245348940275,0.0,0.0,0.0,5.3613245348940275
55.63083100318909,-5.361325007791425,0.0,0.0,0.0,5.361325007791425
55.65092325210571,-5.361325418410401,0.0,0.0,0.0,5.361325418410401
55.67124700546265,-5.361325774950185,0.0,0.0,0.0,5.361325774950185
55.69125962257385,-5.361326084507128,0.0,0.0,0.0,5.361326084507128
55.7111656665802,-5.361326353296295,0.0,0.0,0.0,5.361326353296295
55.73118734359741,-5.361326586685051,0.0,0.0,0.0,5.361326586685051
55.750812292099,-5.36132678933444,0.0,0.0,0.0,5.36132678933444
55.77122688293457,-5.361326965292062,0.0,0.0,0.0,5.361326965292062
55.79121494293213,-5.361327118072762,0.0,0.0,0.0,5.361327118072762
55.81117129325867,-5.361327250728706,0.0,0.0,0.0,5.361327250728706
55.831435203552246,-5.361327365910255,0.0,0.0,0.0,5.361327365910255
55.85083866119385,-5.3613274659188335,0.0,0.0,0.0,5.3613274659188335
55.87108016014099,-5.361327552752849,0.0,0.0,0.0,5.361327552752849
55.890981674194336,-5.36132762814757,0.0,0.0,0.0,5.36132762814757
55.91122555732727,-5.3613276936071905,0.0,0.0,0.0,5.3613276936071905
55.93101692199707,-5.361327750443474,0.0,0.0,0.0,5.361327750443474
55.95124125480652,-5.361327799792241,0.0,0.0,0.0,5.361327799792241
55.971086740493774,-5.361327842639744,0.0,0.0,0.0,5.361327842639744
55.990936040878296,-5.361327879842356,0.0,0.0,0.0,5.361327879842356
56.01084542274475,-5.361327912143665,0.0,0.0,0.0,5.361327912143665
56.031206130981445,-5.361327940189328,0.0,0.0,0.0,5.361327940189328
56.05089855194092,-5.361327964539963,0.0,0.0,0.0,5.361327964539963
56.070873737335205,-5.361327985682344,0.0,0.0,0.0,5.361327985682344
56.09089112281799,-5.36132800403913,0.0,0.0,0.0,5.36132800403913
56.111239194869995,-5.3613280199773055,0.0,0.0,0.0,5.3613280199773055
56.130722999572754,-5.361328033815236,0.0,0.0,0.0,5.361328033815236
56.15091252326965,-5.361328045829956,0.0,0.0,0.0,5.361328045829956
56.170833110809326,-5.361328056261665,0.0,0.0,0.0,5.361328056261665
56.190997838974,-5.361328065318916,0.0,0.0,0.0,5.361328065318916
56.211243867874146,-5.361328073182794,0.0,0.0,0.0,5.361328073182794
56.2312536239624,-5.3613280800105265,0.0,0.0,0.0,5.3613280800105265
56.251020669937134,-5.361328085938629,0.0,0.0,0.0,5.361328085938629
56.27107644081116,-5.361328091085631,0.0,0.0,0.0,5.361328091085631
56.290783166885376,-5.361328095554448,0.0,0.0,0.0,5.361328095554448
56.310914039611816,-5.361328099434434,0.0,0.0,0.0,5.361328099434434
56.331223249435425,-5.361328102803175,0.0,0.0,0.0,5.361328102803175
56.35136318206787,-5.361328105728003,0.0,0.0,0.0,5.361328105728003
56.37133073806763,-5.3613281082674416,0.0,0.0,0.0,5.3613281082674416
0.020041227340698242,-5.36132811047227,-1.4485683094710087e-07,0.0,0.0,5.361327965615439
0.03918623924255371,-5.361328112386579,-9.236057088223391e-06,0.01231478899717331,0.025482214987277985,5.361318876329491
0.05906248092651367,-5.361328114048645,-3.109356821710108e-05,0.0,0.0,5.3612970204804276
0.07905435562133789,-5.361328115491705,-7.351833686098925e-05,0.0,0.0,5.361254597154844
0.09906697273254395,-5.361328116744618,-0.00014322978292194552,0.006764561869204044,0.036959532648324966,5.361184886961696
0.11898326873779297,-5.361328117832435,-0.00024687857968665796,0.02359787281602621,0.03405675105750561,5.361081239252748
0.13900494575500488,-5.361328118776912,-0.0003910468862748489,0.0,0.0,5.360937071890637
0.1589512825012207,-5.361328119596936,-0.0005822485800876783,0.07,0.03483738377690315,5.3607458710168485
0.17896103858947754,-5.361328120308907,-0.0008269294892561478,0.0007719096541404791,0.03707268903963268,5.360501190819651
0.19893240928649902,-5.361328120927057,-0.001131467625089503,0.029908574819564826,0.05884088086895645,5.360196653301967
0.21894311904907227,-5.361328121463754,-0.0015021734145236401,0.09924081683158875,0.12746453541330993,5.35982594804923
0.23895668983459473,-5.3613281219297315,-0.001945289932569505,0.16924081683158876,0.09212682652287185,5.359382831997162
0.25900983810424805,-5.361328122334307,-0.0024669931347615012,0.11470282763242723,0.1120437893550843,5.358861129199545
0.27898192405700684,-5.3613281226855705,-0.0030733920896058925,0.11612521459814162,0.14881855878047645,5.358254730595965
0.2990410327911377,-5.361328122990548,-0.0037705292110292036,0.11139356506522746,0.10493548098020256,5.357557593779519
0.31899046897888184,-5.361328123255339,-0.004564380490826624,0.041393565065227456,0.03493548098020255,5.356763742764512
0.3388347625732422,-5.3613281234852375,-0.0054608557311104184,0.09975890634115786,0.03704587423242628,5.355867267754127
0.358828067779541,-5.361328123684841,-0.006465798776758328,0.07992002745624632,0.0,5.354862324908083
0.3788261413574219,-5.361328123858144,-0.00758498774786196,0.026270747235976166,0.05217014625668526,5.353743136110282
0.39894771575927734,-5.361328124008609,-0.00882413527217521,0.03618802507873625,0.1212942786514759,5.352503988736434
0.41884756088256836,-5.361328124139248,-0.010188888717562659,0.10194717725273222,0.12952054291963577,5.351139235421685
0.4389934539794922,-5.361328124252672,-0.011684830424447984,0.11537069553043694,0.059520542919635766,5.3496432938282235
0.45958805084228516,-5.361328124351149,-0.013317477938262328,0.04537069553043693,0.02563199803233146,5.348010646412887
0.47901225090026855,-5.361328124436651,-0.015092284241892759,0.00915607565548271,0.0,5.346235840194758
0.4989204406738281,-5.361328124510885,-0.017014637988130632,0.0,0.02613448165357113,5.344313486522754
0.5188841819763184,-5.361328124575337,-0.01908986373212,0.07,0.07073528505861759,5.342238260843217
0.5388920307159424,-5.361328124631297,-0.021323222163806034,0.05849391285330058,0.11745856516063213,5.3400049024674905
0.558955192565918,-5.361328124679882,-0.023719910340383402,0.0847996535524726,0.0996381863951683,5.3376082143394985
0.5789315700531006,-5.361328124722065,-0.026285061918744683,0.1547996535524726,0.1696381863951683,5.3350430628033205
0.5989594459533691,-5.361328124758689,-0.029023747387928817,0.2247996535524726,0.23963818639516832,5.33230437737076
0.6189007759094238,-5.361328124790488,-0.03194097430156939,0.1973137576505542,0.20207637488842012,5.329387150488918
0.6389775276184082,-5.361328124818096,-0.03504168751034318,0.20463490117341282,0.26312524393200876,5.326286437307752
0.6589388847351074,-5.361328124842066,-0.03833076939441844,0.272266712076962,0.21464381307363511,5.322997355447647
0.678903341293335,-5.361328124862877,-0.04181304009590341,0.27220124490937453,0.1746667878329754,5.319515084766973
0.6989991664886475,-5.361328124880946,-0.04549325775129464,0.25922560152044755,0.14143224373459817,5.315834867129651
0.7190613746643066,-5.361328124896634,-0.04937611872392538,0.22908964027097684,0.182216245085001,5.311952006172708
0.7390127182006836,-5.359011776826097,-0.05346625783641409,0.28996486235788327,0.20037894636392595,5.305545518989684
0.7590644359588623,-5.350514889656445,-0.05776824860311273,0.2568226682060049,0.13346620589494707,5.292746641053332
0.7789416313171387,-5.335632707487254,-0.06228660346255518,0.23644825090101224,0.1688681834936142,5.273346104024699
0.7989745140075684,-5.316707642733674,-0.06702577400990582,0.2697318458967493,0.1415067830681801,5.249681868723768
0.8188972473144531,-5.295473238947461,-0.07199015122940763,0.3357102165036486,0.2115067830681801,5.223483087718054
0.8389477729797363,-5.275510792014508,-0.07718406572683074,0.26571021650364857,0.1415067830681801,5.198326726287677
0.8590350151062012,-5.258178885921844,-0.08261178796192103,0.19571021650364856,0.13555209977552296,5.175567097959924
0.8790721893310547,-5.258124362796163,-0.08827752848084817,0.152464804094343,0.18696233151480557,5.169846834315315
0.8989484310150146,-5.297867985635122,-0.09418543814865422,0.11721199084451656,0.22455760357901455,5.203682547486467
0.9188847541809082,-5.389687011579479,-0.10033960838170214,0.11026232209434966,0.20029230309650303,5.289347403197777
0.9388806819915771,-5.533787497142835,-0.10674407138012389,0.09548549060156802,0.27029230309650304,5.427043425762711
0.9589900970458984,-5.721985648579759,-0.11340280036026917,0.09572371130372631,0.20029230309650303,5.6085828482194895
0.9789745807647705,-5.938169581317004,-0.12031970978715364,0.09529008547571721,0.27029230309650304,5.81784987152985
0.9988868236541748,-6.168094385343569,-0.12749865560690718,0.12320888059941354,0.20029230309650303,6.040595729736661
1.0187649726867676,-6.4015036858073895,-0.1349434354792227,0.19320888059941355,0.13029230309650303,6.266560250328167
1.0389471054077148,-6.631181771971666,-0.14265778900980414,0.16476141276565615,0.06029230309650302,6.488523982961862
1.0589611530303955,-6.849898740078665,-0.15064539798281518,0.09476141276565614,0.10819957358762622,6.699253342095849
1.0789225101470947,-7.039794395898534,-0.15890988659332736,0.04623091238347116,0.09141373401507735,6.880884509305207
1.0989599227905273,-7.1969468434974395,-0.16745482167976863,0.03175380657223287,0.16072132950648665,7.029492021817671
1.1189625263214111,-7.292469542292796,-0.17628371295637205,0.00829753110912862,0.11788918962702155,7.116185829336424
1.1389811038970947,-7.3264534968061135,-0.18540001324562344,0.0,0.047889189627021544,7.14105348356049
1.1589317321777344,-7.316798200653236,-0.19480711871071046,0.0,0.037654404360800975,7.121991081942525
1.1789600849151611,-7.277086399531572,-0.204508369087971,0.0,0.050401387568563216,7.0725780304436014
1.1989479064941406,-7.2129118425467444,-0.21450704791934094,0.0,0.0,6.998404794627404
1.2189481258392334,-7.124171855493188,-0.22480638278480322,0.0,0.07,6.899365472708385
1.2389376163482666,-7.009126194092982,-0.2354095455348362,0.023947495967149734,0.08763872243463994,6.773716648558145
1.258955478668213,-6.86725940198864,-0.24631965252286145,0.04868805408477783,0.01763872243463993,6.620939749465779
1.2789530754089355,-6.70123666941865,-0.25753976483769303,0.0,0.013674826826900244,6.443696904580957
1.2990057468414307,-6.557091494239733,-0.26907288853598516,0.012855146080255508,0.034490938764065504,6.288018605703749
1.3189539909362793,-6.3930279874729585,-0.28092197487468085,0.003469228744506836,0.034068141074385494,6.112106012598278
1.3389606475830078,-6.2194534737775236,-0.2930899205434607,0.0,0.0,5.926363553234063
1.3589653968811035,-6.046163686799298,-0.30557956789719054,0.0,0.0,5.740584118902108
1.3789832592010498,-5.8776386993503875,-0.3183937051883707,0.0,0.07,5.559244994162017
1.398895025253296,-5.716864706523147,-0.3315350667995836,0.0,0.08140405237674714,5.3853296397235635
1.418912410736084,-5.5657115843341,-0.3450063334759426,0.0,0.07576388323679567,5.220705250858157
1.438969373703003,-5.425224555037917,-0.3588101325575405,0.043477196246385574,0.005763883236795664,5.066414422480377
1.4589059352874756,-5.295848505807441,-0.37294903821189773,0.0,0.015066105406731367,4.922899467595543
1.4788389205932617,-5.177599617865072,-0.3874255716664106,0.003356961067765951,0.0,4.790174046198661
1.4989328384399414,-5.0701958752175695,-0.4022422014408002,0.07335696106776596,0.0,4.667953673776769
1.518876075744629,-4.97694520370324,-0.41740134357956027,0.09104062167927623,0.0,4.5595438601236795
1.538940191268921,-4.892192958613027,-0.43290536188440576,0.03853193966671825,0.0,4.459287596728621
1.5588507652282715,-4.815577190575118,-0.4487565681467213,0.013694978486746556,0.0,4.3668206224283965
1.5788443088531494,-4.746632060652745,-0.46495722238001064,0.05597329435870052,0.0,4.2816748382727345
1.598966121673584,-4.684831847386654,-0.48150953305234223,0.02014394028112293,0.01121530868113041,4.2033223143343115
1.6189913749694824,-4.629623091422879,-0.4984156573188008,0.038808285426348454,0.022690439596772194,4.131207434104078
1.638948917388916,-4.580447653571225,-0.5156777012539338,0.0,0.0,4.064769952317292
1.6589603424072266,-4.536758853817929,-0.5332977200842004,0.019833127036690712,0.0,4.003461133733729
1.6789467334747314,-4.498032379162537,-0.5512777184204203,0.033807894214987755,0.004332787357270718,3.946754660742117
1.6989936828613281,-4.4614569224234755,-0.5696196504902213,0.0,0.002787778270430863,3.8918372719332543
1.7189686298370361,-4.429655810983505,-0.5883254203704885,0.0,0.006727137719281018,3.8413303906130163
1.73893404006958,-4.4020452741103915,-0.6073968822198116,0.0,0.004674947005696595,3.79464839189058
1.7590422630310059,-4.378036808199981,-0.6268358405109347,0.0,0.00923826138023287,3.751200967689047
1.7789580821990967,-4.357163010837969,-0.6466440502632036,0.0,0.0,3.710518960574765
1.7989957332611084,-4.336700271516076,-0.6668232172750154,0.0,0.03260234370827675,3.6698770542410606
1.8189659118652344,-4.319378686467351,-0.6873749983562655,0.0,0.0656650923192501,3.6320036881110855
1.8389909267425537,-4.304695394222248,-0.7083010015607963,0.023082729429006577,0.07878811936825514,3.596394392661452
1.858994722366333,-4.292231585121013,-0.7296027864188467,0.042987968772649765,0.008788119368255132,3.5626287987021663
1.8788478374481201,-4.281637867929734,-0.751281864169499,0.031953864730894566,0.020186444111168378,3.530356003760235
1.8990600109100342,-4.272622276263079,-0.7733396979931294,0.05022134352475405,0.05051088269799947,3.4992825782699497
1.919015884399414,-4.26494042465451,-0.7845110925923293,0.05022134352475405,0.05051088269799947,3.4804293320621804
1.9389381408691406,-4.25838741716529,-0.818597247681977,0.008527891244739294,0.06633545767515897,3.439790169483313
1.9588289260864258,-4.252697928756922,-0.8417996517064428,0.0785278912447393,0.0,3.41089827705048
1.9788880348205566,-4.247851427424701,-0.8653861885872811,0.09765936544165016,0.0,3.38246523883742
1.9987969398498535,-4.24371817744178,-0.889358084698056,0.08756089041009546,0.019563309848308563,3.3543600927437236
2.018857002258301,-4.240189269248338,-0.9137165197483141,0.020607924256473786,0.01909593425807543,3.326472749500024
2.038975954055786,-4.237173129032379,-0.9384626270160346,0.03988315368071199,0.06774818457779475,3.2987105020163443
2.059011697769165,-4.23459263747108,-0.9635974935800752,0.06804620118811727,0.11199295081314631,3.2709951438910045
2.0789523124694824,-4.232382747518412,-0.9891221605526218,0.13804620118811728,0.12508475527283736,3.24326058696579
2.098933696746826,-4.230488511603481,-1.0150376233116387,0.20804620118811729,0.13439042613026686,3.215450888291842
2.118915319442749,-4.228863445190513,-1.0413448317333127,0.24783731209114196,0.20439042613026687,3.1875186134572004
2.138963222503662,-4.227468167097271,-1.068044690424506,0.21303388806059959,0.19651214774814435,3.159423476672765
2.159008264541626,-4.226269267878707,-1.0951380589552016,0.18791849123314025,0.15252998467651196,3.1311312089235055
2.178964376449585,-4.225228352967799,-1.1226257520909528,0.15509022356942298,0.16094051391002723,3.1026026008768466
2.1988461017608643,-4.224334617542433,-1.1505085400253308,0.08509022356942297,0.1156079219293315,3.0738260775171025
2.218931198120117,-4.223566664408865,-1.1787871486123762,0.05116168024018408,0.13329663962242194,3.0447795157964883
2.239013910293579,-4.220589968432075,-1.2074622595990425,0.004729051012545837,0.10117958203074523,3.013127708833033
2.2589471340179443,-4.218473921502967,-1.2365345108576484,0.05408546688035132,0.11294791005668231,2.9819394106453183
2.2790517807006836,-4.230909521252088,-1.2660044966183237,0.010043252129107727,0.052708934025140486,2.9649050246337643
2.2990920543670654,-4.278604499950511,-1.2958727677014594,0.0,0.0,2.9827317322490514
2.318967342376709,-4.370380089724762,-1.3261398317501567,0.0,0.0,3.044240257974605
2.338973045349121,-4.492670821239118,-1.3568061534626727,0.031152499839663506,0.0,3.1358646677764455
2.358966827392578,-4.632933813634746,-1.3878721548248705,0.016552950255572796,0.0,3.2450616588098753
2.3788340091705322,-4.781983370368258,-1.4193382153426681,0.0,0.0,3.3626451550255902
2.3988404273986816,-4.911392000940189,-1.4512046722744854,0.0,0.023424506187438965,3.460187328665703
2.4188883304595947,-5.047879942567232,-1.4834718208636928,0.0,0.001778407022356987,3.5644081217035395
2.4388351440429688,-5.188004257958825,-1.5161399145710632,0.009249582886695862,0.0,3.671864343387762
2.458920955657959,-5.326961365940157,-1.5492091653072138,0.03463660553097725,0.04874240234494209,3.7777522006329436
2.478884696960449,-5.461445554684743,-1.5826797436650601,0.05626726523041725,0.0,3.878765811019683
2.4988934993743896,-5.589278624778584,-1.6165517791522617,0.028755011036992073,0.07,3.972726845626322
2.518843412399292,-5.709122931072445,-1.6508253604236696,0.0,0.1378951144218445,4.058297570648775
2.5389347076416016,-5.820259914451314,-1.6855005355137804,0.0,0.16071935899555684,4.134759378937534
2.5588512420654297,-5.922419958390056,-1.7205773120691756,0.0,0.09071935899555683,4.2018426463208804
2.5789058208465576,-6.015652378813277,-1.75605565758098,0.0033954426180571318,0.04099598713219166,4.259596721232297
2.5988144874572754,-6.100226716166105,-1.7919354996173,0.037836045725271106,0.062364205718040466,4.308291216548805
2.618844509124756,-6.173656315141203,-1.8282167260556803,0.04412344261072576,0.05224927980452776,4.345439589085522
2.6388397216796875,-6.240311823401799,-1.8648991853155499,0.08713477640412748,0.0723654581233859,4.3754126380862495
2.658900260925293,-6.30050548201657,-1.9019826865906673,0.09048492857255042,0.1423654581233859,4.398522795425903
2.67887544631958,-6.354624468880583,-1.9394670000815704,0.08846304891631007,0.07298209767788649,4.415157468799013
2.6988792419433594,-6.4030978075093365,-1.97735185722803,0.04992380691692233,0.12233228858560324,4.425745950281307
2.7188873291015625,-6.44637227969798,-2.0156369509414898,0.044833636842668056,0.06808719661086798,4.43073532875649
2.7388079166412354,-6.484895226908345,-2.054321935837522,0.027235538698732853,0.0,4.430573291070823
2.758904457092285,-6.519102589699088,-2.093406428468271,0.0,0.0,4.425696161230817
2.780219554901123,-6.54941090061758,-2.152781312582338,0.017402052879333496,0.017177840694785118,4.396629588035242
2.798739194869995,-6.576212234115437,-2.172772214220059,0.012670508585870266,0.035172153264284134,4.403440019895378
2.8186841011047363,-6.599871343449216,-2.213052552220293,0.02336202748119831,0.0,4.386818791228923
2.838693380355835,-6.620412786218548,-2.253730488178529,0.0,0.032544270157814026,4.366682298040018
2.858741521835327,-6.63855899713514,-2.2948054518165097,0.0,0.004902716726064682,4.343753545318631
2.8787355422973633,-6.654563285432747,-2.3362768361872392,0.0,0.04693559557199478,4.318286449245508
2.8986854553222656,-6.668658044889659,-2.3781439979074346,0.05677018314599991,0.0888068713247776,4.290514046982224
2.9187357425689697,-6.681055017104882,-2.4204062573899745,0.0,0.018806871324777596,4.260648759714908
2.9386794567108154,-6.691946018650618,-2.463062899076347,0.0,0.01948371157748624,4.22888311957427
2.958679437637329,-6.701503971260099,-2.5061131716690994,0.0,0.045022675774525844,4.195390799590999
2.9787397384643555,-6.709884115347368,-2.549556288364283,0.035412900149822235,0.000417554758023464,4.160327826983085
2.9988725185394287,-6.717225318883653,-2.5933914270839056,0.010485904291272163,0.07041755475802347,4.123833891799747
3.0187768936157227,-6.723651418011266,-2.637617730708377,0.0439178179949522,0.08071706321788952,4.086033687302889
3.03883695602417,-6.729272544370027,-2.6822343073089607,0.11391781799495221,0.15071706321788952,4.0470382370610665
3.058803081512451,-6.734152949788875,-2.7272402303802163,0.10385016787797213,0.09748153236461804,4.006912719408659
3.0788633823394775,-6.73842370080024,-2.772634539072456,0.0962673874385655,0.05852204409195111,3.965789161727784
3.0989139080047607,-6.742158442605001,-2.8184162384241844,0.09604842063738034,0.09556777250720189,3.923742204180817
3.118870973587036,-6.745422454183775,-2.864584299594556,0.12749620747519658,0.08864867069525645,3.8808381545892185
3.138937473297119,-6.7482734830837545,-2.9111376600958176,0.19749620747519658,0.1209061158518307,3.837135822987937
3.1588504314422607,-6.750762523735434,-2.9580752240257544,0.13856608238769696,0.05090611585183069,3.792687299709679
3.1788687705993652,-6.752934536033841,-3.005395862300146,0.12511742212576793,0.02675244741840288,3.747538673733695
3.198868989944458,-6.7548291034905406,-3.053098412885208,0.15550773129565643,0.029267699632328004,3.7017306906053324
3.220108985900879,-6.756481032067144,-3.1011816810300465,0.08550773129565642,0.06578872835962102,3.655299351037097
3.2388784885406494,-6.7579208920251626,-3.1496444394990983,0.06794735171599314,0.05421630496857688,3.608276452526064
3.2588884830474854,-6.759175505915745,-3.1984854288045907,0.05713172943098471,0.0,3.560690077111154
3.27883243560791,-6.760264793727361,-3.2477033574389775,0.07565005250973628,0.012571063823997974,3.512561436288384
3.298842191696167,-6.761214133787172,-3.2972969021073966,0.07412362621864305,0.0,3.4639172316797757
3.3189175128936768,-6.7597249010374885,-3.3472647079601128,0.0041236262186430395,0.010515492409467697,3.4124601930773757
3.339050769805908,-6.75889748000452,-3.397605388824971,0.0,0.0,3.361292091179549
3.3590424060821533,-6.756235198944258,-3.448317527439841,0.0,0.07,3.3079176715044167
3.3788793087005615,-6.752368624160972,-3.499399675685068,0.0,0.0,3.2529689484759046
3.3989436626434326,-6.747767473699382,-3.5508503548159167,0.0,0.0,3.196917118883465
3.418905735015869,-6.742777364182557,-3.602668055695027,0.0010715719545260072,0.0,3.1401093084875304
3.438960552215576,-6.739964953210165,-3.6548512390248566,0.0,0.0,3.085113714185308
3.4589712619781494,-6.7387392498106,-3.7073983355801317,0.07,0.0,3.031340914230468
3.4788665771484375,-6.7386479457141455,-3.760307746440292,0.11083293303847314,0.07,2.9783401992738536
3.498863935470581,-6.738568673166499,-3.8135778432219483,0.09202943153679372,0.11630867764353753,2.924990829944551
3.518831968307495,-6.739278153027703,-3.8672069683113186,0.127180130854249,0.12551940388977528,2.8720711847163845
3.5388848781585693,-6.740516786605877,-3.921193435096684,0.197180130854249,0.10063730336725712,2.8193233515091927
3.5589213371276855,-6.742090315941299,-3.9755355282008416,0.2160409887880087,0.030637303367257118,2.7665547877404575
3.578932285308838,-6.743854987115654,-4.030231503713538,0.17718224726617338,0.015682213939726353,2.713623483402116
3.598813533782959,-6.745705913948406,-4.085279589423932,0.10718224726617337,0.03849975299090147,2.660426324524474
3.6189401149749756,-6.747567971292995,-4.140677985053036,0.10060948662459851,0.07299708109349012,2.606889986239959
3.6389269828796387,-6.749388685349737,-4.1964248624861655,0.16472288750112057,0.07729268819093704,2.552963822863571
3.6588728427886963,-6.751132698442508,-4.25251836600539,0.159712284039706,0.04420294612646103,2.4986143324371186
3.6789164543151855,-6.7527774732673596,-4.308956612521978,0.11998214123770595,0.005021329969167709,2.4438208607453813
3.698948621749878,-6.75430997126814,-4.365737691808848,0.10751297062262893,0.0,2.388572279459292
3.7188007831573486,-6.75564052515895,-4.422859666733014,0.0667362373135984,0.0,2.332780858425936
3.738954782485962,-6.756879316021404,-4.4803205734880365,0.0,0.018042035400867462,2.2765587425333678
3.7588839530944824,-6.75802172187906,-4.538118421826472,0.0,0.0,2.2199033000525876
3.778874397277832,-6.768332464950741,-4.596251195292318,0.0,0.0003320157411508262,2.172081269658423
3.798903703689575,-6.8102194459683165,-4.654716851453462,0.07,0.05450389831094071,2.1555025945148545
3.818800449371338,-6.9030472619167975,-4.713513322134126,0.03468045189976693,0.09098791255382821,2.189533939782671
3.838855743408203,-7.0519745982544135,-4.772638513647337,0.006882596462965018,0.08640113304136321,2.2793360846070767
3.858856439590454,-7.240575295346068,-4.832090307027338,0.06707649648189545,0.016401133041363203,2.4084849883187305
3.878924608230591,-7.451761780875807,-4.891866558262067,0.030268352180719382,0.0028118663537315958,2.55989522261374
3.898918867111206,-7.67307011554799,-4.951965098525592,0.014433089345693595,0.0,2.7211050170223983
3.9187469482421875,-7.895576330851077,-5.012383734410564,0.0,0.04175490885972977,2.883192596440513
3.9387853145599365,-8.088761907830666,-5.073120248160663,0.0,0.0792139358818531,3.0156416596700026
3.9587738513946533,-8.28077909312282,-5.134172397903043,0.0,0.08502013236284256,3.146606695219777
3.9786922931671143,-8.466924143902197,-5.195537917880797,0.058605290949344635,0.015020132362842553,3.2713862260214004
3.998749256134033,-8.64408469195943,-5.257214518685377,0.12629888206720352,0.032826504036784165,3.386870173274053
4.018710374832153,-8.810335732875696,-5.319199887489067,0.09995110519230366,0.018934756815433496,3.491135845386629
4.0388023853302,-8.964627715165358,-5.381491688277424,0.09793295059353113,0.0,3.583136026887934
4.058793067932129,-9.10654682063103,-5.444087562081724,0.0994980416726321,0.0,3.6624592585493057
4.078810930252075,-9.236131705107484,-5.5069851272114025,0.156111505581066,0.05735151842236519,3.7291465778960813
4.098811149597168,-9.353734285264618,-5.570181979486526,0.12408759514801204,0.0366724357008934,3.783552305778092
4.118815660476685,-9.459914787889868,-5.633675692470221,0.054087595148012035,0.026182027533650398,3.8262390954196475
4.138821125030518,-9.555363363183176,-5.697463817701122,0.03407832893542945,0.0,3.857899545482054
4.158804178237915,-9.638234253170676,-5.761543884925832,0.004508744059130543,0.07,3.8766903682448444
4.178812503814697,-9.712792837249799,-5.825913402331364,0.03190266440622508,0.0742077130638063,3.886879434918435
4.198807239532471,-9.77961287279648,-5.89056985677759,0.050815242407843464,0.14276598876342178,3.8890430160188902
4.218867540359497,-9.839296829077147,-5.955510714029684,0.010649233190342777,0.07276598876342177,3.8837861150474637
4.238951921463013,-9.8924512400618,-6.020733418990587,0.0,0.1208010665141046,3.871717821071212
4.2590062618255615,-9.93966947784564,-6.086235395933429,0.07,0.08080433076247573,3.8534340819122113
4.278740644454956,-9.981520134284757,-6.152014048734008,0.014794908165931708,0.053700198885053396,3.829506085550749
4.298844337463379,-10.01853960418826,-6.218066761103213,0.0,0.035092737060040236,3.800472843085048
4.31889009475708,-10.05122778229848,-6.284390896819482,0.0015831781784072518,0.06769337831065059,3.7668368854789973
4.338822364807129,-10.08004603645303,-6.35098379996126,0.07158317817840726,0.0,3.72906223649177
4.3587305545806885,-10.105416815155332,-6.417842795139429,0.08852594933006913,0.0,3.6875740200159024
4.378668785095215,-10.12744437297141,-6.484965187729765,0.14781787461135537,0.07,3.642479185241646
4.398671865463257,-10.14684928880187,-6.552348264105398,0.13608863233122975,0.02916078984737397,3.5945010246964726
4.418721675872803,-10.163921154352328,-6.6199892918692385,0.09662312670145184,0.009139872789382941,3.54393186248309
4.438732624053955,-10.176606253560843,-6.687885520086442,0.10586619312409312,0.0,3.488720733474401
4.458800315856934,-10.188226424381542,-6.75603417951685,0.10866429009940476,0.0,3.4321922448646918
4.478679656982422,-10.198800668422647,-6.824432482847441,0.115114464010112,0.01854669488966465,3.3743681855752063
4.498817682266235,-10.208369749118422,-6.8930776249247785,0.09867788716685028,0.006435022689402103,3.3152921241936433
4.518680095672607,-10.216988470925541,-6.961966782987463,0.08117522909771652,0.07643502268940211,3.2550216879380782
4.538780212402344,-10.22471994655435,-7.031097116898567,0.08641346642281861,0.08658131461590529,3.1936228296557827
4.5587804317474365,-10.23163139613679,-7.100465769378106,0.0164134664228186,0.0397726657614112,3.1311656267586834
4.578779458999634,-10.23779112116,-7.170069866235466,0.0,0.0,3.0677212549245345
4.598753929138184,-10.2431391516904,-7.239906516601859,0.07,0.0,3.0032326350885414
4.618771553039551,-10.247909670769035,-7.309972813162781,0.13456933170557023,0.0,2.937936857606254
4.6387786865234375,-10.252153335174594,-7.380265832390442,0.06456933170557022,0.0,2.8718875027841513
4.65874981880188,-10.255919215312879,-7.450782634776236,0.0,0.0,2.805136580536643
4.678863763809204,-10.25925398648081,-7.52152026506316,0.01666451245546341,0.05550540238618851,2.7377337214176496
4.6988019943237305,-10.262201430257063,-7.592475752478295,0.06138721853494644,0.019407477229833603,2.669725677778768
4.718824625015259,-10.264802164441427,-7.663646110965237,0.0,0.08940747722983361,2.60115605347619
4.73879337310791,-10.267093538856994,-7.735028339416544,0.02476845122873783,0.08059537008404732,2.5320651994404493
4.758747100830078,-10.2691096491036,-7.806619421906186,0.09120666421949863,0.03008648723363877,2.4624902271974136
4.778679370880127,-10.270881431875397,-7.878416327922006,0.16120666421949864,0.0,2.3924651039533913
4.798680782318115,-10.272436814419198,-7.950416012598146,0.14581128366291524,0.0,2.3220208018210515
4.81868052482605,-10.273787237254528,-8.022615416947513,0.14804110436700285,0.0,2.2511718203070146
4.838764905929565,-10.274973369242545,-8.095011468094226,0.21776425599120558,0.0,2.179961901148319
4.858757972717285,-10.276014127641492,-8.16760107950606,0.2343707340117544,0.07,2.108413048135432
4.8787665367126465,-10.276926483314128,-8.240381151226885,0.3043707340117544,0.0352964361011982,2.0365453320872433
4.898759603500366,-10.277725607929737,-8.313348570109126,0.2576553328987211,0.10529643610119821,1.9643770378206113
4.918802738189697,-10.278425023625294,-8.386500210046224,0.2329089093115181,0.1337078356742859,1.8919248135790703
4.938770532608032,-10.27672040234628,-8.459832932205053,0.20052065058611335,0.0829663009941578,1.8168874701412268
4.958750486373901,-10.27339090915653,-8.533343585258391,0.13052065058611334,0.012966300994157798,1.740047323898139
4.978758096694946,-10.278285952520411,-8.607029005617369,0.097766173472628,0.0,1.6712569469030427
4.998826026916504,-10.323509810893448,-8.6808860176639,0.09006014087237418,0.06527593731880188,1.6426237932295482
5.018751382827759,-10.465043847276052,-8.754911433983153,0.1600601408723742,0.018411953002214432,1.7101324132928983
5.038894891738892,-10.587927311198976,-8.829102055595984,0.18208794631995262,0.04492660239338875,1.7588252556029929
5.058769226074219,-10.866771069561349,-8.903454672191392,0.13029231839813293,0.043551985756494105,1.9633163973699563
5.078946113586426,-11.325348732748648,-8.977966062358956,0.07335253023542465,0.051134320558048785,2.347382670389692
5.098860740661621,-11.933741851684387,-9.052632993821296,0.03876306825317444,0.019483740092255175,2.88110885786309
5.11885404586792,-12.632476065612744,-9.127452223666529,0.039549930531065924,0.0,3.5050238419462154
5.138879060745239,-13.375544369720501,-9.202420498580695,0.011255730453412993,0.0,4.173123871139806
5.1589577198028564,-14.127506430732225,-9.27753455508022,0.04961572265950964,0.0,4.849971875652006
5.178763151168823,-14.865828040966239,-9.352791119744346,0.11839720285264776,0.07,5.513036921221893
5.19889497756958,-15.563635133084915,-9.428186909447614,0.1546740462514572,0.07363403954543174,6.135448223637301
5.218817949295044,-16.194063869460148,-9.503718631592292,0.13113720020977782,0.060290322573855526,6.690345237867856
5.2388386726379395,-16.735598207574743,-9.579382984340809,0.06113720020977781,0.0,7.156215223233934
5.258786201477051,-17.205772145954054,-9.655176656848232,0.07390502734808252,0.03417279198765755,7.550595489105822
5.27895712852478,-17.579220649138538,-9.73109632949469,0.08779520249692724,0.10417279198765755,7.848124319643848
5.298750638961792,-17.852479881973103,-9.807138674117851,0.07156750454334543,0.03417279198765755,8.045341207855252
5.318975925445557,-18.037366150360196,-9.88330035424533,0.05592969140736387,0.09880588576197624,8.154065796114866
5.3388893604278564,-18.15136493341663,-9.959578025327161,0.017979443881195045,0.028805885761976235,8.191786908089469
5.35889458656311,-18.21080588288695,-10.035968334968276,0.08797944388119505,0.0,8.174837547918676
5.37887167930603,-18.228469121127294,-10.112467923160883,0.09792884210823105,0.0,8.11600119796641
5.398667812347412,-18.209699821927543,-10.189073422516977,0.0649508587527089,0.0,8.020626399410567
5.418833494186401,-18.15917081402376,-10.265781458500758,0.011747547935228808,0.0,7.893389355523002
5.438800573348999,-18.07864842844976,-10.342588649661074,0.030381299133878215,0.006568504963070154,7.736059778788686
5.458856582641602,-17.97014999644757,-10.419491607863907,0.016689112919848426,0.0,7.550658388583663
5.478873252868652,-17.875948887686757,-10.496486938524772,0.08668911291984843,0.0,7.3794619491619855
5.498830080032349,-17.76097525909778,-10.573571240841202,0.11374417899874972,0.024000011384487152,7.1874040182565775
5.518686294555664,-17.634603562625237,-10.650741108025185,0.043744178998749716,0.0,6.983862454600052
5.538820743560791,-17.50364550395278,-10.727993127535603,0.08330888910917567,0.06328791379928589,6.775652376417176
5.558815002441406,-17.372953233597446,-10.805323881310683,0.15330888910917567,0.09777345135807991,6.5676293522867635
5.578771114349365,-17.245889955504513,-10.882729946000469,0.22330888910917568,0.029324326664209366,6.363160009504044
5.598719835281372,-17.124696043594035,-10.960207893199243,0.23876417326508093,0.07024227827787399,6.164488150394792
5.618898630142212,-17.008456583129167,-11.037754289677977,0.2018711668509059,0.04292871803045273,5.97070229345119
5.638854503631592,-16.90103821437003,-11.115365697616795,0.18771646349458027,0.0066781118512153625,5.785672516753234
5.658843278884888,-16.802577802932806,-11.193038674837407,0.2577164634945803,0.0,5.609539128095399
5.678847789764404,-16.712934326981845,-11.270769775035577,0.18771646349458027,0.07,5.442164551946268
5.698907852172852,-16.6351035724546,-11.348555548013541,0.16474151602713394,0.1063021120429039,5.286548024441059
5.718930721282959,-16.56420281791853,-11.42639253991248,0.12517537540523338,0.042028896212577826,5.13781027800605
5.738906383514404,-16.499984087574507,-11.504277293444968,0.19233811265556144,0.09484630048274995,4.995706794129539
5.759007930755615,-16.442099038248912,-11.582206348127402,0.1341780125233345,0.07071291998028756,4.8598926901215105
5.778934955596924,-16.39013879410184,-11.660176240512468,0.1869552693399601,0.06436928657814861,4.729962553589372
5.799077272415161,-16.35061225462012,-11.738183504421583,0.1705512049677782,0.0016617655567824907,4.6124287501985375
5.818894624710083,-16.336978077346544,-11.816224671177343,0.2061400207760744,0.0,4.5207534061692005
5.8388073444366455,-16.357901991901592,-11.894296269835964,0.2761400207760744,0.06332336366176605,4.463605722065628
5.858898162841797,-16.409226877272495,-11.97239482741976,0.2061400207760744,0.012434642761945724,4.436832049852734
5.878834962844849,-16.480315019971105,-12.050516869149543,0.16254772423533725,0.07364270836114883,4.429798150821561
5.898866176605225,-16.563256813894945,-12.128658918677122,0.2286586108687334,0.03463991731405258,4.4345978952178235
5.918942451477051,-16.635268996984184,-12.206817498317712,0.1586586108687334,0.0,4.4284514986664725
5.9388792514801025,-16.71476881567375,-12.284989129282401,0.2043012550356798,0.038635630160570145,4.429779686391349
5.958853721618652,-16.797374190205307,-12.363170331910606,0.22492051890818404,0.0,4.434203858294701
5.978914260864258,-16.87995956716378,-12.44135762590249,0.19395973740844058,0.06552725285291672,4.43860194126129
5.998962879180908,-16.960354525363783,-12.519547530551462,0.2398673502984457,0.03941023349761963,4.440806994812322
6.018819093704224,-17.03942560907382,-12.597736564976557,0.1791276319208555,0.0031555555760860443,4.441689044097263
6.03882360458374,-17.12244228972001,-12.67592124835495,0.24912763192085552,0.06463437899947166,4.4465210413650595
6.058871030807495,-17.212960653216808,-12.754098100154373,0.3111694510164671,0.10565520450472832,4.458862553062435
6.078833103179932,-17.31325298117538,-12.83226364036556,0.24116945101646708,0.07729124836623669,4.4809893408098205
6.0988609790802,-17.429272660296196,-12.910414389734692,0.2563161414372735,0.03342201001942158,4.518858270561504
6.118882179260254,-17.564740303774705,-12.988546869995885,0.22902451756177472,0.0,4.576193433778821
6.138851642608643,-17.68235677049593,-13.066657604103582,0.1768242821353488,0.0,4.615699166392346
6.158819198608398,-17.83079429122174,-13.144743116465046,0.23629149722633885,0.07,4.6860511747566935
6.178926944732666,-18.019890938489286,-13.22279993317278,0.19647084477124738,0.03485681831836701,4.797091005316506
6.198850393295288,-18.260041174110345,-13.30082458223699,0.2611375630158,0.0,4.959216591873355
6.218881130218506,-18.547853883553834,-13.378813593818018,0.24883329610107469,0.016477905213832855,5.1690402897358165
6.238777160644531,-18.868135785193058,-13.456763500458832,0.20778744782088326,0.0,5.411372284734226
6.2588465213775635,-19.202529156655867,-13.534670837317428,0.2629690107214265,0.0,5.667858319338439
6.278855323791504,-19.53791117704757,-13.612532142399283,0.23780737559078263,0.0,5.9253790346482855
6.29882550239563,-19.865140936116852,-13.69034395678982,0.2374177931423765,0.0,6.1747969793270325
6.318847417831421,-20.178084188517765,-13.768102824886874,0.16741779314237648,0.018375558778643608,6.409981363630891
6.338860750198364,-20.472856726876476,-13.84580529463309,0.2374177931423765,0.0,6.627051432243386
6.358884811401367,-20.728785770579798,-13.92344791774841,0.2724822706158739,0.0480063259601593,6.8053378528313875
6.378836393356323,-20.97176002202883,-14.001027249962517,0.2424570305820089,0.11800632596015931,6.970732772066311
6.398968458175659,-21.199332567785717,-14.078539851247276,0.1865037551696878,0.13934658251702786,7.120792716538441
6.418965578079224,-21.41020973999215,-14.155982286049168,0.1165037551696878,0.12233575403690339,7.254227453942983
6.438891410827637,-21.603932987073488,-14.233351123521793,0.1865037551696878,0.13493643764406443,7.3705818635516955
6.458811044692993,-21.780635897956344,-14.310642937758209,0.20365436212974602,0.06493643764406443,7.469992960198136
6.478722810745239,-21.94085983004637,-14.387854308023536,0.23741228716331536,0.13493643764406443,7.5530055220228345
6.498841047286987,-22.083098753251598,-14.464981818987265,0.25731453696149403,0.1135331454500556,7.618116934264332
6.51873517036438,-22.209096949633278,-14.542022060955768,0.24906713446485812,0.13214971002191306,7.66707488867751
6.5388405323028564,-22.320493985996762,-14.618971630104738,0.2869421013246756,0.06214971002191305,7.701522355892024
6.558810710906982,-22.414180789203176,-14.695827128711676,0.21694210132467562,0.02309467177838087,7.7183536604915
6.578690052032471,-22.495522063684657,-14.772585165388247,0.15419281979906374,0.06022256892174482,7.72293689829641
6.59892725944519,-22.5544544843016,-14.849242355312823,0.08419281979906373,0.04295582231134176,7.705212128988778
6.618743896484375,-22.58468725557321,-14.887532076839117,0.08419281979906373,0.04295582231134176,7.697155178734095
6.638782024383545,-22.582607290310406,-15.0022406898474,0.17544323569047265,0.01613413169980049,7.580366600463007
6.658671140670776,-22.555821999952954,-15.078575099739503,0.24544323569047266,0.0,7.477246900213451
6.678621292114258,-22.51258279787387,-15.15479519390867,0.29675617402303034,0.07,7.357787603965198
6.698718547821045,-22.459054595375715,-15.230897623853332,0.25404997503268534,0.132165554612875,7.228156971522383
6.718708276748657,-22.402106932767992,-15.306879049033256,0.1899057213019114,0.1654733043909073,7.0952278837347365
6.738795042037964,-22.34660137778612,-15.382736137102043,0.2599057213019114,0.2354733043909073,6.9638652406840755
6.7587854862213135,-22.293560325536358,-15.458465564139503,0.3299057213019114,0.16956269681453706,6.835094761396855
6.778771877288818,-22.24362895993844,-15.534064014884214,0.3911601555894595,0.09956269681453706,6.709564945054227
6.798724412918091,-22.20027727351803,-15.609528182965832,0.39599973237025554,0.10230544505640865,6.5907490905521975
6.818747282028198,-22.15721806859671,-15.684854771137688,0.40394486946868713,0.1347420953027904,6.472363297459021
6.838850975036621,-22.11549683637031,-15.76004049150909,0.4131128750171047,0.20474209530279042,6.355456344861219
6.858797788619995,-22.07348814434555,-15.835082065777902,0.3431128750171047,0.23254975197836758,6.238406078567648
6.878740072250366,-22.030070574902933,-15.909976225462893,0.33876559302094394,0.17491304768249394,6.1200943494400395
6.898699760437012,-21.98681869221456,-15.984719712136247,0.40876559302094395,0.19745105212554337,6.002098980078312
6.918684959411621,-21.94713813915958,-16.059309277655984,0.40527201298507864,0.25155853932723404,5.887828861503596
6.938812494277954,-21.913300286603235,-16.1337416843984,0.45272128883632834,0.2376172178052366,5.779558602204833
6.958709001541138,-21.882096104367147,-16.208013705490558,0.4705912698421162,0.23374209004454316,5.674082398876589
6.978739261627197,-21.85354360088896,-16.282122125042683,0.4005912698421162,0.2004199643712491,5.571421475846275
6.99862265586853,-21.825269051680838,-16.356063738380655,0.3652472167822998,0.17896635095588864,5.469205313300183
7.018908739089966,-21.800720366174826,-16.429835352278406,0.3864112931850832,0.10896635095588864,5.3708850138964195
7.038905620574951,-21.776618941294142,-16.503433785190442,0.44247591752442533,0.17132313217036427,5.2731851561037
7.0588765144348145,-21.753463365380803,-16.576855867484237,0.4574312863487285,0.17557685350067914,5.1766074978965655
7.078820466995239,-21.731575020388252,-16.650098441672657,0.3874312863487285,0.17089783021248878,5.081476578715595
7.098864793777466,-21.711143734194007,-16.72315836264652,0.3412247636157554,0.23692462214268745,4.987985371547488
7.1188859939575195,-21.692262956896066,-16.79603249790687,0.3186982144403737,0.1735404319409281,4.896230458989194
7.13906192779541,-21.674956733605995,-16.868717727797634,0.30542793970438653,0.11579625301994384,4.8062390058083615
7.159048080444336,-21.659200268383994,-16.94121094573788,0.3586717630538624,0.08143926777876914,4.717989322646115
7.178831100463867,-21.644935494746438,-17.01350905845438,0.38274322178098374,0.11242903389967979,4.631426436292056
7.1988184452056885,-21.63439911556138,-17.085608986214012,0.3643159336212557,0.1824290338996798,4.548790129347367
7.218930006027222,-21.626730091333602,-17.157507663056254,0.4111737898353022,0.12533612140454353,4.469222428277348
7.238970994949341,-21.62007164869956,-17.229202037025555,0.39236562240752393,0.055336121404543526,4.390869611674006
7.258963108062744,-21.61779011024051,-17.30068907040386,0.3841971196967643,0.10928023227490485,4.3171010398366505
7.278854608535767,-21.618608813447064,-17.37196573994303,0.37752462744596416,0.16255151101388038,4.2466430735040355
7.298865795135498,-21.621559306991205,-17.443029037097258,0.4130574223387521,0.09517159678973258,4.1785302698939475
7.318842172622681,-21.628229088514235,-17.513875968255565,0.3647345659125131,0.09202419145032764,4.11435312025867
7.338927984237671,-21.646571825615432,-17.584503554974237,0.408558743147878,0.12159397562965751,4.062068270641195
7.35888934135437,-21.686437036780184,-17.654908834209266,0.3591422756004613,0.0810727301798761,4.031528202570918
7.378862619400024,-21.747149737974002,-17.725088858548773,0.3383916356402915,0.018718873318284757,4.022060879425229
7.398839473724365,-21.82305896894623,-17.79504069644553,0.3422524319763761,0.05570563783869148,4.028018272500702
7.4189441204071045,-21.914471876565003,-17.864761432449317,0.3734254265006166,0.023332257922738797,4.049710444115686
7.439031362533569,-22.030458593618256,-17.934248167439424,0.3715146563050803,0.05032812727615238,4.096210426178832
7.459000825881958,-22.131161222645403,-18.003498018857105,0.3070285401341971,0.12032812727615239,4.127663203788298
7.478890895843506,-22.266420358321263,-18.07250812093801,0.28683068296290004,0.09140160946175457,4.193912237383252
7.49884557723999,-22.438331463509282,-18.141275624944612,0.2826135397923645,0.07827112251892687,4.29705583856467
7.518896579742432,-22.642751350764865,-18.209797699398703,0.3325169400346931,0.030786564443260445,4.432953651366162
7.538971900939941,-22.871312781526115,-18.2780715303138,0.34351764219230974,0.03411077927798034,4.593241251212316
7.558970212936401,-23.11293509169434,-18.34609432142763,0.3089030270499643,0.03960140828043224,4.766840770266711
7.578836917877197,-23.359577650801764,-18.41386329443452,0.3436361623031553,0.05255506779998542,4.945714356367244
7.598835229873657,-23.60320693810948,-18.481375689217977,0.31080665411776864,0.09883257966488601,5.121831248891503
7.618873119354248,-23.83832244182679,-18.548628764082892,0.2936644346488174,0.10198328654281796,5.289693677743898
7.638823509216309,-24.06132799399856,-18.615619795988277,0.3636644346488174,0.1330286656599492,5.4457081980102835
7.658809185028076,-24.272361271328794,-18.68234608077954,0.43366443464881743,0.17786564501933755,5.590015190549256
7.6787800788879395,-24.455585750642335,-18.748804933420928,0.4720951701176819,0.14240692379884423,5.706780817221407
7.698756217956543,-24.630913600275676,-18.81499368822806,0.527027186997002,0.09951306703500451,5.815919912047615
7.718890428543091,-24.79613585866009,-18.88090969910031,0.46222177619463767,0.13778538825921716,5.915226159559779
7.7409467697143555,-24.947668208030002,-18.979266581009412,0.39222177619463766,0.12519576038233937,5.96840162702059
7.758800029754639,-25.083381847526194,-19.011913003951324,0.42946124205715025,0.12107196833007039,6.07146884357487
7.781153440475464,-25.202215054161293,-19.10943014322242,0.3753253420663532,0.1258289493713528,6.0927849109388745
7.798664093017578,-25.30619160603033,-19.14179407967761,0.4453253420663532,0.0558289493713528,6.164397526352719
7.818826198577881,-25.39479237725638,-19.206307381069866,0.42432765761739577,0.0,6.188484996186514
7.838673830032349,-25.470378368316684,-19.270532486200022,0.43523221189505423,0.036872901022434235,6.199845882116662
7.858762264251709,-25.53724883515878,-19.334466892562414,0.40475478867418135,0.023656531237065792,6.202781942596367
7.878692150115967,-25.603252349688894,-19.398108119094847,0.4314173283649143,0.05797771271318197,6.205144230594048
7.898634195327759,-25.660558286153687,-19.461453706410836,0.37858697126037444,0.07078841794282198,6.199104579742851
7.918677568435669,-25.72593404996605,-19.524501217032228,0.429935318477219,0.1274980502203107,6.201432832933822
7.938709020614624,-25.806773726998113,-19.587248235621573,0.4052966451866087,0.19653567392379045,6.21952549137654
7.958667516708374,-25.907805554767226,-19.649692369214574,0.3881517714483198,0.1866636173799634,6.258113185552652
7.9786999225616455,-26.031781512510136,-19.711831247452487,0.3609776804817375,0.19060729909688234,6.319950265057649
7.9986889362335205,-26.17537568485848,-19.7736625228147,0.36883890448487366,0.20557939540594816,6.40171316204378
8.018723249435425,-26.32881187588818,-19.835183870851093,0.4196522553113755,0.26132077258080244,6.493628005037088
8.038938045501709,-26.48272399783884,-19.896392990414423,0.4896522553113755,0.19132077258080243,6.586331007424416
8.058802843093872,-26.63059400638467,-19.957287603892997,0.5596522553113755,0.24278015207499265,6.673306402491672
8.078879356384277,-26.768053834784755,-20.01786545744278,0.4912231950310525,0.18620039831846952,6.750188377341974
8.0987548828125,-26.87844578007269,-20.07812432122022,0.5612231950310524,0.21639229107648134,6.800321458852469
8.11894941329956,-26.974290885411875,-20.138061989614382,0.5871769926545676,0.1691119608655572,6.836228895797493
8.138859033584595,-27.0248628741873,-20.197676281479545,0.6571769926545676,0.1947416992112994,6.827186592707754
8.158906936645508,-27.01254369793483,-20.256965040367724,0.6564486084121746,0.26278470020741224,6.755578657567106
8.17889404296875,-26.94065178354265,-20.315926134760907,0.6400323753792327,0.2700759813375771,6.624725648781741
8.19881820678711,-26.8292765151426,-20.37455745830367,0.6456765510689002,0.2483602769859135,6.454719056838929
8.21897292137146,-26.69341216530242,-20.43285693003561,0.6456938523029385,0.27418953070417046,6.260555235266811
8.239020586013794,-26.544118869373904,-20.49082249462371,0.7,0.23839309329167008,6.053296374750193
8.259123802185059,-26.389432699317357,-20.548452122594846,0.6991715078358538,0.22844223568215966,5.840980576722512
8.278793811798096,-26.232761133950596,-20.605743810568267,0.646472970128525,0.23294044455513357,5.627017323382329
8.298911094665527,-26.0788396143256,-20.66269558148795,0.6542296922882087,0.23514877988025545,5.41614403283765
8.318852663040161,-25.93088480793731,-20.719305484855127,0.6356942980666644,0.30051601661369204,5.211579323082184
8.338913202285767,-25.802426667565413,-20.77557159696072,0.5656942980666644,0.2658988123945892,5.026855070604693
8.358904123306274,-25.679443059804978,-20.831492021117754,0.6036786953289992,0.19589881239458917,4.847951038687224
8.378794193267822,-25.563503175148774,-20.887064887893857,0.6321770171006209,0.15757323442026971,4.676438287254918
8.398858547210693,-25.455511306022043,-20.94228835534367,0.660865101434756,0.16323049100115894,4.513222950678372
8.41883134841919,-25.355886087136962,-20.997160609241263,0.7,0.14773635951802133,4.3587254778957
8.438887357711792,-25.26469779179158,-21.0516798633127,0.7,0.18024651719257234,4.21301792847888
8.458848476409912,-25.181772876219597,-21.105844359468385,0.6902677638456225,0.15856419330462812,4.075928516751212
8.478829383850098,-25.106773019822064,-21.15965236803552,0.6237366719171404,0.2217247394286096,3.9471206517865447
8.498758316040039,-25.041570715725168,-21.21310218799058,0.6355753380805254,0.24294974854215978,3.8284685277345893
8.518744230270386,-24.989524695634454,-21.26619214719174,0.6566745106130838,0.19038522815331815,3.7233325484427127
8.538910388946533,-24.961886528714704,-21.318920602611414,0.7,0.12038522815331815,3.6429659261032903
8.55888295173645,-24.937890366559067,-21.37128594056852,0.6608361162245273,0.11778010866604743,3.5666044259905476
8.578927278518677,-24.93572859530955,-21.42328657696112,0.6844015669077634,0.04778010866604743,3.512442018348427
8.598876476287842,-24.94878953782617,-21.47492095749873,0.6969436069950461,0.06314248221926388,3.4738685803274407
8.618932485580444,-24.97439600767143,-21.52618755793484,0.7,0.08352204042486844,3.4482084497365904
8.638895273208618,-25.01035784751197,-21.577084884299353,0.7,0.06926185733638701,3.433272963212616
8.658865213394165,-25.07109533884948,-21.62761147313103,0.6663179777562618,0.1321077207382768,3.443483865718452
8.678857803344727,-25.17755330769541,-21.677765891709917,0.6671931244665756,0.12180264296941457,3.499787415985491
8.698873043060303,-25.336125617621946,-21.7275467382898,0.7,0.17771878841333089,3.6085788793321463
8.719030141830444,-25.54293080893138,-21.776952642330706,0.7,0.18305999089963731,3.765978166600675
8.73874545097351,-25.7893690270646,-21.825982264731238,0.7,0.21704102729447183,3.9633867623333607
8.758989572525024,-26.06610610909185,-21.874634298061146,0.7,0.15618595530278978,4.191471811030706
8.778942346572876,-26.30637630914114,-21.922907466793756,0.7,0.13170742106623945,4.3834688423473835
8.798967123031616,-26.569836230723766,-21.970800527538316,0.6831914901733398,0.1440423508454114,4.59903570318545
8.819001913070679,-26.842459820701272,-22.01831226927252,0.6682323988527059,0.2140423508454114,4.8241475514287515
8.838934183120728,-27.111947001532975,-22.065441513574996,0.6657908515073359,0.16906728615052996,5.04650548795798
8.858969449996948,-27.372153387947474,-22.11218711485771,0.7,0.12974539791233836,5.259966273089763
8.879068613052368,-27.61905580456263,-22.15854796059835,0.6414208233356475,0.1034588834363967,5.46050784396428
8.898920774459839,-27.84789410913825,-22.204522971572903,0.6493059292435646,0.11298969221301375,5.643371137565346
8.91903567314148,-28.058154425892003,-22.250111102087956,0.6760018344968557,0.09579371307976542,5.808043323804046
8.938899040222168,-28.249969447659893,-22.295311340213342,0.6404908325523138,0.1208686700183898,5.954658107446551
8.959017276763916,-28.42391746407802,-22.340122708014416,0.5704908325523137,0.1316758656967431,6.083794756063604
8.978869676589966,-28.58087102683533,-22.384544261784526,0.5696324407425708,0.061675865696743104,6.196326765050802
8.998907327651978,-28.717142117235976,-22.428575092277548,0.5391620918479747,0.11784801308996973,6.288567024958429
9.018928050994873,-28.840198120127447,-22.472214324940254,0.54032696707407,0.06793586214073,6.367983795187193
9.038880825042725,-28.95083205403835,-22.515461120144792,0.5240533623681403,0.019478604691103074,6.435370933893559
9.058823108673096,-29.052238464507685,-22.55831467342112,0.46666022127727036,0.02911842384375629,6.493923791086566
9.078853368759155,-29.144563062649304,-22.60077421568954,0.5366602212772704,0.07592038580216465,6.543788846959764
9.098886013031006,-29.230462754833766,-22.642839013492953,0.6066602212772705,0.09110310071147976,6.587623741340813
9.118890047073364,-29.311952303930948,-22.684508369229516,0.6328136814222671,0.10276759558357296,6.627443934701432
9.138843059539795,-29.390547353643743,-22.725781621384954,0.7,0.1276168204192072,6.66476573225879
9.158898830413818,-29.47432596889563,-22.766658144765096,0.7,0.07775884264148769,6.707667824130535
9.178874015808105,-29.573395099303347,-22.807137350728222,0.6819245338439941,0.07436132038012144,6.766257748575125
9.198899030685425,-29.69437185432441,-22.84721868741765,0.7,0.05023815648630259,6.847153166906757
9.218855857849121,-29.799406961716922,-22.88690163999403,0.6962583337910473,0.08847969563677904,6.912505321722893
9.238900661468506,-29.918571048945594,-22.92618573086795,0.7,0.15847969563677905,6.992385318077645
9.25886344909668,-30.04440829213463,-22.96507051993221,0.6871228989213705,0.169120132420212,7.079337772202422
9.27875542640686,-30.173880499735684,-23.0035556047944,0.6899695857893675,0.23215403357520698,7.1703248949412846
9.298905849456787,-30.31173064852353,-23.041640621009407,0.7,0.228011126127094,7.270090027514122
9.318757772445679,-30.45871596948798,-23.079325242311583,0.7,0.18625235786661504,7.379390727176396
9.338913679122925,-30.61048896779126,-23.116609180847526,0.6424370527267456,0.25625235786661504,7.493879786943733
9.358909845352173,-30.756954735641298,-23.153492187408308,0.5724370527267455,0.18625235786661504,7.60346254823299
9.3789381980896,-30.89355776727276,-23.189974051662066,0.6424370527267456,0.11625235786661503,7.703583715610694
9.398993492126465,-31.01507748083624,-23.22605460238627,0.6459575065411627,0.10592752022668717,7.78902287844997
9.418941020965576,-31.115968933533228,-23.261733707700444,0.6075758182443678,0.10545597638585602,7.8542352258327846
9.438957214355469,-31.20356546864586,-23.297011275298303,0.6775758182443679,0.08963645290234123,7.9065541933475565
9.458947658538818,-31.264345224324053,-23.331887252680396,0.7,0.09051864419481714,7.932457971643657
9.478988647460938,-31.300264029774528,-23.366361627386546,0.6682658948004245,0.10905186098418196,7.933902402387982
9.498966217041016,-31.31796826954913,-23.400434427228202,0.6885137416422367,0.12646794330677946,7.917533842320928
9.518706798553467,-31.322554435197627,-23.434105720521025,0.7,0.14722312253317793,7.888448714676603
9.538844108581543,-31.32022452352056,-23.46737561631717,0.6908602517098188,0.16579654265544375,7.852848907203391
9.558836936950684,-31.313152244490293,-23.500244264637928,0.7,0.1099705604126211,7.8129079798523655
9.578939437866211,-31.305288747175105,-23.532711856705912,0.7,0.12556121416739185,7.7725768904691925
9.598929405212402,-31.29708292676363,-23.564778625177908,0.6743205662816762,0.1780026882176753,7.732304301585721
9.618861675262451,-31.288855598955596,-23.596444844376773,0.7,0.11945314623764713,7.692410754578823
9.63883113861084,-31.28314651096537,-23.62771083052445,0.665916708111763,0.08273098163655956,7.65543568044092
9.658889770507812,-31.278189735012315,-23.65857694197402,0.6318774156272411,0.04047318466356953,7.619612793038296
9.67883563041687,-31.275033406030467,-23.689043579442306,0.6897136986255645,0.07522760622552593,7.585989826588161
9.698948621749878,-31.273210816985994,-23.719111186242348,0.7,0.005227606225525927,7.5540996307436465
9.718833923339844,-31.272362651734642,-23.748780248515732,0.6314046129584312,0.05226577766588886,7.52358240321891
9.738935232162476,-31.274530003564873,-23.778051295465154,0.5614046129584311,0.017981096584117007,7.496478708099719
9.758939743041992,-31.285683798456382,-23.806924899586857,0.5752166547998785,0.0,7.4787588988695255
9.77881908416748,-31.318999880298094,-23.835401676902947,0.5262595304474234,0.04543885216116905,7.483598203395147
9.799007654190063,-31.38304584761973,-23.863482287194028,0.48256317164748896,0.11543885216116906,7.519563560425702
9.818881034851074,-31.48064635569787,-23.89116743423161,0.552563171647489,0.09241025492548943,7.589478921466263
9.83888554573059,-31.612879028438194,-23.9184578660103,0.6225631716474891,0.0923039560878533,7.6944211624278935
9.858744144439697,-31.784212331459116,-23.945354374980752,0.552563171647489,0.1623039560878533,7.838857956478364
9.878918170928955,-31.932968279488836,-23.97185779828157,0.482563171647489,0.0923039560878533,7.9611104812072675
9.898729801177979,-32.10965875596195,-23.997969017972153,0.552563171647489,0.08831002206745325,8.1116897379898
9.918909311294556,-32.301095350337214,-24.023688961265023,0.5654720205813646,0.018310022067453247,8.27740638907219
9.938879013061523,-32.49772901844553,-24.0490186007581,0.5376344926655292,0.0,8.448710417687433
9.958877086639404,-32.69279021280382,-24.073958954667507,0.5327145846560597,0.0,8.618831258136314
9.978735446929932,-32.881618380623024,-24.098511087059627,0.6027145846560598,0.0,8.783107293563397
9.998686790466309,-33.05882431583441,-24.122676108083873,0.6019555376656354,0.03487952798604965,8.936148207750534
10.018776893615723,-33.22560378027042,-24.146455174204927,0.5527754546888173,0.10487952798604966,9.079148606065491
10.038744449615479,-33.38074576713817,-24.169849488435325,0.6180602358467877,0.15271650969982148,9.210896278702847
10.058841466903687,-33.52603218739393,-24.192860300567776,0.6539248907752335,0.08271650969982147,9.333171886826154
10.078855514526367,-33.66527681200206,-24.215488907407668,0.6539229372174487,0.10460465215146542,9.449787904594395
10.098808765411377,-33.78617255017093,-24.237736653005626,0.626526269468759,0.0490738395601511,9.548435897165305
10.118721008300781,-33.9132016532476,-24.259604928889868,0.6757403308183894,0.10051433555781841,9.65359672435773
10.138823509216309,-34.04114303301273,-24.281095174298382,0.6103088402778849,0.1125135226175189,9.760047858714348
10.158714056015015,-34.166346180836925,-24.302208876412102,0.6442504407496199,0.04335626494139433,9.864137304424823
10.178754806518555,-34.284031342612735,-24.322947570586408,0.5861396895379767,0.11335626494139434,9.961083772026328
10.19872784614563,-34.393393078508716,-24.343312840584385,0.5161396895379766,0.048452618233859546,10.05008023792433
10.218846082687378,-34.49177496070504,-24.363306318808863,0.5469973065734848,0.04357670636847616,10.128468641896173
10.238828897476196,-34.57762125931544,-24.382929686534872,0.5295347233147367,0.11357670636847617,10.19469157278057
10.258723735809326,-34.65249811687214,-24.4021846741423,0.48886658966848695,0.04357670636847616,10.250313442729837
10.278770446777344,-34.71778244377427,-24.421073061348086,0.5281893980533823,0.10553215460851789,10.296709382426183
10.298846960067749,-34.77468342515827,-24.439596677438846,0.5451065447957262,0.08842933194711805,10.335086747719426
10.318865299224854,-34.82408630994691,-24.457757401503343,0.6151065447957262,0.11289487237110735,10.366328908443563
10.338844776153564,-34.86715472541959,-24.475557162664575,0.5740213835270151,0.10647907637059689,10.391597562755013
10.35880422592163,-34.90700462707291,-24.49299794031292,0.6440213835270152,0.12395372956991196,10.414006686759986
10.378848552703857,-34.94125242402133,-24.51008176433782,0.6132377116412864,0.07803383812308312,10.43117065968351
10.3988778591156,-34.97302285973725,-24.526810715360813,0.6390988985479817,0.04586277127265931,10.446212144376435
10.41883397102356,-34.9999189142934,-24.543186924967642,0.5775352502645001,0.02204173587262631,10.45673198932576
10.438889503479004,-35.02272047645183,-24.55921257594078,0.6168505447388635,0.044143017083406455,10.46350790051105
10.458852529525757,-35.042077151592416,-24.574889902492036,0.6373816887320027,0.0,10.46718724910038
10.478804588317871,-35.05853093252734,-24.5902211904947,0.6667369036407218,0.024576036259531975,10.468309742032641
10.498976945877075,-35.072534782322805,-24.605208777716324,0.7,0.019598329905420542,10.46732600460648
10.518982172012329,-35.084467887932725,-24.619855054050966,0.6549644030630588,0.06214882293716073,10.464612833881759
10.538979768753052,-35.09482851488991,-24.63416246175165,0.6746062587946653,0.09873890364542603,10.460666053138262
10.558914422988892,-35.10595990836346,-24.64813349566286,0.6628974171355366,0.16873890364542604,10.457826412700598
10.57881474494934,-35.11964964256327,-24.66177070345308,0.6842282077297568,0.13004858994856477,10.457878939110188
10.599055051803589,-35.134755558661546,-24.67507668584703,0.7,0.14308444334194065,10.459678872814514
10.619110584259033,-35.15044701217081,-24.68805409685816,0.6299999999999999,0.21308444334194065,10.462392915312648
10.63883638381958,-35.1661316219137,-24.700705644021426,0.6749377447366713,0.17850870905444027,10.465425977892274
10.6588294506073,-35.17908176380287,-24.713034088625108,0.7,0.14190580589696766,10.466047675177762
10.678794622421265,-35.18747495015035,-24.725042245944007,0.6508061334490776,0.07190580589696766,10.462432704206346
10.698868751525879,-35.18784906667833,-24.73673298547131,0.7,0.0773590953834355,10.451116081207022
10.718755722045898,-35.17801073831355,-24.748109231151204,0.7,0.10378524677827955,10.429901507162349
10.738840579986572,-35.15670563756567,-24.75917396161149,0.7,0.1657970996387303,10.39753167595418
10.75887680053711,-35.138208005151306,-24.769930210395795,0.6299999999999999,0.17755666298791767,10.36827779475551
10.778848886489868,-35.11193731812047,-24.780381066196288,0.6355664032697677,0.10755666298791766,10.33155625192418
10.798755168914795,-35.08095998067645,-24.790529673085725,0.7,0.037556662987917655,10.290430307590722
10.818767547607422,-35.04752990042548,-24.8003792307504,0.7,0.06774467585608362,10.24715066967508
10.838769435882568,-35.013277239246634,-24.80993299472213,0.7,0.008076406847685569,10.203344244524505
10.858739137649536,-34.979355954703614,-24.81919427661099,0.7,0.043582621794193976,10.160161678092624
10.878822803497314,-34.94655882973538,-24.828166444337786,0.7,0.03391886485740542,10.118392385397595
10.89880895614624,-34.91772323683058,-24.83685292236619,0.6833651110529899,0.08546604944393038,10.080870314464391
10.918925762176514,-34.89239920553738,-24.845257191935577,0.7,0.05668909085914492,10.047142013601803
10.938878297805786,-34.872497996439066,-24.85338279129323,0.7,0.00048538280650972654,10.019115205145834
10.958773374557495,-34.85521925859791,-24.861233315926732,0.7,0.014327757824212306,9.99398594267118
10.97871208190918,-34.84420237448019,-24.86881241879676,0.6364298433065414,0.08432775782421231,9.97538995568343
10.998780250549316,-34.83782520019325,-24.87612381056912,0.6443959686905145,0.016016699839383364,9.961701389624132
11.018745422363281,-34.83715509536727,-24.88317125984757,0.6897276405245065,0.005145906936377287,9.953983835519704
11.038721799850464,-34.84509936598263,-24.889958593405826,0.6394184742122888,0.0,9.9551407725768
11.058716058731079,-34.8657666869973,-24.896489696420467,0.6609074797481298,0.0,9.96927699057683
11.0788254737854,-34.90399189705228,-24.902768512703165,0.7,0.0,10.001223384349114
11.098650693893433,-34.96035409604105,-24.908799044933016,0.6435683563351631,0.0,10.051555051108036
11.11867094039917,-35.03477751699732,-24.914585354889198,0.6446096665924415,0.0,10.120192162108125
11.138739585876465,-35.131366228251665,-24.920131563683444,0.5757385037606582,0.05568122863769531,10.21123466456822
11.15865445137024,-35.25933571571079,-24.925441851992304,0.6083691932028159,0.016083523631095886,10.333893863718487
11.178690671920776,-35.42657618655334,-24.930520460289586,0.678369193202816,0.05219276621937752,10.496055726263755
11.198856353759766,-35.57177863319083,-24.935371689079133,0.7,0.0386437876150012,10.636406944111698
11.218754768371582,-35.75665246875245,-24.939999899126764,0.6299999999999999,0.0,10.816652569625685
11.238679885864258,-35.96652529228152,-24.944409511693166,0.6530442769825457,0.0,11.02211578058835
11.2587149143219,-36.188230747530135,-24.948605008766165,0.6271210118383168,0.0,11.23962573876397
11.278656005859375,-36.4123118934285,-24.952590933293095,0.6481682128459214,0.07,11.459720960135407
11.298845052719116,-36.632137512754746,-24.956371889413397,0.5781682128459213,0.07575202144682408,11.675765623341348
11.318738460540771,-36.84321384578353,-24.959952542691077,0.5924122048914431,0.05042848333716393,11.883261303092453
11.338808059692383,-37.04265020148595,-24.963337620346906,0.6624122048914431,0.026406245008111007,12.079312581139042
11.358697175979614,-37.22874553282445,-24.966531911491117,0.6682392141036688,0.0,12.26221362133333
11.378846883773804,-37.40066992710453,-24.96954026735585,0.6305283574573695,0.0,12.431129659748681
11.39875316619873,-37.55822041675477,-24.972367601527434,0.5605283574573694,0.0,12.585852815227337
11.418760776519775,-37.695009774324134,-24.97501889017899,0.6081134313158689,0.0482494980096817,12.719990884145144
11.438892841339111,-37.82039885984244,-24.977499172302785,0.5381134313158689,0.0,12.842899687539656
11.458823680877686,-37.93456492352756,-24.979813549942698,0.5254658844880757,0.05023658648133278,12.954751373584863
11.478812217712402,-38.037926861459205,-24.9819671884268,0.5954658844880758,0.030260872095823288,13.055959673032405
11.498724460601807,-38.131060372240825,-24.983965316599587,0.5328959756903349,0.09091624245047569,13.147095055641238
11.518772840499878,-38.21463489396387,-24.985813227054464,0.5940151744894682,0.1609162424504757,13.228821666909404
11.538828611373901,-38.2893673313635,-24.98751627636637,0.5240151744894681,0.09091624245047569,13.30185105499713
11.558831691741943,-38.355988664628235,-24.989079885324173,0.5940151744894682,0.10704506561160088,13.366908779304062
11.578803062438965,-38.41522038557581,-24.990509539162908,0.5992880463041363,0.037562813609838486,13.4247108464129
11.598825454711914,-38.46775838074711,-24.991810787796442,0.6692880463041364,0.03897448594216257,13.475947592950664
11.618815183639526,-38.50962971557482,-24.992989246049866,0.7,0.09751352632883936,13.516640469524951
11.638856887817383,-38.545983477498176,-24.99405059389197,0.6916670508682727,0.16751352632883937,13.551932883606206
11.658890962600708,-38.56760290235219,-24.99500057666757,0.7,0.09751352632883936,13.57260232568462
11.67881727218628,-38.56915297512119,-24.995845005330096,0.7,0.08759682031814009,13.573307969791095
11.698957681655884,-38.54977337253448,-24.996589756674027,0.7,0.03906943427864462,13.553183615860455
11.718911409378052,-38.51636717451196,-24.997240773567285,0.7,0.03258103656116873,13.519126400944678
11.738961696624756,-38.464833402333866,-24.997804065183615,0.6926904975436627,0.06718798505607992,13.467029337150251
11.758905410766602,-38.390484998664995,-24.998285707235148,0.7,0.05357744044158608,13.392199291429847
11.778908729553223,-38.30224944283947,-24.998691842204934,0.7,0.05297306750435382,13.303557600634534
11.798833847045898,-38.20900992975093,-24.999028679579148,0.6327702522277832,0.10260734905023128,13.20998125017178
11.818911790847778,-38.11243573527741,-24.99930249607969,0.7,0.12196931627113372,13.113133239197719
11.838865756988525,-38.01609053902543,-24.99951963589666,0.6322631135582923,0.1804410145850852,13.016570903128766
11.85886812210083,-37.93244117982979,-24.999686510920704,0.5622631135582923,0.2504410145850852,12.932754668909084
11.878864288330078,-37.85213340662769,-24.999809600975542,0.6069573584198951,0.1808096317620948,12.852323805652151
11.898817539215088,-37.77626313647572,-24.999895454050368,0.670240429341793,0.1108096317620948,12.776367682425352
11.918863773345947,-37.70547462198731,-24.99995068653238,0.6394446204602717,0.1482806355925277,12.705523935454927
11.938948392868042,-37.63776507120173,-24.999981983439,0.5694446204602717,0.07828063559252768,12.637783087762728
11.958933115005493,-37.57166223826649,-24.999996098650712,0.5439050266891716,0.0955287017347291,12.571666139615779
11.97878098487854,-37.501468488985175,-24.999999855143162,0.5973060163110493,0.025528701734729098,12.501468633842013
11.998815536499023,-37.42101782575779,-25.0,0.6382223436981438,0.017897169352509068,12.421017825757787
12.018800497055054,-37.33324683148079,-25.0,0.6389000460063106,0.0007658128300681577,12.333246831480793
12.038774967193604,-37.2427044737816,-25.0,0.5697028755699283,0.03456097959075122,12.2427044737816
12.058791637420654,-37.15262341551659,-25.0,0.6370244964514857,0.024556420990265893,12.152623415516587
12.078739881515503,-37.07441274085227,-25.0,0.6614377244864589,0.0945564209902659,12.074412740852267
12.098642587661743,-36.99964868705599,-25.0,0.5914377244864588,0.024556420990265893,11.999648687055988
12.118768453598022,-36.93156533542579,-25.0,0.6358013386582022,0.0,11.931565335425788
12.138671636581421,-36.87223294632821,-25.0,0.5658013386582021,0.0,11.87223294632821
12.15876317024231,-36.82285885140065,-25.0,0.6358013386582022,0.03504280373454094,11.822858851400653
12.178802490234375,-36.78401918978004,-25.0,0.6881134408270007,0.09116071090102196,11.78401918978004
12.198837518692017,-36.75352015447815,-25.0,0.7,0.12061325646936893,11.753520154478153
12.218810796737671,-36.734250849952645,-25.0,0.7,0.07385645247995853,11.734250849952645
12.238717079162598,-36.73255472941227,-25.0,0.6348323717713356,0.05815150402486324,11.732554729412271
12.25877571105957,-36.754691039969806,-25.0,0.7,0.10178541578352451,11.754691039969806
12.278883934020996,-36.795113838618605,-25.0,0.7,0.16366172768175602,11.795113838618605
12.298768281936646,-36.83020994444855,-25.0,0.6574497453868389,0.1632801261730492,11.830209944448548
12.318744897842407,-36.87764407050097,-25.0,0.7,0.0932801261730492,11.87764407050097
12.338743925094604,-36.93239782253021,-25.0,0.680391725897789,0.12907470094040036,11.932397822530213
12.358756303787231,-36.98847626607934,-25.0,0.6787762254709377,0.05907470094040035,11.988476266079338
12.378876209259033,-37.03936417683717,-25.0,0.6654669320443645,0.12907470094040036,12.039364176837168
12.398780822753906,-37.080673003473116,-25.0,0.599832003400661,0.08537855075672268,12.080673003473116
12.418752193450928,-37.111923347967476,-25.0,0.5669611333170905,0.04395689519122242,12.111923347967476
12.43878436088562,-37.13304732006818,-25.0,0.5592293896945193,0.0,12.13304732006818
12.45875334739685,-37.14658099208785,-25.0,0.5944363632472232,0.0,12.146580992087848
12.478843927383423,-37.15448591176335,-25.0,0.6050904308678582,0.0,12.154485911763352
12.498908281326294,-37.15827287692539,-25.0,0.5605365735711529,0.07,12.158272876925388
12.518889665603638,-37.16156081676488,-25.0,0.630536573571153,0.08337489020079375,12.161560816764883
12.538853168487549,-37.16427080782484,-25.0,0.7,0.11553412180393935,12.164270807824842
12.559024810791016,-37.16882429353359,-25.0,0.6299999999999999,0.18553412180393936,12.16882429353359
12.578964948654175,-37.176854575990994,-25.0,0.6064027260243892,0.11553412180393935,12.176854575990994
12.598956823348999,-37.19172083233892,-25.0,0.6764027260243892,0.15950069081038237,12.191720832338923
12.618940353393555,-37.2109434237302,-25.0,0.6064027260243892,0.13533813010901213,12.2109434237302
12.639026641845703,-37.230368882729174,-25.0,0.6764027260243892,0.06533813010901213,12.230368882729174
12.65883755683899,-37.249423293689205,-25.0,0.7,0.07415768038481474,12.249423293689205
12.678864240646362,-37.263085108799885,-25.0,0.7,0.0041576803848147326,12.263085108799885
12.698850154876709,-37.2703249286239,-25.0,0.6747667461633682,0.06532142248004674,12.2703249286239
12.718724727630615,-37.2705970034661,-25.0,0.7,0.05807108927518129,12.2705970034661
12.738917589187622,-37.270833225790504,-25.0,0.6602795466780662,0.040228679142892354,12.270833225790504
12.759235858917236,-37.26622734278729,-25.0,0.7,0.09151617374271154,12.266227342787289
12.778764963150024,-37.25837961576508,-25.0,0.7,0.11503276910632848,12.25837961576508
12.79870891571045,-37.24848699335838,-25.0,0.6968381249345839,0.0959746104851365,12.248486993358377
12.818809509277344,-37.237434745658994,-25.0,0.7,0.0940839596511796,12.237434745658994
12.838786363601685,-37.22818467382909,-25.0,0.6299999999999999,0.1390583947720006,12.228184673829091
12.858810663223267,-37.220430142740796,-25.0,0.6913968409597873,0.2090583947720006,12.220430142740796
12.878789901733398,-37.21391875481934,-25.0,0.6824769043549894,0.2100684936158359,12.213918754819339
12.898802995681763,-37.208442436743894,-25.0,0.6987238508835434,0.1400684936158359,12.208442436743894
12.918816566467285,-37.20382938570302,-25.0,0.7,0.07006849361583589,12.203829385703017
12.938674926757812,-37.19993751951596,-25.0,0.7,0.04446303484961389,12.199937519515963
12.958766460418701,-37.196558501928294,-25.0,0.7,0.1144630348496139,12.196558501928294
12.978845119476318,-37.19139904650684,-25.0,0.7,0.08232951892539858,12.191399046506838
12.99871301651001,-37.18282256263348,-25.0,0.6949794295243918,0.07719892619177698,12.182822562633483
13.01871395111084,-37.16978236192301,-25.0,0.6969649766571819,0.10437096079811453,12.169782361923012
13.038717985153198,-37.15398542397918,-25.0,0.6269649766571819,0.11814395973458885,12.15398542397918
13.058889627456665,-37.13669003693746,-25.0,0.5933812834508716,0.04814395973458885,12.136690036937459
13.078823328018188,-37.11880967457252,-25.0,0.5233812834508715,0.0,12.118809674572518
13.09890627861023,-37.100994234849445,-25.0,0.45338128345087153,0.0,12.100994234849445
13.118815183639526,-37.086009761227864,-25.0,0.49361816631630046,0.0,12.086009761227864
13.13896656036377,-37.07338653545443,-25.0,0.5006000583618877,0.04792070761322975,12.073386535454432
13.158905744552612,-37.06505241807313,-25.0,0.5423324664682148,0.04450608743354678,12.06505241807313
13.178805112838745,-37.05781652458256,-25.0,0.6123324664682148,0.0,12.057816524582563
13.19901180267334,-37.05826738489838,-25.0,0.6198942488431929,0.07,12.058267384898379
13.218859910964966,-37.06636177964811,-25.0,0.689894248843193,0.0,12.066361779648112
13.238873481750488,-37.08186824496373,-25.0,0.6325685653090476,0.022905472666025162,12.08186824496373
13.258857488632202,-37.106747014325265,-25.0,0.7,0.058807048946619034,12.106747014325265
13.27887773513794,-37.13747992529062,-25.0,0.6817974381148815,0.05132156005129218,12.13747992529062
13.298858642578125,-37.17146904581564,-25.0,0.6418658874928951,0.03990434808656573,12.171469045815641
13.318893671035767,-37.206824086100056,-25.0,0.6892949871718883,0.08123123226687312,12.206824086100056
13.3390634059906,-37.242196089180936,-25.0,0.6370291084051132,0.045191343408077955,12.242196089180936
13.358883380889893,-37.27664764890502,-25.0,0.6113174062222242,0.043184964917600155,12.27664764890502
13.37880563735962,-37.30955191949485,-25.0,0.6813174062222243,0.11318496491760016,12.30955191949485
13.398869037628174,-37.33812024730687,-25.0,0.7,0.1022997746989131,12.338120247306868
13.418886423110962,-37.36763438445931,-25.0,0.6393163584172725,0.05516979347914458,12.367634384459308
13.438874006271362,-37.399343968400515,-25.0,0.6050648249685764,0.041473189070820815,12.399343968400515
13.45874309539795,-37.43174276398939,-25.0,0.6750648249685764,0.0,12.43174276398939
13.478864669799805,-37.46145005759764,-25.0,0.6396194104850292,0.011287636123597622,12.461450057597638
13.498886823654175,-37.486188605965346,-25.0,0.6862673056125641,0.0,12.486188605965346
13.518803834915161,-37.5045076312542,-25.0,0.6741290199384093,0.0,12.5045076312542
13.538889646530151,-37.517884985509625,-25.0,0.6271334620937705,0.07,12.517884985509625
13.558785676956177,-37.52747739304842,-25.0,0.6205615261383355,0.14,12.527477393048422
13.57881474494934,-37.53418804380673,-25.0,0.6905615261383355,0.21000000000000002,12.53418804380673
13.598837852478027,-37.541036572312166,-25.0,0.7,0.14,12.541036572312166
13.618879556655884,-37.54698263961182,-25.0,0.7,0.09448610186576845,12.54698263961182
13.63876748085022,-37.557595599368824,-25.0,0.7,0.06799517698585988,12.557595599368824
13.658784866333008,-37.57348673592944,-25.0,0.7,0.131421090438962,12.573486735929443
13.67876672744751,-37.590308833477486,-25.0,0.7,0.06142109043896199,12.590308833477486
13.698781967163086,-37.605017865625996,-25.0,0.6299999999999999,0.05389521567150951,12.605017865625996
13.71873950958252,-37.615555200847595,-25.0,0.6807276132702826,0.0,12.615555200847595
13.738733053207397,-37.620600898610455,-25.0,0.7,0.037685271352529526,12.620600898610455
13.758782386779785,-37.62169923366496,-25.0,0.6772324245423078,0.0,12.621699233664962
13.77868103981018,-37.62002686134832,-25.0,0.7,0.008600156754255295,12.620026861348322
13.798671245574951,-37.616474085123095,-25.0,0.6821697901934385,0.0786001567542553,12.616474085123095
13.818700313568115,-37.61402519827604,-25.0,0.7,0.008600156754255295,12.614025198276039
13.838712692260742,-37.611899012192374,-25.0,0.6299999999999999,0.002013111487030983,12.611899012192374
13.85865831375122,-37.610561582493126,-25.0,0.6141233678162097,0.0,12.610561582493126
13.878649950027466,-37.612123603440345,-25.0,0.6294254428893327,0.013483550399541855,12.612123603440345
13.898722648620605,-37.61565835915367,-25.0,0.5741561233252286,0.05948182940483093,12.61565835915367
13.91866683959961,-37.620470179707894,-25.0,0.5779607040993868,0.1272776573896408,12.620470179707894
13.93872857093811,-37.6283585575667,-25.0,0.5551860729418694,0.0572776573896408,12.628358557566699
13.95872712135315,-37.638175954545176,-25.0,0.6181813800893723,0.0510083020851016,12.638175954545176
13.978787422180176,-37.65139082207338,-25.0,0.6881813800893724,0.05859112117439508,12.651390822073381
13.998808145523071,-37.66661722971011,-25.0,0.7,0.0,12.666617229710113
14.018811702728271,-37.6828395233747,-25.0,0.7,0.0,12.682839523374703
14.038803339004517,-37.696924132909125,-25.0,0.7,0.060134295374155045,12.696924132909125
14.058764696121216,-37.71155462074864,-25.0,0.7,0.08267395570874214,12.711554620748643
14.078901290893555,-37.72617868002067,-25.0,0.7,0.012673955708742135,12.726178680020674
14.098823308944702,-37.740412858607144,-25.0,0.7,0.0032063744217157297,12.740412858607144
14.118871927261353,-37.754001093436976,-25.0,0.7,0.0,12.754001093436976
14.138847589492798,-37.766782551892526,-25.0,0.7,0.010621351189911366,12.766782551892526
14.158846378326416,-37.77866678529151,-25.0,0.6913741592317819,0.0021043606102466583,12.778666785291513
14.178848028182983,-37.7896146160208,-25.0,0.6223998133093118,0.07210436061024666,12.789614616020799
14.198888301849365,-37.79962351087007,-25.0,0.6923998133093119,0.14210436061024667,12.79962351087007
14.218907594680786,-37.8087164558764,-25.0,0.6715377331525088,0.07210436061024666,12.8087164558764
14.2389235496521,-37.816933556451986,-25.0,0.6015377331525087,0.11104462638497353,12.816933556451986
14.258975505828857,-37.82432575181799,-25.0,0.6060515845194459,0.18104462638497354,12.824325751817987
14.278923511505127,-37.83074384456646,-25.0,0.6760515845194459,0.11104462638497353,12.830743844566463
14.298892498016357,-37.83652251563537,-25.0,0.7,0.10025392536073924,12.836522515635373
14.31891918182373,-37.83938841257612,-25.0,0.7,0.03025392536073923,12.83938841257612
14.33890151977539,-37.84015562321569,-25.0,0.6712713062763214,0.04993313644081354,12.840155623215693
14.358883380889893,-37.8348122115091,-25.0,0.7,0.0,12.834812211509103
14.378914833068848,-37.823048958100166,-25.0,0.7,0.0,12.823048958100166
14.398913621902466,-37.80482027952304,-25.0,0.7,0.0,12.804820279523042
14.41888427734375,-37.782581258072234,-25.0,0.6927522521466016,0.056987643241882324,12.782581258072234
14.438932657241821,-37.75814283801155,-25.0,0.6623751025646925,0.09390681609511375,12.758142838011551
14.45890474319458,-37.73745352686237,-25.0,0.7,0.05124766007065773,12.737453526862367
14.478880405426025,-37.72222988605559,-25.0,0.6511720463633537,0.04729695711284876,12.722229886055587
14.4989755153656,-37.70901233242913,-25.0,0.5811720463633536,0.09520517010241747,12.709012332429133
14.518719911575317,-37.70204434087955,-25.0,0.6511720463633537,0.05287733767181635,12.702044340879553
14.538910627365112,-37.69960081349019,-25.0,0.6445569827221334,0.0,12.699600813490193
14.558900594711304,-37.70036428924474,-25.0,0.7,0.07,12.700364289244739
14.578924179077148,-37.70565151336763,-25.0,0.7,0.02081468671560288,12.705651513367627
14.598901748657227,-37.71162515224045,-25.0,0.7,0.04273895516991616,12.711625152240451
14.618849277496338,-37.71791812674416,-25.0,0.7,0.053111805282533175,12.71791812674416
14.638960599899292,-37.72426705485162,-25.0,0.6822526983916759,0.0,12.724267054851623
14.658881902694702,-37.7304875219112,-25.0,0.6810472605749964,0.04367905855178833,12.7304875219112
14.679010152816772,-37.73645482269307,-25.0,0.7,0.04754197457805276,12.73645482269307
14.698913097381592,-37.74208901155606,-25.0,0.7,0.049346708809025586,12.742089011556061
14.71894383430481,-37.74698075817458,-25.0,0.6971297322772443,0.011846051667816937,12.74698075817458
14.738909244537354,-37.7515904782584,-25.0,0.6554741992615163,0.07041197747457772,12.7515904782584
14.75892972946167,-37.75588281954883,-25.0,0.66101466845721,0.030503125046379864,12.75588281954883
14.778903722763062,-37.76215793962755,-25.0,0.6300023028627038,0.0,12.76215793962755
14.799033641815186,-37.767328530832515,-25.0,0.6440548475831747,0.016949910670518875,12.767328530832515
14.818958759307861,-37.77391201560524,-25.0,0.7,0.0,12.77391201560524
14.838907718658447,-37.781303361550954,-25.0,0.6299999999999999,0.0,12.781303361550954
14.858900785446167,-37.789061033916404,-25.0,0.6468171077966689,0.009466917254030704,12.789061033916404
14.878900051116943,-37.80381774106362,-25.0,0.7,0.06717835832387209,12.803817741063618
14.899022102355957,-37.83231232165148,-25.0,0.7,0.08571553509682417,12.832312321651479
14.91890001296997,-37.87654703282035,-25.0,0.7,0.10357048828154802,12.876547032820348
14.938941955566406,-37.91495273842296,-25.0,0.7,0.13350594881922007,12.914952738422961
14.958873987197876,-37.96852623978073,-25.0,0.6871653728187084,0.1721481615677476,12.96852623978073
14.978877782821655,-38.031223071223465,-25.0,0.7,0.10214816156774759,13.031223071223465
14.99892807006836,-38.10092076890631,-25.0,0.6719228185713291,0.09808346426114439,13.100920768906313
15.018924713134766,-38.17132790773564,-25.0,0.6449183139950037,0.028083464261144386,13.171327907735638
15.03895902633667,-38.2380558897502,-25.0,0.605608320608735,0.0,13.2380558897502
15.058903217315674,-38.29583709641587,-25.0,0.5444706816226244,0.005382883828133345,13.295837096415873
15.078920125961304,-38.34124853432644,-25.0,0.6144706816226244,0.0,13.34124853432644
15.098916292190552,-38.372238663208485,-25.0,0.6021018563583493,0.07,13.372238663208485
15.11890983581543,-38.39239529158265,-25.0,0.6359093314781785,0.06590738164260984,13.392395291582652
15.139034509658813,-38.40449595677084,-25.0,0.6901602945104242,0.0,13.404495956770837
15.158925294876099,-38.415002063231874,-25.0,0.6939540626294911,0.0,13.415002063231874
15.178893566131592,-38.41980386574344,-25.0,0.7,0.0,13.41980386574344
15.198917627334595,-38.42283336748274,-25.0,0.6796818755567073,0.0,13.422833367482738
15.218914985656738,-38.424552021602,-25.0,0.6727804884314537,0.009595444425940514,13.424552021601997
15.238901138305664,-38.42763123976168,-25.0,0.7,0.0,13.42763123976168
15.258898496627808,-38.43389067468747,-25.0,0.6299999999999999,0.0,13.433890674687468
15.278915166854858,-38.44451040726786,-25.0,0.5599999999999998,0.0,13.444510407267863
15.2989182472229,-38.46019518340645,-25.0,0.615229641497135,0.009727575816214085,13.460195183406448
15.318870544433594,-38.47898466904344,-25.0,0.6289052315428851,0.07972757581621409,13.478984669043442
15.338892459869385,-38.501751778309675,-25.0,0.6548054743930696,0.009727575816214085,13.501751778309675
15.35887885093689,-38.5266816423408,-25.0,0.5848054743930695,0.0,13.526681642340797
15.378925323486328,-38.54832638678228,-25.0,0.6494725130125878,0.07,13.548326386782279
15.398930549621582,-38.57356555740251,-25.0,0.665465523265302,0.01966519623994828,13.57356555740251
15.418903589248657,-38.6006361704253,-25.0,0.5954655232653019,0.0,13.600636170425297
15.43889594078064,-38.62826542436018,-25.0,0.6109906454384324,0.0,13.62826542436018
15.458958864212036,-38.655554533285134,-25.0,0.6455311384797093,0.07,13.655554533285134
15.478882312774658,-38.67957183449394,-25.0,0.5755311384797093,0.07338737550191582,13.679571834493942
15.498984813690186,-38.70068362868714,-25.0,0.637552826106548,0.0033873755019158125,13.700683628687138
15.518905401229858,-38.7192209154897,-25.0,0.7,0.06621198984794319,13.7192209154897
15.538891077041626,-38.73548145163054,-25.0,0.6806126859039068,0.06309773470275104,13.735481451630541
15.558911561965942,-38.74973205662678,-25.0,0.7,0.0,13.749732056626783
15.578856229782104,-38.76221102961379,-25.0,0.7,0.0657428652048111,13.762211029613788
15.5990149974823,-38.77304559256442,-25.0,0.6669823013246059,0.053586628288030624,13.773045592564422
15.618773698806763,-38.78253742385293,-25.0,0.6669823013246059,0.053586628288030624,13.78253742385293
15.638905048370361,-38.7885301157236,-25.0,0.7,0.12358662828803063,13.788530115723603
15.658625602722168,-38.79193443709285,-25.0,0.6619105121819302,0.09092852845788002,13.791934437092848
15.67873239517212,-38.793451206451216,-25.0,0.6933331980137154,0.020928528457880013,13.793451206451216
15.698745012283325,-38.79361694483643,-25.0,0.6233331980137153,0.09092852845788002,13.79361694483643
15.718681335449219,-38.79052356745246,-25.0,0.6095354929519816,0.127820685505867,13.79052356745246
15.738741159439087,-38.78293164960066,-25.0,0.6795354929519817,0.057820685505867,13.782931649600663
15.758706331253052,-38.770098869703226,-25.0,0.7,0.04065321788191795,13.770098869703226
15.778792142868042,-38.75396409616972,-25.0,0.6974191912915557,0.11065321788191795,13.753964096169717
15.798717737197876,-38.7399554738476,-25.0,0.7,0.18065321788191796,13.739955473847601
15.818803787231445,-38.72148206109418,-25.0,0.7,0.11065321788191795,13.721482061094179
15.838749647140503,-38.70039435713603,-25.0,0.671042824909091,0.11473921546712518,13.700394357136027
15.858731508255005,-38.67804658187932,-25.0,0.7,0.1428407379426062,13.678046581879322
15.87866997718811,-38.65541255900716,-25.0,0.7,0.20876011485233903,13.65541255900716
15.89874815940857,-38.633176231412726,-25.0,0.7,0.13876011485233902,13.633176231412726
15.918679237365723,-38.60948582314045,-25.0,0.6455348588526248,0.06876011485233902,13.609485823140453
15.938677787780762,-38.58309344900195,-25.0,0.6541283333674073,0.0,13.58309344900195
15.958707571029663,-38.5485708662278,-25.0,0.7,0.0,13.548570866227799
15.978693723678589,-38.49541295018069,-25.0,0.7,0.048435278236866,13.495412950180693
15.998777151107788,-38.421446875322594,-25.0,0.6905688036233186,0.019782008603215218,13.421446875322594
16.018725633621216,-38.3372935768034,-25.0,0.6720782674849033,0.032556863501667976,13.337293576803397
16.038710355758667,-38.26422953449329,-25.0,0.7,0.015011582523584366,13.264229534493289
16.05875873565674,-38.18947891260733,-25.0,0.7,0.06585081666707993,13.189478912607328
16.079051971435547,-38.11784321834509,-25.0,0.7,0.06585081666707993,13.117843218345087
16.098705530166626,-38.054891739115334,-25.0,0.6055626057088375,0.10709573298692704,13.054891739115334
16.118702173233032,-38.004263921368654,-25.0,0.5425783328711986,0.03709573298692703,13.004263921368654
16.138662576675415,-37.96816286457828,-25.0,0.5478461955673992,0.02487284131348133,12.968162864578282
16.15874218940735,-37.95005229535509,-25.0,0.527493327204138,0.036366455256938934,12.950052295355093
16.17873454093933,-37.944914868759504,-25.0,0.5974933272041381,0.07591170072555542,12.944914868759504
16.198641061782837,-37.9489237294155,-25.0,0.6617310708202422,0.04267944395542145,12.948923729415498
16.21867346763611,-37.95917976906091,-25.0,0.7,0.052485411055386066,12.95917976906091
16.238715648651123,-37.9758210281926,-25.0,0.7,0.07141828071326017,12.975821028192598
16.258739233016968,-37.99026939424225,-25.0,0.7,0.11829739343374968,12.990269394242247
16.278772115707397,-38.00900319746078,-25.0,0.7,0.11277639027684927,13.009003197460778
16.298840761184692,-38.03021985405576,-25.0,0.7,0.04277639027684926,13.030219854055758
16.318785429000854,-38.05260188927363,-25.0,0.6571735151112079,0.0,13.052601889273632
16.338851928710938,-38.075203497510415,-25.0,0.6236338548362255,0.0,13.075203497510415
16.3587646484375,-38.095045605799996,-25.0,0.6249124623602256,0.040959060192108154,13.095045605799996
16.37884759902954,-38.11244808278764,-25.0,0.6949124623602256,0.05281250737607479,13.112448082787637
16.398847579956055,-38.125381051112534,-25.0,0.6272976983850822,0.10899271257221699,13.125381051112534
16.418726444244385,-38.137185087289026,-25.0,0.6972976983850823,0.03899271257221698,13.137185087289026
16.438663721084595,-38.14789389517479,-25.0,0.6272976983850822,0.0,13.14789389517479
16.458821535110474,-38.15987609751899,-25.0,0.6179821881046519,0.02757303975522518,13.159876097518989
16.47874093055725,-38.17027935151438,-25.0,0.6752326245000586,0.0,13.170279351514381
16.49876832962036,-38.181459355784014,-25.0,0.6705765340989456,0.0,13.181459355784014
16.518760204315186,-38.19056787968033,-25.0,0.7,0.0,13.19056787968033
16.53879952430725,-38.20031388776322,-25.0,0.6990739823551848,0.040723010897636414,13.200313887763222
16.558895111083984,-38.21024582487575,-25.0,0.7,0.08148305490612984,13.210245824875749
16.578911066055298,-38.22004514950528,-25.0,0.6782082699239254,0.04150446504354477,13.220045149505282
16.59891676902771,-38.23412680010883,-25.0,0.688476300612092,0.0,13.234126800108832
16.61895990371704,-38.26470983860663,-25.0,0.651412571594119,0.0,13.264709838606628
16.63883638381958,-38.30826475347437,-25.0,0.6340128861367702,0.0,13.308264753474369
16.658892393112183,-38.35968179458984,-25.0,0.6566515032202005,0.0,13.35968179458984
16.678853034973145,-38.41520462403971,-25.0,0.6509283690713346,0.0,13.41520462403971
16.698774576187134,-38.46341096213324,-25.0,0.6587895809672772,0.06648308038711548,13.463410962133239
16.718868017196655,-38.51396992892351,-25.0,0.6354537944309413,0.0,13.513969928923508
16.73882222175598,-38.56483050935552,-25.0,0.5654537944309412,0.015626758337020874,13.564830509355517
16.758888483047485,-38.6168765076094,-25.0,0.6354537944309413,0.0054900748655200005,13.616876507609398
16.778932571411133,-38.67300690329159,-25.0,0.6639433505944907,0.07549007486552001,13.673006903291594
16.79895567893982,-38.73281127894469,-25.0,0.6615594837814569,0.0312558363005519,13.732811278944688
16.818915367126465,-38.793591391200714,-25.0,0.7,0.1012558363005519,13.793591391200714
16.838982820510864,-38.85344737759999,-25.0,0.6753900915384292,0.05837118472903968,13.853447377599991
16.858960390090942,-38.91108398610666,-25.0,0.6053900915384292,0.01532016541808845,13.91108398610666
16.878955125808716,-38.96566005147977,-25.0,0.5353900915384291,0.0,13.965660051479773
16.898913145065308,-39.01435562901377,-25.0,0.49953667208552344,0.002173050306737423,14.014355629013771
16.91892910003662,-39.05663437268593,-25.0,0.5695366720855235,0.0,14.056634372685927
16.938923597335815,-39.094390852716835,-25.0,0.6395366720855236,0.038537636399269104,14.094390852716835
16.958871126174927,-39.12569484084195,-25.0,0.6381562180351465,0.08624333143234253,14.125694840841952
16.978790521621704,-39.1516920411158,-25.0,0.696901013655588,0.10041751805692911,14.151692041115801
16.998703718185425,-39.17331809697749,-25.0,0.7,0.04302291665226221,14.17331809697749
17.01884365081787,-39.19133808909114,-25.0,0.7,0.11302291665226222,14.19133808909114
17.03868007659912,-39.206378464936535,-25.0,0.7,0.18302291665226222,14.206378464936535
17.05874252319336,-39.21895287014062,-25.0,0.7,0.16455818746238948,14.218952870140619
17.07872724533081,-39.22948306329546,-25.0,0.7,0.12187924642115833,14.229483063295461
17.098694801330566,-39.23599951657042,-25.0,0.7,0.11873660037294032,14.235999516570423
17.11870789527893,-39.234923668091845,-25.0,0.7,0.04873660037294031,14.234923668091845
17.138720750808716,-39.23398958897503,-25.0,0.6299999999999999,0.046463078754022724,14.233989588975028
17.15865731239319,-39.211577281380656,-25.0,0.6537581152468919,0.07427154009230436,14.211577281380656
17.17874264717102,-39.156306506035,-25.0,0.6502755334321408,0.004271540092304349,14.156306506035001
17.19871950149536,-39.065771449101995,-25.0,0.5802755334321408,0.019311974057927728,14.065771449101995
17.21873188018799,-38.95312855428458,-25.0,0.6502755334321408,0.0760926699731499,13.953128554284582
17.23870611190796,-38.8280986795597,-25.0,0.6482984026614576,0.06768698641099036,13.828098679559702
17.258698225021362,-38.69776020013149,-25.0,0.6685979285929351,0.08686486654914916,13.69776020013149
17.27869963645935,-38.56948587265444,-25.0,0.598597928592935,0.033784941071644425,13.56948587265444
17.298726081848145,-38.44834226907347,-25.0,0.6685979285929351,0.03388921680743806,13.448342269073471
17.31870746612549,-38.335344253528355,-25.0,0.6127407172415404,0.025674838077975437,13.335344253528355
17.338683128356934,-38.23723649145575,-25.0,0.6827407172415405,0.09567483807797544,13.237236491455747
17.35861110687256,-38.14580239083577,-25.0,0.7,0.06451658452744596,13.145802390835769
17.378692626953125,-38.063729768915465,-25.0,0.6892927538603544,0.0,13.063729768915465
17.398642539978027,-37.99263881016401,-25.0,0.7,0.007283441722393036,12.99263881016401
17.418590545654297,-37.931049094348246,-25.0,0.7,0.07728344172239304,12.931049094348246
17.43868923187256,-37.87999829438955,-25.0,0.7,0.0943119951337576,12.879998294389551
17.458613872528076,-37.837613057494714,-25.0,0.7,0.1003224171511829,12.837613057494714
17.478610277175903,-37.80699650565895,-25.0,0.6394707232713699,0.10468379890546203,12.806996505658951
17.49867868423462,-37.79694288848449,-25.0,0.7,0.17468379890546204,12.796942888484487
17.51867651939392,-37.80375319330236,-25.0,0.6299999999999999,0.10468379890546203,12.803753193302363
17.53864812850952,-37.819781015280256,-25.0,0.6691045622527598,0.13717528169974685,12.819781015280256
17.55859613418579,-37.83369677953119,-25.0,0.7,0.12197477666661144,12.833696779531188
17.57875418663025,-37.85387075450792,-25.0,0.6544200301170349,0.0814644723944366,12.853870754507923
17.598795890808105,-37.87554352909879,-25.0,0.6403398903086781,0.011464472394436598,12.875543529098792
17.618669748306274,-37.89536980880666,-25.0,0.570339890308678,0.0,12.895369808806663
17.63867449760437,-37.90875833365038,-25.0,0.5816487820073961,0.00506934616714716,12.908758333650383
17.65872621536255,-37.91732246683488,-25.0,0.6009955537691711,0.040994917042553425,12.917322466834882
17.678730964660645,-37.92230996519029,-25.0,0.5309955537691711,3.9958395063877106e-05,12.922309965190287
17.698821783065796,-37.92468175801687,-25.0,0.5404985066875814,0.0,12.924681758016867
17.71887493133545,-37.927490572721844,-25.0,0.47049850668758136,0.07,12.927490572721844
17.73879861831665,-37.93284525633986,-25.0,0.5404985066875814,0.07377020193263889,12.93284525633986
17.758686780929565,-37.94214347663571,-25.0,0.6104985066875814,0.019944711755961186,12.942143476635707
17.778698921203613,-37.950216428891395,-25.0,0.59522384788841,0.0,12.950216428891395
17.79875922203064,-37.963261238049895,-25.0,0.66522384788841,0.0,12.963261238049895
17.818814754486084,-37.98173195521355,-25.0,0.682152028940618,0.03352021425962448,12.981731955213547
17.83878183364868,-38.00580095616094,-25.0,0.6848164867144078,0.0,13.00580095616094
17.858757495880127,-38.03080773139098,-25.0,0.6712548300158232,0.0,13.03080773139098
17.87879490852356,-38.05812316346052,-25.0,0.6032530456315726,0.0,13.058123163460522
17.89872455596924,-38.08863859615279,-25.0,0.6306553963106125,0.0,13.08863859615279
17.91874670982361,-38.118256107566765,-25.0,0.5811319719534367,0.0,13.118256107566765
17.93867802619934,-38.148785722155154,-25.0,0.534714951692149,0.054190848022699356,13.148785722155154
17.95873475074768,-38.17914426100511,-25.0,0.550348214386031,0.0376709271222353,13.179144261005113
17.97871994972229,-38.2109002260141,-25.0,0.5337218433152884,0.1076709271222353,13.210900226014097
17.998719692230225,-38.245106238878655,-25.0,0.6037218433152884,0.11122826899401844,13.245106238878655
18.018657207489014,-38.27480477256865,-25.0,0.5552916314732284,0.13129315379075707,13.27480477256865
18.038691520690918,-38.310530232546576,-25.0,0.51411326716654,0.06129315379075706,13.310530232546576
18.058709383010864,-38.34950033684466,-25.0,0.5841132671665401,0.0,13.349500336844663
18.07877826690674,-38.38969705461505,-25.0,0.5615693097095937,0.0,13.389697054615048
18.09874963760376,-38.42737002578188,-25.0,0.6315693097095938,0.0660451203584671,13.427370025781883
18.1186580657959,-38.45998083672353,-25.0,0.6520034490060063,0.08198723755776882,13.459980836723531
18.138758420944214,-38.48589976772283,-25.0,0.5820034490060062,0.15198723755776883,13.485899767722827
18.158753395080566,-38.50417121115096,-25.0,0.6381793850194664,0.08198723755776882,13.504171211150961
18.178661823272705,-38.518965665545785,-25.0,0.5681793850194663,0.04377087391912937,13.518965665545785
18.198713302612305,-38.5286388170623,-25.0,0.6381793850194664,0.11377087391912938,13.528638817062301
18.218658208847046,-38.53449987696868,-25.0,0.6040270262490959,0.0692386531084776,13.534499876968681
18.23869490623474,-38.539588598819364,-25.0,0.6740270262490959,0.017938596829772002,13.539588598819364
18.25871181488037,-38.54197682328534,-25.0,0.6443720353674145,0.0030885363742709226,13.541976823285339
18.27877163887024,-38.54242639372813,-25.0,0.7,0.0,13.542426393728128
18.298768758773804,-38.54151756465438,-25.0,0.7,0.007213624659925699,13.541517564654377
18.321699142456055,-38.53968916996082,-25.0,0.6299999999999999,0.0,13.539689169960823
18.342143535614014,-38.53727025013619,-25.0,0.6807687665522097,0.0,13.537270250136189
18.358699798583984,-38.532188565405875,-25.0,0.7,0.0,13.532188565405875
18.37871789932251,-38.52770765164111,-25.0,0.7,0.06130197271704674,13.527707651641109
18.398769855499268,-38.523762115635115,-25.0,0.6711400251835584,0.07716057822108269,13.523762115635115
18.418747425079346,-38.522608774806734,-25.0,0.6175239745527505,0.03263372182846069,13.522608774806734
18.43871307373047,-38.52574158235058,-25.0,0.5577003385871648,0.0,13.525741582350577
18.458741903305054,-38.528461565844516,-25.0,0.6055183324962854,0.0,13.528461565844516
18.47872257232666,-38.53413045895622,-25.0,0.5897541780024766,0.0,13.53413045895622
18.498821258544922,-38.54169820388774,-25.0,0.6074340444058179,0.005215267185121775,13.54169820388774
18.51884698867798,-38.550385407009564,-25.0,0.5777541145682334,0.07521526718512178,13.550385407009564
18.538813829421997,-38.559621213561634,-25.0,0.6477541145682335,0.005215267185121775,13.559621213561634
18.55889058113098,-38.56899466061697,-25.0,0.651080029765144,0.07521526718512178,13.568994660616973
18.578726053237915,-38.58053302195444,-25.0,0.6758119284454733,0.030038105491548783,13.580533021954437
18.5987868309021,-38.59558734617097,-25.0,0.7,0.020195934157818562,13.595587346170973
18.61878228187561,-38.617319730431234,-25.0,0.696141200652346,0.030569279734045274,13.617319730431234
18.638761281967163,-38.64311780979636,-25.0,0.6261412006523459,0.06910948285833002,13.643117809796358
18.65874934196472,-38.6710599357544,-25.0,0.6520079587306826,0.015636621210724122,13.6710599357544
18.678797006607056,-38.695320002907536,-25.0,0.6968873095419257,0.08563662121072413,13.695320002907536
18.698780298233032,-38.72081807243641,-25.0,0.6803783074673264,0.05801370726898314,13.720818072436408
18.718811988830566,-38.74650403526808,-25.0,0.6912647521775215,0.03292684430256487,13.746504035268082
18.73883032798767,-38.77164355428838,-25.0,0.7,0.05060321638360621,13.771643554288381
18.758763790130615,-38.793424626696904,-25.0,0.6571957066655159,0.06942274594679476,13.793424626696904
18.77870535850525,-38.81229894998132,-25.0,0.6763837158679962,0.01816034117713572,13.812298949981319
18.79870629310608,-38.82634052335478,-25.0,0.6063837158679961,0.0,13.82634052335478
18.818731784820557,-38.836655299066855,-25.0,0.5716901543736457,0.009227209724485874,13.836655299066855
18.838722944259644,-38.8441096692575,-25.0,0.6416901543736457,0.030681070871651173,13.844109669257499
18.858705282211304,-38.84938079863107,-25.0,0.6476646054536104,0.0911782281473279,13.849380798631067
18.878659963607788,-38.85395732773152,-25.0,0.6465174154611304,0.08660866878926754,13.853957327731521
18.89867329597473,-38.85697003102483,-25.0,0.7,0.07964601553976536,13.85697003102483
18.918677806854248,-38.85881713204922,-25.0,0.7,0.14533199556171894,13.858817132049218
18.938677549362183,-38.85980594840306,-25.0,0.7,0.08852757699787617,13.859805948403057
18.958739280700684,-38.86017255687572,-25.0,0.7,0.01852757699787616,13.860172556875717
18.97866702079773,-38.86009733000651,-25.0,0.7,0.02369450900703668,13.86009733000651
18.998697996139526,-38.859717195553934,-25.0,0.7,0.05058852706104516,13.859717195553934
19.01866841316223,-38.85681894858146,-25.0,0.6506469517946243,0.11361833039671182,13.856818948581463
19.038660764694214,-38.849931704851706,-25.0,0.7,0.18361833039671183,13.849931704851706
19.058775424957275,-38.84045529463584,-25.0,0.6299999999999999,0.11361833039671182,13.840455294635838
19.07866144180298,-38.82943024984617,-25.0,0.7,0.04361833039671181,13.829430249846169
19.098663091659546,-38.81985802447702,-25.0,0.7,0.08371424082666634,13.819858024477021
19.118661642074585,-38.80930926722421,-25.0,0.7,0.03302692029625176,13.809309267224208
19.138670444488525,-38.79604389333314,-25.0,0.6422821551561355,0.059145837686955915,13.796043893333142
19.15867853164673,-38.776608522054254,-25.0,0.6703707639127969,0.06020427904091774,13.776608522054254
19.178666830062866,-38.751083460428696,-25.0,0.6003707639127969,0.055771733066067086,13.751083460428696
19.198670864105225,-38.72431767746566,-25.0,0.5401883228868245,0.11265562324784695,13.724317677465663
19.21868085861206,-38.69739552311512,-25.0,0.5349883545376359,0.04265562324784694,13.69739552311512
19.238908290863037,-38.66875793869324,-25.0,0.5905512828566133,0.11265562324784695,13.66875793869324
19.25875234603882,-38.6419999387025,-25.0,0.6605512828566134,0.04265562324784694,13.641999938702497
19.278754949569702,-38.6172526655116,-25.0,0.6518194603733718,0.023453087275847773,13.6172526655116
19.298770427703857,-38.594554215551575,-25.0,0.6647710877470672,0.0,13.594554215551575
19.318828105926514,-38.57484684177734,-25.0,0.6323574635200202,0.07,13.574846841777337
19.338895559310913,-38.55676660827517,-25.0,0.5623574635200201,0.0,13.556766608275169
19.35893964767456,-38.540293057187704,-25.0,0.580779657345265,0.07,13.540293057187704
19.37890863418579,-38.525369634943374,-25.0,0.6507796573452651,0.07678023928776384,13.525369634943374
19.398913383483887,-38.51423255514156,-25.0,0.580779657345265,0.11114649677649141,13.514232555141561
19.418898582458496,-38.50833525932165,-25.0,0.510779657345265,0.041146496776491404,13.508335259321647
19.438825845718384,-38.50623283749144,-25.0,0.5774653488211332,0.0,13.506232837491439
19.458901166915894,-38.506821669953666,-25.0,0.5698712192848323,0.02250908501446247,13.506821669953666
19.47890853881836,-38.50926427634906,-25.0,0.6398712192848324,0.09250908501446248,13.509264276349057
19.4988956451416,-38.5129301031987,-25.0,0.6897379552200436,0.04396142967045308,13.512930103198698
19.51893377304077,-38.51734894255413,-25.0,0.6789125456660985,0.07826759450137616,13.517348942554129
19.538896799087524,-38.5221743516141,-25.0,0.6740617860294877,0.14826759450137617,13.522174351614098
19.558872938156128,-38.5263638949585,-25.0,0.7,0.11802234441041948,13.5263638949585
19.578861713409424,-38.533108799469,-25.0,0.7,0.04802234441041947,13.533108799468998
19.598798990249634,-38.53913449849825,-25.0,0.7,0.10813240304589272,13.53913449849825
19.618826389312744,-38.54450184482097,-25.0,0.7,0.056406575888395316,13.54450184482097
19.638853788375854,-38.549270456398915,-25.0,0.6711013790220022,0.12640657588839532,13.549270456398915
19.65888476371765,-38.55349752229188,-25.0,0.6011013790220021,0.056406575888395316,13.553497522291877
19.67901873588562,-38.557237037280316,-25.0,0.6711013790220022,0.04595962975174189,13.557237037280316
19.698912620544434,-38.558223006349905,-25.0,0.6325810838490724,0.08114983204752207,13.558223006349905
19.71886110305786,-38.554954083130774,-25.0,0.5625810838490723,0.08428240910172463,13.554954083130774
19.73890233039856,-38.54881594714169,-25.0,0.587369478419423,0.05807178437709809,13.54881594714169
19.758833169937134,-38.54084668204938,-25.0,0.6348983115702866,0.019866034090518958,13.540846682049377
19.778855800628662,-38.533927562631234,-25.0,0.6845186009258031,0.0,13.533927562631234
19.79893708229065,-38.52580822352886,-25.0,0.6451320789009332,0.0108141815289855,13.525808223528863
19.818883180618286,-38.517069219647595,-25.0,0.5751320789009331,0.0,13.517069219647595
19.838908910751343,-38.5081301242597,-25.0,0.5104918847233055,0.05087441951036453,13.5081301242597
19.858713150024414,-38.499287638137325,-25.0,0.4404918847233055,0.12087441951036454,13.499287638137325
19.87875747680664,-38.49074529770197,-25.0,0.5104918847233055,0.05087441951036453,13.49074529770197
19.898730039596558,-38.48495291314423,-25.0,0.5804918847233056,0.0,13.484952913144227
19.91869282722473,-38.48122325178822,-25.0,0.5950806253775953,0.0,13.481223251788222
19.938767671585083,-38.481340960503225,-25.0,0.6650806253775954,0.0,13.481340960503225
19.958752870559692,-38.484127874956485,-25.0,0.7,0.0,13.484127874956485
19.978651523590088,-38.48869531863143,-25.0,0.7,0.011942601762712002,13.488695318631429
19.998929738998413,-38.4926608898424,-25.0,0.7,0.033387296833097935,13.492660889842398
20.018771648406982,-38.5001384668124,-25.0,0.7,0.048191267997026443,13.500138466812402
20.038806676864624,-38.509858343488425,-25.0,0.6850785927847027,0.007540736347436905,13.509858343488425
20.0588059425354,-38.52319585941418,-25.0,0.7,0.07754073634743691,13.52319585941418
20.07877540588379,-38.538694607932186,-25.0,0.7,0.00971670791506768,13.538694607932186
20.09878897666931,-38.55528603843201,-25.0,0.7,0.0,13.555286038432008
20.118830680847168,-38.57219915905902,-25.0,0.6299999999999999,0.04678059741854668,13.572199159059018
20.138787508010864,-38.58888997585404,-25.0,0.6189219179749488,0.04791389498859644,13.588889975854038
20.15882396697998,-38.60498650005561,-25.0,0.6115208502113818,0.01393879670649767,13.60498650005561
20.178812980651855,-38.620246018069864,-25.0,0.662106041908264,0.05619405675679445,13.620246018069864
20.19878363609314,-38.636838353078936,-25.0,0.6491179169341921,0.08213379327207804,13.636838353078936
20.218820095062256,-38.651244241956235,-25.0,0.6149794832989572,0.01213379327207803,13.651244241956235
20.23879098892212,-38.6664267079794,-25.0,0.6573177130147814,0.0,13.666426707979397
20.258774995803833,-38.684064785091685,-25.0,0.5873177130147813,0.0,13.684064785091685
20.278787851333618,-38.702943631949445,-25.0,0.5565690402314065,0.0,13.702943631949445
20.29876208305359,-38.722186743181105,-25.0,0.570124417953193,0.03147052228450775,13.722186743181105
20.318843603134155,-38.73885936708015,-25.0,0.6401244179531931,0.09667638689279556,13.738859367080153
20.3387451171875,-38.753307175563826,-25.0,0.6455318779870867,0.08668578695505857,13.753307175563826
20.358709812164307,-38.768145248437335,-25.0,0.6523683156073092,0.1274707755073905,13.768145248437335
20.378719806671143,-38.782863335482446,-25.0,0.7,0.05747077550739049,13.782863335482446
20.398760557174683,-38.7971101890995,-25.0,0.7,0.059252079059369855,13.797110189099499
20.41878032684326,-38.81065425888836,-25.0,0.6536179937422275,0.041618100781925016,13.810654258888363
20.438729524612427,-38.822413566075575,-25.0,0.5836179937422274,0.11161810078192502,13.822413566075575
20.458698272705078,-38.83356296699616,-25.0,0.6140951841324567,0.06322128616739064,13.833562966996162
20.478779792785645,-38.841678549602,-25.0,0.6560068718343972,0.041086888988502324,13.841678549602001
20.498772621154785,-38.84747301607615,-25.0,0.6859690371155738,0.0,13.847473016076151
20.51866602897644,-38.85150256817283,-25.0,0.7,0.038763049989938736,13.851502568172833
20.53868079185486,-38.85188369878962,-25.0,0.7,0.017246635630726814,13.85188369878962
20.55867910385132,-38.84972066260753,-25.0,0.6387788288295269,0.0037439344450831413,13.849720662607531
20.578730821609497,-38.84584750455785,-25.0,0.7,0.07374393444508315,13.845847504557852
20.598724603652954,-38.84088860600353,-25.0,0.7,0.11356676246970893,13.840888606003531
20.61868381500244,-38.83530626459265,-25.0,0.6697006028145551,0.07170091073960067,13.835306264592653
20.63868761062622,-38.83045953325578,-25.0,0.7,0.008212315551936633,13.830459533255777
20.658662796020508,-38.827546306186875,-25.0,0.660736121982336,0.018727213777601726,13.827546306186875
20.678726196289062,-38.82605283112398,-25.0,0.5907361219823359,0.0,13.826052831123981
20.698662519454956,-38.82326850030524,-25.0,0.5782155684381722,0.018161339685320854,13.82326850030524
20.718692302703857,-38.82197729517409,-25.0,0.5995490654557942,0.04907950945198536,13.821977295174086
20.738659858703613,-38.82175721549161,-25.0,0.5522729261964558,0.11907950945198537,13.821757215491608
20.7586669921875,-38.81997057067097,-25.0,0.48227292619645584,0.050816947296261794,13.819970570670968
20.778809070587158,-38.819459255289495,-25.0,0.41578431747853745,0.06865608848631383,13.819459255289495
20.798787593841553,-38.81984723443441,-25.0,0.48578431747853745,0.08250462885946036,13.819847234434413
20.818777561187744,-38.8208496208045,-25.0,0.41578431747853745,0.012504628859460354,13.820849620804502
20.838802576065063,-38.82225234461987,-25.0,0.48578431747853745,0.08250462885946036,13.82225234461987
20.85878086090088,-38.82347022524961,-25.0,0.5557843174785375,0.045978250615298755,13.823470225249608
20.87881350517273,-38.82495356140768,-25.0,0.5431290881708264,0.06219264183193446,13.824953561407682
20.898743629455566,-38.8265821846126,-25.0,0.5906278917565941,0.015915115065872676,13.826582184612597
20.918789625167847,-38.828268799164704,-25.0,0.6606278917565942,0.0,13.828268799164704
20.938786506652832,-38.82763489473991,-25.0,0.6708337194100022,0.0,13.827634894739909
20.958802938461304,-38.82540590974175,-25.0,0.6842433507367969,0.0,13.825405909741747
20.978725910186768,-38.819811409579735,-25.0,0.6741951121762395,0.07,13.819811409579735
20.998815059661865,-38.81202673092237,-25.0,0.7,0.0,13.81202673092237
21.018676280975342,-38.80292596153389,-25.0,0.7,0.0006741289398632944,13.802925961533887
21.03880500793457,-38.79315091109643,-25.0,0.7,0.0706741289398633,13.793150911096433
21.058863401412964,-38.78548148674135,-25.0,0.7,0.06575080530485139,13.785481486741347
21.078713417053223,-38.779476715909446,-25.0,0.7,0.12417819129070268,13.779476715909446
21.09872579574585,-38.77426322056411,-25.0,0.6960183282382786,0.11153285821666942,13.774263220564109
21.118789434432983,-38.77025994616073,-25.0,0.6760164045728743,0.1643069969653152,13.770259946160728
21.138751745224,-38.76720277340512,-25.0,0.7,0.09430699696531519,13.767202773405117
21.158785343170166,-38.76719966388139,-25.0,0.7,0.024306996965315186,13.767199663881392
21.178789138793945,-38.76700158076218,-25.0,0.7,0.0,13.767001580762177
21.198823928833008,-38.76435694517555,-25.0,0.6999602477255393,0.04590131714940071,13.76435694517555
21.218923568725586,-38.75776633314216,-25.0,0.6840804639461566,0.08200187981128693,13.757766333142158
21.2389075756073,-38.743975921823065,-25.0,0.6288116212192107,0.060040948912501335,13.743975921823065
21.258913040161133,-38.72786446376576,-25.0,0.6496242406967212,0.13004094891250134,13.727864463765762
21.27882695198059,-38.710565467844035,-25.0,0.7,0.142405475191772,13.710565467844035
21.29886746406555,-38.692897544567394,-25.0,0.7,0.17854997765272856,13.692897544567394
21.318905115127563,-38.677557802495116,-25.0,0.6872851651161909,0.24854997765272857,13.677557802495116
21.338935136795044,-38.659804304019154,-25.0,0.7,0.24553885577246548,13.659804304019154
21.358927726745605,-38.643158497244855,-25.0,0.6673137217760086,0.17553885577246547,13.643158497244855
21.37888479232788,-38.62540442182833,-25.0,0.5973137217760085,0.16271287778392435,13.625404421828328
21.398793935775757,-38.602715775310344,-25.0,0.6628840985894202,0.09271287778392434,13.602715775310344
21.4188449382782,-38.563299540663216,-25.0,0.7,0.08715747250244021,13.563299540663216
21.438830375671387,-38.4855072844112,-25.0,0.7,0.017157472502440207,13.485507284411199
21.458908081054688,-38.350681128234676,-25.0,0.7,0.033829234372824424,13.350681128234676
21.47888469696045,-38.16126288595941,-25.0,0.6930482427589595,0.04041431175544857,13.16126288595941
21.498913288116455,-37.9389181469726,-25.0,0.6696075073443353,0.04544767906889319,12.938918146972597
21.518826484680176,-37.699563179880634,-25.0,0.6378447695635259,0.02435729263350367,12.699563179880634
21.538779258728027,-37.49174908642888,-25.0,0.6950038283132016,0.0,12.491749086428882
21.55876898765564,-37.274271914370026,-25.0,0.7,0.0,12.274271914370026
21.578816890716553,-37.06044724099835,-25.0,0.7,0.0,12.06044724099835
21.598793029785156,-36.85711119635061,-25.0,0.6793228264898061,0.0,11.857111196350608
21.618767023086548,-36.66873559583722,-25.0,0.6161894228309392,0.0,11.66873559583722
21.639938354492188,-36.50266489015891,-25.0,0.6161894228309392,0.0,11.502664890158911
21.65867829322815,-36.37731063637587,-25.0,0.672258435562253,0.025694910436868668,11.377310636375867
21.67908000946045,-36.313653456188035,-25.0,0.6847675915807485,0.08240432169288398,11.313653456188035
21.698725938796997,-36.32000736274385,-25.0,0.6147675915807485,0.15240432169288398,11.320007362743851
21.71869421005249,-36.38872023165539,-25.0,0.6129793787794187,0.08240432169288398,11.388720231655391
21.738749742507935,-36.503568190949025,-25.0,0.6198314048768951,0.012404321692883968,11.503568190949025
21.758710145950317,-36.60328212141541,-25.0,0.6147502798074855,0.027706877328455448,11.603282121415411
21.778812885284424,-36.7340080554093,-25.0,0.6341802652413024,0.0,11.734008055409298
21.798632860183716,-36.88051270380656,-25.0,0.5641802652413024,0.015180300921201706,11.88051270380656
21.81874132156372,-37.03411582391611,-25.0,0.6279557152325286,0.0,12.03411582391611
21.83868932723999,-37.18860120961291,-25.0,0.6891892059380187,0.009201670996844769,12.188601209612912
21.858718872070312,-37.33962795378912,-25.0,0.7,0.0,12.339627953789119
21.878724813461304,-37.484272099470815,-25.0,0.6908780269324779,0.0,12.484272099470815
21.89885640144348,-37.62067093608571,-25.0,0.6908780269324779,0.0,12.620670936085709
21.91902208328247,-37.74774796557732,-25.0,0.7,0.026017792522907257,12.747747965577318
21.93882417678833,-37.86500114870449,-25.0,0.6606570862233638,0.0,12.865001148704494
21.95932674407959,-37.97465703334913,-25.0,0.6573876683134585,0.0,12.974657033349132
21.980027198791504,-38.06986307204529,-25.0,0.7,0.056857358664274216,13.069863072045287
21.998782873153687,-38.158806327517034,-25.0,0.7,0.12685735866427422,13.158806327517034
22.018737316131592,-38.241055486306884,-24.999997685190984,0.7,0.17929771885275841,13.2410578011159
22.038777351379395,-38.31648738873708,-24.999981527885822,0.7,0.10929771885275841,13.316505860851258
22.058764219284058,-38.38751250665753,-24.999937812863564,0.6612229950726032,0.06245829537510872,13.387574693793965
22.07875156402588,-38.45360489888354,-24.999852963326276,0.6579678734298795,0.03439409099519253,13.453751935557264
22.09870433807373,-38.51452925842516,-24.999713540434158,0.6161423479672521,0.003474229946732521,13.514815717991006
22.11870050430298,-38.56794200052148,-24.999506242840628,0.6311823358293622,0.02284393459558487,13.568435757680849
22.138707876205444,-38.61241328495301,-24.99921790622745,0.5842999448534101,0.0,13.613195378725557
22.158710718154907,-38.64486927577512,-24.998835502839825,0.5642240294720977,0.05798821896314621,13.646033772935297
22.17868685722351,-38.67304839564768,-24.99834614102149,0.6342240294720978,0.096807312220335,13.674702254626194
22.1986722946167,-38.692590135986414,-24.99773706474982,0.6408162617404014,0.03659578412771225,13.694853071236594
22.218708515167236,-38.705617501087445,-24.996995653170952,0.7,0.033390335738658905,13.708621847916493
22.23869252204895,-38.71377677384429,-24.99610942013486,0.6844726901501417,0.09345680847764015,13.717667353709427
22.258665323257446,-38.71833972818526,-24.995066013730476,0.7,0.08069045376032591,13.723273714454788
22.2786762714386,-38.722600842059904,-24.99385321582079,0.7,0.03757208492606878,13.728747626239116
22.29866123199463,-38.726540002251696,-24.99245894157794,0.7,0.027844952419400215,13.734081060673756
22.318711042404175,-38.73015172356929,-24.990871239018347,0.7,0.04393255338072777,13.739280484550946
22.338741064071655,-38.7334408257229,-24.98907828853778,0.7,0.021710559725761414,13.744362537185122
22.35866951942444,-38.736419158982656,-24.987068402446482,0.6391112551093101,0.011510385200381279,13.749350756536174
22.37868356704712,-38.73910314459542,-24.984830024504276,0.6684658702462911,0.0,13.754273120091142
22.398679494857788,-38.741511945938775,-24.98235172945565,0.7,0.06516556441783905,13.759160216483124
22.418686628341675,-38.7436033287647,-24.979622222564874,0.686157895065844,0.0996139869093895,13.763981106199825
22.43871521949768,-38.74548191793686,-24.976630339151104,0.6495922150090336,0.1131252758204937,13.768851578785753
22.45865511894226,-38.74947954286867,-24.973365044123476,0.655512058455497,0.16923154518008232,13.776114498745194
22.4786639213562,-38.75484365157859,-24.969815431516214,0.5855120584554969,0.09923154518008231,13.785028220062376
22.4986891746521,-38.76101552265666,-24.965970724023737,0.6408048026449977,0.06653521612286567,13.795044798632926
22.518669843673706,-38.76758579065714,-24.96182027253576,0.650443642977625,0.02653190523386001,13.805765518121376
22.53870177268982,-38.77425961864618,-24.957353555672388,0.5892744358815252,0.01942277450114488,13.81690606297379
22.55868172645569,-38.778513141264305,-24.95256017931923,0.6592744358815252,0.03273872967809438,13.825952961945074
22.57864212989807,-38.77865711792851,-24.94742987616251,0.6786430583335459,0.033699022380169474,13.831227241766001
22.598748207092285,-38.77594288992791,-24.941952505224144,0.7,0.10369902238016948,13.833990384703768
22.618791341781616,-38.773631290191325,-24.93611805139686,0.7,0.033699022380169474,13.837513238794465
22.63866901397705,-38.77162430028208,-24.929916624979313,0.7,0.0,13.841707675302764
22.658680200576782,-38.76760140216668,-24.923338461211163,0.6744534902274608,0.0,13.84426294095552
22.678751230239868,-38.76228431672519,-24.916373919808194,0.7,0.0,13.845910396916999
22.69876003265381,-38.756208445322656,-24.90901348449741,0.7,0.0,13.847194960825245
22.718779802322388,-38.74976566499013,-24.90124776255215,0.6299999999999999,0.057154033333063126,13.84851790243798
22.738694667816162,-38.74555418377242,-24.893067484327172,0.7,0.09709587693214417,13.852486699445247
22.758784294128418,-38.745319860466324,-24.884463502793775,0.697748278081417,0.08593130204826593,13.86085635767255
22.778779983520508,-38.75017051684264,-24.87542679307489,0.639456608146429,0.07742678932845592,13.874743723767747
22.798750400543213,-38.75842526203428,-24.865948451980188,0.5811695016920566,0.0484345406293869,13.892476810054092
22.818771600723267,-38.768826867749375,-24.856019697541186,0.6511695016920567,0.11843454062938691,13.91280717020819
22.8387451171875,-38.78044550754568,-24.845631868546338,0.7,0.0484345406293869,13.93481363899934
22.858763933181763,-38.790533107254795,-24.834776424076157,0.7,0.040512414649128914,13.955756683178638
22.878756523132324,-38.801361578989976,-24.823444943038304,0.6709758963435888,0.08338459022343159,13.977916635951672
22.898784399032593,-38.81241926270974,-24.81162912370269,0.6009758963435887,0.1533845902234316,14.000790139007048
22.918795585632324,-38.82102838042337,-24.799320783236595,0.6709758963435888,0.08338459022343159,14.021707597186776
22.93879222869873,-38.8277098797372,-24.786511857239752,0.6531882442533969,0.01338459022343158,14.041198022497447
22.958744525909424,-38.832876402839155,-24.77319439927946,0.6564999565482139,0.0,14.059682003559693
22.978752374649048,-38.83685448995261,-24.759360580425692,0.6959260411560535,0.03217039257287979,14.077493909526915
22.998889684677124,-38.837585922544726,-24.745002688786187,0.7,0.039449783973395824,14.092583233758539
23.018788814544678,-38.83372666754727,-24.730113129041555,0.7,0.0,14.103613538505712
23.03879404067993,-38.826780521068386,-24.71468442198039,0.6550468027591705,0.03311134874820709,14.112096099087996
23.05876064300537,-38.81787334514497,-24.69870920403437,0.7,0.0,14.119164141110598
23.078785181045532,-38.810139907597254,-24.682180226813344,0.7,0.06712934374809265,14.12795968078391
23.098793029785156,-38.80112445630877,-24.665090356640462,0.6299999999999999,0.0,14.136034099668308
23.118816137313843,-38.79145614463228,-24.647432574087254,0.6074002637714147,0.0,14.144023570545023
23.138769149780273,-38.783905524321256,-24.629199973508754,0.6301959390938281,0.011503931134939194,14.154705550812501
23.158813953399658,-38.78034115485906,-24.61038576257858,0.6315682253288104,0.0,14.169955392280478
23.178751707077026,-38.77963949578398,-24.590983261824057,0.6282592473970725,0.0,14.188656233959925
23.198798894882202,-38.78094471145653,-24.57098590416132,0.5582592473970724,0.0695733055472374,14.209958807295209
23.21880078315735,-38.78592581230791,-24.550387234430392,0.6109123998926951,0.07919873017817736,14.235538577877517
23.238693714141846,-38.79332883466521,-24.52918090893033,0.5951612317608668,0.10239571426063776,14.264147925734882
23.258957862854004,-38.804535318507796,-24.507360694954276,0.6342242793785406,0.0778639679774642,14.29717462355352
23.279000520706177,-38.81808826655411,-24.484920470324614,0.6910323487268759,0.05093312356621027,14.3331677962295
23.298864126205444,-38.82985528207112,-24.46185422292803,0.7,0.0,14.368001059143094
23.318913459777832,-38.84313025949641,-24.438156050250637,0.7,0.01144887413829565,14.404974209245776
23.338844776153564,-38.85478642904096,-24.41382015891308,0.680827884748578,0.011841864616144449,14.440966270127884
23.35877227783203,-38.865011009209795,-24.38884086420562,0.610827884748578,0.04905611398862675,14.476170145004176
23.378870725631714,-38.873971767697604,-24.36321258962326,0.680827884748578,0.055141007353086025,14.510759178074345
23.398886680603027,-38.88181854054717,-24.336929866400833,0.6703201679512858,0.12514100735308603,14.544888674146339
23.41888165473938,-38.88868475991395,-24.309987333048113,0.7,0.055141007353086025,14.578697426865837
23.43888258934021,-38.894688947544005,-24.28237973488492,0.6559221714735031,0.0,14.612309212659085
23.45880150794983,-38.89993614507694,-24.254101923576204,0.6954147078096866,0.02949010580778122,14.645834221500738
23.478737831115723,-38.90451926277302,-24.22514885666718,0.6457080289721489,0.07744426652789116,14.679370406105843
23.49878168106079,-38.90849844256931,-24.1955155971184,0.6440726692555472,0.0308234803378582,14.71298284545091
23.5187349319458,-38.91197516152627,-24.16519731284088,0.7,0.03214300994295627,14.74677784868539
23.538750648498535,-38.91269490437702,-24.13418927623119,0.6340912401676178,0.06052929919678718,14.77850562814583
23.558889627456665,-38.91379708493008,-24.102486863706556,0.5798904120922088,0.10660180088598281,14.811310221223525
23.578850984573364,-38.91513585137356,-24.070085555239977,0.6405497089028358,0.036601800885982805,14.845050296133586
23.598771333694458,-38.916603662697966,-24.036980933895315,0.647880947496742,0.0,14.879622728802651
23.618763208389282,-38.9181224220591,-24.003168685362397,0.6149415581487119,0.0,14.914953736696702
23.638801097869873,-38.91963654218762,-23.968644597492133,0.5463868810795247,0.07,14.950991944695485
23.658750534057617,-38.9187911874367,-23.9334045598316,0.6163868810795248,0.037599686235189445,14.985386627605102
23.678778886795044,-38.918645614940125,-23.89744456315916,0.6863868810795248,0.0,15.021201051780967
23.698728322982788,-38.91898993404684,-23.860760699019558,0.6908957521989942,0.06413081288337708,15.058229235027284
23.718760013580322,-38.91928888068617,-23.823349159259024,0.7,0.025597043335437775,15.095939721427143
23.73877477645874,-38.91992500088281,-23.785206235560377,0.6314469099044799,0.0332969157025218,15.134718765322436
23.758776903152466,-38.92077855035198,-23.74632831897813,0.5918920084834098,0.04814568907022476,15.174450231373854
23.778647899627686,-38.92176062673208,-23.706711899473593,0.6618920084834099,0.0849488191306591,15.215048727258488
23.798621654510498,-38.92280609286994,-23.66635356544997,0.614278696924448,0.014948819130659097,15.25645252741997
23.8186297416687,-38.9238680351437,-23.62525000328747,0.6026227851212025,0.03146284289658069,15.298618031856229
23.838652849197388,-38.92491343404312,-23.583397996878407,0.6467835758626461,0.01525246009230613,15.341515437164713
23.85865592956543,-38.925919790861634,-23.540794427162307,0.6877562110126019,0.0,15.385125363699327
23.878663063049316,-38.92687250738797,-23.497436271661,0.6177562110126018,0.0,15.429436235726968
23.89864683151245,-38.92776285767454,-23.45332060401374,0.6520835019648075,0.07,15.474442253660797
23.918633460998535,-38.92858642450458,-23.408444593512293,0.5879880644381046,0.0,15.520141830992287
23.938665628433228,-38.92930146625307,-23.362805504636047,0.6399746730923652,0.0018530136439949274,15.566495961617026
23.958760976791382,-38.92996271733862,-23.316400696587113,0.5699746730923652,0.0,15.613562020751505
23.978768587112427,-38.93056917928051,-23.269227622825436,0.5459672409296035,0.005356181878596544,15.661341556455074
23.998704433441162,-38.931121602515695,-23.221283830603888,0.47596724092960346,0.0,15.709837771911808
24.018675088882446,-38.931621932467316,-23.17256696050337,0.5459672409296035,0.0,15.759054971963945
24.0386860370636,-38.934389241385354,-23.12307474596793,0.5973080258071422,0.0,15.811314495417424
24.058637857437134,-38.93865821738474,-23.07280501283985,0.5745686060935258,0.0,15.86585320454489
24.078723430633545,-38.943857713534754,-23.021755678894756,0.6095029740780591,0.0,15.922102034639998
24.098653316497803,-38.94956649859779,-22.969924753376723,0.539502974078059,0.0,15.979641745221066
24.118737936019897,-38.95779491943082,-22.917310336533376,0.6089442553371189,0.06184230372309685,16.04048458289744
24.13962960243225,-38.96755657079087,-22.86391061915099,0.5496773602813481,0.0,16.10364595163988
24.158666610717773,-38.978125906777485,-22.809723882089596,0.603385064229369,0.0,16.16840202468789
24.178635120391846,-38.987302474129024,-22.754748495818095,0.6520550804585217,0.020393801853060722,16.23255397831093
24.198668718338013,-38.996945021031735,-22.698982919949337,0.7,0.0,16.297962101082398
24.218661785125732,-39.006657099909944,-22.64242570277525,0.7,0.07,16.364231397134695
24.23871922492981,-39.01384516544611,-22.585075480801915,0.7,0.10709307685494424,16.42876968464419
24.25870633125305,-39.019090660018975,-22.526930978284703,0.6299999999999999,0.11780186526477338,16.49215968173427
24.278726816177368,-39.02516498645861,-22.467991006763352,0.5599999999999998,0.1462693826109171,16.55717397969526
24.29879379272461,-39.02933856697638,-22.408254464597082,0.6299999999999999,0.07626938261091709,16.621084102379296
24.318747520446777,-39.032081932312835,-22.347720336499687,0.5991091515123843,0.14374380744993687,16.684361595813147
24.338828086853027,-39.03144324899473,-22.286387693074655,0.6691091515123844,0.15612330194562674,16.74505555592007
24.358839511871338,-39.02615594523169,-22.224255690350258,0.5991091515123843,0.1006661606952548,16.801900254881435
24.378938913345337,-39.01314645086513,-22.161323569314664,0.6527506048977374,0.08402520511299372,16.851822881550465
24.398884773254395,-39.001851275707914,-22.09759065545103,0.5827506048977373,0.027175907976925373,16.904260620256885
24.41885495185852,-38.98067668229001,-22.033056358272614,0.5581915224343537,0.02124661300331354,16.947620324017397
24.438851833343506,-38.9439327001614,-21.967720170857874,0.6281915224343537,0.0,16.976212529303524
24.458932399749756,-38.88807751681419,-21.90158166938557,0.5581915224343537,0.07,16.98649584742862
24.478925943374634,-38.822736472709956,-21.83464051266988,0.6281915224343537,0.08404985506087542,16.988095960040077
24.498881340026855,-38.75252879168528,-21.766896441695476,0.6074870015680789,0.07123300030827523,16.985632349989803
24.518919229507446,-38.68079115589458,-21.698349279152662,0.6286762348562478,0.0012330003082752228,16.98244187674192
24.53883457183838,-38.60988148124201,-21.62899892897244,0.6587805087864398,0.028538452461361885,16.980882552269573
24.558783292770386,-38.54373205721461,-21.558845375861647,0.5887805087864397,0.07101135514676571,16.984886681352965
24.578760385513306,-38.48263237113177,-21.48788868483804,0.5418050563335417,0.006115121766924858,16.99474368629373
24.598726749420166,-38.42665040991179,-21.4161290007654,0.5244435923546551,0.0,17.010521409146385
24.61876368522644,-38.378045441893256,-21.34356654788864,0.4544435923546551,0.0,17.034478894004618
24.638792037963867,-38.33813114083308,-21.2702016293689,0.4698156358301638,0.0,17.06792951146418
24.658732891082764,-38.30530514408594,-21.196034626818665,0.4923982804268597,0.0,17.109270517267277
24.678818225860596,-38.278267670417634,-21.12106599983686,0.5622817759960888,0.06155882030725479,17.157201670580775
24.698875665664673,-38.25827970939954,-21.04529628554394,0.501462105438113,0.0,17.212983423855597
24.718897104263306,-38.24834767863121,-20.96872609811702,0.431462105438113,0.0,17.279621580514192
24.738893508911133,-38.24566205778495,-20.891356128324958,0.4901323878020046,0.0,17.35430592945999
24.758876085281372,-38.24808043067392,-20.81318714306346,0.42013238780200457,0.0,17.434893287610464
24.778895616531372,-38.25629654982418,-20.734219984890192,0.4160475115291772,0.0,17.522076564933986
24.798877716064453,-38.270639483173305,-20.654455571559883,0.4860475115291772,0.07,17.616183911613422
24.818888664245605,-38.2888599752478,-20.573894895559413,0.5560475115291772,0.14,17.71496507968839
24.838853359222412,-38.30467947165814,-20.49253902364294,0.5632398102991281,0.07,17.8121404480152
24.858815670013428,-38.325344783335325,-20.41038909636698,0.6332398102991281,0.14,17.914955686968344
24.878900051116943,-38.34883127134617,-20.327446327625523,0.7,0.12928146436810495,18.021384943720648
24.898882150650024,-38.37134196123334,-20.24371200418513,0.668218132853508,0.08944590330123903,18.12762995704821
24.91884970664978,-38.3925816140047,-20.159187485220052,0.5982181328535079,0.15587994396686555,18.233394128784646
24.938778400421143,-38.41006231239962,-20.073874201847307,0.6039395934157072,0.08734282791614534,18.33618811055231
24.95881676673889,-38.42215506463313,-19.9877736566618,0.5639683386497198,0.021386630237102522,18.43438140797133
24.9788761138916,-38.425554055563495,-19.900887423271435,0.5053635990433394,0.016893997658044113,18.52466663229206
24.99874997138977,-38.41587590577599,-19.81321714583219,0.4353635990433394,0.023579723071306957,18.6026587599438
25.018821001052856,-38.38810430430408,-19.724764538583244,0.36536359904333937,0.0,18.663339765720835
25.038974285125732,-38.36399229086351,-19.63553138538208,0.4353635990433394,0.07,18.728460905481427
25.0589382648468,-38.325246249316116,-19.545519539239567,0.36536359904333937,0.13087816879153252,18.77972671007655
25.07895302772522,-38.279673194199916,-19.454730921855088,0.4353635990433394,0.060878168791532516,18.824942272344828
25.098954677581787,-38.23055930212361,-19.36316752315163,0.4799212077073752,0.13087816879153252,18.867391778971978
25.11889886856079,-38.1802804054145,-19.270831400810888,0.5499212077073752,0.19863271310925484,18.909449004603612
25.138896942138672,-38.13283376235761,-19.177724679808364,0.4799212077073752,0.16099992737174035,18.95510908254925
25.15894913673401,-38.08628845039887,-19.08384955194849,0.5106089943461118,0.21102446287870408,19.00243889845038
25.178900480270386,-38.03696318596058,-18.989208275399708,0.5806089943461119,0.14102446287870407,19.047754910560872
25.1989529132843,-37.98237428688318,-18.893803174229582,0.6462531319074332,0.15983116626739502,19.088571112653597
25.218848943710327,-37.9186190106043,-18.797636637939906,0.6400963311269878,0.17668643966317177,19.120982372664397
25.23887610435486,-37.82701373084464,-18.700711121001802,0.6828308684006332,0.10668643966317176,19.12630260984284
25.258806943893433,-37.747479688163445,-18.603029142390817,0.6477163826301693,0.1602870750427246,19.144450545772628
25.278831720352173,-37.62162896778134,-18.504593285122045,0.6123384815827011,0.12617953523993491,19.117035682659296
25.298827648162842,-37.44607723932611,-18.405406195785208,0.542338481582701,0.09676897183060645,19.0406710435409
25.318875312805176,-37.235998114546085,-18.305470584079774,0.5682357274368404,0.10072194814682006,18.93052753046631
25.338815450668335,-37.007473549167926,-18.20478922235006,0.5580636909604071,0.15997597232460975,18.802684326817868
25.358827114105225,-36.772159882461885,-18.10336494512032,0.5889801005274056,0.18643676333129405,18.668794937341566
25.378762006759644,-36.53833230555608,-18.001200648629865,0.6196930682659147,0.1896828006207943,18.537131656926217
25.398815870285034,-36.31169943848221,-17.898299290368165,0.5496930682659147,0.2596828006207943,18.413400148114043
25.418822765350342,-36.09603676115462,-17.794663888609946,0.6196930682659147,0.1896828006207943,18.301372872544675
25.438836097717285,-35.89367752983144,-17.690297521950285,0.5496930682659147,0.24300951167941093,18.203380007881158
25.458871603012085,-35.70357541964579,-17.585203328839736,0.49131306424736954,0.197729002982378,18.11837209080605
25.47882056236267,-35.52699698678577,-17.479384507119416,0.42131306424736953,0.15669123858213424,18.047612479666352
25.49882483482361,-35.373687083115215,-17.372844313556104,0.3513130642473695,0.12397349283099174,18.00084276955911
25.518847703933716,-35.22904162066898,-17.265586063377363,0.42093961164355254,0.05397349283099173,17.963455557291617
25.5388662815094,-35.09191007720159,-17.15761312980663,0.49093961164355254,0.10043801426887511,17.93429694739496
25.558824062347412,-34.961295293946435,-17.048928943598316,0.4804436835274098,0.17043801426887512,17.91236635034812
25.57882833480835,-34.83633291542062,-16.939536992572926,0.46867876600474095,0.10498097568750381,17.896795922847694
25.598827362060547,-34.70932456444692,-16.829440821152136,0.538678766004741,0.13845497772097587,17.879883743294787
25.61878204345703,-34.57034432415218,-16.71864402989393,0.46867876600474095,0.06845497772097586,17.85170029425825
25.638859510421753,-34.42207875718419,-16.60715027502767,0.538678766004741,0.13845497772097587,17.814928482156517
25.65881657600403,-34.27127130733484,-16.49496326798922,0.46867876600474095,0.20845497772097588,17.776308039345622
25.678823471069336,-34.124989177796316,-16.382086774956043,0.43190142240375257,0.13845497772097587,17.742902402840272
25.69883155822754,-33.98570549714502,-16.268524616382305,0.43956657459959364,0.14565296221524476,17.717180880762715
25.718907356262207,-33.86477584952233,-16.15428066653397,0.36956657459959363,0.07565296221524476,17.71049518298836
25.738889455795288,-33.75227574923928,-16.039358853023927,0.43956657459959364,0.10020682740956544,17.712916896215354
25.758891105651855,-33.64627922763623,-15.923763156347055,0.36956657459959363,0.03020682740956543,17.72251607128917
25.778922080993652,-33.54990983962622,-15.807497609415364,0.43956657459959364,0.08581628832966087,17.742412230210853
25.798880100250244,-33.46276707514098,-15.690566297093076,0.42210170773789263,0.015816288329660866,17.772200778047903
25.818835735321045,-33.38664592912852,-15.572973355731747,0.3521017077378926,0.0,17.813672573396772
25.838931798934937,-33.320186348274596,-15.454722972705326,0.3665470591746268,0.07,17.86546337556927
25.858847856521606,-33.2645053847311,-15.335819385945324,0.36436781208030855,0.09198093757033349,17.928685998785777
25.878893613815308,-33.22009485174233,-15.216266883475866,0.43436781208030856,0.02198093757033348,18.003827968266464
25.898958921432495,-33.186999322160645,-15.096069802948817,0.4907535229157654,0.0,18.090929519211826
25.918857097625732,-33.16726789778827,-14.975232531178872,0.4868065703939644,0.0,18.1920353666094
25.938934326171875,-33.150136571381,-14.853759503678674,0.4168065703939644,0.07,18.296377067702323
25.95881962776184,-33.144781431998375,-14.731655204193913,0.4667343228589741,0.14,18.41312622780446
25.978895902633667,-33.14774693573335,-14.608924164238406,0.46852316430304175,0.21000000000000002,18.538822771494946
25.998944759368896,-33.158729987849256,-14.485570962629247,0.4404603047529233,0.17776819601655008,18.67315902522001
26.01892924308777,-33.17962511112348,-14.361600225021865,0.42479228137526637,0.10776819601655008,18.81802488610161
26.038832426071167,-33.21380332049369,-14.237016623445152,0.3769331826129926,0.05667277365922929,18.97678669704854
26.058818340301514,-33.256306938372596,-14.111824875836552,0.432677782163955,0.07200720008462669,19.144482062536042
26.07893943786621,-33.298840347529705,-13.986029745577195,0.502677782163955,0.13189586844295265,19.31281060195251
26.098881244659424,-33.33564078947768,-13.859636041026947,0.572677782163955,0.06189586844295264,19.476004748450734
26.11880850791931,-33.36517300480329,-13.732648615059558,0.502677782163955,0.13189586844295265,19.63252438974373
26.13883662223816,-33.38887853379541,-13.605072364597756,0.43267778216395497,0.18569185432046653,19.783806169197657
26.158936738967896,-33.40946027929727,-13.476912230148336,0.4365111182210964,0.11569185432046653,19.932548049148934
26.178927421569824,-33.42578180074145,-13.348173195337273,0.48031095068436086,0.07571989174932242,20.077608605404173
26.198932647705078,-33.43871410198553,-13.21886028644482,0.41031095068436085,0.10450590278953314,20.219853815540713
26.218930959701538,-33.44663513971325,-13.088978571940633,0.39196838866453587,0.14634907867759467,20.35765656777262
26.23893713951111,-33.45086669379037,-12.958533162018826,0.4619683886645359,0.21634907867759468,20.492333531771543
26.258957862854004,-33.450107734503234,-12.827529208133141,0.5319683886645359,0.1492895394191146,20.62257852637009
26.278953790664673,-33.445902464614136,-12.695971902531983,0.5416015805257481,0.2192895394191146,20.749930562082152
26.29888892173767,-33.441730632367836,-12.563866477793574,0.47160158052574813,0.2700562756881118,20.87786415457426
26.318869829177856,-33.43537562536516,-12.431218206361036,0.4016015805257481,0.20669918324798348,21.004157419004123
26.338945865631104,-33.42535536536264,-12.29803240007748,0.47160158052574813,0.13669918324798347,21.12732296528516
26.358886003494263,-33.40842067909335,-12.164314409721142,0.4016015805257481,0.20669918324798348,21.244106269372203
26.37892174720764,-33.39371755211127,-12.03006962454047,0.47160158052574813,0.13669918324798347,21.3636479275708
26.39887762069702,-33.36278230889141,-11.895303471789203,0.4016015805257481,0.1864950678870082,21.467478837102206
26.41896367073059,-33.298224369683815,-11.760021416261523,0.47160158052574813,0.2564950678870082,21.538202953422292
26.438838481903076,-33.184218004627546,-11.624228959827116,0.5416015805257481,0.2593269611615688,21.55998904480043
26.458942651748657,-33.02265591998086,-11.4879316409663,0.47160158052574813,0.23693381090648474,21.53472427901456
26.478886604309082,-32.830004166903265,-11.351135034305118,0.5321957182837647,0.16693381090648474,21.47886913259815
26.49894905090332,-32.618519107115155,-11.213844750150443,0.46219571828376466,0.12444707621820272,21.404674356964712
26.51880431175232,-32.39952646743048,-11.076066434025075,0.39219571828376465,0.05444707621820272,21.32346003340541
26.53890109062195,-32.16950899704254,-10.937805766202866,0.3684151376737278,0.058424355397000916,21.231703230839678
26.558963537216187,-31.92168154446486,-10.799068461243788,0.2984151376737278,0.12842435539700092,21.122613083221072
26.579030513763428,-31.70651142280158,-10.659860267529067,0.3684151376737278,0.11189652570523323,21.046651155272514
26.598950147628784,-31.476566203721543,-10.520186966796283,0.2984151376737278,0.11512762853875758,20.956379236925258
26.61886429786682,-31.24473502110186,-10.380054373674438,0.3591705805016678,0.08126633787527682,20.86468064742742
26.638984441757202,-31.020020119397106,-10.239468335219115,0.2891705805016678,0.11512582549825312,20.78055178417799
26.658956289291382,-30.808486732558773,-10.098434730447527,0.3591705805016678,0.045125825498253114,20.710052002111247
26.678954124450684,-30.616316604022707,-9.95695946987368,0.3754089979780834,0.11512582549825312,20.659357134149026
26.69898533821106,-30.442660438987968,-9.81504849504341,0.3759917369903993,0.18512582549825313,20.627611943944558
26.719000101089478,-30.288756748453842,-9.672707778069526,0.3059917369903993,0.11512582549825312,20.616048970384316
26.73897933959961,-30.15494520354964,-9.529943321166911,0.3759917369903993,0.05614469001069666,20.62500188238273
26.758970737457275,-30.04093220682926,-9.386761156187628,0.3059917369903993,0.0,20.654171050641633
26.78031301498413,-29.94135934645157,-9.171217972428035,0.3759917369903993,0.0,20.770141374023535
26.79902458190918,-29.854907646855807,-9.099167974803708,0.38864491459447853,0.0,20.7557396720521
26.818936109542847,-29.779380981462047,-8.954769166104974,0.3186449145944785,0.0,20.824611815357073
26.838861227035522,-29.7157494762936,-8.809977063811548,0.28152823430020324,0.06792228668928146,20.90577241248205
26.8590087890625,-29.664373466212023,-8.66479784098788,0.32104779761750213,0.0924887266010046,20.999575625224143
26.879011154174805,-29.627496588571812,-8.519237697546231,0.28097353484947196,0.1624887266010046,21.10825889102558
26.898985385894775,-29.613244151117517,-8.373302859781749,0.35097353484947197,0.10824518434703351,21.239941291335768
26.918978214263916,-29.638245309258725,-8.226999579907552,0.28097353484947196,0.09985867764800788,21.411245729351172
26.938896417617798,-29.70838312831687,-8.080334135589894,0.279595501888543,0.12240381415933371,21.628048992726978
26.958887338638306,-29.812656209895092,-7.933312829483217,0.33402584882453046,0.18829502787441016,21.879343380411875
26.97896647453308,-29.935574522550045,-7.785941988765263,0.26816847564652524,0.1774494691565633,22.149632533784782
26.999006271362305,-30.065887600574907,-7.6382279646722,0.33816847564652525,0.18813243944197894,22.427659635902707
27.019015073776245,-30.179028741966963,-7.490177132033693,0.3658462798781689,0.14610943634063006,22.68885160993327
27.038864850997925,-30.296134578133486,-7.341795888808033,0.43584627987816893,0.07610943634063005,22.954338689325454
27.058820724487305,-30.403642509474153,-7.193090655617215,0.3658462798781689,0.09076830465346575,23.210551853856938
27.078794479370117,-30.478487083051913,-7.044067875282089,0.2958462798781689,0.03968738857656717,23.434419207769825
27.09877324104309,-30.489293889498143,-6.894734012357407,0.2258462798781689,0.10968738857656718,23.594559877140735
27.11873698234558,-30.422907631022078,-6.7450955526669425,0.1558462798781689,0.050134186334908015,23.677812078355135
27.138731479644775,-30.295388791160033,-6.59515900283861,0.2258462798781689,0.0,23.700229788321423
27.158708333969116,-30.12876920241604,-6.444930889839561,0.1558462798781689,0.0,23.68383831257648
27.178704261779785,-29.939382240456258,-6.294417760511308,0.2258462798781689,0.0,23.64496447994495
27.198797702789307,-29.741489128078467,-6.143626181104771,0.2958462798781689,0.04254146292805672,23.597862946973695
27.218788862228394,-29.54521961016469,-5.992562736815415,0.2546174974925812,0.09410403668880463,23.552656873349274
27.238800525665283,-29.362199515728637,-5.841234031318383,0.20577596517279706,0.038107965141534805,23.520965484410254
27.25875163078308,-29.203296797014353,-5.689646686303536,0.14452074112370572,0.10810796514153481,23.513650110710817
27.278867959976196,-29.057558637344048,-5.53780734101062,0.21452074112370573,0.038107965141534805,23.51975129633343
27.298827648162842,-28.927121584487743,-5.385722651764297,0.28452074112370573,0.0377534048166126,23.541398932723446
27.318785667419434,-28.813066383659045,-5.23339929150934,0.2414544555731114,0.0,23.579667092149705
27.338786602020264,-28.715711957357964,-5.080843949345677,0.19156520398333632,0.0,23.634868008012287
27.358731269836426,-28.632523327687593,-4.928063330063448,0.20234722042456232,0.06176146864891052,23.704459997624145
27.37878131866455,-28.561366410557813,-4.775064153678233,0.15713878491893374,0.006084475666284561,23.78630225687958
27.3987295627594,-28.50044181842866,-4.621853154966047,0.142895585428923,0.0,23.87858866346261
27.418771982192993,-28.448230060099657,-4.468437082998484,0.212895585428923,0.07,23.979792977101173
27.438735008239746,-28.405762449002065,-4.314822700677851,0.22671819312497937,0.02382614433765412,24.090939748324214
27.458723783493042,-28.371182161208047,-4.161016784272185,0.29146059436723554,0.041925538033247,24.210165376935862
27.478786945343018,-28.34115867246861,-4.007026122950457,0.2864580896869298,0.03947448304854334,24.334132549518152
27.498782873153687,-28.31692445413737,-3.8528575183175953,0.2763106764480468,0.061847632220014936,24.464066935819776
27.51880168914795,-28.29735003995594,-3.6985177839496295,0.3463106764480468,0.1150052374508232,24.59883225600631
27.538762092590332,-28.281528116127284,-3.544013744928794,0.4163106764480468,0.1850052374508232,24.73751437119849
27.558743476867676,-28.268729583764085,-3.3893522373786347,0.3463106764480468,0.16053467533551158,24.87937734638545
27.578721046447754,-28.258368343890506,-3.234540107999063,0.2763106764480468,0.23053467533551159,25.023828235891443
27.59875464439392,-28.24997306904621,-3.079584213601514,0.2063106764480468,0.16053467533551158,25.170388855444696
27.61882972717285,-28.238531875435697,-2.9244914206440455,0.2763106764480468,0.22686295500956477,25.31404045479165
27.638720750808716,-28.22296022963203,-2.7692686047664097,0.3456712530180808,0.2525301697757095,25.45369162486562
27.65878200531006,-28.202613693575355,-2.6139226503251862,0.3570715251564976,0.18253016977570952,25.58869104325017
27.678696632385254,-28.172537798761198,-2.4584604499288467,0.2870715251564976,0.17586028802208603,25.71407734883235
27.69878101348877,-28.146425139009484,-2.3028889039729172,0.21707152515649758,0.10586028802208602,25.843536235036566
27.718765020370483,-28.109192354766456,-2.1472149201750383,0.1716903777420517,0.03586028802208602,25.961977434591418
27.738769054412842,-28.058267971549085,-1.991445413110064,0.12688998445868455,0.08742640453390776,26.06682255843902
27.758755683898926,-27.973695949481233,-1.8355873037451964,0.15558147929608784,0.15742640453390777,26.138108645736036
27.778811931610107,-27.833236601515484,-1.679647518975063,0.22558147929608785,0.17957316036336124,26.15358908254042
27.798879623413086,-27.63681366941262,-1.523632991156834,0.29558147929608786,0.24957316036336125,26.113180678255787
27.82230496406555,-27.40669623276407,-1.4455998663455567,0.29558147929608786,0.24957316036336125,25.961096366418513
27.839836359024048,-27.161556321507803,-1.211407460328072,0.2571323747187849,0.21803277119062842,25.95014886117973
27.858890533447266,-26.90317733743467,-1.0552103451604786,0.3271323747187849,0.2880327711906284,25.84796699227419
27.87897753715515,-26.6215651704552,-0.8989662617009131,0.39713237471878493,0.30215822636149825,25.722598908754286
27.898881912231445,-26.315023111571715,-0.7426821626457567,0.3271323747187849,0.37215822636149826,25.57234094892596
27.91892409324646,-26.04887546965865,-0.5863650033645769,0.316304994486272,0.30215822636149825,25.462510466294074
27.93882942199707,-25.75890255105164,-0.43002174143519767,0.3454097190126773,0.23215822636149824,25.328880809616443
27.958937406539917,-25.443808830506867,-0.27365933617878824,0.4154097190126773,0.20763601309619845,25.17014949432808
27.978832960128784,-25.084825732942843,-0.11728474819501855,0.37530180197209084,0.1504493015166372,24.967540984747824
27.99892568588257,-24.658491932951037,0.03909506110292327,0.30530180197209084,0.18198544478975237,24.69758699405396
28.01884889602661,-24.157235718018278,0.19547312995311472,0.32660736676305496,0.2519854447897524,24.352708847971392
28.038790464401245,-23.60325232606096,0.3518424967098994,0.3606801645085212,0.30989620751701297,23.95509482277086
28.05885624885559,-23.027245842516923,0.5081962003087455,0.3907094874605533,0.379896207517013,23.535442042825668
28.07888102531433,-22.45112314033688,0.6645272807311216,0.3558343776687976,0.30989620751701297,23.115650421068
28.098924160003662,-21.890103367574493,0.8208287794693838,0.4258343776687976,0.379896207517013,22.710932147043877
28.11894178390503,-21.403011677347198,0.9770937399917692,0.3558343776687976,0.30989620751701297,22.380105417338967
28.138771533966064,-20.931453968955584,1.133315208207165,0.3068904818221923,0.2752446002420038,22.06476917716275
28.158932209014893,-20.48311371357407,1.2894862329300913,0.3768904818221923,0.2052446002420038,21.77259994650416
28.178902626037598,-20.06271580636883,1.4455998663455603,0.3254245271906253,0.2752446002420038,21.50831567271439
28.19883680343628,-19.670489301330637,1.6016491644739794,0.2848926087841388,0.23641722193919124,21.272138465804616
28.2188663482666,-19.310483536734957,1.7576271876360359,0.2587506597861644,0.16641722193919123,21.068110724370992
28.23878288269043,-18.980029233322536,1.9135270009176644,0.2887231888249513,0.20539874157868326,20.8935562342402
28.258946895599365,-18.681126232519574,2.069341674634856,0.35046612415462697,0.27539874157868327,20.75046790715443
28.27886438369751,-18.41201570572141,2.2250642847985667,0.28046612415462696,0.24616960539482535,20.637079990519975
28.298966884613037,-18.170690827521195,2.3806879135796386,0.21046612415462695,0.17616960539482535,20.551378741100834
28.318931341171265,-17.955025408458223,2.5362056497737484,0.14046612415462695,0.11809845774434508,20.49123105823197
28.338765621185303,-17.76777918542812,2.6916105892661797,0.21046612415462695,0.04809845774434507,20.4593897746943
28.358927488327026,-17.6026107832602,2.84689583549682,0.14046612415462695,0.04142168280668557,20.44950661875702
28.378955364227295,-17.45713019898037,3.002054499925034,0.09961972046643458,0.0,20.459184698905403
28.398958683013916,-17.329158512958458,3.1570797024945527,0.10349204448051713,0.0,20.48623821545301
28.419000387191772,-17.21903719320252,3.3119645720983364,0.033492044480517125,0.0,20.531001765300857
28.438994884490967,-17.126532972200238,3.4667022470435853,0.0,0.07,20.593235219243823
28.45903253555298,-17.051019530137793,3.621285875516417,0.0,0.0,20.67230540565421
28.47904109954834,-16.99393039544309,3.7757086160470728,0.06340718269348145,0.0432031974196434,20.769639011490163
28.499030828475952,-16.95577569823755,3.929963637974531,0.03236924484372139,0.0,20.88573933621208
28.51894998550415,-16.941043445997625,4.0840441219115355,0.017734835855662823,0.03165692836046219,21.02508756790916
28.538870811462402,-16.952233624814976,4.237943260209477,0.0,0.0,21.190176885024453
28.558921337127686,-16.961949223763032,4.391654257423351,0.0,0.0,21.353603481186383
28.578990936279297,-16.991885779980358,4.545170330776493,0.0,0.0,21.53705611075685
28.59898591041565,-17.0350784425325,4.698484710625646,0.0,0.04965297877788544,21.733563153158148
28.61900520324707,-17.086340199023464,4.851590640925718,0.021232107654213905,0.0013707689940929413,21.937930839949182
28.638874053955078,-17.14185559206543,5.0044813796947984,0.09123210765421391,0.036987125873565674,22.146336971760228
28.658984899520874,-17.19886237550513,5.157150199479005,0.0636843290925026,0.10698712587356568,22.356012574984135
28.678955078125,-17.25308629371592,5.309590387817341,0.0333990190923214,0.1769871258735657,22.56267668153326
28.698973655700684,-17.306264570693973,5.4617952477066645,0.10154825791716576,0.10698712587356568,22.768059818400637
28.71898126602173,-17.35731505790026,5.613758098066512,0.08346871256828309,0.08708484627306462,22.97107315596677
28.73885679244995,-17.403225845731882,5.765472274204086,0.06276231043040753,0.030268268361687667,23.168698119935968
28.75896120071411,-17.444356725052,5.916931128279007,0.05930032155476511,0.006745854094624526,23.361287853331007
28.778939485549927,-17.483399921616407,6.0681280297684275,0.09380253351293505,0.07674585409462453,23.551527951384834
28.798959016799927,-17.51729822169377,6.219056365931664,0.07552169024012984,0.006745854094624526,23.736354587625435
28.81897211074829,-17.547079096815448,6.369709542275377,0.1009074444230646,0.07674585409462453,23.916788639090825
28.838983058929443,-17.573215217361792,6.520080983018179,0.06403668916784228,0.006745854094624526,24.09329620037997
28.858946800231934,-17.596130948046053,6.670164131555804,0.0,0.07674585409462453,24.266295079601857
28.87894582748413,-17.616205917323775,6.819952450925786,0.0,0.06898850282654168,24.43615836824956
28.899171829223633,-17.633778675654014,6.969439424272494,0.0,0.0,24.603218099926508
28.919848442077637,-17.649150319062162,7.044067875282103,0.0,0.0,24.693218194344265
28.938779592514038,-17.662587993103415,7.193090655617205,0.0,0.07,24.85567864872062
28.95934295654297,-17.674328221408228,7.4160274109811155,0.0,0.0,25.090355632389343
28.978888988494873,-17.6845800246624,7.564244250085366,0.07,0.05958942323923111,25.248824274747765
28.99882674217224,-17.695844159910926,7.71212747676131,0.032549388408660895,0.06047097436385229,25.407971636672237
29.018824815750122,-17.70562396972073,7.859670704556812,0.02633673574775458,0.04094355768756941,25.565294674277542
29.038857460021973,-17.716005656625835,8.006867570380884,0.0,0.08630259177880362,25.72287322700672
29.058823347091675,-17.72421543924001,8.153711734968475,0.0,0.15630259177880362,25.877927174208484
29.078832626342773,-17.73070029170023,8.300196883345315,0.0006816281820647418,0.08660609088139609,26.030897175045546
29.098901510238647,-17.738132481927604,8.446316725293038,0.0,0.03363872132496909,26.18444920722064
29.118897199630737,-17.74371045175589,8.592064995813743,0.0,0.0,26.335775447569635
29.13889479637146,-17.74785350958919,8.737435455595268,0.0,0.026842499151825905,26.48528896518446
29.158955574035645,-17.75089071579019,8.882421891475758,0.0,0.0,26.63331260726595
29.178896188735962,-17.75307977384772,9.027018116908764,0.012724003754556179,0.0,26.780097890756483
29.198944091796875,-17.75462203241479,9.171217972428025,0.07363736536353827,0.07,26.925840004842815
29.21878409385681,-17.755674390656228,9.315015326112508,0.14363736536353827,0.14,27.070689716768737
29.23880887031555,-17.75658807494942,9.45840407405111,0.2006749014183879,0.16679037861526014,27.21499214900053
29.25883436203003,-17.75715202296246,9.601378140807718,0.2327423381432891,0.19542908050119878,27.35853016377018
29.278935194015503,-17.75745818821143,9.743931479886058,0.25175298254936934,0.19999088101089002,27.501389668097488
29.298879384994507,-17.757577233645975,9.886058074194516,0.18175298254936934,0.26999088101089,27.64363530784049
29.31886649131775,-17.757563171890517,10.02775193651113,0.11175298254936933,0.19999088101089002,27.785315108401647
29.338863611221313,-17.75745702708253,10.169007109948474,0.18175298254936934,0.26999088101089,27.926464137031004
29.358970880508423,-17.757289720623927,10.309817668418532,0.25175298254936934,0.33999088101089003,28.06710738904246
29.378962516784668,-17.75245164565567,10.450177717097546,0.18175298254936934,0.26999088101089,28.202629362753214
29.398963451385498,-17.72364972050541,10.590081392891058,0.11175298254936933,0.22688258163630964,28.313731113396468
29.418957471847534,-17.609471603264474,10.729522864898634,0.04175298254936932,0.2535417350381613,28.338994468163108
29.438880681991577,-17.3208682540962,10.868496334878849,0.05324391707777976,0.20211664684116842,28.18936458897505
29.458972930908203,-17.070295457954895,11.00699603771421,0.10939211830496787,0.13338077165186407,28.077291495669105
29.478965282440186,-16.573765820149973,11.145016241876021,0.05857683032751082,0.14583143781870606,27.718782062025994
29.498956203460693,-15.852311266149337,11.282551249889224,0.09039250820875167,0.07583143781870605,27.13486251603856
29.51892113685608,-14.991325778308562,11.419595398797405,0.15789702594280242,0.005831437818706042,26.41092117710597
29.538894176483154,-14.056116016203456,11.556143060627598,0.09325689882040022,0.0007450088672339983,25.61225907683105
29.5588858127594,-13.093998880058017,11.692188642855257,0.023256898820400218,0.070745008867234,24.786187522913274
29.578975915908813,-12.138548903522215,11.82772658886904,0.00847725473344324,0.07357023177668454,23.966275492391254
29.59895658493042,-11.212910588163643,11.962751378435954,0.0,0.03562427578493954,23.1756619665996
29.61890935897827,-10.334690316637927,12.097257528165784,0.07,0.0,22.43194784480371
29.63890552520752,-9.514867440184792,12.231239591976554,0.14,0.020072786137461662,21.746107032161348
29.658937692642212,-8.803076287776173,12.364692161559077,0.07,0.0,21.16776844933525
29.67890167236328,-8.139217344614938,12.497609866841856,0.08558435056358576,0.012792641296982765,20.636827211456794
29.69893765449524,-7.530779803807801,12.629987376456121,0.09869759220629931,0.06362489052116871,20.16076718026392
29.718985319137573,-6.979188539030416,12.761819398200622,0.044324611015617854,0.0,19.74100793723104
29.738957166671753,-6.4793023659123605,12.893100679506595,0.0,0.0,19.372403045418956
29.758957147598267,-6.030820332399685,13.023826007902649,0.0,0.0,19.054646340302334
29.778971910476685,-5.62986230436471,13.153990211479531,0.0,0.008420323021709919,18.78385251584424
29.798957109451294,-5.272480726480794,13.283588159355219,0.0,0.04355818126350641,18.556068885836012
29.81896185874939,-4.954785251377506,13.412614762139732,0.0042080385610461235,0.0,18.367400013517237
29.83888339996338,-4.673027796902577,13.541064972400044,0.0,0.07,18.21409276930262
29.85895848274231,-4.423657875846349,13.668933785124828,0.049163203686475754,0.033893227279186255,18.092591660971177
29.87902069091797,-4.203355819291565,13.796216238189693,0.06830300204455853,0.057160677090287215,17.99957205748126
29.898962259292603,-4.0120839492121005,13.922907412821672,0.07904698047786951,0.11040690697729588,17.934991362033774
29.91900610923767,-3.8429826487044907,14.049002434064455,0.0796664401423186,0.1282322794944048,17.891985082768947
29.93898105621338,-3.693737238641063,14.174496471243145,0.0096664401423186,0.1329847557283938,17.86823370988421
29.958956718444824,-3.56221668832653,14.299384738429147,0.0,0.17066900262609125,17.861601426755676
29.979019165039062,-3.446473688759386,14.423662494904974,0.0,0.10066900262609124,17.87013618366436
29.998966932296753,-3.344739861552117,14.5473250456294,0.0,0.030669002626091235,17.892064907181517
30.01888871192932,-3.2554177154436394,14.670367741702186,0.07,0.04856183828786015,17.925785457145825
30.039013147354126,-3.1770705557382346,14.792785980828846,0.09287514135241509,0.02154576109722256,17.96985653656708
30.059029817581177,-3.108411237822954,14.914575207785994,0.05369711637496949,0.06292693393304943,18.022986445608947
30.078994750976562,-3.0482904142044203,15.035730914885562,0.0,0.0,18.084021329089982
30.098931550979614,-2.99609198018129,15.156248642440438,0.0,0.01828181743621826,18.15234062262173
30.118951559066772,-2.950364726394016,15.276123979228764,0.0,0.0853673443198204,18.22648870562278
30.138968467712402,-2.910337364640407,15.39535256295909,0.0,0.033653415739536285,18.305689927599495
30.15895986557007,-2.875323953184233,15.513930080735449,0.0,0.07969354093074799,18.38925403391968
30.179038524627686,-2.844715908195446,15.631852269521815,0.0,0.149693540930748,18.47656817771726
30.1989426612854,-2.8179744162935285,15.74911491660734,0.07,0.11217867180705071,18.567089332900867
30.21901273727417,-2.7946233256558513,15.865713860071217,0.05826107848435641,0.18217867180705072,18.66033718572707
30.238950729370117,-2.7742425568819864,15.981644989247421,0.005775720514357097,0.24091518610715867,18.755887546129408
30.258973360061646,-2.756462048526317,16.09690424518969,0.0,0.17091518610715867,18.853366293716007
30.278957843780518,-2.74095623356562,16.211487621136534,0.0,0.10091518610715866,18.952443854702153
30.298948764801025,-2.7274390302157907,16.325391162975897,0.0,0.15200306102633476,19.05283019319169
30.31895112991333,-2.715659322021922,16.438610969710254,0.0,0.18449369817972183,19.154270291732175
30.338979482650757,-2.705431878617773,16.55114319392144,0.0,0.11449369817972183,19.256575072539214
30.35897397994995,-2.696517169427296,16.662984042235507,0.03411770984530449,0.18449369817972183,19.359501211662803
30.378958463668823,-2.68643285785426,16.774129775787713,0.0,0.1535459253937006,19.460562633641974
30.39906120300293,-2.6758019343214263,16.88457671068734,0.0,0.10973578877747059,19.560378645008768
30.418951749801636,-2.662755173597358,16.994321218482526,0.0,0.1797357887774706,19.657076392079883
30.438953161239624,-2.63910887330648,17.1033597266254,0.0,0.18857275664806367,19.74246859993188
30.45893955230713,-2.594825447545785,17.21168871893677,0.07,0.23739357262849808,19.806514166482554
30.479003190994263,-2.5188441787139966,17.31930473607104,0.09061958797276021,0.2603240792453289,19.838148914785037
30.49896264076233,-2.40895059833394,17.426204375981158,0.08567100593820215,0.24222022451460362,19.8351549743151
30.51889133453369,-2.269133031485898,17.532384294383483,0.15567100593820216,0.31222022451460363,19.80151732586938
30.539021015167236,-2.102950334183215,17.637841205222827,0.20860738852992655,0.24222022451460362,19.740791539406043
30.558940172195435,-1.9586662735392804,17.74257188113704,0.13860738852992655,0.31222022451460363,19.701238154676318
30.578956842422485,-1.7790327708253912,17.846573153922243,0.15732863189652563,0.3292193779349327,19.625605924747635
30.598965883255005,-1.5425188901489117,17.949841914997457,0.10716656984761358,0.38015262722969057,19.49236080514637
30.618963718414307,-1.212505260384059,18.05237511586968,0.1771665698476136,0.31015262722969056,19.26488037625374
30.639015436172485,-0.7474901744524801,18.154169768598706,0.10716656984761358,0.36901238158345223,18.901659943051186
30.658992767333984,-0.1314707003857254,18.25522294626206,0.03716656984761357,0.35686933405697346,18.386693646647785
30.678953409194946,0.612576255403358,18.355531783419835,0.0,0.28686933405697346,17.742955528016477
30.698962211608887,1.4236229673003866,18.4550934765796,0.016784071922302246,0.21686933405697345,17.031470509279213
30.71900510787964,2.2598313483433254,18.55390528466141,0.08678407192230225,0.1469006559997797,16.294073936318085
30.738943815231323,3.0914783491930526,18.651964529462475,0.027683209329843528,0.11250714801251888,15.560486180269422
30.75895619392395,3.8980391362985785,18.749268596122292,0.0,0.1497598423808813,14.851229459823713
30.77894639968872,4.598315804138383,18.845814933587512,0.0,0.1650394446402788,14.247499129449128
30.798988580703735,5.2739167884785045,18.94160105507663,0.043564192950725555,0.0950394446402788,13.667684266598126
30.81897282600403,5.914573133922237,19.03662453854504,0.03679494746029377,0.1650394446402788,13.122051404622805
30.83890652656555,6.514073187311645,19.13088302714999,0.03979283547960222,0.21185942582786083,12.616809839838346
30.85897183418274,7.071503473745229,19.224374229715423,0.017280775820836425,0.14185942582786082,12.152870755970195
30.878934383392334,7.58502190759207,19.317095921196703,0.0,0.17181702762842177,11.732074013604633
30.898930549621582,8.05218995635728,19.409045943145806,0.009137343615293503,0.21055981576442717,11.356855986788526
30.919086456298828,8.4725354225787,19.500222204175913,0.0,0.18759628072381018,11.027686781597213
30.938910484313965,8.840015287078316,19.590622680426684,0.0,0.2260987578332424,10.750607393348368
30.958930253982544,9.14719275817586,19.680245416028832,0.026063648983836174,0.1560987578332424,10.533052657852972
30.978888273239136,9.395124345285385,19.769088523569053,0.0,0.14976845398545263,10.373964178283668
30.998934030532837,9.610384879207889,19.857150184555096,0.0,0.21976845398545264,10.246765305347207
31.018913745880127,9.78226538189332,19.944428649880507,0.0,0.2469132976979017,10.162163267987188
31.038854837417603,9.919485071659633,20.030922240289584,0.0,0.24652444578474386,10.111437168629951
31.05885410308838,10.02901362891355,20.116629346842238,0.0,0.18767201162641867,10.087615717928688
31.078922271728516,10.11642185408927,20.20154843137908,0.01937931776046753,0.2402876243717037,10.085126577289811
31.098976850509644,10.186162095121597,20.285678026985906,0.0,0.225319860575255,10.099515931864309
31.118974447250366,10.241792503576216,20.36901673845903,0.0,0.25509838208323343,10.127224234882815
31.138911962509155,10.286156365018245,20.451563242769907,0.05547128990292549,0.32321919694310053,10.165406877751662
31.15896201133728,10.321525498593351,20.53331628953019,0.008271407335996628,0.3418611232913099,10.21179079093684
31.179059267044067,10.34971492050649,20.614274701456445,0.04280998930335045,0.311933377829846,10.264559780949956
31.198988914489746,10.374189696321595,20.694437374835303,0.04117936349939555,0.371064474878367,10.320247678513708
31.218963146209717,10.393424151256067,20.77380327998806,0.02054088085424155,0.301064474878367,10.380379128731992
31.238889932632446,10.413144556038322,20.8523714617359,0.035622659022919834,0.231064474878367,10.439226905697577
31.258955001831055,10.451213547572726,20.930141039864417,0.0947730754269287,0.2717660057521425,10.47892749229169
31.278965711593628,10.535769025326038,21.0071112095888,0.024773075426928692,0.33718664079671723,10.471342184262761
31.298962354660034,10.694395269398813,21.083281242018813,0.024049955310765647,0.32807253181701523,10.38888597262
31.318906784057617,10.939666957440577,21.158650484623166,0.05333248608047142,0.29561344042187554,10.218983527182589
31.338890075683594,11.254871202085065,21.23321836169505,0.02128960646921768,0.27112156405812127,9.978347159609987
31.358943939208984,11.61034205723438,21.306984374816615,0.027151977068278932,0.28107841752236706,9.696642317582235
31.378933906555176,11.982096567114725,21.379948103324132,0.09715197706827894,0.35107841752236707,9.397851536209407
31.398922443389893,12.355363834206443,21.45210920477254,0.10183342645177618,0.4210784175223671,9.096745370566097
31.418790102005005,12.679444005461358,21.523467415400887,0.1137114409939386,0.36537393934791906,8.84402340993953
31.438907146453857,13.001219092520762,21.594022550596605,0.11469753709388897,0.3182333857542835,8.592803458075844
31.458900928497314,13.315229113070947,21.66377450536079,0.17709784460021183,0.32596129465615375,8.348545392289845
31.478941440582275,13.61556996969484,21.73272325477309,0.10709784460021182,0.3259398477124341,8.11715328507825
31.4989116191864,13.89618469317831,21.800868854456404,0.037097844600211816,0.3959398477124341,7.9046841612780945
31.51889944076538,14.155702459497887,21.86821144104205,0.0,0.3266838996457227,7.712508981544163
31.538909196853638,14.393727129185454,21.93475123263434,0.011464265175163746,0.33180922761283,7.541024103448887
31.558974504470825,14.608233651715,22.000488529275856,0.011272712596110068,0.40180922761283,7.392254877560855
31.578909397125244,14.800751632985463,22.065423713411825,0.08127271259611007,0.35343467533311923,7.264672080426362
31.598929405212402,14.972923012980925,22.129557250355816,0.01719681049173233,0.42343467533311924,7.156634237374892
31.618927240371704,15.126424483588243,22.192889688753546,0.0,0.43282234914324363,7.0664652051653025
31.638899087905884,15.259698379448167,22.2554216610489,0.024480758234858513,0.4493126539858349,6.995723281600732
31.659003973007202,15.378624484678843,22.317153883948038,0.0,0.42159406341335853,6.9385293992691945
31.678946495056152,15.484450610528524,22.37808715888461,0.0,0.44225296251199325,6.893636548356087
31.698997974395752,15.578388710829122,22.438222372484695,0.010722476057708263,0.42280008330664715,6.859833661655573
31.7189724445343,15.661593892638578,22.497560497031465,0.07525127660483122,0.36191147625169834,6.835966604392887
31.739009857177734,15.739784031802937,22.55610259093031,0.07330145628657192,0.29191147625169833,6.816318559127371
31.75895047187805,15.824011868125845,22.613849799173714,0.10181985178496689,0.33188776761016925,6.7898379310478685
31.778987646102905,15.938009732039143,22.670803353805894,0.09670230036135763,0.35276336870811065,6.732793621766751
31.798924922943115,16.102109745953715,22.726964574388056,0.04295168479438871,0.42276336870811065,6.624854828434341
31.81895875930786,16.317532026833163,22.782334868463217,0.07525616174098104,0.4329614011915692,6.464802841630053
31.838977575302124,16.562924318385914,22.8369157320206,0.07631140423472971,0.42925902655071696,6.273991413634686
31.85895872116089,16.775980171074735,22.890708749961505,0.11739398387726396,0.41129135725743254,6.114728578886769
31.878978490829468,17.007646435794364,22.943715596563138,0.06802270782645792,0.44789043454176863,5.936069160768774
31.898972034454346,17.246133588617333,22.995938035944306,0.06728067545918748,0.4253045657063194,5.749804447326973
31.918946504592896,17.48307309322261,23.047377922530046,0.050525224942248315,0.48084932950980147,5.564304829307435
31.93903398513794,17.712693116200306,23.0980372015162,0.03294601588277146,0.41739432899004897,5.385344085315893
31.958961725234985,17.93117755920838,23.147917909335014,0.02275173011003062,0.3899676801050373,5.216740350126635
31.978963613510132,18.133852963981568,23.197022174119255,0.0,0.43009747205025634,5.063169210137687
31.998961210250854,18.32020623149914,23.245352216167745,0.00013047261745668948,0.39784079430348357,4.925145984668607
32.018898725509644,18.4903111414185,23.292910348409855,0.0,0.41973954638189753,4.802599206991356
32.03899884223938,18.64464716338367,23.33969897687065,0.0,0.41031508812404355,4.69505181348698
32.059086084365845,18.783962914990468,23.385720601135553,0.0,0.4064738933341869,4.601757686145085
32.0789794921875,18.909174228996243,23.430977814815336,0.0,0.4165010774852999,4.521803585819093
32.09894275665283,19.01788588861271,23.475473306011253,0.0,0.37024888269326767,4.457587417398543
32.11896538734436,19.11799153236492,23.519209857779735,0.0,0.3902222371073731,4.401218325414817
32.13895535469055,19.209481332355214,23.562190348596765,0.0,0.4258642612370022,4.352709016241551
32.15896463394165,19.292575531965248,23.604417752824205,0.007732199504971504,0.4339692607866891,4.311842220858956
32.17896771430969,19.367648373092692,23.645895141172815,0.031116297468543053,0.45613836835793337,4.278246768080123
32.19900727272034,19.435171198884472,23.68662568116877,0.0,0.44967968262455543,4.251454482284299
32.218976974487305,19.495670374915928,23.726612637617727,0.0,0.43095034979007324,4.230942262701799
32.23896813392639,19.549696611955294,23.765859373069745,0.0,0.43799911685011467,4.21616276111445
32.25898742675781,19.597803016541437,23.804369348284602,0.0,0.46946954600236496,4.206566331743165
32.27895474433899,19.640529782204545,23.84214612269617,0.0,0.4569135425957211,4.201616340491626
32.29895091056824,19.678393896608654,23.879193354877692,0.0,0.3869135425957211,4.200799458269039
32.31896686553955,19.71126848745105,23.915514803006687,0.011508609168231487,0.4262845115335949,4.204246315555636
32.33899164199829,19.740425163019996,23.95111432532915,0.0,0.470326033380843,4.210689162309155
32.358964681625366,19.773180070583834,23.985995880625843,0.0,0.49111733302197536,4.2128158100420094
32.37897300720215,19.814520031799415,24.02016352867564,0.0,0.4490024828883179,4.205643496876224
32.39897346496582,19.8676825371955,24.053621430721627,0.0,0.454950178933359,4.185938893526128
32.41895413398743,19.929972006255273,24.086373849935285,0.0,0.4801410669060715,4.156401843680012
32.43897843360901,19.99464290519181,24.11842515188156,0.0,0.5470449709864624,4.12378224668975
32.45897364616394,20.06157985211767,24.14977980498407,0.03421734645962715,0.5254705315055617,4.0881999528664
32.47895359992981,20.132959331662587,24.180442380989398,0.033655880484730005,0.5954705315055617,4.047483049326811
32.49903440475464,20.210176004970428,24.21041755543265,0.08611699799075723,0.6029431648897299,4.000241550462221
32.518911838531494,20.291728389665575,24.23971010810193,0.06887087831273675,0.5562840454625257,3.947981718436356
32.53895711898804,20.362534252189157,24.2683249235033,0.058964093681424856,0.5369892526762852,3.9057906713141435
32.55897498130798,20.440251123955154,24.296266991325723,0.05336663452908397,0.5410187133932778,3.8560158673705693
32.57897758483887,20.529985419895784,24.32354140690616,0.01549939764663577,0.4710187133932778,3.793555987010375
32.598960638046265,20.634967237927384,24.350153371694063,0.03403891948983073,0.44589248155898537,3.7151861337666787
32.61904454231262,20.754721945924445,24.37610819371632,0.06553161470219493,0.43962532743535127,3.6213862477918752
32.63895106315613,20.88158149150552,24.40141128804285,0.02872291160747409,0.5096253274353513,3.51982979653733
32.65898108482361,21.01003254834913,24.426068177250215,0.0,0.4727479374381074,3.416035628901085
32.6789710521698,21.13620372380566,24.450084491888013,0.07,0.5174812754961022,3.3138807680823525
32.698975801467896,21.257466110355058,24.47346597094262,0.06666181253269315,0.5336365817459592,3.215999860587562
32.71888542175293,21.372123090904953,24.49621846230241,0.04913507604971529,0.5601947350772389,3.1240953713974555
32.73896765708923,21.479170313207668,24.518347923222983,0.029995573852211244,0.5377704395326146,3.039177610015315
32.75891995429993,21.572111444656255,24.53986042079159,0.0,0.601208825257636,2.9677489761353364
32.77896070480347,21.658804591445747,24.560762132392576,0.011489477939903736,0.6090748334648379,2.901957540946828
32.79896306991577,21.738873221722372,24.58105934617145,0.02818817552179098,0.6025329764345952,2.8421861244490785
32.81886672973633,21.812230392260023,24.600758461500803,0.0,0.596536687702901,2.7885280692407797
32.8389687538147,21.87899259380413,24.619865989444257,0.0,0.5620033844719001,2.7408733956401257
32.85903787612915,21.939414548253335,24.63838855322198,0.0,0.5176629527816841,2.698974004968644
32.87895393371582,21.993840276990813,24.65633288867557,0.005050098989158869,0.5139979793569365,2.6624926116847583
32.89893865585327,22.042666760426673,24.673705844732382,0.0,0.5583144127270498,2.6310390843057085
32.91896200180054,22.08631730089792,24.690514383871154,0.0,0.5387737377425947,2.604197082973233
32.93896460533142,22.127538675432763,24.706765582586463,0.00183967559132725,0.5369823358599388,2.5792269071537
32.95895743370056,22.163328125235584,24.722466631853464,0.010770061635412276,0.6026916585509026,2.559138506617881
32.97890901565552,22.206325120316254,24.737624837593522,0.012439402169547975,0.5734990637395823,2.5312997172772675
32.99902033805847,22.260144198274233,24.75224762113824,0.02961005864199251,0.5284865785036528,2.4921034228640053
33.018898725509644,22.3293270794111,24.766342519695137,0.0372162921121344,0.5725317548606836,2.4370154402840356
33.038843631744385,22.407358050006923,24.77991718681165,0.013103780685923994,0.5787760296482884,2.3725591368047283
33.0589165687561,22.49179458048362,24.792979392840934,0.0,0.5714460134152615,2.301184812357313
33.078853368759155,22.578454971674585,24.80553702540633,0.012049698270857334,0.5660124530662143,2.2270820537317455
33.09889197349548,22.662059739498556,24.81759808986603,0.025501418858766556,0.6271609438229644,2.1555383503674754
33.11890125274658,22.741338736372107,24.829170709778396,0.012394779361784458,0.5864392479528033,2.0878319734062885
33.1389582157135,22.81784009596495,24.84026312736689,0.02444188855588436,0.6084410713631951,2.0224230314019387
33.158968925476074,22.890395977870572,24.850883703984607,0.014626303687691689,0.6012023238111579,1.9604877261140352
33.17895555496216,22.953390846980664,24.86104092057917,0.039829129353165627,0.5950245002862358,1.9076500735985071
33.198923110961914,23.012992959345155,24.870743378158267,0.051934584975242615,0.6108589882608795,1.8577504188131115
33.21897602081299,23.07098407003253,24.87999979825353,0.0,0.6097420600820624,1.8090157282209987
33.2389817237854,23.12632786092934,24.888819023386333,0.0,0.6391145007331216,1.7624911624569926
33.25895071029663,23.178374295591766,24.89721001753233,0.0,0.680877430142864,1.7188357219405646
33.2789523601532,23.22675877290365,24.90518186658619,0.0,0.6789826003480994,1.6784230936825395
33.2989764213562,23.271324558563705,24.912743778826794,0.0,0.6955417485554063,1.6414192202630886
33.318995237350464,23.312063429207114,24.919905085382155,0.0,0.6725170293469274,1.6078416561750402
33.33894872665405,23.349070530984328,24.92667524069381,0.0,0.6688132204693102,1.5776047097094832
33.358943939208984,23.382510300920956,24.933063822982234,0.02295398898422718,0.6493933119457507,1.5505535220612785
33.37901997566223,23.419540014660257,24.9390805347117,0.05120621621608734,0.6748563044350886,1.519540520051443
33.39895701408386,23.45169015754221,24.94473520305487,0.09084998071193695,0.7,1.493045045512659
33.418991804122925,23.492949938054878,24.95003778035798,0.030183110386133194,0.6429461099207401,1.4570878423031033
33.438997745513916,23.546398741665012,24.95499834460557,0.04398356191813946,0.5844234868884086,1.4085996029405585
33.4589569568634,23.609221512661698,24.959627099885395,0.0856636743992567,0.5527038767933845,1.3504055872236975
33.47898745536804,23.676899570454218,24.9639343768536,0.08015036536380649,0.6020259417593479,1.287034806399383
33.498953342437744,23.7461663673899,24.967930633199174,0.017411089967936277,0.6312318954616785,1.2217642658092736
33.518929958343506,23.814711152360648,24.97162645410893,0.0,0.6202657984569668,1.1569153017482812
33.538962841033936,23.88094795142842,24.975032552732742,0.0,0.6660023273900151,1.0940846013043206
33.558942794799805,23.94383600486461,24.978159770648347,0.0,0.607199845649302,1.0343237657837356
33.57896542549133,24.000424329085817,24.981019078325815,0.0,0.6399790549650788,0.980594749239998
33.59898114204407,24.051145605438915,24.983621575592885,0.0,0.6170501558110117,0.9324759701539698
33.61888647079468,24.09645499134093,24.985978492099733,0.0,0.6060578402131795,0.889523500758802
33.63895893096924,24.135793756984622,24.98810118778394,0.010553390718996525,0.5775558043271303,0.8523074307993177
33.659008264541626,24.173282528804275,24.990001153335143,0.0,0.5285014014691114,0.8167186245308677
33.67895865440369,24.208498318529028,24.991690010660193,0.020922213792800903,0.5690147269517183,0.7831916921311652
33.69895815849304,24.241207230987577,24.993179513348053,0.0,0.5762437626719474,0.7519722823604766
33.718886613845825,24.271312875656445,24.99448154713457,0.05442613363265991,0.629940115660429,0.723168671478124
33.73887395858765,24.30113325849506,24.99560813036723,0.018986638635396957,0.6351135375909507,0.6944748718721705
33.75919270515442,24.329969591028863,24.996109420134836,0.018986638635396957,0.6351135375909507,0.6661398291059726
33.78220009803772,24.357362443003478,24.997737064749792,0.06660068953169684,0.6169964576140046,0.6403746217463144
33.79882884025574,24.383030745934345,24.998057359158295,0.07475808156414132,0.6444512771442532,0.6150266132239501
33.818878412246704,24.40682472546085,24.99860499215938,0.01411781353635888,0.7,0.5917802666985281
33.83879327774048,24.427483265974907,24.999039271793322,0.029122550839019823,0.66273685246706,0.5715560058184153
33.85892152786255,24.44662602115002,24.999373021841407,0.010357810982895899,0.6834298826754093,0.5527470006913866
33.87887740135193,24.464211436221383,24.999619201951084,0.022356684186888742,0.6686391949653625,0.5354077657297012
33.89899563789368,24.477935343511614,24.999790908100735,0.006820806169343996,0.684175824560225,0.5218555645891207
33.91894507408142,24.488615430967627,24.99990137306476,0.060424786859584856,0.6458699868991971,0.5112859420971319
33.93896198272705,24.49689986817944,24.999963966878,0.055544179731441545,0.7,0.5030640986985588
33.95897722244263,24.50330199816399,24.999992197301424,0.06032265616340737,0.6339112490415573,0.49669019913743284
33.979002237319946,24.508227986939147,24.999999710286325,0.09200921548290353,0.6372116052545607,0.49177172334717767
33.998953104019165,24.511998853014944,25.0,0.10390881901366811,0.6391539593925699,0.4880011469850558
34.018956422805786,24.514868012700525,25.0,0.07884156970067124,0.6868970526149496,0.48513198729947504
34.0389609336853,24.51703524837971,25.0,0.03372088340802293,0.6860603986307978,0.4829647516202904
34.05896472930908,24.516341476034004,25.0,0.09268619758768182,0.6751155395060777,0.48365852396599607
34.07906651496887,24.515739125170608,25.0,0.0656877354322205,0.6051155395060777,0.48426087482939195
34.09890675544739,24.51315581141664,25.0,0.08658437696976762,0.6308864570409058,0.4868441885833583
34.11897349357605,24.509264642575815,25.0,0.08224088638780813,0.6574782609194516,0.4907353574241853
34.13896322250366,24.502251266450195,25.0,0.08017044710686605,0.6725274753943085,0.4977487335498054
34.159018993377686,24.49325410304453,25.0,0.1253082138555328,0.6422603969648479,0.5067458969554686
34.17885446548462,24.483116159112523,25.0,0.07132534133961599,0.6323982031270861,0.516883840887477
34.1989688873291,24.47245303579297,25.0,0.06283037747016351,0.6100542509183287,0.5275469642070298
34.21893310546875,24.461706158633447,25.0,0.0033806153642217396,0.6537425072118639,0.5382938413665528
34.23884081840515,24.45118434050193,25.0,0.01533200043013494,0.7,0.5488156594980715
34.25888681411743,24.441096145364714,25.0,0.04081582474282186,0.7,0.558903854635286
34.27890658378601,24.43233731678273,25.0,0.027380212310163188,0.6926858721300959,0.5676626832172715
34.29902911186218,24.423970370983817,25.0,0.0,0.6808679390698671,0.5760296290161833
34.31896710395813,24.41609612926251,25.0,0.0,0.6470030199736356,0.5839038707374904
34.33898043632507,24.408771634952796,25.0,0.0,0.6615333853289485,0.5912283650472041
34.35897755622864,24.402022020703217,25.0,0.0,0.6988386398181319,0.5979779792967825
34.37894129753113,24.395849592256564,25.0,0.0,0.7,0.6041504077434361
34.398863554000854,24.392557087550284,25.0,0.0,0.691647626273334,0.6074429124497165
34.41897916793823,24.391351695111208,25.0,0.05618693679571152,0.7,0.6086483048887921
34.43890571594238,24.393944086071468,25.0,0.10321417450904846,0.6318321123719215,0.6060559139285324
34.45904183387756,24.399106020850848,25.0,0.1292909998446703,0.61694968752563,0.6008939791491521
34.478968143463135,24.412865712477867,25.0,0.09694464690983295,0.6050461808219552,0.587134287522133
34.49896597862244,24.424812228050058,25.0,0.06411578692495823,0.658206788636744,0.5751877719499419
34.51898002624512,24.449555916580213,25.0,0.013106832280755043,0.6416306680068373,0.5504440834197872
34.538965940475464,24.487168849827864,25.0,0.05013933964073658,0.6606727538630366,0.5128311501721363
34.559000968933105,24.530412875596625,25.0,0.0561122065410018,0.6368806285783648,0.46958712440337536
34.57897186279297,24.57642845629696,25.0,0.05184193607419729,0.6466583486646413,0.42357154370304073
34.598992347717285,24.623156369058947,25.0,0.0,0.6628014117479324,0.3768436309410532
34.618990898132324,24.66683119646653,25.0,0.0,0.6751705089583993,0.33316880353347145
34.63893437385559,24.707234365114974,25.0,0.0,0.7,0.2927656348850256
34.65897083282471,24.744300282414944,25.0,0.0,0.7,0.25569971758505616
34.678959608078,24.778071341942592,25.0,0.02955394983291626,0.7,0.2219286580574078
34.698976278305054,24.808663825072596,25.0,0.0,0.7,0.19133617492740385
34.71896290779114,24.83522499998925,25.0,0.007561718113720417,0.7,0.1647750000107493
34.738961696624756,24.86161970790065,25.0,0.0,0.6631743058562278,0.13838029209934888
34.75900411605835,24.88720316136603,25.0,0.022911645472049713,0.7,0.11279683863396883
34.77897071838379,24.91386523225966,25.0,0.0,0.7,0.08613476774034012
34.798972845077515,24.94057381365923,25.0,0.0,0.6819085132330656,0.059426186340768794
34.818994760513306,24.96661079852058,25.0,0.0,0.7,0.033389201479419484
34.83897519111633,24.99149510360322,25.0,0.0,0.7,0.008504896396779316
34.85894560813904,25.014922956658623,25.0,0.023691827431321144,0.6465504325926303,-0.014922956658622866
34.878979444503784,25.03672174806776,25.0,0.015784187242388725,0.6192958287894725,-0.03672174806775885
34.8989691734314,25.059130868398857,25.0,0.0,0.6007627107203006,-0.059130868398856506
34.918877363204956,25.08368966935057,25.0,0.0,0.621058626845479,-0.08368966935056932
34.93889355659485,25.105012247352814,25.0,0.033073700964450836,0.6406235832720995,-0.10501224735281411
34.95893740653992,25.127607158404224,25.0,0.0,0.6445559028536081,-0.1276071584042242
34.978840827941895,25.15049032060541,25.0,0.0,0.6804598595947027,-0.15049032060541023
34.99903106689453,25.172970613104052,25.0,0.0,0.7,-0.17297061310405226
35.01881003379822,25.194578614473063,25.0,0.0,0.7,-0.19457861447306257
35.03885579109192,25.215011262918157,25.0,0.0,0.6583392366766929,-0.2150112629181571
35.05884909629822,25.234089033950912,25.0,0.0,0.6209525026381015,-0.2340890339509123
35.078835010528564,25.25172294102613,25.0,0.0,0.6472074974328279,-0.2517229410261308
35.09888243675232,25.267889228712622,25.0,0.0,0.6805526789277792,-0.26788922871262244
35.11878800392151,25.28261007590597,25.0,0.005214368458837271,0.6818324423395097,-0.2826100759059713
35.13888072967529,25.295938982063518,25.0,0.0,0.7,-0.2959389820635181
35.15883803367615,25.307511478692636,25.0,0.0,0.6875783249735832,-0.3075114786926356
35.17882180213928,25.31799732835247,25.0,0.0,0.6848701402079314,-0.31799732835246886
35.198835134506226,25.327452060844845,25.0,0.0,0.7,-0.3274520608448448
35.21883416175842,25.33594142106651,25.0,0.0,0.7,-0.3359414210665115
35.23883843421936,25.343536516419423,25.0,0.0,0.6697506856173276,-0.34353651641942307
35.25884127616882,25.350310304968655,25.0,0.0,0.6482824299484491,-0.3503103049686551
35.27882480621338,25.356335107411606,25.0,0.05965617299079895,0.6433188517577946,-0.35633510741160634
35.298850774765015,25.361680895738264,25.0,0.1276756301522255,0.6562137885950505,-0.3616808957382638
35.31880068778992,25.366414166468072,25.0,0.1290461221942678,0.6870187300257384,-0.366414166468072
35.33881378173828,25.370597249617944,25.0,0.07901709771249443,0.7,-0.37059724961794416
35.35878872871399,25.37428793853274,25.0,0.09820061607751995,0.7,-0.37428793853273845
35.37881422042847,25.37753935233624,25.0,0.06147105304989964,0.6746272731572389,-0.3775393523362389
35.39890170097351,25.38036231281297,25.0,0.0120794145623222,0.6827976273372769,-0.38036231281297006
35.41882658004761,25.382850929940407,25.0,0.01836095901671797,0.6810838064877316,-0.3828509299404068
35.43887376785278,25.385041731482204,25.0,0.0,0.7,-0.3850417314822039
35.458845138549805,25.38465158972193,25.0,0.014571438543498516,0.7,-0.3846515897219298
35.4788498878479,25.382479057410723,25.0,0.0,0.6871288333088159,-0.3824790574107233
35.49878430366516,25.379125768371438,25.0,0.04604480788111687,0.6653466437011957,-0.37912576837143774
35.51882839202881,25.375040724398538,25.0,0.0705643817782402,0.6363659713417291,-0.37504072439853786
35.538859367370605,25.37055507867278,25.0,0.08823920972645283,0.6424391509965062,-0.3705550786727798
35.55888056755066,25.365909401527812,25.0,0.0702672153711319,0.6559481162577867,-0.36590940152781215
35.57892823219299,25.36127500601927,25.0,0.09572379291057587,0.6845543671399354,-0.36127500601926954
35.598872423172,25.35677058551581,25.0,0.04889174550771713,0.6889581184834241,-0.356770585515811
35.61877417564392,25.352859732631387,25.0,0.005487881600856781,0.6336102772504091,-0.35285973263138715
35.63882827758789,25.34907965430735,25.0,0.0,0.6547200705856084,-0.34907965430734933
35.658881425857544,25.34549003299566,25.0,0.0,0.7,-0.3454900329956594
35.678839683532715,25.34212730348485,25.0,0.0,0.7,-0.3421273034848511
35.69893956184387,25.339010792956508,25.0,0.0,0.7,-0.3390107929565076
35.71883487701416,25.336147436617512,25.0,0.0,0.7,-0.33614743661751234
35.73890137672424,25.333535379675038,25.0,0.0,0.6579214230179786,-0.33353537967503755
35.75894856452942,25.333483058941564,25.0,0.0,0.7,-0.3334830589415638
35.77884554862976,25.335210059779318,25.0,0.024477286264300346,0.7,-0.3352100597793175
35.798890829086304,25.33812742762657,25.0,0.036751117557287216,0.6365224912762641,-0.33812742762657066
35.81895923614502,25.341794714177492,25.0,0.02249601762741804,0.6887219928205013,-0.3417947141774924
35.838868141174316,25.344978745991273,25.0,0.0,0.659152415394783,-0.34497874599127343
35.85889935493469,25.34865068634579,25.0,0.0,0.6455031082034111,-0.34865068634578833
35.87886381149292,25.35256474482394,25.0,0.0008672488620504737,0.6912944063544273,-0.3525647448239404
35.898916244506836,25.356543819215954,25.0,0.022417643456719816,0.7,-0.356543819215954
35.91887617111206,25.36046318430619,25.0,0.029320879257284105,0.6748309534043073,-0.36046318430619095
35.93895721435547,25.364237782033673,25.0,0.012306062853895128,0.6755357349058613,-0.36423778203367263
35.958877086639404,25.367812348062728,25.0,0.024903030483983457,0.6554967427393421,-0.3678123480627278
35.978888511657715,25.371153768681758,25.0,0.014963136403821409,0.7,-0.37115376868175787
35.99893069267273,25.374245188277396,25.0,0.04856047162320465,0.7,-0.3742451882773956
36.0189049243927,25.377081488020966,25.0,0.05095171497669071,0.6762277491390705,-0.3770814880209663
36.03894591331482,25.379544035872506,25.0,0.06645275407936424,0.6645617855712771,-0.37954403587250596
36.05883502960205,25.381803883047397,25.0,0.016710662632249296,0.6970351895317435,-0.38180388304739665
36.07892107963562,25.383863380267957,25.0,0.07922098913695663,0.6755974253639578,-0.3838633802679574
36.098899602890015,25.385729440501656,25.0,0.07213796523865312,0.7,-0.38572944050165603
36.118833780288696,25.387411963371612,25.0,0.027610784745775163,0.7,-0.387411963371612
36.13893413543701,25.38892266206998,25.0,0.044483851990662515,0.7,-0.38892266206998016
36.158835887908936,25.390274200758526,25.0,0.023413356742821634,0.7,-0.39027420075852604
36.178935050964355,25.391479570361273,25.0,0.0,0.7,-0.39147957036127323
36.19886541366577,25.390235298306308,25.0,0.0,0.6817863572388887,-0.3902352983063082
36.21890068054199,25.387322345765522,25.0,0.0,0.7,-0.38732234576552216
36.238832235336304,25.38332713097849,25.0,0.0,0.7,-0.3833271309784898
36.25888180732727,25.379858383497705,25.0,0.0,0.6725164007395505,-0.3798583834977052
36.27892875671387,25.375673836357635,25.0,0.0,0.6509907886385917,-0.3756738363576346
36.2988920211792,25.371102392081312,25.0,0.010108055546879768,0.601994552463293,-0.3711023920813119
36.31889295578003,25.368699044640056,25.0,0.0,0.5713298831135034,-0.36869904464005643
36.33894157409668,25.367864954786352,25.0,0.01617266982793808,0.5275268208235502,-0.36786495478635217
36.35884881019592,25.368142822884177,25.0,0.007144047878682613,0.5460644166916608,-0.36814282288417743
36.37887144088745,25.36918571202433,25.0,0.04253991227596998,0.4811523657292127,-0.36918571202432915
36.398927450180054,25.370732484572677,25.0,0.0,0.4563063465058803,-0.3707324845726774
36.41885304450989,25.372588479646648,25.0,0.023485902696847916,0.45410504732280965,-0.3725884796466481
36.43896245956421,25.376926688165042,25.0,0.03210396412760019,0.5047040412202477,-0.3769266881650424
36.458948850631714,25.382874660527932,25.0,0.040742565877735615,0.5685119831934571,-0.38287466052793206
36.479034662246704,25.388038841992337,25.0,0.029949046671390533,0.588192986138165,-0.38803884199233707
36.49892449378967,25.39426765936155,25.0,0.05771767906844616,0.6089506836608052,-0.3942676593615495
36.51878833770752,25.40107179216995,25.0,0.07918989472091198,0.6538661809638142,-0.4010717921699509
36.5388445854187,25.408096205623327,25.0,0.1203687209635973,0.6853820586577057,-0.4080962056233268
36.55893564224243,25.415088494030428,25.0,0.06750411726534367,0.679762683622539,-0.415088494030428
36.578943729400635,25.42187418799114,25.0,0.02119242213666439,0.6436161546036601,-0.42187418799113985
36.598854541778564,25.42833754925008,25.0,0.02495648036710918,0.6051267122849822,-0.42833754925008094
36.618802309036255,25.43209033524059,25.0,0.0,0.6508776208385825,-0.43209033524059137
36.63882517814636,25.433861504433168,25.0,0.015599734149873257,0.6133754624053835,-0.4338615044331675
36.65883708000183,25.43189325432805,25.0,0.0,0.6327991968020796,-0.4318932543280489
36.67883563041687,25.427379549800413,25.0,0.0,0.6627545839175581,-0.42737954980041337
36.69899106025696,25.423460636289168,25.0,0.0,0.7,-0.4234606362891675
36.71901750564575,25.41781427989644,25.0,0.0,0.6732942320406436,-0.41781427989644015
36.7389657497406,25.411116884615826,25.0,0.018582414835691452,0.673788205650635,-0.41111688461582574
36.758975982666016,25.406182315523036,25.0,0.0687142163515091,0.677803329587914,-0.4061823155230364
36.7790002822876,25.40260222103711,25.0,0.0794610558077693,0.6695329969981685,-0.4026022210371103
36.79897356033325,25.40005727110905,25.0,0.009461055807769292,0.6819410272175446,-0.40005727110904843
36.819000244140625,25.40061473229703,25.0,0.027747907973825925,0.6533241648459807,-0.40061473229702926
36.83896255493164,25.410261419938504,25.0,0.020769405942410224,0.6820361934835091,-0.41026141993850374
36.8590133190155,25.425967068924788,25.0,0.0,0.6953367930138483,-0.42596706892478764
36.87896108627319,25.445467233146406,25.0,0.0,0.6792245343560352,-0.445467233146406
36.898948431015015,25.46708906861642,25.0,0.01712905988097191,0.7,-0.46708906861642063
36.9189658164978,25.48961473422714,25.0,0.009622080251574516,0.7,-0.4896147342271391
36.938960790634155,25.509172092217916,25.0,0.02683250419795513,0.7,-0.5091720922179164
36.95898151397705,25.529154718567753,25.0,0.03889160975813866,0.7,-0.529154718567753
36.9789662361145,25.548906088000706,25.0,0.021328674629330635,0.6380475655198097,-0.548906088000706
36.998968839645386,25.567976285663075,25.0,0.030161411501467228,0.6660943504422903,-0.5679762856630752
37.01896405220032,25.586070761714236,25.0,0.0,0.6566446486860513,-0.586070761714236
37.03895545005798,25.6030106426401,25.0,0.008237123489379883,0.6653460262343287,-0.6030106426401005
37.05895256996155,25.618702115631105,25.0,0.0,0.6334778217598795,-0.6187021156311054
37.078800678253174,25.6331129218046,25.0,0.0,0.6330840938782785,-0.6331129218045994
37.09879493713379,25.646254406610083,25.0,0.0,0.6379249922058079,-0.6462544066100833
37.11884546279907,25.65816790320448,25.0,0.004778202157467604,0.6457415099313948,-0.6581679032044789
37.138919830322266,25.66891448428834,25.0,0.009923441335558891,0.62990987925441,-0.6689144842883401
37.15896511077881,25.678244940358596,25.0,0.013061434729024768,0.6629647675028536,-0.6782449403585957
37.178996562957764,25.68666826387632,25.0,0.0,0.7,-0.6866682638763209
37.1990122795105,25.696555863167966,25.0,0.0,0.6631786160171032,-0.6965558631679656
37.21903157234192,25.70719993312009,25.0,0.0,0.6876455403864383,-0.7071999331200907
37.23895239830017,25.718088909452305,25.0,0.0,0.69485086183995,-0.7180889094523053
37.258963108062744,25.72886101514772,25.0,0.0,0.7,-0.7288610151477215
37.27896237373352,25.739268047085417,25.0,0.0,0.7,-0.7392680470854174
37.29896783828735,25.74914722971628,25.0,0.0,0.7,-0.7491472297162787
37.31895637512207,25.75839941374263,25.0,0.0,0.7,-0.7583994137426302
37.33894896507263,25.76697225648477,25.0,0.0002073789801215753,0.7,-0.7669722564847703
37.35900402069092,25.77484730570935,25.0,0.0007537974597653374,0.6595016427338123,-0.7748473057093506
37.37897849082947,25.781684624505687,25.0,0.0,0.6535399535670876,-0.7816846245056865
37.3989896774292,25.78796646987433,25.0,0.0,0.6662606408819556,-0.7879664698743305
37.4189453125,25.793696936906223,25.0,0.0,0.604922473244369,-0.7936969369062226
37.438870429992676,25.798893401488844,25.0,0.04974258318543434,0.6381807474419474,-0.7988934014888436
37.45903825759888,25.803582006151327,25.0,0.04558709170669317,0.6205274665728211,-0.803582006151327
37.478967905044556,25.807794293576908,25.0,0.08082166220992804,0.5817232334986329,-0.807794293576908
37.498937129974365,25.81156472598608,25.0,0.05278633255511522,0.6083554549142718,-0.8115647259860808
37.518866777420044,25.814928885204615,25.0,0.029986421577632427,0.6096076872665435,-0.8149288852046155
37.53898358345032,25.817922192958957,25.0,0.0,0.6155238487292081,-0.8179221929589566
37.55891394615173,25.820579026237848,25.0,0.03730308637022972,0.6234510150272399,-0.8205790262378478
37.57890748977661,25.82288575672276,25.0,0.03237692313268781,0.5887293462175875,-0.8228857567227585
37.598907232284546,25.82493489267442,25.0,0.0416232873685658,0.6206465010065585,-0.8249348926744204
37.61885666847229,25.82675110374541,25.0,0.011681026313453913,0.583739334763959,-0.8267511037454085
37.63895130157471,25.828357663703976,25.0,0.0003350782208144665,0.5965297408867627,-0.8283576637039758
37.65898013114929,25.82977626338676,25.0,0.0,0.5627983548212796,-0.8297762633867585
37.67896127700806,25.831026922497387,25.0,0.0,0.5786167718935757,-0.8310269224973865
37.69895792007446,25.83212797238605,25.0,0.0,0.5500912312883883,-0.8321279723860506
37.718950271606445,25.833096088584902,25.0,0.0009024102473631501,0.5157864410895854,-0.8330960885849024
37.738922357559204,25.833946357045427,25.0,0.012229101383127272,0.5540655386168509,-0.8339463570454271
37.758869647979736,25.834692362038844,25.0,0.0,0.5768439192790538,-0.8346923620388438
37.778844118118286,25.837662634870775,25.0,0.010259103029966354,0.5848704400006681,-0.8376626348707745
37.79888939857483,25.840241501578124,25.0,0.02834746241569519,0.5428888844791799,-0.8402415015781237
37.81887722015381,25.84433859729523,25.0,0.00708744116127491,0.557150511117652,-0.8443385972952306
37.83887481689453,25.849382246640793,25.0,0.0,0.5778167993295937,-0.8493822466407934
37.859028577804565,25.85495042876522,25.0,0.0,0.581633729673922,-0.8549504287652212
37.87893056869507,25.860736192241784,25.0,0.0,0.6056728044524788,-0.8607361922417844
37.898990869522095,25.866520600284648,25.0,0.0,0.6515706384554505,-0.8665206002846482
37.91904830932617,25.87215161941038,25.0,0.018748920410871506,0.6764181924983859,-0.8721516194103813
37.93896698951721,25.877527692686062,25.0,0.005457665771245956,0.7,-0.877527692686062
37.95895457267761,25.882584999724855,25.0,0.009479178581386805,0.7,-0.8825849997248554
37.97888374328613,25.88728761318566,25.0,0.021810703445225954,0.7,-0.8872876131856593
37.99895930290222,25.89161992655219,25.0,0.0767904152162373,0.7,-0.8916199265521882
38.01898694038391,25.89538135162622,25.0,0.10190245741978288,0.685412560403347,-0.8953813516262201
38.03886914253235,25.89653027626223,25.0,0.08011414902284741,0.7,-0.8965302762622294
38.05885553359985,25.89583432944704,25.0,0.11995299207046628,0.7,-0.895834329447041
38.078911781311035,25.893875312639643,25.0,0.11629525828175247,0.7,-0.8938753126396435
38.098833084106445,25.89109062182012,25.0,0.08081767219118774,0.6886550921946764,-0.8910906218201191
38.1189284324646,25.887805824225058,25.0,0.07328930939547718,0.680822080746293,-0.8878058242250582
38.13886475563049,25.881943884660792,25.0,0.09881810541264713,0.7,-0.8819438846607923
38.158849239349365,25.87444640352678,25.0,0.06492213229648769,0.7,-0.8744464035267789
38.17887568473816,25.863694154468774,25.0,0.06306885601952672,0.7,-0.8636941544687744
38.19885468482971,25.85096458170452,25.0,0.048054531682282686,0.7,-0.8509645817045204
38.21885132789612,25.8348807370537,25.0,0.002143260557204485,0.7,-0.8348807370537017
38.23885774612427,25.820916332487805,25.0,0.0,0.6927325951866805,-0.8209163324878048
38.25889348983765,25.80476671625514,25.0,0.0,0.7,-0.8047667162551413
38.27890467643738,25.787524916194357,25.0,0.014175227843225002,0.7,-0.7875249161943572
38.29885911941528,25.76997891243489,25.0,0.008140583988279104,0.7,-0.7699789124348904
38.318852186203,25.755000385890217,25.0,0.01589761022478342,0.6561194106936454,-0.7550003858902166
38.33886694908142,25.742199936236222,25.0,0.03565103840082884,0.6732967168092727,-0.7421999362362222
38.35887384414673,25.733566038729414,25.0,0.03316411282867193,0.7,-0.7335660387294141
38.37883996963501,25.728053692235157,25.0,0.0,0.6908978594467043,-0.7280536922351573
38.3988676071167,25.72485479127598,25.0,0.006952338386327028,0.7,-0.7248547912759804
38.418846130371094,25.72334707099462,25.0,0.0,0.7,-0.7233470709946204
38.43885517120361,25.725370095599146,25.0,0.0,0.6417384229600429,-0.7253700955991462
38.45891976356506,25.727126537211067,25.0,0.0,0.6816512316465377,-0.7271265372110669
38.478726387023926,25.72900082925585,25.0,0.0,0.7,-0.729000829255849
38.498735666275024,25.733223929220816,25.0,0.004269268363714218,0.7,-0.7332239292208165
38.518877267837524,25.738967165838254,25.0,0.0518256276845932,0.7,-0.738967165838254
38.53886413574219,25.7456148972269,25.0,0.014259282499551773,0.7,-0.7456148972269006
38.55890917778015,25.752715672723642,25.0,0.07420339062809944,0.7,-0.7527156727236424
38.578967809677124,25.764576679774013,25.0,0.042451564222574234,0.7,-0.764576679774013
38.598952770233154,25.784064151067504,25.0,0.11197856441140175,0.6968794728629291,-0.7840641510675042
38.618961572647095,25.808335224900453,25.0,0.06425883620977402,0.626879472862929,-0.8083352249004534
38.63889670372009,25.835289233845902,25.0,0.0820618811994791,0.6177214948646723,-0.8352892338459021
38.658960819244385,25.86339638695986,25.0,0.07002276554703712,0.6318496173433958,-0.8633963869598595
38.67902660369873,25.889247382322132,25.0,0.063842942006886,0.6602817518822848,-0.8892473823221323
38.6989848613739,25.911691876502914,25.0,0.018003118224442005,0.6607266896415966,-0.9116918765029141
38.71910047531128,25.932336877321042,25.0,0.05180941242724657,0.6644261178106534,-0.9323368773210419
38.73898124694824,25.951187888471427,25.0,0.0,0.6903228495747316,-0.9511878884714271
38.75897932052612,25.968296013119907,25.0,0.0,0.6862811759591567,-0.9682960131199074
38.7789626121521,25.981426332029564,25.0,0.022427653893828392,0.6591403890878427,-0.9814263320295638
38.79895877838135,25.991447696778835,25.0,0.05523989163339138,0.7,-0.9914476967788346
38.81896448135376,26.001361878907055,25.0,0.07565037906169891,0.7,-1.0013618789070549
38.83898401260376,26.010940326868116,25.0,0.0669589601457119,0.7,-1.0109403268681163
38.858988761901855,26.0200331414703,25.0,0.04137611947953701,0.6299999999999999,-1.0200331414703
38.87896251678467,26.028549004484894,25.0,0.07793941907584667,0.6575551136583089,-1.0285490044848942
38.89892363548279,26.036439693555593,25.0,0.09520561620593071,0.6505948180519043,-1.036439693555593
38.919004917144775,26.043290591265635,25.0,0.05776418745517731,0.646394858714193,-1.0432905912656345
38.93890380859375,26.04963631507411,25.0,0.054660489782691,0.6774547720514237,-1.0496363150741104
38.95897364616394,26.05546391410257,25.0,0.0,0.6957337880693375,-1.055463914102571
38.978880167007446,26.06077804804788,25.0,0.0,0.7,-1.0607780480478795
38.99891114234924,26.06559548576199,25.0,0.010734123177826405,0.7,-1.065595485761989
39.01882290840149,26.069940964937604,25.0,0.0,0.7,-1.0699409649376044
39.03899168968201,26.073844106308993,25.0,0.05145364627242088,0.7,-1.073844106308993
39.05897569656372,26.077337141624177,25.0,0.052678558393381536,0.6923366354778409,-1.0773371416241773
39.07896184921265,26.080453266725936,25.0,0.018559373333118856,0.6951811300124973,-1.080453266725936
39.098973512649536,26.083225472225486,25.0,0.04321277455892414,0.7,-1.083225472225486
39.118945360183716,26.08563237181796,25.0,0.03848212899174541,0.6299999999999999,-1.0856323718179617
39.13890361785889,26.087775468397414,25.0,0.0406800628406927,0.6612202982604503,-1.087775468397414
39.158883571624756,26.089678851485314,25.0,0.01046811684500426,0.6780681303888558,-1.0896788514853135
39.17894220352173,26.093681918899467,25.0,0.024030701140873134,0.6442680536955594,-1.0936819188994669
39.198935747146606,26.096721537444694,25.0,0.03981900482904166,0.6467096436489372,-1.0967215374446937
39.21897029876709,26.099011854441287,25.0,0.02977702661883086,0.6971633549500256,-1.0990118544412866
39.23884677886963,26.10072136018868,25.0,0.0341137865325436,0.7,-1.100721360188679
39.258933544158936,26.101982391969422,25.0,0.01188570202793926,0.7,-1.1019823919694218
39.27894139289856,26.10289868815322,25.0,0.0061886346666142344,0.7,-1.1028986881532212
39.29880738258362,26.103551388851013,25.0,0.0,0.7,-1.1035513888510131
39.3188157081604,26.106320147510726,25.0,0.032795537263154984,0.7,-1.1063201475107256
39.33877873420715,26.108724054468855,25.0,0.0,0.7,-1.1087240544688548
39.3588171005249,26.110256493580124,25.0,0.0,0.7,-1.110256493580124
39.378838777542114,26.11114324091401,25.0,0.0025649438612163067,0.7,-1.1111432409140107
39.3989200592041,26.11387448133114,25.0,0.05136375082656741,0.6747384376823902,-1.1138744813311412
39.41883420944214,26.117814888986864,25.0,0.06463048374280334,0.7,-1.1178148889868638
39.438782930374146,26.122491311511904,25.0,0.0855494081042707,0.7,-1.1224913115119044
39.458842277526855,26.127555708938843,25.0,0.10528082167729735,0.7,-1.1275557089388428
39.478935956954956,26.13275611448189,25.0,0.0785239483229816,0.6837443605065345,-1.1327561144818894
39.4988214969635,26.13791393246444,25.0,0.05677282763645053,0.6989157067611813,-1.1379139324644392
39.518880128860474,26.14290623621617,25.0,0.04096360458061099,0.6990926599275553,-1.1429062362161702
39.538907051086426,26.14533565730398,25.0,0.0,0.65188695473189,-1.1453356573039812
39.55894184112549,26.147444942718483,25.0,0.021017754450440407,0.6083819454681361,-1.147444942718483
39.57886290550232,26.147752258576762,25.0,0.009719335474073887,0.6223636500682914,-1.1477522585767623
39.59897065162659,26.1467998623781,25.0,0.07697896752506495,0.6378142738860333,-1.1467998623780993
39.61893033981323,26.14268124706006,25.0,0.009404161013662815,0.6882068568986142,-1.142681247060061
39.63896107673645,26.136471983589672,25.0,0.0014995494857430458,0.6501953916769707,-1.1364719835896722
39.65898060798645,26.12897424131624,25.0,0.017489676363766193,0.6456105148565257,-1.1289742413162394
39.678913593292236,26.123095497173413,25.0,0.022372677456587553,0.6209419479739153,-1.1230954971734128
39.698986291885376,26.118496211117485,25.0,0.06539070559665561,0.6167750757333124,-1.1184962111174848
39.718968629837036,26.11490682529865,25.0,0.06234104419127107,0.6679300282296026,-1.1149068252986503
39.73889756202698,26.11211349429758,25.0,0.08417682023718953,0.7,-1.1121134942975814
39.75895309448242,26.109946705331897,25.0,0.06036351481452584,0.678762624785304,-1.1099467053318968
39.77890157699585,26.10806544383114,25.0,0.026688045356422663,0.670877606421709,-1.1080654438311406
39.79889631271362,26.10663884642656,25.0,0.051908312831074,0.6648281591944396,-1.1066388464265593
39.818963289260864,26.105565647626143,25.0,0.019144149962812662,0.6852331369183957,-1.1055656476261433
39.83886981010437,26.104766196618762,25.0,0.0,0.6319658740423619,-1.1047661966187619
39.8588342666626,26.104177954916164,25.0,0.0,0.6777441113255918,-1.1041779549161639
39.88286828994751,26.103751918109815,25.0,0.0,0.6777441113255918,-1.1037519181098148
39.89877152442932,26.103449773804005,25.0,0.0,0.7,-1.1034497738040052
39.91885280609131,26.103241645784944,25.0,0.0,0.6913415238261222,-1.1032416457849443
39.93884539604187,26.103104304830126,25.0,0.016260337084531784,0.7,-1.1031043048301257
39.9588463306427,26.10301975079074,25.0,0.0,0.7,-1.1030197507907396
39.97881722450256,26.105290438006385,25.0,0.04497533291578293,0.6901904268190264,-1.105290438006385
39.9988214969635,26.10726190662041,25.0,0.028205618262290955,0.7,-1.1072619066204084
40.018683433532715,26.110848865358218,25.0,0.018809552304446697,0.7,-1.1108488653582178
40.03870415687561,26.11546337799629,25.0,0.05695186089724302,0.7,-1.1154633779962886
40.05869126319885,26.12066999446877,25.0,0.034582736901938915,0.6932619766332209,-1.12066999446877
40.078787326812744,26.126150654850214,25.0,0.07309972029179335,0.6232619766332208,-1.126150654850214
40.09867548942566,26.131677218544326,25.0,0.03364360984414816,0.6326019378565251,-1.1316772185443256
40.11868906021118,26.13709001378186,25.0,0.08314237650483847,0.636247461773455,-1.1370900137818616
40.13869285583496,26.14228113403306,25.0,0.030267137102782726,0.6364935949631034,-1.142281134033059
40.15874528884888,26.144865123671188,25.0,0.04037141054868698,0.625396805461496,-1.1448651236711882
40.17878794670105,26.14557015064775,25.0,0.038267949828878045,0.646214262228459,-1.1455701506477496
40.198710203170776,26.144951506029276,25.0,0.02827524789609015,0.6758263396285473,-1.144951506029276
40.218926668167114,26.143429769344998,25.0,0.030736188404262066,0.7,-1.1434297693449977
40.23886799812317,26.142108558703924,25.0,0.0,0.6976931342389434,-1.1421085587039244
40.25888514518738,26.140173758987814,25.0,0.03435412794351578,0.6588178896810859,-1.1401737589878138
40.27884864807129,26.13786376375217,25.0,0.041018248070031404,0.6893727877642959,-1.1378637637521685
40.29886484146118,26.135354044732136,25.0,0.008624319452792406,0.7,-1.1353540447321357
40.31884980201721,26.1327717448592,25.0,0.04782518791034818,0.7,-1.1327717448591983
40.3387975692749,26.130207087985404,25.0,0.0058062938041985035,0.6978723071981221,-1.1302070879854043
40.358808755874634,26.127722276852893,25.0,0.01645166100934148,0.7,-1.127722276852893
40.378806591033936,26.125358411942695,25.0,0.034215687308460474,0.7,-1.1253584119426954
40.398778200149536,26.123140853319555,25.0,0.07213910156860948,0.6997474661213345,-1.1231408533195548
40.41881203651428,26.12108335970137,25.0,0.04013728955760598,0.6673319680732674,-1.1210833597013696
40.43921494483948,26.119191269128063,25.0,0.002243822906166315,0.6778821690124459,-1.1191912691280628
40.461819887161255,26.11754850778495,25.0,0.0,0.6806422689580358,-1.1175485077849494
40.4788019657135,26.11603764277822,25.0,0.0,0.7,-1.1160376427782204
40.498682498931885,26.1146582090716,25.0,0.017964771017432213,0.690586856380105,-1.1146582090715995
40.51878619194031,26.113406419802043,25.0,0.04989997483789921,0.6982627118006348,-1.1134064198020432
40.538800954818726,26.11227628063304,25.0,0.0,0.6799114363268017,-1.11227628063304
40.55884289741516,26.111260421940305,25.0,0.02472587861120701,0.6637298276647925,-1.1112604219403046
40.578861236572266,26.110350713077256,25.0,0.06212989427149296,0.7,-1.1103507130772563
40.59889078140259,26.109538709088465,25.0,0.0,0.6622800983488559,-1.109538709088465
40.6188702583313,26.108815969271607,25.0,0.053818974643945694,0.6400694873183965,-1.1088159692716069
40.63899540901184,26.108174278332317,25.0,0.012810297310352325,0.6746100958436727,-1.1081742783323172
40.658827781677246,26.10760579405338,25.0,0.0,0.7,-1.1076057940533808
40.67884635925293,26.107112221488315,25.0,0.0,0.6678055495023727,-1.1071122214883147
40.698771238327026,26.106674607727978,25.0,0.0,0.6923873506486415,-1.106674607727978
40.71885633468628,26.106287395122173,25.0,0.034000642597675323,0.7,-1.1062873951221732
40.73883676528931,26.108261743202945,25.0,0.0256086103618145,0.6916139813140034,-1.1082617432029451
40.758859634399414,26.10950800329093,25.0,0.0,0.7,-1.1095080032909301
40.77886986732483,26.112532050743408,25.0,0.0,0.667157632112503,-1.1125320507434076
40.79890584945679,26.116711216049698,25.0,0.0,0.6627927457913756,-1.1167112160496977
40.81876492500305,26.12158256214813,25.0,0.0,0.6674912448972463,-1.1215825621481308
40.838791847229004,26.126806299666452,25.0,0.0,0.6757852349430322,-1.1268062996664518
40.85875844955444,26.13213713031964,25.0,0.03126521036028862,0.6826708883047103,-1.1321371303196415
40.87874722480774,26.13676549359531,25.0,0.04310206230729818,0.6499075226485729,-1.136765493595309
40.89882802963257,26.141420315456116,25.0,0.04379124939441681,0.59906532689929,-1.1414203154561164
40.91878414154053,26.14597083759663,25.0,0.020862191915512085,0.6532662965357303,-1.1459708375966287
40.938820362091064,26.15032898666554,25.0,0.014462776482105255,0.6692907240241766,-1.1503289866655386
40.958757162094116,26.154438658608935,25.0,0.0660867989063263,0.6535940084606409,-1.1544386586089352
40.97877335548401,26.158267433237448,25.0,0.11430227011442184,0.6542383344378322,-1.158267433237448
40.9987690448761,26.161800195141062,25.0,0.1344550233334303,0.6382390321698039,-1.161800195141062
41.0187714099884,26.16503424683578,25.0,0.16431268863379955,0.6507535954471677,-1.1650342468357806
41.03876209259033,26.16797558717784,25.0,0.12989681027829647,0.6351262093987315,-1.167975587177839
41.058736085891724,26.168319749147795,25.0,0.06263531558215618,0.6127817635890096,-1.1683197491477948
41.07881450653076,26.16685089150818,25.0,0.0020534154027700424,0.618538276804611,-1.1668508915081794
41.098753452301025,26.16557559180375,25.0,0.025116683915257454,0.6206143971532583,-1.1655755918037514
41.11881422996521,26.160737861677223,25.0,0.0921261552721262,0.5967882078140974,-1.160737861677223
41.1387722492218,26.15123688689354,25.0,0.04075293801724911,0.6667882078140974,-1.151236886893539
41.15876889228821,26.134114614666856,25.0,0.03777443151921034,0.6261085928231478,-1.1341146146668564
41.17884373664856,26.102884601752184,25.0,0.1005976377055049,0.6261939194405568,-1.1028846017521836
41.19874453544617,26.062678691987497,25.0,0.030597637705504888,0.6230406856516493,-1.0626786919874966
41.21875190734863,26.01729792245451,25.0,0.0,0.6609891897419584,-1.0172979224545102
41.23904514312744,25.969518801984176,25.0,0.0,0.670558779721905,-0.9695188019841758
41.25891470909119,25.921333047544373,25.0,0.03850372135639191,0.6742124941552174,-0.9213330475443726
41.278857946395874,25.87413478354814,25.0,0.0,0.6884679535756004,-0.8741347835481399
41.298887491226196,25.83118266440117,25.0,0.008569861762225628,0.7,-0.8311826644011688
41.31887483596802,25.793890537938093,25.0,0.0,0.7,-0.7938905379380934
41.33883285522461,25.762250204660575,25.0,0.0,0.6862955966964364,-0.7622502046605746
41.358776330947876,25.737685722001864,25.0,0.0,0.63367884401232,-0.7376857220018636
41.378833293914795,25.718683381003665,25.0,0.0,0.6363552685827016,-0.7186833810036646
41.3988721370697,25.704045199401914,25.0,0.0,0.627012937143445,-0.7040451994019143
41.41888618469238,25.69282406520931,25.0,0.0,0.5986287731677293,-0.6928240652093116
41.43886184692383,25.68890477322609,25.0,0.0,0.6686287731677294,-0.6889047732260885
41.458904504776,25.692476838515702,25.0,0.01988152228295803,0.6458594524115324,-0.6924768385157023
41.47885251045227,25.70347446060644,25.0,0.017484491458162665,0.6681273639947176,-0.70347446060644
41.49880504608154,25.719339887933952,25.0,0.0,0.7,-0.7193398879339519
41.51879572868347,25.73816826583986,25.0,0.0,0.7,-0.7381682658398603
41.538888692855835,25.754515544249085,25.0,0.06598026305437088,0.7,-0.7545155442490845
41.558812856674194,25.772751555799065,25.0,0.0865019615739584,0.7,-0.772751555799065
41.57897615432739,25.791818836269645,25.0,0.03656489960849285,0.7,-0.7918188362696448
41.59884738922119,25.81096098370931,25.0,0.0297130704857409,0.6676762409508228,-0.810960983709311
41.61876034736633,25.829650643018116,25.0,0.03775449702516198,0.7,-0.8296506430181161
41.638776779174805,25.847533448943253,25.0,0.07909792521968484,0.6495895728468895,-0.8475334489432527
41.658719062805176,25.864384530852025,25.0,0.09184820065274835,0.6839875437319278,-0.8643845308520248
41.67874622344971,25.880074888981657,25.0,0.08043084153905511,0.6570958893746137,-0.8800748889816568
41.69877004623413,25.894545513373977,25.0,0.010430841539055102,0.6516736483201384,-0.894545513373977
41.718754053115845,25.907787562820214,25.0,0.004275655206292861,0.6157673893496394,-0.9077875628202143
41.738770961761475,25.91751092726786,25.0,0.00018980337306856443,0.6195776518899947,-0.917510927267859
41.75874328613281,25.925953000530583,25.0,0.008991369809955352,0.6806373801548034,-0.9259530005305834
41.77881050109863,25.931863647299917,25.0,0.0,0.7,-0.9318636472999167
41.798866748809814,25.93586024031205,25.0,0.0005784255918115377,0.7,-0.9358602403120493
41.81879734992981,25.938422039267863,25.0,0.02470605610869825,0.6962571789510548,-0.9384220392678628
41.83878946304321,25.939919742418983,25.0,0.09255914180539548,0.6837826783768832,-0.9399197424189829
41.85878014564514,25.940638873646446,25.0,0.10596241126768291,0.7,-0.9406388736464457
41.87884211540222,25.94311461951336,25.0,0.05586660350672901,0.7,-0.9431146195133593
41.89887595176697,25.94674522750376,25.0,0.06399337272159755,0.6749100841581821,-0.9467452275037616
41.91896915435791,25.951082295830815,25.0,0.04803319717757404,0.6646764667704701,-0.9510822958308154
41.93896842002869,25.955795754703747,25.0,0.03532758424989879,0.6781781658530235,-0.9557957547037468
41.958959102630615,25.96064642437416,25.0,0.01957865501753986,0.7,-0.9606464243741613
41.97891354560852,25.965464559094784,25.0,0.004074768861755729,0.7,-0.9654645590947837
41.998966455459595,25.969647786672052,25.0,0.0,0.7,-0.9696477866720521
42.01888871192932,25.97144875114878,25.0,0.029013341292738914,0.7,-0.971448751148781
42.03897428512573,25.973863926165464,25.0,0.037067183293402195,0.7,-0.973863926165464
42.058945178985596,25.976642068119038,25.0,0.029924011323601007,0.7,-0.9766420681190375
42.0789635181427,25.979599102165857,25.0,0.02244427427649498,0.6779237993061542,-0.9795991021658566
42.098968744277954,25.98028611075653,25.0,0.0,0.6290630109608173,-0.9802861107565306
42.11902141571045,25.979378298062763,25.0,0.0,0.5989038858562707,-0.9793782980627626
42.13899302482605,25.977386679030587,25.0,0.0,0.6284512214362621,-0.9773866790305874
42.15899038314819,25.974694758239306,25.0,0.0,0.6000908080488443,-0.9746947582393055
42.1789813041687,25.973903714925182,25.0,0.018683768808841705,0.6257989693433046,-0.9739037149251821
42.19898247718811,25.973216910923565,25.0,0.03946826234459877,0.6364909688010811,-0.9732169109235649
42.218992710113525,25.97385753099032,25.0,0.062399156391620636,0.6045111360028386,-0.973857530990319
42.238982915878296,25.9754032703568,25.0,0.1140635572373867,0.6313811184838414,-0.9754032703568001
42.25898861885071,25.977536950074352,25.0,0.07888602837920189,0.6007947193458676,-0.9775369500743523
42.27897024154663,25.980022768748544,25.0,0.09993610717356205,0.6026028292719274,-0.9800227687485439
42.29898691177368,25.982687662761823,25.0,0.15156636200845242,0.6443147929850965,-0.9826876627618226
42.31897687911987,25.985406706001637,25.0,0.1002942193299532,0.6583024804014712,-0.9854067060016369
42.33904504776001,25.988091700138515,25.0,0.05469330959022045,0.6211329978425055,-0.988091700138515
42.35895371437073,25.990682281699797,25.0,0.06396351475268602,0.5926838033366948,-0.9906822816997973
42.37897825241089,25.99082266354822,25.0,0.015028447844088078,0.6180886012036353,-0.9908226635482187
42.39899253845215,25.98925748489012,25.0,0.03288544062525034,0.5917743333149701,-0.9892574848901212
42.41898059844971,25.98789855681825,25.0,0.09068908635526896,0.622103337245062,-0.9878985568182514
42.439006090164185,25.98073635519245,25.0,0.12024008203297853,0.632227479526773,-0.9807363551924517
42.459001541137695,25.965099376249945,25.0,0.05024008203297853,0.6436775271315127,-0.9650993762499454
42.4789776802063,25.943988093795994,25.0,0.015934449918568128,0.687860144348815,-0.9439880937959941
42.4989709854126,25.919630852888808,25.0,0.0,0.6949545797426253,-0.9196308528888082
42.51896023750305,25.893660965276077,25.0,0.0,0.7,-0.8936609652760765
42.538949728012085,25.86725539845821,25.0,0.0,0.6911573994904756,-0.8672553984582088
42.55882811546326,25.841243133300978,25.0,0.0,0.6690053835511207,-0.8412431333009778
42.57894229888916,25.816189598262945,25.0,0.016634555533528328,0.6735089004971087,-0.8161895982629446
42.59884428977966,25.79477860973687,25.0,0.02670414000749588,0.6980879896320402,-0.7947786097368699
42.61892318725586,25.778778295127047,25.0,0.005354216322302818,0.6868040741421282,-0.7787782951270472
42.638941049575806,25.764886413475367,25.0,0.0,0.6958667145110666,-0.7648864134753666
42.65886402130127,25.75489652897041,25.0,0.03283953666687012,0.6966563014313578,-0.7548965289704093
42.67888379096985,25.74788017764663,25.0,0.0,0.7,-0.7478801776466284
42.69886016845703,25.7431140994572,25.0,0.0,0.6831347856670618,-0.7431140994571983
42.718894243240356,25.744669322590358,25.0,0.0,0.7,-0.744669322590358
42.738927602767944,25.752890558226238,25.0,0.04660506173968315,0.6610080383718013,-0.7528905582262375
42.75890040397644,25.76552520586737,25.0,0.026554729789495468,0.6460744243115186,-0.7655252058673696
42.7788360118866,25.78089233829844,25.0,0.06153254956007004,0.6842183459550142,-0.7808923382984396
42.79890012741089,25.8000687501177,25.0,0.045339059084653854,0.6954755920916795,-0.8000687501176991
42.81889057159424,25.821385620537093,25.0,0.08944904804229736,0.6917966772336512,-0.8213856205370931
42.83893442153931,25.84594375582961,25.0,0.08125772420316935,0.6944697052706033,-0.8459437558296088
42.858898639678955,25.86726575588954,25.0,0.06389395613223314,0.7,-0.8672657558895409
42.8788685798645,25.88830193995301,25.0,0.07114211330190301,0.6845984606072306,-0.8883019399530099
42.898890018463135,25.91090154350829,25.0,0.06185337854549289,0.7,-0.9109015435082917
42.91894507408142,25.931675109403788,25.0,0.0495482929982245,0.6854051936417818,-0.9316751094037876
42.93896555900574,25.9506328601634,25.0,0.037695000413805246,0.6966722223907709,-0.9506328601633989
42.95892691612244,25.96551340368295,25.0,0.04318045359104872,0.6266722223907708,-0.9655134036829516
42.9788773059845,25.977169823721503,25.0,0.05613856390118599,0.6183526945486664,-0.9771698237215034
42.99888730049133,25.986279626990754,25.0,0.06776274368166924,0.6708261055126785,-0.9862796269907541
43.018887758255005,25.993380512204837,25.0,0.002659287303686142,0.6242987831309437,-0.9933805122048369
43.03886127471924,25.998898899187026,25.0,0.0,0.6242146686007617,-0.9988988991870258
43.05884623527527,26.00317267737217,25.0,0.02086077816784382,0.6185088384253321,-1.00317267737217
43.07884740829468,26.00688328070725,25.0,0.0,0.6727007444304762,-1.0068832807072496
43.09885120391846,26.00969098023184,25.0,0.0,0.6238565969569025,-1.0096909802318415
43.118889570236206,26.011797543821366,25.0,0.0,0.5904269966584978,-1.0117975438213662
43.138837814331055,26.015677941939714,25.0,0.03317713737487793,0.584345032769197,-1.015677941939714
43.15887498855591,26.020688143318765,25.0,0.0,0.6015443218228755,-1.0206881433187647
43.17883539199829,26.026351040601725,25.0,0.020686862990260124,0.6559961003539501,-1.0263510406017247
43.19881200790405,26.034634390710902,25.0,0.08633929304778576,0.6529150843442766,-1.0346343907109024
43.21884274482727,26.04451954924564,25.0,0.08959278999827802,0.608153940719494,-1.0445195492456385
43.23882341384888,26.055256770254367,25.0,0.12341568036936224,0.6522799074472276,-1.055256770254367
43.25878643989563,26.06630283885944,25.0,0.05341568036936223,0.641420010087022,-1.066302838859439
43.27880501747131,26.07727230899471,25.0,0.05399467575596645,0.6385726368342874,-1.0772723089947114
43.29887247085571,26.08679628303003,25.0,0.04521714954869821,0.6167562751387594,-1.0867962830300293
43.318838357925415,26.09616843352835,25.0,0.03712543531553819,0.6315785030191181,-1.0961684335283515
43.3388307094574,26.105188128339165,25.0,0.0629513958771713,0.6382050894488929,-1.1051881283391651
43.3588330745697,26.11140895314615,25.0,0.08317110932664945,0.6483328694765804,-1.1114089531461495
43.3788480758667,26.115521788459564,25.0,0.06619272439973428,0.6430349585888324,-1.1155217884595636
43.398874044418335,26.11806206219697,25.0,0.08093286271439865,0.7,-1.1180620621969695
43.41884136199951,26.119443116802163,25.0,0.06762527733342721,0.7,-1.119443116802163
43.43887901306152,26.119982602942475,25.0,0.05334227684186771,0.7,-1.1199826029424749
43.45878458023071,26.1199233340009,25.0,0.044739993878174567,0.7,-1.1199233340009016
43.47890329360962,26.119449743526747,25.0,0.05997511244611814,0.7,-1.1194497435267472
43.498966693878174,26.118700854853056,25.0,0.05105263891862705,0.6613097310066223,-1.1187008548530564
43.51887655258179,26.11778048632037,25.0,0.03676173242973163,0.6617809663177467,-1.1177804863203704
43.53894639015198,26.116981398862166,25.0,0.038817020722199225,0.6410347072989679,-1.1169813988621655
43.56166338920593,26.113755131232203,25.0,0.038817020722199225,0.6410347072989679,-1.1137551312322032
43.57882785797119,26.108928019707683,25.0,0.0775291821079736,0.6796757586882449,-1.1089280197076832
43.59887909889221,26.103116211361954,25.0,0.08536455073379329,0.6952704553143121,-1.1031162113619537
43.618818521499634,26.09677362147117,25.0,0.07042600066386512,0.7,-1.0967736214711685
43.638880014419556,26.09022951939198,25.0,0.04901273027979186,0.6973547474946826,-1.090229519391979
43.658841609954834,26.08371792000636,25.0,0.0,0.6716622361447662,-1.083717920006361
43.67893600463867,26.07740050886546,25.0,0.0,0.6117594675626605,-1.077400508865459
43.69882249832153,26.071384471777538,25.0,0.053660742938518524,0.6270186179783195,-1.071384471777538
43.7188766002655,26.0657363152257,25.0,0.05631247232668102,0.6209851294290274,-1.0657363152256991
43.738852977752686,26.060832441503113,25.0,0.0398136533331126,0.6309379660990089,-1.0608324415031127
43.75890564918518,26.056234869491014,25.0,0.10065967286936939,0.7,-1.0562348694910142
43.77881908416748,26.054287565257237,25.0,0.1259442705195397,0.7,-1.054287565257237
43.798884868621826,26.054232406139402,25.0,0.09003255027346313,0.7,-1.054232406139402
43.81898760795593,26.055492947692997,25.0,0.041243794141337276,0.6337782114744186,-1.055492947692997
43.83904695510864,26.057634127739362,25.0,0.03575404197908938,0.6316495582461357,-1.0576341277393624
43.858962059020996,26.060330551471644,25.0,0.0496467596385628,0.6778822548687458,-1.060330551471644
43.87899041175842,26.06334157263826,25.0,0.039158506551757455,0.6974540099501609,-1.0633415726382616
43.89899730682373,26.064175403797407,25.0,0.07640572101809084,0.6955121971433982,-1.0641754037974067
43.918930768966675,26.063475025864317,25.0,0.0644390641245991,0.6819251684239134,-1.0634750258643173
43.93894672393799,26.061727474713962,25.0,0.07057897164486349,0.7,-1.0617274747139618
43.95889234542847,26.060210206188124,25.0,0.07282041828148067,0.6892179202288389,-1.060210206188124
43.97892427444458,26.057981302798414,25.0,0.0762563543394208,0.6798824219033122,-1.0579813027984137
43.99898552894592,26.055316854274555,25.0,0.03055616933852434,0.6816285811830312,-1.0553168542745546
44.01897406578064,26.0524201058841,24.999998148152788,0.0,0.6803997526178136,-1.0524219577313119
44.03897476196289,26.049438350049655,24.99998522230866,0.03400900214910507,0.6295300679514184,-1.0494531277409962
44.059077978134155,26.046476133566866,24.99995025029085,0.0,0.6838490696856752,-1.046525883276015
44.07896685600281,26.045921905720103,24.999882370661023,0.0,0.6577395772794261,-1.04603953505908
44.09897065162659,26.044738478175333,24.999770832347323,0.029235776513814926,0.669562740647234,-1.0449676458280095
44.119025230407715,26.045465558028297,24.999604994272502,0.0,0.6782377552473917,-1.0458605637557952
44.13890552520752,26.047500476809212,24.99937432498196,0.0,0.7,-1.048126151827251
44.158902406692505,26.05039016484022,24.99906840227186,0.0,0.6456586875021457,-1.0513217625683602
44.1788809299469,26.05289906576598,24.99867691281719,0.0,0.6537212876603007,-1.0542221529487925
44.198848247528076,26.055975693278185,24.99818965179986,0.0,0.6021361051127314,-1.0577860414783267
44.218916177749634,26.059365568372858,24.997596522536764,0.0,0.6643511241301894,-1.061769045836094
44.238831996917725,26.06520002739266,24.996887536107888,0.03979504480957985,0.6251618338748812,-1.0683124912847717
44.25889253616333,26.07257868000646,24.99605281098438,0.023966684937477112,0.6951618338748813,-1.0765258690220776
44.27893280982971,26.080835435657303,24.99508257265663,0.0,0.6891414946690202,-1.0857528630006712
44.29884076118469,26.08948449857082,24.993967153262354,0.004913334269076586,0.7,-1.0955173453084655
44.31892275810242,26.098178105295382,24.99269699121468,0.0,0.7,-1.1054811140807033
44.33892607688904,26.106673532197547,24.991262630830224,0.0,0.7,-1.1154109013673228
44.358850955963135,26.114807411201024,24.989654721957187,0.0,0.7,-1.125152689243837
44.37887692451477,26.12247579859441,24.98786401960342,0.0,0.6752852115780115,-1.1346117789909904
44.39893865585327,26.129133688312574,24.985881383564518,0.0,0.6547072127461433,-1.1432523047480565
44.418946266174316,26.1353993149297,24.9836977780519,0.0,0.6466058844700455,-1.1517015368777983
44.438958406448364,26.14122735335159,24.981304271320884,0.0,0.6991908455267548,-1.159923082030705
44.4590368270874,26.146597854245442,24.97869203529878,0.0,0.7,-1.167905818946661
44.478801012039185,26.151509019548154,24.97585234521297,0.0,0.7,-1.1756566743351833
44.49895405769348,26.15597170610099,24.97277657921899,0.021925512701272964,0.6810146149247884,-1.1831951268819978
44.518757820129395,26.160005274463167,24.969456218028608,0.006266070529818535,0.7,-1.190549056434559
44.53894758224487,26.163634481464467,24.96588284453791,0.021492226980626583,0.6502434059977531,-1.197751636926558
44.55884671211243,26.16688717961495,24.962048143455387,0.0,0.665439616702497,-1.2048390361595622
44.57894968986511,26.16979263757364,24.957943900930008,0.007547248154878616,0.6755628742277622,-1.2118487366436312
44.59901261329651,26.172380336256534,24.953562004179314,0.04369686543941498,0.652600983902812,-1.2188183320772197
44.61892080307007,26.174627042320104,24.94889444111749,0.028833387419581413,0.6432790167629718,-1.2257326012026155
44.638967752456665,26.176629774608262,24.943933299983453,0.02325273957103491,0.6102082513272762,-1.2326964746248095
44.65900468826294,26.17841026569113,24.93867076896893,0.0,0.6210156230255961,-1.2397394967222013
44.678975105285645,26.17998946772986,24.933099135846554,0.0,0.6404845582321286,-1.2468903318833071
44.69897174835205,26.181387238636816,24.92721078759793,0.0,0.6462895062752068,-1.2541764510388873
44.71889138221741,26.18262215292741,24.92099821004172,0.0,0.6848810289986431,-1.2616239428856915
44.739035844802856,26.183711404165283,24.914453987461737,0.029550015926361084,0.6991665524430573,-1.269257416703546
44.75899362564087,26.184670773597436,24.90757080223502,0.031316737993620336,0.6605040964670479,-1.2770999713624143
44.779030561447144,26.185514645590317,24.90034143445991,0.036817178945057094,0.6494975940324366,-1.285173211130406
44.799060583114624,26.186256055166034,24.89275876158415,0.04010573902633041,0.6857173697091639,-1.2934972935818827
44.81889605522156,26.18690675658189,24.884815758032946,0.0,0.6917742242105305,-1.3020909985489446
44.838905811309814,26.187471712164335,24.876505494837073,0.0,0.7,-1.3109662173272625
44.8588387966156,26.187967813579522,24.867821139260926,0.0,0.7,-1.3201466743185968
44.8788948059082,26.18840301553786,24.85875595443064,0.020911164581775665,0.666378066688776,-1.3296470611072202
44.898948431015015,26.188784448224215,24.849303298962152,0.0,0.6363778587430715,-1.3394811492620633
44.918845653533936,26.18911848120885,24.839456626589275,0.004816263914108276,0.6420546842738986,-1.3496618546195762
44.93889141082764,26.189410787884707,24.8292094857918,0.0,0.6003212479874491,-1.3602013020929071
44.958866596221924,26.18966640857189,24.81855551942357,0.011536466889083385,0.6312032451853156,-1.3711108891483228
44.97884774208069,26.189889811033417,24.807488464340555,0.0,0.6612978538498282,-1.3824013466928626
44.99888491630554,26.19008494759794,24.796002151028947,0.0,0.6918498722836375,-1.3940827965689913
45.01889944076538,26.19025530842028,24.784090503233244,0.0,0.6779709344729781,-1.4061648051870357
45.038837909698486,26.190403970655712,24.771747537584314,0.032421648502349854,0.6424297465011477,-1.4186564330713978
45.05888485908508,26.190533043004045,24.758967363227494,0.006150862202048302,0.6226846033707261,-1.4315656797765506
45.07883548736572,26.19064570740821,24.745744181450675,0.015952063724398613,0.6584927866235375,-1.4449015259575333
45.09889531135559,26.190744005917136,24.73207228531237,0.003942389041185379,0.6785781623795628,-1.458671720604766
45.11893367767334,26.190829735509684,24.717946059269806,0.023359669372439384,0.7,-1.4728836762398778
45.13884425163269,26.190904475584652,24.703359978807004,0.019477972527965903,0.6617955349385738,-1.487544496777648
45.15884804725647,26.19096961278909,24.68830861006286,0.01951241449205554,0.6925191644579172,-1.502661002726228
45.17879509925842,26.191026363343536,24.672786609459248,0.05109101489870227,0.6865759471431374,-1.5182397538842878
45.19894552230835,26.191075793040234,24.656788723329054,0.07141670726923621,0.7,-1.53428706971118
45.218888998031616,26.191118835098035,24.640309787544314,0.05957235258756555,0.7,-1.5508090475537202
45.238892793655396,26.19115630605804,24.62334472714426,0.04017449964521802,0.6521970972418785,-1.5678115789137799
45.25880146026611,26.1911889198994,24.60588855596342,0.030951318822189933,0.6354242347180843,-1.5853003639359784
45.278932094573975,26.19121723606914,24.58793637625969,0.0,0.6169801156967878,-1.6032808598094483
45.2988498210907,26.188925537284263,24.569483378342422,0.001633653067983687,0.6214459140785038,-1.6194421589418404
45.31890559196472,26.185082799004267,24.55052484020051,0.0,0.6483810388483107,-1.6345579588037573
45.338889360427856,26.18026401401172,24.531056127130462,0.02549327351152897,0.5946430482901632,-1.649207886881257
45.35890197753906,26.17489428464529,24.511072691364497,0.05183803103864193,0.6025598098523914,-1.6638215932807938
45.37879824638367,26.169283398748476,24.490570071698606,0.06213861703872681,0.6095317651517689,-1.67871332704987
45.398860931396484,26.163652884548,24.469543893120665,0.05268534645438194,0.6263341934420168,-1.6941089914273348
45.418903827667236,26.160473476599737,24.44798986643849,0.045479297172278166,0.6202361456118524,-1.7124836101612466
45.43889045715332,26.15908035203247,24.425903787907934,0.030963804107159376,0.6279913771897554,-1.733176564124534
45.45885229110718,26.15896466058505,24.403281538860963,0.0,0.6449860882014036,-1.7556831217240862
45.478811264038086,26.15973929821269,24.380119085333742,0.01748165301978588,0.6355108076706528,-1.779620212878946
45.498942136764526,26.16041185837845,24.356412477694718,0.012478758115321398,0.6434361876919865,-1.803999380683731
45.51882576942444,26.161695859402464,24.332157850272704,0.029042572248727083,0.6560390189290046,-1.8295380091297595
45.538936138153076,26.163370715567076,24.30735142098495,0.018612011801451445,0.7,-1.8560192945821257
45.55888342857361,26.165272911405072,24.281989490965245,0.05397092131897807,0.689569247700274,-1.8832834204398274
45.578845739364624,26.1672828807608,24.256068444191982,0.05926178442314267,0.6943049303255975,-1.9112144365688195
45.598955154418945,26.169314734963454,24.229584747116252,0.03611137950792909,0.6756156834773719,-1.9397299878472012
45.618842363357544,26.17130824065074,24.20253494828992,0.021579497028142214,0.6568661036901176,-1.9687732923608188
45.63888359069824,26.17322257157933,24.174915677993706,0.0,0.5891654196195304,-1.9983068935856245
45.658875703811646,26.175031457282145,24.14672364786528,0.03188736364245415,0.569803428184241,-2.028307809416866
45.67880320549011,26.17671942980471,24.11795565052733,0.08157949149608612,0.5952712486498057,-2.058763779277381
45.698933839797974,26.175962583978492,24.088608559215647,0.06763461139053106,0.6652712486498058,-2.0873540247628455
45.71888494491577,26.17530547110898,24.05867932740722,0.04133108165115118,0.7,-2.1166261437017617
45.73894667625427,26.17527338768991,24.028164988448303,0.034937186166644096,0.7,-2.1471083992416062
45.758854389190674,26.175676283047245,23.997062655182503,0.021214920096099377,0.7,-2.178613627864742
45.77898144721985,26.176370687883608,23.965369519578875,0.07452462147921324,0.7,-2.2110011683047333
45.79894757270813,26.174932920447954,23.933082852359973,0.0459694592282176,0.6845993556082248,-2.241850068087981
45.81893253326416,26.17205208009751,23.900200002629976,0.016423377208411694,0.6815022230613976,-2.2718520774675355
45.838955879211426,26.16824483379002,23.866718397502726,0.015584989334456623,0.7,-2.3015264362872934
45.858978033065796,26.16389446361113,23.832635541729847,0.004411380621604621,0.7,-2.3312589218812825
45.87888813018799,26.159281503766696,23.7979490173288,0.0,0.7,-2.3613324864378953
45.89890003204346,26.154607728347393,23.762656483210993,0.0,0.7,-2.3919512451364007
45.91890239715576,26.15001488847487,23.726755674809834,0.0,0.7,-2.4232592136650375
45.938843727111816,26.146027267636775,23.69024440370884,0.017799310386180878,0.6923279979266226,-2.4557828639279364
45.95894265174866,26.142137154435286,23.65312055726969,0.0,0.6933824996696785,-2.4890165971655946
45.97889733314514,26.13841729164959,23.61538209826035,0.04871871694922447,0.7,-2.523035193389237
45.99891638755798,26.134913718058563,23.57702706448311,0.04750876652542502,0.7,-2.5578866535754514
46.01899027824402,26.131652711018045,23.5380535684027,0.07165356876794249,0.6882883811369538,-2.5935991426153464
46.039026975631714,26.128646129449365,23.498459796774345,0.044361708336509764,0.6651148943230509,-2.63018633267502
46.05903720855713,26.125895504970845,23.45824401027188,0.0841475926572457,0.665814622642938,-2.6676514946989656
46.079046964645386,26.123395155692688,23.417404543115804,0.11137087421957403,0.6308197931968607,-2.7059906125768833
46.099013805389404,26.121134539109136,23.375939802701378,0.11761450965423137,0.6471383453928865,-2.7451947364077576
46.11892771720886,26.119100014472366,23.3338482692267,0.04761450965423136,0.6373772428953088,-2.7852517452456667
46.1389000415802,26.11727614855673,23.29112849532079,0.008294718754477792,0.6142255359911359,-2.826147653235939
46.15895962715149,26.115692621603266,23.24777910567168,0.017539728847332292,0.6128889558487571,-2.867913515931587
46.179041147232056,26.114271811327214,23.203798796654475,0.012378556602634483,0.6298170772963203,-2.910473014672739
46.19906234741211,26.110685118089826,23.159186335959472,0.0,0.6894791325205005,-2.951498782130354
46.21892690658569,26.10568857186393,23.113940562220197,0.0,0.7,-2.9917480096437323
46.23888564109802,26.099844452795068,23.068060384641534,0.0,0.6999805915576871,-3.0317840681535344
46.25903534889221,26.093565647357913,23.021544782627764,0.0,0.7,-3.072020864730149
46.27909970283508,26.08715039452856,22.97439280541068,0.0,0.7,-3.11275758911788
46.299026012420654,26.083125789402455,22.926603571677663,0.0,0.7,-3.156522217724792
46.31897974014282,26.080867749414534,22.87817626919975,0.005011477507650852,0.6971315052825957,-3.202691480214785
46.339014530181885,26.07989624139501,22.829110154459723,0.0,0.6382059548515826,-3.2507860869352854
46.358951807022095,26.082160285371636,22.77940455228021,0.03814893960952759,0.6246425211895257,-3.302755733091427
46.37891745567322,26.08412598615593,22.729058855451733,0.060198795050382614,0.5994093772489577,-3.355067130704196
46.39895987510681,26.088318683397933,22.67807252436082,0.040957408025860786,0.6048808903899043,-3.4102461590371114
46.41892457008362,26.093947710695574,22.62644508661809,0.0039347875863313675,0.6015857127960771,-3.4675026240774827
46.43886756896973,26.10042603231727,22.574176136686297,0.03542857803404331,0.6715857127960771,-3.526249895630972
46.45894169807434,26.107323521673422,22.52126533550846,0.043498613871634007,0.6294317880924791,-3.586058186164962
46.478872537612915,26.114330374133534,22.467712410135903,0.07807015348225832,0.6607176477368921,-3.646617963997631
46.498859882354736,26.121228523212707,22.41351715335638,0.07743760879384354,0.7,-3.7077113698563267
46.518818855285645,26.127869369065248,22.35867942332213,0.1133706861292012,0.7,-3.7691899457431184
46.53883218765259,26.134156478346384,22.303199143177952,0.14957915554987267,0.6568798914551734,-3.8309573351684314
46.55890774726868,26.140032193032283,22.24707630068932,0.18444133485900238,0.6162220545113086,-3.8929558923429646
46.57884383201599,26.143150959164938,22.190310947870433,0.14215717028127983,0.6667929373681545,-3.952840011294505
46.59890961647034,26.145858751547188,22.13290320061232,0.11356959427939728,0.640466908738017,-4.012955550934869
46.61890530586243,26.146623582529273,22.07485323831091,0.1022348192636855,0.6593899734318256,-4.071770344218361
46.6388943195343,26.143702365432894,22.01616130349512,0.03223481926368549,0.6342256225645542,-4.127541061937773
46.658902645111084,26.135981531777777,21.956827701454934,0.0,0.6744451902806758,-4.179153830322843
46.67883253097534,26.108916023575205,21.896852799869485,0.0,0.6561154451221227,-4.212063223705719
46.69892239570618,26.05522930319279,21.836237028435153,0.0,0.6493674403056502,-4.218992274757635
46.71889781951904,25.97520152541652,21.774980878493615,0.0,0.6795071026310324,-4.200220646922904
46.7389030456543,25.87898688838242,21.713084902659965,0.0035434046294540167,0.6713120721280574,-4.165901985722456
46.75891304016113,25.77869759847135,21.650549714450765,0.05296314670704305,0.6620533864945173,-4.128147884020585
46.77882623672485,25.680537596098166,21.587375987912154,0.010519565781578422,0.634081170707941,-4.093161608186012
46.7988703250885,25.588759899685872,21.523564457247904,0.04901240929029882,0.6262158386409282,-4.065195442437968
46.81880450248718,25.509076160464858,21.45911591644753,0.03082022233866155,0.6409414241090416,-4.049960244017328
46.83892345428467,25.436966910768433,21.394031218914353,0.018593086628243327,0.6619566304609179,-4.04293569185408
46.858898639678955,25.381284577176245,21.328311277093583,0.0,0.5919566304609178,-4.052973300082662
46.87880229949951,25.345428604191145,21.261957062100418,0.03544262796640396,0.5687489547953009,-4.083471542090727
46.89891004562378,25.328921309709028,21.194969603348106,0.07118672132492065,0.5736478409916161,-4.1339517063609215
46.9189031124115,25.326288276556422,21.12734998817604,0.04880041070282459,0.62759535305202,-4.198938288380383
46.938838958740234,25.333361427043208,21.059099361477845,0.05566578125581145,0.6487707804143428,-4.274262065565363
46.958911180496216,25.346989890557467,20.99021892532944,0.06054722797125578,0.6052999022603034,-4.356770965228026
46.97883725166321,25.364812369472165,20.920709938617147,0.006904139183461666,0.5804915792495011,-4.444102430855018
46.998793601989746,25.38507821984774,20.85057371666575,0.0008245506323873997,0.5546620815247296,-4.534504503181989
47.0188672542572,25.40650708387741,20.779811630866597,0.0,0.523567457795143,-4.626695453010814
47.038766622543335,25.425112170732852,20.70842510830566,0.07,0.46654213696718205,-4.716687062427191
47.05880951881409,25.444332410408666,20.636415631391653,0.0009462755918502874,0.49879459396004666,-4.807916779017013
47.07877206802368,25.463473375817227,20.56378473748407,0.021973794028162963,0.5255976385623216,-4.899688638333156
47.098867893218994,25.484371168845946,20.490534018521306,0.01771233946084977,0.49665016040205945,-4.993837150324641
47.11877489089966,25.50593846083464,20.41666512064871,0.0006626170873642034,0.5214234209805726,-5.08927334018593
47.1387882232666,25.52740237000646,20.342179743846692,0.0009621921565849401,0.5218635781446936,-5.185222626159767
47.15883994102478,25.548228792451567,20.267079641558794,0.01542646061745473,0.4905298596958163,-5.281149150892773
47.17884707450867,25.568063550944228,20.191366620319766,0.025056959093781195,0.4673231172154191,-5.376696930624462
47.19884395599365,25.586686776114593,20.115042539383666,0.050289154947968207,0.46566116346628394,-5.471644236730928
47.218857526779175,25.6039776808343,20.038109310351924,0.051798998807789765,0.43594770042807784,-5.565868370482377
47.23889923095703,25.619887481892338,19.96056889680144,0.05095505495439284,0.3966743229201528,-5.659318585090897
47.25892090797424,25.633700777367437,19.882423313912653,0.028208629832370213,0.40285762727842656,-5.751277463454784
47.27888059616089,25.6464117500672,19.803674628097635,0.06135239233146422,0.41617605977342453,-5.8427371219695665
47.29899621009827,25.65802207461016,19.724324956628166,0.06478865458513611,0.43464637689874497,-5.933697117981993
47.31893181800842,25.668561921618803,19.644376467263818,0.04517432688619011,0.42389861636445847,-6.024185454354985
47.33887219429016,25.678080459338606,19.563831377880046,0.02045689723338001,0.41145129364565936,-6.11424908145856
47.358906745910645,25.684322407484057,19.482691956096254,0.05935760415042751,0.41431834108778265,-6.201630451387803
47.37888789176941,25.681174950517814,19.400960518903894,0.03327791034127586,0.44996550611802366,-6.280214431613921
47.39888620376587,25.664639703200358,19.318639432294532,0.03275669810711407,0.42792162976809767,-6.346000270905826
47.41886854171753,25.634608647289344,19.235731110887958,0.09139289779006504,0.4585584730620029,-6.398877536401386
47.438910484313965,25.593678784113905,19.15223801756023,0.15172135156928562,0.44270817868062284,-6.441440766553676
47.45892643928528,25.543941176868415,19.06816266307179,0.12140342106460594,0.44069484204635945,-6.475778513796627
47.478883504867554,25.500757716396468,18.983507605695532,0.0633857499563601,0.42924106449470845,-6.517250110700935
47.49887800216675,25.45190372945059,18.89827545084488,0.06670671424246394,0.4750701259134802,-6.553628278605707
47.51903939247131,25.40039864745223,18.81246885070189,0.09418065568781459,0.4890297786577138,-6.587929796750341
47.53899121284485,25.343776881521414,18.726090503845306,0.0965535838843789,0.48793124107294705,-6.617686377676108
47.55892300605774,25.271195339210884,18.639143154878653,0.13331000625505113,0.4746973931568208,-6.632052184332231
47.578914403915405,25.17322689088736,18.55162959405834,0.1432541145698633,0.5252279422956052,-6.6215972968290195
47.59898900985718,25.0555744464755,18.46355265692171,0.17984531286521815,0.5087436128186527,-6.59202178955379
47.61897373199463,24.927350601368286,18.374915223915142,0.18656495378701948,0.5093423193565103,-6.552435377453143
47.6389422416687,24.79284704600439,18.285720220022135,0.21118309327750467,0.5169376484362873,-6.507126825982255
47.65897822380066,24.65752655373334,18.195970614391378,0.21078092345152982,0.5567850596515926,-6.461555939341963
47.678926944732666,24.522888642191006,18.105669419964833,0.24420127385412344,0.5207694336085114,-6.417219222226173
47.69903540611267,24.405992569920837,18.014819693105842,0.27085835226927885,0.5811839006154331,-6.391172876814995
47.71900486946106,24.288464703188165,17.923424533227177,0.23490256183897146,0.6105528767465147,-6.365040169960988
47.738922357559204,24.162013698409744,17.83148708241914,0.2186559598997701,0.6188355530856642,-6.330526615990603
47.75879764556885,24.011850326654493,17.739010525077646,0.19662470297073015,0.5922226603387388,-6.272839801576847
47.77878761291504,23.823694519750592,17.64599808753229,0.1377169109985698,0.5520210783241781,-6.177696432218301
47.799115896224976,23.586312560386432,17.55245303767446,0.20605433658813127,0.5521773156605194,-6.033859522711971
47.81901216506958,23.2931990784359,17.458378684585398,0.17778717280481943,0.4821773156605194,-5.834820393850503
47.83902835845947,22.950569761845557,17.363778378164263,0.1921356713504065,0.45047045723418694,-5.586791383681295
47.85901355743408,22.5825776750253,17.26865550875626,0.15486758035724052,0.45147722857887845,-5.3139221662690375
47.87887358665466,22.206667496832086,17.17301350678069,0.14983278439496645,0.4838850823312531,-5.033653990051395
47.89899826049805,21.835164640176746,17.076855842359052,0.13650223446195014,0.4462985386222134,-4.758308797817694
47.91949152946472,21.51261637511023,16.980186024943094,0.15413803626899608,0.5028317001729736,-4.532430350167136
47.938965797424316,21.198785650411065,16.88300760294294,0.13628152777557262,0.5202908021479378,-4.315778047468125
47.958866357803345,20.899280934012232,16.78532416335513,0.11525183749501594,0.5073633193119893,-4.113956770657101
47.97882843017578,20.61530384944318,16.687139331390725,0.06034543571178802,0.5158207005902657,-3.928164518052455
47.9989697933197,20.349596139882618,16.5884567701034,0.03672228028182872,0.5858207005902658,-3.761139369779219
48.01886057853699,20.103580679035407,16.489280180017495,0.009980336028384051,0.5762327384098898,-3.6143004990179115
48.03894376754761,19.880043128085628,16.38961329875612,0.028929250511573634,0.5732195911358575,-3.490429829329507
48.05890393257141,19.68032594983509,16.289459900669243,0.03953982909326442,0.5519572713773231,-3.3908660491658473
48.07887816429138,19.504733809275436,16.188823796461755,0.05560386014287361,0.48564533082651895,-3.3159100128136814
48.09892177581787,19.350526159856635,16.08770883282156,0.057176397262373946,0.49614250412094396,-3.2628173270350764
48.11885452270508,19.21986858176756,15.986118892047646,0.0,0.5310283203970174,-3.2337496897199145
48.13884496688843,19.10642833662424,15.884057891678205,0.0,0.46692190816509527,-3.2223704449460353
48.15890860557556,19.019785564056104,15.781529784118668,0.0,0.4488361248176078,-3.238255779937436
48.17884564399719,18.970253689032347,15.67853855626982,0.0009265504195354879,0.42262311590719026,-3.291715132762528
48.19892191886902,18.970967205141406,15.575088229155856,0.0,0.383379890898941,-3.39587897598555
48.21886658668518,19.022775818324128,15.471182857552506,0.01687522418797016,0.32465084580588144,-3.5515929607716217
48.23887085914612,19.117974067586623,15.36682652961506,0.019240091554820538,0.3075309557269792,-3.751147537971562
48.25884246826172,19.257015405560583,15.262023366506513,0.029729441739618778,0.2966988220240454,-3.99499203905407
48.278836727142334,19.436742963538478,15.156777522025587,0.024378717876970768,0.3666988220240454,-4.279965441512891
48.298821210861206,19.644626368969636,15.05109318223486,0.0,0.3001323249365668,-4.593533186734776
48.31882858276367,19.86658752982618,14.94497456508883,0.0,0.23013232493656677,-4.921612964737351
48.33883476257324,20.092477061216044,14.838425920061983,0.042993977665901184,0.24269980782526535,-5.254051141154061
48.35884404182434,20.288600119602336,14.731451527776914,0.022011809051036835,0.3097484617854933,-5.557148591825422
48.37883710861206,20.487737261914265,14.624055699632377,0.014779258519411087,0.32417022840934795,-5.863681562281888
48.39883232116699,20.683719689691355,14.516242777431362,0.0,0.31913592092576426,-6.167476912259993
48.418843507766724,20.870029470359615,14.408017133009219,0.006376844365149736,0.29434854894760054,-6.462012337350396
48.43881940841675,21.042394297128784,14.299383167861691,0.05249531613662839,0.2854654219362418,-6.743011129267092
48.45882964134216,21.195897879027193,14.19034531277304,0.02645957889035344,0.2562855936947743,-7.005552566254153
48.47887420654297,21.322989846518844,14.080908027444094,0.0008470439352095127,0.2719484016660134,-7.24208181907475
48.49882221221924,21.428387328351036,13.971075800120353,0.0,0.25718944225343865,-7.457311528230683
48.518850326538086,21.515938505678378,13.86085314722006,0.03807962313294411,0.2735782962653319,-7.655085358458317
48.538830280303955,21.588786587261787,13.750244612962293,0.04429545858874917,0.3149095055076758,-7.838541974299494
48.55895495414734,21.649502282904436,13.63925476899503,0.04689249210059643,0.2609124023828189,-8.010247513909405
48.57886004447937,21.702217200006707,13.527888214023253,0.03662319667637348,0.1986492079112212,-8.174328985983454
48.59889006614685,21.741326645792,13.416149573437027,0.040218801237642765,0.18350404206546944,-8.325177072354974
48.618927240371704,21.76068987990282,13.304043498939551,0.040693277784157544,0.17445204671355885,-8.456646380963269
48.638826847076416,21.758878421686973,13.191574668175292,0.011448514007497579,0.16198480579885643,-8.56730375351168
48.658822774887085,21.742407177465086,13.078747784358022,0.029363183595705777,0.1107231125596444,-8.663659393107064
48.6788330078125,21.716187630740677,12.965567575898945,0.06671182281570509,0.09845244310679835,-8.750620054841733
48.69881749153137,21.674622724953,12.852038796034728,0.08364717505173758,0.125853953732876,-8.822583928918272
48.71888279914856,21.60033119098035,12.73816622245562,0.04019381321268156,0.14575368337216776,-8.862164968524729
48.738824129104614,21.47515380208604,12.62395465693353,0.0575696102459915,0.18754830382647913,-8.851199145152512
48.758909940719604,21.287818606146406,12.509408924950103,0.042037433304358274,0.23579143158975047,-8.778409681196303
48.778955698013306,21.032134488266024,12.394533875324791,0.033379445143509656,0.23576311080149015,-8.637600612941233
48.79887080192566,20.81014300919675,12.279334379842965,0.023875834711361676,0.183914330437692,-8.530808629353785
48.81887483596802,20.51749657613475,12.163815332883978,0.0,0.1988180183096846,-8.353681243250772
48.83892107009888,20.158007431828388,12.047981651049238,0.0,0.20669852907201847,-8.11002578077915
48.85886812210083,19.74071781418754,11.931838272790305,0.05241113156080246,0.24528602848193248,-7.808879541397236
48.878963470458984,19.287329698501136,11.815390158036985,0.010918352752923965,0.2450784849487535,-7.471939540464151
48.898942708969116,18.820817268321306,11.698642287825399,0.004668327979743481,0.2210947139673225,-7.122174980495908
48.918951749801636,18.357483831737138,11.581599663926044,0.046103390865027905,0.2014226088784925,-6.775884167811094
48.938863039016724,17.908569565371106,11.464267308471914,0.027705413289368153,0.21202113614606777,-6.444302256899192
48.95893430709839,17.481501660179212,11.346650263586573,0.0,0.28089426593112865,-6.134851396592639
48.978968381881714,17.080863139084272,11.228753591012211,0.036307211965322495,0.3165128132812969,-5.852109548072061
48.99893569946289,16.713773432654026,11.11058237173776,0.0,0.3471848382167808,-5.6031910609162665
49.018895387649536,16.395056777286015,10.992141705626954,0.07,0.2832433073334686,-5.402915071659061
49.03890919685364,16.112208141306763,10.873436711046427,0.06745904258452357,0.2456456138305656,-5.238771430260336
49.05888772010803,15.87330891564885,10.754472524493773,0.11525026655755938,0.28503299267220417,-5.118836391155078
49.07888960838318,15.68281399422087,10.635254300225672,0.14728187344036997,0.3414404741041652,-5.047559693995199
49.098915100097656,15.544858316915807,10.515787209885925,0.15712643082253636,0.32442378946769157,-5.029071107029882
49.11893057823181,15.465561962013116,10.396076442133552,0.11662424768321217,0.25442378946769156,-5.069485519879564
49.138948917388916,15.442997159706868,10.276127202270889,0.11650695501914016,0.27949461133408465,-5.1668699574359795
49.15893864631653,15.462748024363863,10.15594471187165,0.11025691767310491,0.21054468841481128,-5.306803312492214
49.178913593292236,15.511369991023418,10.035534208409047,0.1436911559579312,0.2281898164861194,-5.4758357826143715
49.19884967803955,15.578763833215666,9.914900944883819,0.15217708786105505,0.22355689925330796,-5.663862888331847
49.21895885467529,15.655103747057852,9.794050189452332,0.18202976499771467,0.19956667793172517,-5.861053557605521
49.23888111114502,15.721384009306195,9.672987225054705,0.1414173058149754,0.1956913499366782,-6.048396784251491
49.258851766586304,15.79319171272916,9.55171734904283,0.09143055220221868,0.24587975723858096,-6.241474363686329
49.27889561653137,15.864629836113354,9.430245872808495,0.15573000897740713,0.24986563997532346,-6.4343839633048585
49.29892182350159,15.922346771864344,9.308578121411436,0.1990357189354836,0.2839558087494514,-6.613768650452908
49.31894540786743,15.936583242390054,9.186719433207474,0.20449609252711526,0.31666452067162015,-6.74986380918258
49.33893537521362,15.880865914802847,9.06467515947654,0.27449609252711527,0.33393512482012727,-6.816190755326307
49.35894155502319,15.738650555212459,8.94245066405076,0.24824968452652685,0.4039351248201273,-6.796199891161699
49.37885093688965,15.51925629372952,8.820051322942586,0.2927103238840937,0.4419951305743597,-6.699204970786933
49.3989372253418,15.249720842139574,8.697482523972837,0.30023608922114364,0.45488187829221705,-6.5522383181667365
49.418893337249756,14.94782918343883,8.574749666398787,0.3270906937037944,0.4065121428128622,-6.373079517040043
49.438884258270264,14.612889074570738,8.45185816054228,0.3039623611335992,0.3727892839368723,-6.1610309140284585
49.45890712738037,14.322085520624391,8.32881342741775,0.31758703018625967,0.42693985784615496,-5.993272093206642
49.478941679000854,13.988174919180066,8.205620898360365,0.3299234379743575,0.44091166248734215,-5.782554020819701
49.49889659881592,13.614592400117715,8.082286014654077,0.2599234379743575,0.3949302627723954,-5.532306385463638
49.51888823509216,13.218667575088103,7.958814227159703,0.2913286931728362,0.3977436648700676,-5.2598533479284
49.53892517089844,12.813026082216247,7.8352109959430365,0.3552671171640395,0.3864228596929751,-4.9778150862732105
49.55889105796814,12.404377176261043,7.7114817899029084,0.29698403774847976,0.41277900543253043,-4.692895386358135
49.57891345024109,11.997460234296451,7.58763208639925,0.25650153904309264,0.35255007650892356,-4.409828147897201
49.59887671470642,11.600154185305945,7.463667370881211,0.2933603174900054,0.3733506949637375,-4.1364868144247335
49.618825912475586,11.217678285067926,7.339593136515237,0.2855458253910183,0.355602177048131,-3.878085148552689
49.63884377479553,10.848634183315887,7.2154148838131285,0.22757923546334496,0.35165063450302103,-3.633219299502759
49.65884184837341,10.494012967789555,7.091138120260151,0.25536274294456235,0.42165063450302104,-3.4028748475294037
49.678953409194946,10.18612177456001,6.966768359943078,0.278423793046677,0.4594607552346132,-3.2193534146169327
49.69890904426575,9.889120268285017,6.842311123178334,0.21067745926877252,0.4937911046501539,-3.0468091451066837
49.71885418891907,9.595928228125626,6.717771936140032,0.20559582150628558,0.44499191025461177,-2.8781562919855936
49.738845348358154,9.299211125123723,6.593156330488053,0.18634664862503997,0.3971572121437929,-2.7060547946356692
49.758864641189575,9.007865530200279,6.468469842996157,0.21997348441829673,0.4671572121437929,-2.539395687204122
49.778831481933594,8.727929261841627,6.343718015180052,0.1961711686020135,0.42947497317756633,-2.3842112466615752
49.798832416534424,8.465611727072593,6.218906392925469,0.24452973193576327,0.43118067487332146,-2.2467053341471246
49.818840980529785,8.22244517052724,6.0940405261162525,0.23426843005319825,0.4624364341721229,-2.1284046444109883
49.838865995407104,8.001305485422371,5.9691259682624604,0.24541128276934615,0.39243643417212287,-2.0321795171599106
49.85883021354675,7.801293346949902,5.844168276128382,0.24074309821327916,0.39065629512260774,-1.9571250708215198
49.87884306907654,7.625859983623906,5.7191730093607305,0.21307983751496068,0.3295568217356048,-1.9066869742631756
49.898858070373535,7.47354425855781,5.594145730116605,0.23447032029827825,0.3474150569010816,-1.8793985284412056
49.91885280609131,7.346826726981321,5.469092002691664,0.2171349035491585,0.3560936785135708,-1.8777347242896578
49.9388952255249,7.245861522767533,5.344017393148157,0.2353598302145838,0.4126624165866814,-1.9018441296193762
49.95890545845032,7.165444308267551,5.218927468943029,0.3053598302145838,0.4570143855009518,-1.9465168393245218
49.97884678840637,7.1014187123396875,5.093827798556013,0.3619161146422266,0.44966698892603735,-2.007590913783674
49.99885058403015,7.050465801584032,4.96872395111766,0.32068479905923597,0.44286748336817244,-2.081741850466372
50.01905632019043,7.0099357806003875,4.96872395111766,0.32068479905923597,0.44286748336817244,-2.0412118294827275
50.03910803794861,6.977713459221015,4.96872395111766,0.32068479905923597,0.44286748336817244,-2.0089895081033546
50.05928635597229,6.952110719219873,4.96872395111766,0.32068479905923597,0.44286748336817244,-1.9833867681022133
50.07934856414795,6.93178056835818,4.96872395111766,0.32068479905923597,0.44286748336817244,-1.96305661724052
50.09933614730835,6.913332105583532,4.96872395111766,0.32068479905923597,0.44286748336817244,-1.9446081544658718
50.11911725997925,6.897314679190961,4.96872395111766,0.32068479905923597,0.44286748336817244,-1.928590728073301
50.139095067977905,6.880453747173958,4.96872395111766,0.32068479905923597,0.44286748336817244,-1.9117297960562984
50.15902328491211,6.861134952649678,4.96872395111766,0.32068479905923597,0.44286748336817244,-1.8924110015320181
50.17931532859802,6.8383017716336285,4.96872395111766,0.32068479905923597,0.44286748336817244,-1.8695778205159685
50.1992883682251,6.811312984530287,4.96872395111766,0.32068479905923597,0.44286748336817244,-1.8425890334126267
50.21907567977905,6.77983273331742,4.96872395111766,0.32068479905923597,0.44286748336817244,-1.81110878219976
50.23934531211853,6.7460624577307975,4.96872395111766,0.32068479905923597,0.44286748336817244,-1.7773385066131375
50.259220123291016,6.7115915880667085,4.96872395111766,0.32068479905923597,0.44286748336817244,-1.7428676369490486
50.27945876121521,6.677542575578288,4.96872395111766,0.32068479905923597,0.44286748336817244,-1.708818624460628
50.29955816268921,6.644683934932899,4.96872395111766,0.32068479905923597,0.44286748336817244,-1.6759599838152388
50.319196701049805,6.613518089251341,4.96872395111766,0.32068479905923597,0.44286748336817244,-1.6447941381336815
50.33927845954895,6.586459106328786,4.96872395111766,0.32068479905923597,0.44286748336817244,-1.6177351552111263
50.35939431190491,6.560856098544946,4.96872395111766,0.32068479905923597,0.44286748336817244,-1.5921321474272858
50.37932729721069,6.536939147141716,4.96872395111766,0.32068479905923597,0.44286748336817244,-1.568215196024056
50.399372816085815,6.514823626209089,4.96872395111766,0.32068479905923597,0.44286748336817244,-1.5460996750914289
50.41938328742981,6.496858543907015,4.96872395111766,0.32068479905923597,0.44286748336817244,-1.528134592789355
50.439167499542236,6.482249742868179,4.96872395111766,0.32068479905923597,0.44286748336817244,-1.513525791750519
50.4593722820282,6.470357162494785,4.96872395111766,0.32068479905923597,0.44286748336817244,-1.5016332113771247
50.47934317588806,6.460664643517748,4.96872395111766,0.32068479905923597,0.44286748336817244,-1.491940692400088
50.49930667877197,6.452755689428236,4.96872395111766,0.32068479905923597,0.44286748336817244,-1.484031738310576
50.51917862892151,6.446294004241025,4.96872395111766,0.32068479905923597,0.44286748336817244,-1.4775700531233653
50.53953504562378,6.4410078607296235,4.96872395111766,0.32068479905923597,0.44286748336817244,-1.4722839096119635
50.55958676338196,6.436418295971371,4.96872395111766,0.32068479905923597,0.44286748336817244,-1.4676943448537108
50.57969832420349,6.432692763905337,4.96872395111766,0.32068479905923597,0.44286748336817244,-1.4639688127876767
50.59945201873779,6.4296655580356425,4.96872395111766,0.32068479905923597,0.44286748336817244,-1.4609416069179826
50.61919379234314,6.427203177561247,4.96872395111766,0.32068479905923597,0.44286748336817244,-1.458479226443587
50.63924026489258,6.4251980095257455,4.96872395111766,0.32068479905923597,0.44286748336817244,-1.4564740584080855
50.65960097312927,6.423563258290894,4.96872395111766,0.32068479905923597,0.44286748336817244,-1.4548393071732342
50.67963790893555,6.422228875009969,4.96872395111766,0.32068479905923597,0.44286748336817244,-1.453504923892309
50.699195861816406,6.42113828895973,4.96872395111766,0.32068479905923597,0.44286748336817244,-1.45241433784207
50.71924304962158,6.420245781973074,4.96872395111766,0.32068479905923597,0.44286748336817244,-1.4515218308554143
50.73957443237305,6.419514378753392,4.96872395111766,0.32068479905923597,0.44286748336817244,-1.4507904276357317
50.759427070617676,6.418914151110785,4.96872395111766,0.32068479905923597,0.44286748336817244,-1.4501901999931253
50.77949547767639,6.4183930181469355,4.96872395111766,0.32068479905923597,0.44286748336817244,-1.4496690670292756
50.799225091934204,6.417968393447631,4.96872395111766,0.32068479905923597,0.44286748336817244,-1.449244442329971
50.81925702095032,6.417621992438566,4.96872395111766,0.32068479905923597,0.44286748336817244,-1.4488980413209056
50.839216470718384,6.417339053435301,4.96872395111766,0.32068479905923597,0.44286748336817244,-1.4486151023176408
50.85937452316284,6.417107650726364,4.96872395111766,0.32068479905923597,0.44286748336817244,-1.448383699608704
50.87937664985657,6.416918142712453,4.96872395111766,0.32068479905923597,0.44286748336817244,-1.4481941915947933
50.89927339553833,6.416762728397189,4.96872395111766,0.32068479905923597,0.44286748336817244,-1.4480387772795291
50.91918230056763,6.4166350908253875,4.96872395111766,0.32068479905923597,0.44286748336817244,-1.4479111397077276
50.93916845321655,6.41653011031051,4.96872395111766,0.32068479905923597,0.44286748336817244,-1.44780615919285
50.95934081077576,6.416443633694175,4.96872395111766,0.32068479905923597,0.44286748336817244,-1.4477196825765146
50.97958827018738,6.416372288605587,4.96872395111766,0.32068479905923597,0.44286748336817244,-1.4476483374879274
50.99969124794006,6.41631034497815,4.96872395111766,0.32068479905923597,0.44286748336817244,-1.4475863938604903
