time,theta,target,p1_cmd,p2_cmd,error
48.36156392097473,-1.4933939354991468,0.0,0.0,0.0,1.4933939354991468
48.38157296180725,-1.493770885259165,0.0,0.0,0.0,1.493770885259165
48.401877641677856,-1.4938981453608464,0.0,0.0,0.0,1.4938981453608464
48.42191505432129,-1.4939628785445414,0.0,0.0,0.0,1.4939628785445414
48.441593170166016,-1.4940025119360054,0.0,0.0,0.0,1.4940025119360054
48.46151280403137,-1.4940295102718506,0.0,0.0,0.0,1.4940295102718506
48.481754302978516,-1.4940492086607289,0.0,0.0,0.0,1.4940492086607289
48.501699924468994,-1.4969606772510375,0.0,0.0,0.0,1.4969606772510375
48.52167510986328,-1.5041968636147927,0.0,0.0,0.0,1.5041968636147927
48.541425943374634,-1.513844164876907,0.0,0.0,0.0,1.513844164876907
48.561580657958984,-1.5272818271871071,0.0,0.0,0.0,1.5272818271871071
48.58145785331726,-1.5427899076168854,0.0,0.0,0.0,1.5427899076168854
48.601651430130005,-1.5592357812111413,0.0,0.0,0.0,1.5592357812111413
48.6217360496521,-1.575863907889968,0.0,0.0,0.0,1.575863907889968
48.64177584648132,-1.5921706746895463,0.0,0.0,0.0,1.5921706746895463
48.66191339492798,-1.6078259921463585,0.0,0.0,0.0,1.6078259921463585
48.681682109832764,-1.6226218693803016,0.0,0.0,0.0,1.6226218693803016
48.70156908035278,-1.635377945010985,0.0,0.0,0.0,1.635377945010985
48.72160601615906,-1.6474504508684795,0.0,0.0,0.0,1.6474504508684795
48.74177956581116,-1.658732979116983,0.0,0.0,0.0,1.658732979116983
48.76180934906006,-1.669172190992202,0.0,0.0,0.0,1.669172190992202
48.781776666641235,-1.6787527904457407,0.0,0.0,0.0,1.6787527904457407
48.80183005332947,-1.687486285254064,0.0,0.0,0.0,1.687486285254064
48.82180690765381,-1.695402556207553,0.0,0.0,0.0,1.695402556207553
48.84199237823486,-1.7025435411988779,0.0,0.0,0.0,1.7025435411988779
48.86165380477905,-1.708958528740071,0.0,0.0,0.0,1.708958528740071
48.88163161277771,-1.7147006833986567,0.0,0.0,0.0,1.7147006833986567
48.901808738708496,-1.7198245161348702,0.0,0.0,0.0,1.7198245161348702
48.92188024520874,-1.7242717646929948,0.0,0.0,0.0,1.7242717646929948
48.94168519973755,-1.7282443649913708,0.0,0.0,0.0,1.7282443649913708
48.961567640304565,-1.7317826920334471,0.0,0.0,0.0,1.7317826920334471
48.981868505477905,-1.7349262021365637,0.0,0.0,0.0,1.7349262021365637
49.00179743766785,-1.737712683371458,0.0,0.0,0.0,1.737712683371458
49.02176547050476,-1.740177776149536,0.0,0.0,0.0,1.740177776149536
49.04156708717346,-1.7423546947928503,0.0,0.0,0.0,1.7423546947928503
49.06161403656006,-1.7442740965999064,0.0,0.0,0.0,1.7442740965999064
49.08178114891052,-1.745964057233654,0.0,0.0,0.0,1.745964057233654
49.10180687904358,-1.7474501209196454,0.0,0.0,0.0,1.7474501209196454
49.12182664871216,-1.7487554015083302,0.0,0.0,0.0,1.7487554015083302
49.1421422958374,-1.7498886635828206,0.0,0.0,0.0,1.7498886635828206
49.16166067123413,-1.7508846329727288,0.0,0.0,0.0,1.7508846329727288
49.18185210227966,-1.7517589942636915,0.0,0.0,0.0,1.7517589942636915
49.20184636116028,-1.7525258461724833,0.0,0.0,0.0,1.7525258461724833
49.22186040878296,-1.7531978144829816,0.0,0.0,0.0,1.7531978144829816
49.241891860961914,-1.7537861692591392,0.0,0.0,0.0,1.7537861692591392
49.261650800704956,-1.7543009419553497,0.0,0.0,0.0,1.7543009419553497
49.28186845779419,-1.7547510393799155,0.0,0.0,0.0,1.7547510393799155
49.30189609527588,-1.7551443524766033,0.0,0.0,0.0,1.7551443524766033
49.321850061416626,-1.7554878586450007,0.0,0.0,0.0,1.7554878586450007
49.341901540756226,-1.755787716879771,0.0,0.0,0.0,1.755787716879771
49.361780405044556,-1.7560480612922469,0.0,0.0,0.0,1.7560480612922469
49.381598472595215,-1.7562753929758965,0.0,0.0,0.0,1.7562753929758965
49.40188694000244,-1.7564738033768268,0.0,0.0,0.0,1.7564738033768268
49.42195200920105,-1.7566468965456998,0.0,0.0,0.0,1.7566468965456998
49.44182467460632,-1.7567978430151783,0.0,0.0,0.0,1.7567978430151783
49.46169996261597,-1.7569294286468884,0.0,0.0,0.0,1.7569294286468884
49.48158574104309,-1.7570440986971483,0.0,0.0,0.0,1.7570440986971483
49.50187397003174,-1.7571439974005203,0.0,0.0,0.0,1.7571439974005203
49.52186703681946,-1.7572310033970016,0.0,0.0,0.0,1.7572310033970016
49.541876792907715,-1.7573067613386626,0.0,0.0,0.0,1.7573067613386626
49.561699628829956,-1.7573727100096515,0.0,0.0,0.0,1.7573727100096515
49.581928968429565,-1.7574301072833787,0.0,0.0,0.0,1.7574301072833787
49.601914167404175,-1.7574799410608024,0.0,0.0,0.0,1.7574799410608024
49.62187218666077,-1.757523319182328,0.0,0.0,0.0,1.757523319182328
49.64188480377197,-1.7575610701059508,0.0,0.0,0.0,1.7575610701059508
49.66181254386902,-1.7575939175665456,0.0,0.0,0.0,1.7575939175665456
49.68200492858887,-1.7576224934864149,0.0,0.0,0.0,1.7576224934864149
49.70186638832092,-1.7576473493624072,0.0,0.0,0.0,1.7576473493624072
49.721707344055176,-1.75766896629479,0.0,0.0,0.0,1.75766896629479
49.74186730384827,-1.7576877638083994,0.0,0.0,0.0,1.7576877638083994
49.76176571846008,-1.757704107602453,0.0,0.0,0.0,1.757704107602453
49.781867027282715,-1.7577183163519843,0.0,0.0,0.0,1.7577183163519843
49.80196666717529,-1.7577306676713025,0.0,0.0,0.0,1.7577306676713025
49.82199311256409,-1.7577413914020688,0.0,0.0,0.0,1.7577413914020688
49.841920375823975,-1.7577507139550825,0.0,0.0,0.0,1.7577507139550825
49.86170959472656,-1.7577588175825645,0.0,0.0,0.0,1.7577588175825645
49.881550312042236,-1.7577658609979916,0.0,0.0,0.0,1.7577658609979916
49.90189266204834,-1.7577719823824143,0.0,0.0,0.0,1.7577719823824143
49.92195010185242,-1.7577773020137144,0.0,0.0,0.0,1.7577773020137144
49.94185757637024,-1.7577819245646722,0.0,0.0,0.0,1.7577819245646722
49.961652755737305,-1.7577859411104304,0.0,0.0,0.0,1.7577859411104304
49.98151135444641,-1.7577894308812028,0.0,0.0,0.0,1.7577894308812028
50.00156331062317,-1.7577924627918438,0.0,0.0,0.0,1.7577924627918438
50.02181100845337,-1.7577950967761173,0.0,0.0,0.0,1.7577950967761173
50.0418484210968,-1.7577973836685126,0.0,0.0,0.0,1.7577973836685126
50.06167459487915,-1.7577993704885146,0.0,0.0,0.0,1.7577993704885146
50.08152174949646,-1.7578010965216762,0.0,0.0,0.0,1.7578010965216762
50.10197567939758,-1.7578025959279826,0.0,0.0,0.0,1.7578025959279826
50.1218638420105,-1.757803898407018,0.0,0.0,0.0,1.757803898407018
50.141855001449585,-1.7578050297775292,0.0,0.0,0.0,1.7578050297775292
50.16172504425049,-1.7578060124822592,0.0,0.0,0.0,1.7578060124822592
50.18177676200867,-1.757806866027569,0.0,0.0,0.0,1.757806866027569
50.202083587646484,-1.757807607366178,0.0,0.0,0.0,1.757807607366178
50.22208642959595,-1.7578082512303084,0.0,0.0,0.0,1.7578082512303084
50.24212050437927,-1.7578088104216036,0.0,0.0,0.0,1.7578088104216036
50.26176166534424,-1.7578092959257632,0.0,0.0,0.0,1.7578092959257632
50.281899213790894,-1.7578097175904845,0.0,0.0,0.0,1.7578097175904845
50.30192756652832,-1.7578100838006532,0.0,0.0,0.0,1.7578100838006532
50.32193422317505,-1.7578104018417449,0.0,0.0,0.0,1.7578104018417449
50.3419075012207,-1.7578106780435994,0.0,0.0,0.0,1.7578106780435994
50.36170053482056,-1.7578109179054684,0.0,0.0,0.0,1.7578109179054684
50.38162636756897,-1.7578111262047604,0.0,0.0,0.0,1.7578111262047604
50.40177273750305,-1.7578113070915988,0.0,0.0,0.0,1.7578113070915988
50.421921491622925,-1.75781146417103,0.0,0.0,0.0,1.75781146417103
50.44211006164551,-1.7578116005744908,0.0,0.0,0.0,1.7578116005744908
50.46197295188904,-1.7578117190219282,0.0,0.0,0.0,1.7578117190219282
50.48211407661438,-1.7578118218610173,0.0,0.0,0.0,1.7578118218610173
50.5021116733551,-1.7578119111633166,0.0,0.0,0.0,1.7578119111633166
50.52201557159424,-1.7578119887096737,0.0,0.0,0.0,1.7578119887096737
50.54206681251526,-1.7578120560468578,0.0,0.0,0.0,1.7578120560468578
50.56187081336975,-1.7578121145182855,0.0,0.0,0.0,1.7578121145182855
50.582123041152954,-1.7578121652907244,0.0,0.0,0.0,1.7578121652907244
50.60210394859314,-1.757812209377494,0.0,0.0,0.0,1.757812209377494
50.62171745300293,-1.7578122476586262,0.0,0.0,0.0,1.7578122476586262
50.64200806617737,-1.7578122808983814,0.0,0.0,0.0,1.7578122808983814
50.66169881820679,-1.7578123097604648,0.0,0.0,0.0,1.7578123097604648
50.68185329437256,-1.7578123348212455,0.0,0.0,0.0,1.7578123348212455
50.70182418823242,-1.7578123565796553,0.0,0.0,0.0,1.7578123565796553
50.721890926361084,-1.7578123754724486,0.0,0.0,0.0,1.7578123754724486
50.74186635017395,-1.7578123918769235,0.0,0.0,0.0,1.7578123918769235
50.76167058944702,-1.7578124061207228,0.0,0.0,0.0,1.7578124061207228
50.78182101249695,-1.7578124184883652,0.0,0.0,0.0,1.7578124184883652
50.80185103416443,-1.7578124292269182,0.0,0.0,0.0,1.7578124292269182
50.821840047836304,-1.757812438550924,0.0,0.0,0.0,1.757812438550924
50.841660022735596,-1.7578124466466796,0.0,0.0,0.0,1.7578124466466796
50.86178922653198,-1.757812453675954,0.0,0.0,0.0,1.757812453675954
50.88182854652405,-1.757812459779216,0.0,0.0,0.0,1.757812459779216
50.90159773826599,-1.7578124650784368,0.0,0.0,0.0,1.7578124650784368
50.92180609703064,-1.7578124696793553,0.0,0.0,0.0,1.7578124696793553
50.94187307357788,-1.757812473674161,0.0,0.0,0.0,1.757812473674161
50.96184802055359,-1.7578124771426893,0.0,0.0,0.0,1.7578124771426893
50.98185062408447,-1.7578124801542634,0.0,0.0,0.0,1.7578124801542634
51.00181031227112,-1.7578124827690758,0.0,0.0,0.0,1.7578124827690758
51.021867990493774,-1.7578124850393928,0.0,0.0,0.0,1.7578124850393928
51.04189920425415,-1.7578124870105956,0.0,0.0,0.0,1.7578124870105956
51.061692237854004,-1.7578124887220887,0.0,0.0,0.0,1.7578124887220887
51.081586837768555,-1.7578124902080867,0.0,0.0,0.0,1.7578124902080867
51.10180115699768,-1.7578124914982967,0.0,0.0,0.0,1.7578124914982967
51.12173366546631,-1.7578124926185126,0.0,0.0,0.0,1.7578124926185126
51.14183592796326,-1.7578124935911128,0.0,0.0,0.0,1.7578124935911128
51.161691188812256,-1.7578124944355673,0.0,0.0,0.0,1.7578124944355673
51.18170642852783,-1.7578124951687588,0.0,0.0,0.0,1.7578124951687588
51.20175218582153,-1.7578124958053463,0.0,0.0,0.0,1.7578124958053463
51.221620082855225,-1.7578124963580573,0.0,0.0,0.0,1.7578124963580573
51.24177098274231,-1.7578124968379423,0.0,0.0,0.0,1.7578124968379423
51.26149773597717,-1.757812497254597,0.0,0.0,0.0,1.757812497254597
51.281795024871826,-1.7578124976163518,0.0,0.0,0.0,1.7578124976163518
51.301812171936035,-1.7578124979304406,0.0,0.0,0.0,1.7578124979304406
51.32197093963623,-1.7578124982031433,0.0,0.0,0.0,1.7578124982031433
51.34190893173218,-1.7578124984399135,0.0,0.0,0.0,1.7578124984399135
0.005246400833129883,-1.7578124986454833,-2.003001195987979e-07,0.0,0.0,1.7578122983453637
0.023090839385986328,-1.7578124988239663,-2.003001195987979e-07,0.0,0.0,1.7578122985238467
0.043602705001831055,-1.7578124989789312,-2.4887275252257104e-05,0.0,0.038735151290893555,1.757787611703679
0.0635213851928711,-1.757812499113477,-6.808505082412251e-05,0.0,0.06659794598817825,1.7577444140626528
0.0828094482421875,-1.7578124992302941,-0.00014426920475369177,0.0,0.021521929651498795,1.7576682300255404
0.10275554656982422,-1.7578124993317186,-0.00026260970969616817,0.0,0.005646275356411934,1.7575498896220223
0.12277412414550781,-1.7578124994197786,-0.00043216296035162373,0.0,0.025375008583068848,1.757380336459427
0.14272260665893555,-1.757812499496235,-0.0006618722365759276,0.0,0.035554551519453526,1.757150627259659
0.16345548629760742,-1.7578124995626168,-0.0009605681664916728,0.0,0.01366890873759985,1.756851931396125
0.182769775390625,-1.7578124996202513,-0.001336969189599108,0.0,0.024421785958111286,1.7564755304306523
0.20329880714416504,-1.7578124996702915,-0.0017996820198870594,0.0,0.04225167725235224,1.7560128176504044
0.2227494716644287,-1.7578124997137377,-0.002357202108943868,0.021669860929250717,0.03466558735817671,1.7554552976047937
0.24274015426635742,-1.757812499751459,-0.0030179141090683047,0.0,0.0013768887147307396,1.7547945856423908
0.2627384662628174,-1.7578124997842097,-0.003790092336380516,0.009197457693517208,0.010963833890855312,1.7540224074478292
0.2827308177947998,-1.7578124998126448,-0.004681901233932932,0.0414361422881484,0.016560738906264305,1.7531305985787118
0.3033595085144043,-1.757812499837333,-0.0057013958348212145,0.02859841100871563,0.0,1.7521111040025117
0.32279062271118164,-1.757812499858768,-0.006856522225295168,0.0344050913117826,0.054464105516672134,1.7509559776334729
0.3427846431732178,-1.7578124998773788,-0.008155118007869685,0.00805633282288909,0.037550345063209534,1.7496573818695091
0.36277341842651367,-1.757812499893537,-0.009604912764435645,0.02094459207728505,0.08351627737283707,1.7482075871291014
0.3827810287475586,-1.757812499907566,-0.01121352851937089,0.03083660500124097,0.05273466929793358,1.746598971388195
0.4027996063232422,-1.7578124999197462,-0.0129884802026511,0.0,0.053886470035649836,1.744824019717095
0.42284369468688965,-1.7578124999303215,-0.014937176112960766,0.04062039405107498,0.0821058793226257,1.7428753238173607
0.44273948669433594,-1.7578124999395033,-0.017066918380804073,0.04718029545620084,0.042692967341281474,1.7407455815586992
0.4634261131286621,-1.7578124999474751,-0.019384903431615898,0.04047023179009557,0.0338686533505097,1.7384275965158593
0.48273730278015137,-1.7578124999543967,-0.02189822244887263,0.04592167306691408,0.042471890919841826,1.735914277505524
0.5027029514312744,-1.7578124999604061,-0.024613861837203217,0.03475868236273527,0.05191510880831629,1.733198638123203
0.5229954719543457,-1.7578124999656235,-0.027538703685500012,0.03382924717152491,0.03623840550426394,1.7302737962801236
0.5427629947662354,-1.7578124999701534,-0.030679526230029747,0.0,0.031373713281936944,1.7271329737401238
0.5627715587615967,-1.7578124999740865,-0.034043004317544395,0.0,0.008601691690273583,1.7237694956565421
0.5828382968902588,-1.757812499977501,-0.037635709868392236,0.0,0.0,1.720176790109109
0.6028344631195068,-1.7578124999804658,-0.04146411233962859,0.0,0.0,1.7163483876408372
0.6234915256500244,-1.7578124999830398,-0.0455345791881269,0.0,0.009800100699067116,1.7122779207949128
0.6427881717681885,-1.757812499985275,-0.04985337633368967,0.0,0.0,1.7079591236515852
0.6634511947631836,-1.7578124999872151,-0.05442666862215919,0.0,0.0,1.7033858313650558
0.6826786994934082,-1.7578124999888998,-0.05926052028852871,0.0,0.005820825695991516,1.698551979700371
0.7027432918548584,-1.7578124999903626,-0.06436089542005324,0.0,0.03722628578543663,1.6934516045703094
0.7227325439453125,-1.7578124999916325,-0.0697336584193606,0.0,0.06559756398200989,1.6880788415722718
0.7427468299865723,-1.7578124999927351,-0.07538457446756203,0.0,0.06316068372689188,1.682427925525173
0.7627213001251221,-1.7578124999936926,-0.08131930998736352,0.0,0.053986507235094905,1.6764931900063291
0.7828435897827148,-1.7578124999945237,-0.08754343310617652,0.03418339043855667,0.05008709826506674,1.670269066888347
0.8027334213256836,-1.7578124999952454,-0.09406241411922892,0.03539903776254505,0.0,1.6637500858760164
0.822723388671875,-1.7578124999958717,-0.10088162595267582,0.016501210047863424,0.04083019495010376,1.6569308740431958
0.8427300453186035,-1.757812499996416,-0.1080063446267108,0.05416393966879696,0.022839900106191635,1.6498061553697052
0.8627276420593262,-1.7578124999968883,-0.11544174971867659,0.01434987725224346,0.04137908294796944,1.6423707502782117
0.8827965259552002,-1.7578124999972984,-0.12319292482617605,0.0,0.06219035945832729,1.6346195751711223
0.9027276039123535,-1.7578124999976543,-0.131264858030183,0.018009211868047714,0.02097795344889164,1.6265476419674714
0.9228522777557373,-1.7578124999979634,-0.13966244235815345,0.031234242022037506,0.0262044845148921,1.61815005763981
0.9428725242614746,-1.7578124999982319,-0.14839047624713614,0.004998175427317619,0.03717800788581371,1.6094220237510957
0.9634473323822021,-1.7578124999984648,-0.15745366400688388,0.0,0.03048502979800105,1.6003588359915808
0.9827697277069092,-1.757812499998667,-0.16685661628296405,0.022435147315263748,0.0,1.590955883715703
1.0028347969055176,-1.757812499998843,-0.17660385051986977,0.025268036406487226,0.0,1.5812086494789732
1.0235378742218018,-1.7578124999989952,-0.186699791424131,0.0527559663169086,0.0,1.5711127085748642
1.0434916019439697,-1.7578124999991278,-0.19714877142742507,0.0543827333021909,0.023147739470005035,1.5606637285717027
1.0635337829589844,-1.7578124999992426,-0.20795503114968766,0.0,0.004014927893877029,1.549857468849555
1.0828120708465576,-1.7578124999993423,-0.21912271986222426,0.0,0.020827585831284523,1.538689780137118
1.1027684211730957,-1.7578124999994291,-0.23065589595082048,0.0,0.04856089688837528,1.5271566040486086
1.122915506362915,-1.7578124999995042,-0.2425585273788532,0.0,0.01738264411687851,1.515253972620651
1.1428771018981934,-1.7578124999995697,-0.2548344921504015,0.012549699284136295,0.041100459173321724,1.5029780078491681
1.1635220050811768,-1.7578124999996263,-0.26748757877335766,0.01944570243358612,0.041673684085253626,1.4903249212262686
1.1828317642211914,-1.7578124999996756,-0.28052148672253796,0.024572922848165035,0.03891449613729492,1.4772910132771377
1.202862024307251,-1.7578124999997182,-0.2939398269027938,0.0,0.025102200044784695,1.4638726730969245
1.2228152751922607,-1.7578124999997555,-0.30774612211212227,0.0,0.04527135944226757,1.4500663778876333
1.2430198192596436,-1.7578124999997877,-0.3219438075047776,0.0,0.05605162592837587,1.4358686924950101
1.2638273239135742,-1.7578124999998157,-0.3365362310543813,0.0,0.08032096462557092,1.4212762689454344
1.2827539443969727,-1.75781249999984,-0.3365362310543813,0.0,0.08032096462557092,1.4212762689454586
1.3029160499572754,-1.757812499999861,-0.36691825139442635,0.04991593770682812,0.06533737579593435,1.3908942486054348
1.3227570056915283,-1.7578124999998794,-0.38271411239694864,0.06059195753186941,0.018390283978078514,1.3750983876029308
1.3427135944366455,-1.7578124999998952,-0.39891724090680325,0.06771318754181266,0.06778295809635893,1.3588952590930918
1.362741470336914,-1.757812499999909,-0.41553055594111443,0.05008101975545287,0.05577280285069719,1.3422819440587945
1.382868766784668,-1.757812499999921,-0.43255689211504067,0.02933267643675208,0.03455427574226633,1.3252556078848803
1.4027526378631592,-1.7578124999999312,-0.4499990001048839,0.01646630233153701,0.05210389295825735,1.3078134998950472
1.4227962493896484,-1.7578124999999403,-0.46785954711120153,0.02554368181154132,0.041990507452283055,1.2899529528887388
1.4427661895751953,-1.7578124999999483,-0.4861411173219172,0.021022124215960503,0.03861520841019228,1.271671382678031
1.4627516269683838,-1.7578124999999551,-0.5048462123754317,0.022487047011964023,0.059055922843981534,1.2529662876245236
1.4827606678009033,-1.757812499999961,-0.5239772518237337,0.03063362173270434,0.011880448379088193,1.2338352481762271
1.5027592182159424,-1.7578124999999662,-0.5435365735955103,0.01872640650253743,0.0,1.214275926404456
1.5235505104064941,-1.7578124999999705,-0.5635264344592589,0.022041771444492042,0.0076436009258031845,1.1942860655407115
1.5427427291870117,-1.7578124999999745,-0.583949010486398,0.0,0.026943640783429146,1.1738634895135764
1.562682867050171,-1.757812499999978,-0.6048063975143775,0.0,0.04011142160743475,1.1530061024856004
1.5826387405395508,-1.757812499999981,-0.6261006116097889,0.0,0.054025670513510704,1.131711888390192
1.6026885509490967,-1.7578124999999836,-0.6478335895314793,0.0,0.06089416751638055,1.1099789104685043
1.6227083206176758,-1.7578124999999858,-0.6700071891936588,0.0,0.06453968770802021,1.087805310806327
1.6427466869354248,-1.7578124999999876,-0.6926231901290134,0.050827834755182266,0.09624626301229,1.0651893098709742
1.662775993347168,-1.7578124999999891,-0.7156832939518148,0.029993001371622086,0.0820586672052741,1.0421292060481742
1.6827261447906494,-1.7578124999999905,-0.7391891248210327,0.05348912067711353,0.0727216200903058,1.0186233751789577
1.7027232646942139,-1.7578124999999916,-0.7631422299034456,0.026181882247328758,0.07018627785146236,0.994670270096546
1.7227578163146973,-1.757812499999993,-0.7875440798367496,0.09009587578475475,0.06143789179623127,0.9702684201632433
1.7427756786346436,-1.7578124999999938,-0.8123960691926708,0.08031956758350134,0.06098643381847069,0.945416430807323
1.7627291679382324,-1.7578124999999947,-0.8376995169400786,0.11235868465155363,0.0655889410409145,0.9201129830599161
1.7827486991882324,-1.7578124999999953,-0.8634556669080915,0.060461862944066525,0.047079376119654626,0.8943568330919038
1.8027400970458984,-1.757812499999996,-0.8896656882491928,0.01959876250475645,0.03241205326048657,0.8681468117508032
1.8227410316467285,-1.7578124999999967,-0.9163306759023387,0.03092544712126255,0.052563867706339806,0.8414818240976579
1.8427658081054688,-1.7578124999999971,-0.94345165105607,0.03161408263258636,0.08637099637417123,0.8143608489439271
1.862729787826538,-1.7578124999999973,-0.9710295616116236,0.005444659618660808,0.06821250839857385,0.7867829383883738
1.8827259540557861,-1.7578124999999978,-0.9990652826460423,0.0,0.06479764467803761,0.7587472173539554
1.9027140140533447,-1.757812499999998,-1.027559616875287,0.0,0.07260311086429283,0.730252883124711
1.9227032661437988,-1.7578124999999982,-1.056513295117347,0.0015567808877676725,0.05816481605870649,0.7012992048826512
1.9427556991577148,-1.7578124999999984,-1.08592697675535,0.07155678088776768,0.0,0.6718855232446483
1.9627258777618408,-1.7578124999999987,-1.115801250200676,0.13232297862879933,0.023167580366134644,0.6420112497993227
1.9827756881713867,-1.757812499999999,-1.1461366333560639,0.07216767261736096,0.042645130306482315,0.611675866643935
2.0027637481689453,-1.757812499999999,-1.176933574078725,0.07899265403859318,0.07039535045623779,0.5808789259212739
2.0227622985839844,-1.7578124999999991,-1.2081924506434558,0.07228467234410346,0.022153940051794052,0.5496200493565433
2.043409585952759,-1.7578124999999993,-1.239913572205744,0.057614947604015476,0.016600762493908405,0.5178989277942554
2.06276535987854,-1.7578124999999993,-1.2720971792648843,0.042812775755301125,0.02426599385216832,0.48571532073511503
2.083322286605835,-1.7578124999999993,-1.304743444127086,0.0453178982064128,0.046622410882264376,0.45306905587291335
2.103206157684326,-1.7578124999999993,-1.3378524713685855,0.060469788201153285,0.060888541396707296,0.4199600286314138
2.1227471828460693,-1.7578124999999993,-1.371424298298758,0.019928679503500468,0.04867700906470418,0.38638820170124144
2.142777919769287,-1.7578124999999993,-1.405458895423225,0.009941997639834887,0.05618196353316307,0.35235360457677434
2.162778615951538,-1.7578124999999993,-1.4399561669069687,0.01696448184549809,0.0565455885080155,0.31785633309303063
2.1827661991119385,-1.7578124999999993,-1.4749159510374434,0.011033160779625184,0.0668291098845657,0.2828965489625559
2.202733039855957,-1.7578124999999993,-1.5103380206876815,0.0,0.03135418365127407,0.2474744793123178
2.223515272140503,-1.7578124999999993,-1.5462220837794105,0.0,0.026651128515368327,0.21159041622058883
2.242830514907837,-1.7578124999999993,-1.58256778374616,0.0,0.0,0.1752447162538393
2.262799024581909,-1.7578124999999993,-1.6193746999963732,0.011715816333889961,0.0,0.13843780000362615
2.2835397720336914,-1.7578124999999993,-1.6566423483765211,0.003396417945623398,0.02038647048175335,0.1011701516234782
2.302739381790161,-1.7578124999999993,-1.6943701816342065,0.01620745100080967,0.0,0.06344231836579284
2.3227105140686035,-1.7578124999999993,-1.732557589881282,0.005868233740329742,0.01162433996796608,0.02525491011871739
2.342714309692383,-1.7578124999999993,-1.7712039010569591,0.007272435934282839,0.020309998653829098,-0.013391401056959795
2.3627474308013916,-1.7578124999999993,-1.810308381390915,0.012567476951517165,0.04163015726953745,-0.052495881390915766
2.382690191268921,-1.7578124999999993,-1.8498702358664079,0.02248120924923569,0.06747155729681253,-0.09205773586640853
2.40275239944458,-1.7578124999999993,-1.8898886086833886,0.017836697050370276,0.06675542000448331,-0.13207610868338926
2.422783374786377,-1.7578124999999993,-1.9303625837216063,0.038446694263257086,0.08052039000904188,-0.17255008372160696
2.4427273273468018,-1.7578124999999993,-1.971291185003726,0.026170088560320437,0.021798132394906133,-0.2134786850037267
2.4634509086608887,-1.7578124999999993,-2.012673377158433,0.04130355513188988,0.04047392721986398,-0.25486087715843353
2.4828290939331055,-1.7578124999999993,-2.054508065883549,0.05070732033345848,0.06434561539208516,-0.29669556588354973
2.502859115600586,-1.7578124999999993,-2.096794098409141,0.073170748190023,0.0,-0.33898159840914155
2.5227744579315186,-1.7578124999999993,-2.139530263960631,0.07050204265397042,0.0,-0.3817177639606315
2.542717456817627,-1.7578124999999993,-2.182715294221909,0.04711474652867764,0.0,-0.4249027942219097
2.5627706050872803,-1.7578124999999993,-2.226347863798442,0.023540370049886405,0.0,-0.46853536379844285
2.5827932357788086,-1.7578124999999993,-2.2704265906803913,0.025378518155775964,0.02152974158525467,-0.512614090680392
2.602877140045166,-1.7578124999999993,-2.314950036705709,0.0028170201694592834,0.03895361348986626,-0.5571375367057099
2.6227595806121826,-1.7578124999999993,-2.359916708023266,0.0,0.06855661794543266,-0.6021042080232666
2.6428043842315674,-1.7578124999999993,-2.4053250555559504,0.014291344210505486,0.11741743236780167,-0.6475125555559511
2.662766218185425,-1.7578124999999993,-2.4511734754637846,0.002137974835932255,0.09642590582370758,-0.6933609754637853
2.68273663520813,-1.7578124999999993,-2.497460309607037,0.018150179646909237,0.03971540927886963,-0.7396478096070378
2.70273494720459,-1.7578124999999993,-2.544183846009327,0.019956241128966212,0.003029845654964447,-0.7863713460093276
2.722766399383545,-1.7578124999999993,-2.5913423193207397,0.036470751045271754,0.003411474928725511,-0.8335298193207403
2.742732286453247,-1.7578124999999993,-2.638933911280939,0.047290988033637404,0.028573016927111894,-0.8811214112809396
2.762711524963379,-1.7578124999999993,-2.686956751182276,0.06872856034897268,0.02958610950736329,-0.9291442511822765
2.7827491760253906,-1.7578124999999993,-2.735408916332896,0.06356456619687378,0.0,-0.9775964163328965
2.8027095794677734,-1.7578124999999993,-2.7842884325198596,0.06636397773399949,0.0,-1.0264759325198602
2.8227107524871826,-1.7578124999999993,-2.8335932744722445,0.057729285676032305,0.022129543125629425,-1.0757807744722452
2.842707395553589,-1.7578124999999993,-2.883321366324258,0.0648257602006197,0.0072742244228720665,-1.1255088663242587
2.8627378940582275,-1.7578124999999993,-2.9334705820783524,0.07070663198828697,0.0,-1.175658082078353
2.882730722427368,-1.7578124999999993,-2.9840387460683306,0.07001304574077949,0.0,-1.2262262460683313
2.902740716934204,-1.7578124999999993,-3.035023633422462,0.05490751232719049,0.02597309648990631,-1.2772111334224625
2.922726631164551,-1.7578124999999993,-3.086422970526588,0.03997552994405851,0.032182419672608376,-1.3286104705265889
2.9427201747894287,-1.7578124999999993,-3.138234435487237,0.0595416784635745,0.05426238104701042,-1.3804219354872378
2.962764263153076,-1.7578124999999993,-3.1904556585947352,0.08381039503728971,0.05800090963020921,-1.432643158594736
2.98276686668396,-1.7578124999999993,-3.2430842227863135,0.10482949990546331,0.10058395797386765,-1.4852717227863141
3.002763032913208,-1.7578124999999993,-3.296117664109224,0.09743282612180337,0.08250749344006181,-1.5383051641092245
3.022721767425537,-1.7578124999999993,-3.3495534721838482,0.11789536703145131,0.044756988529115915,-1.591740972183849
3.042863368988037,-1.7578124999999993,-3.4033890906668045,0.09132829721784219,0.05775695247575641,-1.6455765906668052
3.06278133392334,-1.7578124999999993,-3.457621917714068,0.0855909520178102,0.05998753197491169,-1.6998094177140686
3.082705020904541,-1.7578124999999993,-3.5122493064440725,0.11128742707660422,0.013909677043557167,-1.7544368064440732
3.1028831005096436,-1.7578124999999993,-3.5672685654008225,0.13946265628328547,0.014627841883338988,-1.8094560654008232
3.1227760314941406,-1.7578124999999993,-3.6226769590170145,0.08682592114200816,0.012617151602171361,-1.8648644590170151
3.1427574157714844,-1.7578124999999993,-3.678471708077133,0.029431319737341255,0.04084811673965305,-1.9206592080771336
3.1627490520477295,-1.7578124999999993,-3.7346499901805723,0.0032852989970706403,0.02589209598954767,-1.976837490180573
3.182751417160034,-1.7578124999999993,-3.791208940204739,0.0,0.0478765465086326,-2.03339644020474
3.2026848793029785,-1.7578124999999993,-3.8481456507681715,0.0,0.04619890742469579,-2.0903331507681724
3.2226948738098145,-1.7578124999999993,-3.9054571726936493,0.07,0.0,-2.14764467269365
3.242772340774536,-1.7578124999999993,-3.9631405154712955,0.08070810668170453,0.015849625691771507,-2.205328015471296
3.262777090072632,-1.7578124999999993,-4.021192647721697,0.11708824120461941,0.009916648268699646,-2.2633801477216977
3.282799482345581,-1.7578124999999993,-4.07961049765901,0.09774407528340817,0.003153435420244932,-2.3217979976590106
3.302745819091797,-1.7578124999999993,-4.138390953554076,0.084531958848238,0.0,-2.380578453554077
3.3227555751800537,-1.7578124999999993,-4.19753086419753,0.11485192336142064,0.002594288904219866,-2.439718364197531
3.3427016735076904,-1.7578124999999993,-4.25702703936291,0.09052015438675881,0.022572231013327837,-2.499214539362911
3.362762689590454,-1.7578124999999993,-4.316876250269767,0.07764591246843339,0.019090852234512568,-2.559063750269768
3.382791042327881,-1.7578124999999993,-4.377075230046785,0.05477249965071679,0.018621791008627042,-2.6192627300467857
3.402785539627075,-1.7578124999999993,-4.437620674194877,0.06911872018128634,0.0,-2.6798081741948776
3.422774076461792,-1.7578124999999993,-4.4985092410503045,0.060156363695859916,0.022274095565080643,-2.7406967410503054
3.442768096923828,-1.7578124999999993,-4.559737552247798,0.09715710923075677,0.0,-2.8019250522477988
3.462780237197876,-1.7578124999999993,-4.621302193183645,0.11655552096664906,0.0,-2.863489693183646
3.4827959537506104,-1.7578124999999993,-4.683199713478826,0.12105792544782162,0.0,-2.9253872134788272
3.502861499786377,-1.7578124999999993,-4.745426627442101,0.10445002622902394,0.0,-2.987614127442102
3.522782564163208,-1.7578124999999993,-4.807979414533138,0.08527548581361771,0.011674268171191216,-3.050166914533139
3.5428707599639893,-1.7578124999999993,-4.870854519825625,0.06706062488257886,0.0071008638478815556,-3.1130420198256257
3.562765598297119,-1.7578124999999993,-4.934048354470365,0.059039933308959014,0.0,-3.1762358544703657
3.582768201828003,-1.7578124999999993,-4.997557296158401,0.08445282250642777,0.0,-3.2397447961584023
3.6027610301971436,-1.7578124999999993,-5.06137768958412,0.06269154481589795,0.0,-3.3035651895841207
3.6227550506591797,-1.7578124999999993,-5.125505846908368,0.0478687721118331,0.0,-3.3676933469083687
3.6427736282348633,-1.7578124999999993,-5.189938048221561,0.04577093751169742,0.02235901728272438,-3.4321255482215616
3.6627602577209473,-1.7578124999999993,-5.2546705420067905,0.00044313625432551573,0.017373644281178713,-3.4968580420067914
3.6827754974365234,-1.7578124999999993,-5.3196995456029414,0.004811359504237778,0.025565620977431536,-3.5618870456029423
3.7026753425598145,-1.7578124999999993,-5.3850212456677955,0.0,0.0,-3.6272087456677964
3.72279953956604,-1.7578124999999993,-5.45063179864115,0.0,0.0,-3.692819298641151
3.7427525520324707,-1.7578124999999993,-5.516527331207923,0.013315033167600632,0.028302984312176704,-3.758714831207924
3.76283860206604,-1.7578124999999993,-5.5827039407612675,0.08331503316760064,0.029861759510822594,-3.8248914407612684
3.7827274799346924,-1.7578124999999993,-5.6491576958656875,0.15331503316760065,0.017238984000869095,-3.8913451958656884
3.8027291297912598,-1.7578124999999993,-5.715884636720126,0.14490419752895833,0.0,-3.9580721367201273
3.8228096961975098,-1.7578124999999993,-5.78288077562111,0.1932065834850073,0.0,-4.025068275621111
3.8428752422332764,-1.7578124999999993,-5.85014209742583,0.20402765307575466,0.0,-4.092329597425831
3.8628246784210205,-1.7578124999999993,-5.917664560015279,0.18774588812142612,0.013915762305259705,-4.15985206001528
3.8827261924743652,-1.7578124999999993,-5.985444094757338,0.15756481360644103,0.04150233790278435,-4.227631594757339
3.902813673019409,-1.7578124999999993,-6.053476606969905,0.14759880896657707,0.01730235479772091,-4.295664106969906
3.9226505756378174,-1.7578124999999993,-6.121757976383993,0.17652921039611102,0.011029938701540232,-4.363945476383994
3.9427549839019775,-1.7578124999999993,-6.1902840576068545,0.15712972763925792,0.06592752272263169,-4.432471557606855
3.962648868560791,-1.7578124999999993,-6.259050680585076,0.13064431432634593,0.03955384390428662,-4.5012381805850765
3.9827539920806885,-1.7578124999999993,-6.328053651067711,0.13090686303679833,0.03375382674857974,-4.5702411510677114
4.002807855606079,-1.7624451961683127,-6.397288751069365,0.11970684015308508,0.02261316543444991,-4.634843554901051
4.0228846073150635,-1.8002861032886794,-6.466751739333322,0.1897068401530851,0.04472511215135455,-4.666465636044642
4.042834281921387,-1.915787844617529,-6.536438351794665,0.1617831090197433,0.08256853325292468,-4.620650507177136
4.062861680984497,-2.158626731830066,-6.606344302043353,0.19231360645149836,0.057704180013388395,-4.447717570213287
4.0827672481536865,-2.559951001649443,-6.676465281787376,0.1860710322589148,0.02981997048482299,-4.116514280137933
4.10276985168457,-3.1233206556502298,-6.746796961315828,0.1963291359797586,0.06844009598717093,-3.623476305665598
4.122936725616455,-3.821457883429264,-6.817334989962042,0.1664559604332317,0.06644793320447206,-2.995877106532778
4.142781496047974,-4.604068089745704,-6.888074996566683,0.13372522832010875,0.06222623214125633,-2.284006906820979
4.162769079208374,-5.424725964552115,-6.959012589940881,0.12455215637688527,0.09672064334154129,-1.5342866253887655
4.182745933532715,-6.247866305921457,-7.030143359329322,0.15854302008752713,0.07379873655736446,-0.7822770534078645
4.202773809432983,-6.962537766069229,-7.1014628748733655,0.11099159305100331,0.10967603139579296,-0.13892510880413678
4.222766399383545,-7.673849499940052,-7.172966688074158,0.05554267724161038,0.08279187232255936,0.5008828118658935
4.242762088775635,-8.364081088531009,-7.244650332255746,0.01891178225283513,0.08956559607759118,1.1194307562752632
4.262764930725098,-9.021479840669656,-7.316509323028169,0.02583419771050105,0.08402165304869413,1.7049705176414873
4.282762765884399,-9.638747873043348,-7.3885391587506,0.01258880791370759,0.0699017196893692,2.2502087142927483
4.30276346206665,-10.211873859615231,-7.460735320994441,0.020787342983530854,0.08406443055719137,2.75113853862079
4.322763442993164,-10.739234970769278,-7.533093275006417,0.0603806335211266,0.06197172123938799,3.2061416957628612
4.342772722244263,-11.220910149250596,-7.605608470171722,0.023530259329127168,0.08200269471853971,3.6153016790788737
4.36280083656311,-11.65584192696228,-7.6782763404771,0.018678442641394233,0.12881607469171286,3.9775655864851798
4.3827855587005615,-12.042211376541177,-7.751092304973977,0.08867844264139424,0.09849868435412645,4.2911190715672
4.40276837348938,-12.37308591739249,-7.82405176824155,0.027101245477097136,0.09121488966047764,4.54903414915094
4.422727346420288,-12.660359641387787,-7.89715012084992,0.03169365017791281,0.07218448631465435,4.763209520537867
4.442753791809082,-12.889898562615018,-7.9703827398232026,0.0308199909643736,0.024099016562104225,4.919515822791816
4.462764501571655,-13.057072109528793,-8.043744989102601,0.06739852699800397,0.07857524789869785,5.013327120426192
4.482774019241333,-13.157991262507288,-8.11723222000957,0.07312776689766909,0.0346290897578001,5.040759042497719
4.502822637557983,-13.198649956414458,-8.1908397717089,0.06285422743647362,0.0390176372602582,5.0078101847055585
4.522871732711792,-13.191748663324429,-8.264562971671815,0.043747790915658724,0.034656813368201256,4.927185691652614
4.542724609375,-13.14967866901634,-8.338397136139124,0.05793471337645317,0.053754912689328194,4.811281532877217
4.562769174575806,-13.084289933500944,-8.412337570584278,0.025530458254506838,0.0,4.671952362916667
4.5827202796936035,-13.004427769985453,-8.48637957017653,0.040412555275252116,0.0,4.5180481998089235
4.602776288986206,-12.916617405533584,-8.560518420244026,0.04495335865183736,0.01780555583536625,4.356098985289558
4.622719049453735,-12.825600609123518,-8.634749396736904,0.0718472425953951,0.0,4.1908512123866135
4.643414735794067,-12.746577502711132,-8.709067766690428,0.12408042448922063,0.007591926027089357,4.037509736020704
4.662780523300171,-12.666145547297873,-8.783468788688074,0.12208436901099051,0.0050637752283364534,3.882676758609799
4.682798624038696,-12.586854808586494,-8.857947713324668,0.08737748960382308,0.0,3.7289070952618264
4.7027037143707275,-12.510446435651584,-8.932499783669474,0.09894252760685052,0.013401233591139317,3.57794665198211
4.722747325897217,-12.438053832113496,-9.007120235729323,0.07053974463022317,0.053681288845837116,3.4309335963841736
4.742735862731934,-12.37035840276471,-9.081804298911711,0.06201998150325383,0.05698565160855651,3.2885541038529986
4.762732267379761,-12.307709644508844,-9.156547196487917,0.13201998150325384,0.07925544632598758,3.1511624480209264
4.783360242843628,-12.250217306573255,-9.231344146056095,0.15193248516297903,0.08671271475031972,3.0188731605171597
4.802729368209839,-12.197821721713211,-9.306190360004422,0.19125738716102209,0.041324079502373934,2.8916313617087894
4.822682619094849,-12.150347121842698,-9.381081045974184,0.1613421027956065,0.047127533704042435,2.7692660758685133
4.842696189880371,-12.10754172985325,-9.456011407322883,0.16003401006455537,0.02301475964486599,2.651530322530366
4.86266016960144,-12.070376995654454,-9.530976643587362,0.1833540982275736,0.009967020712792873,2.5394003520670925
4.883431434631348,-12.036840238724118,-9.605971950946904,0.21735086652333852,0.05012523662298918,2.430868287777214
4.902715682983398,-12.00670726145256,-9.680992522686353,0.23672929952736016,0.03341821115463972,2.325714738766207
4.922725677490234,-11.979732634317488,-9.756033549659227,0.1936257908761036,0.027238648384809494,2.2236990846582607
4.942723274230957,-11.955662648794714,-9.8310902207508,0.17735864209826108,0.0,2.1245724280439138
4.962707042694092,-11.934244532388595,-9.90615772334127,0.12803553405101414,0.011990426108241081,2.028086809047325
4.982755184173584,-11.922181868795324,-9.981231243768804,0.08562581228907223,0.0,1.9409506250265203
5.002712249755859,-11.942415058735744,-10.056305967792692,0.11120936821098443,0.0,1.8861090909430516
5.022815465927124,-12.033190382544397,-10.13137708105646,0.09116364817018624,0.0,1.9018133014879375
5.042872428894043,-12.226162871678513,-10.206439769550936,0.13412774900789376,0.013929317705333233,2.0197231021275766
5.062749624252319,-12.526728007400676,-10.281489220077422,0.15071209507877942,0.06024426128715277,2.245238787323254
5.082924842834473,-12.787686332026986,-10.356520620710757,0.15616483368794437,0.059824431606102735,2.431165711316229
5.102783679962158,-13.134572295622355,-10.431529161262468,0.12285849579493519,0.046452572860289365,2.7030431343598877
5.122755289077759,-13.531999772492993,-10.50651003374382,0.13865896814386364,0.10456777206854895,3.0254897387491724
5.142740488052368,-13.954058236203744,-10.581458432829006,0.12832427711109634,0.061104765452910215,3.3725998033747384
5.162819862365723,-14.382101595250772,-10.656369556318186,0.09999388583819385,0.11333440459566191,3.725732038932586
5.182763576507568,-14.80302090819258,-10.731238605600666,0.14903979130904194,0.07584659970598295,4.071782302591915
5.20269513130188,-15.20789871439005,-10.806060786117937,0.19394321494619365,0.09216960362391546,4.401837928272112
5.222676753997803,-15.59096389244877,-10.880831307826831,0.17366910108248707,0.1385586804826744,4.710132584621938
5.2426230907440186,-15.946466455831066,-10.95554538566265,0.18832455144147392,0.12274651817278937,4.990921070168417
5.262664556503296,-16.266506290057194,-11.030198240002193,0.11832455144147391,0.05274651817278936,5.236308050055001
5.282623767852783,-16.54421439862961,-11.104785097126978,0.14900287584285254,0.03361647821264341,5.439429301502631
5.302654504776001,-16.785327668716892,-11.179301189686283,0.21379825816373343,0.019985156722832464,5.606026479030609
5.322672128677368,-16.985276056178,-11.253741757160247,0.1821150627813768,0.04332584201591089,5.7315342990177545
5.3427393436431885,-17.144413459209787,-11.32810204632304,0.18317962397239174,0.09833923041122034,5.816311412886746
5.362637758255005,-17.257112213478525,-11.40237731170592,0.19440799631527628,0.11774920358555391,5.854734901772606
5.38269567489624,-17.323003687238256,-11.476562816060376,0.168537237275159,0.12597986090229824,5.8464408711778795
5.402760744094849,-17.35464717741989,-11.550653830821215,0.22297779895714487,0.16275635886238887,5.8039933465986735
5.4228105545043945,-17.36166872779163,-11.624645636569682,0.2452077218925115,0.20729527774499729,5.73702309122195
5.442820310592651,-17.35140330853257,-11.698533523496604,0.1752077218925115,0.18864636088954284,5.652869785035968
5.463076591491699,-17.3270848945107,-11.772312791865424,0.22870611295453275,0.1809010837529786,5.554772102645277
5.482878684997559,-17.293646454632277,-11.845978752475407,0.2871671904658433,0.14900033514248207,5.4476677021568705
5.502983093261719,-17.252438341764925,-11.91952672712465,0.29795493360958064,0.12857392023550346,5.332911614640276
5.5227086544036865,-17.216660406080408,-11.992952049073304,0.2924162031931337,0.16429928283439948,5.223708357007103
5.543354272842407,-17.17353993626808,-12.066250063506585,0.26826422790414656,0.12815495173679664,5.107289872761497
5.5634543895721436,-17.121823225213273,-12.139416127997924,0.24700082408613527,0.15770835022674873,4.982407097215349
5.582794904708862,-17.05391698126767,-12.212445612972122,0.24579098961199636,0.12378780137049034,4.841471368295547
5.60276985168457,-16.971922770363058,-12.285333902168365,0.2784500098868739,0.11161071120994165,4.6865888681946934
5.6226677894592285,-16.882304282098218,-12.35807639310343,0.29962634622002954,0.11455614481354132,4.524227888994789
5.643333435058594,-16.789752005761358,-12.430668497534747,0.28329889058019037,0.14332295570755377,4.359083508226611
5.663471937179565,-16.697601183068524,-12.50310564192349,0.25358284219051713,0.07332295570755376,4.194495541145034
5.683916091918945,-16.608157827360113,-12.57538326789776,0.2232226445421111,0.06778826397145166,4.032774559462354
5.7044148445129395,-16.52295229535734,-12.647496832715612,0.19615606545354242,0.08834498394513501,3.8754554626417264
5.7228782176971436,-16.449884899740926,-12.719441809728238,0.2460581320419442,0.09084090772317721,3.730443090012688
5.7427818775177,-16.386445921367564,-12.791213688843024,0.2590374541550409,0.07404264989541842,3.5952322325245394
5.7628233432769775,-16.34136015114155,-12.862807976986684,0.22279364290530795,0.10542196962283923,3.478552174154867
5.782836437225342,-16.328741175387627,-12.934220198568386,0.25160938735003585,0.11042022654088213,3.3945209768192406
5.802755117416382,-16.35985270405827,-13.005445895942822,0.2415004470467102,0.09990449105622246,3.3544068081154474
5.822772026062012,-16.43673308063262,-13.076480629873362,0.2473936043761205,0.12865648833336307,3.3602524507592584
5.842848539352417,-16.550326473130134,-13.14731997999515,0.2299678437493276,0.07034211275400593,3.403006493134985
5.862747430801392,-16.688742614122813,-13.217959545278193,0.21027898416738028,0.09145978694083168,3.4707830688446197
5.882848739624023,-16.840752207624,-13.288394944490506,0.1872599758289289,0.02646736656548454,3.5523572631334943
5.902859210968018,-16.998197350458508,-13.358621816661195,0.2368161380372476,0.037407479670364396,3.639575533797313
5.922733306884766,-17.15526846944686,-13.428635821543589,0.22576103267143482,0.06911581703694536,3.726632647903271
5.942835569381714,-17.307940206139882,-13.498432640078338,0.23336143047432417,0.0,3.8095075660615443
5.962765455245972,-17.440493705831305,-13.568007974856528,0.22583118733833546,0.0,3.872485730974777
5.982804775238037,-17.570935251376103,-13.637357550582784,0.2583817755884957,0.012725797481834888,3.933577700793318
6.002869367599487,-17.696472101837816,-13.706477114538412,0.23736306746373886,0.0,3.9899949872994043
6.022830009460449,-17.815293736747808,-13.775362437044468,0.28996813391218895,0.0023437209893018007,4.0399312997033405
6.042857646942139,-17.926319582821968,-13.844009311924886,0.2576131047762465,0.0,4.082310270897082
6.062758922576904,-18.033637248364254,-13.912413556969604,0.25193094043876046,0.0,4.1212236913946505
6.082754373550415,-18.140183634791484,-13.98057101439765,0.2768412879749667,0.0496378056704998,4.159612620393833
6.1028571128845215,-18.254968027569458,-14.04847755132026,0.3042964837595355,0.11963780567049981,4.206490476249197
6.123275995254517,-18.38866368441185,-14.116129060203999,0.26173568284953946,0.1445646208524704,4.27253462420785
6.142533302307129,-18.55050198492615,-14.183521459333889,0.2662499169900548,0.13704552425071598,4.366980525592261
6.1625730991363525,-18.73688777596254,-14.250650693276468,0.2971918131306302,0.09837865008041263,4.486237082686072
6.18256402015686,-18.898712678395555,-14.317512733342914,0.26587896748329515,0.16711120231077076,4.58119994505264
6.202625274658203,-19.08749384797612,-14.384103578052231,0.2541972301050555,0.19928708223626018,4.703390269923888
6.222645282745361,-19.299288397716538,-14.450419253594248,0.3241972301050555,0.12928708223626018,4.84886914412229
6.2425618171691895,-19.53306750839234,-14.516455814292822,0.31213055754895325,0.12444441765546799,5.016611694099517
6.262526988983154,-19.780588137289147,-14.582209343068842,0.3339961023896467,0.07989121228456497,5.1983787942203055
6.282605409622192,-20.0288136277901,-14.647675951903521,0.3000899219780695,0.09907642751932144,5.381137675886579
6.302526950836182,-20.268670396849394,-14.712851782301268,0.28455655014957304,0.11492777615785599,5.5558186145481265
6.322858572006226,-20.494076668063546,-14.777733005753028,0.2922157330333721,0.1149897039795178,5.716343662310518
6.342663526535034,-20.70350534801327,-14.842315824199225,0.3245840540050995,0.05788347357156454,5.861189523814044
6.362688064575195,-20.896316835222695,-14.906596470492952,0.29840462858672256,0.09039580681564985,5.9897203647297435
6.383230686187744,-21.072504819376128,-14.970571208863081,0.28840590285952206,0.08935775059944717,6.101933610513047
6.402655363082886,-21.22547572551099,-15.034236335377365,0.23620310815866108,0.0836394975121948,6.1912393901336245
6.4226367473602295,-21.36531627434771,-15.097588178405513,0.2732072586088907,0.11202789528033463,6.267728095942196
6.442631721496582,-21.492351251224697,-15.160623099082366,0.2552401872246992,0.13362721224984853,6.331728152142331
6.4625563621521,-21.607143735168826,-15.223337491770945,0.24289157445426102,0.12876377405336825,6.383806243397881
6.482578754425049,-21.71272382753461,-15.285727784525637,0.2965605912625324,0.11119007097295253,6.426996043008973
6.502652645111084,-21.809122620925706,-15.347790439555173,0.2745879610895645,0.04119007097295252,6.461332181370533
6.52278995513916,-21.896603683815012,-15.409521953685939,0.23071805219049568,0.0,6.4870817301290735
6.543301105499268,-21.97558511154438,-15.470918858824888,0.2737894637405407,0.007987253367900848,6.504666252719492
6.563779354095459,-22.048897660019794,-15.531977722422763,0.22686873580212708,0.0,6.516919937597031
6.584021091461182,-22.116340571507738,-15.59269514793719,0.22198005783255215,0.0,6.523645423570548
6.602787494659424,-22.177929097275538,-15.653067775295773,0.21193308587069626,0.0,6.524861321979765
6.6227757930755615,-22.231401827776878,-15.713092281359211,0.25035979057545776,0.0,6.518309546417667
6.642772197723389,-22.282570860197673,-15.772765380384413,0.24015717505360956,0.0,6.509805479813259
6.66277813911438,-22.333107582697714,-15.832083824487619,0.2218586273386609,0.0,6.501023758210096
6.682809352874756,-22.381873225151946,-15.891044404107479,0.20079164503957148,0.009820188395678997,6.490828821044467
6.702743053436279,-22.430439844833558,-15.949643948468175,0.2675573110475671,0.011693272041156888,6.4807958963653824
6.722639799118042,-22.47758825909132,-16.00787932604258,0.2525295719399583,0.0,6.469708933048739
6.742786884307861,-22.522509024174486,-16.065747445015283,0.2496703392255586,0.0,6.456761579159203
6.762856960296631,-22.564698625756005,-16.123245253745772,0.27474414504948075,0.0,6.441453372010233
6.78265118598938,-22.603879312164533,-16.180369741231544,0.2534479698527139,0.0,6.423509570932989
6.802702188491821,-22.639937462165868,-16.237117937571103,0.3049722550797742,0.0,6.402819524594765
6.822664499282837,-22.67287645079013,-16.293486914427277,0.32382380723836834,0.015281419269740582,6.379389536362854
6.842700481414795,-22.70147492168603,-16.349473785490105,0.25382380723836834,0.06040126737207174,6.352001136195927
6.862796306610107,-22.72761075001934,-16.40507570694012,0.2179015816736501,0.07638285774737597,6.32253504307922
6.882632732391357,-22.751347268055987,-16.460289877911375,0.237381119056372,0.01734225545078516,6.291057390144612
6.9026618003845215,-22.772791698716112,-16.51511354095456,0.26479565702262337,0.05654193181544542,6.2576781577615535
6.922767400741577,-22.801344316997078,-16.56954398250015,0.2460352813440841,0.002230406738817692,6.231800334496928
6.942809581756592,-22.850296078624293,-16.623578533321457,0.2888753784436267,0.01504548080265522,6.2267175453028365
6.962646722793579,-22.928341004018137,-16.677214568997808,0.33353674016776497,0.02182049723342061,6.251126435020328
6.982776165008545,-23.036118346168436,-16.730449510377632,0.3014030379790347,0.07666941033676267,6.305668835790804
7.002867221832275,-23.16170678258299,-16.78328082404149,0.35635420285048897,0.11061855452135205,6.378425958541499
7.022728681564331,-23.2963565865219,-16.835706022765358,0.33757274016621525,0.13488058792427182,6.460650563756541
7.0429322719573975,-23.433751557689412,-16.88772266598356,0.37862615451100284,0.10595577443018556,6.546028891705852
7.062944173812866,-23.553041379517243,-16.939328360252006,0.32245369046810085,0.11627707304432988,6.613713019265237
7.083631753921509,-23.673002707333943,-16.99052075971121,0.34948238149168903,0.08745470875874162,6.682481947622733
7.10273003578186,-23.790268882016147,-17.041297566549485,0.3549529642413836,0.10491584101691842,6.748971315466662
7.122616767883301,-23.91183791085036,-17.091656531466004,0.3289545972447377,0.08697158517315984,6.820181379384355
7.14345908164978,-24.042457071447558,-17.141595454133892,0.36103345943498427,0.13071350054815412,6.900861617313666
7.162588119506836,-24.182868866562956,-17.191112183663414,0.3500887875061017,0.14101342530921102,6.991756682899542
7.1827073097229,-24.32869824406517,-17.240204619064983,0.34384548967587764,0.1387985162436962,7.088493625000186
7.202675104141235,-24.472130902408974,-17.288870709712363,0.3657114834140521,0.0687985162436962,7.183260192696611
7.222718000411987,-24.612435042153347,-17.337108455805755,0.3560126966412645,0.08369668882340192,7.275326586347592
7.242738962173462,-24.746868473422698,-17.384915908834834,0.2982516086276155,0.03612875502556562,7.361952564587863
7.262728691101074,-24.871364898621874,-17.432291172042007,0.27194225253420884,0.006516567729413503,7.439073726579867
7.2827770709991455,-24.979455873524476,-17.47923240088533,0.22332403646665627,0.02274618420749902,7.500223472639146
7.302720308303833,-25.081841876050817,-17.525737803501862,0.19661716768401677,0.0,7.556104072548955
7.322753190994263,-25.17756694422078,-17.571805641170528,0.20050479705329055,0.0,7.605761303050251
7.3427205085754395,-25.26614263377324,-17.61743422877536,0.27050479705329056,0.0,7.64870840499788
7.362758636474609,-25.347418101999633,-17.662621935268653,0.2568217629462015,0.01935664936900139,7.68479616673098
7.382749080657959,-25.423797321148946,-17.70736718413397,0.2560583282040898,0.04275556281208992,7.716430137014974
7.4026689529418945,-25.499395431495895,-17.751668453849277,0.2483825812826399,0.08818626031279564,7.747726977646618
7.423377513885498,-25.57245861879249,-17.795524278350104,0.27054859872558157,0.07014185003936291,7.776934340442384
7.442748546600342,-25.644151873704864,-17.838933247492648,0.2873862552235369,0.003451300784945488,7.805218626212216
7.463395118713379,-25.71300413228329,-17.88189400751679,0.2954520926589612,0.03347965143620968,7.8311101247665
7.482755661010742,-25.778068496460943,-17.924405261509342,0.2254520926589612,0.08947375975549221,7.8536632349516005
7.502699851989746,-25.83455903861208,-17.966465769867117,0.2954520926589612,0.019473759755492204,7.868093268744964
7.522737979888916,-25.88783362989831,-18.008074350759884,0.3636806876177434,0.0,7.879759279138426
7.542747974395752,-25.937470438472783,-18.04922988059374,0.3825899743253831,0.03887384384870529,7.888240557879044
7.562716007232666,-25.983272341568934,-18.089931294474066,0.3125899743253831,0.030412490479648113,7.893341047094868
7.582760572433472,-26.025203490098242,-18.130177586668612,0.38027903549023906,0.07643125858157873,7.89502590342963
7.6027209758758545,-26.063340997310934,-18.16996781107072,0.3630699861759786,0.10597160924226046,7.893373186240215
7.623449802398682,-26.097838405574986,-18.209301081662346,0.3702098282019142,0.09374317340552807,7.88853732391264
7.642702341079712,-26.12889829683465,-18.2481765729772,0.34852837975719014,0.09014858119189739,7.880721723857448
7.66265082359314,-26.15675197593829,-18.28659352056386,0.3908336555550341,0.020148581191897386,7.87015845537443
7.682642459869385,-26.186277298254836,-18.324551221448914,0.38298090099939147,0.05658623792231082,7.8617260768059225
7.70269513130188,-26.232400011080895,-18.362049034599977,0.3679387543315534,0.09307003609836101,7.870350976480918
7.722828149795532,-26.27244492792526,-18.39908638138887,0.4054881308192853,0.12594223238527774,7.873358546536391
7.742781639099121,-26.339817843052753,-18.43566274605478,0.45586311928578654,0.15129103541374206,7.904155096997972
7.762836217880249,-26.433662037157628,-18.47177767616725,0.4799925100023393,0.2079807560145855,7.961884360990378
7.7827534675598145,-26.54573575778287,-18.507430783089376,0.4956239882821683,0.2562077644467354,8.038304974693496
7.802694797515869,-26.66983400776971,-18.542621742440932,0.5123287618125323,0.27964729472994804,8.127212265328776
7.822717905044556,-26.803646360444993,-18.577350294561363,0.49705051369615827,0.24845430471003055,8.22629606588363
7.842730522155762,-26.94067932835563,-18.611616244973046,0.5118376623804215,0.2506290169619024,8.329063083382582
7.862722635269165,-27.07170508708622,-18.64541946484428,0.5544446047360543,0.20722259750589728,8.426285622241938
7.882719039916992,-27.190472489792494,-18.67875989145256,0.5470815065281931,0.25651894679293036,8.511712598339933
7.9026408195495605,-27.286013635661007,-18.711637528647415,0.5081943671184126,0.21832702105864882,8.574376107013592
7.922732830047607,-27.342057168678437,-18.74405244731377,0.49432244868599806,0.2639862278662622,8.598004721364667
7.94271993637085,-27.39071559490352,-18.776004785835,0.5170736123772803,0.24475795758888125,8.61471080906852
7.962696313858032,-27.392905114901975,-18.807494750555946,0.4539684836717788,0.17475795758888124,8.585410364346028
7.9828855991363525,-27.3581278415304,-18.83852261624609,0.478040365219349,0.16866804625838994,8.519605225284309
8.002790927886963,-27.298590708454984,-18.869088726562715,0.5030350775422994,0.1363759484514594,8.429501981892269
8.024805784225464,-27.2234249563211,-18.89919349451393,0.5624173448386136,0.17382767390459775,8.32423146180717
8.044373273849487,-27.13938485673159,-18.928837402921843,0.6073012107016984,0.1470044047012925,8.210547453809745
8.062648296356201,-27.05139567701107,-18.958021004885566,0.6276295182260219,0.169990425594151,8.093374672125503
8.082695245742798,-26.965298837102416,-18.986744924244505,0.6238977794500533,0.183016295209527,7.978553912857912
8.102654218673706,-26.882785452453124,-19.015009856041296,0.620366161406273,0.1557196719944477,7.867775596411828
8.122714519500732,-26.807252045250905,-19.04281656698511,0.6002810911240521,0.12072272658348082,7.764435478265796
8.142767429351807,-26.73855746867211,-19.07016589591443,0.6060987968894187,0.0750459438562393,7.668391572757681
8.162719249725342,-26.67891508343057,-19.09705875426063,0.609057407543296,0.09867087438702582,7.581856329169941
8.182758808135986,-26.62464040663237,-19.12349612651063,0.601250421438599,0.11770533643662928,7.501144280121739
8.20274567604065,-26.58015713455491,-19.149479070670345,0.5487651230732444,0.13577905543148516,7.430678063884564
8.222713708877563,-26.55754522094396,-19.175008718727547,0.5281092023442033,0.11320656597614287,7.382536502216414
8.242749691009521,-26.56925144404548,-19.200086277115183,0.5942270776221994,0.07375225484371184,7.369165166930298
8.262752056121826,-26.620700293451872,-19.224713027174374,0.5975011821801308,0.05250143878161906,7.395987266277498
8.282710313796997,-26.709979404587255,-19.24889032561749,0.5854460570926312,0.042585668750107275,7.4610890789697635
8.302710771560669,-26.832447125838975,-19.272619604991377,0.5446168158168438,0.03347335536032914,7.559827520847598
8.322764873504639,-26.981688426479618,-19.29590237414038,0.5656988874042872,0.03136527481488882,7.685786052339239
8.34276270866394,-27.159490981152505,-19.31874021866949,0.552715040926123,0.060598899973556386,7.840750762483015
8.362715005874634,-27.373292789107975,-19.34113480140742,0.5630261555279139,0.09192729498259722,8.032157987700554
8.3827223777771,-27.558920977394287,-19.363087862869772,0.5610666197689715,0.06423875073902308,8.195833114524515
8.402684926986694,-27.790794862997675,-19.38460122172213,0.5397191715391818,0.09420700873248278,8.406193641275546
8.422761917114258,-28.069526225833787,-19.405676775243094,0.5557999887468759,0.05636998022906481,8.663849450590693
8.442782163619995,-28.387356028169723,-19.426316499787504,0.5566198905662167,0.05252985110506414,8.96103952838222
8.46273922920227,-28.730915514808046,-19.44652245124952,0.5505849929258693,0.0468102392181754,9.284393063558525
8.48278546333313,-29.09024090698619,-19.466296765525584,0.5402636104926932,0.048513289671391235,9.623944141460605
8.502680540084839,-29.453363354083148,-19.485641658977944,0.508240933130728,0.11851328967139124,9.967721695105205
8.522753715515137,-29.811869455769195,-19.50455942889714,0.5446002172038424,0.1300918281264603,10.307310026872056
8.542756795883179,-30.157720744076563,-19.523052453965725,0.5717549329355824,0.11150281580165028,10.634668290110838
8.562692642211914,-30.490300068938524,-19.541123194720935,0.5682252739288378,0.07436259912326931,10.949176874217589
8.582934141159058,-30.811844899270184,-19.558774194018127,0.5634394535527099,0.10318003298714756,11.253070705252057
8.603107690811157,-31.091018330393492,-19.576008077493555,0.5237684534594882,0.14225252794101834,11.515010252899938
8.622753381729126,-31.36195295448157,-19.592827554027792,0.5479117767617572,0.1614025000669062,11.769125400453778
8.642821788787842,-31.62002461124479,-19.6092354162087,0.5969470502540934,0.15065413976088166,12.01078919503609
8.6627836227417,-31.862360451601326,-19.62523454079456,0.6403284432098735,0.12380741426721215,12.237125910806768
8.682771921157837,-32.08737976658462,-19.640827889177082,0.6143282191560138,0.1025021400488913,12.446551877407536
8.702861785888672,-32.29212465379123,-19.65601850784468,0.5692504109547007,0.09819356940686702,12.636106145946545
8.722791194915771,-32.47275859441865,-19.670809528845545,0.5333275409147609,0.09163408337160944,12.801949065573105
8.743025779724121,-32.63188495521044,-19.685204170250678,0.5815946893498767,0.16163408337160945,12.94668078495976
8.762963771820068,-32.76956246564308,-19.699205736617067,0.5803824210970197,0.17286512209102511,13.07035672902601
8.782987594604492,-32.888713548317874,-19.712817619450664,0.6478753680794034,0.18059486662968993,13.17589592886721
8.802750825881958,-32.99185632280248,-19.72604329766984,0.620064189141849,0.17455275543034077,13.265813025132637
8.822800636291504,-33.081407512970095,-19.738886338068006,0.6406348510144744,0.17134658759459853,13.342521174902089
8.84288501739502,-33.158912352571875,-19.751350395777223,0.5706348510144743,0.14565794682130218,13.407561956794652
8.862760066986084,-33.22369105298074,-19.76343921473085,0.5625527564121875,0.18024025997146964,13.460251838249889
8.882714033126831,-33.27097414620127,-19.775156628127046,0.560982763665961,0.11024025997146963,13.495817518074222
8.90288233757019,-33.29559359991084,-19.786506558891624,0.5582784972072112,0.1276472451351583,13.509087041019214
8.922823429107666,-33.294557097834,-19.797493020141346,0.6042823604226577,0.15611250868067145,13.497064077692656
8.942852258682251,-33.27109509181785,-19.808120115646783,0.5638813636184203,0.18051647378131747,13.462974976171065
8.962930679321289,-33.2349914565054,-19.818392040295674,0.5737283592030871,0.14467672241851687,13.416599416209724
8.983410120010376,-33.19105870041694,-19.82831308055598,0.6243617226288187,0.1479062534123659,13.36274561986096
9.0028555393219,-33.14284583341192,-19.83788761493887,0.5636265416548121,0.1575251680985093,13.304958218473047
9.022763967514038,-33.09293073013522,-19.847120114462015,0.5135240805253851,0.10839252669364213,13.245810615673207
9.042645931243896,-33.04959316307729,-19.856015143112486,0.5366722521290648,0.13542712230235338,13.193578019964804
9.06260347366333,-33.005522011928974,-19.864577358310207,0.5410255751491058,0.08144033823162317,13.140944653618767
9.082619667053223,-32.96210281813769,-19.87281151137047,0.5366137082607019,0.01144033823162316,13.089291306767215
9.102644681930542,-32.92028076940392,-19.88072244796782,0.5081518347293603,0.009600129458121942,13.039558321436097
9.122628450393677,-32.882986630098195,-19.888315108598498,0.5297555289149749,0.03516299139242618,12.994671521499697
9.142623662948608,-32.84982037112641,-19.895594529043912,0.5130922048271167,0.029415175332687782,12.9542258420825
9.162694692611694,-32.822711698346886,-19.902565840833688,0.48829477829043744,0.0585798826208338,12.920145857513198
9.182650089263916,-32.80284130063425,-19.909234271708655,0.5260297412902581,0.05792177929775788,12.893607028925594
9.202639102935791,-32.790838497398404,-19.915605146084072,0.515251998688327,0.039103344969917075,12.875233351314332
9.222721099853516,-32.786933051965974,-19.921683885512795,0.5343146406963932,0.051664161451626556,12.865249166453179
9.242728471755981,-32.788754800357225,-19.927476009148286,0.5419591911055612,0.06426709885941817,12.861278791208939
9.263339281082153,-32.79682288156726,-19.93298713420767,0.5856151454069185,0.07403798303799702,12.863835747359587
9.28348708152771,-32.803827795661704,-19.938222976434936,0.5578463993885088,0.050352367528248565,12.865604819226768
9.30341625213623,-32.815098755118704,-19.94318935056418,0.5679936142556834,0.03899819771992041,12.871909404554525
9.32275128364563,-32.833668477405844,-19.947892170782282,0.5270318755798507,0.08183947201119735,12.885776306623562
9.342739820480347,-32.86376741867578,-19.952337451192577,0.5622691171162295,0.13318667928921057,12.911429967483201
9.363454103469849,-32.90339742345113,-19.95653130627762,0.5222047040157485,0.09656694899545981,12.946866117173514
9.38336730003357,-32.95091942188518,-19.960479951362284,0.5307227246381807,0.049586269960273044,12.990439470522897
9.402773380279541,-33.00267060740868,-19.964189703077064,0.5819943271495867,0.1058203279529698,13.038480904331617
9.423434734344482,-33.055995406501744,-19.967666979821015,0.5616355076350736,0.1449002734874375,13.088328426680729
9.443548440933228,-33.109007837361965,-19.970918302224945,0.513727432481246,0.17508253450738265,13.13808953513702
9.463621377944946,-33.16040616637911,-19.97395029361453,0.5553608409978914,0.1370594426547177,13.186455872764583
9.482905149459839,-33.20932877435159,-19.97676968047335,0.5197169244207906,0.10479519139276816,13.23255909387824
9.502831220626831,-33.2518046316468,-19.979383292906192,0.5532013945200014,0.034795191392768154,13.272421338740607
9.522777080535889,-33.28748837240883,-19.98179806510178,0.5347220063128042,0.01523987601744009,13.30569030730705
9.542761325836182,-33.315197652702,-19.984021035796413,0.4647220063128042,0.021580829538870583,13.331176616905584
9.562760353088379,-33.332005057547256,-19.98605934873659,0.5158659505762624,0.0,13.345945708810667
9.582821130752563,-33.338480927657734,-19.987920253142413,0.47921295344014636,0.0,13.350560674515322
9.602894067764282,-33.3376100451128,-19.989611104170617,0.5166363331594037,0.030369045212864876,13.34799894094218
9.622767686843872,-33.333975552087416,-19.99113936337757,0.4566492910601663,0.07045780681073666,13.342836188709846
9.642978429794312,-33.32851729599762,-19.99251259918262,0.5238465170480775,0.11861730925738811,13.336004696815
9.662734985351562,-33.324252489627014,-19.993738487330948,0.4850822190858888,0.09596726484596729,13.330514002296066
9.682745456695557,-33.323245376672475,-19.994824811356935,0.5191760274686383,0.13159780390560627,13.32842056531554
9.702907085418701,-33.32237097549253,-19.995779463047043,0.5296109260164665,0.1127964798361063,13.32659151244549
9.722774744033813,-33.32608470680543,-19.996610442903098,0.5624781862937378,0.042796479836106294,13.329474263902334
9.742746591567993,-33.33057104205667,-19.99732586060519,0.5698589819588231,0.08322024188935756,13.333245181451478
9.762810468673706,-33.33779212407499,-19.99793393547513,0.5661544531688558,0.0988230512663722,13.339858188599855
9.782770872116089,-33.3444060487314,-19.998442996939172,0.541402003924595,0.13512059237807988,13.345963051792229
9.802761793136597,-33.35042394448772,-19.998861484991348,0.5486251941986846,0.11900614697486162,13.351562459496375
9.822826862335205,-33.35586924923402,-19.999197950656615,0.4786251941986846,0.13657813269644975,13.356671298577403
9.842822790145874,-33.363089681129324,-19.999461056453836,0.4434272619255351,0.0943554987385869,13.363628624675489
9.862841844558716,-33.369036439794534,-19.999659576858875,0.4825019361742305,0.02435549873858689,13.36937686293566
9.8827486038208,-33.373941803773484,-19.999802398767876,0.5080935424484776,0.024409583470842322,13.374139405005607
9.902748823165894,-33.380310903126336,-19.99989852196018,0.5570441065647171,0.030014022420218667,13.380412381166156
9.922768831253052,-33.385840717795304,-19.999957059561666,0.5184561414935158,0.09038125274615594,13.385883658233638
9.943393230438232,-33.39001360567478,-19.99998723850755,0.4893144415982531,0.1164989482416422,13.39002636716723
9.962744951248169,-33.395450370835576,-19.999998400005765,0.45988876654882893,0.08069293683307477,13.39545197082981
9.983431339263916,-33.401621715047355,-20.0,0.43345906495233044,0.07028085661964723,13.401621715047355
10.00341510772705,-33.40814063836749,-20.0,0.4573897170193957,0.11527318803506204,13.408140638367492
10.022685050964355,-33.4147291778009,-20.0,0.498881657636957,0.09568632503884145,13.4147291778009
10.042739868164062,-33.421192430967075,-20.0,0.5280798068561123,0.15063707640307256,13.421192430967075
10.062753200531006,-33.427398324393984,-20.0,0.5627765981771515,0.20897632202046224,13.427398324393984
10.082732200622559,-33.43326190512188,-20.0,0.6080046510614918,0.23336160106497117,13.433261905121881
10.10271406173706,-33.438733188102724,-20.0,0.6223914949514435,0.22708828344853826,13.438733188102724
10.123381614685059,-33.443787793666004,-20.0,0.5769971264817284,0.21006473310204454,13.443787793666004
10.142658472061157,-33.448176331266254,-20.0,0.6225044159509705,0.18826242878945776,13.448176331266254
10.162713050842285,-33.44991366196398,-20.0,0.6213894037355201,0.17167920030566164,13.449913661963983
10.182729959487915,-33.44513103291041,-20.0,0.6394710091699378,0.10720053471537538,13.44513103291041
10.202938795089722,-33.422047724617634,-20.0,0.6803918925870673,0.14923739962192484,13.422047724617634
10.22281002998352,-33.35906530388941,-20.0,0.7,0.1695398089280934,13.359065303889409
10.242709875106812,-33.25149885102347,-20.0,0.699020067625679,0.18646999232383676,13.25149885102347
10.262715578079224,-33.11116740843729,-20.0,0.7,0.16752181358548113,13.11116740843729
10.282734870910645,-32.95409281371144,-20.0,0.7,0.17717777162702986,12.95409281371144
10.302735328674316,-32.787212089428934,-20.0,0.6540826231241226,0.22878729149611898,12.787212089428934
10.32279920578003,-32.61791834327029,-20.0,0.7,0.16610448405059286,12.61791834327029
10.342769861221313,-32.45141027804528,-20.0,0.7,0.12803870409639784,12.45141027804528
10.362629890441895,-32.29122539463577,-20.0,0.7,0.18729586869390913,12.291225394635767
10.382682085037231,-32.15214878914534,-20.0,0.7,0.2464375306657166,12.152148789145343
10.403432846069336,-32.0189042654415,-20.0,0.6853937346488237,0.2539616373172612,12.018904265441499
10.422758340835571,-31.89322223684941,-20.0,0.6581149499863386,0.21210217446001478,11.893222236849411
10.442736864089966,-31.77842165392082,-20.0,0.6686032868921756,0.24247351631434866,11.77842165392082
10.462765216827393,-31.671888319227694,-20.0,0.7,0.24206769858516053,11.671888319227694
10.483459949493408,-31.573904928044758,-20.0,0.7,0.2437052679809858,11.573904928044758
10.503296375274658,-31.484442502123226,-20.0,0.6912690045312047,0.24634837285644606,11.484442502123226
10.522703647613525,-31.40093999652041,-20.0,0.7,0.2882428869701107,11.40093999652041
10.542701482772827,-31.323777834569004,-20.0,0.7,0.21824288697011068,11.323777834569004
10.562666416168213,-31.25073680370162,-20.0,0.6822473004460334,0.2259545992410858,11.25073680370162
10.582638502120972,-31.180166870338226,-20.0,0.6798579972703009,0.22080384151107862,11.180166870338226
10.602723121643066,-31.118896252456167,-20.0,0.7,0.17065775723225668,11.118896252456167
10.622680902481079,-31.053027417014732,-20.0,0.7,0.14494752095110014,11.053027417014732
10.642685890197754,-30.981068019658473,-20.0,0.7,0.12144116641051367,10.981068019658473
10.662658929824829,-30.906774719491292,-20.0,0.6572908543050289,0.1150858225583215,10.906774719491292
10.683368444442749,-30.832818328150665,-20.0,0.6325524140149354,0.11810415892890885,10.832818328150665
10.702838897705078,-30.76336140800659,-20.0,0.6876150917261838,0.12111222513980463,10.763361408006588
10.723366260528564,-30.701176610313627,-20.0,0.6759088354185223,0.12967536182171896,10.701176610313627
10.743479251861572,-30.64568176025973,-20.0,0.6950467618182301,0.14869409942097261,10.64568176025973
10.762770175933838,-30.598612525841418,-20.0,0.6783361265435814,0.13318077524221733,10.598612525841418
10.783506870269775,-30.560952411868396,-20.0,0.6342536898329854,0.15815425341046646,10.560952411868396
10.802819013595581,-30.533136565159673,-20.0,0.6196601631119847,0.13579371062136486,10.533136565159673
10.823500871658325,-30.508986136874867,-20.0,0.6374867277219891,0.09493901071167782,10.508986136874867
10.843566656112671,-30.501188811385735,-20.0,0.6395397845655679,0.0895976205638726,10.501188811385735
10.862720251083374,-30.50958822483916,-20.0,0.6654443096369504,0.12485155140078857,10.50958822483916
10.883522987365723,-30.533648906629562,-20.0,0.6196549039334058,0.07142105747974709,10.533648906629562
10.902769327163696,-30.572586178293026,-20.0,0.572722478583455,0.05608420216507509,10.572586178293026
10.922585725784302,-30.630095642751346,-20.0,0.5968567084521055,0.0,10.630095642751346
10.942612886428833,-30.710571073368683,-20.0,0.6007343722041696,0.0,10.710571073368683
10.96271800994873,-30.814142685433207,-20.0,0.5783153833355754,0.010997372679412365,10.814142685433207
10.982698440551758,-30.94029222652687,-20.0,0.5903290990274399,0.00936866388656199,10.940292226526871
11.002773523330688,-31.092697385912395,-20.0,0.6171294614206999,0.04628503159619868,11.092697385912395
11.022711753845215,-31.280169694782636,-20.0,0.6270961887668818,0.04321263497695327,11.280169694782636
11.042769193649292,-31.442937939739117,-20.0,0.5786299757193774,0.05564960325136781,11.442937939739117
11.062673330307007,-31.644592128992656,-20.0,0.5456334962975233,0.06325771100819111,11.644592128992656
11.082642555236816,-31.879522899648645,-20.0,0.6116595133673399,0.07754681259393692,11.879522899648645
11.102559566497803,-32.13600805302399,-20.0,0.5765676103066653,0.05790809355676174,12.136008053023993
11.122604608535767,-32.40765386399341,-20.0,0.5609662081580609,0.04482321161776781,12.40765386399341
11.142618179321289,-32.68498712255372,-20.0,0.5516398991923779,4.8306770622730255e-05,12.684987122553721
11.162568807601929,-32.95896168231393,-20.0,0.5086331102531403,0.0,12.958961682313927
11.182657241821289,-33.223382785219464,-20.0,0.5147853023838251,0.061095815151929855,13.223382785219464
11.202836990356445,-33.474199453928634,-20.0,0.5595416627358645,0.0032970495522022247,13.474199453928634
11.222900390625,-33.71127285037993,-20.0,0.6113669104408472,0.05096089839935303,13.711272850379927
11.242599964141846,-33.93486874285382,-20.0,0.6173613914754241,0.012771464884281158,13.934868742853823
11.262580871582031,-34.12900040537389,-20.0,0.5870779143180698,0.0138042006874457,14.129000405373887
11.282624244689941,-34.309444296629266,-20.0,0.6114117284771055,0.019373042625375092,14.309444296629266
11.302839040756226,-34.47794169840366,-20.0,0.5965023660566657,0.04709237453062087,14.477941698403662
11.32262134552002,-34.63370057131527,-20.0,0.5803756104316562,0.049365880084224045,14.633700571315273
11.342713832855225,-34.77650650288851,-20.0,0.5718117035459727,0.004669131827540696,14.776506502888509
11.36259388923645,-34.90886828789191,-20.0,0.5472165267448872,0.0,14.908868287891913
11.382595300674438,-35.03280374043525,-20.0,0.5136526073794812,0.07,15.032803740435249
11.402636528015137,-35.14762012171295,-20.0,0.46736714574508365,0.05882832936942578,15.147620121712947
11.422672510147095,-35.25539294914961,-20.0,0.5130733545403927,0.06116440815851093,15.25539294914961
11.442688226699829,-35.35774946863316,-20.0,0.5830733545403928,0.04517658909782768,15.357749468633159
11.462671041488647,-35.45596267952466,-20.0,0.5130733545403927,0.0,15.45596267952466
11.482633113861084,-35.541233896723014,-20.0,0.5228338023182004,0.0,15.541233896723014
11.502580165863037,-35.62274427848405,-20.0,0.5298817088361829,0.0,15.62274427848405
11.522608518600464,-35.699494260117355,-20.0,0.5120763094630092,0.026809314265847206,15.699494260117355
11.542622327804565,-35.77091502339507,-20.0,0.5397665654774755,0.0306959324516356,15.77091502339507
11.562572479248047,-35.83675192929433,-20.0,0.5669002277310937,0.042524612974375486,15.83675192929433
11.582621812820435,-35.89697527250241,-20.0,0.545739692216739,0.03076575743034482,15.89697527250241
11.602633953094482,-35.954028713223025,-20.0,0.4909979668911546,0.0,15.954028713223025
11.622608661651611,-36.00969311244226,-20.0,0.44454191303811963,0.03794107958674431,16.009693112442257
11.642634153366089,-36.06292568129765,-20.0,0.4300225205253809,0.0,16.06292568129765
11.662697076797485,-36.11306620968886,-20.0,0.4441803363617509,0.021096641197800636,16.11306620968886
11.682696342468262,-36.15973761900173,-20.0,0.514180336361751,0.003607945516705513,16.15973761900173
11.70270323753357,-36.200258928144834,-20.0,0.5219859408494085,0.06119689531624317,16.200258928144834
11.722697019577026,-36.23795106123314,-20.0,0.4519859408494085,0.10133236460387707,16.23795106123314
11.742600679397583,-36.27268473185195,-20.0,0.5219859408494085,0.03133236460387706,16.272684731851953
11.762682676315308,-36.30444811015248,-20.0,0.4719291480537504,0.10133236460387707,16.304448110152478
11.78264307975769,-36.33562760917596,-20.0,0.4773193534743041,0.06575212441384792,16.33562760917596
11.802717924118042,-36.36326347661472,-20.0,0.5086216677259654,0.13575212441384793,16.36326347661472
11.822737455368042,-36.387709666571176,-20.0,0.5216884261276573,0.11094787128269673,16.387709666571176
11.842742681503296,-36.409296092247395,-20.0,0.5254404221009463,0.15515571989119054,16.409296092247395
11.862651824951172,-36.42601092559506,-20.0,0.5848658766876906,0.11643758200109006,16.426010925595058
11.882689476013184,-36.434268832447515,-20.0,0.612671700520441,0.04972633503377438,16.434268832447515
11.902589797973633,-36.43180239127492,-20.0,0.5563684638869018,0.07329548306763173,16.43180239127492
11.922585010528564,-36.42966096407764,-20.0,0.5986722719203681,0.07772297475486994,16.42966096407764
11.942696571350098,-36.403878352333614,-20.0,0.528672271920368,0.12296217743307353,16.403878352333614
11.962652444839478,-36.346140097984524,-20.0,0.5199558060150593,0.12059661553241313,16.346140097984524
11.982731342315674,-36.265411417289585,-20.0,0.5292624715249985,0.050596615532413125,16.265411417289585
12.002728939056396,-36.17084163229601,-20.0,0.5377510902937501,0.0,16.17084163229601
12.022802114486694,-36.0691504638328,-20.0,0.6077510902937502,0.0,16.0691504638328
12.042872190475464,-35.96519298175381,-20.0,0.5850769749190659,0.07,15.965192981753809
12.06283712387085,-35.86240115099594,-20.0,0.5679830314870924,0.0971923802793026,15.862401150995943
12.082721471786499,-35.76544437469099,-20.0,0.5866557045187801,0.1559561376273632,15.765444374690993
12.102773427963257,-35.677412146610415,-20.0,0.5440628139581531,0.14586342934519053,15.677412146610415
12.12274980545044,-35.60484785929896,-20.0,0.5811188502516598,0.15234078623354436,15.604847859298957
12.142779111862183,-35.54184569240091,-20.0,0.57720843677409,0.1602031622827053,15.541845692400912
12.162791013717651,-35.49950502745704,-20.0,0.5855948950443417,0.09020316228270531,15.49950502745704
12.18276047706604,-35.47031497296308,-20.0,0.5525809626374394,0.09044223991804756,15.470314972963081
12.20290493965149,-35.451028375849006,-20.0,0.48905019716359677,0.07093808581703342,15.451028375849006
12.222914457321167,-35.434496126420086,-20.0,0.5313464614842087,0.0677745865250472,15.434496126420086
12.242751359939575,-35.41799635056995,-20.0,0.5119232914689928,0.0825376316497568,15.41799635056995
12.262937545776367,-35.40195398007152,-20.0,0.5188019231241197,0.015547546703601256,15.401953980071518
12.282780647277832,-35.38665210934677,-20.0,0.5202592345699668,0.0,15.38665210934677
12.302781343460083,-35.372267854446754,-20.0,0.4665201897546649,0.02188732475042343,15.372267854446754
12.322761058807373,-35.358900053045915,-20.0,0.4267182457074523,0.0,15.358900053045915
12.342759132385254,-35.34890691541833,-20.0,0.46210187625139953,0.03178759664297104,15.348906915418333
12.362701416015625,-35.340230618193154,-20.0,0.4263649317249656,0.0,15.340230618193154
12.38271975517273,-35.338620834670024,-20.0,0.3563649317249656,0.03783656284213066,15.338620834670024
12.402736186981201,-35.34196173891085,-20.0,0.4224955102428794,0.0016900524497032166,15.341961738910847
12.422744989395142,-35.35096959287049,-20.0,0.4075246907770634,0.0,15.350969592870491
12.442745208740234,-35.36599254622418,-20.0,0.4775246907770634,0.014028089120984077,15.365992546224177
12.462897539138794,-35.38711388961582,-20.0,0.5475246907770634,0.05398101918399334,15.387113889615819
12.482730150222778,-35.41191440459054,-20.0,0.5953717382252217,0.07400630228221416,15.41191440459054
12.502668142318726,-35.44093313327385,-20.0,0.6227801499515773,0.13170387409627438,15.440933133273852
12.52273178100586,-35.47211696511605,-20.0,0.6422935818880797,0.179265970364213,15.47211696511605
12.543418884277344,-35.503982788655314,-20.0,0.6646991131454707,0.13693675212562084,15.503982788655314
12.562739849090576,-35.535482489883464,-20.0,0.6334459876269103,0.10117479600012302,15.535482489883464
12.582940340042114,-35.56283133471531,-20.0,0.647433793321252,0.12445245869457722,15.562831334715312
12.602701187133789,-35.587326335689944,-20.0,0.6456974022183568,0.11869168188422918,15.587326335689944
12.622762441635132,-35.60687720135299,-20.0,0.6735609028581531,0.11599436728283763,15.606877201352987
12.642743825912476,-35.61784601025448,-20.0,0.647796402135864,0.1580859194509685,15.617846010254482
12.662742853164673,-35.62024846064601,-20.0,0.6528021529410035,0.0880859194509685,15.62024846064601
12.682838916778564,-35.61432122169427,-20.0,0.690796381244436,0.0913444157410413,15.614321221694269
12.703267335891724,-35.6004482072473,-20.0,0.6877792812045664,0.09862197336740791,15.600448207247297
12.72276520729065,-35.58142183450198,-20.0,0.6734893870633096,0.08752432984299957,15.581421834501981
12.742798805236816,-35.55931747799207,-20.0,0.6209520426671953,0.15752432984299958,15.559317477992067
12.762762784957886,-35.53334142409414,-20.0,0.5805569839756937,0.1514353898819536,15.53334142409414
12.782756090164185,-35.505360761119796,-20.0,0.5538675104361028,0.08143538988195359,15.505360761119796
12.802763938903809,-35.481067235145225,-20.0,0.5710029871296138,0.05709479569457471,15.481067235145225
12.822757244110107,-35.45563290382693,-20.0,0.5311326206754894,0.0720439917128533,15.455632903826931
12.84280776977539,-35.43007651054787,-20.0,0.4931184024643154,0.002043991712853299,15.43007651054787
12.863064050674438,-35.40510887144992,-20.0,0.44464447806589313,0.0,15.405108871449919
12.882700443267822,-35.38352453704125,-20.0,0.44956446337513634,0.0,15.383524537041247
12.90263843536377,-35.36254268459747,-20.0,0.48765186863951393,0.028495192527770996,15.362542684597472
12.922621726989746,-35.34484862690905,-20.0,0.4434206438343973,0.046157993376255035,15.344848626909048
12.94266653060913,-35.33453722827785,-20.0,0.4203010135423393,0.03873387584462762,15.334537228277853
12.962640523910522,-35.33425813209576,-20.0,0.4742850781511516,0.0,15.334258132095762
12.982756614685059,-35.343270980446576,-20.0,0.5275130429398269,0.0,15.343270980446576
13.003429174423218,-35.360816647003276,-20.0,0.507709906352684,0.04217850789427757,15.360816647003276
13.022721290588379,-35.37605024266995,-20.0,0.5731836938392372,0.01362156867980957,15.376050242669947
13.042877197265625,-35.39936917265173,-20.0,0.5197463714610786,0.04854133352637291,15.399369172651731
13.063499927520752,-35.42768944965592,-20.0,0.55705846558325,0.02308187447488308,15.427689449655922
13.083412647247314,-35.45873718650874,-20.0,0.5487966322433204,0.0,15.458737186508742
13.102715492248535,-35.490861103776126,-20.0,0.5473141847504304,0.03343121334910393,15.490861103776126
13.122862577438354,-35.522885892466554,-20.0,0.5519980569696055,0.05260777100920677,15.522885892466554
13.142749071121216,-35.55399781848433,-20.0,0.6067729113018141,0.10437966510653496,15.553997818484333
13.16284704208374,-35.58365573645421,-20.0,0.5968732848158107,0.10146598983556032,15.583655736454212
13.182775259017944,-35.6115220976191,-20.0,0.5769675127556548,0.07419534865766764,15.611522097619101
13.202707529067993,-35.63740966350912,-20.0,0.5827640490932391,0.10571349877864122,15.637409663509118
13.222816467285156,-35.658924184803354,-20.0,0.5807521199202166,0.11774785351008177,15.658924184803354
13.24271297454834,-35.677603641482825,-20.0,0.5231912439083681,0.10460011567920446,15.677603641482825
13.262827157974243,-35.69305224319918,-20.0,0.5468008169298992,0.17003668751567602,15.693052243199183
13.282770872116089,-35.70353326196115,-20.0,0.5810206891363487,0.15399437304586172,15.703533261961148
13.302701950073242,-35.707971320623486,-20.0,0.5433002659445629,0.14268727879971266,15.707971320623486
13.322717666625977,-35.70577874484305,-20.0,0.613300265944563,0.13258134201169014,15.705778744843052
13.342971563339233,-35.69440574910697,-20.0,0.625978685184382,0.10733738727867603,15.69440574910697
13.36353850364685,-35.674639599386865,-20.0,0.6369421167438851,0.09376661945134401,15.674639599386865
13.382847309112549,-35.647248315897414,-20.0,0.637348655142123,0.09531561587937176,15.647248315897414
13.402759790420532,-35.61296631003609,-20.0,0.630908843126381,0.1260544911492616,15.612966310036093
13.422693729400635,-35.57480164192363,-20.0,0.5718877837026959,0.11830240278504789,15.574801641923628
13.442515134811401,-35.5372623264723,-20.0,0.5603739796171432,0.060343043645843863,15.537262326472302
13.46257209777832,-35.50466973437322,-20.0,0.5467428443918472,0.07503623305819929,15.504669734373223
13.482574701309204,-35.47053264473559,-20.0,0.5493534002418166,0.14405201165936887,15.470532644735592
13.502545595169067,-35.43622245671186,-20.0,0.56061059143045,0.07823005109094083,15.43622245671186
13.522575378417969,-35.40501262738186,-20.0,0.5042776679585224,0.08802566560916603,15.405012627381858
13.542637825012207,-35.3767787782471,-20.0,0.5311134355107789,0.03555388259701431,15.3767787782471
13.56264591217041,-35.35135608679537,-20.0,0.5487384004483467,0.06385193089954555,15.35135608679537
13.58255672454834,-35.330872330858156,-20.0,0.579205681566382,0.12155609647743404,15.330872330858156
13.602570056915283,-35.31435891006102,-20.0,0.6234393613378053,0.05155609647743403,15.314358910061017
13.62258529663086,-35.30335476386756,-20.0,0.5719376588205343,0.03057839448563754,15.30335476386756
13.64255690574646,-35.296467265073446,-20.0,0.577486512247706,0.04914267460815608,15.296467265073446
13.66255235671997,-35.29262062827838,-20.0,0.5555912638048177,0.03293761710636317,15.292620628278378
13.682982444763184,-35.2892808800036,-20.0,0.589366463009501,0.03494589270092546,15.289280880003602
13.703625917434692,-35.29040418577112,-20.0,0.6051466902683025,0.10345265508629381,15.290404185771123
13.722864389419556,-35.29459783690785,-20.0,0.6366718700120693,0.11421401106752455,15.294597836907847
13.742672204971313,-35.303129914689904,-20.0,0.5666718700120692,0.15761580371297895,15.303129914689904
13.76269006729126,-35.31445051669151,-20.0,0.5310705521295314,0.08761580371297895,15.314450516691508
13.78266167640686,-35.32740961976753,-20.0,0.5198198448086624,0.02060704016126691,15.32740961976753
13.803205490112305,-35.341165257831385,-20.0,0.51976380228356,0.028734126025810824,15.341165257831385
13.822753667831421,-35.35511162512584,-20.0,0.48948437637940523,0.006261206129565822,15.355111625125843
13.842923164367676,-35.368822914182005,-20.0,0.4974189224775183,0.0,15.368822914182005
13.862728595733643,-35.38200956292915,-20.0,0.4385945136781084,0.029655661433935165,15.382009562929149
13.882829427719116,-35.39448427406076,-20.0,0.5035040388937342,0.0,15.394484274060758
13.902737617492676,-35.40531513675972,-20.0,0.5735040388937342,0.007684416603296995,15.405315136759718
13.922727108001709,-35.41553934909458,-20.0,0.5528081998165,0.0,15.41553934909458
13.943286895751953,-35.4250727359319,-20.0,0.55490984143049,0.02719161845743656,15.425072735931899
13.962673664093018,-35.43619138558845,-20.0,0.49983433381945375,0.04105039872229099,15.436191385588451
13.982705116271973,-35.448118096937264,-20.0,0.42983433381945374,0.0830592755228281,15.448118096937264
14.002695322036743,-35.46260809299337,-20.0,0.3882700257125545,0.06638342887163162,15.46260809299337
14.022715330123901,-35.478496614124175,-20.0,0.39794299529225113,0.03734666667878628,15.478496614124175
14.04276967048645,-35.49725413119349,-20.0,0.38077768274873974,0.0,15.497254131193493
14.062773704528809,-35.515193696227335,-20.0,0.3829795265226859,0.0,15.515193696227335
14.082725763320923,-35.53440868054242,-20.0,0.39513518043153467,0.04992708936333656,15.53440868054242
14.102925062179565,-35.554003137253694,-20.0,0.4651351804315347,0.0027470476925373077,15.554003137253694
14.12279224395752,-35.571015544840655,-20.0,0.49485818393819514,0.029086187481880188,15.571015544840655
14.142666339874268,-35.590431712936876,-20.0,0.49915566951327506,0.03896957077085972,15.590431712936876
14.162760972976685,-35.611005774981784,-20.0,0.47565936208062354,0.0659285057336092,15.611005774981784
14.182722806930542,-35.63184186027828,-20.0,0.5002683857857484,0.1359285057336092,15.631841860278278
14.202712535858154,-35.652310808981916,-20.0,0.47516487263434115,0.16796990640461446,15.652310808981916
14.22278642654419,-35.67198529482644,-20.0,0.5006304560630817,0.10331465460360051,15.671985294826442
14.24283242225647,-35.6905894433365,-20.0,0.48451889217190924,0.07323529727756978,15.6905894433365
14.262795209884644,-35.70795984612849,-20.0,0.43762278840236846,0.14323529727756978,15.707959846128489
14.282764434814453,-35.72169917009106,-20.0,0.5076227884023685,0.18434448666870595,15.721699170091057
14.302770376205444,-35.73023797126969,-20.0,0.5677740226715107,0.15385715045034887,15.730237971269688
14.322712182998657,-35.73262320384095,-20.0,0.5534776809840698,0.09666330121457578,15.732623203840951
14.342705965042114,-35.734694123657206,-20.0,0.5565068342007,0.026663301214575774,15.734694123657206
14.36265778541565,-35.73015310293624,-20.0,0.5381814476317961,0.09666330121457578,15.730153102936242
14.382611513137817,-35.714190191613234,-20.0,0.5228841399989326,0.10788334380835296,15.714190191613234
14.402758836746216,-35.67218377482064,-20.0,0.557220751627465,0.1349397509917617,15.672183774820638
14.422664403915405,-35.60392973124633,-20.0,0.5213812722108562,0.16131718304008247,15.603929731246332
14.442646503448486,-35.519243427974466,-20.0,0.5630574954889018,0.1985754616186023,15.519243427974466
14.462613105773926,-35.42537549730409,-20.0,0.5904928913555343,0.195956122931093,15.425375497304088
14.482577323913574,-35.32760406731341,-20.0,0.6352411827287872,0.2316979997418821,15.327604067313409
14.502676963806152,-35.22969809875587,-20.0,0.6689551269850929,0.28805223559960724,15.229698098755868
14.522603273391724,-35.13427898374296,-20.0,0.6824658831796844,0.2475254729948938,15.13427898374296
14.542712211608887,-35.04078560107635,-20.0,0.6817450177372668,0.23395650541409851,15.040785601076351
14.56262469291687,-34.95961225924579,-20.0,0.6882176737749253,0.2227831835485995,14.959612259245787
14.582664966583252,-34.87598433856899,-20.0,0.6682584046834383,0.21791264262050392,14.87598433856899
14.602658033370972,-34.776641083849555,-20.0,0.7,0.19037067364901306,14.776641083849555
14.622615814208984,-34.63888792156185,-20.0,0.6905942901968956,0.2314765289053321,14.638887921561853
14.642590284347534,-34.450290282299314,-20.0,0.673612068220973,0.2769312917813659,14.450290282299314
14.662633180618286,-34.22208214302127,-20.0,0.6683525944128632,0.24522603522986175,14.222082143021268
14.682581424713135,-33.97237572707444,-20.0,0.7,0.17522603522986174,13.972375727074443
14.702590942382812,-33.71431801504576,-20.0,0.6957093666307628,0.22475547593086959,13.714318015045762
14.722579956054688,-33.45726073981931,-20.0,0.6927014738786965,0.2324115165323019,13.457260739819311
14.742635488510132,-33.2076730655903,-20.0,0.6586829275358468,0.25474362790584565,13.2076730655903
14.76263952255249,-32.969851486633935,-20.0,0.6055537090171128,0.20903240486979485,12.969851486633935
14.782602548599243,-32.763368719910765,-20.0,0.652558058546856,0.19623485643416644,12.763368719910765
14.802605628967285,-32.567196559754485,-20.0,0.6232162844855338,0.15477857429534198,12.567196559754485
14.822522401809692,-32.38335604152824,-20.0,0.5944203734863549,0.19766889203339816,12.383356041528238
14.842649459838867,-32.2129259377205,-20.0,0.6227300037164241,0.1706460776552558,12.212925937720499
14.862608432769775,-32.05630211253754,-20.0,0.6319806715939194,0.20565211277455092,12.056302112537537
14.882616519927979,-31.915712010585775,-20.0,0.6850402905140072,0.18606540251523257,11.915712010585775
14.902709007263184,-31.789963856130075,-20.0,0.6945451619569212,0.19998460046947003,11.789963856130075
14.922622203826904,-31.680155055208626,-20.0,0.6808141703251749,0.18764872539788485,11.680155055208626
14.942603826522827,-31.584311416520656,-20.0,0.7,0.14466275338083506,11.584311416520656
14.962594747543335,-31.500693655066556,-20.0,0.7,0.11856480564922095,11.500693655066556
14.982765674591064,-31.430087833920705,-20.0,0.6886005641892552,0.12652035214006901,11.430087833920705
15.002841234207153,-31.368786057349656,-20.0,0.7,0.10746709227561951,11.368786057349656
15.022804737091064,-31.317156893191132,-20.0,0.6830355606973171,0.11743760451674462,11.317156893191132
15.04275894165039,-31.27360681740886,-20.0,0.6823629826423712,0.12299985175952316,11.273606817408862
15.062831163406372,-31.23913242396886,-20.0,0.6897394187864847,0.10223437955603004,11.239132423968861
15.08289885520935,-31.214186738887676,-20.0,0.7,0.12016091233119369,11.214186738887676
15.102739810943604,-31.208098689408576,-20.0,0.6920650254935026,0.12899881338700653,11.208098689408576
15.122661590576172,-31.226850974797898,-20.0,0.7,0.13361371744424105,11.226850974797898
15.14270830154419,-31.273944396468156,-20.0,0.6789960999041795,0.16964967984706164,11.273944396468156
15.162706851959229,-31.344114570664075,-20.0,0.6871937502175569,0.16693371364846826,11.344114570664075
15.182883977890015,-31.433096774118628,-20.0,0.7,0.20634987408295274,11.433096774118628
15.202710151672363,-31.535116676415992,-20.0,0.6733834043145179,0.23505752177909017,11.535116676415992
15.222768783569336,-31.623692960282362,-20.0,0.7,0.21089414523914457,11.623692960282362
15.242709875106812,-31.72040777654273,-20.0,0.7,0.15716189907863737,11.720407776542729
15.26282286643982,-31.82022654938463,-20.0,0.6971324803773313,0.16449174162000418,11.820226549384628
15.282658815383911,-31.914937860386456,-20.0,0.670700659090653,0.1640600017493125,11.914937860386456
15.302789688110352,-32.00128917374964,-20.0,0.6335606137756258,0.21086613975814544,12.00128917374964
15.322660207748413,-32.07724166862656,-20.0,0.7,0.19930921450606548,12.077241668626563
15.34258508682251,-32.14165327972286,-20.0,0.7,0.2425196501647588,12.14165327972286
15.362884283065796,-32.198667605775235,-20.0,0.7,0.1902176137303468,12.198667605775235
15.382650375366211,-32.24672496784826,-20.0,0.6555823616683483,0.17849032070836984,12.246724967848259
15.402713537216187,-32.287294451402374,-20.0,0.6996664077043533,0.10849032070836984,12.287294451402374
15.422627687454224,-32.32159379668382,-20.0,0.7,0.09420094997039996,12.321593796683821
15.442680835723877,-32.35137336396105,-20.0,0.6940556231886148,0.141347575787222,12.351373363961052
15.462719202041626,-32.374173103592774,-20.0,0.6240556231886147,0.21134757578722202,12.374173103592774
15.482763528823853,-32.39152390685658,-20.0,0.693146250322461,0.141347575787222,12.391523906856577
15.502665996551514,-32.40463270700569,-20.0,0.6257960192114114,0.10572905451408587,12.404632707005689
15.522635698318481,-32.416765961877616,-20.0,0.6282783356681465,0.0836605446820613,12.416765961877616
15.54267954826355,-32.42790185145326,-20.0,0.5891036038473247,0.09219956290326081,12.427901851453257
15.562681198120117,-32.438051505430884,-20.0,0.5278073941543697,0.04500200864276849,12.438051505430884
15.582626819610596,-32.449564994499625,-20.0,0.5557845254614948,0.035413053672527894,12.449564994499625
15.602696180343628,-32.46403868802852,-20.0,0.5735298955067991,0.026699248555814847,12.464038688028523
15.622745990753174,-32.482503377058265,-20.0,0.5877702302485703,0.0,12.482503377058265
15.642622709274292,-32.50556984660555,-20.0,0.5559041529148816,0.009921166114509106,12.505569846605553
15.662557363510132,-32.53354105655022,-20.0,0.5389585933834313,0.033223395235836506,12.53354105655022
15.682576417922974,-32.55782637516308,-20.0,0.49033553443849076,0.04387506563216448,12.557826375163081
15.702605247497559,-32.587583306635565,-20.0,0.5294193952530621,0.0,12.587583306635565
15.72267198562622,-32.62498916869417,-20.0,0.5994193952530622,0.0,12.62498916869417
15.742696046829224,-32.68062008919432,-20.0,0.5675586488097906,0.0,12.68062008919432
15.762531518936157,-32.76134172003743,-20.0,0.5625103058293461,0.0,12.761341720037429
15.782577514648438,-32.86199615329686,-20.0,0.6034120151773095,0.006079640239477158,12.861996153296857
15.802607297897339,-32.97615913211884,-20.0,0.5879835298284888,0.0,12.976159132118838
15.822522163391113,-33.11059421758542,-20.0,0.5888739962130785,0.03736754134297371,13.110594217585422
15.842612028121948,-33.28104671803122,-20.0,0.5817509287036955,0.05144614912569523,13.28104671803122
15.862658262252808,-33.492871085097065,-20.0,0.6060830646194517,0.10244579426944256,13.492871085097065
15.882654905319214,-33.73711432450901,-20.0,0.559732358250767,0.08098251186311245,13.737114324509008
15.902740955352783,-33.94917254079248,-20.0,0.5676319424994289,0.08564456505700946,13.949172540792482
15.92255687713623,-34.18155243090714,-20.0,0.5993551139719784,0.10284180706366897,14.18155243090714
15.94264030456543,-34.42192301055219,-20.0,0.6009891607565805,0.12095494521781802,14.421923010552192
15.962601900100708,-34.65919247755395,-20.0,0.6084501465549692,0.14119605859741569,14.659192477553951
15.982649326324463,-34.8880547608233,-20.0,0.6122068114811554,0.20469385525211692,14.888054760823302
16.002760887145996,-35.102729589598184,-20.0,0.6221027350286021,0.15883428743109107,15.102729589598184
16.022696256637573,-35.29957600981212,-20.0,0.5915983760962262,0.148419504519552,15.299576009812121
16.042750358581543,-35.47653495185582,-20.0,0.5542423570761457,0.1396212805993855,15.476534951855818
16.062827110290527,-35.62806766249098,-20.0,0.6164097668835893,0.12278646836057305,15.628067662490977
16.082983016967773,-35.74173174543033,-20.0,0.57895827984903,0.16253581503406167,15.741731745430329
16.103132009506226,-35.840417804220124,-20.0,0.5746525665046647,0.11190501833334565,15.840417804220124
16.123002767562866,-35.895564735248726,-20.0,0.5571380974026396,0.041905018333345645,15.895564735248726
16.142855882644653,-35.909751456569204,-20.0,0.5642549185315147,0.03386713268235325,15.909751456569204
16.1629798412323,-35.89511412849058,-20.0,0.5296566238859668,0.07293562667444348,15.895114128490583
16.182920932769775,-35.86084194515739,-20.0,0.4929122863570228,0.0585349610261619,15.86084194515739
16.20304799079895,-35.81383501546783,-20.0,0.49496231942903246,0.08007268032059073,15.81383501546783
16.223102569580078,-35.76153799096418,-20.0,0.445283204014413,0.14963527938351034,15.761537990964179
16.24309253692627,-35.706944852681055,-20.0,0.5152832040144131,0.07963527938351034,15.706944852681055
16.262980461120605,-35.654512023156705,-20.0,0.5460591440601275,0.06780054247006773,15.654512023156705
16.283219575881958,-35.607277911543754,-20.0,0.5411391005432233,0.08571395849809049,15.607277911543754
16.302883625030518,-35.56721592570446,-20.0,0.47113910054322333,0.0814334993623197,15.56721592570446
16.322917938232422,-35.53243308676771,-20.0,0.4399287543958053,0.05580981647595762,15.53243308676771
16.343015909194946,-35.502992038600546,-20.0,0.4565180346136913,0.0,15.502992038600546
16.362830638885498,-35.47803720943276,-20.0,0.5265180346136913,0.0,15.478037209432763
16.382949590682983,-35.45685610203554,-20.0,0.5114818633114919,0.0,15.456856102035538
16.402942657470703,-35.441170721828705,-20.0,0.5093236638745293,0.013051969930529594,15.441170721828705
16.42289423942566,-35.43203230076234,-20.0,0.4921483358880505,0.03452002815902233,15.432032300762337
16.443151235580444,-35.4299984595585,-20.0,0.45339653627481313,0.060341671109199524,15.429998459558497
16.463051557540894,-35.435269270207804,-20.0,0.45037751212250443,0.005129531025886536,15.435269270207804
16.483139276504517,-35.44779118547501,-20.0,0.38925705790054055,0.042314860969781876,15.447791185475012
16.502606868743896,-35.46733591040686,-20.0,0.44806131660472603,0.06018957309424877,15.46733591040686
16.52308702468872,-35.49124344231097,-20.0,0.41080510183703156,0.12731229327619076,15.491243442310967
16.54297709465027,-35.51200057189838,-20.0,0.41688077045138927,0.10949612222611904,15.512000571898383
16.563068866729736,-35.53557308393507,-20.0,0.46772839394863697,0.039496122226119035,15.53557308393507
16.58301830291748,-35.56047985445949,-20.0,0.5096522670751438,0.03448310291394591,15.560479854459487
16.603044033050537,-35.587973307604486,-20.0,0.49165471536573024,0.03766255646012723,15.587973307604486
16.62309217453003,-35.61422248474252,-20.0,0.4820951790129766,0.013469442790374153,15.61422248474252
16.643049716949463,-35.63891561784817,-20.0,0.4937053340068087,0.01856352162547409,15.63891561784817
16.662993669509888,-35.661877168328985,-20.0,0.49779857355635615,0.08261714649386703,15.661877168328985
16.682940006256104,-35.680714498106795,-20.0,0.5434117767540738,0.10989444104023277,15.680714498106795
16.70304822921753,-35.69850711717522,-20.0,0.5200867786584422,0.1339837643969804,15.698507117175218
16.72294545173645,-35.71278882996579,-20.0,0.4500867786584422,0.07077996020205318,15.712788829965788
16.743039846420288,-35.72425554295857,-20.0,0.43524348239880056,0.07970039785839617,15.724255542958574
16.762973070144653,-35.733464808192856,-20.0,0.42770814632531257,0.10903652996756136,15.733464808192856
16.783081531524658,-35.74146052739296,-20.0,0.48192195703741164,0.0912653995398432,15.74146052739296
16.802971363067627,-35.74548912466263,-20.0,0.5123997546499595,0.05404058151878416,15.745489124662633
16.8231201171875,-35.74433971535876,-20.0,0.44239975464995945,0.04025388655252754,15.744339715358763
16.842880249023438,-35.73962405660863,-20.0,0.4564655353268608,0.044049750613048666,15.739624056608633
16.86286234855652,-35.73255563148792,-20.0,0.41896055312361563,0.02839095664210617,15.73255563148792
16.88286519050598,-35.724039308494774,-20.0,0.43497355700936163,0.010368646653369062,15.724039308494774
16.903077363967896,-35.71474175076976,-20.0,0.5049735570093616,0.023875448452308767,15.714741750769761
16.9230055809021,-35.70514659883874,-20.0,0.5127456762595102,0.011617992604151361,15.705146598838738
16.94279384613037,-35.695597623007366,-20.0,0.514779267529957,0.05430947297252714,15.695597623007366
16.96297597885132,-35.688648730518594,-20.0,0.45251734338235106,0.014697596961632364,15.688648730518594
16.983103275299072,-35.68368894234616,-20.0,0.5036003195447847,0.0,15.683688942346159
17.00321865081787,-35.679382727625445,-20.0,0.4899922233773395,0.0005347076803445816,15.679382727625445
17.02282953262329,-35.67650269622201,-20.0,0.4895081902388483,0.038441380485892296,15.676502696222009
17.043506860733032,-35.67468916675484,-20.0,0.4895081902388483,0.038441380485892296,15.674689166754838
17.062698125839233,-35.67598055211637,-20.0,0.47143320092000063,0.0646080244332552,15.675980552116371
17.083414793014526,-35.67939451621511,-20.0,0.4893047446850687,0.1346080244332552,15.679394516215112
17.10263752937317,-35.68650915537823,-20.0,0.5326314615551382,0.06889126606285573,15.686509155378232
17.12268042564392,-35.696006705440965,-20.0,0.593053930485621,0.0,15.696006705440965
17.14266562461853,-35.70690907184617,-20.0,0.6037092553917318,0.01787375845015049,15.70690907184617
17.163382053375244,-35.7184998654752,-20.0,0.6046213656547479,0.06911595724523067,15.718499865475202
17.183363437652588,-35.72794700495912,-20.0,0.5677979290368966,0.03516985662281513,15.72794700495912
17.203426361083984,-35.735656225878515,-20.0,0.5705663883010856,0.0,15.735656225878515
17.223483324050903,-35.742349568306494,-20.0,0.5374307618360035,0.0,15.742349568306494
17.243447303771973,-35.74776647766964,-20.0,0.5551145081291906,0.0,15.747766477669643
17.262712955474854,-35.752154039541416,-20.0,0.5542684468557126,0.0,15.752154039541416
17.283512830734253,-35.7557110030682,-20.0,0.5425122409244068,0.058938249945640564,15.7557110030682
17.303417921066284,-35.7585973058477,-20.0,0.48778894460992883,0.11499525234103203,15.758597305847701
17.322762966156006,-35.76325806068139,-20.0,0.4450085266609676,0.11245404882356524,15.763258060681387
17.342761516571045,-35.78755926615174,-20.0,0.49400430090026926,0.11290327843744308,15.787559266151739
17.363481521606445,-35.841076325072656,-20.0,0.4777254677494056,0.09630543377716094,15.841076325072656
17.38358211517334,-35.91810840366537,-20.0,0.47420910034561525,0.04356875654775649,15.918108403665371
17.40352773666382,-36.00944338236766,-20.0,0.4903784807422198,0.07549678173381835,16.009443382367657
17.423477172851562,-36.10598940376216,-20.0,0.5603784807422199,0.14342559513170272,16.10598940376216
17.442779064178467,-36.189813124473844,-20.0,0.5387426112242975,0.16180376161355525,16.189813124473844
17.462807416915894,-36.27407199962674,-20.0,0.5244093863689341,0.2302676384570077,16.27407199962674
17.48276376724243,-36.35409614274939,-20.0,0.5504292929940857,0.3002676384570077,16.35409614274939
17.503481149673462,-36.424437199940506,-20.0,0.551753403309267,0.2302676384570077,16.424437199940506
17.522656202316284,-36.481566047932894,-20.0,0.5824891865882091,0.17740229342598468,16.481566047932894
17.54270100593567,-36.5117978927368,-20.0,0.6524891865882092,0.10740229342598467,16.5117978927368
17.562581777572632,-36.49243832348372,-20.0,0.661267998951953,0.09223701473791152,16.492438323483718
17.582632780075073,-36.39744948265609,-20.0,0.6542652396927588,0.1315267164679244,16.397449482656093
17.602579593658447,-36.20842283744725,-20.0,0.623850874460768,0.14894448820967227,16.20842283744725
17.622570037841797,-35.940530366586614,-20.0,0.6751288732956164,0.14512178459670394,15.940530366586614
17.643332481384277,-35.70793928376584,-20.0,0.6549313663016074,0.1265920062502846,15.707939283765839
17.662590265274048,-35.42297799819979,-20.0,0.6160166671941989,0.0976028644433245,15.42297799819979
17.68255043029785,-35.109151519361276,-20.0,0.6231514707650059,0.10774797824677079,15.109151519361276
17.702590227127075,-34.78354670582081,-20.0,0.6210731101199054,0.14301970107015222,14.783546705820811
17.722584009170532,-34.45834217182543,-20.0,0.6348361494927668,0.1433540815557353,14.458342171825429
17.742565870285034,-34.144302743193634,-20.0,0.5914525139122271,0.15072278632549568,14.144302743193634
17.762566089630127,-33.84861120205154,-20.0,0.5815808205842041,0.13722036639926954,13.848611202051544
17.782584190368652,-33.573456663551134,-20.0,0.5885815164982342,0.16228033090708777,13.573456663551134
17.80328345298767,-33.32676743795475,-20.0,0.5789865992008709,0.09228033090708776,13.32676743795475
17.823273181915283,-33.117932870244644,-20.0,0.555617499256041,0.08579689061967655,13.117932870244644
17.842575550079346,-32.94552791590949,-20.0,0.545987737455871,0.05908986723748966,12.945527915909487
17.862560510635376,-32.80296997216857,-20.0,0.572209962734487,0.01699676907388492,12.802969972168569
17.88259482383728,-32.67919752573557,-20.0,0.5513365930854344,0.0,12.679197525735567
17.903294563293457,-32.57975422722226,-20.0,0.5599529213248753,0.0,12.57975422722226
17.922601461410522,-32.50446299234571,-20.0,0.5989136612950825,0.0,12.504462992345708
17.94261598587036,-32.46414603717901,-20.0,0.5621544263302349,0.0,12.464146037179013
17.963293075561523,-32.46771486581951,-20.0,0.632154426330235,0.058114226907491684,12.46771486581951
17.983376026153564,-32.520202629400536,-20.0,0.5816737103997731,0.09261264279484749,12.520202629400536
18.002593755722046,-32.628448699010455,-19.99999959939976,0.5731462033255958,0.12504113465547562,12.628449099610695
18.02254366874695,-32.795734063694844,-19.999989216271366,0.5409377308352852,0.09326466917991638,12.795744847423478
18.042737007141113,-33.02046531178596,-19.999950225449496,0.5313592206477189,0.038970038294792175,13.020515086336466
18.062581539154053,-33.28612362207152,-19.999863829898352,0.5163233063905501,0.029129864647984505,13.286259792173169
18.082544565200806,-33.5732076720655,-19.999711461590493,0.5380140308081174,0.08581514470279217,13.573496210475007
18.1025972366333,-33.822461373874134,-19.99947478058061,0.5468166673346424,0.05390707217156887,13.822986593293525
18.12341570854187,-34.08401597947384,-19.999135674079298,0.5261097827716732,0.07137977704405785,14.084880305394542
18.142635107040405,-34.34953765629805,-19.99867625552685,0.5719198675616646,0.027579274028539658,14.350861400771198
18.16257667541504,-34.608500639472076,-19.99807886366702,0.5984309350862169,0.04541667550802231,14.610421775805058
18.182566165924072,-34.85608314051464,-19.9973260616208,0.5861918598203921,0.0793038159608841,14.858757078893841
18.202558755874634,-35.08923597093077,-19.996400635960224,0.6425607993989253,0.05743672326207161,15.092835334970548
18.222583293914795,-35.306221516516146,-19.99528559578211,0.6546357458247805,0.06505315378308296,15.310935920734035
18.242653131484985,-35.50625895153233,-19.99396417178186,0.6579407016071492,0.05848744651302695,15.51229477975047
18.26260471343994,-35.689252595359555,-19.99241981532724,0.5879407016071492,0.0879228520207107,15.696832780032317
18.282621145248413,-35.85558517741829,-19.990636197532133,0.5776689055818134,0.09395408211275935,15.864948979886158
18.30256152153015,-36.00596163458484,-19.988597208330358,0.5733835858735257,0.08147097425535321,16.017364426254485
18.322537183761597,-36.13652231399012,-19.98628695554941,0.5978626286122017,0.11978612141683698,16.15023535844071
18.342646598815918,-36.25464823942276,-19.98368976398426,0.5764827517303639,0.17232045577839017,16.270958475438498
18.362627029418945,-36.3610240319419,-19.980790174471128,0.5944285815092736,0.14545603515580297,16.380233857470774
18.382527351379395,-36.45411854135417,-19.97757294296126,0.6255199679615908,0.1031019282527268,16.47654559839291
18.402584552764893,-36.53321828751279,-19.974023039594698,0.5972926815482789,0.10739573836326599,16.55919524791809
18.42356038093567,-36.59819653157292,-19.97012564777408,0.6451063690218144,0.10370202478952706,16.628070883798838
18.443458080291748,-36.64470471773304,-19.965866163238392,0.5751063690218143,0.10985386767424643,16.67883855449465
18.46335196495056,-36.667892852586036,-19.961230193136767,0.5485938449087553,0.1482544841710478,16.706662659449268
18.48266053199768,-36.665006823124685,-19.956203555102256,0.5360721970605664,0.10450510331429541,16.70880326802243
18.5034236907959,-36.64640259861714,-19.950772276325594,0.5158252070355229,0.17450510331429542,16.695630322291542
18.522554397583008,-36.61505478779081,-19.944922592629,0.5245888686436229,0.22572583326138557,16.670132195161813
18.54341983795166,-36.587837818083784,-19.93864094753994,0.5945888686436229,0.23130752000026406,16.649196870543843
18.563279390335083,-36.55205123160554,-19.93191399136491,0.5846289799991065,0.21424247737042607,16.620137240240627
18.58260464668274,-36.51357185683725,-19.924728580263217,0.6240340129914694,0.14424247737042606,16.588843276574035
18.602534294128418,-36.47191989578383,-19.917071775320743,0.5796774247172289,0.12772956187836826,16.554848120463085
18.62324070930481,-36.41526396290363,-19.908930841623746,0.6194000424328261,0.10746328230015934,16.506333121279884
18.642564058303833,-36.32651624514599,-19.90029324733262,0.6830703200283461,0.13671395811252296,16.42622299781337
18.662543296813965,-36.19697000572543,-19.89114666275568,0.6301617579045706,0.16741423192434013,16.305823342969752
18.682532787322998,-36.03323469683011,-19.881478959422942,0.6210296622919851,0.09741423192434012,16.151755737407164
18.703166007995605,-35.852383904284096,-19.871278209159893,0.6310357240471058,0.0824779952596873,15.981105695124203
18.72256302833557,-35.66441133525396,-19.860532683161278,0.6108582386258059,0.0694521954935044,15.803878652092681
18.742530822753906,-35.47644611677304,-19.849230851064878,0.6277527225646191,0.0757725774962455,15.627215265708163
18.763283014297485,-35.31324991510799,-19.83736138002527,0.6044144195946866,0.12067083043046295,15.475888535082717
18.783267736434937,-35.15406504640457,-19.824913133787646,0.6397895862790757,0.15596660000272095,15.329151912616922
18.803242444992065,-35.001861671356814,-19.811875171761542,0.6753297237190419,0.1607435965631157,15.189986499595271
18.82320499420166,-34.86083515700241,-19.79823674809465,0.643271689626854,0.10609240324236452,15.062598408907764
18.8432559967041,-34.7336049581852,-19.78398731074658,0.6090905529889279,0.051007213601842516,14.949617647438618
18.863238096237183,-34.61931054844939,-19.769116500562646,0.631874678048771,0.049598100194707506,14.850194047886745
18.883208751678467,-34.51701330161673,-19.753614150347648,0.6269219353306108,0.0719607086572796,14.76339915126908
18.90271759033203,-34.42574508236373,-19.737470283939633,0.6196974332886749,0.04489867256022989,14.6882747984241
18.923578023910522,-34.34454277399588,-19.720675115283694,0.631583257901948,0.0958973938319832,14.62386765871219
18.942775011062622,-34.2747884765824,-19.703219047505726,0.6319730058347341,0.10328731738962232,14.571569429076675
18.963163137435913,-34.21945680674843,-19.685092671986233,0.618415591310477,0.1129375282395631,14.5343641347622
18.983277082443237,-34.17141643831397,-19.666286767434073,0.605673691261327,0.15444731672294437,14.505129670879896
19.003132343292236,-34.14084024183655,-19.64679229896026,0.6019728006829974,0.1480869614239782,14.49404794287629
19.022595405578613,-34.134781890169265,-19.62660041715174,0.5872843256255147,0.1544785486254841,14.508181473017526
19.043365955352783,-34.15054551695239,-19.60570245714515,0.5881822412519251,0.09240934864617883,14.544843059807242
19.063273906707764,-34.18105081409219,-19.584089937700625,0.5633903244195972,0.09004964406602084,14.596960876391563
19.08314824104309,-34.22099142302793,-19.561754560275553,0.564559333670186,0.03176057810895144,14.65923686275238
19.103275775909424,-34.26411663625136,-19.53868820809836,0.5519231862307061,0.020806098422035568,14.725428428152998
19.123188972473145,-34.306000904777356,-19.514882945242295,0.520172060179757,0.005833368813619011,14.791117959535061
19.143223524093628,-34.345919381960925,-19.490331015699198,0.47913678799872295,0.0,14.855588366261728
19.16313648223877,-34.38342041173334,-19.465024842453285,0.5297428822994699,0.0,14.918395569280055
19.183433294296265,-34.41825399420013,-19.438957026554924,0.45974288229946986,0.0,14.979296967645205
19.202780723571777,-34.44849739984138,-19.412120346194413,0.4773465404391755,0.015628047287464142,15.036377053646966
19.223289966583252,-34.47889122963138,-19.384507755775754,0.5189940640807618,0.0,15.094383473855626
19.243041276931763,-34.5109048630197,-19.356112384990446,0.516681754506426,0.0,15.15479247802925
19.263142585754395,-34.54783256054128,-19.326927537891237,0.5378871276148129,0.0195318516343832,15.220905022650044
19.28313946723938,-34.58951659335613,-19.296946691965932,0.5563359013863374,0.009764152579009533,15.292569901390198
19.303142309188843,-34.64035474955654,-19.266163497211146,0.5676461556099821,0.0,15.374191252345398
19.323076248168945,-34.71010943496776,-19.234571775206103,0.5914609008573462,0.02731643058359623,15.47553765976166
19.343284130096436,-34.80274653437487,-19.202165518186394,0.5954807535849977,0.029579096473753452,15.600581016188475
19.36351180076599,-34.918101262043315,-19.168938888117772,0.5542796352051664,0.08438945654779673,15.749162373925543
19.38316512107849,-35.048511396095876,-19.134886215769917,0.5057554491900373,0.15438945654779673,15.913625180325958
19.403351306915283,-35.18594177548494,-19.100001999790233,0.4655423597537447,0.22438945654779674,16.08593977569471
19.423288822174072,-35.30526233963474,-19.064280905777597,0.49274765561451206,0.1604232344403863,16.24098143385714
19.443204402923584,-35.4282234770089,-19.027717765356165,0.4826734406047035,0.12826543707400562,16.400505711652734
19.463231563568115,-35.55047265756857,-18.990307575249137,0.5526734406047036,0.05826543707400561,16.560165082319433
19.483202934265137,-35.66900546269589,-18.952045496352532,0.585748896180885,0.09707084361463786,16.71695996634336
19.503186464309692,-35.77720033054183,-18.91292685280898,0.604889109908836,0.11268854763358832,16.86427347773285
19.523229598999023,-35.87073050910205,-18.87294713108148,0.5874489286832978,0.18268854763358833,16.99778337802057
19.543234825134277,-35.9446608593746,-18.832101979027204,0.5356519931845833,0.18446086031384767,17.112558880347397
19.562490701675415,-35.9914473856381,-18.790387204971246,0.571116797804134,0.11446086031384767,17.20106018066685
19.583163261413574,-36.015830941072956,-18.74779877678042,0.5605727780528833,0.07614342209883035,17.268032164292535
19.60329294204712,-36.021694857411994,-18.70433282093704,0.5130003478296568,0.08971477293409408,17.317362036474954
19.62320637702942,-36.00527545972883,-18.659985621612684,0.5381628062494566,0.1535940840188414,17.345289838116145
19.64324426651001,-35.99101971945318,-18.614753619741972,0.5421015603386332,0.18705400072969497,17.376266099711206
19.663224935531616,-35.94753595362529,-18.56863341209637,0.5420467566981098,0.16864956536330283,17.37890254152892
19.683116912841797,-35.88489698341687,-18.521621750357934,0.5033036705388805,0.1115284971240908,17.36327523305894
19.70326542854309,-35.810604026614364,-18.47371554019311,0.5364201378359577,0.10737039142288268,17.336888486421255
19.722602605819702,-35.73017442183419,-18.4249118403265,0.5243546573727509,0.16033355885185302,17.30526258150769
19.743216276168823,-35.64760213518275,-18.37520786161466,0.5069916101454874,0.125879712337628,17.272394273568093
19.763275623321533,-35.5657177674886,-18.324600966119842,0.4871502334534308,0.05587971233762801,17.241116801368758
19.78296947479248,-35.48646926864713,-18.273088666183817,0.4876284229502199,0.009112999076023698,17.21338060246331
19.803112745285034,-35.411140178480935,-18.220668623501613,0.46829913770110587,0.05219322466291487,17.19047155497932
19.823148250579834,-35.340518723026214,-18.167338648195322,0.47635042694659213,0.02848577336408198,17.173180074830892
19.84323239326477,-35.275028319445504,-18.113096697887862,0.45550417554826717,0.055733621353283525,17.161931621557642
19.86258840560913,-35.218167879007325,-18.057940876776755,0.4535658962957678,0.11254565441049635,17.16022700223057
19.883129835128784,-35.167776498664246,-18.001869434707917,0.5000355027549086,0.11449754284694791,17.16590706395633
19.90304970741272,-35.127839156474714,-17.944880766249426,0.5172059096329031,0.11556990770623088,17.182958390225288
19.923128366470337,-35.09853187704306,-17.886973409765307,0.4986652310870705,0.09288916131481528,17.21155846727775
19.943087577819824,-35.07738042135497,-17.8281460464893,0.49889155356126147,0.11738873040303588,17.249234374865665
19.963099241256714,-35.06245128555613,-17.76839749959865,0.548775518964103,0.13739518029615283,17.29405378595748
19.983095407485962,-35.054553855222295,-17.70772673328787,0.6110438506110223,0.11660722969099879,17.346827121934425
20.00313401222229,-35.051748645796025,-17.64613285184255,0.5669705334110768,0.13192683132365346,17.405615793953473
20.023244857788086,-35.050237976244,-17.58361509871309,0.5340576979322942,0.10227792942896485,17.46662287753091
20.0432231426239,-35.05198263036767,-17.520172855588513,0.5101264013900073,0.12604113528504968,17.531809774779155
20.063185453414917,-35.053626040335196,-17.45580564147023,0.47313241353171187,0.10594447003677487,17.597820398864965
20.083113193511963,-35.05505289082725,-17.39051311174583,0.4683720331630321,0.144388307351619,17.66453977908142
20.10314702987671,-35.05639464422505,-17.32429505726283,0.5116176541885944,0.09271191852167249,17.73209958696222
20.123167037963867,-35.05764192907871,-17.257151403402485,0.5184691512948485,0.08179004257544875,17.800490525676228
20.143192768096924,-35.05879072587103,-17.18908220915355,0.5579175541168662,0.1376262023113668,17.869708516717477
20.16316056251526,-35.05984083836645,-17.120087666186063,0.6032349059349509,0.09841598337516189,17.939753172180385
20.183305978775024,-35.06079473107772,-17.050168097925113,0.5565343463784667,0.08916466822847724,18.010626633152608
20.203349113464355,-35.06165665166938,-16.979323958624637,0.5184019619590254,0.1181458062492311,18.082332693044744
20.22315287590027,-35.06243197440149,-16.90755583244118,0.5884019619590255,0.06408297782763839,18.15487614196031
20.24317741394043,-35.06312671440728,-16.83486443250768,0.5943341389103445,0.12158310553058982,18.228262281899603
20.263219594955444,-35.06374717342974,-16.761250600007255,0.5282318204446348,0.13326625851914287,18.302496573422484
20.283271551132202,-35.06198333811945,-16.686715303246956,0.5436630178047928,0.1550369723699987,18.37526803487249
20.303176879882812,-35.0604519312702,-16.61125963673159,0.5206297285659822,0.11383957555517554,18.449192294538612
20.32325839996338,-35.05728029780528,-16.534884820237437,0.5435567930145773,0.07181410258635879,18.52239547756784
20.343236207962036,-35.05305298310361,-16.457592197886083,0.5348117392315181,0.06335470313206315,18.59546078521753
20.36318302154541,-35.04820382330973,-16.37938323721817,0.4988180029942306,0.1255995654501021,18.668820586091556
20.383223056793213,-35.04073419309446,-16.300259528267183,0.5422960597826751,0.17688549542799592,18.740474664827275
20.40325927734375,-35.031641296731,-16.220222782633222,0.5290662370427164,0.1989078284241259,18.81141851409778
20.423261165618896,-35.02166055379411,-16.139274832556787,0.5553376026256593,0.19767578842584044,18.882385721237327
20.443146228790283,-35.01132617142666,-16.05741762999255,0.5876084811790498,0.26424110087100416,18.95390854143411
20.463295459747314,-35.001018519582594,-15.974653245683134,0.5980349233179005,0.24481994996313006,19.026365273899458
20.483180046081543,-34.98868474322189,-15.890983868232901,0.561535531076661,0.18667794729117304,19.097700874988988
20.5031156539917,-34.97295236771484,-15.806411803181717,0.544350414889923,0.1416190896416083,19.166540564533122
20.52322244644165,-34.959293117633,-15.720939472078738,0.6019485624312075,0.15422055183444172,19.238353645554263
20.543256282806396,-34.93414931485857,-15.634569411556182,0.6719485624312076,0.1201302750268951,19.29957990330239
20.56315279006958,-34.873895051835234,-15.547304272403116,0.6827384820758018,0.09133344201836735,19.326590779432117
20.58301281929016,-34.7607292200177,-15.459146818639217,0.6127384820758017,0.15387367515359074,19.301582401378482
20.60317301750183,-34.59989643323086,-15.370099926588582,0.5784002089677962,0.1533139169914648,19.22979650664228
20.62314009666443,-34.4101938436129,-15.280166583953468,0.6484002089677963,0.1867565781576559,19.130027259659435
20.64312171936035,-34.20543844567062,-15.1893498888881,0.6046732282816085,0.17923288780730218,19.016088556782524
20.66316795349121,-33.997940316568645,-15.09765304907243,0.6326375650792035,0.2202925233868882,18.900287267496214
20.683146476745605,-33.79400573123956,-15.005079380785926,0.6935427981047544,0.20480057026725262,18.788926350453632
20.703077793121338,-33.600237336072624,-14.911632307981346,0.6650775531856927,0.15710194583516568,18.688605028091278
20.72322726249695,-33.41863692305703,-14.81731536135852,0.6333082365422162,0.19638353388290852,18.60132156169851
20.74307942390442,-33.26096680799817,-14.722132177438123,0.6654599244325075,0.23303283553104848,18.53883463056005
20.763211488723755,-33.11106464435904,-14.626086497635448,0.6148476126222524,0.23235805582953617,18.48497814672359
20.783151149749756,-32.97282495139905,-14.52918216733421,0.6790593462614927,0.2051897278870456,18.44364278406484
20.803159952163696,-32.84401272661645,-14.43142313496028,0.6597416746048841,0.21722986333770677,18.412589591656168
20.823175191879272,-32.72514346918571,-14.332813451055511,0.6301099071829233,0.22508153010858223,18.3923300181302
20.84312915802002,-32.61631318889432,-14.233357267351483,0.6138769249050531,0.2484035386587493,18.382955921542834
20.863234996795654,-32.515007648001145,-14.133058835843295,0.6499142805664453,0.3184035386587493,18.38194881215785
20.883140563964844,-32.41928219248012,-14.031922507863339,0.6651569111822757,0.2484035386587493,18.38735968461678
20.903138875961304,-32.329955389238386,-13.929952733155076,0.6169892652510318,0.1784035386587493,18.40000265608331
20.923163175582886,-32.24742716302518,-13.827154058946824,0.6036169902040276,0.2239732975210063,18.420273104078355
20.94313621520996,-32.16947976988332,-13.723531129025526,0.5676978193773541,0.2402821695501916,18.445948640857793
20.963118314743042,-32.10180385306611,-13.61908868281053,0.6134711914314541,0.2377205041772686,18.48271517025558
20.98319697380066,-32.03337777399058,-13.513831554427373,0.6412941665007386,0.21712481207912787,18.519546219563207
21.003061056137085,-31.963917660855,-13.407764671781553,0.5880276226057324,0.14712481207912786,18.556152989073446
21.023252487182617,-31.895569941804624,-13.300893055632304,0.5962572992398056,0.17264194048708303,18.59467688617232
21.04317283630371,-31.829796166784835,-13.193221818666391,0.5751844123555931,0.19586025371914728,18.636574348118444
21.063192129135132,-31.767543663756324,-13.084756164571864,0.5855555544226083,0.18779111753916367,18.68278749918446
21.083225965499878,-31.70937762542741,-12.975501387111855,0.6121990858195934,0.21786929581081493,18.733876238315556
21.1031596660614,-31.657899273330784,-12.865462869198355,0.573988515007368,0.2128951699263416,18.79243640413243
21.123109579086304,-31.614739111763914,-12.754646081965971,0.565051919835678,0.202863809724804,18.860093029797945
21.143136501312256,-31.57849408398284,-12.643056583845734,0.5772201726763162,0.14677114512538536,18.935437500137105
21.16308903694153,-31.548007406621835,-12.530700019638855,0.5621558959214601,0.18408165599917992,19.017307386982978
21.183143138885498,-31.52153809497517,-12.417582119590522,0.49726738134311765,0.1989415344572626,19.10395597538465
21.2031888961792,-31.49934250772034,-12.303708698463657,0.5297548259227189,0.12894153445726259,19.195633809256684
21.223244667053223,-31.48301667619794,-12.1890856546127,0.519734332392982,0.1611411519325338,19.29393102158524
21.243128061294556,-31.47119812766191,-12.07371896905741,0.589734332392982,0.23114115193253382,19.3974791586045
21.263154983520508,-31.465138074333215,-11.957614704556606,0.5803855077727351,0.22221924185520037,19.507523369776607
21.283217191696167,-31.46323747111445,-11.84077900468198,0.5844048845945511,0.2086679060733877,19.62245846643247
21.30314016342163,-31.466592378800748,-11.723218092891848,0.5824820952155281,0.23404357962077482,19.7433742859089
21.32321071624756,-31.473509243249282,-11.60493827160494,0.6063759339638639,0.30404357962077483,19.868570971644342
21.34325647354126,-31.480401531827617,-11.48594592127418,0.5363759339638638,0.24168324075406417,19.994455610553437
21.36315107345581,-31.48941145303852,-11.366247499460465,0.46840260334691286,0.2012580332881771,20.123163953578057
21.383298873901367,-31.497338436822847,-11.24584953990643,0.5008036137410092,0.1312580332881771,20.251488896916417
21.403055429458618,-31.5042208465299,-11.124758651610247,0.4429901220687318,0.11480160623556002,20.379462194919654
21.423222303390503,-31.507963454393526,-11.002981517899391,0.3888090901859689,0.1439823956019245,20.504981936494133
21.443159341812134,-31.502477537073315,-10.880524895504404,0.3666211885251689,0.14022443869849666,20.62195264156891
21.463173627853394,-31.47451181098812,-10.75739561363271,0.3992263522782016,0.11281694153090938,20.71711619735541
21.483214139938354,-31.422403691180897,-10.633600573042347,0.44562550977250814,0.04281694153090937,20.78880311813855
21.50307321548462,-31.35490004124386,-10.509146745115798,0.4817283709385085,0.0,20.84575329612806
21.52325749397278,-31.280798357053108,-10.384041170933724,0.4117283709385085,0.0,20.896757186119384
21.543177127838135,-31.204066749440546,-10.25829096034875,0.3417283709385085,0.0,20.945775789091797
21.56324028968811,-31.1275307018665,-10.13190329105927,0.2717283709385085,0.04580272361636162,20.99562741080723
21.583235025405884,-31.0554639339537,-10.004885407683197,0.3417283709385085,0.0,21.050578526270503
21.603224992752075,-30.993033448387425,-9.87724462083176,0.35247445229819296,0.07,21.115788827555665
21.623198747634888,-30.938829706892797,-9.748988306183264,0.31874310721090315,0.0,21.189841400709533
21.643190145492554,-30.8965131086383,-9.620123903556879,0.323609881870507,0.018311230465769768,21.276389205081422
21.66318655014038,-30.870517381090846,-9.490658915986419,0.2873787664101112,0.05771519057452679,21.379858465104427
21.683265209197998,-30.863491969745112,-9.360600908794117,0.3573787664101112,0.09077694825828075,21.502891060950994
21.70316433906555,-30.879093514994832,-9.229957508664409,0.4273787664101112,0.16077694825828076,21.649136006330423
21.723170280456543,-30.916949168557352,-9.0987364027177,0.3926390411183822,0.09077694825828075,21.818212765839654
21.743160724639893,-30.973897104569655,-8.966945337584153,0.3226390411183822,0.085660794749856,22.0069517669855
21.763128757476807,-31.042605309436265,-8.834592118477465,0.29458218114828943,0.06142512150108814,22.208013190958802
21.783165216445923,-31.115354821317776,-8.701684608268625,0.3148608268276441,0.125155383720994,22.41367021304915
21.80262541770935,-31.18667769220242,-8.568230726559747,0.3300368874371636,0.1557451579719782,22.618446965642672
21.823232650756836,-31.255129939492537,-8.43423844875778,0.3469482003749001,0.12340652011334896,22.82089149073476
21.842547178268433,-31.314561928258687,-8.29971580514834,0.3972927979231465,0.053406520113348954,23.014846123110345
21.86331343650818,-31.369068278054993,-8.164670879969442,0.3272927979231465,0.08598686225712299,23.20439739808555
21.88328790664673,-31.416400518300225,-8.029111810485324,0.3269664240468412,0.155986862257123,23.387288707814903
21.902560234069824,-31.45518597823757,-7.893046786060189,0.3329272931840389,0.12372570298612118,23.56213919217738
21.923295259475708,-31.484696477116394,-7.756484047232014,0.4029272931840389,0.09229152835905552,23.72821242988438
21.9432270526886,-31.50467067545478,-7.619431884786291,0.3329272931840389,0.15196417458355427,23.885238790668488
21.963319063186646,-31.517494728236034,-7.481898638829849,0.4029272931840389,0.13062882237136364,24.035596089406184
21.983611822128296,-31.522698105244878,-7.343892697864579,0.3642889882650345,0.09939666464924812,24.1788054073803
22.00329852104187,-31.52247117558892,-7.205422497861271,0.4265612277414768,0.16939666464924813,24.317048677727648
22.022785902023315,-31.51847844192897,-7.066496521333356,0.36400133252405814,0.18370142456144095,24.451981920595614
22.043474912643433,-31.51197528259499,-6.92712329641067,0.2965900290038555,0.1889177203923464,24.58485198618432
22.062620878219604,-31.506329073627686,-6.787311395913294,0.29412266609520904,0.13161835975944997,24.71901767771439
22.08312726020813,-31.49668128993869,-6.647069436425248,0.2908385502852618,0.1787090838700533,24.84961185351344
22.103336334228516,-31.479875660924755,-6.506406077368345,0.3608385502852618,0.10870908387005329,24.97346958355641
22.12329363822937,-31.449275850893724,-6.365330020075916,0.36002945058542557,0.038709083870053285,25.083945830817807
22.14322805404663,-31.393686890903,-6.223850006866634,0.2946134572525627,0.06866454921662807,25.169836884036364
22.16320514678955,-31.299042516806704,-6.081974820118239,0.28569516815739937,0.02286904148757457,25.217067696688467
22.18322992324829,-31.165867270502705,-5.939713281341357,0.24480208658176728,0.0,25.226153989161347
22.203361988067627,-31.007122705989534,-5.797074250253269,0.2146945064564354,0.024155817925930023,25.210048455736263
22.223303079605103,-30.837118237784928,-5.6540666238516835,0.1446945064564354,0.003235921263694763,25.183051613933245
22.243249893188477,-30.666089658671197,-5.510699335488509,0.20617838137346572,0.0,25.155390323182687
22.263222217559814,-30.501173540283183,-5.366981353943663,0.205087576560036,0.0,25.13419218633952
22.283342123031616,-30.35798915579026,-5.2229216824988,0.275087576560036,0.0,25.13506747329146
22.30319309234619,-30.225165722123293,-5.078529358011117,0.28189368892024524,0.020621364936232567,25.146636364112176
22.322576761245728,-30.107672045735228,-4.933813449987166,0.22277961644838817,0.09062136493623257,25.17385859574806
22.343307971954346,-30.006239000115166,-4.788783059656556,0.23762221142213114,0.020621364936232567,25.21745594045861
22.363227128982544,-29.923267307548368,-4.6434473190458,0.30762221142213114,0.026636220049113035,25.279819988502567
22.383294582366943,-29.857621567657457,-4.497815390052047,0.3620659321502901,0.08773487759754062,25.35980617760541
22.403303623199463,-29.803423833755478,-4.3518964635168995,0.2920659321502901,0.108063620980829,25.45152737023858
22.423271894454956,-29.76092238432139,-4.20569975830016,0.22206593215029008,0.06347132986411452,25.55522262602123
22.443309783935547,-29.727665066307956,-4.059234520353595,0.2920659321502901,0.04585722601041198,25.66843054595436
22.462615966796875,-29.701705034108056,-3.912510021794798,0.26512028343539007,0.0,25.789195012313257
22.48332667350769,-29.679181379596063,-3.7655355599808615,0.2607831649624861,0.0,25.9136458196152
22.503233909606934,-29.659625767692543,-3.6183204565822003,0.2443897921734608,0.0,26.041305311110342
22.523314237594604,-29.642659492747477,-3.4708740566563705,0.2121816363328255,0.0,26.171785436091106
22.543349504470825,-29.627938864941036,-3.323205727721753,0.1421816363328255,0.07,26.304733137219284
22.563286542892456,-29.615165980260354,-3.175324858831445,0.158463937728957,0.14,26.43984112142891
22.583356142044067,-29.604082587846438,-3.027240859646941,0.22278196880157358,0.19911316350102426,26.576841728199497
22.602593421936035,-29.59678113340285,-2.8789631595119474,0.2927819688015736,0.12911316350102425,26.717817973890902
22.623278379440308,-29.592298968098042,-2.730501206526192,0.31719869302149184,0.18344494670629502,26.86179776157185
22.64350175857544,-29.589893152831767,-2.5818644666191446,0.3636668577932871,0.13529741734266282,27.008028686212622
22.66342544555664,-29.58899293466339,-2.433062422623852,0.3682150004574216,0.19755504995584489,27.15593051203954
22.683401584625244,-29.58684585183713,-2.284104573350664,0.4382150004574216,0.20605233002454043,27.302741278486465
22.702736139297485,-29.579256611198385,-2.1350004326610517,0.4269643611231006,0.2680580361559987,27.444256178537334
22.722683906555176,-29.572667438713314,-1.9857595285413545,0.3569643611231006,0.1980580361559987,27.58690791017196
22.743333101272583,-29.553101087786494,-1.8363914021765773,0.3756917717077888,0.2680580361559987,27.716709685609917
22.763372659683228,-29.504189579085182,-1.6869056070241655,0.4002474101402915,0.1980580361559987,27.817283972061016
22.782625675201416,-29.40838837883152,-1.5373117078878096,0.3302474101402915,0.1565788621082902,27.87107667094371
22.80260419845581,-29.25937986630567,-1.3876192799911564,0.27775394966389305,0.138594807125628,27.871760586314515
22.82333731651306,-29.068076307390264,-1.237837908051631,0.34775394966389306,0.13721388042904437,27.830238399338633
22.84256076812744,-28.84780452598181,-1.0879771853542337,0.36413862762536175,0.11085798614658415,27.759827340627577
22.863285779953003,-28.608584527511997,-0.9380467128252761,0.3572173725956238,0.1413465014193207,27.67053781468672
22.883375883102417,-28.362508086027628,-0.7880560981061926,0.34265007843758233,0.13619504566304386,27.574451987921435
22.903369426727295,-28.118154611911972,-0.6380149546272946,0.27871717532660134,0.20619504566304386,27.480139657284678
22.923372268676758,-27.881437787053088,-0.48793290068154604,0.311733458391682,0.2593042407464236,27.39350488637154
22.943355083465576,-27.675914196043063,-0.3378195584983992,0.381733458391682,0.25687289697118104,27.338094637544664
22.962592363357544,-27.480139395152882,-0.18768455331746026,0.4109230673828281,0.2139289760310203,27.292454841835422
22.98327088356018,-27.298611885209098,-0.0375375124623929,0.3837714063891328,0.23421774704940618,27.261074372746705
23.003265142440796,-27.13176440290417,0.11261193558538451,0.37339009707357057,0.22685237175785006,27.244376338489555
23.02293372154236,-26.97951062810506,0.2627541621129197,0.3372440821447528,0.2620232658740133,27.24226479021798
23.04309368133545,-26.841405988926244,0.4128795391018727,0.39006363218213685,0.2601499388040975,27.254285528028117
23.062532663345337,-26.71445244738835,0.5629784401548434,0.3485165237405456,0.23906354215461761,27.277430887543193
23.083179473876953,-26.59627373900398,0.7130412414215144,0.28520113220001825,0.1690635421546176,27.309314980425494
23.103100299835205,-26.47340635675936,0.8630583225249353,0.3439058623232997,0.20472704258281738,27.336464679284294
23.12312412261963,-26.325040641311936,1.0130200674876413,0.3973017073192752,0.17142272007185966,27.338060708799578
23.143133401870728,-26.130445572242163,1.162916865658012,0.3636982849755443,0.21804414701182395,27.293362437900175
23.163163661956787,-25.961493165027747,1.3127391126363719,0.3732632826038755,0.14804414701182395,27.27423227766412
23.183195114135742,-25.74596580136592,1.4624772112013318,0.3065629581877149,0.21804414701182395,27.20844301256725
23.20318603515625,-25.506084933517197,1.6121215722358748,0.27934022051777013,0.22317733068484813,27.118206505753072
23.223191738128662,-25.255610633167446,1.7616626156536626,0.30821518403972753,0.22747859044466168,27.01727324882111
23.243139505386353,-25.004379565543946,1.9110907713252985,0.30950933836429634,0.15747859044466167,26.915470336869245
23.26312756538391,-24.75924403028165,2.0603964800043855,0.3156266622434489,0.08747859044466166,26.819640510286035
23.283134937286377,-24.524802853465243,2.2095701942539563,0.31298431918985464,0.07825107058975844,26.7343730477192
23.303342580795288,-24.303968440990346,2.3586023793725666,0.24298431918985464,0.14623800596687941,26.662570820362912
23.3226101398468,-24.098405088153022,2.5074835143204943,0.17298431918985463,0.07623800596687941,26.605888602473517
23.343188524246216,-23.913499010901283,2.6562040926460817,0.16783009181759573,0.0801162573834881,26.569703103547365
23.363022089004517,-23.750130601009744,2.8047546234118386,0.23394959877274252,0.1501162573834881,26.554885224421582
23.382981300354004,-23.606027390352143,2.953125632120752,0.2632650424822352,0.0801162573834881,26.559153022472895
23.40315866470337,-23.48091330372953,3.10130766164243,0.2120311175569079,0.07058875480201093,26.58222096537196
23.423219919204712,-23.375108686620816,3.249291273139363,0.2199656804188273,0.08763718263711778,26.62439995976018
23.44314956665039,-23.287820866580123,3.3970670469932074,0.18224218013725496,0.09475957354065029,26.68488791357333
23.46319842338562,-23.21569491253951,3.5446255837308485,0.1855554421528361,0.0979023918835446,26.76032049627036
23.48324227333069,-23.15831731376863,3.691957504950814,0.1599641376271031,0.08656510415952651,26.850274818719445
23.503140449523926,-23.115012162472432,3.8390534542492993,0.21084607477328993,0.0165651041595265,26.95406561672173
23.523131132125854,-23.08493910846929,3.9859040981466087,0.1763046168818257,0.0774774748412892,27.070843206615898
23.54319453239441,-23.06484938237041,4.13250012701317,0.10630461688182569,0.06615658025722948,27.19734950938358
23.563162326812744,-23.05453969109101,4.278832255995848,0.1763046168818257,0.0,27.333371947086857
23.583343267440796,-23.051294731371076,4.4248912259442434,0.13399134288571096,0.02631985954940319,27.47618595731532
23.603316068649292,-23.055358664552845,4.570667804336729,0.10550381886801935,0.029219959629699588,27.626026468889574
23.62330651283264,-23.058887075098394,4.716152786206859,0.14327555420837618,0.0992199596296996,27.775039861305252
23.643306016921997,-23.067455563265334,4.861336995069493,0.16507540541730142,0.03829776163212956,27.928792558334827
23.66322422027588,-23.081615317177274,5.00621128384698,0.17396708569518543,0.08502241636626423,28.087826601024254
23.683293104171753,-23.099285476016515,5.150766535795519,0.13550423449865795,0.10171939100138844,28.250052011812034
23.70335841178894,-23.11892819824309,5.294993665431225,0.1415038354790888,0.07095336022786797,28.413921863674314
23.723331451416016,-23.139423342528133,5.438883619456476,0.14411054519965566,0.0009533602278679609,28.57830696198461
23.743312120437622,-23.159970415138616,5.582427377686049,0.15296361004962838,0.07095336022786797,28.742397792824665
23.763328313827515,-23.180012040231784,5.725615953973367,0.14486193532153285,0.10010279382579029,28.90562799420515
23.783351182937622,-23.19917439647351,5.868440397136773,0.14854483507602728,0.11035437828861178,29.067614793610282
23.80330801010132,-23.217221007919843,6.010891791885644,0.18840810485213316,0.11811706044711173,29.228112799805487
23.823288202285767,-23.23288953672942,6.152961259746725,0.2253732813152603,0.18811706044711174,29.385850796476145
23.84334897994995,-23.2476208450937,6.294639959990299,0.2953732813152603,0.1938450621534139,29.542260805084
23.863378286361694,-23.25668024024763,6.435919090556386,0.3653732813152603,0.18759168787859382,29.692599330804015
23.883207082748413,-23.259244928032572,6.576789888981011,0.3301218166205219,0.19959520558826627,29.836034817013584
23.903307676315308,-23.252598230970708,6.71724363332239,0.3559495504203371,0.2695952055882663,29.969841864293098
23.923354148864746,-23.228146918881507,6.857271643087177,0.3573597358961708,0.22510830293409528,30.085418561968684
23.94328498840332,-23.166493452526808,6.996865280156676,0.36915529951947995,0.23582187554799022,30.163358732683484
23.963223695755005,-23.045879747345797,7.136015949713055,0.31311538875597783,0.2512301968317479,30.181895697058852
23.98327898979187,-22.862012346884494,7.274715101165569,0.27029670462507077,0.27647996115498247,30.136727448050063
24.003268480300903,-22.636739625594963,7.412954229076824,0.20029670462507077,0.20647996115498246,30.049693854671787
24.023305892944336,-22.386328269520444,7.550724874088935,0.2077163494800336,0.15455676439218224,29.93705314360938
24.043225288391113,-22.168914736871017,7.688018623849771,0.13771634948003358,0.08455676439218224,29.856933360720788
24.063254833221436,-21.931658998453187,7.824827113939207,0.16178226311254568,0.11877329128794373,29.756486112392395
24.083197116851807,-21.686874102099758,7.961142028795301,0.20634723667550153,0.16369075926952065,29.64801613089506
24.103206872940063,-21.443310879964592,8.096955102640521,0.17648553316044874,0.13703094835393131,29.540265982605113
24.123259782791138,-21.207015291669737,8.232258120407998,0.24648553316044874,0.20703094835393132,29.439273412077736
24.14322829246521,-20.981995204701086,8.367042918667778,0.30344395522522993,0.27703094835393133,29.349038123368864
24.163230419158936,-20.773053588804867,8.501301386552935,0.3091640136812932,0.29281500707380476,29.274354975357802
24.183245182037354,-20.583102746351628,8.635025466685828,0.3528935648177869,0.36281500707380476,29.218128213037456
24.20330572128296,-20.41366500574308,8.768207156104463,0.4152723885749585,0.3167783724796027,29.181872161847544
24.223256587982178,-20.26062442969937,8.900838507188496,0.3595872856353528,0.24677837247960271,29.161462936887865
24.243327140808105,-20.123006371309625,9.032911628585644,0.3562889007994092,0.23802692051045599,29.15591799989527
24.2631938457489,-19.99046200875743,9.164418686137683,0.2862889007994092,0.2940990140568465,29.154880694895112
24.28332543373108,-19.875383609171337,9.295351903807042,0.2162889007994092,0.27845106068067255,29.17073551297838
24.30334210395813,-19.739541095072035,9.425703564602536,0.2629529115327752,0.34845106068067255,29.16524465967457
24.322742462158203,-19.574325563843608,9.555466011506056,0.33295291153277523,0.3123376904707402,29.129791575349664
24.343201398849487,-19.38842965149929,9.684631648398451,0.27636330810870297,0.38233769047074023,29.07306129989774
24.363234281539917,-19.193068818270746,9.813192940985903,0.34636330810870297,0.45233769047074024,29.00626175925665
24.38322925567627,-18.996282550276245,9.941142417726162,0.32805910167779095,0.41835463496856395,28.937424968002407
24.403230905532837,-18.803692484382175,10.06847267075473,0.3813063262173093,0.34835463496856395,28.872165155136905
24.423206567764282,-18.612143664799202,10.195176356811025,0.4395970983573354,0.3735482815187425,28.807320021610227
24.443226099014282,-18.407835538637727,10.321246198164733,0.3974593190618909,0.37463539061136547,28.72908173680246
24.463216304779053,-18.167620693671214,10.44667498354189,0.34070431647385724,0.3477011580485851,28.614295677213104
24.483241319656372,-17.95906003229506,10.571455569051274,0.2958310341605104,0.3934575874824077,28.530515601346334
24.503151178359985,-17.69760636530854,10.695580879110345,0.3521823754676736,0.38608767618425194,28.393187244418886
24.52315640449524,-17.38545770286577,10.819043907371878,0.31696867404069073,0.45608767618425194,28.20450161023765
24.543099641799927,-17.044007585686224,10.941837717649776,0.32903298290009864,0.4751340368110687,27.985845303336
24.563241481781006,-16.691204133185124,11.063955444845526,0.31787887701328166,0.4051340368110687,27.75515957803065
24.583064079284668,-16.339812973719507,11.185390295874381,0.24787887701328165,0.4018754152581096,27.525203269593888
24.603270769119263,-15.998663642025702,11.306135550591545,0.19450513043935663,0.3490771478042007,27.304799192617246
24.62319016456604,-15.673619037810353,11.426184562718422,0.15025119253929026,0.28151082005351785,27.099803600528773
24.64314293861389,-15.366010629977406,11.545530760768827,0.22025119253929026,0.2936138812452555,26.911541390746233
24.663198232650757,-15.069354657408335,11.664167648975237,0.2583196062737263,0.2236138812452555,26.73352230638357
24.68320322036743,-14.771909932029796,11.782088808214958,0.2341103248440779,0.24739160083234313,26.553998740244754
24.703205108642578,-14.458592997684182,11.89928789693635,0.30347354637022383,0.30859964407980445,26.357880894620532
24.723196268081665,-14.18656323592411,12.015758652085161,0.24628300519223578,0.36108676411211493,26.202321888009273
24.743329763412476,-13.883162306954818,12.131494890030567,0.18905901463265784,0.43108676411211494,26.014657196985382
24.763284921646118,-13.554385938161673,12.246490507491544,0.2549162537002123,0.501086764112115,25.800876445653216
24.783257484436035,-13.216649151861406,12.360739482463089,0.28014999368722804,0.43108676411211494,25.577388634324493
24.803282737731934,-12.883906000166236,12.474235875142206,0.2370793905251778,0.45446443594992164,25.35814187530844
24.823216676712036,-12.561084391644531,12.586973828854553,0.21088016518886454,0.38446443594992163,25.148058220499085
24.843194484710693,-12.253662021991827,12.69894757098021,0.24963923284347422,0.36242770284414294,24.95260959297204
24.863277435302734,-11.962721398023694,12.810151413880241,0.24247572032298215,0.31677294030785563,24.772872811903937
24.883251905441284,-11.674681944622725,12.92057975582275,0.21299408023740418,0.318048310787417,24.595261700445477
24.90320134162903,-11.366136311605523,13.030227081909118,0.2447449231662906,0.2887718764552847,24.39636339351464
24.923269987106323,-11.009784909498665,13.1390879650003,0.22803932448412545,0.28628141721244904,24.148872874498963
24.9432954788208,-10.700391524106147,13.247157066642913,0.22174831965501673,0.3195957942819223,23.947548590749058
24.963305950164795,-10.328568049760145,13.354429137995616,0.19891382680769332,0.33400904116686436,23.68299718775576
24.983275651931763,-9.913915833524232,13.460899020755264,0.21435893440182574,0.3112746226554737,23.374814854279496
25.003255367279053,-9.480443726650716,13.566561648082981,0.2737363290184296,0.3423506087576971,23.047005374733697
25.023240566253662,-9.045323803463742,13.671412045530715,0.30698726066882975,0.33851407151203605,22.716735848994457
25.04326033592224,-8.620526878668864,13.77544533196712,0.27635282577510245,0.3811705192504451,22.395972210635982
25.063214778900146,-8.214095584305621,13.878656720504011,0.2263484589898146,0.38876256588380786,22.092752304809633
25.083255767822266,-7.8311321509151,13.98104151942242,0.26573972703452475,0.31876256588380786,21.81217367033752
25.10327911376953,-7.474561994972164,14.08259513309897,0.19573972703452475,0.2559165311185643,21.557157128071132
25.12324285507202,-7.1457214614721005,14.183313062932008,0.16669422717328436,0.24613327525090428,21.329034524404108
25.1429762840271,-6.844807938236221,14.283190908267784,0.09669422717328435,0.23615309029351922,21.127998846504006
25.163278579711914,-6.583547134675747,14.382224367326828,0.039695497467473806,0.2809911686135456,20.965771502002575
25.183370113372803,-6.344389213636584,14.480409238129965,0.0,0.2109911686135456,20.824798451766547
25.203158140182495,-6.126886503732386,14.577741419424726,0.0,0.2809911686135456,20.704627923157112
25.22318983078003,-5.9301573403926255,14.67421691161151,0.04684825986623764,0.24497969999443742,20.604374252004135
25.24329924583435,-5.753041852052546,14.769831817669669,0.0182487815618515,0.21699697143863889,20.522873669722216
25.263288497924805,-5.594217498306984,14.864582344084013,0.0,0.17304669312667104,20.458799842390995
25.283355951309204,-5.452283607570331,14.95846480177066,0.0,0.16025496545713397,20.41074840934099
25.30324673652649,-5.325822154419304,15.051475607003724,0.021932899951934814,0.17295540675055238,20.377297761423026
25.323240518569946,-5.206491387451566,15.143611282341055,0.0,0.1592144797695801,20.35010266979262
25.343286275863647,-5.0674622281989015,15.234868457550718,0.044872600585222244,0.14128662079107018,20.30233068574962
25.36323356628418,-4.879037132552387,15.325243870537307,0.06213473156094551,0.18859276726376267,20.204281003089694
25.38337993621826,-4.715441653790941,15.414734368267943,0.06718360260128975,0.25269421740900727,20.130176022058883
25.403281927108765,-4.4752201247400745,15.503336907698554,0.09301271662116051,0.18269421740900726,19.97855703243863
25.42324995994568,-4.155677780813625,15.591048556700208,0.04084627702832222,0.24732183500658722,19.746726337513834
25.44332718849182,-3.770931471433887,15.677866494985295,0.0074024684727191925,0.21724263228010388,19.448797966419182
25.463313579559326,-3.3487193640430224,15.763788015033583,0.0774024684727192,0.19014021031092854,19.112507379076604
25.483277082443237,-2.909295253897017,15.848810523018685,0.07139553518965841,0.1762669898895547,18.758105776915702
25.5032000541687,-2.4694969993001514,15.932931539734234,0.05937246715649963,0.2269905574945733,18.402428539034386
25.52328634262085,-2.0410297075662487,16.016148701519768,0.0774716522358358,0.2563513957289979,18.057178409086017
25.54332137107849,-1.6270921946169246,16.098459761187478,0.1193209375999868,0.26078311655204744,17.725551955804402
25.56330442428589,-1.2318397126823861,16.179862588948133,0.09084334520623089,0.2608634338763659,17.41170230163052
25.583190202713013,-0.8886714165917434,16.260355173337224,0.047783139329403646,0.22806513617309976,17.14902658992897
25.603280544281006,-0.555085804278423,16.33993562214144,0.05916105134412647,0.23480135323974538,16.895021426419863
25.623263120651245,-0.22768235757043445,16.418602163324692,0.05577124485746027,0.2613166489687865,16.646284520895126
25.643207788467407,0.10996187571190126,16.4963531459544,0.12577124485746027,0.32933313334855485,16.386391270242502
25.663249969482422,0.4805658022514293,16.573187041127717,0.1537765114195645,0.32141690450283933,16.092621238876287
25.683247804641724,0.8990408806926992,16.649102442897828,0.20144621269777419,0.3806247499820893,15.75006156220513
25.703346729278564,1.3675336349430736,16.724098069199954,0.1549119277484715,0.3683123228189652,15.35656443425688
25.723365306854248,1.8700023513692925,16.79817276277774,0.1449580945633352,0.33768127235147405,14.928170411408447
25.74303936958313,2.3851439444886413,16.871325492109563,0.15365691563114525,0.3702250209686463,14.486181547620921
25.763116359710693,2.8955113677303577,16.9435553523345,0.12720317659899594,0.34636777947220254,14.048043984604142
25.78330159187317,3.39374476298107,17.01486156617875,0.14814386224374176,0.27636777947220253,13.621116803197681
25.803152322769165,3.8727355597990716,17.085243484881865,0.14017122039571406,0.26887661649408984,13.212507925082793
25.823234796524048,4.288607598812242,17.154700589122726,0.12941034404560925,0.3227312496167724,12.866092990310484
25.84323215484619,4.686807794847793,17.223232489946092,0.1505292215012014,0.2907202324134414,12.5364246950983
25.863178491592407,5.0599226027330495,17.29083892968856,0.09337807526811959,0.2434056779605453,12.230916326955512
25.88328790664673,5.405780189935168,17.357519782905122,0.06576458444818856,0.24925551109510707,11.951739592969954
25.90327477455139,5.72359040524575,17.42327505729483,0.04808443678542973,0.20409773208695697,11.699684652049081
25.923335313796997,6.013543610609055,17.48810489462754,0.07804137920960785,0.21142858557897853,11.474561284018485
25.94326877593994,6.278822544326945,17.55200957167,0.08508300116285683,0.25571752630668926,11.273187027343052
25.96325373649597,6.519971813845297,17.614989501111893,0.09762847410514952,0.2197444915075903,11.095017687266596
25.983277320861816,6.738005627571692,17.677045232492183,0.053618002552539124,0.22646034939709353,10.939039604920492
26.003283262252808,6.934237640194431,17.73817745312543,0.0635600088723004,0.1967130458218162,10.803939812930999
26.023271083831787,7.107838526612832,17.79838698902786,0.0757353006489575,0.2667130458218162,10.69054846241503
26.043177604675293,7.258563248442394,17.857674805843686,0.12464974807575346,0.3367130458218162,10.599111557401292
26.063228368759155,7.385059050281753,17.916042009771132,0.09335003035143019,0.344119615839154,10.530982959489378
26.08319902420044,7.482126742822877,17.97348984848901,0.02576021092012526,0.37715792654576946,10.491363105666132
26.103325843811035,7.551563341809051,18.03001971208259,0.04107799461111428,0.33585092796507526,10.478456370273541
26.123146057128906,7.59997792990228,18.08563313397022,0.05933462349697949,0.29990781469765354,10.485655204067939
26.143237829208374,7.632515079410252,18.140331791828856,0.06239774111658336,0.27235836534324337,10.507816712418604
26.16319489479065,7.653166557759789,18.19411750852126,0.04289237815886737,0.2780302823384409,10.54095095076147
26.18330454826355,7.667334562151365,18.24699225302126,0.029923619106411947,0.2912664874320035,10.579657690869897
26.203338384628296,7.692840312784539,18.29895814134069,0.0073367910087108745,0.24637936193990756,10.606117828556151
26.2232666015625,7.753345015682141,18.350017437455094,0.005642059012316181,0.22766485203552295,10.596672421772952
26.243316411972046,7.862044539626099,18.400172554230366,0.023131713955663158,0.2351567242157762,10.538128014604267
26.26322340965271,7.956420241544881,18.44942605434875,0.042101035579107715,0.2782136890900438,10.493005812803869
26.283278226852417,8.094875612801513,18.497780651234983,0.06921581061091275,0.308722145841748,10.40290503843347
26.303253889083862,8.260298882919738,18.545239209982753,0.05830231377389283,0.3728940337759559,10.284940327063016
26.32331895828247,8.440093814980807,18.591804748280758,0.04743817982729526,0.33716055376949955,10.15171093329995
26.343282222747803,8.62744889385321,18.63748043733898,0.05022736357990654,0.3072351422024076,10.01003154348577
26.36329483985901,8.812801031427894,18.68226960281484,0.05965221299324186,0.3313205744934385,9.869468571386948
26.383232831954956,8.994193377375465,18.726175725739544,0.039574857787229134,0.3262314367902582,9.73198234836408
26.40330195426941,9.168054753566011,18.769202443444257,0.03901563298190014,0.28412906637910057,9.601147689878246
26.423222541809082,9.33673586365256,18.81135355048619,0.0,0.3184743877363508,9.474617686833628
26.443156957626343,9.508955029992691,18.852632999575007,0.025435389950871468,0.34723773411038567,9.343677969582316
26.463232040405273,9.690674583537884,18.893044902499042,0.014038199558854103,0.3249092660707538,9.202370318961158
26.483166694641113,9.848448139446344,18.932593531051168,0.03760332800447941,0.32484792496048615,9.084145391604824
26.503114461898804,10.025084838432837,18.971283317955887,0.011239470914006233,0.2802598993011634,8.94619847952305
26.523171186447144,10.221750006340054,19.009118857794277,0.020139820873737335,0.2852524881900172,8.787368851454223
26.543238401412964,10.436408859432353,19.04610490793145,0.0,0.29409090612985894,8.609696048499098
26.56313467025757,10.664857507012396,19.08224638944187,0.030261080712080002,0.30970379427977607,8.417388882429474
26.5836021900177,10.899179884156117,19.117548388036255,0.0,0.3214723411665182,8.218368503880138
26.603254556655884,11.131406497521708,19.15201615498711,0.0,0.2795190680489759,8.020609657465402
26.623127698898315,11.356057126668729,19.185655108055585,0.02463170699775219,0.2900381153167109,7.829597981386856
26.643134117126465,11.569524982013922,19.218470832417403,0.02588820003438741,0.31891593241103694,7.64894585040348
26.663079738616943,11.771915927015387,19.250469081589117,0.0371076186420396,0.2684890655518393,7.47855315457373
26.683086156845093,11.961279075069957,19.281655778354164,0.021926827845163643,0.2868607034624438,7.320376703284207
26.703107595443726,12.125688994881692,19.312037015689363,0.03148392227012664,0.2936241435536067,7.186348020807671
26.72340416908264,12.281663962785453,19.34161905769109,0.036756123532541096,0.3110670721807401,7.0599550949056376
26.743125200271606,12.427669474500439,19.370408340501356,0.0,0.30835138770722553,6.9427388660009175
26.763026475906372,12.562902437349845,19.398411473234134,0.03160620853304863,0.3410065187790315,6.835509035884289
26.783103466033936,12.687088948261778,19.42563523890133,0.019487470388412476,0.31228803421341583,6.738546290639551
26.80307149887085,12.800329887591367,19.45208659533968,0.0,0.3264386453383486,6.651756707748312
26.82312560081482,12.902983794234721,19.477772676136013,0.0,0.31853333252453014,6.574788881901291
26.843109369277954,12.995578722412324,19.502700791554446,0.0,0.3047555577658932,6.507122069142122
26.86311435699463,13.078746551557812,19.526878429461703,0.0,0.31095897356950447,6.448131877903892
26.88322353363037,13.153174622950171,19.550313256254093,0.0,0.31268607694160894,6.397138633303921
26.903101205825806,13.219570685774102,19.573013117783248,0.0,0.29015685114514783,6.353442432009146
26.923192739486694,13.277217442689823,19.59498604028269,0.0,0.27568858265382007,6.317768597592869
26.94328784942627,13.328688397637396,19.616240231293567,0.0,0.30622765384119705,6.28755183365617
26.96305251121521,13.381462294132634,19.636784080591347,0.023238200694322586,0.2899164795826073,6.255321786458714
26.983171939849854,13.443015730223081,19.65662616111196,0.03702227398753166,0.26741120181482986,6.2136104308888775
27.00313925743103,13.51367772455635,19.675775229877743,0.0683894008398056,0.3121017027596827,6.162097505321393
27.02308201789856,13.588804055791435,19.69424022892403,0.09724180027842522,0.3655571412245627,6.1054361731325955
27.043182134628296,13.665051281570898,19.712030286224973,0.10118839237838984,0.369261531480297,6.046979004654075
27.063268661499023,13.74006757122462,19.729154716620414,0.053908140398561954,0.3321581541976775,5.989087145395795
27.083126306533813,13.812251830397106,19.745623022740943,0.056034812703728676,0.36345654199336425,5.933371192343838
27.10322117805481,13.880566608152952,19.76144489593564,0.09104982949793339,0.38094530100439444,5.8808782877826875
27.123164653778076,13.94439329115219,19.776630217196995,0.07489237748086452,0.385381362256303,5.832236926044805
27.143136739730835,13.99980924690473,19.791189058087824,0.09216989576816559,0.3861556995843421,5.791379811183093
27.163377285003662,14.051534033559633,19.805131681667376,0.07366357557475567,0.435032301786996,5.753597648107743
27.183152198791504,14.099331805157142,19.81846854341731,0.09095529653131962,0.46006281042442426,5.719136738260168
27.203296899795532,14.143142243774925,19.831210292168144,0.11015290953218937,0.46766706204012737,5.6880680483932196
27.223195791244507,14.183028539501912,19.84336777102559,0.1457860004156828,0.4449599908848177,5.660339231523679
27.24309539794922,14.223770699474214,19.854952018296572,0.21006090752780437,0.41270227750734195,5.6311813188223585
27.263154983520508,14.27329896303685,19.865974268415343,0.14006090752780437,0.397447127122141,5.592675305378492
27.283142805099487,14.34152265854584,19.876445952869872,0.07403615705668926,0.4201807223443757,5.534923294324033
27.30307149887085,14.42788285112671,19.886378701128358,0.05107591517269611,0.38082411067531213,5.458495850001647
27.323214054107666,14.522247937766734,19.895784341564564,0.039151367098093026,0.3636612903510104,5.37353640379783
27.343220233917236,14.617369737207227,19.904674902385153,0.0,0.34287436047539815,5.287305165177926
27.363220930099487,14.699956912056331,19.913062612555237,0.011977013200521469,0.3633282792006503,5.213105700498906
27.383118867874146,14.782214503382669,19.92095990272457,0.02149650827050209,0.40132886284933195,5.1387453993419
27.403143882751465,14.862075282365545,19.92837940615413,0.015620413701981306,0.406116176135547,5.0663041237885835
27.423129081726074,14.938166560066842,19.93533395964203,0.0,0.4063624951822567,4.997167399575188
27.44318723678589,15.011950586510519,19.94183660444989,0.0,0.4168835596946883,4.929886017939371
27.4631187915802,15.084503819301398,19.947900587229057,0.0,0.39014437029341936,4.863396767927659
27.483139991760254,15.154290034171902,19.9535393609467,0.0009554248536005616,0.3871394340248662,4.799249326774797
27.50305986404419,15.220315124280718,19.958766585812384,0.030372568988241255,0.37048433165269673,4.738451461531666
27.5232892036438,15.284304074603204,19.963596130203562,0.052744330489076674,0.33739930208044827,4.679292055600358
27.54321599006653,15.3451923401002,19.968042071592826,0.042660510749556124,0.31000556799786866,4.622849731492627
27.5633442401886,15.402322226845154,19.972118697473178,0.021307111368514597,0.38000556799786867,4.569796470628024
27.583189964294434,15.451923853112397,19.975840506284825,0.03285201790276915,0.3787998570708442,4.523916653172428
27.60332751274109,15.50303405966697,19.979222208341234,0.0,0.3642368041558075,4.4761881486742645
27.623279333114624,15.563110484831567,19.98227872675514,0.0,0.3299694195968914,4.419168241923574
27.643237113952637,15.637096754462776,19.985025198365243,0.003194107674062252,0.380074484704237,4.347928443902466
27.66327452659607,15.721110977583377,19.987476974661895,0.0,0.36293561985919953,4.266365997078518
27.683246850967407,15.809876234975755,19.98964962271387,0.03670177981257439,0.4162617199702072,4.1797733877381145
27.703306198120117,15.89960206884374,19.991558926094086,0.005866222083568573,0.40636666441540004,4.091956857250347
27.723225593566895,15.98763038550947,19.993220885806195,0.04716719686985016,0.3982907556576538,4.005590500296725
27.743301391601562,16.072159663022084,19.99465172121038,0.05599390808492899,0.4103064559979248,3.922492058188297
27.76324701309204,16.1520308163045,19.995867870950264,0.06725472491234541,0.3905267030579853,3.843837054645764
27.783288717269897,16.226561531920495,19.996885993878344,0.05818463396281004,0.4183007371259737,3.7703244619578484
27.80322289466858,16.29127100207783,19.997722969982696,0.044666996225714684,0.3880253662003088,3.706451967904865
27.82322072982788,16.351601049082717,19.99839590131323,0.019589178264141083,0.38764520891098075,3.6467948522305136
27.8432457447052,16.407299242514046,19.99892211290767,0.06489472463726997,0.3810466268853634,3.591622870393625
27.863242149353027,16.458312321151485,19.99931915371775,0.05790789378806949,0.40398326719267064,3.5410068325662643
27.883345127105713,16.50704311458078,19.999604797535753,0.01733537344262004,0.38096859136683636,3.492561682954971
27.903356075286865,16.555220730580906,19.99979704392036,0.017131258224253543,0.3699490373776644,3.4445763133394536
27.923314094543457,16.604060752500178,19.999914119123332,0.0,0.37250965384853774,3.395853366623154
27.943219661712646,16.652073695015474,19.9999744770151,0.01073957234621048,0.3880401190192788,3.347900781999627
27.963221549987793,16.700563136452057,19.99999680001153,0.022475610487163067,0.3370717029841035,3.2994336635594728
27.983203172683716,16.74810561063446,20.0,0.0,0.35659755690110617,3.251894389365539
28.003257989883423,16.793737363042975,20.0,0.0,0.3710793509901851,3.2062626369570246
28.023248434066772,16.833356015518014,20.0,0.0,0.3641893334509223,3.1666439844819863
28.043221473693848,16.871237271114147,20.0,0.025090327486395836,0.38222270755184584,3.128762728885853
28.063275814056396,16.906913408381158,20.0,0.012972947210073471,0.38266465335007527,3.0930865916188424
28.083266496658325,16.940117672814665,20.0,0.00620667589828372,0.4206107620787225,3.059882327185335
28.103248834609985,16.970729927903562,20.0,0.0032949952874332666,0.3506107620787225,3.0292700720964376
28.123241186141968,16.998735041309814,20.0,0.039111713180318475,0.4022138371955953,3.001264958690186
28.14325261116028,17.02419121334968,20.0,0.055104155326262116,0.3998663720567129,2.975808786650319
28.16321611404419,17.04720604590248,20.0,0.017525755101814866,0.40529379126470305,2.952793954097519
28.183143615722656,17.067918618370083,20.0,0.0,0.4035205206027604,2.932081381629917
28.20350694656372,17.086486208402484,20.0,0.02254648692905903,0.405188118632359,2.9135137915975164
28.223209142684937,17.103074588760858,20.0,0.04670949466526508,0.41290633432887264,2.896925411239142
28.24336338043213,17.11747704410946,20.0,0.012739593163132668,0.395363586548192,2.88252295589054
28.263291358947754,17.13035564326659,20.0,0.033148545771837234,0.4170561754735536,2.86964435673341
28.28310751914978,17.141836387630118,20.0,0.064878661185503,0.39882122777722545,2.858163612369882
28.30317759513855,17.156676331787416,20.0,0.03566931560635567,0.4109083670782275,2.8433236682125838
28.323033332824707,17.18040744946587,20.0,0.029279899317771196,0.452426995675487,2.8195925505341286
28.34322762489319,17.218954163478593,20.0,0.022811978589743376,0.43460156169108816,2.7810458365214075
28.363266468048096,17.27140830230516,20.0,0.013673415873199701,0.45699606422655054,2.7285916976948386
28.383272409439087,17.33213984291325,20.0,0.03513917187228799,0.4522588695990271,2.66786015708675
28.403225898742676,17.39702013146794,20.0,0.033476612297818065,0.46577172685734697,2.60297986853206
28.423234939575195,17.463072146022654,20.0,0.07828366267494857,0.45908788644097515,2.536927853977346
28.44330096244812,17.52819722469436,20.0,0.05558022181503475,0.4407430445434875,2.4718027753056404
28.463274717330933,17.58474048071935,20.0,0.04947099392302334,0.4430927113289363,2.4152595192806494
28.483319520950317,17.640054405815956,20.0,0.01446993206627667,0.42736053100175925,2.359945594184044
28.503231525421143,17.69537301717882,20.0,0.0,0.405839094951225,2.30462698282118
28.5232253074646,17.756186011657682,20.0,0.0,0.43634832842595644,2.2438139883423176
28.543267488479614,17.826161621340102,20.0,0.0062089888378977776,0.41068347735650607,2.173838378659898
28.56327486038208,17.902973552509806,20.0,0.04096611123532057,0.4465241227889783,2.097026447490194
28.583235502243042,17.98250948847809,20.0,0.02371866162866354,0.39366540132410593,2.0174905115219097
28.603272199630737,18.061841303714647,20.0,0.02833521831780672,0.36194327293284007,1.9381586962853525
28.6232590675354,18.138940559124464,20.0,0.04866581689566374,0.3740296634504921,1.861059440875536
28.643238067626953,18.21245717949594,20.0,0.07026910316199064,0.3539388543585665,1.7875428205040613
28.663280248641968,18.281547848980676,20.0,0.03781203459948301,0.36104347050510116,1.7184521510193242
28.68327808380127,18.341534132195882,20.0,0.06686920206993818,0.3667880972506828,1.658465867804118
28.70327115058899,18.39782508497368,20.0,0.0903304098173976,0.33908987097762294,1.6021749150263211
28.72319459915161,18.450065791485883,20.0,0.07033006567507982,0.39510120503924556,1.5499342085141166
28.743245363235474,18.498116477955755,20.0,0.07029340877488721,0.37885971978626914,1.5018835220442455
28.763365030288696,18.541990487787103,20.0,0.08494193661317695,0.39610228367469974,1.4580095122128967
28.783289670944214,18.58180716491608,20.0,0.019358409525011666,0.4399597091259784,1.4181928350839215
28.803253889083862,18.61775633387689,20.0,0.03241415410593618,0.4901079056443996,1.3822436661231094
28.823325395584106,18.650071770842047,20.0,0.0045846094872104,0.5012247437270707,1.3499282291579533
28.84328532218933,18.679011618785488,20.0,0.0,0.46477283776126566,1.3209883812145122
28.863306760787964,18.704844142053798,20.0,0.0,0.4498959095808095,1.2951558579462024
28.883259296417236,18.72783756502251,20.0,0.0,0.42569386080227556,1.2721624349774885
28.903239727020264,18.74780104189391,20.0,0.0,0.4093697039069957,1.2521989581060886
28.923335075378418,18.763269467506493,20.0,0.019866054877638817,0.38008897617779436,1.2367305324935067
28.943281173706055,18.77520804979185,20.0,0.022674628300592303,0.3838065949393785,1.2247919502081501
28.963236570358276,18.78901292809947,20.0,0.060134027851745486,0.40932743373647096,1.2109870719005293
28.98323655128479,18.819964709579317,20.0,0.02712676371447742,0.3896310472054756,1.1800352904206832
29.003228664398193,18.873592403859725,20.0,0.019651530077680945,0.397554463998822,1.1264075961402753
29.023383140563965,18.94850603535698,20.0,0.007402698276564479,0.3902716262391186,1.0514939646430186
29.043302297592163,19.03623012137309,20.0,0.0,0.4123752748718834,0.9637698786269091
29.063249826431274,19.13054013936604,20.0,0.0047529092989861965,0.40549945953622224,0.8694598606339596
29.08316683769226,19.226939086285814,20.0,0.004964322448358871,0.38549829769268396,0.7730609137141862
29.10326051712036,19.32456472642706,20.0,0.0,0.40272734622791173,0.6754352735729405
29.12318992614746,19.409325799698642,20.0,0.0,0.4054300552824861,0.5906742003013576
29.14319348335266,19.491744870076648,20.0,0.0,0.40045153541810574,0.5082551299233522
29.16328477859497,19.572681433330303,20.0,0.017153218388557434,0.39230723871238293,0.4273185666696975
29.183217525482178,19.650455201629857,20.0,0.0,0.39300522208301114,0.3495447983701432
29.203237533569336,19.72398243506544,20.0,0.019379207864403725,0.3900730137256323,0.2760175649345591
29.223153352737427,19.79030595800092,20.0,0.04085696488618851,0.392364108004549,0.2096940419990787
29.2433123588562,19.852194323319452,20.0,0.021740157157182693,0.4172519156718044,0.147805676680548
29.263299465179443,19.909371053682797,20.0,0.014667885843664408,0.44592163805005836,0.09062894631720297
29.283307790756226,19.961768287982533,20.0,0.026884221006184816,0.40474056545732306,0.03823171201746689
29.30322575569153,20.009464854332112,20.0,0.015483465511351824,0.3776607783520012,-0.009464854332112083
29.323293209075928,20.052639390800486,20.0,0.00023728283122181892,0.3711713715465157,-0.052639390800486296
29.343294620513916,20.090124625660593,20.0,0.0,0.3728389957695617,-0.09012462566059298
29.363261222839355,20.121764443375472,20.0,0.002861346583813429,0.38371895754331486,-0.1217644433754721
29.383253574371338,20.148510284731117,20.0,0.0,0.38782269589224594,-0.14851028473111683
29.403355360031128,20.171151982099982,20.0,0.009650889784097672,0.36051726609090107,-0.17115198209998184
29.423304557800293,20.190346301865734,20.0,0.0,0.3813849714360549,-0.1903463018657341
29.443284034729004,20.206640276372703,20.0,0.04257911071181297,0.38542403921106594,-0.20664027637270266
29.46337342262268,20.222806649954407,20.0,0.04339851229451597,0.406653440441878,-0.22280664995440702
29.483272314071655,20.23845833137302,20.0,0.07922497927211225,0.38246990263083713,-0.23845833137302108
29.503342390060425,20.2510236712052,20.0,0.05588511540554464,0.4205946800074889,-0.25102367120519986
29.52325963973999,20.26343048847452,20.0,0.04011386423371732,0.42071515368385004,-0.2634304884745191
29.543233156204224,20.275400218723764,20.0,0.07119056559167802,0.42157130752544614,-0.27540021872376386
29.563167095184326,20.285792644127884,20.0,0.07765659573487937,0.4577790020857355,-0.2857926441278842
29.58327007293701,20.295773864982905,20.0,0.11556848394684494,0.4462110071335337,-0.29577386498290537
29.603214979171753,20.302890069108102,20.0,0.08577945525757968,0.439821984328737,-0.302890069108102
29.62320637702942,20.30782874189188,20.0,0.09591937134973705,0.44827951834391566,-0.30782874189187837
29.643224954605103,20.31112478583462,20.0,0.10182174225337803,0.4598913078088662,-0.3111247858346218
29.663251876831055,20.313193025050964,20.0,0.09977195411920547,0.47891785734187575,-0.313193025050964
29.683221101760864,20.312037598829697,20.0,0.0895006824284792,0.4942779677812359,-0.31203759882969706
29.703245639801025,20.308673528834117,20.0,0.1241122093051672,0.47493776743154736,-0.3086735288341167
29.723222494125366,20.303864037814492,20.0,0.10112099163234234,0.47313121234852584,-0.3038640378144919
29.74329376220703,20.29586099118642,20.0,0.1195449735969305,0.42837130924541267,-0.2958609911864194
29.763279914855957,20.28585068279029,20.0,0.10725989472121,0.47024075960594924,-0.28585068279029
29.783227682113647,20.27715947746546,20.0,0.093476178124547,0.4879532297499827,-0.2771594774654602
29.803210020065308,20.267164063916507,20.0,0.13599275611341,0.448625012243574,-0.26716406391650693
29.8232524394989,20.254209852842983,20.0,0.14874463714659214,0.4750441656805924,-0.25420985284298325
29.843289136886597,20.239541925783996,20.0,0.13586621172726154,0.48712945351231607,-0.23954192578399613
29.86327052116394,20.226386604890987,20.0,0.12642410956323147,0.5128599758617929,-0.22638660489098683
29.883207321166992,20.212312269631887,20.0,0.11479339841753244,0.4917050636731437,-0.21231226963188732
29.90321445465088,20.197970532594287,20.0,0.09851486887782812,0.5283092148028663,-0.19797053259428665
29.92332124710083,20.183821038471663,20.0,0.11036438681185246,0.5241258255564025,-0.1838210384716632
29.943294763565063,20.170177980928948,20.0,0.12008733488619328,0.5244045113222091,-0.17017798092894765
29.96331286430359,20.154929897569037,20.0,0.1614615712314844,0.5165640111090033,-0.15492989756903697
29.983304262161255,20.138968856311884,20.0,0.15144032891839743,0.540244699922332,-0.13896885631188383
30.00337862968445,20.12511107278769,20.0,0.1697624484077096,0.5646235863686888,-0.12511107278768918
30.02331233024597,20.11090157854035,20.0,0.13008698541671038,0.5963986511350958,-0.11090157854034999
30.043267250061035,20.0968222826207,20.0,0.14349883887916803,0.5823667724625556,-0.0968222826206997
30.063270092010498,20.08320447825897,20.0,0.11910589691251516,0.5634434302346198,-0.08320447825897048
30.083274602890015,20.070266112686824,20.0,0.11326371785253286,0.5335522671238868,-0.07026611268682359
30.103251457214355,20.055824313163782,20.0,0.10806992743164301,0.5189931015492766,-0.055824313163782335
30.123239755630493,20.04071886994031,20.0,0.09725000336766243,0.5052177323968499,-0.04071886994031004
30.143238306045532,20.02323422706052,20.0,0.051356375217437744,0.5339057887913077,-0.02323422706052014
30.163338661193848,20.004557844577842,20.0,0.050899214314995334,0.5385191510440199,-0.004557844577842474
30.183253526687622,19.985545917171443,20.0,0.06616272890823893,0.5229543489412753,0.014454082828557091
30.203422784805298,19.966801984156255,20.0,0.09085567036527209,0.4982506432579248,0.0331980158437446
30.223198890686035,19.95052802295713,20.0,0.09296951789292507,0.5074064121590345,0.04947197704287021
30.243245363235474,19.934608720555367,20.0,0.06368165064486675,0.5374784232125966,0.06539127944463274
30.26325535774231,19.919355308735295,20.0,0.06432555071660317,0.5373495822868426,0.08064469126470541
30.28327775001526,19.907282761610542,20.0,0.07769925161846913,0.5527530793196638,0.09271723838945789
30.303301334381104,19.900054099618657,20.0,0.029072977748000994,0.5525261776937986,0.09994590038134277
30.323293447494507,19.896380416039662,20.0,0.0376346513221506,0.5370655607848311,0.10361958396033799
30.34338402748108,19.895272770417876,20.0,0.04018715038546361,0.4890896443693782,0.10472722958212444
30.36322832107544,19.895976636413582,20.0,0.007235352095449343,0.48478646561939964,0.10402336358641762
30.383232831954956,19.900236540689026,20.0,0.005142925918335095,0.5050443316294695,0.09976345931097441
30.403244972229004,19.90685413021942,20.0,0.0,0.4965585189356352,0.09314586978058159
30.42317485809326,19.917251263991297,20.0,0.0,0.5023291309780324,0.08274873600870336
30.44322371482849,19.92627832098347,20.0,0.03074922412633896,0.5312164084470714,0.07372167901652915
30.463181257247925,19.937837101204988,20.0,0.01779403816908598,0.48201396255259166,0.06216289879501247
30.483299732208252,19.953166084482504,20.0,0.019643175648525357,0.5316016630685771,0.04683391551749594
30.503297328948975,19.973026131359344,20.0,0.030195949831977487,0.5186251079148496,0.026973868640656207
30.523324966430664,20.002459001143578,20.0,0.028832073439843953,0.5331454215056146,-0.002459001143577666
30.54330015182495,20.05166335467979,20.0,0.06998528831172734,0.5391557429402019,-0.05166335467978911
30.563284873962402,20.120252862545353,20.0,0.050406974856741726,0.5014775906174327,-0.12025286254535317
30.583238124847412,20.202815598034583,20.0,0.10205033898819238,0.4899532970457221,-0.20281559803458293
30.603370189666748,20.292907931782718,20.0,0.10333515575621277,0.49876128960837374,-0.2929079317827181
30.623302459716797,20.38585580320507,20.0,0.07574655360076576,0.49896157802228114,-0.3858558032050716
30.643282890319824,20.478337443922378,20.0,0.07120751973707229,0.5449320067572989,-0.47833744392237776
30.663256883621216,20.558632365561557,20.0,0.07736289838794619,0.5050343227494158,-0.5586323655615573
30.6832377910614,20.637772007096654,20.0,0.08796883898321539,0.5253947404134669,-0.6377720070966539
30.70325541496277,20.71170714875727,20.0,0.07325699797365814,0.5351086360323825,-0.7117071487572701
30.723247289657593,20.78007879387991,20.0,0.06712306023109704,0.49515820563916346,-0.780078793879909
30.743404865264893,20.842784215769637,20.0,0.05219941132236272,0.49242478296306214,-0.8427842157696368
30.76323175430298,20.897585047102197,20.0,0.03446880273986608,0.5034751823559054,-0.8975850471021971
30.783283472061157,20.94545123447876,20.0,0.06009551614988595,0.5526744170501479,-0.9454512344787602
30.803245306015015,20.98723924562646,20.0,0.0995783555554226,0.5488027316905209,-0.9872392456264585
30.82331156730652,21.023704155951936,20.0,0.06875811622012407,0.555158642718161,-1.0237041559519362
30.843352794647217,21.05551071580865,20.0,0.048542450298555195,0.5328684129207977,-1.0555107158086514
30.863307237625122,21.0832434181113,20.0,0.08069501363206655,0.5166559458166011,-1.0832434181113015
30.883245706558228,21.107321658299977,20.0,0.12972034059930593,0.5368190758317359,-1.107321658299977
30.903247356414795,21.12832094915846,20.0,0.0985309622483328,0.5494904784872778,-1.1283209491584607
30.92333149909973,21.146628228003156,20.0,0.08679081324953586,0.578489119784499,-1.1466282280031557
30.943231105804443,21.162583201610353,20.0,0.10043218091595918,0.5548264148100861,-1.162583201610353
30.963277578353882,21.176483818411707,20.0,0.093993422226049,0.5729745408907183,-1.1764838184117075
30.9833927154541,21.188591169910854,20.0,0.07363600900862366,0.5935513960584649,-1.188591169910854
31.00321650505066,21.199133866471865,20.0,0.12099534890148789,0.6260025451346882,-1.1991338664718647
31.023295879364014,21.208311932693235,20.0,0.13573341874871403,0.6125793127730139,-1.2083119326932348
31.04327154159546,21.2163002664332,20.0,0.13298961950931698,0.6492470583334216,-1.2163002664332012
31.063207149505615,21.223251703593622,20.0,0.10765182285103947,0.6292653108402737,-1.223251703593622
31.083258628845215,21.226983380215188,20.0,0.09167395776603371,0.5992691951259621,-1.226983380215188
31.10316228866577,21.22838032625248,20.0,0.06960748380515724,0.5796651194259175,-1.2283803262524806
31.123193740844727,21.229593190467778,20.0,0.0514360690722242,0.5554837609097012,-1.229593190467778
31.143163442611694,21.226855489357412,20.0,0.03288508078549057,0.5481253090701648,-1.226855489357412
31.163119792938232,21.22144595472618,20.0,0.041286342428065836,0.5547490768521675,-1.2214459547261782
31.183067798614502,21.21432318454305,20.0,0.03419705864507705,0.5614655228718766,-1.2143231845430513
31.20306158065796,21.206198154333656,20.0,0.01359909598249942,0.5741505768537172,-1.2061981543336557
31.2232825756073,21.197591108237226,20.0,0.044658038881607354,0.57992136817571,-1.1975911082372264
31.24318504333496,21.18887610112658,20.0,0.050313864019699395,0.6038606107622035,-1.1888761011265814
31.263142347335815,21.180315789495292,20.0,0.0578236534493044,0.5659948937981971,-1.1803157894952925
31.28324270248413,21.172088532419377,20.0,0.09121177264023572,0.5600347054578014,-1.1720885324193766
31.30325412750244,21.166625785088375,20.0,0.07487426057923585,0.5380046313084312,-1.1666257850883746
31.323277235031128,21.16322718223636,20.0,0.08309017692226917,0.5308015752970823,-1.1632271822363585
31.34321141242981,21.16027642846979,20.0,0.0927561066346243,0.5419191779955872,-1.160276428469789
31.36322784423828,21.158789943794392,20.0,0.08120988227892667,0.5301079439386376,-1.1587899437943925
31.38305377960205,21.16067603599646,20.0,0.0953729246975854,0.4994973378643044,-1.1606760359964596
31.403167009353638,21.16485494631972,20.0,0.1091835965635255,0.5043042182378121,-1.1648549463197213
31.42309284210205,21.170516268490385,20.0,0.09218532231170684,0.5039323311802582,-1.1705162684903847
31.44318151473999,21.177058041367665,20.0,0.07492080156225711,0.5311588798221782,-1.1770580413676655
31.463277339935303,21.184038950341744,20.0,0.08942160208243877,0.5112561084833578,-1.1840389503417441
31.483063220977783,21.191140893538215,20.0,0.08317750657442957,0.5254060863089398,-1.1911408935382148
31.503173112869263,21.198139733777897,20.0,0.11456906015519053,0.5267611939497874,-1.1981397337778965
31.52314805984497,21.204882507031094,20.0,0.0967106648022309,0.5210556254760013,-1.204882507031094
31.54326868057251,21.210736754920696,20.0,0.11166700965259224,0.5097090170756564,-1.2107367549206955
31.563228845596313,21.21635252357908,20.0,0.13509666046593338,0.5290614028499112,-1.2163525235790793
31.583163022994995,21.221654646245334,20.0,0.1314105762867257,0.546673861987947,-1.2216546462453337
31.603142499923706,21.226599179665527,20.0,0.0882207079557702,0.5369194193781004,-1.2265991796655271
31.623290300369263,21.231165025942257,20.0,0.059075692552141845,0.5169915116429911,-1.231165025942257
31.643200397491455,21.23534751114842,20.0,0.05338327481877059,0.515894383265695,-1.2353475111484187
31.6632399559021,21.239153492306013,20.0,0.05753950390499085,0.5461274330309243,-1.2391534923060128
31.68319034576416,21.240281306808342,20.0,0.04675088345538825,0.5151370075336308,-1.2402813068083418
31.703112840652466,21.23951919574573,20.0,0.07236998982261866,0.5186587258512736,-1.2395191957457286
31.723279237747192,21.237464464737144,20.0,0.04562000825535506,0.4924718181873322,-1.237464464737144
31.74327826499939,21.234566057434595,20.0,0.11562000825535507,0.453103453227377,-1.234566057434595
31.763242483139038,21.232049586214668,20.0,0.12269685236271471,0.5136243815804482,-1.2320495862146679
31.78334665298462,21.228973171748066,20.0,0.10597184864338488,0.4973492662693024,-1.2289731717480663
31.803236484527588,21.225588910239654,20.0,0.08182413508649916,0.5343530777181149,-1.2255889102396544
31.823216438293457,21.222080016054615,20.0,0.08138490487937816,0.5138349629277945,-1.2220800160546155
31.843332767486572,21.218577030985532,20.0,0.10128957425360569,0.4892019204134703,-1.2185770309855322
31.863329648971558,21.215170471072053,20.0,0.12019873802666553,0.5306077136928797,-1.215170471072053
31.883456468582153,21.211920665708732,20.0,0.11771052187425085,0.5367594094286323,-1.2119206657087318
31.9034423828125,21.208865387262552,20.0,0.09177711835247465,0.5197051328877569,-1.208865387262552
31.92330813407898,21.206025744944,20.0,0.08633066617068835,0.5356621773252845,-1.2060257449440002
31.943499326705933,21.203410717730232,20.0,0.12401815407094546,0.5049897072176099,-1.2034107177302324
31.96325945854187,21.201020622535786,20.0,0.11346918340888806,0.5052092952109524,-1.2010206225357862
31.98341131210327,21.19894548086594,20.0,0.11322739620693029,0.5092182826637872,-1.198945480865941
32.003336668014526,21.19704806044519,20.0,0.10351317089982331,0.5188812228306778,-1.1970480604451907
32.02337956428528,21.195324088038767,20.0,0.08147798751480878,0.5173106783922412,-1.1953240880387668
32.04329228401184,21.193766024337453,20.0,0.09977315639145673,0.5214500216688611,-1.193766024337453
32.06319212913513,21.19236426017836,20.0,0.10655303292907775,0.5223467313489527,-1.1923642601783584
32.083213090896606,21.19110800196721,20.0,0.08536688418127597,0.501015110014996,-1.1911080019672085
32.10318970680237,21.1899859178909,20.0,0.07692311604507268,0.4579538275292725,-1.1899859178909011
32.12319850921631,21.188986600948816,20.0,0.06430004716850818,0.47374467745336,-1.188986600948816
32.14311218261719,21.188098892546826,20.0,0.09043691859580577,0.48564372219057983,-1.1880988925468259
32.163257122039795,21.187312100712667,20.0,0.09596963872201741,0.45700183331879085,-1.187312100712667
32.18319225311279,21.188932487450437,20.0,0.06692185712046922,0.47686475150199836,-1.1889324874504368
32.20317482948303,21.190339348586605,20.0,0.09460408513434232,0.45814673051150745,-1.1903393485866047
32.22315192222595,21.193403620940646,20.0,0.07863681663759053,0.4874504172048182,-1.1934036209406464
32.2432165145874,21.19753834011041,20.0,0.03383416210301221,0.512162700369081,-1.197538340110409
32.263325214385986,21.202307600599912,20.0,0.008147134380415089,0.5258780942103476,-1.2023076005999123
32.28319478034973,21.207391907715433,20.0,0.021134289847686893,0.5221688051978708,-1.207391907715433
32.30320119857788,21.21256104367648,20.0,0.03907570702023805,0.5013887782851816,-1.2125610436764802
32.32323145866394,21.217652868064032,20.0,0.054702483983710415,0.4859489820236922,-1.2176528680640324
32.34321141242981,21.222556798855244,20.0,0.04297287569381297,0.46160969168791777,-1.2225567988552442
32.36328363418579,21.22951732794162,20.0,0.022758824685588486,0.450526240588224,-1.2295173279416183
32.383222818374634,21.237722885941277,20.0,0.032986662285402424,0.4639921116913319,-1.2377228859412774
32.403164863586426,21.24657696004332,20.0,0.026517405575141317,0.4379365875656367,-1.2465769600433205
32.42314791679382,21.25564813255308,20.0,0.026835412740474573,0.429668549754715,-1.2556481325530804
32.4432737827301,21.263523956124082,20.0,0.03630107736564242,0.41599392921576506,-1.2635239561240823
32.463249921798706,21.271469018683046,20.0,0.0458394503442105,0.3908015026981593,-1.271469018683046
32.48320198059082,21.27925278200805,20.0,0.06230772568262183,0.4004300249079824,-1.2792527820080508
32.5031943321228,21.28671936978712,20.0,0.08498663178062998,0.38753602311859137,-1.2867193697871215
32.523154973983765,21.296085220597217,20.0,0.04716574868536555,0.4098657763833762,-1.2960852205972166
32.54327058792114,21.306523426327484,20.0,0.05730638841516339,0.38889691450545794,-1.3065234263274839
32.5632050037384,21.317431370990878,20.0,0.0738187860918697,0.41214525916526323,-1.317431370990878
32.58312773704529,21.328378109399353,20.0,0.04417716341442429,0.4267307187701226,-1.3283781093993525
32.602689266204834,21.339063293056025,20.0,0.05159488229430281,0.46527987004170424,-1.3390632930560251
32.623290061950684,21.34928519902199,20.0,0.058158506661420695,0.4836054354245425,-1.3492851990219883
32.64337110519409,21.358915924126926,20.0,0.047180354617303244,0.4857286541527719,-1.3589159241269257
32.663435220718384,21.36727756554712,20.0,0.05743995590484702,0.4656468248731107,-1.3672775655471199
32.68284773826599,21.375142000405088,20.0,0.020984414055710665,0.4411933264500112,-1.3751420004050878
32.70304298400879,21.382453818972618,20.0,0.009850844762986533,0.44090319633047326,-1.3824538189726177
32.72314667701721,21.38918909888077,20.0,0.01806460695690476,0.3973096518174861,-1.3891890988807702
32.74313139915466,21.39534641873547,20.0,0.03914278747863137,0.39300022156472547,-1.3953464187354712
32.763123750686646,21.400940023340034,20.0,0.025742900579934946,0.37817999043996675,-1.4009400233400342
32.78311538696289,21.40367831542736,20.0,0.0076581156102474846,0.39631690898473604,-1.40367831542736
32.80314302444458,21.40667754402016,20.0,0.01775810310966336,0.3915511097156559,-1.4066775440201589
32.82309865951538,21.407462621566744,20.0,0.0038529122469481147,0.4265432718538795,-1.4074626215667436
32.84309005737305,21.40900545058753,20.0,0.009432325627421967,0.45247720995481355,-1.4090054505875287
32.86308932304382,21.411033937854356,20.0,0.03237937625846826,0.41215022721822603,-1.4110339378543557
32.88315773010254,21.412795122289157,20.0,0.02955894314101898,0.3924143619232927,-1.4127951222891575
32.90334439277649,21.414875398557175,20.0,0.03275048013194465,0.42613833466108186,-1.4148753985571751
32.92317223548889,21.417122484306276,20.0,0.05531817886396312,0.43320167226280315,-1.417122484306276
32.942577600479126,21.419426210949467,20.0,0.02988349858089351,0.4316870511838351,-1.4194262109494673
32.96333718299866,21.42170856477801,20.0,0.03078362394473516,0.46050812093104465,-1.4217085647780117
32.98327350616455,21.423915922275206,20.0,0.017142374556278817,0.4556228814044152,-1.4239159222752065
33.003318071365356,21.426013014116382,20.0,0.04205581035814249,0.4332863890894805,-1.426013014116382
33.022700548172,21.427978248958663,20.0,0.039077661720803014,0.41932355960394485,-1.427978248958663
33.04319620132446,21.42980010495514,20.0,0.04554111256613397,0.4378874951371108,-1.4298001049551416
33.06324768066406,21.43147435799074,20.0,0.039551574991783134,0.41778180909837825,-1.4314743579907407
33.08320069313049,21.432927987221955,20.0,0.058586454273900024,0.40525188551779134,-1.4329279872219551
33.10321235656738,21.43426404214963,20.0,0.011740131558617584,0.41364812640036686,-1.4342640421496284
33.12322735786438,21.435483220681906,20.0,0.0,0.44065188405598743,-1.4354832206819061
33.14321565628052,21.43658908783711,20.0,0.011274648830294609,0.3978197702535544,-1.4365890878371097
33.16327738761902,21.43758710611649,20.0,0.0,0.4160789025345002,-1.4375871061164887
33.183226585388184,21.43848391201214,20.0,0.0,0.37143734072829826,-1.4384839120121384
33.20322942733765,21.439286782543192,20.0,0.0,0.38223055446083887,-1.439286782543192
33.22324538230896,21.440003247841233,20.0,0.003633011132478714,0.36822754026885374,-1.4400032478412328
33.243210792541504,21.440640815389,20.0,0.0,0.3844659558826242,-1.4406408153889991
33.263188123703,21.44120677907887,20.0,0.0,0.4148167453103815,-1.4412067790788683
33.283137798309326,21.441708092217766,20.0,0.0,0.4448546774082933,-1.441708092217766
33.30316495895386,21.44214334508409,20.0,0.014375404454767704,0.45269424164231165,-1.4421433450840908
33.32320237159729,21.44252918594606,20.0,0.01457520859548822,0.4720539885901962,-1.4425291859460607
33.343164920806885,21.442870537402126,20.0,0.0,0.459892868749157,-1.4428705374021256
33.36310839653015,21.44317199110637,20.0,0.0,0.44439251416857584,-1.4431719911063716
33.383161783218384,21.443437787832853,20.0,0.0015274747274816036,0.4267991564565454,-1.4434377878328526
33.40316200256348,21.44367181287608,20.0,0.0,0.4034486941390787,-1.4436718128760795
33.42316174507141,21.443877602224898,20.0,0.0,0.3998585766975884,-1.443877602224898
33.44310212135315,21.44405835605667,20.0,0.03603171557188034,0.36127378557372136,-1.4440583560566687
33.46310830116272,21.44421695696034,20.0,0.01652011275291443,0.38339989584434075,-1.4442169569603394
33.4825484752655,21.444355990963828,20.0,0.0,0.3914124122684006,-1.4443559909638282
33.503132343292236,21.444477769955085,20.0,0.0,0.3751580412362818,-1.4444777699550855
33.52315974235535,21.444583501584457,20.0,0.0,0.3351860935662989,-1.4445835015844573
33.54309058189392,21.44467615338031,20.0,0.006351748947054148,0.3382999605828081,-1.4446761533803105
33.563063859939575,21.444757278351606,20.0,0.0,0.3601704060428892,-1.4447572783516058
33.58315420150757,21.4448282589762,20.0,0.011276500299572945,0.3609915542628732,-1.4448282589762016
33.6030855178833,21.44489032284933,20.0,0.03773427940905094,0.3634082106154528,-1.4448903228493286
33.62307047843933,21.444944557634656,20.0,0.03730623543378897,0.38960669834428696,-1.4449445576346562
33.64312791824341,21.444991925136843,20.0,0.03055170484003611,0.4103746497284737,-1.4449919251368435
33.66317129135132,21.445033274393104,20.0,0.027922290872083977,0.4062350265894201,-1.4450332743931043
33.68309926986694,21.445069353738294,20.0,0.04178648118977435,0.4095026586882886,-1.445069353738294
33.70306921005249,21.4451008218391,20.0,0.04448384212446399,0.42442107077018587,-1.4451008218391017
33.723098278045654,21.445128257721375,20.0,0.0323126919392962,0.41888900629506676,-1.4451282577213753
33.74313139915466,21.445152169833822,20.0,0.013569998351158574,0.4382316504351911,-1.4451521698338219
33.76312494277954,21.44517293094036,20.0,0.0,0.4155589748852071,-1.445172930940359
33.78318738937378,21.445191029526296,20.0,0.021215960383415222,0.4688917954199132,-1.4451910295262955
33.80311727523804,21.445206801791237,20.0,0.021802008792292327,0.4673713401870918,-1.4452068017912367
33.82318925857544,21.445220542562783,20.0,0.06824407418025658,0.4719039903001976,-1.445220542562783
33.84312868118286,21.44523251016221,20.0,0.09273201850010082,0.4568865208866191,-1.44523251016221
33.863117694854736,21.445242930746186,20.0,0.07447265338851139,0.4572047005794593,-1.4452429307461863
33.88327169418335,21.445252002170125,20.0,0.08755132247461006,0.4589433343071141,-1.4452520021701254
33.90313220024109,21.44294354933334,20.0,0.0794055123697035,0.4884529997516074,-1.4429435493333393
33.92255187034607,21.43908622853992,20.0,0.05520647735102102,0.4631875668573775,-1.4390862285399209
33.943233489990234,21.434254753662664,20.0,0.06291879544733092,0.43161965803388735,-1.434254753662664
33.963170766830444,21.42887398343495,20.0,0.08232750761089846,0.44785891370062014,-1.4288739834349506
33.983153104782104,21.42420226134566,20.0,0.04967949929414317,0.4556927968669333,-1.424202261345659
34.00323820114136,21.419197384644313,20.0,0.04424216476036236,0.44758061961416384,-1.4191973846443133
34.02302050590515,21.41409300826468,20.0,0.07080383290303871,0.45286232921440384,-1.414093008264679
34.04312205314636,21.4090540466534,20.0,0.05749125749571249,0.42593101727921745,-1.4090540466533987
34.06311583518982,21.40419332215763,20.0,0.08608702727360651,0.4324734698902466,-1.4041933221576315
34.08309745788574,21.399584501550976,20.0,0.07968359271762893,0.460766727469454,-1.3995845015509758
34.10311198234558,21.395272113432107,20.0,0.060566922824364156,0.4936078324835398,-1.3952721134321067
34.12320327758789,21.39127927404729,20.0,0.047515670012217015,0.5217597152959206,-1.3912792740472888
34.1431622505188,21.38761361781575,20.0,0.03767364769009873,0.5022808447401621,-1.3876136178157488
34.163185834884644,21.38427182457839,20.0,0.05926122813252732,0.5148816987793543,-1.3842718245783914
34.183143854141235,21.381243052842894,20.0,0.08062144479481503,0.5245113860737183,-1.381243052842894
34.20316958427429,21.378613395893918,20.0,0.08384532685158774,0.5368599690418341,-1.3786133958939182
34.223127603530884,21.376228387371057,20.0,0.10421708616195247,0.4988698944370844,-1.3762283873710572
34.24321961402893,21.3740761635022,20.0,0.11109906452475116,0.5055662588137784,-1.374076163502199
34.26313877105713,21.37214234892866,20.0,0.14027538354275748,0.4921814388516941,-1.3721423489286586
34.28320026397705,21.3704112026539,20.0,0.18122473190305755,0.47777698923979184,-1.3704112026539015
34.30315136909485,21.36655010190424,20.0,0.15895809809444472,0.4564079380515613,-1.3665501019042416
34.32325005531311,21.361311335370278,20.0,0.1836382822948508,0.4549332680334919,-1.361311335370278
34.34317660331726,21.35525373628581,20.0,0.1956609349581413,0.48574085628293684,-1.3552537362858104
34.36321020126343,21.346470691436572,20.0,0.16851994692115113,0.4834368215096765,-1.346470691436572
34.38325595855713,21.333709733439527,20.0,0.13751243165461347,0.4896647916329675,-1.3337097334395267
34.403122425079346,21.322630343903757,20.0,0.16024577541975304,0.5189259392363601,-1.3226303439037572
34.42303228378296,21.306586351580673,20.0,0.17536645865766332,0.4831327316505485,-1.3065863515806733
34.44311499595642,21.27825148872026,20.0,0.16874497913522646,0.5393028003317886,-1.2782514887202616
34.4631621837616,21.21433021306922,20.0,0.18640091427369043,0.5240204907176667,-1.2143302130692213
34.48313331604004,21.097263425033507,20.0,0.19243559491587803,0.5216479099044227,-1.097263425033507
34.50314974784851,20.934786346760827,20.0,0.16715481941355392,0.5534949286529445,-0.9347863467608271
34.523202657699585,20.74505023593326,20.0,0.16644264379283413,0.5489020717950188,-0.7450502359332596
34.54254770278931,20.539064661648112,20.0,0.17293708020588383,0.5607091083811246,-0.5390646616481121
34.562596797943115,20.327221256054937,20.0,0.15257527300855145,0.5724987962903105,-0.327221256054937
34.583122968673706,20.116892225950064,20.0,0.1386884189560078,0.5811073358790599,-0.11689222595006399
34.60258984565735,19.913158250657958,20.0,0.16188594134291634,0.603073327584716,0.08684174934204236
34.6225426197052,19.71937445861402,20.0,0.15246124000987038,0.5979904427813016,0.28062554138598017
34.643155574798584,19.551126422826314,20.0,0.17836179392179474,0.5882931703390204,0.4488735771736856
34.66313052177429,19.391531780083145,20.0,0.15418452949961647,0.6163126600594842,0.6084682199168547
34.68312644958496,19.242153714612048,20.0,0.15918703324859962,0.6105391385653638,0.7578462853879522
34.70317888259888,19.103808726769515,20.0,0.18399443611269817,0.6058186001764261,0.8961912732304853
34.72304368019104,18.976773166131437,20.0,0.1810605998034589,0.6056488419426023,1.0232268338685628
34.74316215515137,18.860940920951233,20.0,0.14852894720388576,0.5973489007455646,1.1390590790487671
34.762577533721924,18.75594302589825,20.0,0.15987681940896437,0.5991585266319452,1.244056974101749
34.783140659332275,18.661237666729797,20.0,0.10777391464216635,0.5667803299156366,1.3387623332702034
34.802557945251465,18.576177251189183,20.0,0.15917091042501852,0.583472450497502,1.4238227488108173
34.823336362838745,18.50005778290695,20.0,0.1801655699382536,0.5899604957093834,1.49994221709305
34.843133211135864,18.432154642070536,20.0,0.18532074213726446,0.605561882025504,1.567845357929464
34.86310529708862,18.37319940154685,20.0,0.19154505262849852,0.6356157620911835,1.6268005984531513
34.883148193359375,18.3228778845684,20.0,0.19827646081103012,0.6578847763602971,1.677122115431601
34.90334987640381,18.279879401192755,20.0,0.18471433751983568,0.6955067811076878,1.7201205988072452
34.9230535030365,18.243100574070116,20.0,0.17304081720067188,0.6899568883245228,1.756899425929884
34.94255876541138,18.209294752428043,20.0,0.2029680820996873,0.6779616491412161,1.7907052475719567
34.96323895454407,18.17844487103386,20.0,0.21501257893396541,0.6541747224991559,1.8215551289661391
34.983256101608276,18.152777521303978,20.0,0.20576033153338358,0.6967511100237607,1.8472224786960219
35.00317358970642,18.131386316895075,20.0,0.18705720425350592,0.6692493685995577,1.8686136831049254
35.023186445236206,18.111212654155832,20.0,0.1828804571996443,0.6696225267960108,1.8887873458441682
35.04338812828064,18.09009999868096,20.0,0.21565506205661222,0.6933942393524921,1.9099000013190413
35.06329154968262,18.06657521094055,20.0,0.15802646026713774,0.6936427484915475,1.9334247890594511
35.083253383636475,18.046150389607973,20.0,0.14198503800434992,0.7,1.9538496103920266
35.10316562652588,18.021945297192076,20.0,0.12817229208303615,0.6945819955319166,1.978054702807924
35.123374223709106,17.995752425119637,20.0,0.12658178963465616,0.6919665290508419,2.004247574880363
35.14332699775696,17.968869190569283,20.0,0.09722734586102888,0.7,2.031130809430717
35.16340661048889,17.94221494854607,20.0,0.09577322291443124,0.6639827758073806,2.05778505145393
35.1831579208374,17.91642222996638,20.0,0.10901538660982624,0.6307479411363601,2.083577770033621
35.20317077636719,17.8919076730641,20.0,0.11060648452257738,0.6406237052753567,2.1080923269358998
35.223257541656494,17.871243328869724,20.0,0.14435906003927812,0.6442415486555546,2.128756671130276
35.24332237243652,17.8561142217342,20.0,0.13029912527417764,0.6008749302010983,2.143885778265801
35.26324486732483,17.847544856002678,20.0,0.11774367972975597,0.6376586365979164,2.1524551439973223
35.28326749801636,17.843757602966665,20.0,0.12018643895862624,0.7,2.156242397033335
35.30317568778992,17.840469413187638,20.0,0.08482887799618766,0.6959602085873484,2.1595305868123624
35.32327222824097,17.842853182216885,20.0,0.07552422321168706,0.6805271541699767,2.157146817783115
35.343228816986084,17.851430106910243,20.0,0.057749823841731995,0.6598133256658911,2.148569893089757
35.36322212219238,17.864082632357622,20.0,0.0853624094161205,0.6543511858209967,2.135917367642378
35.38325810432434,17.883865230513123,20.0,0.10165119468001649,0.6481755262240767,2.1161347694868766
35.40315914154053,17.917344261664294,20.0,0.10072329518152401,0.6506414863280952,2.0826557383357063
35.42325520515442,17.97103597117785,20.0,0.08221067738486454,0.6305100529454648,2.0289640288221484
35.443039894104004,18.044301016370717,20.0,0.0904801242868416,0.6359583426266908,1.9556989836292828
35.46323537826538,18.138495817232226,20.0,0.11594411887926981,0.6866582360118627,1.8615041827677743
35.483177185058594,18.25401091504799,20.0,0.1151363936951384,0.6812641288153827,1.7459890849520114
35.503384828567505,18.38592298182072,20.0,0.11016156047116965,0.6885634398087859,1.6140770181792803
35.523133516311646,18.5004524060678,20.0,0.10699663369450718,0.6536801939830184,1.4995475939321992
35.5431489944458,18.627501252045192,20.0,0.09636663796845824,0.6586162627674639,1.3724987479548076
35.56312870979309,18.759897484450654,20.0,0.11804852040950209,0.674066908005625,1.2401025155493457
35.58259320259094,18.892518618154863,20.0,0.10412613453809172,0.680232048779726,1.1074813818451368
35.602593183517456,19.02180074800996,20.0,0.10707625735085458,0.6776465590111911,0.9781992519900413
35.623037338256836,19.14304010627132,20.0,0.10296152473893017,0.6835324981249868,0.8569598937286784
35.64256978034973,19.257814210499127,20.0,0.12221056909766048,0.7,0.7421857895008728
35.66269850730896,19.365072816509727,20.0,0.10386406572069973,0.6955792152322828,0.634927183490273
35.6831591129303,19.464284515408767,20.0,0.13879166857805103,0.7,0.5357154845912326
35.70311522483826,19.555292276362586,20.0,0.12262023927178234,0.6977602788712829,0.4447077236374142
35.72314381599426,19.638203242740936,20.0,0.12505547783803195,0.6597636440303176,0.36179675725906435
35.74318170547485,19.71018866056811,20.0,0.10804225772153586,0.6533227446954697,0.2898113394318891
35.76254463195801,19.775804802024474,20.0,0.09275022137444466,0.6354763801675289,0.22419519797552567
35.78309178352356,19.835267662355587,20.0,0.0497779994038865,0.6319979608990252,0.16473233764441275
35.803162813186646,19.886573088617062,20.0,0.08292403060477227,0.6235841832123696,0.11342691138293759
35.82255578041077,19.933176719881633,20.0,0.08284476646076655,0.6229560944368131,0.06682328011836702
35.8431830406189,19.975286342628443,20.0,0.11785597228299594,0.6170290961046703,0.024713657371556508
35.86313033103943,20.013164720395505,20.0,0.09827777431200957,0.6194821611163206,-0.013164720395504759
35.88311266899109,20.047105877604626,20.0,0.028277774312009563,0.5993669122573919,-0.04710587760462559
35.903186321258545,20.07741780289316,20.0,0.0183825380806229,0.6237544413772411,-0.0774178028931587
35.92310643196106,20.104410067161407,20.0,0.02841082491766428,0.5928155291941948,-0.10441006716140677
35.94311809539795,20.12838518161037,20.0,0.05061304659437155,0.5907857935992069,-0.12838518161036916
35.96306753158569,20.149200988088694,20.0,0.057550273340602864,0.6083038371172733,-0.14920098808869398
35.98321485519409,20.16770559589878,20.0,0.11244605804648017,0.6172072054934687,-0.16770559589878076
36.00314378738403,20.184117203382836,19.999999799699882,0.08584830487932776,0.5882100189221091,-0.18411740368295426
36.02315878868103,20.200958875723494,19.999994608135683,0.08707021173875545,0.5957369749550707,-0.2009642675878105
36.04319620132446,20.21765540220978,19.999975112724748,0.10045512576441978,0.5654880647663958,-0.21768028948503115
36.06311750411987,20.233811078045186,19.999931914949176,0.1119852298576734,0.5948336553876288,-0.23387916309600953
36.08318281173706,20.24916530848544,19.999855730795247,0.10327305269282078,0.591772897739429,-0.24930957769019457
36.102561235427856,20.263558211530555,19.999737390290303,0.07820106667320942,0.6217309540254063,-0.26382082124025175
36.12255239486694,20.279220420038556,19.99956783703965,0.07684702236991142,0.6087498670560307,-0.2796525829989065
36.143115758895874,20.293035139349,19.999338127763423,0.08634005949686979,0.6246435424429364,-0.2936970115855786
36.16317892074585,20.307518891451913,19.99903943183351,0.0950624402318499,0.6680229088407941,-0.30847945961840395
36.1825954914093,20.320094054815414,19.998663030810402,0.10237809919606661,0.6750232205842621,-0.3214310240050118
36.203163862228394,20.333003700779614,19.998200317980114,0.11535482385050272,0.6702599880401976,-0.3348033827994996
36.22310209274292,20.34580543946292,19.997642797891057,0.11316379459429299,0.6553633838077075,-0.3481626415718644
36.243014097213745,20.358194839398294,19.99698208589093,0.12528549713868414,0.6771597816725261,-0.36121275350736326
36.2630877494812,20.369971315591883,19.99620990766362,0.14726860655326163,0.6385088629205711,-0.3737614079282636
36.28322076797485,20.378695351089352,19.995318098766067,0.14844606371450936,0.6141156341065652,-0.38337725232328523
36.30306935310364,20.38506930000224,19.994298604165177,0.1877501487903646,0.6057212363113649,-0.3907706958370625
36.32310128211975,20.38964294003008,19.993143477774705,0.1698792569510988,0.6076109295128844,-0.3964994622553739
36.342620611190796,20.39284558295045,19.99184488199213,0.16606071658286964,0.5576837693690322,-0.4010007009583205
36.3631329536438,20.39269520471921,19.990395087235566,0.14733295395824825,0.5852733885287307,-0.40230011748364447
36.38261532783508,20.387903498749704,19.98878647148063,0.1470404658463667,0.6167913933633826,-0.3991170272690745
36.4031457901001,20.383743217288917,19.98701151979735,0.15468341903731925,0.6326516677974723,-0.39673169749156756
36.42319393157959,20.374085891623633,19.985062823887038,0.13739496888563735,0.6520908770500682,-0.3890230677365949
36.44316554069519,20.356232248282286,19.982933081619198,0.10297018708632094,0.6393974961130879,-0.37329916666308804
36.463297843933105,20.333156133999758,19.980615096568386,0.11457993509218795,0.6417610095697455,-0.3525410374313722
36.48320937156677,20.304744414087608,19.978101777551128,0.08623801032052142,0.6208478296059183,-0.32664263653648007
36.503090381622314,20.27569182289367,19.975386138162797,0.09181567188323242,0.6487718345480971,-0.3003056847308727
36.523298263549805,20.246959773006775,19.9724612963145,0.11138748098135692,0.6502068516449071,-0.2744984766922762
36.543198108673096,20.21920759495935,19.96932047376997,0.1327914828431676,0.622379475145135,-0.2498871211893814
36.56256031990051,20.192867422414583,19.965956995682454,0.1141265025359462,0.6204430529498495,-0.2269104267321289
36.58319568634033,20.16820219370088,19.962364290131607,0.07020873483241302,0.6637591303908266,-0.20583790356927167
36.60327672958374,20.14766674575157,19.95853588766037,0.07685852842376334,0.6296691478812135,-0.18913085809120034
36.62332320213318,20.1298373455471,19.95446542081187,0.0694950469766627,0.6402341009699739,-0.17537192473522722
36.643290996551514,20.11506103176587,19.95014662366631,0.06645340472430689,0.6232601584517397,-0.16491440809955904
36.663207054138184,20.105111108313952,19.94557333137784,0.06809307390329195,0.5881805600249208,-0.15953777693611215
36.68327331542969,20.10109207836767,19.94073947971147,0.0582909932124312,0.5556823046528734,-0.16035259865619977
36.7031888961792,20.101298452060224,19.93563910457995,0.058025730045919766,0.5762199381017126,-0.16565934748027544
36.72323656082153,20.10675061753533,19.93026634158064,0.014412650110607494,0.5609735840582288,-0.17648427595468874
36.74265217781067,20.115702716054212,19.924615425532437,0.04180598931241547,0.5434725483530201,-0.1910872905217751
36.76318597793579,20.12684986794864,19.918680690012636,0.0404380325632519,0.5351774463080801,-0.20816917793600354
36.78321552276611,20.14154422702976,19.912456566893823,0.024504021595639636,0.5202755530946888,-0.22908766013593862
36.803261518478394,20.158315138513657,19.90593758588077,0.03396353204123442,0.5162827538908459,-0.2523775526328862
36.82328391075134,20.17840273514173,19.899118374047323,0.022837405878526618,0.51991462392034,-0.27928436109440824
36.84327793121338,20.195843299394923,19.891993655373287,0.04407419994793599,0.507431785215158,-0.3038496440216356
36.86323690414429,20.217723321119287,19.884558250281323,0.044557909626455505,0.5414137343061156,-0.3331650708379641
36.882665395736694,20.242110257452655,19.876807075173822,0.04073052867868682,0.571871005569119,-0.36530318227883285
36.903268337249756,20.267595732484377,19.868735141969818,0.04807134406262775,0.5364849796635098,-0.398860590514559
36.92331099510193,20.29317256400522,19.860337557641845,0.0647559712230577,0.5616674242657609,-0.43283500636337635
36.94324254989624,20.31813877527772,19.851609523752863,0.0814231994151487,0.5472006542724557,-0.46652925152485736
36.963299036026,20.342022879833014,19.842546335993116,0.09047234957659384,0.5824217056971974,-0.49947654383989715
36.98324251174927,20.36684225929092,19.833143383717037,0.07887984966480871,0.5641229977947659,-0.533698875573883
37.003201961517334,20.396289846447715,19.82339614948013,0.09977402692282339,0.5537772892159409,-0.5728936969675864
37.0231077671051,20.432808704212235,19.813300208575868,0.05989004453265806,0.5330756181967444,-0.6195084956363672
37.043208599090576,20.473276677504018,19.802851228572575,0.07616718267643591,0.5306188141577877,-0.670425448931443
37.063220739364624,20.508412005112366,19.792044968850313,0.06090867301070829,0.551417864265386,-0.7163670362620529
37.08344769477844,20.545926488477374,19.780877280137776,0.0656923196799471,0.5975209207856096,-0.7650492083395974
37.10263013839722,20.58410479663546,19.76934410404918,0.03414858799049397,0.573160196992103,-0.8147606925862831
37.122748613357544,20.626370695413396,19.757441472621146,0.06009538765618344,0.5802933218539692,-0.86892922279225
37.14304995536804,20.670361841349308,19.7451655078496,0.03998304638633271,0.553177509328816,-0.9251963334997093
37.16314768791199,20.71670827629613,19.73251242122664,0.0633271850235178,0.5616319997818209,-0.9841958550694905
37.18312358856201,20.763469193516016,19.719478513277462,0.05661718701565405,0.5581782410037703,-1.0439906802385543
37.203227519989014,20.81160197108809,19.706060173097207,0.05472237025940557,0.5517399088595993,-1.1055417979908846
37.223166942596436,20.861735429851578,19.69225387788788,0.09338342552626272,0.5886864141677506,-1.169481551963699
37.24316382408142,20.914253608711974,19.678056192495223,0.14354510387027403,0.5935196849633939,-1.2361974162167506
37.26335072517395,20.96936040453067,19.66346376894562,0.14884875682735582,0.618036647432018,-1.30589663558505
37.28332281112671,21.017205531603768,19.648473345982964,0.1705110908075585,0.6218391986214555,-1.3687321856208037
37.30308508872986,21.064036882052037,19.633081748605573,0.15863614869856973,0.5836351805948652,-1.4309551334464636
37.32313632965088,21.108929847835817,19.617285887603053,0.16070553139405092,0.5739473433815874,-1.4916439602327642
37.34316563606262,21.15129330023189,19.601082759093195,0.14760386143432697,0.5700857123476453,-1.5502105411386964
37.36307191848755,21.188466969772907,19.584469444058886,0.13564554174052318,0.568481352168601,-1.6039975257140213
37.38256621360779,21.218739861537472,19.56744310788496,0.10533520151482662,0.5641698106075637,-1.6512967536525132
37.40268278121948,21.238789073126938,19.550000999895115,0.07179228161083301,0.5667842291179113,-1.688788073231823
37.42326879501343,21.248892373670117,19.532140452888797,0.061444297810958226,0.5882767774048261,-1.71675192078132
37.44318771362305,21.24487212342716,19.513858882678083,0.051935848226712544,0.5987427048268728,-1.7310132407490784
37.46342611312866,21.226515188376805,19.495153787624567,0.07417356446938356,0.6026854873518459,-1.7313614007522382
37.48316717147827,21.201000415857393,19.476022748176266,0.045600081240700086,0.5938991368631832,-1.7249776676811273
37.503098011016846,21.17884783893296,19.45646342640449,0.06667165123479207,0.6079729148070327,-1.72238441252847
37.523080825805664,21.15195295579791,19.43647356554074,0.06214444097684463,0.6129410625318996,-1.715479390257169
37.54312014579773,21.122472971387396,19.4160509895136,0.09123598356352886,0.6157433732762001,-1.7064219818737953
37.56311273574829,21.094290716175653,19.395193602485623,0.10055111665831645,0.6421103987260721,-1.69909711369003
37.58327007293701,21.070068926688393,19.37389938839021,0.06885646600829204,0.6626489374204538,-1.6961695382981823
37.60314869880676,21.049236361855673,19.35216641046852,0.07793155629740794,0.6518844242556951,-1.697069951387153
37.62337374687195,21.03130692615669,19.329992810806342,0.04728639815555652,0.6285966455354355,-1.7013141153503497
37.643155574798584,21.0181828235823,19.307376809870988,0.049476611340360244,0.6145494959666393,-1.7108060137113128
37.66314148902893,21.008742295660717,19.284316706048184,0.029053884470777114,0.597574404196348,-1.7244255896125331
37.6825487613678,21.00210911069728,19.26081087517897,0.06286953287752112,0.562014049605932,-1.741298235518311
37.703160762786865,20.99991701616789,19.236857770096556,0.10055060955317457,0.5648245843942277,-1.7630592460713324
37.723220109939575,20.99801378373064,19.21245592016325,0.07705609398515662,0.5459712627227418,-1.7855578635673908
37.743186950683594,20.999214953544087,19.187603930807327,0.05973144518764456,0.574022300064098,-1.8116110227367592
37.763153076171875,21.00254072368928,19.162300483059923,0.044894101941899855,0.557404223352205,-1.840240240629356
37.783202171325684,21.009570897401105,19.13654433309191,0.02533702077897032,0.5239887344534508,-1.8730265643091961
37.80327224731445,21.02130514591939,19.110334311750808,0.06426243382127722,0.4834785084123723,-1.9109708341685803
37.82315444946289,21.035997497842807,19.083669324097663,0.05663640881510218,0.5042996625299565,-1.9523281737451441
37.8432457447052,21.052357275112477,19.05654834894393,0.0633893999326392,0.5051362863043323,-1.9958089261685465
37.86256957054138,21.06944405319592,19.028970438388377,0.03879010109783848,0.5177391333738341,-2.040473614807542
37.88331484794617,21.08890181967665,19.000934717353957,0.024706417607085307,0.5200992428464815,-2.0879671023226933
37.90323853492737,21.10949362091761,18.972440383124713,0.017881748644576867,0.5249485486885532,-2.137053237792898
37.92257285118103,21.13033040577028,18.943486704882652,0.025516578374372323,0.5388691631844267,-2.1868437008876285
37.94255542755127,21.14842143436775,18.91407302324465,0.040550442790554364,0.512601383193396,-2.2343484111231007
37.963258266448975,21.16649529310726,18.884198749799324,0.02857311200903495,0.4836646618088707,-2.282296543307936
37.98325276374817,21.184080891372666,18.853863366643935,0.014899307308660348,0.47864110923837866,-2.330217524728731
38.00307536125183,21.203180234980678,18.823066425921276,0.007075905246601899,0.48692153270822014,-2.3801138090594023
38.022655963897705,21.22282763530043,18.791807549356545,0.0,0.5138943238882347,-2.431020085943885
38.04254603385925,21.242337899935894,18.760086427794256,0.0,0.47599176007788624,-2.4822514721416375
38.06252121925354,21.26123872185783,18.727902820735117,0.02837471105158329,0.45106513861101116,-2.5333359011227117
38.08252739906311,21.279218107647132,18.695256555872913,0.05784165672957897,0.45837329158093776,-2.5839615517742196
38.10318660736084,21.296083637133542,18.662147528631415,0.040532395243644714,0.4483688726788386,-2.6339361085021267
38.123236656188965,21.31404736268211,18.62857570170124,0.052672921679914,0.4165656894212588,-2.6854716609808698
38.143264055252075,21.334616789724077,18.594541104576773,0.07839304488152266,0.42797939868178214,-2.7400756851473034
38.16311550140381,21.35247569144432,18.560043833093033,0.11334406491369009,0.423536190460436,-2.7924318583512857
38.18321132659912,21.371959535385248,18.525084048962558,0.1222288254648447,0.4305566280847415,-2.8468754864226895
38.203192710876465,21.39205853774732,18.48966197931232,0.10238305106759071,0.42028997389134015,-2.902396558435001
38.22318148612976,21.41205511003509,18.453777916220588,0.09899056050926447,0.4222907961113378,-2.958277193814503
38.24316740036011,21.43145352886016,18.41743221625384,0.07269211579114199,0.41068873244803394,-3.014021312606321
38.263134479522705,21.449925238731716,18.380625300003626,0.06147741712629795,0.43883048433344807,-3.06929993872809
38.28259301185608,21.46726645475333,18.343357651623478,0.0844225250184536,0.43782093694899227,-3.1239088031298508
38.30314898490906,21.481049077886194,18.305629818365794,0.09856250509619713,0.4314496404724195,-3.1754192595203996
38.32332468032837,21.489680384405574,18.26744241011872,0.07171631790697575,0.4302722398890182,-3.2222379742868554
38.34309244155884,21.48987351390778,18.22879609894304,0.06045221257954836,0.4456631147069856,-3.261077414964742
38.363144636154175,21.481884212839763,18.189691618609086,0.04326582420617342,0.42274306125473227,-3.292192594230677
38.383188247680664,21.474947697675965,18.15012976413359,0.050925043411552906,0.4293559940299019,-3.3248179335423735
38.403340578079224,21.46239965328698,18.11011139131661,0.05405469494871795,0.4576673453440889,-3.3522882619703687
38.42334008216858,21.44628465292077,18.069637416278393,0.06784129492007196,0.45078992999624456,-3.376647236642377
38.44310474395752,21.428116823878607,18.028708814996275,0.07925108238123357,0.4508888181619113,-3.3994080088823324
38.46338653564453,21.409001951426518,17.987326622841568,0.0680958095472306,0.44115705139411143,-3.42167532858495
38.483301401138306,21.38973305159296,17.94549193411645,0.04649859922938049,0.45091903212887696,-3.4442411174765084
38.503121852874756,21.368548649079106,17.90320590159086,0.052533580688759685,0.4445563978835707,-3.465342747488247
38.52315139770508,21.34890843666127,17.86046973603937,0.05277321625908371,0.4266229956730967,-3.4884387006218986
38.54318714141846,21.330858404168204,17.817284705778093,0.05495345241797622,0.4279794621135806,-3.513573698390111
38.56278657913208,21.314388586211738,17.77365213620156,0.04822947386128362,0.4456934279616689,-3.5407364500101792
38.58352279663086,21.299450414642095,17.72957340931961,0.05200034145673271,0.4705883751477813,-3.5698770053224855
38.60324478149414,21.2864807126957,17.68504996329429,0.05329891176370438,0.42169200655480377,-3.601430749401409
38.62334060668945,21.274709162233293,17.640083291976733,0.03470247679797467,0.4262710216309642,-3.63462587025656
38.64326739311218,21.264080062299605,17.59467494444405,0.06437125497905072,0.43250326466222755,-3.669405117855554
38.663331031799316,21.25452461493916,17.548826524536217,0.05906047367898282,0.4357451915595447,-3.7056980904029437
38.68308782577515,21.245966738439293,17.502539690392965,0.04199196466652211,0.42297486009483687,-3.7434270480463283
38.70318841934204,21.238327297057648,17.455816153990675,0.054120735949254595,0.3535747283924138,-3.782511143066973
38.72329902648926,21.231527119396706,17.408657680679262,0.01355629948375281,0.37566208446805827,-3.8228694387174436
38.74318599700928,21.225489095847337,17.36106608871906,0.004337932667112909,0.36302314119820944,-3.864423007128277
38.76346969604492,21.22013958109383,17.313043248817724,0.0,0.3841480573493754,-3.9070963322761045
38.78317880630493,21.217725625049482,17.264591083667103,0.0,0.39387158004974476,-3.9531345413823793
38.8025164604187,21.21741427017595,17.21571156748014,0.012337983585894108,0.39694727750902525,-4.001702702695809
38.82321047782898,21.217143943925485,17.166406725527757,0.0,0.36947285363858096,-4.050737218397728
38.8434112071991,21.218336842489396,17.116678633675743,0.0,0.349740886859945,-4.101658208813653
38.86312699317932,21.220514629651785,17.066529417921647,0.0,0.35400443364342205,-4.153985211730138
38.88319253921509,21.22331910580616,17.01596125393167,0.0261159036308527,0.3533617414970649,-4.207357851874487
38.90314745903015,21.22648495619582,16.964976366577538,0.017602615989744663,0.38161498200788624,-4.2615085896182805
38.9231653213501,21.229818374404722,16.913577029473412,0.02871394157409668,0.39582419753714926,-4.31624134493131
38.94315052032471,21.233180330057984,16.861765564512762,0.043362085707485676,0.37412501857324965,-4.371414765545222
38.963160037994385,21.236473503277416,16.809544341405264,0.02817760966718197,0.35070551731332666,-4.4269291618721525
38.98256492614746,21.239632110334405,16.756915777213685,0.011403394863009453,0.3434420459409011,-4.48271633312072
39.00331163406372,21.24261400561569,16.703882335890775,0.005549520254135132,0.3279974589560879,-4.538731669724914
39.023393869400024,21.245394572823376,16.65044652781615,0.0,0.2802536318515194,-4.594948045007225
39.04271745681763,21.24780873226434,16.596610909333194,0.009420473128557205,0.30644065872475035,-4.651197822931145
39.0633909702301,21.25005805480186,16.542378082285932,0.01383128296583891,0.3277786745195044,-4.707679972515926
39.082730531692505,21.25213360419643,16.487750693555927,0.0,0.30066911303147204,-4.764382910640503
39.10337996482849,21.254033753283743,16.432731434599177,0.004627869464457035,0.29642062433704264,-4.821302318684566
39.12258839607239,21.255761994523777,16.377323040982986,0.01421850360929966,0.28703771237924225,-4.87843895354079
39.14256548881531,21.257325284323926,16.321528291922867,0.0,0.25457424004271156,-4.935796992401059
39.16255974769592,21.25641645366211,16.26535000981943,0.0,0.2587409669969929,-4.99106644384268
39.18351864814758,21.249181792486468,16.20879105979526,0.0,0.23221642323478586,-5.040390732691208
39.20301103591919,21.22847860965427,16.15185434923183,0.007882184349000454,0.22930203014693684,-5.076624260422442
39.223286390304565,21.187384345089352,16.094542827306352,0.026239427737891674,0.23027866680349685,-5.092841517783
39.243335485458374,21.12162812886479,16.036859484528705,0.003933935426175594,0.24220107935543633,-5.0847686443360836
39.26354956626892,21.0645369031027,15.978807352278302,0.019195941276848316,0.2772770269977627,-5.0857295508243965
39.28367519378662,20.981641749716893,15.92038950234099,0.03995925281196833,0.2929740722494898,-5.0612522473759025
39.30280375480652,20.87374299394018,15.861609046445924,0.033337969332933426,0.3146858464198885,-5.012133947494256
39.32351493835449,20.73973914521329,15.80246913580247,0.04594626557081938,0.31185400925751305,-4.937270009410819
39.34269118309021,20.579553126706706,15.74297296063709,0.04239784902893007,0.32319521133031226,-4.836580166069616
39.36366820335388,20.403086823002923,15.683123749730232,0.041735920298378915,0.2775755075010238,-4.719963073272691
39.38353157043457,20.219963302574136,15.622924769953215,0.035911788407247514,0.282467113083112,-4.597038532620921
39.40344572067261,20.037042010648783,15.562379325805123,0.0,0.2654496312345145,-4.4746626848436595
39.42326045036316,19.856765705813807,15.501490758949696,0.044837500900030136,0.2457612950558541,-4.35527494686411
39.44330859184265,19.685394068181186,15.440262447752202,0.049079121090471745,0.24174408821563698,-4.2451316204289835
39.46259832382202,19.522407571296892,15.378697806816355,0.045147377997636795,0.23740003837447143,-4.143709764480537
39.48258948326111,19.380898533459074,15.316800286521174,0.03234758973121643,0.2672995573113439,-4.064098246937901
39.502591609954834,19.24667896129821,15.2545733725579,0.0,0.26860677413351364,-3.9921055887403085
39.52349328994751,19.121059851869518,15.192020585466862,0.0,0.27838423438079185,-3.929039266402656
39.543378591537476,19.004725133783186,15.129145480174376,0.0,0.3140843581379158,-3.87557965360881
39.563228368759155,18.897905161316494,15.065951645529635,0.03204408660531044,0.34430166668898887,-3.831953515786859
39.58327603340149,18.802825522015468,15.002442703841599,0.03609213372692466,0.3489748147287173,-3.800382818173869
39.603198766708374,18.71840630210622,14.93862231041588,0.049253754783421755,0.34193496368534393,-3.7797839916903406
39.62326669692993,18.64130011231612,14.874494153091632,0.03625856572762132,0.3446965637587709,-3.766805959224488
39.64253520965576,18.573621883618113,14.81006195177844,0.08683781558647752,0.35738623058132357,-3.763559931839673
39.662564277648926,18.514275784669085,14.74532945799321,0.0805604262277484,0.3350910554610891,-3.7689463266758754
39.68340301513672,18.459964731990574,14.68030045439706,0.07385133625939488,0.3290171940781874,-3.7796642775935148
39.70333504676819,18.412810489428068,14.614978754332205,0.0650466694496572,0.2992652972199721,-3.7978317350958637
39.72323250770569,18.369641768615836,14.549368201358849,0.06156310415826738,0.28836377905390687,-3.8202735672569865
39.74324059486389,18.332695368329443,14.483472668792077,0.0843618696089834,0.3140453436382813,-3.849222699537366
39.76339364051819,18.30104458853246,14.417296059238733,0.09524396783672273,0.31815591696358747,-3.883748529293726
39.78360843658447,18.276222544088537,14.350842304134312,0.08398424717597663,0.28167636934376783,-3.925380239954224
39.803608894348145,18.256797787892314,14.284115363279874,0.05169747653417289,0.29115679450042076,-3.97268242461244
39.823368072509766,18.241633819846683,14.21711922437889,0.05618258682079613,0.2607572969020111,-4.024514595467792
39.84373188018799,18.22982895661218,14.149857902574169,0.03782740165479481,0.26191994009714104,-4.079971054038012
39.86349034309387,18.220668377741276,14.082335439984721,0.05233772308565676,0.2700673753599403,-4.138332937756555
39.88366389274597,18.213585893110285,14.014555905242663,0.02204277948476374,0.28057552149693943,-4.199029987867622
39.90342116355896,18.208133470189566,13.946523393030095,0.0,0.29516313152562357,-4.261610077159471
39.923511028289795,18.20339953740283,13.878242023616007,0.0,0.28823560590099073,-4.325157513786824
39.94334411621094,18.199846832942605,13.809715942393145,0.003071513259783387,0.26585286224435545,-4.390130890549459
39.96346116065979,18.19489186961984,13.740949319414923,0.022976070875301957,0.25219541249971367,-4.453942550204918
39.9833345413208,18.184460816104043,13.67194634893229,0.022679327143123373,0.27782714015047527,-4.512514467171753
40.00278377532959,18.170501086841988,13.602711248930635,0.009073381399502978,0.30388895815412975,-4.567789837911352
40.02346396446228,18.154458315662094,13.533248260666678,0.0,0.3111581133882282,-4.621210054995416
40.04344701766968,18.139707857955862,13.463561648205335,0.014253014698624611,0.3000518607179401,-4.676146209750527
40.063483238220215,18.12624376263708,13.393655697956646,0.0,0.28205555698077656,-4.732588064680435
40.08331513404846,18.11402799425371,13.323534718212624,0.0,0.2815091100375866,-4.7904932760410865
40.103293657302856,18.103001234601546,13.253203038684173,0.001560947741381824,0.260570573885343,-4.849798195917373
40.12316656112671,18.093090946218318,13.182665010037958,0.018866854603402317,0.2594000052515184,-4.91042593618036
40.1431839466095,18.084486580822322,13.111925003433317,0.06036079197656363,0.23882742857967965,-4.972561577389005
40.16324019432068,18.076746791804297,13.04098741005912,0.050060825305990875,0.23579867885855488,-5.0357593817451765
40.18302798271179,18.06981150193158,12.969856640670677,0.07357474404852837,0.22465900567767672,-5.099954861260901
40.203222036361694,18.063617780244872,12.898537125126634,0.04121167946141213,0.23035732007992915,-5.165080655118238
40.22327256202698,18.058102372180958,12.827033311925842,0.03545918769668788,0.21172840430808715,-5.231069060255116
40.24323296546936,18.05320346547499,12.755349667744255,0.017219151253812015,0.1945589697308605,-5.297853797730735
40.26323580741882,18.048861878709975,12.683490676971832,0.010727359796874225,0.19521593695681072,-5.365371201738142
40.283267974853516,18.045021817524326,12.6114608412494,0.0015379682881757617,0.18022148518066383,-5.433560976274926
40.303266525268555,18.041631310593292,12.539264679005559,0.007157869986258447,0.19437592776666857,-5.5023666315877335
40.323298931121826,18.036326063613274,12.466906724993583,0.0,0.19618210787593848,-5.56941933861969
40.34314227104187,18.018248954476057,12.394391529828278,0.0,0.20382109456404573,-5.623857424647779
40.363255739212036,18.002553946792617,12.321723659522899,0.0,0.23347038761421568,-5.680830287269718
40.383198976516724,17.961935937212356,12.248907695026023,0.0,0.23018804760358758,-5.713028242186333
40.40322542190552,17.886546597036958,12.17594823175845,0.029044559225440025,0.21383666628680653,-5.710598365278507
40.42323708534241,17.772778212741688,12.10284987915008,0.03428946901112795,0.179679576397757,-5.669928333591608
40.443143367767334,17.626085457016142,12.029617260176797,0.012555534951388836,0.19554245667241044,-5.596468196839345
40.46310806274414,17.458073801298674,11.956255010897399,0.03545126225799322,0.2128093429811997,-5.501818790401275
40.48321890830994,17.27968238430138,11.88276777999043,0.026480086147785187,0.21608595628931648,-5.39691460431095
40.50316619873047,17.098782875145478,11.8091602282911,0.01608455739915371,0.21789378786634184,-5.289622646854378
40.523231744766235,16.920908881616775,11.735437028328185,0.053396401926875114,0.21065205076884008,-5.18547185328859
40.5431923866272,16.74982420221984,11.661602863860876,0.01691274531185627,0.2219359187613008,-5.088221338358965
40.56317210197449,16.587964166066847,11.587662429415722,0.011988417711108923,0.24037986455659843,-5.000301736651124
40.58310317993164,16.447433150195852,11.51362042982347,0.0,0.21839698983530975,-4.933812720372382
40.6033570766449,16.31476457468841,11.439481579755974,0.011684253811836243,0.21445500591944433,-4.875282994932437
40.62331676483154,16.191053562562445,11.365250603263096,0.0,0.2159210463025374,-4.825802959299349
40.643178939819336,16.076824689197895,11.290932233309572,0.011229338124394417,0.20752557282976336,-4.785892455888323
40.663167238235474,15.97219241362544,11.216531211311926,0.0,0.1656265175872249,-4.755661202313513
40.68317484855652,15.876983319531998,11.142052286675332,0.021132050082087517,0.18525879187218375,-4.734931032856666
40.703150033950806,15.790828608394404,11.067500216330526,0.03904852643609047,0.2150573889695806,-4.723328392063879
40.72326111793518,15.713233492676864,10.992879764270677,0.009521033614873886,0.25425608558289237,-4.720353728406186
40.74315643310547,15.64362871541459,10.918195701088289,0.022638753056526184,0.24604602167091794,-4.725433014326301
40.7631778717041,15.581408297341994,10.843452803512083,0.03680806886404753,0.23925918349705166,-4.7379554938299115
40.78321433067322,15.525956723121345,10.768655853943905,0.032144615426659584,0.22072294363460965,-4.75730086917744
40.80336260795593,15.477812250637058,10.693809639995578,0.03139027877477929,0.23551654638431496,-4.78400261064148
40.8232479095459,15.434867815489598,10.618918954025816,0.023362197156529874,0.20518386931798882,-4.815948861463783
40.84317660331726,15.3966670205112,10.543988592677117,0.0007587393629364669,0.2021323173277778,-4.852678427834084
40.86321949958801,15.36276784303044,10.469023356412638,0.0,0.20578135163232214,-4.893744486617802
40.88318133354187,15.33274989408022,10.394028049053096,0.0,0.18742579207464583,-4.938721845027123
40.9032769203186,15.30621889034755,10.319007477313647,0.0,0.1698642874573124,-4.9872114130339025
40.923200845718384,15.28280907229059,10.243966450340773,0.0,0.1938427871529711,-5.038842621949817
40.94320821762085,15.262184131974447,10.1689097792492,0.01142777968198061,0.22865360588475592,-5.093274352725247
40.963107109069824,15.244037081333795,10.09384227665873,0.014803034719079733,0.23410916546999938,-5.150194804675065
40.983160972595215,15.228089387948623,10.018768756231196,0.008321233093738556,0.19520298982679374,-5.209320631717427
41.00326633453369,15.214089624825466,9.943694032207308,0.007062144577503204,0.20304758785932786,-5.270395592618158
41.023224115371704,15.201934673051015,9.86862291894354,0.0,0.20277486375125586,-5.333311754107475
41.043206214904785,15.19125857874002,9.793560230449064,0.007511175237596035,0.17641470959933936,-5.397698348290957
41.062795877456665,15.181891037205773,9.718510779922578,0.05385322030633688,0.18858996412309348,-5.463380257283195
41.08324885368347,15.173679271377196,9.643479379289243,0.03878073487430811,0.20497137500497042,-5.530199892087953
41.10325336456299,15.16648670494541,9.568470838737532,0.06275226082652807,0.19924142171221315,-5.598015866207877
41.12321662902832,15.16019161378793,9.49348996625618,0.08716378640383482,0.20944168657588302,-5.666701647531751
41.143152713775635,15.154685797846525,9.418541567170994,0.0974723594263196,0.21228242159413635,-5.7361442306755315
41.16324162483215,15.149873302214305,9.343630443681814,0.10545303393155336,0.24280636996554672,-5.806242858532491
41.18327736854553,15.145669206108176,9.268761394399334,0.09741441812366247,0.23290860239940225,-5.876907811708842
41.20320701599121,15.141998490909652,9.193939213882063,0.11745589505881071,0.20719707344251215,-5.948059277027589
41.22323703765869,15.138794992957676,9.119168692173169,0.15341962780803442,0.21953630127536594,-6.019626300784507
41.24317812919617,15.136013634246583,9.04445461433735,0.19815052580088377,0.2467734576814109,-6.091559019909232
41.26325750350952,15.131269248078949,8.969801759997807,0.19037969317287207,0.2717330218903953,-6.161467488081142
41.28327226638794,15.1206537230914,8.895214902873022,0.16532495338469744,0.27187729737779587,-6.225438820218379
41.303208112716675,15.094658250619702,8.820698810313717,0.15746465604752302,0.28949636331817596,-6.273959440305985
41.32322382926941,15.037818142846207,8.746258242839753,0.16929936781525612,0.32804347313067406,-6.291559900006455
41.343212366104126,14.935572141252562,8.67189795367696,0.1743051903322339,0.34568340814730614,-6.263674187575603
41.36315679550171,14.776686600132425,8.59762268829408,0.20303230080753565,0.31320925167819946,-6.179063911838345
41.38315558433533,14.566433318544611,8.523437183939624,0.22441441658884287,0.3049503231333801,-6.042996134604987
41.4031548500061,14.319093168598952,8.449346169178785,0.22917912574484944,0.3462677301751682,-5.869746999420167
41.42326903343201,14.052511829242288,8.375354363430318,0.2192934644408524,0.32783513720205515,-5.67715746581197
41.44322848320007,13.777275311159924,8.301466476503396,0.21688626729883254,0.31510084698966234,-5.475808834656528
41.46310210227966,13.538307939038804,8.227687208134576,0.18720320821739733,0.3259760096581885,-5.310620730904228
41.48323655128479,13.295803330950024,8.154021247524593,0.22965284646488726,0.3055154561909148,-5.141782083425431
41.50310564041138,13.057233011181495,8.08047327287535,0.20728644379414618,0.30157652654743283,-4.976759738306145
41.523149490356445,12.82536651841344,8.007047950926696,0.184486590558663,0.2791540321806678,-4.818318567486745
41.54315948486328,12.599634493266816,7.933749936493415,0.16069243126548827,0.30878084310388654,-4.665884556773401
41.563210010528564,12.372530752367274,7.860583872002076,0.15609612059779465,0.3149520612234482,-4.511946880365198
41.5830774307251,12.141194147183848,7.787554387027878,0.1923448082525283,0.26488664065545886,-4.3536397601559695
41.60325264930725,11.906065284726644,7.7146660978316355,0.18587742908857763,0.29378548887616485,-4.1913991868950085
41.623223304748535,11.67449919079001,7.641923606896571,0.17936785449273884,0.3088635659689316,-4.03257558389344
41.64328956604004,11.444561581677537,7.569331502465253,0.187621925259009,0.2931303854013094,-3.875230079212283
41.663190841674805,11.210233327084518,7.49689435807651,0.162590746069327,0.30887113762146323,-3.7133389690080083
41.68315672874451,11.006783553762416,7.4246167321022405,0.19476410397328436,0.30442057055479377,-3.5821668216601754
41.703104972839355,10.788492736319345,7.352503167284388,0.19229403766803443,0.2869664194906363,-3.435989569034957
41.72313189506531,10.565646651445686,7.280558190271762,0.18278462602756917,0.30772284668928473,-3.285088461173924
41.743204832077026,10.345509651875364,7.208786311156976,0.16361559159122407,0.30225505278503983,-3.1367233407183885
41.7631413936615,10.133056017162087,7.137192023013316,0.15905081038363278,0.28483144165074914,-2.9958639941487704
41.783164262771606,9.931538290247682,7.0657798014316135,0.17061344464309514,0.31574051612114995,-2.865758488816068
41.80310845375061,9.742927409102732,6.994554104057178,0.20779487420804799,0.32679540448880284,-2.748373305045554
41.82313370704651,9.568252190111442,6.9235193701266375,0.18519153376109898,0.3301266573282191,-2.644732819984805
41.84324550628662,9.407859956099662,6.8526800200048505,0.19868545909412205,0.31064939982315987,-2.5551799360948113
41.86313343048096,9.261615524151704,6.782040454721807,0.21017672610469162,0.35257868952176064,-2.479575069429897
41.88317942619324,9.129052135040238,6.711605055509494,0.16563239437527955,0.29520198813697784,-2.417447079530744
41.9031765460968,9.013957216109619,6.641378183338805,0.19727264088578522,0.30842280964425295,-2.3725790327708136
41.92322754859924,8.909556677383959,6.571364178456411,0.23140938696451485,0.31169448088912755,-2.3381924989275475
41.94316649436951,8.815335710912192,6.501567359921662,0.24101360165514052,0.28689080704061776,-2.3137683509905305
41.963218212127686,8.730668459623642,6.431992025143472,0.23363570519722998,0.26311118569283276,-2.2986764344801696
41.98314046859741,8.654868428299542,6.362642449417216,0.18562490888871253,0.26280757217609785,-2.2922259788823265
42.003209829330444,8.587225096159015,6.293522885461588,0.18588444858323783,0.27097666720801494,-2.293702210697427
42.02328681945801,8.527029980435733,6.224637562955532,0.21355309977661818,0.2883741566067328,-2.302392417480201
42.04317784309387,8.473594685916419,6.155990688075114,0.230554883251898,0.30078372257703445,-2.3176039978413048
42.063186168670654,8.426262912391637,6.087586443030396,0.2242566094500944,0.29469119562709234,-2.338676469361241
42.08326530456543,8.384417948935647,6.0194289856023495,0.22035968641284853,0.2812787507747998,-2.364988963333298
42.10331988334656,8.345170487830984,5.951522448679739,0.24922308477107435,0.2970464703714242,-2.3936480391512447
42.12321901321411,8.311094840064648,5.883870939796001,0.26765173266176134,0.33057740601652763,-2.427223900268647
42.14321184158325,8.276859868213538,5.816478540666111,0.29778581636492163,0.33063438149401914,-2.4603813275474273
42.16319918632507,8.227202055428751,5.749349306723532,0.2799624331528321,0.3176098818541504,-2.477852748705219
42.18314051628113,8.15424247710924,5.682487266657086,0.27573643543291837,0.3292562271119095,-2.4717552104521534
42.20314931869507,8.053122702012331,5.6158964219477685,0.2259984976844862,0.2928940037847496,-2.4372262800645625
42.22315263748169,7.93279205831585,5.549580746405752,0.24576721445191652,0.30005390417063604,-2.383211311910098
42.24308657646179,7.793023830337202,5.483544185707178,0.22257442877162248,0.35093203779542814,-2.3094796446300245
42.263099193573,7.627223777017416,5.4177906569311585,0.2440557359950617,0.3799010574468411,-2.209433120086257
42.28329515457153,7.426865037422261,5.352324048096479,0.2447686996893026,0.37884852719726037,-2.074540989325782
42.30322813987732,7.200833899870509,5.287148217698732,0.265947928710375,0.38211067473748694,-1.913685682171777
42.323198318481445,6.962928243852133,5.222266994246972,0.2662964547635056,0.3532184146926738,-1.7406612496051608
42.343276023864746,6.756372479277139,5.1576841758007745,0.26791160966968164,0.341046802571509,-1.5986883034763641
42.36318039894104,6.54370776961646,5.093403529507048,0.25596790242707357,0.3675717691541649,-1.4503042401094115
42.383132457733154,6.332404662111128,5.029428791136919,0.25798948941519484,0.36306370688835155,-1.3029758709742092
42.40312170982361,6.1276161677584335,4.965763664622635,0.28465464239707217,0.3232647542492486,-1.1618525031357985
42.42317008972168,5.932749775189239,4.902411821594487,0.28486537621938623,0.3307613626704551,-1.0303379535947519
42.44311857223511,5.749910763366494,4.8393769009176335,0.21909895972930826,0.3335483226575888,-0.9105338624488608
42.4631233215332,5.580244437505212,4.776662508229055,0.2047043877246324,0.2850052941241301,-0.8035819292761568
42.48309683799744,5.42419913944934,4.714272215474363,0.2185986355470959,0.2458156909444369,-0.7099269239749768
42.50324296951294,5.2817272979266985,4.6522095604448275,0.2065760015102569,0.3047710176208056,-0.629517737481871
42.52319812774658,5.152438143857988,4.590478046314061,0.2652331783028785,0.25942150537157427,-0.5619600975439267
42.54317879676819,5.035712828362752,4.529081141175112,0.23129736693226732,0.24938666668022047,-0.5066316871876397
42.56312274932861,4.934368929310964,4.468022277577237,0.2310247402638197,0.2803004704066552,-0.46634665173372714
42.58313798904419,4.845117379986605,4.4073048520628095,0.2214192459359765,0.2718055093311704,-0.43781252792379544
42.603296756744385,4.766617155174946,4.3469322247042275,0.21629743929952383,0.319374694826547,-0.4196849304707184
42.622817277908325,4.697653454997161,4.286907718640789,0.2550890212878585,0.3109173927106894,-0.4107457363563718
42.64331650733948,4.6371311691436174,4.2272346196155866,0.2707462524995208,0.30105513554299246,-0.4098965495280309
42.663334608078,4.584067182852387,4.1679161755123815,0.2679709221702069,0.34899169426644217,-0.4161510073400052
42.68311429023743,4.539898429245911,4.108955595892521,0.25825878395698965,0.33198255148017775,-0.4309428333533898
42.703046798706055,4.500755844862365,4.050356051531825,0.2574902521446347,0.3579665723838843,-0.4503997933305399
42.7229540348053,4.466135937886473,3.9921206739574195,0.24670020304620266,0.3353941425331868,-0.47401526392905335
42.74316740036011,4.435569798076637,3.9342525549847167,0.2348346682265401,0.3330614786711521,-0.5013172430919202
42.76314949989319,4.408624892954994,3.8767547462542282,0.2502198489382863,0.3644538704422302,-0.5318701467007658
42.78312659263611,4.385230638392288,3.8196302587684556,0.2930759424343705,0.35455498808296393,-0.5656003796238327
42.80322527885437,4.364593867578757,3.762882062428897,0.28957781940698624,0.3898290503886528,-0.6017118051498596
42.823097229003906,4.346416270901864,3.7065130855727233,0.28252430399879813,0.33585252576740454,-0.6399031853291408
42.8430278301239,4.330425837071059,3.6505262145098953,0.30808470537886024,0.3078794755158014,-0.6798996225611633
42.863210916519165,4.316375989924115,3.5949242930598793,0.32436672737821937,0.27852878869744013,-0.7214516968642357
42.88314986228943,4.301727970445449,3.539710122088625,0.2849154262803495,0.24139734880300234,-0.7620178483568241
42.9031286239624,4.28705051917153,3.484886459045441,0.2973131272010505,0.2752727471408434,-0.8021640601260884
42.92322826385498,4.272739447817709,3.43045601749985,0.2730786777101457,0.30384699777932833,-0.8422834303178588
42.9431095123291,4.2567436754654215,3.3764214666785435,0.2713834011228755,0.2595398850855417,-0.8803222087868781
42.96313667297363,4.239999309658584,3.322785431002192,0.24168541852850467,0.23400846273871134,-0.9172138786563924
42.98321080207825,4.218543585305521,3.269550489622368,0.20028567884583026,0.2306427803006954,-0.9489930956831527
43.003138065338135,4.199915177631535,3.2167191759585094,0.19981723264208995,0.2812481407192535,-0.9831960016730257
43.02315163612366,4.155043766877094,3.1642939772346423,0.2567122316395398,0.3056388232973404,-0.990749789642452
43.043121337890625,4.0653308841438465,3.11227733401644,0.20591783136478625,0.31190426844405006,-0.9530535501274064
43.06318187713623,3.9213565373146744,3.0606716397479943,0.17764166728011332,0.28655288192676376,-0.8606848975666801
43.083075761795044,3.729589579803814,3.0094792402887904,0.18324716654024087,0.2882172636338509,-0.7201103395150237
43.10323715209961,3.5096808082466455,2.958702433450515,0.18954493463388644,0.24965216439450155,-0.5509783747961303
43.12317156791687,3.276020955840502,2.908343468533996,0.1920955165696796,0.26099692598218094,-0.36767748730650585
43.143176555633545,3.0389679524400415,2.858404545866108,0.18492931764922105,0.25404652986908327,-0.18056340657393344
43.16316342353821,2.8081219875836374,2.8088878163365862,0.20727160837850533,0.30631516535067926,0.0007658287529488383
43.1831579208374,2.58767123107511,2.7597953809350173,0.2300637018342968,0.2820189784863032,0.17212414985990732
43.20323705673218,2.380250739065049,2.711129290287637,0.25293230343959294,0.27819432910764585,0.33087855122258825
43.22323966026306,2.1896637068220164,2.6628915441942453,0.2311314464022871,0.27031102810287844,0.47322783737222895
43.24326133728027,2.02419117951061,2.6150840911651656,0.23862089015892707,0.2473369765677489,0.5908929116545556
43.263240575790405,1.872124294277998,2.5677088279579934,0.26274737328640185,0.24442201001802455,0.6955845336799953
43.2832670211792,1.7333764122218118,2.52076759911467,0.28536479905596934,0.2258329585776664,0.7873911868928583
43.30322217941284,1.6075363347427545,2.474262196498138,0.28900655344477855,0.25626358283916484,0.8667258617553837
43.323230028152466,1.493978267524706,2.4281943588294723,0.2438789194857236,0.25737047205911945,0.9342160913047663
43.34326457977295,1.389627506925918,2.382565771224641,0.2313521475007292,0.23557564067887138,0.992938264298723
43.363229751586914,1.2944221144806618,2.3373780647313467,0.16689023081562482,0.2642502878908999,1.0429559502506849
43.38325881958008,1.208078043737029,2.2926328158660283,0.18996034082374536,0.2242795025114901,1.0845547721289992
43.40325045585632,1.1301644623977456,2.248331546150723,0.15662304576835595,0.22807711233617733,1.1181670837529776
43.423219203948975,1.060159938130104,2.204475721649896,0.1467479177226778,0.17413961758138607,1.144315783519792
43.443246603012085,0.9974938518840136,2.1610667525073524,0.14705875574145466,0.18181414679856966,1.1635729006233388
43.46323013305664,0.9430855558639986,2.1181059924832084,0.12993932759854943,0.21392854825826357,1.1750204366192099
43.483274936676025,0.8943377873684228,2.0755947384906577,0.08087567111942917,0.20971251056762408,1.1812569511222348
43.5032172203064,0.8508064527459434,2.033534230132883,0.10375565348658711,0.2797125105676241,1.1827277773869396
43.52325081825256,0.8120456146789646,1.991925649240116,0.08860105613712221,0.22984427334042262,1.1798800345611515
43.54327654838562,0.777619807906031,1.9507701194062612,0.08638518548104912,0.18354736388893794,1.1731503115002302
43.563305377960205,0.7471123174915906,1.9100687055259336,0.09353685716632754,0.1407838326808996,1.162956388034343
43.583229541778564,0.72013043458728,1.8698224133313879,0.043230179348029196,0.14575157108949494,1.1496919787441078
43.603328704833984,0.6963084743029533,1.8300321889292803,0.0742747891927138,0.16190082001732659,1.133723714626327
43.62327527999878,0.6753091596472766,1.7906989183376538,0.01330766046885401,0.13309255036758255,1.1153897586903772
43.64338803291321,0.6568238340986179,1.7518234270227993,0.004647207097150385,0.08170414137886833,1.0949995929241814
43.663302183151245,0.6428882030473462,1.7134064794361414,0.0,0.13446365463780235,1.0705182763887953
43.683258295059204,0.6307889323750756,1.675448778551086,0.0,0.07995627242373299,1.0446598461760104
43.7032630443573,0.6289241213551082,1.637950965400023,0.01476247888058424,0.0925107773323543,1.0090268440449148
43.72333073616028,0.6457988529868677,1.6009136186111306,0.02914996352046728,0.09838927843840789,0.9551147656242629
43.74323630332947,0.689143060863004,1.5643372539452187,0.07896594982594252,0.09839024931251966,0.8751941930822147
43.763349771499634,0.7613118572248955,1.5282223238327504,0.05684502515941858,0.09655663022831046,0.7669104666078549
43.78335928916931,0.856232343714394,1.4925692169106242,0.05596125655574724,0.0954203325190019,0.6363368731962301
43.803356647491455,0.9644540894646678,1.4573782575590677,0.06485021550906822,0.08611683443713897,0.4929241680943999
43.823352575302124,1.079062456913425,1.4226497054386371,0.06329893873771653,0.12795496255684607,0.34358724852521205
43.843360900878906,1.1950863554278024,1.388383755026954,0.06446532014524564,0.13109310589324646,0.1932973995991516
43.86335754394531,1.3090356565926173,1.3545805351557192,0.06600040738703683,0.1583172163326662,0.045544878563101854
43.88340902328491,1.4079693491277232,1.321240108547439,0.10038370435358956,0.14125677257370167,-0.0867292405802842
43.9032986164093,1.5021212709947322,1.2883624713525847,0.16189886425854638,0.14876663185249978,-0.2137587996421475
43.92338728904724,1.5904705046611145,1.25594755268623,0.1613193391240202,0.10810443631898575,-0.33452295197488446
43.94321942329407,1.6724608700243022,1.2239952141650008,0.1869209198630415,0.14708455524932557,-0.4484656558593014
43.96333312988281,1.7478736425708423,1.1925052494440536,0.1887896375847049,0.17021079048108273,-0.5553683931267888
43.983256340026855,1.8190466003792494,1.1614773837539083,0.16062969696940854,0.15636445268582516,-0.6575692166253411
44.00326180458069,1.8853989101236008,1.1309112734372846,0.20147424546303228,0.14565421420674735,-0.7544876366863162
44.02331304550171,1.9443378359289558,1.1008065054860694,0.23699287680210546,0.1506455313746255,-0.8435313304428864
44.04327344894409,1.9988905893238715,1.0711625970781569,0.21331396681489423,0.13782487682592087,-0.9277279922457147
44.06335973739624,2.04895906120205,1.0419789951144338,0.18088784051360562,0.1667995812703293,-1.0069800660876163
44.08323836326599,2.094593289661698,1.0132550757554952,0.17334805225254968,0.18832788489352875,-1.0813382139062027
44.10331392288208,2.1342140919075443,0.9849901439587043,0.19584917818428949,0.18579972245324367,-1.14922394794884
44.12328028678894,2.1564465977725447,0.9571834330148903,0.17509966326178983,0.18173228286731952,-1.1992631647576544
44.14323568344116,2.135903072923761,0.9298341040855718,0.1740357358357869,0.19977723517049067,-1.2060689688381894
44.163233041763306,2.0398626152149326,0.9029412457393704,0.16579922050004825,0.16222684540379756,-1.1369213694755622
44.1831259727478,1.8475876401724538,0.8765038734893693,0.14764097280567512,0.16184367158975416,-0.9710837666830845
44.20318365097046,1.5750066550498112,0.8505209293296545,0.18867777608102188,0.16337738885603809,-0.7244857257201567
44.22327160835266,1.2538305302212747,0.8249912812724531,0.20170989021426067,0.16970755579940938,-0.4288392489488215
44.24327993392944,0.9073657352516518,0.799913722884817,0.1681140711880289,0.19022278162710332,-0.10745201236683477
44.26328372955322,0.5524669678906521,0.7752869728256258,0.214466629025992,0.22980279895536565,0.22282000493497367
44.28327441215515,0.2010634477103377,0.7511096743825085,0.20953755121445283,0.19588195207588338,0.5500462266721708
44.30323243141174,-0.1386511397574721,0.7273803950086233,0.21999322104966268,0.2423819941567626,0.8660315347660954
44.32326889038086,-0.43360001792232,0.704097625859621,0.19997415359830484,0.2651972067641463,1.137697643781941
44.34330368041992,-0.717375827938976,0.6812597813305104,0.22484861355042085,0.27217527433358096,1.3986356092694865
44.363237142562866,-0.985912162209101,0.6588651985925793,0.21800202265148982,0.2863442269252982,1.6447773608016805
44.38329768180847,-1.2367862083791596,0.6369121371302278,0.20436526596313342,0.2288733315753188,1.8736983455093874
44.40322685241699,-1.4687806161414025,0.6153987782778714,0.2006912920041941,0.19911418530218267,2.084179394419274
44.42319393157959,-1.6815474086661544,0.5943232247569057,0.2080686031258665,0.20075474994782322,2.27587063342306
44.44332408905029,-1.8730352817318172,0.5736835002124963,0.14351608738070354,0.2707547499478232,2.4467187819443135
44.463451862335205,-2.037747547073717,0.5534775487504788,0.1297787506482564,0.20384881930950993,2.591225095824196
44.483288288116455,-2.1656229366654323,0.5337032344744159,0.11106411780929193,0.19922957342643255,2.699326171139848
44.50324320793152,-2.257592966884658,0.5143583410220565,0.15052355494117364,0.18892290030199999,2.7719513079067144
44.523279428482056,-2.3221999769569392,0.4954405711028613,0.16473779029911384,0.19261393725465947,2.8176405480598006
44.54324221611023,-2.366098457980649,0.4769475460342747,0.1229171635932289,0.20417340874265844,2.8430460040149237
44.56321907043457,-2.4042122399868777,0.4588768052790648,0.0983162535703741,0.19636787503551656,2.8630890452659425
44.583261489868164,-2.4275476189226755,0.44122580598187255,0.13846775278216228,0.1902013596292954,2.868773424904548
44.60330152511597,-2.435370510772479,0.42399192250644546,0.1365048295701854,0.1202013596292954,2.8593624332789243
44.623211145401,-2.432212561266174,0.4071724459722077,0.10616661858512089,0.13616959856416994,2.8393850072383815
44.64316940307617,-2.419194413643788,0.39076458379129875,0.14093136292649433,0.19151271612908655,2.809958997435087
44.663185834884644,-2.399670657321156,0.3747654592054417,0.14889468223555014,0.17676837103035264,2.774436116526598
44.68323278427124,-2.373826430982292,0.359172110822918,0.1405497218365781,0.21839747683670335,2.73299854180521
44.7031192779541,-2.34427325173295,0.3439814921553186,0.1704678374226205,0.19945186854865365,2.6882547438882685
44.72317147254944,-2.312922777294168,0.32919047115445466,0.2100830587442033,0.2135222685855251,2.6421132484486227
44.74318838119507,-2.28115017522199,0.31479582974932185,0.19977604475570843,0.26066838776286655,2.595946004971312
44.76316523551941,-2.2499217351108287,0.300794263382933,0.20271607901668176,0.2261853349727016,2.5507159984937617
44.78322744369507,-2.22280840610638,0.28718238054933565,0.18615464348113164,0.17736071919616275,2.509990786655716
44.80331826210022,-2.1963537969893205,0.27395670233016034,0.16602846834575757,0.14322227811034732,2.470310499319481
44.82326531410217,-2.1710539302242564,0.2611136619319936,0.1243077315739356,0.14969509200718217,2.43216759215625
44.843294620513916,-2.1472229001934444,0.24864960422277704,0.1376327047473751,0.13140211360122972,2.3958725044162215
44.863240480422974,-2.1227238115861584,0.23656078526914825,0.12441090535139665,0.15161687800254636,2.3592845968553067
44.88321924209595,-2.0984063734463216,0.22484337187295367,0.06334039982175454,0.1258109185245257,2.3232497453192753
44.903225898742676,-2.077172337748148,0.2134934411083762,0.062254218908492476,0.13454827399518304,2.2906657788565243
44.923359870910645,-2.0563232456989713,0.2025069798586543,0.011297731252852827,0.10807251849736982,2.2588302255576256
44.94319772720337,-2.036291003579,0.19187988435321657,0.001600989664439112,0.12418905937638097,2.2281708879322166
44.963237047195435,-2.0173540770427896,0.1816079597043263,0.0,0.10900871095772796,2.198962036747116
44.98325514793396,-2.0019933640413368,0.1716869194440207,0.0065509178675711155,0.0706778281700235,2.1736802834853575
45.002772092819214,-1.988656800835849,0.16685661628299542,0.05624400684610009,0.10761900631304794,2.1555134171188444
45.0228226184845,-1.9779423042421993,0.16685661628299542,0.05624400684610009,0.10761900631304794,2.1447989205251945
45.0432391166687,-1.971647771293647,0.16685661628299542,0.05624400684610009,0.10761900631304794,2.1385043875766425
45.063228130340576,-1.9685891503191708,0.16685661628299542,0.05624400684610009,0.10761900631304794,2.1354457666021665
45.08298063278198,-1.9701750881737972,0.16685661628299542,0.05624400684610009,0.10761900631304794,2.137031704456793
45.102970600128174,-1.9749452484500745,0.16685661628299542,0.05624400684610009,0.10761900631304794,2.14180186473307
45.12319254875183,-1.9818013902218932,0.16685661628299542,0.05624400684610009,0.10761900631304794,2.1486580065048884
45.143178939819336,-1.9899257210193821,0.16685661628299542,0.05624400684610009,0.10761900631304794,2.156782337302378
45.1631863117218,-1.9987167952142444,0.16685661628299542,0.05624400684610009,0.10761900631304794,2.16557341149724
45.18337082862854,-2.0077392884949803,0.16685661628299542,0.05624400684610009,0.10761900631304794,2.1745959047779757
45.20314025878906,-2.019001082175043,0.16685661628299542,0.05624400684610009,0.10761900631304794,2.1858576984580385
45.223052978515625,-2.02877885897532,0.16685661628299542,0.05624400684610009,0.10761900631304794,2.1956354752583156
45.24349093437195,-2.0400107621586456,0.16685661628299542,0.05624400684610009,0.10761900631304794,2.206867378441641
45.2634973526001,-2.051956657447978,0.16685661628299542,0.05624400684610009,0.10761900631304794,2.2188132737309734
45.28350901603699,-2.0640836448765363,0.16685661628299542,0.05624400684610009,0.10761900631304794,2.2309402611595317
45.30337476730347,-2.0760168098948393,0.16685661628299542,0.05624400684610009,0.10761900631304794,2.2428734261778347
45.32363319396973,-2.0875008523648093,0.16685661628299542,0.05624400684610009,0.10761900631304794,2.2543574686478047
45.343268394470215,-2.0983702823850923,0.16685661628299542,0.05624400684610009,0.10761900631304794,2.2652268986680877
45.36323118209839,-2.1085263519554904,0.16685661628299542,0.05624400684610009,0.10761900631304794,2.275382968238486
45.38347816467285,-2.117919273186929,0.16685661628299542,0.05624400684610009,0.10761900631304794,2.2847758894699246
45.403080701828,-2.126534577079651,0.16685661628299542,0.05624400684610009,0.10761900631304794,2.2933911933626465
45.42355728149414,-2.134014603878466,0.16685661628299542,0.05624400684610009,0.10761900631304794,2.3008712201614614
45.4434814453125,-2.1408770580128857,0.16685661628299542,0.05624400684610009,0.10761900631304794,2.307733674295881
45.46347975730896,-2.1471296990139916,0.16685661628299542,0.05624400684610009,0.10761900631304794,2.313986315296987
45.483455181121826,-2.15279398806052,0.16685661628299542,0.05624400684610009,0.10761900631304794,2.3196506043435154
45.50332474708557,-2.1579003376203736,0.16685661628299542,0.05624400684610009,0.10761900631304794,2.324756953903369
45.52346873283386,-2.162484576034325,0.16685661628299542,0.05624400684610009,0.10761900631304794,2.3293411923173206
45.54332137107849,-2.1665853491503166,0.16685661628299542,0.05624400684610009,0.10761900631304794,2.333441965433312
45.563251972198486,-2.1702422412943974,0.16685661628299542,0.05624400684610009,0.10761900631304794,2.3370988575773928
45.58308243751526,-2.1734944454004315,0.16685661628299542,0.05624400684610009,0.10761900631304794,2.340351061683427
45.6029851436615,-2.1763798496233275,0.16685661628299542,0.05624400684610009,0.10761900631304794,2.343236465906323
45.623037338256836,-2.178934437305772,0.16685661628299542,0.05624400684610009,0.10761900631304794,2.3457910535887674
45.64312267303467,-2.181152395553391,0.16685661628299542,0.05624400684610009,0.10761900631304794,2.3480090118363863
45.663182735443115,-2.183117608385744,0.16685661628299542,0.05624400684610009,0.10761900631304794,2.3499742246687396
45.683194398880005,-2.1848554762247443,0.16685661628299542,0.05624400684610009,0.10761900631304794,2.3517120925077397
45.70302867889404,-2.1863896333593855,0.16685661628299542,0.05624400684610009,0.10761900631304794,2.353246249642381
45.72293567657471,-2.1877418644781312,0.16685661628299542,0.05624400684610009,0.10761900631304794,2.3545984807611267
45.74320387840271,-2.188932095439973,0.16685661628299542,0.05624400684610009,0.10761900631304794,2.3557887117229686
45.763267278671265,-2.1899784358534413,0.16685661628299542,0.05624400684610009,0.10761900631304794,2.3568350521364367
45.783286333084106,-2.19089725651824,0.16685661628299542,0.05624400684610009,0.10761900631304794,2.3577538728012355
45.803017139434814,-2.191703289040812,0.16685661628299542,0.05624400684610009,0.10761900631304794,2.3585599053238075
45.82319355010986,-2.1924097382261283,0.16685661628299542,0.05624400684610009,0.10761900631304794,2.3592663545091237
45.84330487251282,-2.1930284003815084,0.16685661628299542,0.05624400684610009,0.10761900631304794,2.359885016664504
45.86308145523071,-2.1935697826089524,0.16685661628299542,0.05624400684610009,0.10761900631304794,2.360426398891948
45.883214712142944,-2.194039824480964,0.16685661628299542,0.05624400684610009,0.10761900631304794,2.3608964407639594
45.903072357177734,-2.194451321994141,0.16685661628299542,0.05624400684610009,0.10761900631304794,2.3613079382771365
45.92320370674133,-2.194811310768439,0.16685661628299542,0.05624400684610009,0.10761900631304794,2.3616679270514345
45.943222761154175,-2.195126035115096,0.16685661628299542,0.05624400684610009,0.10761900631304794,2.3619826513980913
45.96327471733093,-2.1954010251496463,0.16685661628299542,0.05624400684610009,0.10761900631304794,2.3622576414326417
45.98293471336365,-2.1956411691756634,0.16685661628299542,0.05624400684610009,0.10761900631304794,2.362497785458659
46.00386357307434,-2.1958507808759724,0.16685661628299542,0.05624400684610009,0.10761900631304794,2.362707397158968
