time,theta,target,p1_cmd,p2_cmd,error
33.36239981651306,11.771458016292904,15.0,0.0,0.0,3.228541983707096
33.382352113723755,11.774429273743358,0.0,0.0,0.0,-11.774429273743358
33.40253019332886,11.775432388441136,0.0,0.0,0.0,-11.775432388441136
33.4224317073822,11.775942643293375,0.0,0.0,0.0,-11.775942643293375
33.44221305847168,11.776255052217035,0.0,0.0,0.0,-11.776255052217035
33.46214532852173,11.779904037865538,0.0,0.0,0.0,-11.779904037865538
33.48217701911926,11.800640615362802,0.0,0.0,0.0,-11.800640615362802
33.50212049484253,11.850211631449197,0.0,0.0,0.0,-11.850211631449197
33.52239775657654,11.889399289556653,0.0,0.0,0.0,-11.889399289556653
33.54228377342224,11.956146344151627,0.0,0.0,0.0,-11.956146344151627
33.562291622161865,12.040859363328108,0.0,0.0,0.0,-12.040859363328108
33.582326889038086,12.1372961052279,0.0,0.0,0.0,-12.1372961052279
33.60246562957764,12.238809020176355,0.0,0.0,0.0,-12.238809020176355
33.62256693840027,12.340972725912685,0.0,0.0,0.0,-12.340972725912685
33.642396688461304,12.436067991377216,0.0,0.0,0.0,-12.436067991377216
33.66229844093323,12.516728963913186,0.0,0.0,0.0,-12.516728963913186
33.68232035636902,12.557115633664344,0.0,0.0,0.0,-12.557115633664344
33.70243191719055,12.524240621033849,0.0,0.0,0.0,-12.524240621033849
33.722538232803345,12.385718379538174,0.0,0.0,0.0,-12.385718379538174
33.74242687225342,12.265929164050297,0.0,0.0,0.0,-12.265929164050297
33.762309312820435,12.013944683391601,0.0,0.0,0.0,-12.013944683391601
33.78234028816223,11.621361227328943,0.0,0.0,0.0,-11.621361227328943
33.80246138572693,11.088351122602543,0.0,0.0,0.0,-11.088351122602543
33.82259011268616,10.430307576534208,0.0,0.0,0.0,-10.430307576534208
33.842324018478394,9.672764847388107,0.0,0.0,0.0,-9.672764847388107
33.86229705810547,8.849945153649866,0.0,0.0,0.0,-8.849945153649866
33.88237738609314,7.9988873558396865,0.0,0.0,0.0,-7.9988873558396865
33.90252375602722,7.1529838235198655,0.0,0.0,0.0,-7.1529838235198655
33.922425508499146,6.332955092303914,0.0,0.0,0.0,-6.332955092303914
33.942381143569946,5.552504359783524,0.0,0.0,0.0,-5.552504359783524
33.96231818199158,4.8750177499706036,0.0,0.0,0.0,-4.8750177499706036
33.98237371444702,4.229659985722078,0.0,0.0,0.0,-4.229659985722078
34.00252676010132,3.623623021086753,0.0,0.0,0.0,-3.623623021086753
34.022425413131714,3.0631827428216742,0.0,0.0,0.0,-3.0631827428216742
34.04234743118286,2.5491802211477905,0.0,0.0,0.0,-2.5491802211477905
34.062344789505005,2.0786599491639657,0.0,0.0,0.0,-2.0786599491639657
34.08243107795715,1.6507403743313835,0.0,0.0,0.0,-1.6507403743313835
34.1025812625885,1.2660033503514925,0.0,0.0,0.0,-1.2660033503514925
34.122650146484375,0.9190823576523945,0.0,0.0,0.0,-0.9190823576523945
34.142375469207764,0.6075700493833798,0.0,0.0,0.0,-0.6075700493833798
34.16229963302612,0.32886132887083125,0.0,0.0,0.0,-0.32886132887083125
34.18239760398865,0.08688122604104491,0.0,0.0,0.0,-0.08688122604104491
34.20261359214783,-0.12980966834243954,0.0,0.0,0.0,0.12980966834243954
34.22252106666565,-0.32090808277746735,0.0,0.0,0.0,0.32090808277746735
34.24229645729065,-0.4891941931497811,0.0,0.0,0.0,0.4891941931497811
34.26227688789368,-0.639516594400177,0.0,0.0,0.0,0.639516594400177
34.28233480453491,-0.7734000674961634,0.0,0.0,0.0,0.7734000674961634
34.30247783660889,-0.8900205737494531,0.0,0.0,0.0,0.8900205737494531
34.32280397415161,-0.9915770642136943,0.0,0.0,0.0,0.9915770642136943
34.34231925010681,-1.082310241255343,0.0,0.0,0.0,1.082310241255343
34.36222577095032,-1.1631345018760593,0.0,0.0,0.0,1.1631345018760593
34.382062673568726,-1.2333081554309815,0.0,0.0,0.0,1.2333081554309815
34.402461767196655,-1.293556300162889,0.0,0.0,0.0,1.293556300162889
34.42255234718323,-1.3453225507008537,0.0,0.0,0.0,1.3453225507008537
34.44226789474487,-1.3921495006882743,0.0,0.0,0.0,1.3921495006882743
34.46228766441345,-1.4343115908378132,0.0,0.0,0.0,1.4343115908378132
34.48229908943176,-1.4721223839168118,0.0,0.0,0.0,1.4721223839168118
34.50248861312866,-1.505914352261764,0.0,0.0,0.0,1.505914352261764
34.52239394187927,-1.53602434020679,0.0,0.0,0.0,1.53602434020679
34.54223895072937,-1.5627833513341303,0.0,0.0,0.0,1.5627833513341303
34.562177419662476,-1.586509608819777,0.0,0.0,0.0,1.586509608819777
34.58214855194092,-1.6075040721032487,0.0,0.0,0.0,1.6075040721032487
34.60253095626831,-1.6237314296553875,0.0,0.0,0.0,1.6237314296553875
34.62237596511841,-1.6378204355628299,0.0,0.0,0.0,1.6378204355628299
34.6421685218811,-1.6507687613380346,0.0,0.0,0.0,1.6507687613380346
34.6620819568634,-1.6625835412845773,0.0,0.0,0.0,1.6625835412845773
34.6820182800293,-1.673299605226905,0.0,0.0,0.0,1.673299605226905
34.70215940475464,-1.682970101820347,0.0,0.0,0.0,1.682970101820347
34.72224807739258,-1.6916595028949668,0.0,0.0,0.0,1.6916595028949668
34.74204158782959,-1.6971220978916783,0.0,0.0,0.0,1.6971220978916783
34.762088775634766,-1.7025157985439219,0.0,0.0,0.0,1.7025157985439219
34.782129764556885,-1.7077194961255038,0.0,0.0,0.0,1.7077194961255038
34.80227565765381,-1.712654078396853,0.0,0.0,0.0,1.712654078396853
34.82217359542847,-1.716938408706681,0.0,0.0,0.0,1.716938408706681
34.842036724090576,-1.7209914530068011,0.0,0.0,0.0,1.7209914530068011
34.86196422576904,-1.7247770330202252,0.0,0.0,0.0,1.7247770330202252
34.88204002380371,-1.7259607209308718,0.0,0.0,0.0,1.7259607209308718
34.90200448036194,-1.7276223376364683,0.0,0.0,0.0,1.7276223376364683
34.92202091217041,-1.7295721225956724,0.0,0.0,0.0,1.7295721225956724
34.941964626312256,-1.7316706772074093,0.0,0.0,0.0,1.7316706772074093
34.961973428726196,-1.7338172571237587,0.0,0.0,0.0,1.7338172571237587
34.98209834098816,-1.7359406215909492,0.0,0.0,0.0,1.7359406215909492
35.00235629081726,-1.737991900016656,0.0,0.0,0.0,1.737991900016656
35.022236347198486,-1.739939047664062,0.0,0.0,0.0,1.739939047664062
35.042145013809204,-1.7417625512418506,0.0,0.0,0.0,1.7417625512418506
35.06204700469971,-1.7433457636042942,0.0,0.0,0.0,1.7433457636042942
35.082075357437134,-1.7448267012205356,0.0,0.0,0.0,1.7448267012205356
35.102113008499146,-1.7438812227623255,0.0,0.0,0.0,1.7438812227623255
35.12236189842224,-1.7435916692645457,0.0,0.0,0.0,1.7435916692645457
35.142213582992554,-1.743765339556192,0.0,0.0,0.0,1.743765339556192
35.16214919090271,-1.7442561789622644,0.0,0.0,0.0,1.7442561789622644
35.18211317062378,-1.74495438180622,0.0,0.0,0.0,1.74495438180622
35.202322006225586,-1.7457782141732094,0.0,0.0,0.0,1.7457782141732094
35.22224020957947,-1.7443512462490187,0.0,0.0,0.0,1.7443512462490187
35.24216151237488,-1.7437148721742701,0.0,0.0,0.0,1.7437148721742701
35.262091636657715,-1.7413280525984087,0.0,0.0,0.0,1.7413280525984087
35.282230854034424,-1.739255754904251,0.0,0.0,0.0,1.739255754904251
35.302279472351074,-1.7383054385366652,0.0,0.0,0.0,1.7383054385366652
35.32219219207764,-1.7381594739226005,0.0,0.0,0.0,1.7381594739226005
35.34208083152771,-1.738576043173217,0.0,0.0,0.0,1.738576043173217
35.36207127571106,-1.7393723587962808,0.0,0.0,0.0,1.7393723587962808
35.382083892822266,-1.7404114520024563,0.0,0.0,0.0,1.7404114520024563
35.402130126953125,-1.7415917885744299,0.0,0.0,0.0,1.7415917885744299
35.422184467315674,-1.7428391223784911,0.0,0.0,0.0,1.7428391223784911
35.44242763519287,-1.741783769714444,0.0,0.0,0.0,1.741783769714444
35.46230483055115,-1.7414731778963009,0.0,0.0,0.0,1.7414731778963009
35.48232078552246,-1.7412035141500033,0.0,0.0,0.0,1.7412035141500033
35.50253129005432,-1.741453939047998,0.0,0.0,0.0,1.741453939047998
35.52235746383667,-1.742059007415986,0.0,0.0,0.0,1.742059007415986
35.542394161224365,-1.7428944576835204,0.0,0.0,0.0,1.7428944576835204
35.56226181983948,-1.7438679085057067,0.0,0.0,0.0,1.7438679085057067
35.58225750923157,-1.7449115566187925,0.0,0.0,0.0,1.7449115566187925
35.6024112701416,-1.7459764571608818,0.0,0.0,0.0,1.7459764571608818
35.62234044075012,-1.7470280538834915,0.0,0.0,0.0,1.7470280538834915
35.64233875274658,-1.748042695313613,0.0,0.0,0.0,1.748042695313613
35.66231107711792,-1.7490049275538804,0.0,0.0,0.0,1.7490049275538804
35.68232989311218,-1.7499053978683239,0.0,0.0,0.0,1.7499053978683239
35.702518701553345,-1.7506872091854229,0.0,0.0,0.0,1.7506872091854229
35.72248291969299,-1.7514180263047092,0.0,0.0,0.0,1.7514180263047092
35.74224400520325,-1.7520941632448732,0.0,0.0,0.0,1.7520941632448732
35.76234459877014,-1.7503981528016046,0.0,0.0,0.0,1.7503981528016046
35.78238344192505,-1.7494155414798607,0.0,0.0,0.0,1.7494155414798607
35.8025848865509,-1.748954339840108,0.0,0.0,0.0,1.748954339840108
35.8224675655365,-1.7488674540790727,0.0,0.0,0.0,1.7488674540790727
35.8422110080719,-1.7490428506651512,0.0,0.0,0.0,1.7490428506651512
35.86217927932739,-1.7493958008769583,0.0,0.0,0.0,1.7493958008769583
35.88218832015991,-1.7498627743962456,0.0,0.0,0.0,1.7498627743962456
35.902377128601074,-1.75039663923541,0.0,0.0,0.0,1.75039663923541
35.92215061187744,-1.7509628955248446,0.0,0.0,0.0,1.7509628955248446
35.94215178489685,-1.7514545336925413,0.0,0.0,0.0,1.7514545336925413
35.96209454536438,-1.7519635794665387,0.0,0.0,0.0,1.7519635794665387
35.982057332992554,-1.7524713003758263,0.0,0.0,0.0,1.7524713003758263
36.002198457717896,-1.7529647201293983,0.0,0.0,0.0,1.7529647201293983
36.02240514755249,-1.7534352025549724,0.0,0.0,0.0,1.7534352025549724
36.04213738441467,-1.7538773536471775,0.0,0.0,0.0,1.7538773536471775
36.0621223449707,-1.7542881735047509,0.0,0.0,0.0,1.7542881735047509
36.08226823806763,-1.7546664041863593,0.0,0.0,0.0,1.7546664041863593
36.102349281311035,-1.7550120308348471,0.0,0.0,0.0,1.7550120308348471
36.12240672111511,-1.7553259024065535,0.0,0.0,0.0,1.7553259024065535
36.14226293563843,-1.7556094454716085,0.0,0.0,0.0,1.7556094454716085
36.16228222846985,-1.7558556247998873,0.0,0.0,0.0,1.7558556247998873
36.18225312232971,-1.7560781893803377,0.0,0.0,0.0,1.7560781893803377
36.20247673988342,-1.756278485953334,0.0,0.0,0.0,1.756278485953334
36.22224974632263,-1.756458036809348,0.0,0.0,0.0,1.756458036809348
36.24220824241638,-1.7566184460527103,0.0,0.0,0.0,1.7566184460527103
36.26218247413635,-1.7567613323380553,0.0,0.0,0.0,1.7567613323380553
36.28230667114258,-1.756888281766905,0.0,0.0,0.0,1.756888281766905
36.30246877670288,-1.7570008160284867,0.0,0.0,0.0,1.7570008160284867
36.32233452796936,-1.7571003719685536,0.0,0.0,0.0,1.7571003719685536
36.34213876724243,-1.7571882896343243,0.0,0.0,0.0,1.7571882896343243
36.36212754249573,-1.757264621996391,0.0,0.0,0.0,1.757264621996391
0.019016504287719727,-1.7573320802274515,-1.5022508969909842e-07,0.0,0.0,1.7573319300023618
0.03871870040893555,-1.7573915968063136,-9.571119341175816e-06,0.0,0.010697361081838608,1.7573820256869725
0.05879783630371094,-1.7574440287159043,-1.8665456439192827e-05,0.0,0.010697361081838608,1.7574253632594652
0.07891321182250977,-1.757490157915495,-5.106378811809189e-05,0.0165889710187912,0.009435586631298065,1.7574390941273768
0.09894013404846191,-1.7575306936459407,-0.00014820092409248992,0.0,0.00935396888962714,1.7573824927218482
0.1189889907836914,-1.7575662759473418,-0.00025531735583752646,0.0,0.0,1.7573109585915043
0.13858532905578613,-1.7575974799261187,-0.00040420765962156756,0.0,0.0,1.7571932722664971
0.15867233276367188,-1.757624820430161,-0.0006015370075198871,0.0,0.020097894594073296,1.7570232834226411
0.1786212921142578,-1.7576487568842012,-0.0008538862564744012,0.0,0.0013984143733978271,1.7567948706277268
0.19913005828857422,-1.7576696981090412,-0.0011677522956268635,0.006381468381732702,0.01105102151632309,1.7565019458134143
0.2186281681060791,-1.7576880070025547,-0.0015495483936520615,0.019378336612135172,0.03928244672715664,1.7561384586089026
0.23912930488586426,-1.757703903251351,-0.002005604546091014,0.011405554134398699,0.04154359572567046,1.75569829870526
0.2587406635284424,-1.7577178065303687,-0.0025421678226841635,0.015131815569475293,0.039314908906817436,1.7551756387076844
0.27892613410949707,-1.757729959112149,-0.003165402714704579,0.010952898999676108,0.010424144566059113,1.7545645563974444
0.29854249954223633,-1.7577405754138962,-0.003881391482291144,0.012883245712146163,0.009377979440614581,1.7538591839316051
0.3187570571899414,-1.757749844854101,-0.00469613450178176,0.0,0.01136650051921606,1.7530537103523192
0.33916163444519043,-1.757757934495531,-0.005615550613046534,0.021949471905827522,0.02166678011417389,1.7521423838824843
0.3587069511413574,-1.7577649914701863,-0.006645477466820991,0.0267734844237566,0.0334052462130785,1.7511195140033653
0.37889719009399414,-1.7577711451888975,-0.007791671872039245,0.0,0.04213802423328161,1.7499794733168583
0.3985745906829834,-1.757776509343108,-0.009059810143167216,0.0,0.06106403190642595,1.7487166991999408
0.4187166690826416,-1.7577811837095576,-0.010455488447535818,0.000543585978448391,0.06788503145799041,1.7473256952620217
0.4386012554168701,-1.7577852421138516,-0.011984223152674164,0.0,0.07772636553272605,1.7458010189611775
0.4591090679168701,-1.7577887793807243,-0.012800188785603055,0.0,0.07772636553272605,1.7449885905951212
0.47869110107421875,-1.757791861451453,-0.014538677573711922,0.027347082272171974,0.09960713749751449,1.743253183877741
0.49863171577453613,-1.7577945461242035,-0.01642366683665447,0.05554322339594364,0.06450441246852279,1.741370879287549
0.5188846588134766,-1.7577968840178329,-0.018460396377902415,0.06854464206844568,0.07979761948809028,1.7393364876399304
0.5392007827758789,-1.7577989194305343,-0.020654027764125008,0.07938803918659687,0.06209797551855445,1.7371448916664094
0.5587246417999268,-1.757800691102819,-0.02300964467252231,0.06369451247155666,0.05392959946766496,1.7347910464302967
0.5788195133209229,-1.757802232893938,-0.0255322532381583,0.03989616967737675,0.02700267778709531,1.7322699796557797
0.5992405414581299,-1.757803574380358,-0.02822678240129418,0.018420320004224777,0.051134560722857714,1.7295767919790637
0.6187946796417236,-1.7578047413843232,-0.03109808425472144,5.0349161028862e-05,0.07245809072628617,1.7267066571296017
0.6392829418182373,-1.7578057564399252,-0.03415093439109518,0.0,0.06827416876330972,1.7236548220488301
0.658940315246582,-1.7578066377371144,-0.039080871913300716,0.0,0.062448094598948956,1.7187257658238138
0.6789259910583496,-1.7578074043682064,-0.04260798707690059,0.0019132646266371012,0.04469060245901346,1.7151994172913059
0.6991183757781982,-1.7578080711499904,-0.04633276767378827,0.0,0.02817681897431612,1.711475303476202
0.7186224460601807,-1.7578086510054367,-0.05025964934425307,0.0,0.0766164856031537,1.7075490016611836
0.7386245727539062,-1.7578091552015218,-0.05439299313878052,0.0,0.08872382063418627,1.7034161620627413
0.7589330673217773,-1.7578095935580615,-0.058737085865385515,0.0,0.09816114604473114,1.699072507692676
0.7785580158233643,-1.7578099746309015,-0.06329614043694536,0.0008494218927808106,0.08346720039844513,1.694513834193956
0.7986421585083008,-1.7578103058724712,-0.06807429621853313,0.010234094050247222,0.06558826193213463,1.689736009653938
0.81880784034729,-1.7578105937723791,-0.07307561937475089,0.0013460226473398507,0.047591449692845345,1.6847349743976283
0.8385779857635498,-1.757810843980446,-0.07830410321706271,0.0,0.049034264986403286,1.6795067407633835
0.85884690284729,-1.757811061414291,-0.08376366855112809,0.0,0.06265824206639081,1.674047392863163
0.8786754608154297,-1.7578112501959064,-0.08945816402413487,0.0,0.060162368579767644,1.6683530861717717
0.8988969326019287,-1.7578114142583754,-0.09539136647213271,0.0,0.07074133062269539,1.6624200477862427
0.9192256927490234,-1.7578115568275599,-0.10156698126736627,0.00981749128550291,0.08102718682494015,1.6562445755601936
0.9388461112976074,-1.7578116807105342,-0.10798864266560798,0.0,0.0878766382811591,1.6498230380449261
0.9590358734130859,-1.75781178834951,-0.11465991415349187,0.0,0.05643838446121663,1.643151874196018
0.979158878326416,-1.7578118818689086,-0.12158428879584637,0.0013322362210601568,0.0687998317880556,1.636227593073062
0.9987101554870605,-1.7578119631164313,-0.1287651895830275,0.0,0.07003279530908912,1.6290467735334038
1.0191535949707031,-1.7578120336988796,-0.13620596977825228,0.0,0.07654493430163711,1.6216060639206273
1.038679838180542,-1.757812095013383,-0.14390991326493174,0.0,0.08254936791490763,1.6139021817484513
1.0590262413024902,-1.7578121482746163,-0.15188023489400418,0.0,0.07628190738614649,1.605931913380612
1.0792362689971924,-1.7578121945385115,-0.1601200808312684,0.008901170454919338,0.08265305531676859,1.597692113707243
1.0987696647644043,-1.7578122347060061,-0.16863252890471686,0.0,0.05825940181966871,1.5891797058012893
1.1191864013671875,-1.757812269597357,-0.1774205889518688,0.0,0.06477859558071941,1.5803916806454883
1.1385531425476074,-1.7578122999044434,-0.18648720316710357,0.0,0.07785591890569776,1.5713250967373398
1.1590895652770996,-1.7578123262286494,-0.19583524644899392,0.0,0.08077245263848454,1.5619770797796555
1.1788060665130615,-1.7578123490926532,-0.20546752674763888,0.020930670201778412,0.0630762135842815,1.5523448223450143
1.1989588737487793,-1.7578123689506897,-0.215386785411997,0.0,0.07119449193123728,1.5424255835386926
1.2190780639648438,-1.7578123861974837,-0.22559569753721992,0.018756968900561333,0.09493973443750292,1.5322166886602637
1.239044427871704,-1.7578124011760226,-0.23609687231198528,0.000341685488820076,0.10782396758440882,1.5217155288640374
1.258763074874878,-1.7578124141843179,-0.24689285336582975,0.0,0.11170683905947953,1.5109195608184882
1.2786777019500732,-1.7578124254812884,-0.2579861191164827,0.0,0.09087174863088876,1.4998263063648056
1.2986640930175781,-1.7578124352918756,-0.2693790831171991,0.0,0.0812622356461361,1.4884333521746764
1.3188848495483398,-1.757812443809678,-0.28107409440409226,0.0,0.07773817388806492,1.476738349405586
1.339249849319458,-1.7578124512068667,-0.2930734378434683,0.0,0.0859776238212362,1.4647390133633984
1.3586513996124268,-1.757812457630747,-0.30537933447915766,0.01696806214749813,0.08244881115388125,1.4524331231515895
1.3791782855987549,-1.7578124632092857,-0.3116479169558358,0.01696806214749813,0.08244881115388125,1.44616454625345
1.398857831954956,-1.7578124680536449,-0.3244176690862805,0.02913650404661894,0.08517828781623393,1.4333947989673643
1.4188511371612549,-1.7578124722603847,-0.33749925007866294,0.018179845064878464,0.09231860388536006,1.4203132221817218
1.4392337799072266,-1.7578124759133786,-0.35771065952571174,0.000828595831990242,0.07272863399703056,1.4001018163876668
1.4587137699127197,-1.757812479085477,-0.3715804283271392,0.0,0.07500695332419127,1.3862320507583377
1.478682279586792,-1.7578124818399545,-0.3857687557665541,0.03931942582130432,0.09266947291325778,1.3720437260734004
1.4991142749786377,-1.7578124842317666,-0.4002774258557936,0.0520832696929574,0.09235709186759777,1.3575350583759729
1.5185613632202148,-1.7578124863086426,-0.4151081615628854,0.05567704327404499,0.10582172338035889,1.3427043247457573
1.5385749340057373,-1.7578124881118393,-0.43026262515938063,0.05984874535351992,0.11775812905398197,1.3275498629524587
1.5588886737823486,-1.757812489677616,-0.4457424185676887,0.03729830030351877,0.10816753402468748,1.3120700711099271
1.5788190364837646,-1.757812491037219,-0.46154908370840847,0.01743833441287279,0.10192213978734799,1.2962634073288106
1.598818302154541,-1.7578124922177858,-0.47768410284766294,0.008834279142320156,0.10211967970826663,1.2801283893701227
1.6188673973083496,-1.7578124932428838,-0.4941488989444316,0.030729337595403194,0.11552458457299508,1.2636635942984522
1.6386613845825195,-1.7578124941329798,-0.5109448359978835,0.03224254981614649,0.09860740989097394,1.2468676581350961
1.6587860584259033,-1.7578124949058478,-0.528073219394712,0.02103124395944178,0.10040638715145178,1.2297392755111358
1.6789741516113281,-1.7578124955769228,-0.5455352962564654,0.010095663601532578,0.10709746068459935,1.2122771993204573
1.69911789894104,-1.7578124961596078,-0.563332255786883,0.0,0.10866906636510976,1.1944802403727248
1.7192413806915283,-1.7578124966655426,-0.5814652296192255,0.0,0.10618174404953606,1.176347267046317
1.7386596202850342,-1.7578124971048343,-0.5906580598775621,0.006855021230876446,0.09473835819517262,1.1671544372272722
1.7587847709655762,-1.7578124974862595,-0.6092970518945031,0.0,0.09719976925407536,1.1485154455917563
1.779062271118164,-1.7578124978174228,-0.628274637705059,0.03506247699260712,0.10657660619472153,1.1295378601123638
1.798628807067871,-1.7578124981049636,-0.6573779051170265,0.031750601483508945,0.10549254951183684,1.100434592987937
1.8190009593963623,-1.7578124983546275,-0.6772059343045336,0.03878944204188883,0.12251619112794288,1.080606564050094
1.838679552078247,-1.7578124985714028,-0.6973755780641699,0.02960490551777184,0.12524743427638896,1.0604369205072328
1.858799695968628,-1.7578124987596213,-0.7178875747611854,0.024234968004748225,0.0987583180249203,1.039924923998436
1.8790130615234375,-1.7578124989230441,-0.7387426079690186,0.023464891652110964,0.08171271582250483,1.0190698909540257
1.8990082740783691,-1.7578124990649375,-0.759941306816629,0.0,0.08324715474736877,0.9978711922483086
1.9191503524780273,-1.7578124991881374,-0.7814842463358316,0.0,0.09723001418751664,0.9763282528523058
1.939366102218628,-1.757812499295106,-0.8033719478086285,0.037074293941259384,0.11436968369525857,0.9544405514864776
1.9586405754089355,-1.757812499387982,-0.825604879114543,0.04806261509656906,0.13081293253344484,0.932207620273439
1.9788641929626465,-1.7578124994686213,-0.8481834550779536,0.07778824307024479,0.118305614014389,0.9096290443906677
1.999028205871582,-1.7578124995386344,-0.8711080378154246,0.07622441253624856,0.11482074650120921,0.8867044617232098
2.0192415714263916,-1.7578124995994235,-0.8943789370830426,0.06606513517908752,0.12569124044966884,0.8634335625163809
2.0386831760406494,-1.7578124996522038,-0.9179964106237475,0.05626031453721225,0.1093976067204494,0.8398160890284563
2.0591564178466797,-1.75781249969803,-0.941960664514666,0.05483120842836797,0.10613880239543505,0.815851835183364
2.0786097049713135,-1.7578124997378184,-0.9662718535144451,0.052850750274956226,0.11695294946548529,0.7915406462233733
2.099463701248169,-1.7578124997723643,-0.9909300814105864,0.05939140543341637,0.11429367776145227,0.766882418361778
2.1187069416046143,-1.7578124998023585,-1.0159354013667754,0.08862031437456608,0.12325377020169981,0.7418770984355831
2.13862943649292,-1.7578124998284008,-1.041287816270221,0.06745570711791515,0.1474259961687494,0.7165246835581798
2.158737897872925,-1.7578124998510116,-1.066987279078983,0.0663444132078439,0.1697804704599548,0.6908252207720287
2.179068088531494,-1.7578124998706435,-1.0930336931693077,0.10607988690026104,0.18367041091551073,0.6647788067013358
2.199840784072876,-1.7578124998876883,-1.1194269126829612,0.10433621786069125,0.17008410862763412,0.638385587204727
2.2188236713409424,-1.7578124999024871,-1.132753515515761,0.10433621786069125,0.17008410862763412,0.625058984386726
2.2392873764038086,-1.7578124999153362,-1.1732529404589143,0.07981672405730933,0.14988062999327667,0.5845595594564219
2.2592079639434814,-1.7578124999264921,-1.200685213958342,0.09445307485293597,0.1380153671198059,0.5571272859681502
2.2794065475463867,-1.7554961518520216,-1.2284632240500206,0.10159585101064295,0.1426267018832732,0.527032927802001
2.2987606525421143,-1.7516319608472661,-1.2565865839133117,0.08487617818173021,0.14306031330488622,0.49504537693395445
2.3186731338500977,-1.7352127683648126,-1.2850548595770943,0.08471959341841284,0.1578524091746658,0.45015790878771833
2.3391246795654297,-1.6873423628523745,-1.3138675702671003,0.09154545680212323,0.17853517993353307,0.37347479258527416
2.3591723442077637,-1.5910920028692788,-1.3430241887532473,0.10281817220675293,0.17196942935697734,0.24806781411603152
2.378598213195801,-1.4429274088039952,-1.3577312860431863,0.11103784457372967,0.14773063431493938,0.0851961227608089
2.4004335403442383,-1.2602927180189758,-1.4023668099985505,0.10137822736578528,0.127454076660797,-0.14207409197957466
2.4192535877227783,-1.1017246165943362,-1.4023668099985505,0.10137822736578528,0.127454076660797,-0.3006421934042143
2.4393560886383057,-0.9208562165849307,-1.4630775895546997,0.11231001165288035,0.11218262533657253,-0.542221372969769
2.458813428878784,-0.7292652331739018,-1.4630775895546997,0.11231001165288035,0.11218262533657253,-0.7338123563807979
2.480520486831665,-0.5352759132396934,-1.4630775895546997,0.11231001165288035,0.11218262533657253,-0.9278016763150063
2.4987587928771973,-0.34473332362095277,-1.5566960538679804,0.11124209001718555,0.09255613083951175,-1.2119627302470275
2.5188724994659424,-0.16160649511517036,-1.5725955738068558,0.11124209001718555,0.09255613083951175,-1.4109890786916854
2.5385472774505615,0.011543202775877281,-1.604647697970473,0.10682769039703999,0.07183758425526321,-1.6161909007463502
2.5589442253112793,0.17319963915249742,-1.6370364706664318,0.09771285964234266,0.09258438902907073,-1.8102361098189292
2.5785164833068848,0.32261264285621144,-1.6697608978488319,0.07504839276953135,0.10158893628977239,-1.9923735407050434
2.5987133979797363,0.4572674859681283,-1.7028199430102933,0.08858616570068989,0.10757110011763871,-2.1600874289784215
2.619056224822998,0.5711737412878005,-1.7362125275292821,0.0973328781692544,0.09581462037749588,-2.3073862688170825
2.639172315597534,0.6700700603211406,-1.7699375310174497,0.11146799022390042,0.0770471089053899,-2.44000759133859
2.6590628623962402,0.746581711299148,-1.8039937916669628,0.10565571965707932,0.09093959000892937,-2.550575502966111
2.6791024208068848,0.7962635612571071,-1.8383801065978387,0.11707016186846886,0.0841549274045974,-2.6346436678549456
2.699120283126831,0.8190515524909134,-1.8730952322052776,0.11206925673468504,0.10062889312393963,-2.692146784696191
2.7191286087036133,0.8202426727309455,-1.9081378845069952,0.1014403432054678,0.12058624369092286,-2.7283805572379407
2.7391529083251953,0.804085289206566,-1.9435067394905547,0.08706116596295033,0.12138204457005486,-2.7475920286971207
2.7591359615325928,0.7763038006910931,-1.9792004334607043,0.08521503805241082,0.13051844848087057,-2.7555042341517972
2.779127359390259,0.7411806145692624,-2.015217563386707,0.07180102392158005,0.12532589299371466,-2.7563981779559694
2.799103021621704,0.7018836968426733,-2.051556687249672,0.11948786898574326,0.12292644189437851,-2.7534403840923454
2.8190743923187256,0.6607234529360227,-2.0882163243898946,0.12644774596265052,0.12353118759347126,-2.7489397773259174
2.839097738265991,0.6193537529945605,-2.1251949558541834,0.14041835664829705,0.1268028227495961,-2.744548708848744
2.858964681625366,0.583435523286786,-2.1624910247431934,0.11531563884636853,0.1072055624681525,-2.7459265480299795
2.8784940242767334,0.5477437389699218,-2.200102936558764,0.12437439746281598,0.08859956468222663,-2.747846675528686
2.899040937423706,0.515466240456752,-2.238029059551248,0.09252571723482106,0.08033197111217305,-2.753495300008
2.9190776348114014,0.48409455998799766,-2.2762677250668464,0.09676254157966468,0.08247762004612014,-2.760362285054844
2.9384825229644775,0.4564951883913842,-2.3148172278949413,0.08738477517908905,0.07589248771546409,-2.7713124162863254
2.9584131240844727,0.42992701911634645,-2.3536758266154276,0.0796555195847759,0.07941167562967166,-2.783602845731774
2.9784505367279053,0.4047753040666341,-2.392841743946051,0.05712065928673837,0.07437704544281587,-2.797617048012685
2.9985225200653076,0.3812703011726532,-2.432313167089735,0.04653206457442138,0.08784380689030513,-2.8135834682623884
3.0185232162475586,0.35952854416164437,-2.472088248081918,0.06519215171283577,0.06209240615135059,-2.831616792243562
3.0384750366210938,0.3395845049214836,-2.5121651041378863,0.05034639210498426,0.029207994637545198,-2.85174960905937
3.058455228805542,0.3214147482898447,-2.5525418180001034,0.03702835076546762,0.046723177132662386,-2.873956566289948
3.0785255432128906,0.30563930168633957,-2.593216438285551,0.03641732242249418,0.061873305996414274,-2.8988557399718906
3.099111318588257,0.2912595901246349,-2.6341869798330544,0.030961131866206415,0.05487734539201483,-2.9254465699576895
3.118518590927124,0.278228304571882,-2.6754514240506166,0.05354603585146833,0.056618663656990975,-2.9536797286224985
3.1390650272369385,0.2664770474757339,-2.7170077192627606,0.017062330807675608,0.03499721846310422,-2.9834847667384947
3.158459424972534,0.2559245762212343,-2.7588537810578497,0.03120961990498472,0.03978189144982025,-3.0147783572790843
3.178532838821411,0.24648286740486633,-2.8009874926354295,0.00767054055177141,0.06478070718003437,-3.047470360040296
3.1992220878601074,0.2380615076675613,-2.843406705153554,0.040943283776869066,0.07133153238100931,-3.0814682128211155
3.2192440032958984,0.23057080646837996,-2.886109238076129,0.05404493045352865,0.06604304880602285,-3.1166800445445086
3.239133596420288,0.22392393910638422,-2.929092879520237,0.032083014215459116,0.06467807100852951,-3.153016818626621
3.2592079639434814,0.21803835969277055,-2.9723553866034718,0.006058531071175821,0.0570437386049889,-3.1903937462962424
3.2791619300842285,0.2128366698060158,-3.015894485791273,0.010201631768723018,0.04478175187250599,-3.2287311555972886
3.29925799369812,0.2083204298408859,-3.0597078732442573,0.03742769053496886,0.05214465031167492,-3.2680283030851434
3.319225788116455,0.20432597133897648,-3.103793215165557,0.06852869568683673,0.07256606029113755,-3.3081191865045336
3.339111089706421,0.20079920555696884,-3.1481481481481475,0.08320366656698752,0.07905683753779158,-3.348947353705116
3.358799457550049,0.1976902375205984,-3.1927702795221826,0.10669144122221041,0.08285762899322435,-3.390460517042781
3.379014730453491,0.19495340014223816,-3.2376571877023252,0.09527088674076367,0.06726092257304117,-3.4326105878445636
3.3991687297821045,0.1948635145769579,-3.2828064225350886,0.11100796396203805,0.05717136774910614,-3.4776699371120463
3.4190754890441895,0.1942981707672484,-3.3282155056461575,0.1016457096702652,0.05629182996926829,-3.5225136764134057
3.4392359256744385,0.19341748254410904,-3.3738819307877286,0.07580232965119649,0.037155533384066075,-3.5672994133318374
3.4589080810546875,0.19234097270883208,-3.4198031641858484,0.06580515178211499,0.04664908739505336,-3.6121441368946803
3.4786643981933594,0.19115682031731587,-3.465976644887734,0.07473372547246981,0.0215967150288634,-3.6571334652050496
3.499077558517456,0.18992910972381333,-3.5123997851091198,0.06619839901395608,0.03525822627125308,-3.702328894832933
3.5192062854766846,0.18886318004159444,-3.5590699705815756,0.05880974810861517,0.009012300695758313,-3.74793315062317
3.538743734359741,0.1877780332735413,-3.605984560899854,0.0522881682991283,0.006903052737470716,-3.7937625941733955
3.559126377105713,0.1867081376216261,-3.653140889869219,0.03435585387342144,0.017245739174541086,-3.839849027490845
3.5791587829589844,0.18567703208267705,-3.7005362658527736,0.022365044060279615,0.006003539485391229,-3.8862132979354507
3.599195718765259,0.18470004407380852,-3.748167972118801,0.020711132281576283,0.01125236734515056,-3.9328680161926095
3.6192243099212646,0.1837863934571577,-3.79603326718809,0.02221652511798311,0.0024010142660699785,-3.9798196606452474
3.6392667293548584,0.18294081491824324,-3.844129385181276,0.031494388545979746,0.03724362462526187,-4.027070200099519
3.6593282222747803,0.18216480304456825,-3.8924535361661707,0.03338391690340359,0.029915138555224985,-4.074618339210739
3.6792335510253906,0.1814575625252843,-3.941002906505093,0.011120145980385132,0.03165436565177515,-4.122460469030377
3.6993205547332764,0.18081672849130578,-3.9897746592022063,0.02870196088042576,0.026447572105098516,-4.170591387693512
3.719118356704712,0.18023890821499317,-4.038765934250847,0.024650923747685738,0.02555599284823984,-4.21900484246584
3.738668441772461,0.17973722989864632,-4.087973848980862,0.007512608382967301,0.029917131061665714,-4.2677110788795085
3.759138822555542,0.17928451453054423,-4.137395498405942,0.026270439688232727,0.040586796472780406,-4.316680012936486
3.7791452407836914,0.1788777391332705,-4.187027955570951,0.015750639911857434,0.012222691322676837,-4.365905694704221
3.79925274848938,0.17851359326283617,-4.236868271899265,0.023918194536236115,0.016028781537897885,-4.415381865162101
3.81919527053833,0.17818865405299772,-4.286913477540095,0.028367588136461563,0.019627476460300386,-4.465102131593093
3.839226245880127,0.17789951076049057,-4.337160581715833,0.019455948684480973,0.01397613005246967,-4.515060092476324
3.8591105937957764,0.1776428509522103,-4.387606573069372,0.029239508163300343,0.019478255766443908,-4.565249424021583
3.8792319297790527,0.1774155177781879,-4.438248420011459,0.0173076063656481,0.017825119546614587,-4.615663937789647
3.899233818054199,0.1772145456519002,-4.489083071068004,0.0,0.0,-4.666297616719904
3.9185361862182617,0.17703717999238722,-4.540107455227429,0.03978988528251648,0.0,-4.7171446352198165
3.9392499923706055,0.1768808853757114,-4.591318482287995,0.040572098339907825,0.0,-4.768199367663706
3.959238290786743,0.17674518639912237,-4.64271304320514,0.06601489603053778,0.0022862404584884644,-4.819458229604263
3.9793102741241455,0.1766255281049073,-4.6942880104388065,0.06846611120272428,0.0,-4.8709135385437135
3.999279260635376,0.1765201649363036,-4.746040238300783,0.08265181735623628,0.0002699169854167849,-4.922560403237087
4.01922345161438,0.17642750771723656,-4.797966563302023,0.08966357598546892,0.0,-4.97439407101926
4.039259672164917,0.1763461177731627,-4.8500638044999915,0.08439711725804955,0.006914413999766111,-5.026409922273154
4.05904221534729,0.17627469888107083,-4.902328763845999,0.1004361720988527,0.03363825520500541,-5.078603462727069
4.079221963882446,0.1762120879238154,-4.9547582265325145,0.07229319831822067,0.03711500996723771,-5.13097031445633
4.09906268119812,0.17615724489080828,-5.007348961340532,0.07419996487442404,0.01328712934628129,-5.18350620623134
4.11926531791687,0.17610924268823494,-5.060097720986871,0.05090682173613459,0.03295333730056882,-5.236206963675106
4.139105319976807,0.17606725708552037,-5.113001242471531,0.03567612043116242,0.05665112705901265,-5.289068499557052
4.159074783325195,0.1760305570213915,-5.166056247425012,0.03445989906322211,0.0522420322522521,-5.342086804446404
4.179049253463745,0.17599869308871768,-5.219259442455661,0.0399198675295338,0.04390834737569094,-5.3952581355443785
4.199265480041504,0.17597083033531843,-5.272607519496991,0.02594518882688135,0.018714207224547863,-5.448578349832309
4.219131708145142,0.1759464810426257,-5.326097156155024,0.0036921188002452254,0.030152948573231697,-5.50204363719765
4.238703012466431,0.17592521385398563,-5.379725016055619,0.03535092843230814,0.006072932854294777,-5.555650229909604
4.259014129638672,0.17590664792898536,-5.433487749191809,0.024861672311089933,0.007531583309173584,-5.609394397120795
4.278856992721558,0.1758904475518129,-5.487381992271127,0.04052632988896221,0.0,-5.66327243982294
4.298593521118164,0.1758763171970752,-5.54140436906295,0.07153386564459652,0.0,-5.717280686260025
4.319062232971191,0.17586399704339772,-5.595551490745831,0.07777552946936339,0.0,-5.771415487789229
4.3391478061676025,0.17585325891628326,-5.676998626848942,0.08257546823006123,0.0,-5.852851885765225
4.359062671661377,0.17584390263605046,-5.731442705172426,0.07631504198070616,0.0,-5.9072866078084765
4.379372596740723,0.1758357527433835,-5.7859995733737275,0.06205085327383131,0.0,-5.961835326117111
4.39894962310791,0.1758286767984934,-5.840665790270913,0.062287841690704226,0.0,-6.016494467069407
4.419782876968384,0.17582251205744903,-5.895437904001556,0.0616951099364087,0.0,-6.071260416059005
4.4393205642700195,0.1758171426918543,-5.922862590637441,0.0616951099364087,0.0,-6.098679733329295
4.458759307861328,0.17581246728753722,-6.005285963195023,0.06122327985940501,0.0,-6.18109843048256
4.47866678237915,0.17580839711492333,-6.06035495465651,0.06470185931539163,0.0,-6.236163351771433
4.499156713485718,0.1758048545933698,-6.115515935643447,0.06566171732265502,0.0006159078911878169,-6.291320790236817
4.522257328033447,0.17580177193069327,-6.198422228753861,0.09104153153020889,0.0022911420674063265,-6.3742240006845545
4.538919925689697,0.17579908992023824,-6.226099857377548,0.09104153153020889,0.0022911420674063265,-6.401898947297786
4.5589823722839355,0.1757967568790741,-6.281515772572732,0.08528910402674228,0.0,-6.457312529451806
4.580026149749756,0.1757947277122003,-6.33700962688409,0.07128781464416534,0.008954808115959167,-6.51280435459629
4.599408864974976,0.17579296308893766,-6.33700962688409,0.07128781464416534,0.008954808115959167,-6.5128025899730275
4.61954140663147,0.17579143099796804,-6.448217016220558,0.06821130274329334,0.0,-6.624008447218526
4.6390910148620605,0.17579009851845148,-6.503923465257718,0.0861341810086742,0.0,-6.679713563776169
4.66364598274231,0.1757889398024989,-6.587601591516055,0.07661444938275963,0.0,-6.763390531318554
4.678977966308594,0.17578793231715226,-6.587601591516055,0.07661444938275963,0.0,-6.763389523833207
4.699002504348755,0.17578705642579345,-6.671411177154765,0.032812024117447436,0.0,-6.847198233580558
4.721202373504639,0.17578629502106632,-6.755340176796992,0.03131003293674439,0.0,-6.931126471818058
4.739428997039795,0.1757856332032532,-6.755340176796992,0.03131003293674439,0.0,-6.931125810000244
4.7595696449279785,0.17578505799869923,-6.811353224183783,0.06452417362015694,0.0,-6.987138282182483
4.778745412826538,0.17578455811347454,-6.867410397365937,0.052075829240493476,0.0,-7.043194955479412
4.798938035964966,0.1757841237180036,-6.8954544104115465,0.052075829240493476,0.0,-7.0712385341295505
4.818949937820435,0.1757837462588801,-6.979642770003317,0.06413405656348914,0.0021081247832626104,-7.155426516262198
4.838738441467285,0.1757834185392321,-7.035810784480638,0.06996114447247237,0.0,-7.21159420301987
4.858824014663696,0.17578313375995866,-7.120117474692132,0.09072372212540358,0.00865412037819624,-7.295900608452091
4.878872871398926,0.17578288631155628,-7.148232482690521,0.09072372212540358,0.00865412037819624,-7.324015369002077
4.8992369174957275,0.1757826713139226,-7.204478963210177,0.07133783295284957,0.021100463345646858,-7.3802616345241
4.918945074081421,0.17578248452219739,-7.260744392014765,0.07331185147631913,0.0,-7.436526876536963
4.93864107131958,0.17578232224462018,-7.345170172836799,0.05318393663037568,0.004736016970127821,-7.520952495081419
4.959493637084961,0.1757821812708986,-7.373317665563101,0.05318393663037568,0.004736016970127821,-7.549099846833999
4.979099273681641,0.17578205880976552,-7.4296182925059515,0.06026412558276206,0.0,-7.605400351315717
4.998775482177734,0.17809830051872091,-7.5140765671734,0.06850890361238271,0.0,-7.692174867692121
5.01972770690918,0.17964605104900855,-7.5703817074940485,0.11397065140772611,0.0,-7.750027758543057
5.038821220397949,0.18061923184904263,-7.598532810792346,0.11397065140772611,0.0,-7.779152042641388
5.0590596199035645,0.18146417226611794,-7.682974837755582,0.12515413959044963,0.0,-7.8644390100217
5.079540252685547,0.18190127852752863,-7.682974837755582,0.12515413959044963,0.0,-7.864876116283111
5.098755598068237,0.18204359127870032,-7.739255607985235,0.1219189545372501,0.0,-7.9212991992639346
5.118878602981567,0.18197739559081433,-7.851767517309478,0.1349339276785031,0.0,-8.033744912900293
5.140545606613159,0.1817681186030393,-7.907991444507832,0.1257265085587278,0.0,-8.08975956311087
5.1587443351745605,0.1814649756179608,-7.907991444507832,0.1257265085587278,0.0,-8.089456420125794
5.179235935211182,0.18110462444975006,-8.020357229996684,0.12340290646534413,0.02758370339870453,-8.201461854446434
5.201495885848999,0.18071403461414123,-8.104545589588453,0.12314107330166735,0.032822081819176674,-8.285259624202594
5.219131708145142,0.1803127355457007,-8.104545589588453,0.12314107330166735,0.032822081819176674,-8.284858325134154
5.2395782470703125,0.17759822616392593,-8.188646775816212,0.13695303598069586,0.0517636202275753,-8.366245001980138
5.263556957244873,0.1548177621127779,-8.272648680001645,0.1356470339524094,0.04755894560366869,-8.427466442114422
5.279181003570557,0.1350391816107044,-8.272648680001645,0.1356470339524094,0.04755894560366869,-8.407687861612349
5.2985148429870605,0.06909911370853045,-8.3565392150065,0.14318978195660748,0.0028508761897683144,-8.42563832871503
5.318938255310059,-0.07117658984430086,-8.3565392150065,0.14318978195660748,0.0028508761897683144,-8.285362625162199
5.338624477386475,-0.29876533696454366,-8.440306317870185,0.15062444159411825,0.009505750611424446,-8.141540980905642
5.358738422393799,-0.6111144628345341,-8.523937952447325,0.16854565651738085,0.04161419905722141,-7.912823489612791
5.379009246826172,-0.990318997158677,-8.55178298377944,0.16854565651738085,0.04161419905722141,-7.561463986620763
5.399073600769043,-1.4059660942839631,-8.607422112045281,0.15698398897075094,0.032636718824505806,-7.201456017761318
5.418610334396362,-1.8359711470813043,-8.690746822061794,0.15351438280777074,0.031755810079630464,-6.854775674980489
5.438634634017944,-2.264616217349372,-8.718484227427261,0.15351438280777074,0.031755810079630464,-6.453868010077889
5.4585793018341064,-2.6810197750877074,-8.773900142622452,0.14055388924316503,0.011244017106946558,-6.092880367534745
5.478520631790161,-3.0802626944105778,-8.856870171218324,0.12413861360982992,0.029919467342551798,-5.7766074768077456
5.4985511302948,-3.426895590122475,-8.884484064356556,0.12413861360982992,0.029919467342551798,-5.457588474234081
5.518927335739136,-3.76960143592383,-8.967191258173047,0.08887870740727521,0.0,-5.197589822249217
5.538678407669067,-4.119078438246522,-9.022212945132603,0.09530594796524383,0.0,-4.903134506886081
5.559203147888184,-4.4895279530021535,-9.049687547629938,0.09530594796524383,0.0,-4.560159594627785
5.579341888427734,-4.883312191425491,-9.131961173818837,0.14295555502758361,0.0,-4.248648982393346
5.601644992828369,-5.29450787078425,-9.214000426626274,0.12998959739343263,0.015075039118528366,-3.919492555842024
5.619252920150757,-5.706960177744225,-9.241292744642175,0.12998959739343263,0.015075039118528366,-3.53433256689795
5.639161825180054,-6.1094151769075085,-9.295793647371209,0.09314433057443239,0.009711168240755796,-3.1863784704637004
5.658977508544922,-6.494319583027681,-9.295793647371209,0.09314433057443239,0.009711168240755796,-2.8014740643435276
5.6788551807403564,-6.859205924127556,-9.404448509254165,0.11021933649317361,0.02672594180330634,-2.5452425851266085
5.702508449554443,-7.2005715683653,-9.48562262453671,0.10197600201354362,0.09458104660734534,-2.28505105617141
5.718494892120361,-7.496953936171285,-9.48562262453671,0.10197600201354362,0.09458104660734534,-1.9886686883654248
5.7385008335113525,-7.773930280424951,-9.539581357296179,0.13778266534791328,0.12998983403667808,-1.7656510768712277
5.758448362350464,-8.030127898466521,-9.56651225080819,0.13778266534791328,0.12998983403667808,-1.5363843523416687
5.778481721878052,-8.265140959020943,-9.647105982740012,0.1565130356757436,0.12349514337256551,-1.3819650237190686
5.798492670059204,-8.479245896390603,-9.727392480503003,0.1242443289665971,0.1169715621508658,-1.2481465841123995
5.818654775619507,-8.67318574779593,-9.754084421957117,0.1242443289665971,0.1169715621508658,-1.0808986741611868
5.838888883590698,-8.848008061043458,-9.807360472405021,0.1429496783821378,0.1252254922874272,-0.9593524113615626
5.8584301471710205,-9.004944283020885,-9.88699875752847,0.17982227765605785,0.12038235971704125,-0.8820544745075853
5.879225492477417,-9.143004790581791,-9.913469658958645,0.17982227765605785,0.12038235971704125,-0.7704648683768536
5.899029493331909,-9.266632374476943,-9.992651038659467,0.18074267645715736,0.13311140006408095,-0.7260186641825239
5.918457984924316,-9.376976940279722,-10.045241773467483,0.1946033789718058,0.13402020640205592,-0.6682648331877612
5.938884973526001,-9.472780909540242,-10.071476866157692,0.1946033789718058,0.13402020640205592,-0.5986959566174495
5.959285020828247,-9.556050366441882,-10.149936195500008,0.15857774679898284,0.13380439959291834,-0.5938858290581255
5.981826543807983,-9.62841903873261,-10.228018162937088,0.15040733115165494,0.1433157046121778,-0.5995991242044791
5.9990074634552,-9.691308970746189,-10.25395976169922,0.15040733115165494,0.1433157046121778,-0.5626507909530307
6.019907712936401,-9.74595769783325,-10.30571198956119,0.1555790427082684,0.12966328773472924,-0.5597542917279412
6.039297819137573,-9.79112563581967,-10.30571198956119,0.1555790427082684,0.12966328773472924,-0.514586353741521
6.059710502624512,-9.828518007076635,-10.408681517712008,0.1657432123029139,0.10173668440256733,-0.5801635106353729
6.078936576843262,-9.859524149918455,-10.408681517712008,0.1657432123029139,0.10173668440256733,-0.5491573677935531
6.099344491958618,-9.885277379913303,-10.485428260798239,0.23284125616191886,0.12851640123699326,-0.6001508808849358
6.118478059768677,-9.906703315830143,-10.561751579988542,0.24988011186360382,0.19353331912134308,-0.655048264158399
6.13886284828186,-9.924558919722568,-10.587096795152998,0.24988011186360382,0.19353331912134308,-0.6625378754304307
6.159146070480347,-9.940061610897185,-10.637641094500417,0.2795119500660803,0.2174061658588471,-0.6975794836032314
6.1787638664245605,-9.952923890616933,-10.71308652245991,0.2903645570331719,0.24997171487484593,-0.7601626318429773
6.198846340179443,-9.963613208210766,-10.738134550007185,0.2903645570331719,0.24997171487484593,-0.7745213417964187
6.218672513961792,-9.974827861102371,-10.812972044429046,0.28775690551265143,0.21789750184689183,-0.8381441833266745
6.242747783660889,-9.986111840622865,-10.887341860719616,0.28654348276904784,0.22558614665467758,-0.9012300200967509
6.258543968200684,-10.001779281149606,-10.912026151019138,0.28654348276904784,0.22558614665467758,-0.9102468698695318
6.281812906265259,-10.020078474154369,-10.98575696392764,0.2977870105241891,0.17303873652417678,-0.9656784897732713
6.298858880996704,-10.039723357626245,-10.98575696392764,0.2977870105241891,0.17303873652417678,-0.9460336063013948
6.318583250045776,-10.059785192537866,-11.058997093494911,0.30721275400719605,0.16675386678252835,-0.9992119009570448
6.339036703109741,-10.079607906230018,-11.08329975431477,0.30721275400719605,0.16675386678252835,-1.0036918480847525
6.3586814403533936,-10.098742105490592,-11.131736868149419,0.306729331437964,0.15813141044054646,-1.0329947626588272
6.378623008728027,-10.115354905807928,-11.20396673281191,0.30395973433041945,0.17033474061463494,-1.088611827003982
6.399166822433472,-10.13131745369648,-11.227928406647312,0.30395973433041945,0.17033474061463494,-1.0966109529508312
6.418764352798462,-10.146407657723007,-11.29946373414722,0.30499463522573933,0.1484382628259482,-1.153056076424214
6.443028450012207,-10.160494248055228,-11.370467324311775,0.3140126587240957,0.14784826619143132,-1.2099730762565475
6.458624362945557,-10.180461541622014,-11.394015439100144,0.3140126587240957,0.14784826619143132,-1.2135538974781301
6.480475664138794,-10.222518005313262,-11.464295838394229,0.3462229193537496,0.16135055759514216,-1.2417778330809668
6.4993815422058105,-10.297339565217642,-11.464295838394229,0.3462229193537496,0.16135055759514216,-1.1669562731765861
6.518726110458374,-10.406845293816813,-11.534023355112266,0.33379406755557284,0.15798555758374278,-1.127178061295453
6.5400779247283936,-10.546821347541293,-11.534023355112266,0.33379406755557284,0.15798555758374278,-0.9872020075709731
6.558645725250244,-10.715854179036564,-11.626118069212271,0.29233223100891337,0.16592335306631867,-0.9102638901757079
6.578955173492432,-10.916828873857632,-11.648983291817071,0.29233223100891337,0.16592335306631867,-0.732154417959439
6.598503351211548,-11.09132023502891,-11.717193577464919,0.309425515064504,0.17482542876678053,-0.6258733424360088
6.6190221309661865,-11.300089038201758,-11.739800831471829,0.309425515064504,0.17482542876678053,-0.4397117932700709
6.639700651168823,-11.538745942400219,-11.807229720477821,0.3349500642507337,0.177098435597145,-0.26848377807760215
6.658796787261963,-11.801138151492571,-11.82957403528831,0.3349500642507337,0.177098435597145,-0.028435883795738803
6.678595066070557,-12.080050164203959,-11.896206784834442,0.35900272702565417,0.1758957273705164,0.18384337936951667
6.698546886444092,-12.36308581267077,-11.896206784834442,0.35900272702565417,0.1758957273705164,0.4668790278363275
6.718835353851318,-12.641526283368073,-11.96223296135113,0.3501686583622359,0.18999107474519406,0.6792933220169424
6.739324331283569,-12.909436764514398,-11.984105514208727,0.3501686583622359,0.18999107474519406,0.9253312503056712
6.758751392364502,-13.162972568776341,-12.070907120479754,0.3795984256430529,0.22042045662237797,1.0920654482965872
6.7787766456604,-13.399842094674073,-12.092433940309329,0.3795984256430529,0.22042045662237797,1.3074081543647438
6.798621416091919,-13.618892878673497,-12.156593294846447,0.38046264345757663,0.1979830573691288,1.4622995838270505
6.819826364517212,-13.809078361973894,-12.177838453178328,0.38046264345757663,0.1979830573691288,1.6312399087955658
6.838867902755737,-13.984917945480337,-12.241146218942152,0.3676156473811716,0.21666164057387505,1.743771726538185
6.859338045120239,-14.143842566185485,-12.262105339117577,0.3676156473811716,0.21666164057387505,1.8817372270679087
6.87869930267334,-14.28682994334562,-12.324548575949384,0.37559359963051975,0.21738036275201011,1.9622813673962352
6.898918151855469,-14.414979205977689,-12.34521740843353,0.37559359963051975,0.21738036275201011,2.0697617975441585
6.919395208358765,-14.527128496429173,-12.406783561714459,0.37223055586218834,0.21610754549328703,2.120344934714714
6.938996076583862,-14.625208836769131,-12.447458181999888,0.34972679428756237,0.21068932076741476,2.177750654769243
6.9590418338775635,-14.713248610896539,-12.467683899991092,0.34972679428756237,0.21068932076741476,2.2455647109054464
6.9787209033966064,-14.791994125383534,-12.52791175191809,0.36330912355333567,0.20582326415751595,2.2640823734654436
7.000993490219116,-14.86220869939152,-12.587460618031116,0.39076033141463995,0.17703661050472874,2.2747480813604035
7.019428014755249,-14.924647351497997,-12.607158256053951,0.39076033141463995,0.17703661050472874,2.3174890954440457
7.039461851119995,-14.978858183391328,-12.646324173384562,0.3671735255047679,0.18149773411278147,2.332534010006766
7.063591241836548,-15.027106664741016,-12.704496270189003,0.37858935073018074,0.13663623116735835,2.3226103945520133
7.079057216644287,-15.067625882432186,-12.723732274933159,0.37858935073018074,0.13663623116735835,2.3438936074990266
7.100162982940674,-15.104024973293487,-12.780973174912113,0.3606565520167351,0.1372645541705424,2.3230517983813748
7.11867356300354,-15.13660301053785,-12.780973174912113,0.3606565520167351,0.1372645541705424,2.355629835625738
7.139514923095703,-15.165668428026724,-12.837508975256807,0.34659108612686396,0.1443456297420198,2.328159452769917
7.15893816947937,-15.198477076855605,-12.837508975256807,0.34659108612686396,0.1443456297420198,2.3609681015987984
7.17939829826355,-15.249235469034273,-12.89333413774756,0.3522895690985024,0.15715373285638634,2.355901331286713
7.1986260414123535,-15.32733810613286,-12.948443312750316,0.3405852341093123,0.13793188497947995,2.3788947933825444
7.218757152557373,-15.43164052612212,-12.966653032284272,0.3405852341093123,0.13793188497947995,2.4649874938378478
7.238990545272827,-15.558340967500705,-13.002831341854318,0.2997037232853472,0.11666357681679074,2.555509625646387
7.258770942687988,-15.668345525521476,-13.056493260509448,0.3000061080965679,0.15651374102162663,2.6118522650120273
7.278726816177368,-15.797400921414495,-13.074218379031503,0.3000061080965679,0.15651374102162663,2.7231825423829914
7.299462795257568,-15.940920111293575,-13.126904767794718,0.2859445202338975,0.15770984314440284,2.8140153434988573
7.3188910484313965,-16.093019484428897,-13.16161989340216,0.2967666086915415,0.13344776317535434,2.9313995910267376
7.338801622390747,-16.247069922077088,-13.178854230877894,0.2967666086915415,0.13344776317535434,3.0682156911991942
7.361685514450073,-16.398415548026264,-13.24696645145149,0.31901328053209,0.12740152947662864,3.1514490965747743
7.379376411437988,-16.543893766823516,-13.26378747247072,0.31901328053209,0.12740152947662864,3.2801062943527963
7.399266481399536,-16.681462536467276,-13.297180056989713,0.35964001875254326,0.1385508409148315,3.3842824794775623
7.419041156768799,-16.809911947248416,-13.297180056989713,0.35964001875254326,0.1385508409148315,3.512731890258703
7.438899040222168,-16.92864195930095,-13.36296352933358,0.35234681676956825,0.13354201907350216,3.5656784299673703
7.463764667510986,-17.037491950400643,-13.411420505637592,0.3362257589760702,0.15647613363398705,3.626071444763051
7.478755712509155,-17.13199829174564,-13.411420505637592,0.3362257589760702,0.15647613363398705,3.7205777861080467
7.498819828033447,-17.218663560814463,-13.443303946132009,0.34635442655417137,0.18645270088745747,3.775359614682454
7.5192718505859375,-17.297598520610705,-13.459118950587342,0.34635442655417137,0.18645270088745747,3.838479570023363
7.53902530670166,-17.371400184512222,-13.506055763069913,0.35001001387718134,0.21512329125835095,3.865344421442309
7.558804273605347,-17.437374978474274,-13.552228062208798,0.3478012461855542,0.1889261129690567,3.8851469162654766
7.578932762145996,-17.49617462310205,-13.567448470855549,0.3478012461855542,0.1889261129690567,3.928726152246501
7.598876953125,-17.548440891068847,-13.59763319000146,0.3370332927152049,0.19792301407142077,3.9508077010673865
7.618780136108398,-17.594791731558615,-13.642268713956819,0.36581173024023883,0.22513001984043512,3.9525230176017967
7.639477491378784,-17.63349591235667,-13.656975811246761,0.36581173024023883,0.22513001984043512,3.976520101109907
7.659113883972168,-17.665868828443546,-13.700581807589042,0.3777833128988277,0.2620192562608281,3.965287020854504
7.6785948276519775,-17.690674639148494,-13.72922236377434,0.4315623487054836,0.2861246616957942,3.9614522753741532
7.699459552764893,-17.712211677324948,-13.743413416086685,0.4315623487054836,0.2861246616957942,3.9687982612382626
7.7199132442474365,-17.728269738487263,-13.785468975002713,0.43241834969376214,0.24943862868531141,3.9428007634845503
7.741215944290161,-17.737782652886654,-13.826747059541084,0.44631071531330235,0.2516134010074893,3.91103559334557
7.758664846420288,-17.742498724617636,-13.840333437165434,0.44631071531330235,0.2516134010074893,3.9021652874522026
7.779238700866699,-17.741442363675905,-13.867246484484234,0.45963999957893975,0.25410696574545,3.874195879191671
7.802610635757446,-17.736404424275644,-13.9069663068307,0.49161437855218537,0.2727395751426229,3.829438117444944
7.818893194198608,-17.72873373277525,-13.920032874819782,0.49161437855218537,0.2727395751426229,3.8087008579554684
7.839624643325806,-17.717120195377692,-13.945905828432586,0.49741708210785873,0.2682822294445941,3.771214366945106
7.8592329025268555,-17.705390456029708,-13.945905828432586,0.49741708210785873,0.2682822294445941,3.7594846275971214
7.879001617431641,-17.691572793031778,-13.99661064647355,0.5279401773877908,0.2550982026295969,3.694962146558227
7.9017884731292725,-17.678985410262204,-14.03372814648556,0.5191394631110597,0.26083448705321644,3.645257263776644
7.919341087341309,-17.66805672317052,-14.03372814648556,0.5191394631110597,0.26083448705321644,3.6343285766849593
7.938982248306274,-17.658095730036422,-14.070064820845687,0.5190153566363733,0.2748601631174097,3.588030909190735
7.962690830230713,-17.6490693990984,-14.070064820845687,0.5190153566363733,0.2748601631174097,3.5790045782527145
7.979431390762329,-17.640930154218623,-14.10562106291696,0.5142811711120885,0.2529457890341291,3.535309091301663
7.998737335205078,-17.63362157088423,-14.128891962184568,0.5092491630639415,0.25584442786930595,3.5047296086996624
8.019018173217773,-17.627082565736345,-14.140397524982959,0.5092491630639415,0.25584442786930595,3.486685040753386
8.03870415687561,-17.621250429318234,-14.174395120885448,0.5195226485084277,0.25913182775548194,3.446855308432786
8.058822870254517,-17.616062975418533,-14.20761502866198,0.512528710270999,0.28165059666207526,3.408447946756553
8.079031705856323,-17.611460020172835,-14.218515753664176,0.512528710270999,0.28165059666207526,3.3929442665086587
8.099255561828613,-17.60970070473126,-14.240058693183377,0.535834079812048,0.28390835401660297,3.3696420115478833
8.118720054626465,-17.60817322214743,-14.271727828791283,0.542726172338007,0.2871550360141555,3.3364453933561453
8.13884687423706,-17.613269389195384,-14.28211242523883,0.542726172338007,0.2871550360141555,3.3311569639565537
8.159647941589355,-17.62283190467833,-14.312751993073247,0.5211945122282486,0.29009532708732877,3.310079911605081
8.178621768951416,-17.635244639275697,-14.332750733813109,0.5298311339865904,0.2779692929616431,3.3024939054625886
8.198964357376099,-17.64930994397527,-14.342622094882973,0.5298311339865904,0.2779692929616431,3.3066878490922953
8.218899250030518,-17.664152401907696,-14.371725362294939,0.5301038075413089,0.2850978473579744,3.2924270396127575
8.24156641960144,-17.67914348386096,-14.400064707836389,0.5526220195170026,0.29033346207870636,3.279078776024569
8.258919954299927,-17.69384270877758,-14.409341940122449,0.5526220195170026,0.29033346207870636,3.284500768655132
8.27887487411499,-17.707951818998673,-14.427643327572424,0.5482507266278844,0.2870679459447274,3.280308491426249
8.299051284790039,-17.72127920300287,-14.427643327572424,0.5482507266278844,0.2870679459447274,3.2936358754304447
8.319047927856445,-17.733712373489627,-14.463237529536139,0.5495515722723212,0.29381786183512304,3.2704748439534885
8.342061519622803,-17.744507169540153,-14.489055164002115,0.5420515356527176,0.2769481510767946,3.2554520055380376
8.359413146972656,-17.75456908341948,-14.489055164002115,0.5420515356527176,0.2769481510767946,3.265513919417364
8.379018783569336,-17.763856771017604,-14.514124807851388,0.5673608412907925,0.2721794907847652,3.249731963166216
8.399121284484863,-17.7723619201764,-14.514124807851388,0.5673608412907925,0.2721794907847652,3.2582371123250127
8.419495582580566,-17.780099381150986,-14.538450916291596,0.5894260337518062,0.28961300374066923,3.2416484648593897
8.438719034194946,-17.787099700978395,-14.562038242135207,0.5735165333317127,0.30817376532650087,3.2250614588431876
8.458670139312744,-17.79340352430922,-14.569737374840628,0.5735165333317127,0.30817376532650087,3.223666149468592
8.47933053970337,-17.799057438213303,-14.584891838437139,0.5641826322244015,0.30563967455236707,3.2141655997761642
8.498641729354858,-17.804110929451316,-14.607017061132211,0.5498047215805855,0.2792239316186169,3.1970938683191044
8.519110918045044,-17.808614194634085,-14.614231244233459,0.5498047215805855,0.2792239316186169,3.1943829504006267
8.538706541061401,-17.812616600494117,-14.635394162008573,0.5504392786242533,0.270035320558236,3.1772224384855434
8.560633182525635,-17.8161656362917,-14.6558423960407,0.5319703175046016,0.2512159828474978,3.1603232402509995
8.578721284866333,-17.819246999782347,-14.662500749921339,0.5319703175046016,0.2512159828474978,3.1567462498610084
8.599246263504028,-17.821981554110774,-14.67558233091372,0.5403517550148536,0.25544044667913113,3.1463992231970543
8.618680000305176,-17.824403152695123,-14.67558233091372,0.5403517550148536,0.25544044667913113,3.1488208217814027
8.638688564300537,-17.82654355737234,-14.700812069319882,0.5445209960744251,0.28716947058273945,3.125731488052457
8.663708686828613,-17.828432240128176,-14.718925905595919,0.5468223970674444,0.29129594810365234,3.1095063345322576
8.679288148880005,-17.830096305731516,-14.718925905595919,0.5468223970674444,0.29129594810365234,3.111170400135597
8.698647499084473,-17.83156050038543,-14.73635500948723,0.5550500238605309,0.2585363561665872,3.0952054908981985
8.718831539154053,-17.832847279895816,-14.742013880883512,0.5550500238605309,0.2585363561665872,3.090833399012304
8.739080429077148,-17.833976917383126,-14.753107146634159,0.5321163656481076,0.24052297942398582,3.0808697707489667
8.758746147155762,-17.834967635621304,-14.76919040841592,0.4964914704032708,0.2621097570663551,3.065777227205384
8.779099941253662,-17.835835752994473,-14.7744043024628,0.4964914704032708,0.2621097570663551,3.061431450531673
8.799509048461914,-17.83658947466195,-14.789608884958096,0.5251230215944815,0.2618360149936052,3.0469805897038533
8.823372840881348,-17.837250235460715,-14.804164753551003,0.5319949039549101,0.2616079127328703,3.033085481909712
8.838789463043213,-17.83782901317914,-14.808874130887201,0.5319949039549101,0.2616079127328703,3.028954882291938
8.859991788864136,-17.838335593429495,-14.81808110446583,0.5299461325921584,0.2736197797494242,3.0202544889636656
8.878829956054688,-17.83877867586313,-14.81808110446583,0.5299461325921584,0.2736197797494242,3.0206975713972994
8.898817777633667,-17.839165976565766,-14.835657960103346,0.5161738824390341,0.2628197962330887,3.003508016462421
8.924009561538696,-17.839504325101117,-14.84811976510601,0.4973840453021694,0.2526678400026867,2.991384559995108
8.938844203948975,-17.839799755279607,-14.84811976510601,0.4973840453021694,0.2526678400026867,2.9916799901735978
8.958862066268921,-17.840057589176585,-14.856090086735087,0.5278841909312177,0.24004468171915505,2.983967502441498
8.979589223861694,-17.84028251424741,-14.859975156431906,0.5278841909312177,0.24004468171915505,2.9803073578155033
8.999034881591797,-17.840478653615435,-14.871234810416984,0.5381749403022695,0.26590142435452435,2.9692438431984503
9.01880168914795,-17.84064894682243,-14.88190975199485,0.526475212565856,0.23379450700304005,2.9587391948275794
9.039381980895996,-17.840797482675676,-14.88534008584651,0.526475212565856,0.23379450700304005,2.955457396829166
9.059012413024902,-17.840926991650274,-14.892011357334365,0.544055708713131,0.21811148746928666,2.9489156343159095
9.078758955001831,-17.841039871732153,-14.901551356477379,0.5476758641016204,0.225172500955523,2.9394885152547747
9.099204540252686,-17.841138226768095,-14.904608633527854,0.5476758641016204,0.225172500955523,2.936529593240241
9.119308948516846,-17.84122390085493,-14.913418687710983,0.5880680543195922,0.206278076293529,2.927805213143948
9.138685464859009,-17.841298509071294,-14.913418687710983,0.5880680543195922,0.206278076293529,2.9278798213603103
9.159314155578613,-17.841363464859025,-14.924338780535507,0.5919286359858233,0.2079568150365958,2.9170246843235184
9.18400502204895,-17.843736352440047,-14.93192570378149,0.5505287882697303,0.19166736667102668,2.911810648658557
9.199052333831787,-17.863864183655856,-14.93192570378149,0.5505287882697303,0.19166736667102668,2.9319384798743666
9.218599081039429,-17.91432456898682,-14.936703859563053,0.5684890088450629,0.19506380836537573,2.9776207094237677
9.239022493362427,-17.958135563845982,-14.939010517509477,0.5684890088450629,0.19506380836537573,3.019125046336505
9.259405374526978,-18.038775735424792,-14.945607006861215,0.5680061190214474,0.19110585599264596,3.093168728563578
9.278677940368652,-18.152136861402912,-14.951729328434977,0.549899954610737,0.1668302252801368,3.200407532967935
9.299033403396606,-18.29450309369836,-14.953667232326202,0.549899954610737,0.1668302252801368,3.340835861372158
9.319286346435547,-18.46947809472829,-14.959179998533383,0.534342185856076,0.16673543092474574,3.5102980961949086
9.338506937026978,-18.681021845314458,-14.96260996774974,0.5232026663434226,0.18459267888829345,3.7184118775647175
9.359229803085327,-18.928604757025344,-14.964253088394432,0.5232026663434226,0.18459267888829345,3.9643516686309113
9.378582954406738,-19.20859283175642,-14.968901915745292,0.5067639958870132,0.18213789488800103,4.239690916011128
9.401246786117554,-19.519924279015463,-14.973142277307797,0.5124766489316244,0.19161754145898158,4.546782001707665
9.418724536895752,-19.858719200574033,-14.974467746761832,0.5124766489316244,0.19161754145898158,4.884251453812201
9.43923044204712,-20.214609853871924,-14.976990355327494,0.5195126871403772,0.18282878350146348,5.237619498544429
9.458614826202393,-20.523603205385022,-14.976990355327494,0.5195126871403772,0.18282878350146348,5.546612850057528
9.479174375534058,-20.841271324188092,-14.9815396036221,0.5131046849128325,0.18679900372080738,5.859731720565993
9.50075626373291,-21.156592657020745,-14.983576333163334,0.4952722846355755,0.20657099501841003,6.173016323857411
9.519135475158691,-21.461973698030466,-14.983576333163334,0.4952722846355755,0.20657099501841003,6.478397364867131
9.538846254348755,-21.75240212203012,-14.987199811214422,0.4559385425236542,0.24280743391864235,6.765202310815697
9.561246395111084,-22.024790540693836,-14.989544511552442,0.4637579398986418,0.24324477004847722,7.035246029141394
9.579012632369995,-22.277469956950195,-14.989544511552442,0.4637579398986418,0.24324477004847722,7.287925445397754
9.598583936691284,-22.509800546768574,-14.991589853610483,0.4445914069947321,0.2228755308969994,7.518210693158091
9.623365640640259,-22.721874192060735,-14.993354522533178,0.45975463491049595,0.22951947671390371,7.728519669527557
9.639075994491577,-22.911972233740684,-14.993354522533178,0.45975463491049595,0.22951947671390371,7.9186177112075065
9.6586754322052,-23.077020206960697,-14.994384449386967,0.46592943582800217,0.20135782246507006,8.08263575757373
9.679245710372925,-23.22046260568887,-14.994857608331017,0.46592943582800217,0.20135782246507006,8.225604997357852
9.69949746131897,-23.32658700145272,-14.996118608517701,0.4684407410968561,0.13327002112782793,8.330468392935018
9.718674898147583,-23.38546336100989,-14.997157430747698,0.46910581036354415,0.11294847686804133,8.388305930262192
9.738943338394165,-23.40765413121452,-14.997457832177323,0.46910581036354415,0.11294847686804133,8.410196299037198
9.759318351745605,-23.403778973785247,-14.997994395453894,0.491069440235151,0.12928787951386767,8.405784578331353
9.778807401657104,-23.381901062625122,-14.99865023848507,0.5065164663537871,0.15452824679232435,8.383250824140053
9.799329996109009,-23.350411729236413,-14.998832247704378,0.5065164663537871,0.15452824679232435,8.351579481532035
9.818970203399658,-23.313076388147564,-14.999279573875137,0.5468005821749102,0.19353772473550634,8.313796814272427
9.840103149414062,-23.27498084157793,-14.999595792340376,0.5682657644792926,0.19095515582739608,8.275385049237553
9.858693838119507,-23.239677623329012,-14.999675877779763,0.5682657644792926,0.19095515582739608,8.240001745549248
9.880484104156494,-23.209026467911343,-14.999851799075907,0.5631542275368702,0.18952316657669144,8.209174668835436
9.899170398712158,-23.18063219854323,-14.99989179809643,0.5631542275368702,0.18952316657669144,8.1807404004468
9.919547319412231,-23.15455384599905,-14.99989179809643,0.5631542275368702,0.18952316657669144,8.15466204790262
9.939114332199097,-23.130771376157302,-14.999948936211869,0.5363676636188757,0.19226212549983757,8.130822439945433
9.95866322517395,-23.10921036596466,-14.999995956101756,0.5345801518706139,0.15761640418349998,8.109214409862904
9.979398965835571,-23.094393272460394,-14.999995956101756,0.5345801518706139,0.15761640418349998,8.094397316358638
9.999187469482422,-23.089283570568917,-15.0,0.5195400326920208,0.1490878046679427,8.089283570568917
10.018680334091187,-23.095683794687993,-15.0,0.5115093480271753,0.1823061996328761,8.095683794687993
10.039039373397827,-23.114542607048485,-15.0,0.5115093480271753,0.1823061996328761,8.114542607048485
10.05882215499878,-23.146190585096388,-15.0,0.5029964552668389,0.2036172387379338,8.146190585096388
10.078592300415039,-23.190520284351678,-15.0,0.5048038820677903,0.1670768198746373,8.190520284351678
10.09879183769226,-23.22900846103609,-15.0,0.5048038820677903,0.1670768198746373,8.229008461036091
10.119367837905884,-23.275906572045592,-15.0,0.48246560533880256,0.16406003997690277,8.275906572045592
10.138670444488525,-23.327410064079505,-15.0,0.48717165560810827,0.16848911910346942,8.327410064079505
10.159313201904297,-23.380754994561805,-15.0,0.48717165560810827,0.16848911910346942,8.380754994561805
10.17911696434021,-23.433973052168778,-15.0,0.4713787418731954,0.21239504038385348,8.433973052168778
10.198762893676758,-23.485700430105876,-15.0,0.4908405692258384,0.2636957858412643,8.485700430105876
10.21911907196045,-23.53502914157449,-15.0,0.4908405692258384,0.2636957858412643,8.53502914157449
10.23902440071106,-23.581391733318114,-15.0,0.5412865505495574,0.26943392126850085,8.581391733318114
10.25866985321045,-23.624472235182918,-15.0,0.5148850177356508,0.2776073394998093,8.624472235182918
10.279378175735474,-23.664137679615234,-15.0,0.5148850177356508,0.2776073394998093,8.664137679615234
10.29862904548645,-23.69806936534678,-15.0,0.5492323134967592,0.27697912982694106,8.698069365346779
10.321996212005615,-23.727529721215983,-15.0,0.5539620254130568,0.27220190742082195,8.727529721215983
10.338641881942749,-23.750386113590892,-15.0,0.5539620254130568,0.27220190742082195,8.750386113590892
10.35872507095337,-23.765736796318567,-15.0,0.5601982954831328,0.25915192958927946,8.765736796318567
10.379318475723267,-23.76620420210075,-15.0,0.5601982954831328,0.25915192958927946,8.766204202100749
10.399200439453125,-23.737790871954196,-15.0,0.5913340929837432,0.29126609263039427,8.737790871954196
10.41924524307251,-23.67616828976519,-15.0,0.5913340929837432,0.29126609263039427,8.67616828976519
10.439257860183716,-23.59310326778626,-15.0,0.6072956897260156,0.2802113542056759,8.593103267786262
10.458643198013306,-23.49733391669487,-15.0,0.6261875178606715,0.2542791874802788,8.49733391669487
10.47909688949585,-23.395264378362832,-15.0,0.6261875178606715,0.2542791874802788,8.395264378362832
10.499234437942505,-23.291508885138413,-15.0,0.6001842800469603,0.25129116868629353,8.291508885138413
10.518641233444214,-23.18931682564905,-15.0,0.5975383681652602,0.26873121580138104,8.189316825649051
10.538747787475586,-23.100591070513207,-15.0,0.5975383681652602,0.26873121580138104,8.100591070513207
10.558725118637085,-23.01386999161346,-15.0,0.5992417630914133,0.25192076696112053,8.013869991613461
10.578893899917603,-22.93082684640665,-15.0,0.5992417630914133,0.25192076696112053,7.930826846406649
10.599461793899536,-22.852526915216504,-15.0,0.5903180592868011,0.25075396180181997,7.8525269152165045
10.61923623085022,-22.77958511400151,-15.0,0.6046898120257538,0.26487622626154916,7.7795851140015095
10.639184474945068,-22.71460368648737,-15.0,0.6046898120257538,0.26487622626154916,7.714603686487369
10.658869743347168,-22.656863957339624,-15.0,0.5765796133491676,0.24361164711444872,7.656863957339624
10.682406425476074,-22.605675894547996,-15.0,0.5765796133491676,0.24361164711444872,7.605675894547996
10.699349641799927,-22.56038754691479,-15.0,0.5624395420018118,0.23376414209633367,7.560387546914789
10.720658779144287,-22.520390595533843,-15.0,0.538434218353359,0.23187439674074994,7.5203905955338435
10.738819122314453,-22.485123059814747,-15.0,0.538434218353359,0.23187439674074994,7.485123059814747
10.758966445922852,-22.454069955792885,-15.0,0.5388813995523378,0.23031189671746688,7.454069955792885
10.783674716949463,-22.427108858057707,-15.0,0.5498555580852553,0.2024407182543655,7.427108858057707
10.799224853515625,-22.403354201384435,-15.0,0.5498555580852553,0.2024407182543655,7.403354201384435
10.818771362304688,-22.382452727359453,-15.0,0.5322086418746039,0.21323072730592685,7.382452727359453
10.839257955551147,-22.366400222362298,-15.0,0.5322086418746039,0.21323072730592685,7.366400222362298
10.858853816986084,-22.354138778396898,-15.0,0.530039721284993,0.21010281408234732,7.354138778396898
10.878808498382568,-22.344833680267044,-15.0,0.5222394802840427,0.22465054487838643,7.344833680267044
10.89915680885315,-22.337827236956617,-15.0,0.5222394802840427,0.22465054487838643,7.337827236956617
10.919411420822144,-22.33260204835659,-15.0,0.5253044700948521,0.2131364669839968,7.332602048356591
10.938762187957764,-22.32875179370071,-15.0,0.5139301473973319,0.18756481150194304,7.328751793700711
10.959381580352783,-22.325958014300458,-15.0,0.5139301473973319,0.18756481150194304,7.325958014300458
10.979463338851929,-22.323971671691503,-15.0,0.49403311673086137,0.18972609710908728,7.323971671691503
11.003750562667847,-22.322247078324672,-15.0,0.49403311673086137,0.18972609710908728,7.322247078324672
11.018736362457275,-22.321101172728568,-15.0,0.49679974757600576,0.1935161811488797,7.321101172728568
11.041801929473877,-22.322703760634578,-15.0,0.5059214682551101,0.16189697507797973,7.322703760634578
11.058837175369263,-22.32617316229131,-15.0,0.5059214682551101,0.16189697507797973,7.326173162291312
11.078861951828003,-22.330847780524298,-15.0,0.47625819605309516,0.17785581510543125,7.330847780524298
11.099371194839478,-22.336236319532112,-15.0,0.47625819605309516,0.17785581510543125,7.336236319532112
11.119277000427246,-22.344295067646197,-15.0,0.44559331436175853,0.19326717995136278,7.344295067646197
11.138823509216309,-22.356312451369867,-15.0,0.43044160038698465,0.18428710784792202,7.356312451369867
11.159144878387451,-22.37771175327873,-15.0,0.43044160038698465,0.18428710784792202,7.3777117532787315
11.179053544998169,-22.407379923663566,-15.0,0.4496356687741354,0.17461787659703987,7.407379923663566
11.200067520141602,-22.44200958674999,-15.0,0.46827444166410714,0.18146617600723403,7.44200958674999
11.218884706497192,-22.472075944378908,-15.0,0.46827444166410714,0.18146617600723403,7.472075944378908
11.239524364471436,-22.50527712377805,-15.0,0.4713293450186029,0.1692398440281977,7.5052771237780505
11.258955717086792,-22.539780675458882,-15.0,0.4713293450186029,0.1692398440281977,7.539780675458882
11.279094696044922,-22.574279491993785,-15.0,0.5117197359213606,0.11792312452598708,7.574279491993785
11.302750825881958,-22.607865806944485,-15.0,0.508171609020792,0.1398995004783501,7.607865806944485
11.31932258605957,-22.639933152394807,-15.0,0.508171609020792,0.1398995004783501,7.639933152394807
11.338857173919678,-22.670100319881616,-15.0,0.47405149636324495,0.12653465645416873,7.670100319881616
11.359232187271118,-22.698152608456926,-15.0,0.47405149636324495,0.12653465645416873,7.698152608456926
11.379537582397461,-22.726312976538228,-15.0,0.4626434309175238,0.12110701885103481,7.726312976538228
11.398730039596558,-22.753806251019775,-15.0,0.40773731970693916,0.10764921207010048,7.753806251019775
11.419356107711792,-22.777676613861285,-15.0,0.40773731970693916,0.10764921207010048,7.777676613861285
11.439535140991211,-22.81241819189639,-15.0,0.41124775737989694,0.12497960153996246,7.812418191896391
11.460676193237305,-22.870009529191616,-15.0,0.44749702245462686,0.16093610350071685,7.870009529191616
11.47873592376709,-22.958168484997525,-15.0,0.44749702245462686,0.16093610350071685,7.958168484997525
11.500549077987671,-23.074501082681486,-15.0,0.43982478708494455,0.1439649381864001,8.074501082681486
11.518837928771973,-23.21428565151404,-15.0,0.43982478708494455,0.1439649381864001,8.21428565151404
11.539286375045776,-23.375940885309458,-15.0,0.4813644635723904,0.14098348638071911,8.375940885309458
11.558835983276367,-23.550842996441297,-15.0,0.4813644635723904,0.14098348638071911,8.550842996441297
11.578974485397339,-23.730336602706146,-15.0,0.48552585404831916,0.175759544428729,8.730336602706146
11.598884105682373,-23.908288836688463,-15.0,0.4554497079225257,0.16782195942505496,8.908288836688463
11.618964433670044,-24.08048055143523,-15.0,0.4554497079225257,0.16782195942505496,9.08048055143523
11.63955307006836,-24.229981794441617,-15.0,0.47359591734129936,0.18152972107782261,9.229981794441617
11.659655332565308,-24.37161747597722,-15.0,0.4639790236251429,0.1984467690999736,9.37161747597722
11.679152011871338,-24.504057099144678,-15.0,0.4639790236251429,0.1984467690999736,9.504057099144678
11.69954538345337,-24.624302539900718,-15.0,0.4897487658308819,0.17761439627065556,9.624302539900718
11.718863010406494,-24.732909084439324,-15.0,0.4897487658308819,0.17761439627065556,9.732909084439324
11.739201068878174,-24.828252817470204,-15.0,0.5079179621534422,0.16992622271209257,9.828252817470204
11.758796691894531,-24.911871687293274,-15.0,0.5079179621534422,0.16992622271209257,9.911871687293274
11.779025316238403,-24.982826582132287,-15.0,0.4956710209371522,0.2185033264759113,9.982826582132287
11.798876523971558,-25.04079897104584,-15.0,0.46819039818365127,0.20353790216177003,10.040798971045842
11.818826675415039,-25.090542457409992,-15.0,0.46819039818365127,0.20353790216177003,10.090542457409992
11.839541912078857,-25.13325932484609,-15.0,0.4592301232041791,0.2206207907947828,10.13325932484609
11.858989953994751,-25.170347199767523,-15.0,0.4729940836550668,0.21841656399919884,10.170347199767523
11.878910303115845,-25.199854133639146,-15.0,0.4729940836550668,0.21841656399919884,10.199854133639146
11.899458885192871,-25.223317842147424,-15.0,0.49920456495601684,0.21265751386090415,10.223317842147424
11.923698902130127,-25.24196566106974,-15.0,0.49920456495601684,0.21265751386090415,10.241965661069742
11.939090728759766,-25.256776996070332,-15.0,0.5023349254624918,0.24440253043576377,10.256776996070332
11.964117050170898,-25.268533233277832,-15.0,0.5164099839748815,0.253975429404818,10.268533233277832
11.97891354560852,-25.277857624979287,-15.0,0.5164099839748815,0.253975429404818,10.277857624979287
11.99885892868042,-25.28524716104305,-15.0,0.5307157599600032,0.25294392678915756,10.28524716104305
12.0194993019104,-25.286465337649535,-15.0,0.5307157599600032,0.25294392678915756,10.286465337649535
12.039695024490356,-25.281048555782345,-15.0,0.5433415706502274,0.2057796356457402,10.281048555782345
12.058847665786743,-25.266533324181157,-15.0,0.5263374998467043,0.19218150742381113,10.266533324181157
12.079065561294556,-25.253930829513546,-15.0,0.5263374998467043,0.19218150742381113,10.253930829513546
12.099250793457031,-25.230506531088174,-15.0,0.4980997397797182,0.1595846659693052,10.230506531088174
12.123287200927734,-25.19555026833783,-15.0,0.5004208415048197,0.18886910595028894,10.19555026833783
12.138842821121216,-25.15350539749685,-15.0,0.5004208415048197,0.18886910595028894,10.15350539749685
12.161647319793701,-25.107645006339897,-15.0,0.5242360542761162,0.19662440178944962,10.107645006339897
12.179408550262451,-25.06034307519701,-15.0,0.5242360542761162,0.19662440178944962,10.06034307519701
12.198898315429688,-25.013286515967884,-15.0,0.5251596255693585,0.20736319461866515,10.013286515967884
12.219344139099121,-24.967640557885964,-15.0,0.5251596255693585,0.20736319461866515,9.967640557885964
12.23879599571228,-24.926493718208203,-15.0,0.5239543402567506,0.20507825475215213,9.926493718208203
12.258833408355713,-24.88955629869176,-15.0,0.5178429018706083,0.20721561025857227,9.889556298691758
12.278860569000244,-24.85651614178687,-15.0,0.5178429018706083,0.20721561025857227,9.85651614178687
12.29898977279663,-24.827829834006778,-15.0,0.5050420193001628,0.16637511115550296,9.827829834006778
12.318684816360474,-24.802147532217,-15.0,0.4802059894427657,0.15951728897198336,9.802147532216999
12.339102983474731,-24.779228608519702,-15.0,0.4802059894427657,0.15951728897198336,9.779228608519702
12.359184741973877,-24.758833098951314,-15.0,0.49687435757368803,0.15593571897625225,9.758833098951314
12.379138946533203,-24.74304417301292,-15.0,0.5067711770534515,0.20450218331097858,9.743044173012919
12.39923095703125,-24.73087100535556,-15.0,0.5067711770534515,0.20450218331097858,9.73087100535556
12.419391632080078,-24.721530095161924,-15.0,0.507757893181406,0.1957725661995937,9.721530095161924
12.442466020584106,-24.716718942340982,-15.0,0.5429512694245204,0.20286971174209611,9.716718942340982
12.459668636322021,-24.715180867742422,-15.0,0.5429512694245204,0.20286971174209611,9.715180867742422
12.482516050338745,-24.715956744999158,-15.0,0.5202874339884147,0.18610825233190553,9.715956744999158
12.499367475509644,-24.718319399756236,-15.0,0.5202874339884147,0.18610825233190553,9.718319399756236
12.519112586975098,-24.720370716937772,-15.0,0.5043909217929468,0.20217763848631876,9.720370716937772
12.539644956588745,-24.72350293753835,-15.0,0.5043909217929468,0.20217763848631876,9.723502937538349
12.55889630317688,-24.727303383153927,-15.0,0.5048532217624597,0.20518339874251978,9.727303383153927
12.578680038452148,-24.731467804443966,-15.0,0.5028436087886803,0.1874469656686415,9.731467804443966
12.59880805015564,-24.73577528323199,-15.0,0.5028436087886803,0.1874469656686415,9.735775283231991
12.619112253189087,-24.737752255727784,-15.0,0.49620673729805276,0.18206053117319243,9.737752255727784
12.63954210281372,-24.738058401272635,-15.0,0.498114806774538,0.19056856988026993,9.738058401272635
12.658722400665283,-24.73719595469054,-15.0,0.498114806774538,0.19056856988026993,9.737195954690542
12.678922414779663,-24.73554455658034,-15.0,0.49411382124526426,0.17737457139446633,9.73554455658034
12.699441909790039,-24.733388690604215,-15.0,0.49411382124526426,0.17737457139446633,9.733388690604215
12.71882677078247,-24.730939248742143,-15.0,0.504696047573816,0.1485337296689977,9.730939248742143
12.738566398620605,-24.728812580780268,-15.0,0.504696047573816,0.1485337296689977,9.728812580780268
12.759124994277954,-24.726504022175583,-15.0,0.5060367517289706,0.17233940942242043,9.726504022175583
12.77951431274414,-24.724129967707665,-15.0,0.5060367517289706,0.17233940942242043,9.724129967707665
12.798725366592407,-24.721772989048517,-15.0,0.49462735635461286,0.14544549753918545,9.721772989048517
12.81859302520752,-24.71948998883402,-15.0,0.4726798961055465,0.19745855575456517,9.71948998883402
12.8386812210083,-24.717318540827158,-15.0,0.4726798961055465,0.19745855575456517,9.717318540827158
12.859086513519287,-24.7152818030816,-15.0,0.4822434287634678,0.20913283323898213,9.715281803081599
12.879087686538696,-24.715708658537636,-15.0,0.5027020599809475,0.18335564231529133,9.715708658537636
12.898969411849976,-24.7178354278764,-15.0,0.5027020599809475,0.18335564231529133,9.717835427876398
12.918806076049805,-24.721086873342266,-15.0,0.47124587633879855,0.2036903852786054,9.721086873342266
12.938716411590576,-24.72503380533064,-15.0,0.47124587633879855,0.2036903852786054,9.72503380533064
12.959369421005249,-24.728460632452904,-15.0,0.47524226998211816,0.1498931812311639,9.728460632452904
12.984127044677734,-24.7300186983846,-15.0,0.4766777281765826,0.14576607553317444,9.730018698384601
12.999008178710938,-24.73255404479644,-15.0,0.4766777281765826,0.14576607553317444,9.73255404479644
13.018644332885742,-24.733385024230017,-15.0,0.48844902246491984,0.13914198877318995,9.733385024230017
13.039076328277588,-24.73301028334884,-15.0,0.48844902246491984,0.13914198877318995,9.73301028334884
13.059406042098999,-24.731807948995154,-15.0,0.5190736412187107,0.14970851393445628,9.731807948995154
13.078733444213867,-24.73006247180979,-15.0,0.503180614032317,0.15637879522546427,9.730062471809791
13.0988450050354,-24.730302088195504,-15.0,0.503180614032317,0.15637879522546427,9.730302088195504
13.119098901748657,-24.729597848568886,-15.0,0.48996008589165285,0.16635082459106343,9.729597848568886
13.143251419067383,-24.728256585192646,-15.0,0.4745645274524577,0.17585389858140843,9.728256585192646
13.159017562866211,-24.728824554527613,-15.0,0.4745645274524577,0.17585389858140843,9.728824554527613
13.181534051895142,-24.72931768000518,-15.0,0.46463484718697146,0.13084450906171696,9.729317680005181
13.198784351348877,-24.73113181488874,-15.0,0.46463484718697146,0.13084450906171696,9.731131814888741
13.21959924697876,-24.73381568571478,-15.0,0.49648792325751856,0.1870849559272756,9.73381568571478
13.238960266113281,-24.737032924970887,-15.0,0.49648792325751856,0.1870849559272756,9.737032924970887
13.258802890777588,-24.74053584149902,-15.0,0.4778647593338974,0.16088900698377984,9.740535841499021
13.278699159622192,-24.744144864875228,-15.0,0.4747896518674679,0.16880218016012805,9.744144864875228
13.299357891082764,-24.747732472563413,-15.0,0.4747896518674679,0.16880218016012805,9.747732472563413
13.31927752494812,-24.751210654314445,-15.0,0.4713717951090075,0.16486336460366147,9.751210654314445
13.338603973388672,-24.754521163841027,-15.0,0.48127953900257125,0.17906466389104025,9.754521163841027
13.35878849029541,-24.75762796339584,-15.0,0.48127953900257125,0.17906466389104025,9.75762796339584
13.379285097122192,-24.760511390619698,-15.0,0.4812480910550221,0.1766456391851534,9.760511390619698
13.402268648147583,-24.763014855752846,-15.0,0.46163117800460896,0.16641278827592032,9.763014855752846
13.418994188308716,-24.765337247721952,-15.0,0.46163117800460896,0.16641278827592032,9.765337247721952
13.439239501953125,-24.767472663422218,-15.0,0.4928012239615782,0.1788821768204798,9.767472663422218
13.459352970123291,-24.769421930412307,-15.0,0.4928012239615782,0.1788821768204798,9.769421930412307
13.478807210922241,-24.771190529427745,-15.0,0.5126059773247107,0.1942781301404466,9.771190529427745
13.499426364898682,-24.772787028765414,-15.0,0.5126059773247107,0.1942781301404466,9.772787028765414
13.518950939178467,-24.77422191546534,-15.0,0.5142914186799317,0.19639618142537074,9.77422191546534
13.538720607757568,-24.77550673290413,-15.0,0.524359970317164,0.20733700140408473,9.77550673290413
13.55869460105896,-24.776653453944647,-15.0,0.524359970317164,0.20733700140408473,9.776653453944647
13.57943320274353,-24.77767403421897,-15.0,0.5199629519702285,0.22452929995051818,9.777674034218968
13.598656177520752,-24.77626375421745,-15.0,0.5451859240056365,0.22814483691036003,9.77626375421745
13.619368553161621,-24.77503931311397,-15.0,0.5451859240056365,0.22814483691036003,9.775039313113972
13.63978362083435,-24.772139123004592,-15.0,0.5175283145727008,0.17932322371780174,9.772139123004592
13.658654689788818,-24.768151424640763,-15.0,0.5574915078104823,0.19885980833350914,9.768151424640763
13.679574012756348,-24.761197111613956,-15.0,0.5574915078104823,0.19885980833350914,9.761197111613956
13.69928789138794,-24.752365526294795,-15.0,0.5764472675145953,0.21371372260182397,9.752365526294795
13.721381425857544,-24.742462779881826,-15.0,0.5729526718714624,0.1952164846661617,9.742462779881826
13.739237785339355,-24.732077011770727,-15.0,0.5729526718714624,0.1952164846661617,9.732077011770727
13.761115789413452,-24.721629462058427,-15.0,0.6000472260275274,0.18357677880703704,9.721629462058427
13.778815746307373,-24.71141434411801,-15.0,0.6000472260275274,0.18357677880703704,9.711414344118008
13.79856538772583,-24.701629887084515,-15.0,0.5905424644806772,0.202910256870382,9.701629887084515
13.824042320251465,-24.69240242701237,-15.0,0.590123969996057,0.22873334709584014,9.692402427012372
13.838561058044434,-24.68439091058949,-15.0,0.590123969996057,0.22873334709584014,9.684390910589489
13.85874080657959,-24.67684923175412,-15.0,0.586362547641329,0.23689004808693426,9.676849231754119
13.879014015197754,-24.669832653054414,-15.0,0.586362547641329,0.23689004808693426,9.669832653054414
13.899327278137207,-24.665682067900416,-15.0,0.570904195708863,0.21603478334873216,9.665682067900416
13.91879391670227,-24.661315185907966,-15.0,0.5444247894265573,0.22660965781687992,9.661315185907966
13.938798904418945,-24.65691315707651,-15.0,0.5444247894265573,0.22660965781687992,9.65691315707651
13.959129333496094,-24.652602730940842,-15.0,0.554659933251969,0.2259746744603035,9.652602730940842
13.9788076877594,-24.64846953106741,-15.0,0.5104973320194404,0.19869202294648858,9.64846953106741
13.99950098991394,-24.64456835913005,-15.0,0.5104973320194404,0.19869202294648858,9.644568359130052
14.019028425216675,-24.640931164227077,-15.0,0.5339381940939347,0.19017855090351077,9.640931164227077
14.039246559143066,-24.637573180490072,-15.0,0.5506734144219081,0.1936073912147549,9.637573180490072
14.058863639831543,-24.63465769327621,-15.0,0.5506734144219081,0.1936073912147549,9.63465769327621
14.079383134841919,-24.631966330233013,-15.0,0.5205423817315022,0.2380780590538052,9.631966330233013
14.100922107696533,-24.629501570038585,-15.0,0.5246902428843896,0.23059821630158694,9.629501570038585
14.119301080703735,-24.627259162240225,-15.0,0.5246902428843896,0.23059821630158694,9.627259162240225
14.13866662979126,-24.625230294482897,-15.0,0.5366002837472479,0.23388910748326452,9.625230294482897
14.163148880004883,-24.623403218052214,-15.0,0.5467622973301332,0.21650163352751406,9.623403218052214
14.179504871368408,-24.621764454332165,-15.0,0.5467622973301332,0.21650163352751406,9.621764454332165
14.199177026748657,-24.62029967837843,-15.0,0.5977699108698289,0.24075756863021525,9.62029967837843
14.219004154205322,-24.618994354936003,-15.0,0.5977699108698289,0.24075756863021525,9.618994354936003
14.238876104354858,-24.617834185747284,-15.0,0.5734255057104747,0.23440088739880593,9.617834185747284
14.262196779251099,-24.6168054139975,-15.0,0.5716755246321554,0.22155043052771362,9.6168054139975
14.279533624649048,-24.615912208098546,-15.0,0.5716755246321554,0.22155043052771362,9.615912208098546
14.298779726028442,-24.61511951734076,-15.0,0.5965496474454994,0.22483972123154672,9.615119517340759
14.318811655044556,-24.614417533713144,-15.0,0.5965496474454994,0.22483972123154672,9.614417533713144
14.339005708694458,-24.61379705418647,-15.0,0.5749585428784485,0.21358491981663974,9.61379705418647
14.358851671218872,-24.613249538484876,-15.0,0.5589972199450131,0.22007417993881973,9.613249538484876
14.379549741744995,-24.612767131746054,-15.0,0.5589972199450131,0.22007417993881973,9.612767131746054
14.398992538452148,-24.612342662196617,-15.0,0.5846631830136175,0.21729689685889753,9.612342662196617
14.418689250946045,-24.611969621534683,-15.0,0.5932578021238442,0.22750070819893153,9.611969621534683
14.43878698348999,-24.611642133818297,-15.0,0.5932578021238442,0.22750070819893153,9.611642133818297
14.458614110946655,-24.611354917190162,-15.0,0.6029575025240774,0.22705654547462473,9.611354917190162
14.479717254638672,-24.611103241635337,-15.0,0.6065605108669843,0.25400154040107736,9.611103241635337
14.499309062957764,-24.61088473049306,-15.0,0.6065605108669843,0.25400154040107736,9.610884730493058
14.51953411102295,-24.61069316814425,-15.0,0.6101712312593008,0.2528611362577067,9.610693168144248
14.542422533035278,-24.610525372505204,-15.0,0.6101712312593008,0.2528611362577067,9.610525372505204
14.559252500534058,-24.610378506993772,-15.0,0.5907726090445067,0.23437149418896297,9.610378506993772
14.579375743865967,-24.610250049764225,-15.0,0.6023996256335522,0.24259196749335388,9.610250049764225
14.598691940307617,-24.610137764043568,-15.0,0.6023996256335522,0.24259196749335388,9.610137764043568
14.618703365325928,-24.610039670014665,-15.0,0.5859647717370535,0.23800734259566525,9.610039670014665
14.644123554229736,-24.60995401851476,-15.0,0.6145844522907282,0.24203492204105714,9.60995401851476
14.65914511680603,-24.609879266688118,-15.0,0.6145844522907282,0.24203492204105714,9.609879266688118
14.678736925125122,-24.60981405563761,-15.0,0.5930093850984122,0.21172047654545167,9.60981405563761
14.698808193206787,-24.6074408419696,-15.0,0.5930093850984122,0.21172047654545167,9.607440841969598
14.71932315826416,-24.605380357272008,-15.0,0.5832130851267721,0.2008540608585463,9.605380357272008
14.738698482513428,-24.601738115235648,-15.0,0.5643929110883619,0.21224950781470397,9.601738115235648
14.759367942810059,-24.597093206416638,-15.0,0.5643929110883619,0.21224950781470397,9.597093206416638
14.778807878494263,-24.59187428095607,-15.0,0.5873221697329427,0.21276351161213825,9.59187428095607
14.798593759536743,-24.586394198998708,-15.0,0.5788234991996433,0.24787494636984775,9.586394198998708
14.819282054901123,-24.580877149828584,-15.0,0.5788234991996433,0.24787494636984775,9.580877149828584
14.83881425857544,-24.57547982520085,-15.0,0.6072061600207235,0.2319242740413756,9.575479825200851
14.862108945846558,-24.570307904813788,-15.0,0.6581201160370256,0.23375118329568068,9.570307904813788
14.878843069076538,-24.56542885121232,-15.0,0.6581201160370256,0.23375118329568068,9.565428851212321
14.900036096572876,-24.56088180408656,-15.0,0.6571237764364923,0.24049250913230935,9.56088180408656
14.9190194606781,-24.556685199103693,-15.0,0.6571237764364923,0.24049250913230935,9.556685199103693
14.93885326385498,-24.553041599513154,-15.0,0.6931363253897871,0.26100558360485593,9.553041599513154
14.963287591934204,-24.549679139261812,-15.0,0.6883226319259848,0.2561611001510755,9.549679139261812
14.979270696640015,-24.54660057017485,-15.0,0.6883226319259848,0.2561611001510755,9.54660057017485
14.998698472976685,-24.543800321694704,-15.0,0.7,0.2385111943949596,9.543800321694704
15.018940210342407,-24.541267189511107,-15.0,0.7,0.2385111943949596,9.541267189511107
15.03958797454834,-24.538986351507855,-14.999991912203525,0.7,0.24562504227651516,9.53899443930433
15.058809995651245,-24.536940863346853,-14.999935589342495,0.673622553050518,0.27201334099663654,9.537005274004358
15.07884407043457,-24.535112753202473,-14.999897872423764,0.673622553050518,0.27201334099663654,9.535214880778708
15.099075317382812,-24.53348380922188,-14.99978359619287,0.6566079713404178,0.2568982363809482,9.533700213029011
15.118806600570679,-24.532036132805523,-14.999489365288325,0.6586021495051682,0.26879991396708647,9.532546767517198
15.139030694961548,-24.53075251464911,-14.999351755559472,0.6586021495051682,0.26879991396708647,9.531400759089637
15.159576654434204,-24.529638044593383,-14.99879692598496,0.6730074941180646,0.28359863899095217,9.530841118608423
15.179948329925537,-24.528649066412594,-14.99829222748705,0.6932187474332749,0.29307108923239866,9.530356838925544
15.199298620223999,-24.527773316846513,-14.997994546215601,0.6932187474332749,0.29307108923239866,9.529778770630912
15.219508647918701,-24.524682945862367,-14.996900903212696,0.6969550294335931,0.3121611400638358,9.52778204264967
15.242461442947388,-24.520135788591475,-14.995473128836398,0.7,0.2945383246187703,9.524662659755077
15.258973360061646,-24.514696615929214,-14.994915664354632,0.7,0.2945383246187703,9.519780951574582
15.279666900634766,-24.508781215654984,-14.993669194570591,0.6860164700075984,0.2676070704255835,9.515112021084393
15.299145460128784,-24.50269093674941,-14.993669194570591,0.6860164700075984,0.2676070704255835,9.509021742178819
15.31901478767395,-24.49432335113911,-14.990607730996436,0.7,0.2544836913366453,9.503715620142673
15.340312719345093,-24.484594519699822,-14.987767322988196,0.7,0.25246494674502173,9.496827196711626
15.359478950500488,-24.47417659587311,-14.987767322988196,0.7,0.25246494674502173,9.486409272884915
15.37954068183899,-24.465131488424536,-14.984416656255922,0.7,0.2519037202364416,9.480714832168614
15.402883052825928,-24.45570141201932,-14.980517279696024,0.7,0.2246513720965595,9.475184132323296
15.419474601745605,-24.44856882045854,-14.980517279696024,0.7,0.2246513720965595,9.468051540762517
15.438796043395996,-24.44321999559017,-14.977594235830558,0.7,0.2317798789954395,9.465625759759611
15.458987712860107,-24.439251107860194,-14.976031553694652,0.7,0.2317798789954395,9.463219554165542
15.478801250457764,-24.436345297068698,-14.970922644852577,0.6793267827481031,0.19148852493526647,9.465422652216121
15.498607158660889,-24.43425446104359,-14.965154520710062,0.690495441481471,0.20646443128498504,9.469099940333528
15.51876425743103,-24.43510114238353,-14.963079207244196,0.690495441481471,0.20646443128498504,9.472021935139335
15.539549350738525,-24.437965851586476,-14.95869194447175,0.6815478157252073,0.19771182261320064,9.479273907114726
15.55886197090149,-24.442156744333424,-14.951500469731528,0.667550853267312,0.2251717923572869,9.490656274601896
15.578883409500122,-24.44947467576101,-14.948935493523683,0.667550853267312,0.2251717923572869,9.500539182237327
15.599227905273438,-24.4558282906621,-14.943546435197412,0.6632693827152252,0.224695376244199,9.512281855464689
15.61873459815979,-24.46892079057993,-14.934796959416424,0.6492815230041742,0.24758595706225606,9.534123831163505
15.639211654663086,-24.493297980924616,-14.931698131217809,0.6492815230041742,0.24758595706225606,9.561599849706807
15.658955574035645,-24.527187186164163,-14.921838256173398,0.6403575956821441,0.23819472559989663,9.605348929990765
15.680050611495972,-24.56679010434809,-14.914784025846199,0.6226799607276916,0.21541077376605244,9.652006078501891
15.69879412651062,-24.60931792499585,-14.907334464652424,0.6226799607276916,0.21541077376605244,9.701983460343426
15.719103574752808,-24.652756509445027,-14.899480701311495,0.6329514084383845,0.2403074178218958,9.753275808133532
15.743078470230103,-24.695682873324305,-14.899480701311495,0.6329514084383845,0.2403074178218958,9.79620217201281
15.758756637573242,-24.734805790978875,-14.882525828269229,0.6583974620327353,0.2234548247724888,9.852279962709646
15.779518604278564,-24.77025582900006,-14.882525828269229,0.6583974620327353,0.2234548247724888,9.887730000730832
15.798797369003296,-24.80222047473888,-14.87340771912611,0.6674235666170716,0.22399978462635772,9.928812755612771
15.818783521652222,-24.829972996265486,-14.853848761250498,0.6378091236576438,0.18471195299207466,9.976124235014987
15.842446088790894,-24.85501725812751,-14.837990483059933,0.6080770807340741,0.2107813594120671,10.017026775067578
15.859436750411987,-24.877520376980172,-14.837990483059933,0.6080770807340741,0.2107813594120671,10.039529893920239
15.878580331802368,-24.8976654003349,-14.826837375421984,0.628361534141004,0.21302088682568865,10.070828024912917
15.898947715759277,-24.915641616766305,-14.82108367195173,0.628361534141004,0.21302088682568865,10.094557944814575
15.91933012008667,-24.931637661089013,-14.803102712954725,0.6276085499441251,0.2182956492251833,10.128534948134288
15.938806056976318,-24.945836742578287,-14.784022714668785,0.6374592391541227,0.2098579793891986,10.161814027909502
15.958913326263428,-24.958413473574954,-14.777414285629296,0.6374592391541227,0.2098579793891986,10.180999187945657
15.978786945343018,-24.96953189326778,-14.756831422408307,0.6589831748744472,0.23651466664887266,10.212700470859474
15.998915433883667,-24.98166072178985,-14.749715075575555,0.6589831748744472,0.23651466664887266,10.231945646214296
16.019575119018555,-24.994171706518827,-14.735094224220195,0.6277047024806961,0.21615904902137117,10.259077482298633
16.03885245323181,-25.005034062881133,-14.712180173470136,0.5974999816855415,0.21455057123239385,10.292853889410997
16.058835744857788,-25.016049378917945,-14.704276842858862,0.5974999816855415,0.21455057123239385,10.311772536059083
16.079468488693237,-25.02688063026663,-14.679759838337462,0.5620759652694687,0.17233605840738164,10.347120791929166
16.098796367645264,-25.03729857740745,-14.662734942190566,0.5719852598151192,0.15223502339358674,10.374563635216886
16.118786573410034,-25.04715488764587,-14.65401615607377,0.5719852598151192,0.15223502339358674,10.393138731572101
16.13882541656494,-25.05636133387676,-14.627025593665794,0.5756109223468229,0.14934077597717987,10.429335740210968
16.15928292274475,-25.064873762376834,-14.608329507102011,0.5314055287046358,0.15318626253429102,10.456544255274823
16.17882800102234,-25.07267979559776,-14.598768631839963,0.5314055287046358,0.15318626253429102,10.473911163757798
16.199485063552856,-25.079789453309296,-14.569226429176005,0.5885188222629949,0.16597321903827833,10.51056302413329
16.221123933792114,-25.08854439603409,-14.538380816831816,0.563952834974043,0.14785791649046587,10.550163579202275
16.239511489868164,-25.098211385937237,-14.52780625537603,0.563952834974043,0.14785791649046587,10.570405130561207
16.259132623672485,-25.106604513381118,-14.506214293268341,0.5739613684592768,0.1632924973455374,10.600390220112777
16.282773733139038,-25.117860569082907,-14.472710018974448,0.5735183614480774,0.1630414231112809,10.64515055010846
16.299051523208618,-25.130808506558587,-14.461241833765602,0.5735183614480774,0.1630414231112809,10.669566672792985
16.31956148147583,-25.146906698563374,-14.437851811191816,0.5797023740771692,0.14947811238380382,10.709054887371558
16.339046955108643,-25.1694014257261,-14.437851811191816,0.5797023740771692,0.14947811238380382,10.731549614534284
16.358832359313965,-25.20037891102099,-14.389241331041685,0.5767830424185376,0.1994094970068545,10.811137579979306
16.38019895553589,-25.23643194573042,-14.35116466182744,0.5717001897457521,0.2030042813057662,10.88526728390298
16.398746252059937,-25.27506018380975,-14.35116466182744,0.5717001897457521,0.2030042813057662,10.92389552198231
16.419232606887817,-25.316775412713667,-14.311684792081415,0.5822792318824213,0.2343136102790595,11.005090620632252
16.443378925323486,-25.357219056506413,-14.270788324017124,0.5815938561165239,0.23887099678540835,11.086430732489289
16.45911931991577,-25.39571359423693,-14.270788324017124,0.5815938561165239,0.23887099678540835,11.124925270219807
16.478622436523438,-25.429135534706784,-14.228462488466892,0.6008477396273519,0.2321723166751326,11.200673046239892
16.499638080596924,-25.460857583616892,-14.2140341222644,0.6008477396273519,0.2321723166751326,11.246823461352493
16.519313097000122,-25.488246541812074,-14.184695139606735,0.5890518751868512,0.2320282764339936,11.30355140220534
16.538796424865723,-25.50958763884953,-14.139474749681238,0.6169858601817395,0.20167578827386023,11.370112889168293
16.55895709991455,-25.523849219484646,-14.124076484270404,0.6169858601817395,0.20167578827386023,11.399772735214242
16.578646659851074,-25.532817644165988,-14.076901832583182,0.6292399818950798,0.2029706202520174,11.455915811582805
16.59886646270752,-25.537873184455883,-14.044631794304674,0.6431332620733883,0.19855564507452073,11.493241390151208
16.61868119239807,-25.54007767361507,-14.02824961570278,0.6431332620733883,0.19855564507452073,11.51182805791229
16.638845920562744,-25.54024377939071,-13.978110328004233,0.6395940651593264,0.23462282168475213,11.562133451386478
16.66238021850586,-25.538989686269478,-13.926475059072278,0.6156424657849129,0.21768020140734734,11.6125146271972
16.67901062965393,-25.53678220228589,-13.908929407487069,0.6156424657849129,0.21768020140734734,11.627852794798823
16.70155143737793,-25.5348656083316,-13.855286655144832,0.607534471101826,0.24029489653912606,11.679578953186768
16.71889042854309,-25.53230665387374,-13.855286655144832,0.607534471101826,0.24029489653912606,11.677019998728907
16.738625526428223,-25.529368969357197,-13.80012941567278,0.5951449844462331,0.20187007310596528,11.729239553684417
16.763137340545654,-25.526245648718874,-13.743450724589882,0.5676698155177291,0.20510282368195476,11.782794924128991
16.778703451156616,-25.52539205173194,-13.743450724589882,0.5676698155177291,0.20510282368195476,11.781941327142059
16.799569368362427,-25.523821108737103,-13.685244189765946,0.5745777018775697,0.22400901467335643,11.838576918971157
16.819448709487915,-25.524109661367127,-13.685244189765946,0.5745777018775697,0.22400901467335643,11.838865471601181
16.839155435562134,-25.52568217848459,-13.625503986146493,0.5613907898252364,0.1983616408033413,11.900178192338098
16.85868740081787,-25.528105068679825,-13.564224850477629,0.5580577854008879,0.22614543140662136,11.963880218202195
16.878677129745483,-25.531054756355122,-13.543455657582564,0.5580577854008879,0.22614543140662136,11.987599098772558
16.899375200271606,-25.534292608542685,-13.501402076030937,0.6132613573165144,0.18041726202500286,12.032890532511749
16.91862726211548,-25.53710379447822,-13.437031507328337,0.5627932999224867,0.19440119900536956,12.100072287149883
16.938791275024414,-25.54008602431146,-13.41523005732398,0.5627932999224867,0.19440119900536956,12.12485596698748
16.958839654922485,-25.543108461537432,-13.371109534866974,0.4927932999224867,0.18465894927066984,12.171998926670458
16.978792905807495,-25.546079170019357,-13.303633089844093,0.47462207704200404,0.16647294257563772,12.242446080175265
16.999312162399292,-25.54893565602184,-13.280795049965905,0.47462207704200404,0.16647294257563772,12.268140606055935
17.019338369369507,-25.55163752294089,-13.211242125833914,0.4941017299087252,0.17602918204647722,12.340395397106976
17.039506673812866,-25.55647713513982,-13.211242125833914,0.4941017299087252,0.17602918204647722,12.345235009305904
17.058867692947388,-25.562674035898397,-13.140129641691384,0.5189838229806627,0.21887706500274362,12.422544394207012
17.078896522521973,-25.571966712144576,-13.06745629297111,0.5656789808662142,0.19617717248183908,12.504510419173466
17.103503704071045,-25.583164745949357,-12.993221292947123,0.566663915257668,0.18043786008638563,12.589943453002235
17.11897087097168,-25.595391080825692,-12.96812919726645,0.566663915257668,0.18043786008638563,12.627261883559243
17.14204454421997,-25.60600629691848,-12.891811656865162,0.5763793186878319,0.18154054345359327,12.714194640053318
17.159395217895508,-25.614909483287537,-12.891811656865162,0.5763793186878319,0.18154054345359327,12.723097826422375
17.179052591323853,-25.624705232876813,-12.813932613661384,0.6114183822309132,0.17525635823403718,12.81077261921543
17.198863744735718,-25.634862773467212,-12.813932613661384,0.6114183822309132,0.17525635823403718,12.820930159805828
17.218971729278564,-25.645003906101817,-12.734492968968478,0.5879422025417442,0.19055880024825456,12.910510937133338
17.238670825958252,-25.65255002553419,-12.653494119082172,0.5653924746101255,0.21947851009463193,12.999055906452018
17.258755683898926,-25.658094822417834,-12.626148324380761,0.5653924746101255,0.21947851009463193,13.031946498037073
17.279524087905884,-25.662103407302304,-12.57093795000544,0.5786320613359566,0.24485655292664887,13.091165457296864
17.29874849319458,-25.6649393235748,-12.486826832173376,0.562550975907361,0.2272572906294954,13.178112491401423
17.319048404693604,-25.66688598691237,-12.45844472754869,0.562550975907361,0.2272572906294954,13.20844125936368
17.33866596221924,-25.665847340378892,-12.3722648594658,0.5995873501186724,0.24351122766529443,13.293582480913093
17.361242294311523,-25.664945560940623,-12.3722648594658,0.5995873501186724,0.24351122766529443,13.292680701474824
17.379196166992188,-25.661979581533735,-12.254951716606064,0.609933484311914,0.23349072575365426,13.407027864927672
17.39930248260498,-25.655341669223418,-12.195266380002899,0.6211517685686703,0.2419537135938299,13.46007528922052
17.418806552886963,-25.646328245670283,-12.195266380002899,0.6211517685686703,0.2419537135938299,13.451061865667384
17.43888258934021,-25.63590238632873,-12.073844820890601,0.6422402662818785,0.24533490627800347,13.56205756543813
17.46274971961975,-25.62477024915229,-11.98098993426235,0.6287079145794268,0.24140743190218927,13.643780314889941
17.479366064071655,-25.61344093150973,-11.98098993426235,0.6287079145794268,0.24140743190218927,13.632450997247378
17.49869179725647,-25.602273239138025,-11.918237901174678,0.6548659475182648,0.24086077465472044,13.684035337963348
17.518759965896606,-25.591512131861613,-11.886607892264038,0.6548659475182648,0.24086077465472044,13.704904239597575
17.539619207382202,-25.581317038472456,-11.790704604059055,0.6049185217951889,0.23331427016091766,13.7906124344134
17.55869698524475,-25.571783777852772,-11.693286417525165,0.5964522333478088,0.2581184674127144,13.878497360327607
17.579204559326172,-25.563506757587056,-11.660478204302336,0.5964522333478088,0.2581184674127144,13.90302855328472
17.59957218170166,-25.555775141073102,-11.561050776200942,0.6317203426396008,0.22590096854401054,13.99472436487216
17.618775367736816,-25.54862611726062,-11.493932902902984,0.5980311082338448,0.19205712714028778,14.054693214357638
17.638983488082886,-25.542070162697364,-11.460124937965102,0.5980311082338448,0.19205712714028778,14.081945224732262
17.6590838432312,-25.536098923911258,-11.357708461755774,0.5672425953333731,0.1912707172523369,14.178390462155484
17.68119788169861,-25.530691188621947,-11.253809535589445,0.5078605999832506,0.1469969682584633,14.276881653032502
17.69875478744507,-25.52581737211993,-11.218848601328014,0.5078605999832506,0.1469969682584633,14.306968770791917
17.721325874328613,-25.521442854072195,-11.11298652101889,0.505059835234424,0.13869887573673623,14.408456333053305
17.738649129867554,-25.517530428915407,-11.077373863252257,0.505059835234424,0.13869887573673623,14.44015656566315
17.758992671966553,-25.51635842406869,-11.005662683708621,0.48487203262164247,0.164259722288989,14.51069574036007
17.78210473060608,-25.517120749588756,-10.896886625500656,0.46844033590867173,0.17650965025677579,14.6202341240881
17.79871439933777,-25.517782620068374,-10.860306928597463,0.46844033590867173,0.17650965025677579,14.65747569147091
17.819026470184326,-25.52209753304184,-10.786668275495106,0.4728497976565267,0.20760668983712094,14.735429257546734
17.843306303024292,-25.531152406834288,-10.675017950513613,0.5196878539526368,0.16547832807555096,14.856134456320675
17.85889172554016,-25.543260924389934,-10.637484797198999,0.5196878539526368,0.16547832807555096,14.905776127190935
17.87924098968506,-25.55717132443459,-10.561946349824233,0.4939200135075952,0.1883757448013057,14.995224974610359
17.89896583557129,-25.57196666966891,-10.561946349824233,0.4939200135075952,0.1883757448013057,15.010020319844678
17.91897416114807,-25.586986750757383,-10.408992540378001,0.49176395797519934,0.2231989426727523,15.177994210379381
17.94139313697815,-25.601767076329626,-10.292648346769145,0.5457763794937636,0.20803691057517426,15.309118729560481
17.959705352783203,-25.615991338503356,-10.292648346769145,0.5457763794937636,0.20803691057517426,15.323342991734211
17.97960615158081,-25.62945449100707,-10.174921236062243,0.5707795482256914,0.21931883489742177,15.454533254944828
18.0046968460083,-25.64203417167886,-10.055823503836164,0.5880743630358483,0.22886408289923565,15.586210667842694
18.018937826156616,-25.652956171612608,-10.055823503836164,0.5880743630358483,0.22886408289923565,15.597132667776444
18.038945198059082,-25.660835085072797,-9.975669791724227,0.5524465695151592,0.2247507244537701,15.68516529334857
18.059117555618286,-25.666392682309795,-9.935367799982188,0.5524465695151592,0.2247507244537701,15.731024882327606
18.079721689224243,-25.667875120769114,-9.813567123428898,0.5421896550932432,0.2387034500206937,15.854307997340216
18.098943948745728,-25.666487964204716,-9.690434816867057,0.5623031288513447,0.2400613343997975,15.976053147337659
18.119510889053345,-25.66314420147313,-9.649097151898767,0.5623031288513447,0.2400613343997975,16.014047049574366
18.139635801315308,-25.656213194825828,-9.56598456147448,0.5173678949603344,0.2310718382432242,16.090228633351348
18.158987045288086,-25.6469732247189,-9.440230371640904,0.519020381233422,0.22866425553365843,16.206742853077994
18.179282426834106,-25.636373012221433,-9.398025014729141,0.519020381233422,0.22866425553365843,16.23834799749229
18.198930263519287,-25.625107369460462,-9.270554611847306,0.5278123895067255,0.2054876022230019,16.354552757613156
18.218919277191162,-25.613676436682354,-9.184867880618675,0.5389255162689368,0.23063324468239443,16.42880855606368
18.239484310150146,-25.603751808998826,-9.141814240959526,0.5389255162689368,0.23063324468239443,16.4619375680393
18.259007453918457,-25.5938151425702,-9.011818989063874,0.5328987849305848,0.24326661957456963,16.581996153506324
18.281041145324707,-25.584131994052914,-8.880584253511486,0.5433341882552485,0.21734085848584073,16.703547740541428
18.2996187210083,-25.57488013246464,-8.83656660616122,0.5433341882552485,0.21734085848584073,16.73831352630342
18.31910753250122,-25.566171666164017,-8.74812573673144,0.5428011311695444,0.1984388118798961,16.81804592943258
18.339410066604614,-25.55807014229736,-8.74812573673144,0.5428011311695444,0.1984388118798961,16.809944405565922
18.359320402145386,-25.550603703565205,-8.569638422038825,0.514695222164737,0.2180778345282306,16.98096528152638
18.37908911705017,-25.543775159735194,-8.569638422038825,0.514695222164737,0.2180778345282306,16.97413673769637
18.39930033683777,-25.539885998848714,-8.434387154929823,0.46796288588200685,0.18101916817977326,17.10549884391889
18.418757438659668,-25.538140974238274,-8.297966583634143,0.39796288588200684,0.11379971710994141,17.240174390604132
18.438912868499756,-25.53793121465185,-8.252236138424543,0.39796288588200684,0.11379971710994141,17.285695076227306
18.459343910217285,-25.537749096023497,-8.114282930528908,0.3919984209083485,0.10203508084669011,17.423466165494588
18.479572534561157,-25.538635228247017,-8.021685659332771,0.3927620878990273,0.0784761345203151,17.516949568914246
18.498801708221436,-25.542556340764754,-7.9752004297817605,0.3927620878990273,0.0784761345203151,17.567355910982993
18.518901824951172,-25.548482150681206,-7.835006237656428,0.3932597145636099,0.09623769095196621,17.71347591302478
18.53927707672119,-25.557960558162176,-7.835006237656428,0.3932597145636099,0.09623769095196621,17.72295432050575
18.558692693710327,-25.571973076031263,-7.646382267608268,0.38786727117490943,0.12630362046911614,17.925590808422996
18.584237813949585,-25.59108194788503,-7.503664055762398,0.3375020019907969,0.15832575766398804,18.08741789212263
18.599162817001343,-25.615543383251897,-7.503664055762398,0.3375020019907969,0.15832575766398804,18.111879327489497
18.618740558624268,-25.64307792592812,-7.359894705739421,0.3733426548738497,0.1055755017514457,18.2831832201887
18.639592170715332,-25.674337666922522,-7.311741229637448,0.3733426548738497,0.1055755017514457,18.362596437285074
18.658875703811646,-25.705044662510907,-7.2150929276676585,0.34654577935230907,0.0967529973204364,18.48995173484325
18.678748607635498,-25.731705260067567,-7.069277673451905,0.3613184552837628,0.08259803226246731,18.662427586615664
18.699445009231567,-25.760022211914166,-7.020450681595587,0.3613184552837628,0.08259803226246731,18.739571530318578
18.718676567077637,-25.78874334476991,-6.873314014603274,0.36566764416289504,0.11639630964054959,18.915429330166635
18.7412588596344,-25.816988271437747,-6.725209003188116,0.38136665264260944,0.0952587368155946,19.09177926824963
18.75884485244751,-25.844158042567695,-6.6756288803913755,0.38136665264260944,0.0952587368155946,19.16852916217632
18.77919030189514,-25.86986497527568,-6.576155367078345,0.3703865122247952,0.11268642155482667,19.293709608197332
18.79931139945984,-25.896194693654678,-6.576155367078345,0.3703865122247952,0.11268642155482667,19.320039326576335
18.819491624832153,-25.92226306983918,-6.375976039914688,0.3701225981954484,0.10009300971432822,19.546287029924493
18.84389901161194,-25.94746289356638,-6.224786853861255,0.34799940668977786,0.12588329689606326,19.722676039705128
18.85872483253479,-25.971395299081646,-6.224786853861255,0.34799940668977786,0.12588329689606326,19.74660844522039
18.878718376159668,-25.993816644711938,-6.072716326980384,0.348799924077466,0.08358803840383189,19.921100317731554
18.8987398147583,-26.013283429432292,-6.021833857863992,0.348799924077466,0.08358803840383189,19.9914495715683
18.91877269744873,-26.031499085048008,-5.919785089545142,0.3652013472188263,0.13491023780807154,20.111713995502868
18.938753366470337,-26.048365659210052,-5.766013967887341,0.3603507365938275,0.1739720896075596,20.28235169132271
18.958747386932373,-26.063850671032593,-5.714573913589719,0.3603507365938275,0.1739720896075596,20.349276757442873
18.978845834732056,-26.07796797085682,-5.559715671807625,0.3708424355741589,0.1553285390327801,20.518252299049195
19.002524375915527,-26.090763224763016,-5.404066873395953,0.3681758606713264,0.08638479264482157,20.68669635136706
19.019057989120483,-26.102302993896338,-5.352011962284793,0.3681758606713264,0.08638479264482157,20.750291031611546
19.040882110595703,-26.112666598493075,-5.247648960117509,0.3967983892094343,0.09988988174154656,20.865017638375566
19.059454679489136,-26.11962378244391,-5.247648960117509,0.3967983892094343,0.09988988174154656,20.8719748223264
19.07937264442444,-26.121715229366853,-5.037932724991798,0.4040944592002778,0.126965407114767,21.083782504375055
19.10361886024475,-26.12037191073572,-5.037932724991798,0.4040944592002778,0.126965407114767,21.082439185743922
19.1192626953125,-26.119205607203618,-4.879804558026258,0.44058440783061076,0.1577731257493724,21.23940104917736
19.13875675201416,-26.115665659702454,-4.720979969992726,0.4318661640305071,0.15123974282323616,21.39468568970973
19.15872883796692,-26.110570320504838,-4.6678875051499755,0.4318661640305071,0.15123974282323616,21.442682815354864
19.17871069908142,-26.104528923804914,-4.561481115088679,0.4195569480676203,0.16483356740354793,21.543047808716235
19.198755979537964,-26.097989634451164,-4.401330297852567,0.4157314574718474,0.16560555028991075,21.696659336598596
19.21870446205139,-26.091276860882495,-4.347805687689952,0.4157314574718474,0.16560555028991075,21.743471173192543
19.239108562469482,-26.084620503008328,-4.186820533264532,0.3890458973497151,0.20116801711992593,21.897799969743794
19.262431383132935,-26.078178757975806,-4.025236015457747,0.39079096500296134,0.18822187151090475,22.05294274251806
19.27897834777832,-26.069739502243827,-3.971245249073421,0.39079096500296134,0.18822187151090475,22.098494253170408
19.300996780395508,-26.060135230369546,-3.8630749018466357,0.37898101803380985,0.2188887480951962,22.19706032852291
19.319536447525024,-26.047658532568757,-3.8630749018466357,0.37898101803380985,0.2188887480951962,22.184583630722123
19.339635133743286,-26.036825944992888,-3.6460027463021163,0.36686381470877666,0.2458787501163897,22.39082319869077
19.359458208084106,-26.0217940488056,-3.6460027463021163,0.36686381470877666,0.2458787501163897,22.375791302503483
19.379534244537354,-26.004241559085404,-3.48258548928435,0.38835939910728473,0.22014415974990698,22.521656069801054
19.39866280555725,-25.983084560355543,-3.3186684194581737,0.3953460315847768,0.17650459672586294,22.66441614089737
19.41937756538391,-25.95534883451138,-3.263922347637674,0.3953460315847768,0.17650459672586294,22.691426486873706
19.439667224884033,-25.902927492942904,-3.099375095259873,0.43539380381349463,0.17048559722752543,22.80355239768303
19.459834814071655,-25.80462903970762,-3.099375095259873,0.43539380381349463,0.17048559722752543,22.705253944447747
19.479027032852173,-25.653892407204385,-2.8792900906869807,0.43459685176145274,0.1784682889774558,22.774602316517402
19.498806476593018,-25.468389541711403,-2.768968128713105,0.428364416877739,0.16742117342801066,22.699421412998298
19.51880192756653,-25.26362763964558,-2.768968128713105,0.428364416877739,0.16742117342801066,22.494659510932475
19.53890585899353,-25.08584812845241,-2.5478002852449038,0.4258825111342593,0.1872371846184251,22.538047843207508
19.56415891647339,-24.896532555402636,-2.381493644123582,0.4204237710824235,0.22285266232938739,22.515038911279056
19.57886028289795,-24.70419365142039,-2.381493644123582,0.4204237710824235,0.22285266232938739,22.32270000729681
19.598685264587402,-24.517140220418284,-2.214844224090566,0.4404604721954091,0.2928526623293874,22.302295996327718
19.619054317474365,-24.338687748785937,-2.1592223696339623,0.4404604721954091,0.2928526623293874,22.179465379151974
19.639049291610718,-24.17091243109842,-2.047875904894644,0.4122960277041419,0.23216200602502796,22.123036526203776
19.65875816345215,-24.014974956208157,-1.8806126357403752,0.4346840538224204,0.2125888446465251,22.13436232046778
19.67870259284973,-23.871369530782296,-1.8247968169678899,0.4346840538224204,0.2125888446465251,22.046572713814406
19.699138402938843,-23.74011441124426,-1.6571776456904708,0.44195939210709173,0.24221788888127777,22.08293676555379
19.720432996749878,-23.618580439064704,-1.4893196464060168,0.46980484371539194,0.2440451963923988,22.129260792658688
19.739153146743774,-23.507001600473313,-1.4333180784939632,0.46980484371539194,0.2440451963923988,22.073683521979348
19.759334325790405,-23.40296170315273,-1.321246961740254,0.4812552331155165,0.2515313181214151,22.081714741412476
19.783601760864258,-23.31263160803428,-1.1529837809158572,0.4112552331155165,0.2832698824934778,22.159647827118423
19.799158334732056,-23.230789620569748,-1.0968579084010006,0.4112552331155165,0.2832698824934778,22.133931712168746
19.820186614990234,-23.15468389532704,-1.0968579084010006,0.4112552331155165,0.2832698824934778,22.05782598692604
19.839233875274658,-23.084568223839213,-0.9283784310387233,0.4170624652272089,0.2938719180531916,22.15618979280049
19.859005451202393,-23.02046101750684,-0.7597650506157354,0.41211716750171024,0.2892385961607215,22.260695966891106
19.8835551738739,-22.962216712067548,-0.7597650506157354,0.41211716750171024,0.2892385961607215,22.20245166145181
19.898717164993286,-22.909579685303953,-0.5910420735796453,0.40709484567400056,0.27289991249592277,22.31853761172431
19.91869854927063,-22.859908259709766,-0.4222338301161308,0.38008498785551625,0.2642686067268369,22.437674429593635
19.938698768615723,-22.81360576778043,-0.3659496755111604,0.38008498785551625,0.2642686067268369,22.44765609226927
19.95886540412903,-22.76854722039908,-0.2533646688737985,0.37954870105953875,0.3126934690520284,22.515182551525278
19.97871994972229,-22.72090750961129,-0.08445895168904016,0.40070899070473376,0.3172557440705714,22.63644855792225
19.999141931533813,-22.679545496405755,-0.028153134346792896,0.40070899070473376,0.3172557440705714,22.651392362058964
20.019476890563965,-22.625237216456018,0.14076341498809697,0.3864754993212408,0.30402189149783226,22.766000631444115
20.038645029067993,-22.549469913492608,0.2533646688737896,0.3759979024273342,0.29095308977441164,22.802834582366398
20.05877137184143,-22.446896343919878,0.3096596543264045,0.3759979024273342,0.29095308977441164,22.756555998246284
20.078954219818115,-22.321457937569736,0.4785112159704692,0.42364419770659867,0.31622190895752283,22.799969153540204
20.101489305496216,-22.171862238625557,0.4785112159704692,0.42364419770659867,0.31622190895752283,22.65037345459603
20.1193528175354,-21.997848195456758,0.7035350346189553,0.45004943904699746,0.31291128421464237,22.701383230075713
20.139366626739502,-21.79987802957861,0.8159828890156646,0.48110267852665844,0.3140662101216731,22.615860918594276
20.15900492668152,-21.581220500160622,0.8159828890156646,0.48110267852665844,0.3140662101216731,22.397203389176287
20.17874026298523,-21.351640280856557,1.0407144599933673,0.42298503925325337,0.25939329463319155,22.392354740849925
20.20221185684204,-21.12052393725819,1.0407144599933673,0.42298503925325337,0.25939329463319155,22.16123839725156
20.21945858001709,-20.919862827065625,1.2090911791769052,0.43624768273206416,0.2730891958929715,22.12895400624253
20.2388699054718,-20.720212579485228,1.321246961740247,0.43666261845850374,0.3430891958929715,22.041459541225475
20.25891351699829,-20.526526218351222,1.3772935516324232,0.43666261845850374,0.3430891958929715,21.903819769983645
20.279526948928833,-20.342086839469587,1.545297360003289,0.41113416516804124,0.32615035678521964,21.887384199472876
20.298808097839355,-20.168931113685616,1.7130784300129989,0.4169243028538766,0.2860605297543225,21.882009543698615
20.319350242614746,-20.008176293221986,1.768951784529424,0.4169243028538766,0.2860605297543225,21.77712807775141
20.338892459869385,-19.860271575060093,1.8806126357403699,0.4088878151180687,0.30322617012338016,21.740884210800463
20.358895540237427,-19.725190299549237,2.0478759048946493,0.38659486958407785,0.29862854861916277,21.773066204443886
20.379360914230347,-19.60257598894924,2.103565967558879,0.38659486958407785,0.29862854861916277,21.70614195650812
20.399348497390747,-19.49185247526412,2.2148442240905624,0.3291900199057999,0.3357748934000847,21.706696699354683
20.418771028518677,-19.392306182793003,2.381493644123587,0.37369920724653627,0.3213166571155307,21.77379982691659
20.43887424468994,-19.30587755013204,2.4369684548545223,0.37369920724653627,0.3213166571155307,21.74284600498656
20.45940399169922,-19.228107355840688,2.603155542492278,0.40507014134549524,0.3628762676313636,21.831262898332966
20.478776931762695,-19.158400768559734,2.7137403424366475,0.3540695164503994,0.32372141768486473,21.87214111099638
20.49884796142578,-19.09613211456483,2.7689681287131123,0.3540695164503994,0.32372141768486473,21.865100243277944
20.51943874359131,-19.04067078719312,2.934382516346094,0.37202539333724405,0.33811442506761524,21.975053303539212
20.538825273513794,-18.991399373030784,3.044425890265206,0.38758734373026515,0.3031178521856782,22.03582526329599
20.559232234954834,-18.94772589430147,3.0993750952598766,0.38758734373026515,0.3031178521856782,22.047100989561347
20.578943014144897,-18.89982624949949,3.263922347637674,0.40592605007463123,0.293099677649152,22.163748597137165
20.600226402282715,-18.831722797847288,3.4280008532525486,0.3359260500746312,0.26737787061632845,22.259723651099836
20.619676113128662,-18.73053390392245,3.48258548928435,0.3359260500746312,0.26737787061632845,22.2131193932068
20.639100074768066,-18.642679122741757,3.5915872947424177,0.36659058345132495,0.26363073940650794,22.234266417484175
20.662925720214844,-18.528120871763928,3.754658462885235,0.3490871132689061,0.2556633278660593,22.282779334649163
20.67884588241577,-18.39803408391979,3.808897018508329,0.3490871132689061,0.2556633278660593,22.20693110242812
20.69884204864502,-18.260589901812786,3.808897018508329,0.3490871132689061,0.2556633278660593,22.069486920321115
20.719040393829346,-18.121657744489028,4.025236015457747,0.3761181959288659,0.2762607112459955,22.146893759946774
20.74347162246704,-17.987669959036793,4.186820533264537,0.3465873335825744,0.31841306015179727,22.17449049230133
20.759203672409058,-17.86064767135069,4.186820533264537,0.3465873335825744,0.31841306015179727,22.047468204615228
20.77892303466797,-17.741811140959925,4.294211965480024,0.41124934306018973,0.2976936232231674,22.03602310643995
20.79916214942932,-17.63179220148301,4.347805687689942,0.41124934306018973,0.2976936232231674,21.97959788917295
20.81888222694397,-17.530797325511475,4.508168843914234,0.4100333466066512,0.24900362826214406,22.03896616942571
20.838879108428955,-17.43873209663075,4.667887505149974,0.371649907423416,0.30462512932048413,22.106619601780725
20.85894012451172,-17.358798714379592,4.720979969992722,0.371649907423416,0.30462512932048413,22.079778684372315
20.878826141357422,-17.285895391880487,4.82693931791729,0.394704570515314,0.3161393012784538,22.112834709797777
20.898720026016235,-17.21979637059056,4.985302077318934,0.3832244868262204,0.2566327508472023,22.205098447909496
20.919456958770752,-17.160165516409705,5.037932724991794,0.3832244868262204,0.2566327508472023,22.1980982414015
20.939135313034058,-17.10659888931485,5.195342472308003,0.38864534346968854,0.28773605636582944,22.301941361622852
20.958938360214233,-17.058656098412534,5.299872391000015,0.382463190226117,0.30981049313471887,22.35852848941255
20.978870153427124,-17.015883041203463,5.3520119622847915,0.382463190226117,0.30981049313471887,22.367895003488254
20.999455451965332,-16.977828059198455,5.507919523398439,0.35548559155897225,0.29600137750880096,22.485747582596893
21.018890857696533,-16.944053094881415,5.611423979122382,0.3761907867027911,0.2942964063191903,22.555477074003797
21.039459228515625,-16.9141410826652,5.6630436555667,0.3761907867027911,0.2942964063191903,22.5771847382319
21.059236526489258,-16.887700529264848,5.817363035424016,0.3380157328082713,0.26070515449886444,22.705063564688864
21.079471826553345,-16.864744165743275,5.91978508954514,0.32102251005009735,0.28928462799434784,22.784529255288415
21.098936080932617,-16.844436720266614,5.9708565215964775,0.32102251005009735,0.28928462799434784,22.815293241863092
21.119258642196655,-16.82650436197932,6.1235031599770835,0.31819866060861374,0.28323704434355024,22.950007521956405
21.14082431793213,-16.810694298158847,6.2752821890008335,0.349632518586004,0.29117455949803117,23.08597648715968
21.159467220306396,-16.796775011083334,6.325678836568333,0.349632518586004,0.29117455949803117,23.122453847651666
21.179224252700806,-16.784535861854913,6.426173044919821,0.3763470279390457,0.2704855414273334,23.210708906774734
21.2024507522583,-16.77378626496393,6.576155367078346,0.3839231340552213,0.2884014533998561,23.349941632042277
21.218945264816284,-16.7643545864525,6.625944088858091,0.3839231340552213,0.2884014533998561,23.390298675310593
21.23913836479187,-16.75608687913434,6.725209003188123,0.3761062149296048,0.35840145339985613,23.481295882322463
21.25889229774475,-16.74884553797024,6.725209003188123,0.3761062149296048,0.35840145339985613,23.474054541158363
21.278833866119385,-16.742507935422648,6.9224681314983165,0.4056150254199746,0.3332016992362333,23.664976066920964
21.301576614379883,-16.737005467084145,7.069277673451904,0.4097917314956429,0.33336897971545115,23.80628314053605
21.31933355331421,-16.73218769537301,7.069277673451904,0.4097917314956429,0.33336897971545115,23.801465368824914
21.3388831615448,-16.72797247239788,7.215092927667673,0.44830574955441976,0.3492314483455266,23.943065400065553
21.359724521636963,-16.724286859733542,7.215092927667673,0.44830574955441976,0.3492314483455266,23.939379787401215
21.378811359405518,-16.72106623795414,7.359894705739428,0.456780764494324,0.38178057255659953,24.08096094369357
21.398913621902466,-16.71825346888604,7.40793346562382,0.456780764494324,0.38178057255659953,24.12618693450986
21.419650316238403,-16.71579811655743,7.551354503066047,0.44964023887761856,0.43237790497456446,24.267152619623477
21.43890953063965,-16.711339381365224,7.693718220261552,0.441713437658036,0.45919419112120524,24.405057601626776
21.459326028823853,-16.705606645144538,7.740934648623551,0.441713437658036,0.45919419112120524,24.44654129376809
21.478938579559326,-16.699140098402108,7.835006237656419,0.511713437658036,0.4746696831143345,24.534146336058527
21.498868703842163,-16.69233428638801,7.975200429781772,0.49837165504344727,0.46950016528804556,24.667534716169783
21.519113779067993,-16.68642530663674,8.02168565933276,0.49837165504344727,0.46950016528804556,24.7081109659695
21.538955450057983,-16.680341866726437,8.16039367162832,0.4794452599401119,0.44311928920884386,24.840735538354757
21.558937072753906,-16.66966488244894,8.252236138424543,0.4813266330549958,0.44131798992835686,24.921901020873484
21.57887840270996,-16.651446006790724,8.297966583634143,0.4813266330549958,0.44131798992835686,24.949412590424867
21.599456071853638,-16.62383614137626,8.434387154929837,0.4184933834860566,0.4185528694369714,25.058223296306096
21.6201651096344,-16.58811478529151,8.569638422038818,0.3980532315711024,0.43334525960468456,25.157753207330327
21.63886594772339,-16.54306808294602,8.614459440955642,0.3980532315711024,0.43334525960468456,25.157527523901663
21.659461975097656,-16.490415030602048,8.703703703703695,0.410686517987633,0.43234018745803043,25.194118734305743
21.68222975730896,-16.433866422044193,8.83656660616122,0.440962326634908,0.43359498432342664,25.270433028205414
21.69952654838562,-16.376102368966478,8.88058425351148,0.440962326634908,0.43359498432342664,25.256686622477957
21.719067573547363,-16.31670010931535,8.968211028417453,0.5109623266349079,0.42011932967667237,25.284911137732802
21.738933086395264,-16.265125550874522,8.968211028417453,0.5109623266349079,0.42011932967667237,25.233336579291976
21.7589008808136,-16.205998131036523,9.141814240959508,0.5377182146499397,0.4901193296766724,25.34781237199603
21.781111478805542,-16.133917546050892,9.227781523847735,0.550305925864959,0.4677125727987732,25.361699069898627
21.79954767227173,-16.054739622271587,9.227781523847735,0.550305925864959,0.4677125727987732,25.282521146119322
21.81932282447815,-15.972718751665964,9.398025014729154,0.5553408186847808,0.48860748952691213,25.370743766395115
21.8426194190979,-15.890884877176257,9.524210678235153,0.552841970088193,0.4946992486013915,25.415095555411412
21.859076499938965,-15.811337609596157,9.524210678235153,0.552841970088193,0.4946992486013915,25.33554828783131
21.87950086593628,-15.73547503420084,9.649097151898768,0.5700169795623513,0.545917162229016,25.38457218609961
21.903924465179443,-15.664171123983833,9.772670311431842,0.6004328423610421,0.6105194031490828,25.436841435415673
21.91936945915222,-15.60022912842609,9.772670311431842,0.6004328423610421,0.6105194031490828,25.37289943985793
21.940006017684937,-15.543085759180542,9.894916363999776,0.5960909969604107,0.6508826851143386,25.43800212318032
21.959514379501343,-15.49217059011354,9.894916363999776,0.5960909969604107,0.6508826851143386,25.387086954113315
21.978963613510132,-15.447964740403572,10.015821853496714,0.6299946665263267,0.6422512321962859,25.463786593900288
21.998907566070557,-15.410858971581781,10.095674265566448,0.6499846543616148,0.7,25.50653323714823
22.019514799118042,-15.37966269855571,10.174921236062232,0.6499846543616148,0.7,25.554583934617945
22.038985013961792,-15.353393220092023,10.253559034148036,0.6887989457196089,0.7,25.60695225424006
22.058852195739746,-15.33123812600319,10.370365544210113,0.7,0.7,25.701603670213302
22.078813076019287,-15.310208349828676,10.408992540378005,0.7,0.7,25.71920089020668
22.09932589530945,-15.290514434966138,10.485781139566814,0.6914089925587177,0.7,25.776295574532952
22.118887662887573,-15.267634718086935,10.599794126882458,0.6738246574997901,0.6871197082102298,25.867428844969393
22.139588356018066,-15.243145197996679,10.637484797199008,0.6738246574997901,0.6871197082102298,25.880629995195687
22.15902042388916,-15.21818295880812,10.74961008829164,0.6842023253440856,0.694530928786844,25.96779304709976
22.17875099182129,-15.193550255349138,10.82356735122022,0.6532984029501676,0.7,26.017117606569357
22.198771238327026,-15.172163513303264,10.860306928597474,0.6532984029501676,0.7,26.032470441900738
22.21927833557129,-15.151227117766188,10.969564873226599,0.6475619946606457,0.7,26.120791990992785
22.241541385650635,-15.13115530057862,11.077373863252248,0.6101162482984364,0.6922537761740386,26.208529163830868
22.259265422821045,-15.11221299319797,11.112986521018897,0.6101162482984364,0.6922537761740386,26.225199514216868
22.28068447113037,-15.094554443717556,11.183724230986023,0.5975824764929711,0.7,26.27827867470358
22.299159049987793,-15.078252956540517,11.183724230986023,0.5975824764929711,0.7,26.26197718752654
22.319135189056396,-15.063323682237504,11.323239786804319,0.5965354716638103,0.693968550581485,26.386563469041825
22.342220067977905,-15.04974097957382,11.426151343163035,0.570018363581039,0.7,26.475892322736854
22.358659029006958,-15.03745154989727,11.426151343163035,0.570018363581039,0.7,26.463602893060305
22.37886905670166,-15.026384288935189,11.527574944941438,0.553967827395536,0.6940078747458756,26.553959233876625
22.403233528137207,-15.016457598925038,11.627502680773919,0.48396782739553595,0.6712477610446512,26.64396027969896
22.418948650360107,-15.007838993217794,11.627502680773919,0.48396782739553595,0.6712477610446512,26.63534167399171
22.439621448516846,-15.000101850513483,11.72592705866716,0.4916454472066834,0.6850296466611325,26.72602890918064
22.458781480789185,-14.993180866330302,11.72592705866716,0.4916454472066834,0.6850296466611325,26.719107924997463
22.479480266571045,-14.987009171682418,11.822841011275184,0.5188611906440928,0.6873460573144257,26.809850182957604
22.49874186515808,-14.979204225150978,11.886607892264017,0.5069804659532382,0.7,26.865812117414997
22.51920795440674,-14.951939767695539,11.918237901174685,0.5069804659532382,0.7,26.870177668870223
22.539420127868652,-14.888714185910828,12.012111526139826,0.520251091797836,0.7,26.900825712050654
22.55875039100647,-14.783646229924539,12.104456124417595,0.5423645193176343,0.6994416538393124,26.888102354342134
22.578776359558105,-14.643019042364276,12.134896941711098,0.5423645193176343,0.6994416538393124,26.777915984075374
22.598718404769897,-14.474450278960857,12.22519464620039,0.5231712593184783,0.7,26.699644925161245
22.61896777153015,-14.328094574809102,12.25495171660608,0.5231712593184783,0.7,26.58304629141518
22.63868284225464,-14.161530348717017,12.343194148414543,0.49252832890022535,0.7,26.504724497131562
22.658713340759277,-13.985319461350068,12.372264859465801,0.49252832890022535,0.7,26.357584320815867
22.67911195755005,-13.809368559194908,12.458444727548681,0.4842286177398636,0.7,26.26781328674359
22.699358224868774,-13.63823540501148,12.515036477435206,0.4861001798370852,0.7,26.15327188244669
22.718869924545288,-13.47264241227439,12.543073551899969,0.4861001798370852,0.7,26.01571596417436
22.739091873168945,-13.317578041043832,12.626148324380758,0.4610634052613749,0.7,25.943726365424588
22.761585235595703,-13.173913349242985,12.707666514250878,0.4981968158343806,0.7,25.88157986349386
22.779304265975952,-13.041952919314067,12.734492968968468,0.4981968158343806,0.7,25.776445888282534
22.799185514450073,-12.919283495596927,12.787626073443846,0.4362436325708403,0.7,25.706909569040775
22.818713665008545,-12.79471862213134,12.787626073443846,0.4362436325708403,0.7,25.582344695575188
22.839394330978394,-12.686568218696273,12.891811656865173,0.40529195754323144,0.7,25.578379875561446
22.85918402671814,-12.562006722317728,12.891811656865173,0.40529195754323144,0.7,25.4538183791829
22.878679513931274,-12.4246965108633,12.968129197266421,0.3998759977938606,0.6815419279038906,25.39282570812972
22.898637771606445,-12.282150087508347,13.018139837178843,0.4166612171055748,0.6681668719276785,25.300289924687192
22.919477462768555,-12.132774445456862,13.042884833809392,0.4166612171055748,0.6681668719276785,25.175659279266256
22.93895149230957,-11.957112312031429,13.116078670970651,0.3964686666103079,0.6512204835191369,25.07319098300208
22.958740711212158,-11.735392779941964,13.187711324034847,0.4067748675541951,0.6839501651003956,24.92310410397681
22.97917366027832,-11.464362594186042,13.21124212583392,0.4067748675541951,0.6839501651003956,24.67560472001996
22.9995014667511,-11.159276121149135,13.257783924369136,0.3367748675541951,0.6680980155244469,24.41706004551827
23.018802642822266,-10.833942643035133,13.326298124698994,0.39400659926701326,0.6447248736396431,24.160240767734127
23.039427518844604,-10.498487424613458,13.348790241770896,0.39400659926701326,0.6447248736396431,23.847277666384354
23.05925226211548,-10.207236639401321,13.393256104382765,0.39106396708171803,0.6194564567878842,23.600492743784088
23.078627824783325,-9.907338666274196,13.458660574687052,0.38780591037590045,0.5875264609232544,23.365999240961248
23.099199533462524,-9.600072912573516,13.480117386366754,0.38780591037590045,0.5875264609232544,23.08019029894027
23.11875891685486,-9.284205858584293,13.543455657582566,0.42966296297032375,0.6497874872758984,22.82766151616686
23.138640642166138,-8.963740108182275,13.58482252341588,0.45261517126578826,0.6442136161960661,22.548562631598156
23.15921425819397,-8.646209685992162,13.605248843871642,0.45261517126578826,0.6442136161960661,22.251458529863804
23.179054975509644,-8.339086565860498,13.665501467626218,0.4583394793467595,0.6609338180162012,22.004588033486716
23.198646545410156,-8.047286351216933,13.704816499637857,0.45706258696969587,0.6627458973554894,21.75210285085479
23.219259023666382,-7.773819490434412,13.724218606005518,0.45706258696969587,0.6627458973554894,21.49803809643993
23.2391836643219,-7.520293808429947,13.781405896210998,0.4569771809570374,0.659292696439661,21.301699704640946
23.2586567401886,-7.2873005212695725,13.818683880244897,0.45120383734552877,0.6539807719411328,21.10598440151447
23.278674364089966,-7.085009800755829,13.837069540761565,0.45120383734552877,0.6539807719411328,20.922079341517396
23.299283027648926,-6.901391526781754,13.891216312768439,0.432174039359379,0.6818741941126063,20.792607839550193
23.321476936340332,-6.735582008762955,13.943853561210567,0.4351142969049396,0.6907016000943258,20.67943556997352
23.340129613876343,-6.586511996255127,13.961065214806474,0.4351142969049396,0.6907016000943258,20.5475772110616
23.36018991470337,-6.452997640940972,13.994989216209511,0.3943762134827556,0.6907421916977909,20.447986857150482
23.379130840301514,-6.33612304534465,13.994989216209511,0.3943762134827556,0.6907421916977909,20.33111226155416
23.398804426193237,-6.233886318674432,14.060849082585346,0.39912597630842345,0.688595607017487,20.29473540125978
23.420125007629395,-6.144511207293069,14.092790403728422,0.40034107496700005,0.6893951803933305,20.237301611021493
23.43881607055664,-6.066424993689863,14.092790403728422,0.40034107496700005,0.6893951803933305,20.159215397418286
23.45887565612793,-5.99823778136629,14.154710348311092,0.39664964848867373,0.6939581967446429,20.152948129677384
23.478840351104736,-5.938723288294711,14.154710348311092,0.39664964848867373,0.6939581967446429,20.093433636605802
23.49879741668701,-5.8870512859328015,14.19944514828838,0.3847480034988256,0.6907055219191534,20.086496434221182
23.5187029838562,-5.841938242689283,14.24273068143684,0.37562400480470376,0.6760674565586668,20.08466892412612
23.538721084594727,-5.800253525435181,14.256839143345704,0.37562400480470376,0.6760674565586668,20.057092668780886
23.558592081069946,-5.762048652598288,14.284578680948584,0.3806129457030328,0.694670375392161,20.046627333546873
23.578708171844482,-5.727267696940165,14.325001499842678,0.37153448402619677,0.7,20.05226919678284
23.5986807346344,-5.69346522743813,14.338161291027195,0.37153448402619677,0.7,20.031626518465323
23.618595361709595,-5.6589169076745325,14.376704166088373,0.36602694593108015,0.6943645885214209,20.035621073762904
23.638548135757446,-5.608546615627066,14.389241331041692,0.36602694593108015,0.6943645885214209,19.99778794666876
23.663576126098633,-5.534616106537315,14.389241331041692,0.36602694593108015,0.6943645885214209,19.923857437579006
23.6791353225708,-5.439320518341978,14.44962262290835,0.34441009215748625,0.7,19.88894314125033
23.699892282485962,-5.3316966695244155,14.47271001897446,0.3483392671283217,0.7,19.804406688498876
23.71881079673767,-5.216029919221932,14.47271001897446,0.3483392671283217,0.7,19.68873993819639
23.73865032196045,-5.115605093496945,14.506214293268318,0.4183392671283217,0.7,19.621819386765264
23.758727073669434,-5.006001018073255,14.517084288742794,0.4183392671283217,0.7,19.52308530681605
23.778839588165283,-4.890593471171963,14.5488086049256,0.4483180956330033,0.6826472345739603,19.439402076097565
23.798500299453735,-4.7672474559703835,14.579217769916191,0.42074912016949373,0.6761870843358337,19.346465225886575
23.81893014907837,-4.641638307209233,14.58906494650476,0.42074912016949373,0.6761870843358337,19.23070325371399
23.838497161865234,-4.517767645949082,14.608329507102006,0.3852996935482951,0.6722469695843756,19.126097153051088
23.858877658843994,-4.3983691021933655,14.636162208931658,0.3812875265601905,0.6529351242817938,19.034531311125022
23.878512382507324,-4.28522353964988,14.65401615607373,0.37385116027406173,0.6590738853439688,18.93923969572361
23.899175882339478,-4.181719462818236,14.662734942190568,0.37385116027406173,0.6590738853439688,18.844454405008804
23.918835639953613,-4.087640012178036,14.688067453275508,0.35321989724150615,0.69275394808501,18.775707465453543
23.93849754333496,-4.005957831169774,14.704276842858857,0.364199964084837,0.6980218010023236,18.71023467402863
23.95900321006775,-3.931667621332971,14.712180173470173,0.364199964084837,0.6980218010023236,18.643847794803143
23.97948694229126,-3.8644696405612757,14.735094224220184,0.3459566195841761,0.7,18.59956386478146
24.00358247756958,-3.8039687789115657,14.735094224220184,0.3459566195841761,0.7,18.53906300313175
24.018810987472534,-3.749714098888695,14.763819503989701,0.3288265408363076,0.6684535600244998,18.513533602878397
24.043106079101562,-3.701227770682484,14.78402271466873,0.31435219919047075,0.7,18.485250485351212
24.05954337120056,-3.6580258787610314,14.78402271466873,0.31435219919047075,0.7,18.44204859342976
24.07870078086853,-3.6196330341116867,14.803102712954757,0.3738346544440718,0.7,18.422735747066444
24.098729610443115,-3.5855922989020845,14.809217267055708,0.3738346544440718,0.7,18.394809565957793
24.119445323944092,-3.5531552455923756,14.821083671951726,0.38250553397199827,0.6476190023124218,18.3742389175441
24.13870120048523,-3.5157379091795256,14.83799048305994,0.36578686510882097,0.6630762748420238,18.353728392239464
24.15921711921692,-3.4832512223959244,14.843391793565868,0.36578686510882097,0.6630762748420238,18.326643015961793
24.17912244796753,-3.4360599842274673,14.858906378821118,0.33306360965332704,0.6939206968992948,18.294966363048584
24.19860816001892,-3.3798989725773403,14.868684850340745,0.30812052240333276,0.6796393541619181,18.248583822918086
24.219147205352783,-3.318987849345784,14.873407719126106,0.30812052240333276,0.6796393541619181,18.19239556847189
24.239283561706543,-3.2563826977747623,14.886923138298684,0.30987950727547275,0.6695856980979442,18.143305836073445
24.260973930358887,-3.194250859398132,14.886923138298684,0.30987950727547275,0.6695856980979442,18.081173997696816
24.279312133789062,-3.1340852531005803,14.903458656869955,0.2981027256345259,0.685420161858201,18.037543909970534
24.299221992492676,-3.0768710112779334,14.911109219567233,0.2831499924531089,0.6603934027254581,17.987980230845167
24.31925654411316,-3.02321460471116,14.911109219567233,0.2831499924531089,0.6603934027254581,17.934323824278394
24.339211225509644,-2.959545421257921,14.92521993549948,0.31566972039843666,0.6500160561874508,17.884765356757402
24.362832069396973,-2.86975242078788,14.934796959416428,0.29538095310534107,0.7,17.804549380204307
24.37945008277893,-2.7917918452556223,14.934796959416428,0.29538095310534107,0.7,17.72658880467205
24.398738145828247,-2.673329970433341,14.943546435197437,0.3289799796065198,0.6913714155554771,17.616876405630777
24.4194917678833,-2.5159606475586793,14.946284554615595,0.3289799796065198,0.6913714155554771,17.462245202174273
24.43875217437744,-2.3333980765821964,14.95150046973152,0.34366124902124273,0.6663088750094175,17.284898546313716
24.458655834197998,-2.1358318377108043,14.95869194447171,0.3533232196813332,0.6762862818315625,17.094523782182513
24.478638648986816,-1.93073483396823,14.960925440421793,0.3533232196813332,0.6762862818315625,16.891660274390023
24.499258518218994,-1.7258124181047012,14.967152666326669,0.36080293344537484,0.6709089454263448,16.69296508443137
24.518804788589478,-1.5264119760630115,14.970922644852589,0.3704297699613379,0.6677061086986213,16.497334620915602
24.539207458496094,-1.3384185144945344,14.97269709765267,0.3704297699613379,0.6677061086986213,16.311115612147205
24.559276580810547,-1.1633026659775099,14.977594235830551,0.3570606055317329,0.6795906303916126,16.140896901808063
24.58207893371582,-1.0017465149892855,14.981880379713619,0.31373549798707234,0.6924454337451607,15.983626894702905
24.59867525100708,-0.8614793399768998,14.983179707220966,0.31373549798707234,0.6924454337451607,15.844659047197865
24.618621349334717,-0.7320829171314521,14.985592630853333,0.30208383301476704,0.6904519109986722,15.717675547984785
24.638875007629395,-0.6159636830067098,14.985592630853333,0.30208383301476704,0.6904519109986722,15.601556313860042
24.658676624298096,-0.5121268343445627,14.989715216662034,0.31330213776062,0.6747222992591559,15.501842051006598
24.683132886886597,-0.4218740473954325,14.992237217035402,0.3044496000392245,0.6606950185261666,15.414111264430835
24.69904327392578,-0.34343508641511133,14.992237217035402,0.3044496000392245,0.6606950185261666,15.335672303450513
24.718804359436035,-0.27526902817981275,14.994314861495397,0.2888775522468494,0.6532084185630083,15.269583889675209
24.739287614822388,-0.21603483632148673,14.994314861495397,0.2888775522468494,0.6532084185630083,15.210349697816884
24.759028434753418,-0.16456565484029148,14.995988790907788,0.2632643187997745,0.6676092155277729,15.16055444574808
24.77874255180359,-0.11753001429230622,14.997300476970139,0.27529307535121905,0.6438424352556467,15.114830491262445
24.799466371536255,-0.07481344379929043,14.997664495408756,0.27529307535121905,0.6438424352556467,15.072477939208046
24.81903839111328,-0.037725826691418926,14.99829222748702,0.28663573494384753,0.6623829144984483,15.03601805417844
24.838738203048706,-0.001705841348517826,14.999007191645166,0.29944306412915456,0.6517922373488545,15.000713032993684
24.85902976989746,0.03262328498249929,14.999191584680752,0.29944306412915456,0.6517922373488545,14.966568299698253
24.879434823989868,0.0741386256018621,14.999606085435431,0.28809436863492,0.6239330133423209,14.92546745983357
24.89986562728882,0.14271471844578523,14.99978359619286,0.2874469802362727,0.653491355292499,14.857068877747075
24.918713569641113,0.24912649718605237,14.999847782940272,0.2874469802362727,0.653491355292499,14.750721285754219
24.938572645187378,0.38364642776029645,14.999962669087104,0.28112348109687435,0.6628660567104816,14.616316241326807
24.961835622787476,0.5341444719019512,14.999997600008648,0.2816571171741815,0.6998712427914142,14.465853128106696
24.97930598258972,0.6917742409914087,14.999999699549829,0.2816571171741815,0.6998712427914142,14.30822545855842
24.998658657073975,0.8502032508085056,15.0,0.2918575068350764,0.6975062478333711,14.149796749191495
25.023209810256958,1.0050120178680213,15.0,0.30123938875010925,0.7,13.99498798213198
25.038666248321533,1.1394209418846093,15.0,0.30123938875010925,0.7,13.860579058115391
25.0590078830719,1.2699235260198887,15.0,0.32947307893744426,0.6970988787245005,13.73007647398011
25.0789577960968,1.3942734612003649,15.0,0.32947307893744426,0.6970988787245005,13.605726538799635
25.09889554977417,1.5133890056088446,15.0,0.3354320593524607,0.6864262870978564,13.486610994391155
25.11854076385498,1.625729567132698,15.0,0.3354320593524607,0.6864262870978564,13.374270432867302
25.139164209365845,1.7304036346017628,15.0,0.3395025955859454,0.6793681574519723,13.269596365398238
25.15843939781189,1.8269940314449087,15.0,0.3414928992159547,0.6896538646426051,13.173005968555092
25.179052352905273,1.9154240392625899,15.0,0.3414928992159547,0.6896538646426051,13.08457596073741
25.198965072631836,1.9958554371420323,15.0,0.3396622002936782,0.6999440487008541,13.004144562857968
25.219676733016968,2.068611396185523,15.0,0.3320933985404553,0.7,12.931388603814478
25.238930225372314,2.131802322005533,15.0,0.3320933985404553,0.7,12.868197677994466
25.259344577789307,2.186666297143416,15.0,0.30371265065594333,0.6898999612778425,12.813333702856584
25.278527975082397,2.234318476806415,15.0,0.30371265065594333,0.6898999612778425,12.765681523193585
25.29915738105774,2.273389268287183,15.0,0.3027826911883311,0.6829040542244911,12.726610731712817
25.322600841522217,2.3031535408748516,15.0,0.2881525653527932,0.6967256383970379,12.696846459125148
25.339147090911865,2.325669253372942,15.0,0.2881525653527932,0.6967256383970379,12.674330746627058
25.358598470687866,2.342556858712832,15.0,0.26757332972454595,0.6953305679373443,12.657443141287168
25.379329442977905,2.35509021994645,15.0,0.26757332972454595,0.6953305679373443,12.644909780053549
25.399123191833496,2.364268893054575,15.0,0.2789857546912389,0.685012428369373,12.635731106945425
25.418649196624756,2.3731919105884107,15.0,0.2762694525180267,0.6694851986132562,12.62680808941159
25.43944764137268,2.381702189585709,15.0,0.2762694525180267,0.6694851986132562,12.61829781041429
25.459062814712524,2.392017849060234,15.0,0.28110682765225636,0.6889327413402497,12.607982150939765
25.478651523590088,2.4009741679873104,15.0,0.25727682175318467,0.6918279128614813,12.599025832012689
25.49983835220337,2.4110917271225434,15.0,0.25727682175318467,0.6918279128614813,12.588908272877458
25.521575450897217,2.4240655618631113,15.0,0.2965400590209173,0.7,12.575934438136889
25.539072513580322,2.43868138569125,15.0,0.2965400590209173,0.7,12.56131861430875
25.559319734573364,2.45405250451346,15.0,0.2965400590209173,0.7,12.54594749548654
25.578947067260742,2.476492176502606,15.0,0.29231540799344646,0.7,12.523507823497393
25.598543405532837,2.5171482204880773,15.0,0.24524007305706608,0.6907973585650324,12.482851779511922
25.621108531951904,2.5740182103246423,15.0,0.23280999750102627,0.6928364607039839,12.425981789675358
25.638923168182373,2.6406512870207655,15.0,0.23280999750102627,0.6928364607039839,12.359348712979234
25.65859627723694,2.712309505079757,15.0,0.2455834079181658,0.6885421346407383,12.287690494920243
25.683484315872192,2.785569543238305,15.0,0.22285671565885412,0.6831114260014146,12.214430456761695
25.69911241531372,2.849175778785153,15.0,0.22285671565885412,0.6831114260014146,12.150824221214847
25.71855592727661,2.9132359714060736,15.0,0.23643709194118845,0.6732411985751241,12.086764028593926
25.739139556884766,2.9759231741538112,15.0,0.23643709194118845,0.6732411985751241,12.024076825846189
25.759207248687744,3.0383209585277386,15.0,0.2576741989349829,0.6926975348498672,11.961679041472262
25.778676986694336,3.1104549720074943,15.0,0.26289512763003575,0.7,11.889545027992506
25.799214839935303,3.2036649319647155,15.0,0.26289512763003575,0.7,11.796335068035285
25.81938076019287,3.32527172978018,15.0,0.2577100902443634,0.6843611158430576,11.67472827021982
25.838699102401733,3.470346525318877,15.0,0.2578032875052303,0.6587075263261795,11.529653474681123
25.85914945602417,3.6255819537818987,15.0,0.2578032875052303,0.6587075263261795,11.374418046218102
25.87858271598816,3.786099893839072,15.0,0.2863859517118543,0.6546147598884999,11.213900106160928
25.89875030517578,3.946056529787838,15.0,0.2799243043726891,0.6642737959511578,11.053943470212161
25.91945743560791,4.084934965005408,15.0,0.2799243043726891,0.6642737959511578,10.915065034994592
25.939274549484253,4.2219854579349345,15.0,0.2814537006514728,0.6817405608482658,10.778014542065065
25.962730407714844,4.351837998668481,15.0,0.27038696772331594,0.672777082119137,10.648162001331519
25.97977375984192,4.475585080875813,15.0,0.27038696772331594,0.672777082119137,10.524414919124187
26.003238201141357,4.589513741816836,15.0,0.2682813086165696,0.6613812598399817,10.410486258183164
26.018688678741455,4.693620141787135,15.0,0.2682813086165696,0.6613812598399817,10.306379858212864
26.041330099105835,4.78816047844753,15.0,0.2869079147084266,0.6459285954944789,10.21183952155247
26.058801889419556,4.8712484661762,15.0,0.2869079147084266,0.6459285954944789,10.128751533823799
26.078691005706787,4.944192101427854,15.0,0.28528808235103487,0.6539976031519472,10.055807898572146
26.1033456325531,5.008167246267633,15.0,0.28064205116505025,0.6677394204773008,9.991832753732368
26.119285821914673,5.064226995080419,15.0,0.28064205116505025,0.6677394204773008,9.935773004919582
26.138685941696167,5.112899500273035,15.0,0.26021105042571424,0.6821883062832057,9.887100499726966
26.158771276474,5.155570127709235,15.0,0.26021105042571424,0.6821883062832057,9.844429872290764
26.179147958755493,5.192947388490119,15.0,0.2467269561337888,0.7,9.807052611509882
26.199339866638184,5.225662906673205,15.0,0.2467269561337888,0.7,9.774337093326796
26.218762636184692,5.254278255695673,15.0,0.2577675365927279,0.6896317711099982,9.745721744304326
26.242265701293945,5.27929155299679,15.0,0.2752905831756651,0.6896948735840851,9.72070844700321
26.258718967437744,5.301143712889632,15.0,0.2752905831756651,0.6896948735840851,9.698856287110367
26.279083490371704,5.320224297265698,15.0,0.2719596067062229,0.7,9.679775702734302
26.303340673446655,5.336876932767421,15.0,0.2721282163428258,0.6817043002694845,9.66312306723258
26.318875312805176,5.351404284068768,15.0,0.2721282163428258,0.6817043002694845,9.648595715931233
26.340329885482788,5.3663889358510675,15.0,0.2825419170575332,0.7,9.633611064148933
26.35878038406372,5.379398993104789,15.0,0.2825419170575332,0.7,9.62060100689521
26.378837823867798,5.392591964560266,15.0,0.2953601054640602,0.7,9.607408035439734
26.39944577217102,5.405564285278678,15.0,0.2953601054640602,0.7,9.594435714721321
26.419238328933716,5.418041462180048,15.0,0.25919715164025536,0.7,9.581958537819952
26.438685417175293,5.429845887206926,15.0,0.2703550815375637,0.6931775508448481,9.570154112793073
26.45917797088623,5.440871927583467,15.0,0.2703550815375637,0.6931775508448481,9.559128072416533
26.479437112808228,5.451066727096099,15.0,0.27928575629164687,0.7,9.548933272903902
26.498721837997437,5.458099132034031,15.0,0.29083911923487893,0.7,9.54190086796597
26.519099950790405,5.462749661319348,15.0,0.29083911923487893,0.7,9.537250338680652
26.538960218429565,5.4679395702805715,15.0,0.2727835330905508,0.7,9.53206042971943
26.559743404388428,5.471050994222865,15.0,0.26598512695898524,0.7,9.528949005777136
26.579613208770752,5.47375241192799,15.0,0.26598512695898524,0.7,9.52624758807201
26.599066972732544,5.474982181732042,15.0,0.2746483826803159,0.7,9.525017818267958
26.623695373535156,5.4751573632590285,15.0,0.2726933852562796,0.6971362149808555,9.52484263674097
26.638646364212036,5.474595431521831,15.0,0.2726933852562796,0.6971362149808555,9.52540456847817
26.6610906124115,5.473536324991578,15.0,0.28344228945468775,0.7,9.526463675008422
26.679152727127075,5.472159803222363,15.0,0.28344228945468775,0.7,9.527840196777637
26.69859766960144,5.4705990891265595,15.0,0.26488271437381616,0.7,9.529400910873441
26.72425389289856,5.468951571100461,15.0,0.28445728391205183,0.7,9.531048428899538
26.738539695739746,5.4672871809261085,15.0,0.28445728391205183,0.7,9.532712819073891
26.758756160736084,5.465654936514068,15.0,0.2638848096856963,0.7,9.534345063485933
26.779370069503784,5.4640880375473415,15.0,0.2638848096856963,0.7,9.535911962452658
26.799147605895996,5.462727615859599,15.0,0.26300218474614656,0.7,9.537272384140401
26.818530082702637,5.461426668861074,15.0,0.2374724648569826,0.7,9.538573331138926
26.838962078094482,5.460201318137392,15.0,0.2374724648569826,0.7,9.539798681862608
26.85860252380371,5.459060769094553,15.0,0.26396839466440714,0.6964389626402407,9.540939230905447
26.878592491149902,5.458009180688083,15.0,0.25502000056701934,0.6782319378573447,9.541990819311916
26.898573398590088,5.457047097098957,15.0,0.25502000056701934,0.6782319378573447,9.542952902901042
26.919288635253906,5.456172537414674,15.0,0.2610712373306159,0.6952167209703475,9.543827462585327
26.938676357269287,5.455381819048978,15.0,0.24605510343360937,0.6684136409778147,9.544618180951023
26.9586238861084,5.454670174520495,15.0,0.24605510343360937,0.6684136409778147,9.545329825479506
26.979089736938477,5.454032208447409,15.0,0.25523153279471433,0.674455053685233,9.545967791552592
26.999740839004517,5.453462231515261,15.0,0.24939115398126876,0.6653842418920248,9.54653776848474
27.019258975982666,5.452967362990568,15.0,0.24939115398126876,0.6653842418920248,9.547032637009432
27.039071798324585,5.454841190787436,15.0,0.2575408579458598,0.6899129651021212,9.545158809212564
27.059354543685913,5.45831088414945,15.0,0.2575408579458598,0.6899129651021212,9.54168911585055
27.079312562942505,5.462797591093972,15.0,0.23895969294506347,0.6806625999044627,9.537202408906028
27.103054523468018,5.467872449079988,15.0,0.2240294493411783,0.7,9.532127550920013
27.11887240409851,5.473222077923296,15.0,0.2240294493411783,0.7,9.526777922076704
27.13871955871582,5.478621568325624,15.0,0.222315318128385,0.7,9.521378431674375
27.158803939819336,5.490862432847378,15.0,0.222315318128385,0.7,9.50913756715262
27.178775548934937,5.52143066373335,15.0,0.2218442499023512,0.6840107671916484,9.47856933626665
27.19857382774353,5.5731884943964305,15.0,0.19991121397732048,0.6928697887808084,9.42681150560357
27.21861171722412,5.642932830317707,15.0,0.19991121397732048,0.6928697887808084,9.357067169682292
27.23875117301941,5.703486643422015,15.0,0.17969479182182102,0.6883272140286862,9.296513356577986
27.258638620376587,5.785171895027605,15.0,0.19560030431865005,0.6737068661488592,9.214828104972394
27.27980136871338,5.888647216376645,15.0,0.19560030431865005,0.6737068661488592,9.111352783623355
27.29886484146118,6.01611215294832,15.0,0.18895581647200732,0.6625113108195364,8.98388784705168
27.31909990310669,6.168462222215827,15.0,0.1769103072900906,0.6391460181213915,8.831537777784174
27.338804960250854,6.345663588057926,15.0,0.1769103072900906,0.6391460181213915,8.654336411942074
27.359172582626343,6.544721447202031,15.0,0.17358564448921232,0.642823315039277,8.455278552797969
27.38195514678955,6.76297964235948,15.0,0.15904962228058128,0.6661857690662145,8.237020357640521
27.398566722869873,6.998087235856189,15.0,0.15904962228058128,0.6661857690662145,8.00191276414381
27.41952419281006,7.247967248300304,15.0,0.18003035293339043,0.6734661993570625,7.752032751699696
27.438965797424316,7.506155028762965,15.0,0.18003035293339043,0.6734661993570625,7.493844971237035
27.46125078201294,7.730320251607715,15.0,0.21201493547676353,0.663088862132281,7.269679748392285
27.479228496551514,7.96488372467912,15.0,0.21201493547676353,0.663088862132281,7.03511627532088
27.498796939849854,8.20512041956802,15.0,0.21201493547676353,0.663088862132281,6.79487958043198
27.51893138885498,8.449915254959883,15.0,0.23037977845786362,0.6746205755509436,6.550084745040117
27.539758443832397,8.691424543640228,15.0,0.23037977845786362,0.6746205755509436,6.3085754563597725
27.558838844299316,8.924286804244797,15.0,0.23554266759572773,0.6820267227478325,6.075713195755203
27.579103708267212,9.145005948275406,15.0,0.23554266759572773,0.6820267227478325,5.854994051724594
27.59983229637146,9.351473691644433,15.0,0.2508012266215518,0.6769684760831296,5.648526308355567
27.619317770004272,9.540284907560522,15.0,0.2508012266215518,0.6769684760831296,5.4597150924394775
27.64154314994812,9.711856145599162,15.0,0.23692839456169157,0.6918104452081024,5.288143854400838
27.659053802490234,9.864614742642697,15.0,0.23692839456169157,0.6918104452081024,5.135385257357303
27.68236804008484,9.997243656708084,15.0,0.23475977059832065,0.6862491218373179,5.0027563432919155
27.698846101760864,10.113115972197809,15.0,0.23475977059832065,0.6862491218373179,4.886884027802191
27.723016262054443,10.211979331679473,15.0,0.26783552047243564,0.6805317209102213,4.788020668320527
27.739192724227905,10.294106721848955,15.0,0.26783552047243564,0.6805317209102213,4.705893278151045
27.762645483016968,10.3624451766988,15.0,0.25236682154616563,0.6778775228187441,4.637554823301199
27.77957534790039,10.419405054277329,15.0,0.25236682154616563,0.6778775228187441,4.580594945722671
27.798712491989136,10.46696042329717,15.0,0.2512934467839658,0.6888509940356016,4.53303957670283
27.819085597991943,10.506730288067565,15.0,0.2512934467839658,0.6888509940356016,4.4932697119324345
27.838740587234497,10.537728015342848,15.0,0.2601382908495724,0.7,4.462271984657152
27.85942006111145,10.56413219390397,15.0,0.2601382908495724,0.7,4.435867806096031
27.87882947921753,10.586649904126356,15.0,0.2598238266390398,0.7,4.4133500958736445
27.89983367919922,10.606200355045875,15.0,0.2598238266390398,0.7,4.393799644954125
27.918859481811523,10.622848898292862,15.0,0.22648854324041157,0.7,4.377151101707138
27.938857316970825,10.637043062686944,15.0,0.22648854324041157,0.7,4.362956937313056
27.959677696228027,10.649158377879758,15.0,0.21809559737710504,0.699109606957063,4.350841622120242
27.983717679977417,10.65951046726616,15.0,0.2164742207704693,0.6830470976885408,4.340489532733841
27.999685287475586,10.66836502630668,15.0,0.2164742207704693,0.6830470976885408,4.331634973693321
28.024227380752563,10.675946069120368,15.0,0.22658277643757163,0.6806047342717647,4.324053930879632
28.039690017700195,10.68244275491409,15.0,0.22658277643757163,0.6806047342717647,4.31755724508591
28.058872938156128,10.688015048084198,15.0,0.2270474772111628,0.6859749195165932,4.311984951915802
28.079599618911743,10.69511476712263,15.0,0.2270474772111628,0.6859749195165932,4.3048852328773695
28.09977650642395,10.703088293928825,15.0,0.21860044944594836,0.6938830477185547,4.296911706071175
28.118871688842773,10.71001111347577,15.0,0.21241352689947224,0.7,4.289988886524229
28.139843463897705,10.719785525816636,15.0,0.21241352689947224,0.7,4.280214474183364
28.158807277679443,10.731282995093359,15.0,0.21092958742781764,0.6896270241588354,4.268717004906641
28.182263612747192,10.743674251407569,15.0,0.2047808588857878,0.6932071364019066,4.256325748592431
28.19905185699463,10.756359744458425,15.0,0.2047808588857878,0.6932071364019066,4.243640255541575
28.220411777496338,10.768915283765248,15.0,0.2047808588857878,0.6932071364019066,4.2310847162347525
28.23953366279602,10.781049659840813,15.0,0.18684697238757497,0.6883371100295335,4.2189503401591875
28.259738206863403,10.7948880520721,15.0,0.19220927538379318,0.691248179692775,4.2051119479279
28.279487133026123,10.809545311211952,15.0,0.19220927538379318,0.691248179692775,4.190454688788048
28.299317836761475,10.824385048769745,15.0,0.18199078919395095,0.696886498760432,4.175614951230255
28.31888484954834,10.838960432557894,15.0,0.19044630782707817,0.6892560625448823,4.161039567442106
28.339097023010254,10.851615152889984,15.0,0.19044630782707817,0.6892560625448823,4.148384847110016
28.358917713165283,10.866271568067997,15.0,0.20823485957487708,0.6879621618892997,4.133728431932003
28.378960609436035,10.88193205303787,15.0,0.20243365824251658,0.7,4.11806794696213
28.398842811584473,10.897877214812901,15.0,0.20243365824251658,0.7,4.102122785187099
28.41884183883667,10.91359987447971,15.0,0.21033159218757636,0.7,4.08640012552029
28.442071437835693,10.928753619512529,15.0,0.23448694072692877,0.7,4.071246380487471
28.45960569381714,10.94311283223673,15.0,0.23448694072692877,0.7,4.05688716776327
28.479310274124146,10.956541742846573,15.0,0.22858879663079268,0.7,4.043458257153427
28.49958562850952,10.968970566306071,15.0,0.22858879663079268,0.7,4.031029433693929
28.519397020339966,10.980377188485873,15.0,0.22837028664333037,0.7,4.019622811514127
28.541280031204224,10.990773189350733,15.0,0.2319219232330214,0.7,4.009226810649267
28.55952215194702,10.999799262724112,15.0,0.2319219232330214,0.7,4.000200737275888
28.579572916030884,11.005713566200091,15.0,0.21771513193642011,0.6969663606025278,3.9942864337999087
28.599627017974854,11.009310624378568,15.0,0.21771513193642011,0.6969663606025278,3.9906893756214323
28.61914587020874,11.008887021163256,15.0,0.2054698494056355,0.7,3.9911129788367443
28.63878035545349,11.005681909266118,15.0,0.1983916907364618,0.7,3.9943180907338824
28.658897399902344,10.998312938186077,15.0,0.1983916907364618,0.7,4.001687061813923
28.67961359024048,10.988246040475174,15.0,0.20001158840284905,0.6897486576810479,4.011753959524826
28.69883918762207,10.976570527758108,15.0,0.19753339002170822,0.6852683660574257,4.023429472241892
28.719191312789917,10.964085409443673,15.0,0.19753339002170822,0.6852683660574257,4.035914590556327
28.73886799812317,10.951366998896084,15.0,0.19048273936175963,0.6854649050976149,4.048633001103916
28.762218713760376,10.938821740488796,15.0,0.20210857223981282,0.6992393149877898,4.061178259511204
28.778825759887695,10.927929626843932,15.0,0.20210857223981282,0.6992393149877898,4.072070373156068
28.80014967918396,10.91727056796585,15.0,0.2081865421522524,0.6946374452556483,4.082729432034149
28.819406747817993,10.909370650815164,15.0,0.2081865421522524,0.6946374452556483,4.090629349184836
28.839106798171997,10.903595380975245,15.0,0.20316117164009473,0.7,4.096404619024755
28.8621928691864,10.901764404274559,15.0,0.2138511305701103,0.7,4.098235595725441
28.87959885597229,10.902721311575146,15.0,0.2138511305701103,0.7,4.097278688424854
28.898858070373535,10.90558940933986,15.0,0.2121939889647182,0.7,4.094410590660139
28.91952633857727,10.909709394177472,15.0,0.2121939889647182,0.7,4.090290605822528
28.938881158828735,10.914590333507514,15.0,0.20810459484608135,0.7,4.085409666492486
28.95873212814331,10.91987118029481,15.0,0.21742677246482334,0.7,4.080128819705189
28.979090213775635,10.925290618817685,15.0,0.21742677246482334,0.7,4.0747093811823145
28.998826265335083,10.929995913708083,15.0,0.22556381509901247,0.6882187945768237,4.070004086291917
29.01870059967041,10.93474874887639,15.0,0.200573332843196,0.7,4.065251251123611
29.038862943649292,10.93940934412522,15.0,0.200573332843196,0.7,4.06059065587478
29.058921098709106,10.943883041838953,15.0,0.21197447949351034,0.6880883265286684,4.056116958161047
29.080477952957153,10.948109020355384,15.0,0.21485877107159457,0.6936205833218991,4.051890979644616
29.09907817840576,10.952051562751654,15.0,0.21485877107159457,0.6936205833218991,4.047948437248346
29.119015216827393,10.955693330681147,15.0,0.2202672085285302,0.6923010085476562,4.044306669318853
29.143665075302124,10.959030208146812,15.0,0.2190406320177134,0.6786330702481791,4.040969791853188
29.159184455871582,10.962067371613454,15.0,0.2190406320177134,0.6786330702481791,4.037932628386546
29.18213200569153,10.964816315482798,15.0,0.24442691891716084,0.7,4.035183684517202
29.199411630630493,10.967292619538142,15.0,0.24442691891716084,0.7,4.032707380461858
29.219317197799683,10.969442609942037,15.0,0.23027790407912097,0.7,4.030557390057963
29.238739728927612,10.971380967145851,15.0,0.23027790407912097,0.7,4.028619032854149
29.258734464645386,10.973121242873441,15.0,0.2186938223920878,0.6843290951102972,4.026878757126559
29.278785705566406,10.972361722219034,15.0,0.20071916072891316,0.6871879394631832,4.027638277780966
29.29945206642151,10.969885909017432,15.0,0.20071916072891316,0.6871879394631832,4.030114090982568
29.319116830825806,10.963966894318762,15.0,0.18769458658323845,0.6865866812178865,4.036033105681238
29.338885068893433,10.955812294264536,15.0,0.18016536324546895,0.7,4.044187705735464
29.359351634979248,10.946319814002054,15.0,0.18016536324546895,0.7,4.053680185997946
29.379034519195557,10.936148241644775,15.0,0.18739080592320523,0.7,4.063851758355225
29.401500701904297,10.925773055920523,15.0,0.18739080592320523,0.7,4.074226944079477
29.419663667678833,10.915529881254784,15.0,0.21103407419548592,0.7,4.084470118745216
29.43905210494995,10.906636495489321,15.0,0.21662657638342342,0.6961511364672333,4.093363504510679
29.459465980529785,10.89792689208573,15.0,0.21662657638342342,0.6961511364672333,4.10207310791427
29.479618310928345,10.891890829069675,15.0,0.23109611892403326,0.7,4.108109170930325
29.50289249420166,10.887870834671673,15.0,0.23109611892403326,0.7,4.1121291653283265
29.519301414489746,10.885357108596432,15.0,0.2317438094204407,0.7,4.114642891403568
29.538915157318115,10.88395585599658,15.0,0.22699799400550535,0.6922529654577374,4.1160441440034194
29.559385538101196,10.88336423555943,15.0,0.22699799400550535,0.6922529654577374,4.11663576444057
29.578777074813843,10.883350561867681,15.0,0.2256479186497744,0.6790648818016052,4.116649438132319
29.598891496658325,10.883738679040661,15.0,0.2319881015017744,0.6754626201465725,4.116261320959339
29.61908793449402,10.884395643496351,15.0,0.2319881015017744,0.6754626201465725,4.115604356503649
29.639480352401733,10.885222029783487,15.0,0.21835520607681236,0.6638630906119942,4.1147779702165135
29.659652709960938,10.885939519456622,15.0,0.2171383923877146,0.6836614886298775,4.114060480543378
29.67901873588562,10.886767256688104,15.0,0.2171383923877146,0.6836614886298775,4.113232743311896
29.6991708278656,10.887649754788718,15.0,0.22113790363335273,0.6757405249401927,4.112350245211282
29.72236657142639,10.888547030573406,15.0,0.21121025737636945,0.6741689182119444,4.111452969426594
29.738856077194214,10.889430923040198,15.0,0.21121025737636945,0.6741689182119444,4.110569076959802
29.759328603744507,10.890282224824306,15.0,0.20865680626855454,0.6626682318048551,4.109717775175694
29.778919219970703,10.891088453790108,15.0,0.20865680626855454,0.6626682318048551,4.108911546209892
29.798956871032715,10.891842127979878,15.0,0.20142581896187028,0.6611279020318761,4.108157872020122
29.820518732070923,10.892539435647778,15.0,0.20142581896187028,0.6611279020318761,4.1074605643522215
29.839374780654907,10.893179214763462,15.0,0.19784015324228665,0.6705791330197826,4.106820785236538
29.85922861099243,10.893762174362276,15.0,0.20172127615922353,0.6693770543672144,4.106237825637724
29.88352060317993,10.894268314769633,15.0,0.18942392710858247,0.6556297115050256,4.105731685230367
29.898958683013916,10.897046096506827,15.0,0.18942392710858247,0.6556297115050256,4.102953903493173
29.91965103149414,10.901328507701715,15.0,0.19068810192664376,0.6434475139714777,4.098671492298285
29.940061330795288,10.906543142572682,15.0,0.19068810192664376,0.6434475139714777,4.093456857427318
29.959599494934082,10.912267850612738,15.0,0.1976105569655191,0.6570328299887478,4.0877321493872625
29.978740692138672,10.918195971419157,15.0,0.20777057844941726,0.6835006617940962,4.081804028580843
29.99941635131836,10.926425491841405,15.0,0.20777057844941726,0.6835006617940962,4.073574508158595
30.018991947174072,10.936036631250435,15.0,0.19810697424953094,0.6824340813793242,4.063963368749565
30.039100646972656,10.946354115604437,15.0,0.19810697424953094,0.6824340813793242,4.0536458843955625
30.05928635597229,10.9568902971265,15.0,0.19810697424953094,0.6824340813793242,4.043109702873499
30.079006910324097,10.96730070147587,15.0,0.19810697424953094,0.6824340813793242,4.032699298524131
30.098880529403687,10.976339280322238,15.0,0.19810697424953094,0.6824340813793242,4.023660719677762
30.118900060653687,10.985196903282871,15.0,0.19810697424953094,0.6824340813793242,4.014803096717129
30.138908624649048,10.993695396115418,15.0,0.19810697424953094,0.6824340813793242,4.0063046038845815
30.159056901931763,11.00172046731528,15.0,0.19810697424953094,0.6824340813793242,3.9982795326847196
30.17905592918396,11.009205209217452,15.0,0.19810697424953094,0.6824340813793242,3.990794790782548
30.19891858100891,11.016117389388777,15.0,0.19810697424953094,0.6824340813793242,3.9838826106112233
30.21885085105896,11.02244970961572,15.0,0.19810697424953094,0.6824340813793242,3.977550290384279
30.238843202590942,11.028212382849254,15.0,0.19810697424953094,0.6824340813793242,3.9717876171507456
30.259103059768677,11.03342751579119,15.0,0.19810697424953094,0.6824340813793242,3.9665724842088093
30.27890920639038,11.038124893690087,15.0,0.19810697424953094,0.6824340813793242,3.961875106309913
30.298864364624023,11.042338850175694,15.0,0.19810697424953094,0.6824340813793242,3.9576611498243057
30.318806171417236,11.045997514783917,15.0,0.19810697424953094,0.6824340813793242,3.9540024852160833
30.33891534805298,11.049282519258144,15.0,0.19810697424953094,0.6824340813793242,3.950717480741856
30.359161376953125,11.052221410773797,15.0,0.19810697424953094,0.6824340813793242,3.9477785892262034
30.37885618209839,11.054842444829934,15.0,0.19810697424953094,0.6824340813793242,3.9451575551700664
30.39882230758667,11.057173624242674,15.0,0.19810697424953094,0.6824340813793242,3.942826375757326
30.418919324874878,11.059242038308277,15.0,0.19810697424953094,0.6824340813793242,3.940757961691723
30.439083099365234,11.061073427874447,15.0,0.19810697424953094,0.6824340813793242,3.9389265721255526
30.45925235748291,11.062691918785632,15.0,0.19810697424953094,0.6824340813793242,3.9373080812143684
30.47906184196472,11.064119879302547,15.0,0.19810697424953094,0.6824340813793242,3.935880120697453
30.49903392791748,11.06537786738953,15.0,0.19810697424953094,0.6824340813793242,3.9346221326104693
30.519055604934692,11.066484641811515,15.0,0.19810697424953094,0.6824340813793242,3.933515358188485
30.539165496826172,11.067445571621976,15.0,0.19810697424953094,0.6824340813793242,3.9325544283780243
30.55924677848816,11.068291521054643,15.0,0.19810697424953094,0.6824340813793242,3.9317084789453567
30.579062461853027,11.06903531246022,15.0,0.19810697424953094,0.6824340813793242,3.9309646875397792
30.59901714324951,11.069688544356456,15.0,0.19810697424953094,0.6824340813793242,3.930311455643544
30.618991136550903,11.070261659532983,15.0,0.19810697424953094,0.6824340813793242,3.9297383404670168
30.639216661453247,11.070764022814698,15.0,0.19810697424953094,0.6824340813793242,3.929235977185302
30.659095525741577,11.071204003484333,15.0,0.19810697424953094,0.6824340813793242,3.9287959965156674
30.67908239364624,11.07158905876895,15.0,0.19810697424953094,0.6824340813793242,3.92841094123105
30.6990385055542,11.071925815865187,15.0,0.19810697424953094,0.6824340813793242,3.928074184134813
30.719029664993286,11.072220150787718,15.0,0.19810697424953094,0.6824340813793242,3.927779849212282
30.739041566848755,11.072477262933196,15.0,0.19810697424953094,0.6824340813793242,3.9275227370668038
30.759188413619995,11.072700494262286,15.0,0.19810697424953094,0.6824340813793242,3.9272995057377145
30.77895474433899,11.072895559842378,15.0,0.19810697424953094,0.6824340813793242,3.9271044401576223
30.79886555671692,11.073065921111919,15.0,0.19810697424953094,0.6824340813793242,3.926934078888081
30.818997383117676,11.07321463339778,15.0,0.19810697424953094,0.6824340813793242,3.9267853666022194
30.839028120040894,11.073344389426865,15.0,0.19810697424953094,0.6824340813793242,3.9266556105731354
30.85906672477722,11.073457559104698,15.0,0.19810697424953094,0.6824340813793242,3.926542440895302
30.879056453704834,11.073556225652798,15.0,0.19810697424953094,0.6824340813793242,3.9264437743472023
30.89895510673523,11.073642218264489,15.0,0.19810697424953094,0.6824340813793242,3.9263577817355113
30.918967962265015,11.073717141481898,15.0,0.19810697424953094,0.6824340813793242,3.9262828585181015
30.939160108566284,11.071466053437133,15.0,0.19810697424953094,0.6824340813793242,3.928533946562867
30.95925998687744,11.069975038771817,15.0,0.19810697424953094,0.6824340813793242,3.930024961228183
30.978991270065308,11.068680501771976,15.0,0.19810697424953094,0.6824340813793242,3.9313194982280244
30.999003171920776,11.06792730165614,15.0,0.19810697424953094,0.6824340813793242,3.9320726983438608
