time,theta,target,p1_cmd,p2_cmd,error
48.47805428504944,-2.0661899919308873,0.0,0.0,0.0,2.0661899919308873
48.49789261817932,-2.0709674161410856,0.0,0.0,0.0,2.0709674161410856
48.51800036430359,-2.0749016101406803,0.0,0.0,0.0,2.0749016101406803
48.53791522979736,-2.0783431965866472,0.0,0.0,0.0,2.0783431965866472
48.55787491798401,-2.0774932637075088,0.0,0.0,0.0,2.0774932637075088
48.57798194885254,-2.064531846687543,0.0,0.0,0.0,2.064531846687543
48.59803128242493,-2.0305101213137253,0.0,0.0,0.0,2.0305101213137253
48.618001222610474,-1.9717468109345544,0.0,0.0,0.0,1.9717468109345544
48.637961626052856,-1.8895303568548678,0.0,0.0,0.0,1.8895303568548678
48.6579315662384,-1.7876126008760036,0.0,0.0,0.0,1.7876126008760036
48.67776131629944,-1.6736581212779618,0.0,0.0,0.0,1.6736581212779618
48.697861194610596,-1.578498416236329,0.0,0.0,0.0,1.578498416236329
48.718177795410156,-1.4728195737951226,0.0,0.0,0.0,1.4728195737951226
48.73803973197937,-1.3678061191469764,0.0,0.0,0.0,1.3678061191469764
48.75818920135498,-1.2708225450163664,0.0,0.0,0.0,1.2708225450163664
48.7782940864563,-1.1913464664935125,0.0,0.0,0.0,1.1913464664935125
48.798234939575195,-1.1377067862185215,0.0,0.0,0.0,1.1377067862185215
48.81820344924927,-1.1125776890378591,0.0,0.0,0.0,1.1125776890378591
48.83807897567749,-1.1147316908134983,0.0,0.0,0.0,1.1147316908134983
48.85792088508606,-1.1356325208404856,0.0,0.0,0.0,1.1356325208404856
48.8780779838562,-1.1689268566184055,0.0,0.0,0.0,1.1689268566184055
48.898016929626465,-1.2099131282633944,0.0,0.0,0.0,1.2099131282633944
48.91804909706116,-1.245437695375013,0.0,0.0,0.0,1.245437695375013
48.93783497810364,-1.285939154440433,0.0,0.0,0.0,1.285939154440433
48.95791244506836,-1.3288230386010635,0.0,0.0,0.0,1.3288230386010635
48.97800970077515,-1.3722287648770048,0.0,0.0,0.0,1.3722287648770048
48.99778890609741,-1.4148523153608166,0.0,0.0,0.0,1.4148523153608166
49.017887115478516,-1.4558094647157442,0.0,0.0,0.0,1.4558094647157442
49.03789210319519,-1.4945302919137382,0.0,0.0,0.0,1.4945302919137382
49.057870626449585,-1.5306779326123032,0.0,0.0,0.0,1.5306779326123032
49.077905893325806,-1.5640861620186544,0.0,0.0,0.0,1.5640861620186544
49.09801506996155,-1.5947116220961226,0.0,0.0,0.0,1.5947116220961226
49.11802673339844,-1.622597437260532,0.0,0.0,0.0,1.622597437260532
49.137964487075806,-1.6468067675050055,0.0,0.0,0.0,1.6468067675050055
49.15819478034973,-1.6688635909205949,0.0,0.0,0.0,1.6688635909205949
49.178080797195435,-1.6888441345065623,0.0,0.0,0.0,1.6888441345065623
49.19794487953186,-1.7068560334438938,0.0,0.0,0.0,1.7068560334438938
49.21814274787903,-1.7230259088221769,0.0,0.0,0.0,1.7230259088221769
49.237995862960815,-1.7374902379332997,0.0,0.0,0.0,1.7374902379332997
49.25808358192444,-1.7503887519466212,0.0,0.0,0.0,1.7503887519466212
49.27804136276245,-1.7618597631564652,0.0,0.0,0.0,1.7618597631564652
49.2982873916626,-1.7720369558196425,0.0,0.0,0.0,1.7720369558196425
49.318175315856934,-1.7810472783597144,0.0,0.0,0.0,1.7810472783597144
49.33818554878235,-1.7890096562943674,0.0,0.0,0.0,1.7890096562943674
49.358234167099,-1.795922772560606,0.0,0.0,0.0,1.795922772560606
49.378276109695435,-1.8020364377466693,0.0,0.0,0.0,1.8020364377466693
49.398247718811035,-1.8074336968135163,0.0,0.0,0.0,1.8074336968135163
49.41799998283386,-1.8121911113418265,0.0,0.0,0.0,1.8121911113418265
49.438026666641235,-1.8163787221120327,0.0,0.0,0.0,1.8163787221120327
49.45818018913269,-1.8200601949053359,0.0,0.0,0.0,1.8200601949053359
49.47814726829529,-1.823293089742905,0.0,0.0,0.0,1.823293089742905
49.49818563461304,-1.826129208780576,0.0,0.0,0.0,1.826129208780576
49.5181725025177,-1.8286149896768757,0.0,0.0,0.0,1.8286149896768757
49.53804659843445,-1.8307919201853398,0.0,0.0,0.0,1.8307919201853398
49.558162450790405,-1.8326819864510762,0.0,0.0,0.0,1.8326819864510762
49.578174352645874,-1.834337960103399,0.0,0.0,0.0,1.834337960103399
49.598161697387695,-1.8357876946331249,0.0,0.0,0.0,1.8357876946331249
49.61814761161804,-1.8370559719285038,0.0,0.0,0.0,1.8370559719285038
49.638208866119385,-1.8381647872825417,0.0,0.0,0.0,1.8381647872825417
49.65816283226013,-1.8391336207926712,0.0,0.0,0.0,1.8391336207926712
49.67798042297363,-1.8399796921565135,0.0,0.0,0.0,1.8399796921565135
49.69817543029785,-1.8407181972200573,0.0,0.0,0.0,1.8407181972200573
49.71812200546265,-1.8413625256174095,0.0,0.0,0.0,1.8413625256174095
49.738022327423096,-1.8419244595413733,0.0,0.0,0.0,1.8419244595413733
49.75808882713318,-1.8424143541693818,0.0,0.0,0.0,1.8424143541693818
49.77802348136902,-1.8428396931891893,0.0,0.0,0.0,1.8428396931891893
49.79803538322449,-1.8432105907864438,0.0,0.0,0.0,1.8432105907864438
49.8180148601532,-1.843533899470868,0.0,0.0,0.0,1.843533899470868
49.83795237541199,-1.8438156330621998,0.0,0.0,0.0,1.8438156330621998
49.85783767700195,-1.844061064348989,0.0,0.0,0.0,1.844061064348989
49.877959966659546,-1.8442748124502744,0.0,0.0,0.0,1.8442748124502744
49.898043394088745,-1.8444609207226748,0.0,0.0,0.0,1.8444609207226748
49.91799187660217,-1.844622926047279,0.0,0.0,0.0,1.844622926047279
49.937941551208496,-1.844763920303071,0.0,0.0,0.0,1.844763920303071
49.957958698272705,-1.8448866047931456,0.0,0.0,0.0,1.8448866047931456
49.9781277179718,-1.8449933383416774,0.0,0.0,0.0,1.8449933383416774
49.99794006347656,-1.8450861797271305,0.0,0.0,0.0,1.8450861797271305
50.01798868179321,-1.8451667869883095,0.0,0.0,0.0,1.8451667869883095
50.0379102230072,-1.8452369103453443,0.0,0.0,0.0,1.8452369103453443
50.05812120437622,-1.8452979036941612,0.0,0.0,0.0,1.8452979036941612
50.07807230949402,-1.8453509480447634,0.0,0.0,0.0,1.8453509480447634
50.09807467460632,-1.8453970731985843,0.0,0.0,0.0,1.8453970731985843
50.11808443069458,-1.845437176790236,0.0,0.0,0.0,1.845437176790236
50.1378870010376,-1.845472040996781,0.0,0.0,0.0,1.845472040996781
50.1580286026001,-1.845502347186533,0.0,0.0,0.0,1.845502347186533
50.17801022529602,-1.8455286887506324,0.0,0.0,0.0,1.8455286887506324
50.19799542427063,-1.8455515823342383,0.0,0.0,0.0,1.8455515823342383
50.21807360649109,-1.8455714591280252,0.0,0.0,0.0,1.8455714591280252
50.2379035949707,-1.8455887351999685,0.0,0.0,0.0,1.8455887351999685
50.258018255233765,-1.8456037495523874,0.0,0.0,0.0,1.8456037495523874
50.27798366546631,-1.845616797257035,0.0,0.0,0.0,1.845616797257035
50.29804754257202,-1.8456281350957682,0.0,0.0,0.0,1.8456281350957682
50.31803870201111,-1.8456379864875723,0.0,0.0,0.0,1.8456379864875723
50.33789086341858,-1.845646545790053,0.0,0.0,0.0,1.845646545790053
50.3577663898468,-1.8456539820530744,0.0,0.0,0.0,1.8456539820530744
50.37803101539612,-1.845660442292949,0.0,0.0,0.0,1.845660442292949
50.39794421195984,-1.8456660543473162,0.0,0.0,0.0,1.8456660543473162
50.41807246208191,-1.845670929363537,0.0,0.0,0.0,1.845670929363537
50.43785905838013,-1.8456751639669535,0.0,0.0,0.0,1.8456751639669535
50.45799493789673,-1.8456788405577542,0.0,0.0,0.0,1.8456788405577542
50.47802519798279,-1.8456820342596505,0.0,0.0,0.0,1.8456820342596505
50.4980411529541,-1.8456848083866921,0.0,0.0,0.0,1.8456848083866921
50.51803970336914,-1.845687217973429,0.0,0.0,0.0,1.845687217973429
50.537901878356934,-1.8456893108532042,0.0,0.0,0.0,1.8456893108532042
50.557981729507446,-1.8456911285968989,0.0,0.0,0.0,1.8456911285968989
50.578107833862305,-1.845692707330016,0.0,0.0,0.0,1.845692707330016
50.59805703163147,-1.845694078443721,0.0,0.0,0.0,1.845694078443721
50.618022441864014,-1.8456952692134907,0.0,0.0,0.0,1.8456952692134907
50.637943983078,-1.8456963033372822,0.0,0.0,0.0,1.8456963033372822
50.65790629386902,-1.8456972014036208,0.0,0.0,0.0,1.8456972014036208
50.67792987823486,-1.8456979811277447,0.0,0.0,0.0,1.8456979811277447
50.69802784919739,-1.845698658275065,0.0,0.0,0.0,1.845698658275065
50.71804738044739,-1.8456992463283997,0.0,0.0,0.0,1.8456992463283997
50.73796844482422,-1.8456997570007128,0.0,0.0,0.0,1.8456997570007128
50.7579026222229,-1.8457002004669685,0.0,0.0,0.0,1.8457002004669685
50.77815294265747,-1.845700585565706,0.0,0.0,0.0,1.845700585565706
50.797950983047485,-1.845700919974272,0.0,0.0,0.0,1.845700919974272
50.81777739524841,-1.8457012103611345,0.0,0.0,0.0,1.8457012103611345
50.837924003601074,-1.8457014625182688,0.0,0.0,0.0,1.8457014625182688
50.857861042022705,-1.8457016814762075,0.0,0.0,0.0,1.8457016814762075
50.87813401222229,-1.8457018716040219,0.0,0.0,0.0,1.8457018716040219
50.89799165725708,-1.8457020366778445,0.0,0.0,0.0,1.8457020366778445
50.917853355407715,-1.8457021800175053,0.0,0.0,0.0,1.8457021800175053
50.93786144256592,-1.8457023044833412,0.0,0.0,0.0,1.8457023044833412
50.95803713798523,-1.8457024125595036,0.0,0.0,0.0,1.8457024125595036
50.97795867919922,-1.845702506403384,0.0,0.0,0.0,1.845702506403384
50.99788308143616,-1.8457025878885545,0.0,0.0,0.0,1.8457025878885545
51.018566846847534,-1.845702658642074,0.0,0.0,0.0,1.845702658642074
51.03808665275574,-1.8457027200768972,0.0,0.0,0.0,1.8457027200768972
51.058255672454834,-1.8457027734200282,0.0,0.0,0.0,1.8457027734200282
51.078253507614136,-1.8457028197369754,0.0,0.0,0.0,1.8457028197369754
51.098430156707764,-1.8457028599505316,0.0,0.0,0.0,1.8457028599505316
51.1183021068573,-1.8457028948674312,0.0,0.0,0.0,1.8457028948674312
51.1380569934845,-1.8457029251851456,0.0,0.0,0.0,1.8457029251851456
51.15816569328308,-1.8457029515093362,0.0,0.0,0.0,1.8457029515093362
51.178407430648804,-1.8457029743659314,0.0,0.0,0.0,1.8457029743659314
51.19848299026489,-1.8457029942116199,0.0,0.0,0.0,1.8457029942116199
51.21847748756409,-1.8457030114429607,0.0,0.0,0.0,1.8457030114429607
51.23874831199646,-1.8457030264042962,0.0,0.0,0.0,1.8457030264042962
51.25864243507385,-1.8457030393946265,0.0,0.0,0.0,1.8457030393946265
51.27861428260803,-1.845703050673576,0.0,0.0,0.0,1.845703050673576
51.29848909378052,-1.8457030604665785,0.0,0.0,0.0,1.8457030604665785
51.31862449645996,-1.8457030689691136,0.0,0.0,0.0,1.8457030689691136
51.33834266662598,-1.8457030763514959,0.0,0.0,0.0,1.8457030763514959
51.358181953430176,-1.8457030827612806,0.0,0.0,0.0,1.8457030827612806
51.37844920158386,-1.8457030883265886,0.0,0.0,0.0,1.8457030883265886
51.39828872680664,-1.845703093158666,0.0,0.0,0.0,1.845703093158666
51.41849184036255,-1.8457030973541075,0.0,0.0,0.0,1.8457030973541075
51.438443183898926,-1.8457031009967837,0.0,0.0,0.0,1.8457031009967837
51.4584014415741,-1.8457031041595173,0.0,0.0,0.0,1.8457031041595173
0.006762266159057617,-1.845703106905539,-1.4485683094710087e-07,0.0,0.0,1.845702962048708
0.02695465087890625,-1.8457031092897496,-3.901349265781061e-06,0.0,0.02118368074297905,1.8456992079404837
0.046712398529052734,-1.8457031113598177,-1.801656097783843e-05,0.0,0.06194691359996796,1.84568509479884
0.06691098213195801,-1.845703113157132,-4.93134676329878e-05,0.033059798181056976,0.0,1.845653799689499
0.08659958839416504,-1.845703114717606,-0.00010454594960912289,0.016220269724726677,0.029182538390159607,1.8455985687679968
0.10679435729980469,-1.8457031160724722,-0.00019039902444456609,0.08622026972472668,0.017734832130372524,1.8455127170480277
0.1268315315246582,-1.8457031172488199,-0.000313489079286472,0.05017231188714505,0.03970356751233339,1.8453896281695334
0.14664173126220703,-1.8457031182701695,-0.0004803641033392317,0.0,0.0003084847703576088,1.8452227541668302
0.16692185401916504,-1.8457031191569426,-0.0006975039203128747,0.03778772056102753,0.0,1.8450056152366296
0.18677830696105957,-1.8457031199268714,-0.0009713204208714757,0.0,0.0,1.844731799506
0.20682668685913086,-1.8457031205953505,-0.001308157795081553,0.0003168738621752709,0.018772117793560028,1.844394962800269
0.22679662704467773,-1.8457031211757473,-0.0017142927648604795,0.06697029687347822,0.0,1.8439888284108867
0.24670648574829102,-1.845703121679667,-0.0021959348164248783,0.019439947529463097,0.017955170944333076,1.8435071868632422
0.26676177978515625,-1.8457031221171871,-0.002759226432739032,0.02554793396848254,0.08795517094433308,1.8429438956844482
0.28692007064819336,-1.8457031224970561,-0.003410243325963284,0.04671993778902106,0.04980587370693684,1.8422928791710929
0.3068852424621582,-1.8457031228268683,-0.004154994669902444,0.03337520288187079,0.0,1.841548128156966
0.3267059326171875,-1.845703123113222,-0.004999423332454188,0.013764807226834819,0.0,1.8407036997807678
0.3469691276550293,-1.8457031233618435,-0.005949406108057464,0.015419267903780565,0.0,1.8397537172537861
0.36698150634765625,-1.8457031235777046,-0.007010753950140897,0.0,0.0,1.8386923696275637
0.3870229721069336,-1.8457031237651218,-0.008189212203571194,0.0,0.0,1.8375139115615506
0.40697813034057617,-1.8457031239278434,-0.009490460837101542,0.0,0.0,1.8362126630907418
0.4270620346069336,-1.8457031240691233,-0.01092011467582001,0.0009509604424238205,0.0,1.8347830093933033
0.44698405265808105,-1.8457031241917865,-0.012483723633597961,0.0,0.0,1.8332194005581885
0.46684932708740234,-1.8457031242982866,-0.014186772945538459,0.004585495684295893,0.0,1.8315163513527482
0.4870328903198242,-1.845703124390753,-0.016034683400424663,0.0,0.0,1.8296684409903283
0.5069010257720947,-1.845703124471035,-0.018032811573168217,0.05868809297680855,0.0,1.8276703128978666
0.5268383026123047,-1.845703124540738,-0.020186450057257683,0.08794589713215828,0.04140946641564369,1.8255166744834803
0.5470242500305176,-1.8457031246012559,-0.022500827697206932,0.017945897132158273,0.045361556112766266,1.823202296904049
0.5668373107910156,-1.8457031246537996,-0.02498110982100356,0.0,0.009236417710781097,1.820722014832796
0.5869607925415039,-1.8457031246994193,-0.02763239847255724,0.0,0.03564165532588959,1.818070726226862
0.6070802211761475,-1.8457031247390276,-0.0304597326441482,0.024402262642979622,0.015310296788811684,1.8152433920948794
0.6269552707672119,-1.8457031247734166,-0.033468088508875574,0.02239226410165429,0.08484203554689884,1.812235036264541
0.6469197273254395,-1.8457031248032745,-0.03666237965310584,0.0,0.08797586150467396,1.8090407451501687
0.6667811870574951,-1.8457031248291975,-0.040047457308921175,0.0,0.06624649465084076,1.8056556675202764
0.6868252754211426,-1.8457031248517048,-0.04362811058656791,0.018627293407917023,0.030400056391954422,1.802075014265137
0.7070088386535645,-1.845703124871246,-0.04740906670690491,0.0,0.0,1.7982940581643412
0.7269933223724365,-1.8457031248882123,-0.051394991233852,0.05488476902246475,0.06325823813676834,1.7943081336543603
0.7470681667327881,-1.845703124902943,-0.055590488306838305,0.06722877081483603,0.08751236461102962,1.7901126365961046
0.7667551040649414,-1.8457031249157325,-0.06000010087325075,0.06375403609126806,0.08180070202797651,1.7857030240424818
0.7870388031005859,-1.8457031249268365,-0.06462831092088234,0.09871623944491148,0.05251351464539766,1.7810748140059542
0.8070476055145264,-1.8457031249364777,-0.06947953971038075,0.0791811952367425,0.013537497259676456,1.776223585226097
0.8269431591033936,-1.8457031249448481,-0.07455814800769646,0.07081931550055742,0.0,1.7711449769371517
0.8469607830047607,-1.8457031249521156,-0.07986843631653145,0.11304347310215235,0.03510083258152008,1.7658346886355842
0.8670375347137451,-1.8457031249584255,-0.08541464511078746,0.07476180884987116,0.03949540155008435,1.760288479847638
0.8868508338928223,-1.845703124963904,-0.0912009550670142,0.07008793996647,0.07907195435836911,1.75450216989689
0.9068648815155029,-1.8457031249686604,-0.0972314872968583,0.08948280150070786,0.06579269422218204,1.7484716376718021
0.9266965389251709,-1.84570312497279,-0.10351030357951105,0.07475703628733754,0.060585676692426205,1.742192821393279
0.9467039108276367,-1.8457031249763758,-0.11004140659415726,0.07015679171308875,0.022118489257991314,1.7356617183822185
0.9667418003082275,-1.8457031249794886,-0.11682874015242353,0.08264744048938155,0.017860478721559048,1.7288743848270651
0.9868769645690918,-1.8457031249821914,-0.12387618943082655,0.08113665890414268,0.055981255136430264,1.721826935551365
1.0068488121032715,-1.8457031249845381,-0.1311875812032218,0.1318442375632003,0.12598125513643027,1.7145155437813164
1.026944875717163,-1.8457031249865758,-0.13876668407325166,0.11524124455172569,0.09069030236452819,1.7069364409133243
1.0470097064971924,-1.8457031249883447,-0.14661720870679365,0.07088226836640388,0.02069030236452818,1.699085916281551
1.0668973922729492,-1.8457031249898803,-0.15474280806440954,0.09854381543118507,0.036354525946080685,1.6909603169254708
1.0867857933044434,-1.845703124991214,-0.16314707763379305,0.02854381543118506,0.06039931904524565,1.6825560473574208
1.1069903373718262,-1.8457031249923714,-0.17183355566221842,0.048762279045768075,0.0740029001608491,1.673869569330153
1.1270081996917725,-1.8457031249933766,-0.1808057233889892,0.08455258835572749,0.04841880779713392,1.6648974016043874
1.1467616558074951,-1.8457031249942493,-0.19006700527788606,0.01455258835572748,0.07248347159475088,1.6556361197163632
1.1669104099273682,-1.845703124995007,-0.19962076924961575,0.060967026990838336,0.060693410225212574,1.6460823557453914
1.1867952346801758,-1.845703124995665,-0.20947032691425904,0.014759539407677935,0.027134732343256474,1.636232798081406
1.2069430351257324,-1.8457031249962363,-0.21961893380371927,0.06690213714260607,0.0,1.626084191192517
1.2269721031188965,-1.8457031249967322,-0.2300697896041712,0.0017704356135800348,0.02993823029100895,1.615633335392561
1.2467732429504395,-1.8457031249971627,-0.24082603838850872,0.05897720415610819,0.027460325974971056,1.604877086608654
1.2670223712921143,-1.8457031249975364,-0.25189076884879336,0.07480349276680498,0.010320509318262339,1.5938123561487432
1.2867722511291504,-1.8457031249978608,-0.2632670145287034,0.07263407089281826,0.04203855851665139,1.5824361104691573
1.306729793548584,-1.8457031249981426,-0.2749577540559813,0.13070787840057163,0.011317521799355745,1.5707453709421613
1.3268253803253174,-1.8457031249983875,-0.286965911374883,0.11833760120440273,0.02196035021916032,1.5587372136235045
1.3466668128967285,-1.8457031249985998,-0.2992943559786254,0.07090892248321323,0.0,1.5464087690199744
1.366947889328003,-1.8457031249987843,-0.31194590314183573,0.0113013906078413,0.009588414803147316,1.5337572218569486
1.386683702468872,-1.8457031249989446,-0.3249233141529993,0.031716543962247656,0.0031852610409259796,1.5207798108459454
1.4068183898925781,-1.8457031249990836,-0.3382292965469079,0.052801793222315596,0.06705423071980476,1.5074738284521758
1.4269089698791504,-1.8457031249992046,-0.35186650433710853,0.0677994878636673,0.0928888339549303,1.493836620662096
1.4466309547424316,-1.8457031249993094,-0.36583753824835186,0.02683638945687561,0.1579130981117487,1.4798655867509576
1.466681718826294,-1.8457031249994005,-0.38014494594903997,0.09683638945687562,0.1097277533262968,1.4655581790503605
1.4865705966949463,-1.8457031249994797,-0.3947912222836758,0.02683638945687561,0.1035736002959311,1.450911902715804
1.5067901611328125,-1.8457031249995481,-0.4097788095053105,0.001429110546596335,0.0773857799358666,1.4359243154942376
1.5269882678985596,-1.8457031249996076,-0.42511009750799256,0.0602261533634737,0.01720720576122403,1.420593027491615
1.546673059463501,-1.8457031249996594,-0.44078742405921567,0.0,0.0,1.4049157009404438
1.566770315170288,-1.8457031249997042,-0.45681307503236784,0.008748488500714302,0.0,1.3888900499673364
1.5867443084716797,-1.8457031249997433,-0.47318928463917925,0.0,0.0,1.3725138403605641
1.6066310405731201,-1.845703124999777,-0.48991823566217046,0.0005227979854680598,0.0,1.3557848893376065
1.6266729831695557,-1.8457031249998064,-0.5070020596871012,0.019910620583686978,0.0,1.3387010653127052
1.6468336582183838,-1.845703124999832,-0.5244428373354193,0.05856454937020317,0.0,1.3212602876644126
1.6667017936706543,-1.8457031249998541,-0.5422425984967074,0.08100595703581348,0.0,1.3034605265031467
1.686589002609253,-1.8457031249998732,-0.5604033225611338,0.08556738175684586,0.0,1.2852998024387394
1.7068045139312744,-1.8457031249998899,-0.5789269386518987,0.05405239440733567,0.020595461130142212,1.2667761863479912
1.7268691062927246,-1.8457031249999043,-0.5978153258576835,0.023566475661937147,0.01956204976886511,1.2478877991422208
1.7469089031219482,-1.845703124999917,-0.6170703134650991,0.0,0.004868301562964916,1.2286328115348177
1.76705002784729,-1.8457031249999278,-0.636693681191134,0.0,0.004646959452657029,1.2090094438087937
1.786756992340088,-1.8457031249999374,-0.6566871594156043,0.004442945588380098,0.004665736254537478,1.189015965584333
1.8068962097167969,-1.8457031249999456,-0.6770524294135996,0.0,0.022577090334380046,1.168650695586346
1.8267848491668701,-1.8457031249999527,-0.6977911235879329,0.0,0.0,1.1479120014120197
1.8468544483184814,-1.8457031249999591,-0.718904825701589,0.025399785488843918,0.0,1.12679829929837
1.8669521808624268,-1.8457031249999643,-0.7403950711101721,0.05286698415875435,0.0,1.1053080538897921
1.886953592300415,-1.8457031249999691,-0.7622633469943559,0.04772146791219711,0.03006068244576454,1.083439778005613
1.9069108963012695,-1.8457031249999731,-0.7845110925923293,0.024303918704390526,0.006891762837767601,1.0611920324076438
1.9270617961883545,-1.8457031249999767,-0.8071396994322482,0.020330530125647783,0.009756405837833881,1.0385634255677285
1.947040319442749,-1.8457031249999798,-0.83015051156468,0.01559825660660863,0.016673822421580553,1.0155526134353
1.9670896530151367,-1.8457031249999827,-0.853544825795056,0.0,0.04162806132808328,0.9921582992049267
1.986867904663086,-1.845703124999985,-0.8773238919161159,0.03405863791704178,0.06817880691960454,0.968379233083869
2.006869316101074,-1.845703124999987,-0.90148891294036,0.019316192716360092,0.029245216865092516,0.9442142120596269
2.026899576187134,-1.8457031249999885,-0.9260410453324954,0.026476682163774967,0.0,0.919662079667493
2.0467119216918945,-1.8457031249999902,-0.9509813992418834,0.01920142024755478,0.0,0.8947217257581068
2.0669426918029785,-1.8457031249999913,-0.9763110387349907,0.0,0.0,0.8693920862650006
2.0867533683776855,-1.8457031249999925,-1.0020309820278355,0.0,0.0,0.843672142972157
2.106409788131714,-1.8457031249999933,-1.0281422017184385,0.07,0.05048219487071037,0.8175609232815548
2.1264219284057617,-1.8457031249999942,-1.0546456250192677,0.08587273739278317,0.05034292129857931,0.7910574999807265
2.1470751762390137,-1.845703124999995,-1.0815421339896891,0.1065507658571005,0.036298592705861665,0.7641609910103058
2.166916847229004,-1.8457031249999958,-1.108832565768415,0.07207457132637501,0.025056130383745767,0.7368705592315807
2.186830997467041,-1.8457031249999962,-1.1365177128059518,0.07740736536681653,0.0,0.7091854121940444
2.206902503967285,-1.8457031249999964,-1.1645983230970496,0.055485866665840156,0.007207744754850864,0.6811048019029469
2.2270076274871826,-1.845703124999997,-1.193075100413149,0.02629431866109372,0.03518086951225996,0.6526280245868479
2.2469377517700195,-1.8457031249999973,-1.22194870453483,0.013798935040831573,0.02348481211811304,0.6237544204651673
2.266810894012451,-1.8457031249999978,-1.2512197514842611,0.00700327584519983,0.04296830762177706,0.5944833735157367
2.286684274673462,-1.845703124999998,-1.280888813757647,0.001359436362981803,0.009556164033710957,0.5648143112423509
2.306589365005493,-1.8457031249999984,-1.3109564205576762,0.0,0.05590574163943529,0.5347467044423222
2.3268980979919434,-1.8457031249999984,-1.3414230580259734,0.012659483589231968,0.0,0.504280066974025
2.3468806743621826,-1.8457031249999984,-1.3722891694755415,0.05205551255494356,0.0,0.473413955524457
2.366910696029663,-1.8457031249999984,-1.4035551556232164,0.03364317584782839,0.01687096804380417,0.442147969376782
2.3871006965637207,-1.8457031249999984,-1.4352213748221097,0.05372157786041498,0.00681062787771225,0.4104817501778888
2.4067728519439697,-1.8457031249999984,-1.467288143294061,0.0358399273827672,0.0,0.37841498170593746
2.4266135692596436,-1.8457031249999984,-1.4997557353620863,0.10583992738276721,0.07,0.34594738963791216
2.447324752807617,-1.8457031249999984,-1.532624383682824,0.11505585227161647,0.03866627037525178,0.3130787413171745
2.466540813446045,-1.8457031249999984,-1.565894279478985,0.11501260795223062,0.05940745927393437,0.2798088455210135
2.4868483543395996,-1.8457031249999984,-1.5995655727717994,0.0884946970694,0.061706851171329624,0.246137552228199
2.5067646503448486,-1.8457031249999984,-1.6336383726134676,0.06967993587779348,0.09436722372658551,0.21206475238653089
2.526684284210205,-1.8457031249999984,-1.668112747319608,0.03629158944415395,0.05943927814252675,0.17759037768039043
2.54671573638916,-1.8457031249999984,-1.7029887247017026,0.08983029187249486,0.004998269425705082,0.14271440029829585
2.5673375129699707,-1.8457031249999984,-1.7382662922995482,0.0772550668992335,0.03878790040500463,0.10743683270045024
2.586735486984253,-1.8457031249999984,-1.7739453976137052,0.10041872453468387,0.06960088660009206,0.07175772738629327
2.6064717769622803,-1.8457031249999984,-1.8100259483379435,0.08510740887897555,0.053666095184162266,0.035677176662054944
2.6266324520111084,-1.8457031249999984,-1.8465078125916918,0.15510740887897556,0.0841965572256595,-0.0008046875916933871
2.646991729736328,-1.8457031249999984,-1.8833908191524893,0.1552215759153478,0.11287575860507787,-0.03768769415249085
2.667334794998169,-1.8457031249999984,-1.920674757688428,0.10641271811677144,0.11364559351233766,-0.07497163268842955
2.686981439590454,-1.8457031249999984,-1.958359378990607,0.09563381881220268,0.04859160898951814,-0.11265625399060863
2.7068843841552734,-1.8457031249999984,-1.9964443952055766,0.0909689139085822,0.0,-0.15074127020557815
2.7267227172851562,-1.8457031249999984,-2.034929480067788,0.032674815084319575,0.0,-0.18922635506778973
2.7466964721679688,-1.8457031249999984,-2.0738142691320443,0.002166963692288859,0.007199409883469343,-0.2281111441320458
2.766756296157837,-1.8457031249999984,-2.113098360005946,0.0,0.03077882109209895,-0.2673952350059474
2.7869184017181396,-1.8457031249999984,-2.152781312582338,0.014518496580421925,0.06573739228770137,-0.3070781875823394
2.8068089485168457,-1.8457031249999984,-2.192862649271763,0.030810696072876453,0.03370895562693477,-0.34715952427176444
2.826786994934082,-1.8457031249999984,-2.2333418552349036,0.0,0.0,-0.38763873023490514
2.847010612487793,-1.8457031249999984,-2.274218378615039,0.0,0.05789455771446228,-0.4285152536150407
2.8668859004974365,-1.8457031249999984,-2.315491630770484,0.010915602557361126,0.0,-0.4697885057704856
2.886861801147461,-1.8457031249999984,-2.357160986507045,0.03420812916010618,0.0,-0.5114578615070464
2.906796455383301,-1.8457031249999984,-2.3992257843104636,0.048422095365822315,0.0,-0.5535226593104652
2.926953077316284,-1.8457031249999984,-2.441685326578866,0.06465624738484621,0.004542776383459568,-0.5959822015788674
2.9469799995422363,-1.8457031249999984,-2.4845388798552133,0.0021917568519711494,0.0,-0.6388357548552148
2.966967821121216,-1.8457031249999984,-2.5277856750597505,0.026914133690297604,0.0,-0.682082550059752
2.986908435821533,-1.8457031249999984,-2.5714249077224505,0.03205732209607959,0.04030919820070267,-0.725721782722452
3.006831407546997,-1.8457031249999984,-2.6154557382154655,0.09594403905794024,0.06410228833556175,-0.7697526132154671
3.0270495414733887,-1.8457031249999984,-2.6598772919855773,0.1457759472541511,0.07468771003186703,-0.8141741669855789
3.0468590259552,-1.8457031249999984,-2.70468865978664,0.2157759472541511,0.0785258945543319,-0.8589855347866415
3.0669054985046387,-1.8457031249999984,-2.7498888979120344,0.21042338728904725,0.12919956934638321,-0.904185772912036
3.0867667198181152,-1.8457031249999984,-2.7954770284271135,0.15955366164445878,0.05919956934638321,-0.9497739034271151
3.1069223880767822,-1.8457031249999984,-2.8414520394016494,0.13667648814618588,0.06719972991384565,-0.9957489144016509
3.1267175674438477,-1.8457031249999984,-2.8878128851422877,0.13206669192761183,0.01831912302412092,-1.0421097601422893
3.1468396186828613,-1.8457031249999984,-2.9345584864249865,0.10133711498230696,0.01672483451664447,-1.088855361424988
3.1667706966400146,-1.8457031249999984,-2.981687730727474,0.04338821645826102,0.0,-1.1359846057274756
3.1869120597839355,-1.8457031249999984,-3.029199472461691,0.09381583582609893,0.0,-1.1834963474616924
3.2068347930908203,-1.8457031249999984,-3.077092533206241,0.08101517863571644,0.04640384390950203,-1.2313894082062424
3.2269041538238525,-1.8526521692524687,-3.1253657019388426,0.011015178635716438,0.015338387340307236,-1.2727135326863739
3.2466914653778076,-1.8897245712176873,-3.174017735268772,0.05294422619044781,0.0,-1.2842931640510848
3.2668864727020264,-1.986120946000082,-3.2230473576693086,0.012338196858763695,0.0,-1.2369264116692267
3.28678560256958,-2.1605599922473995,-3.2724532617101976,0.04987959377467632,0.0,-1.111893269462798
3.3068859577178955,-2.412404804885481,-3.322234108290082,0.045773189049214125,0.0,-0.9098293034046012
3.32692813873291,-2.7252748928628656,-3.372388526868961,0.03439107025042176,0.042841002345085144,-0.6471136340060952
3.3466875553131104,-3.0722862845907817,-3.4229151157006346,0.08111724117770791,0.0020776279270648956,-0.3506288311098529
3.366913080215454,-3.4338661092251335,-3.4738124420651557,0.15111724117770792,0.0296641793102026,-0.03994633284002225
3.3869612216949463,-3.7477989445439874,-3.525079042501273,0.12705157527700067,0.0,0.2227199020427144
3.407026529312134,-4.068599987025417,-3.576713423038881,0.057051575277000666,0.052110496908426285,0.49188656398653574
3.4268035888671875,-4.385716874364711,-3.628714059431474,0.0,0.034182965755462646,0.7570028149332368
3.446683168411255,-4.6919172377851845,-3.681079397388588,0.0,0.04171996470540762,1.0108378403965967
3.4668099880218506,-4.9824653193364705,-3.7338078528082503,0.0,0.006889629177749157,1.2486574665282202
3.4866411685943604,-5.254484268474572,-3.7868978120094314,0.0,0.0,1.4675864564651406
3.5068159103393555,-5.506464214442234,-3.8403476319644856,0.0,0.0208809282630682,1.6661165824777484
3.526883840560913,-5.737884556366796,-3.894155640531611,0.018965037539601326,0.0,1.8437289158351855
3.5468318462371826,-5.948925541253138,-3.948320136687288,0.0,0.0,2.0006054045658503
3.5669147968292236,-6.140249460932099,-4.00283939075873,0.0,0.01046677678823471,2.1374100701733685
3.586939811706543,-6.312835971503746,-4.057711644656338,0.0,0.0,2.2551243268474073
3.6069211959838867,-6.462679986324912,-4.112935112106139,0.0,0.0,2.349744874218773
3.6267950534820557,-6.597957744711812,-4.168507978882239,0.03125743940472603,0.0,2.429449765829573
3.646481990814209,-6.719552835564337,-4.224428403039282,0.03339895396493375,0.07,2.4951244325250554
3.6666836738586426,-6.828439587685259,-4.280694515144874,0.04041156801395118,0.0006292310357093878,2.547745072540385
3.6868560314178467,-6.925629677705574,-4.337304418512055,0.029904879396781325,0.0,2.5883252591935193
3.706981658935547,-7.012134060696553,-4.3942561894317365,0.03287486592307687,0.0,2.6178778712648167
3.727062702178955,-7.088936546934702,-4.4515478774051465,0.0,0.0,2.637388669529556
3.747145891189575,-7.156976164238139,-4.5091775053762895,0.0,0.02308010309934616,2.6477986588618494
3.7663631439208984,-7.217136087427611,-4.567143069964386,0.0,0.0,2.649993017463225
3.7870798110961914,-7.270237420946655,-4.6254425416963185,0.0,0.0,2.6447948792503366
3.8070075511932373,-7.317036516249448,-4.684073865239095,0.02463744394481182,0.0,2.632962651010353
3.827129364013672,-7.357668685628976,-4.743034959632278,0.06345568411052227,0.0,2.614633725996698
3.846458673477173,-7.3935027019129365,-4.802323718520442,0.0,0.0,2.5911789833924948
3.8669357299804688,-7.425059613288638,-4.861938010385629,0.0,0.0,2.563121602903009
3.8869197368621826,-7.452814052272897,-4.921875678779786,0.0,0.01640184037387371,2.530938373493111
3.907036304473877,-7.477195903076844,-4.982134542557211,0.0,0.0,2.4950613605196326
3.92671275138855,-7.498592639061709,-5.042712396107017,0.0,0.0,2.4558802429546915
3.94673490524292,-7.5173520640233145,-5.103607009585566,0.012482905760407448,0.0,2.413745054437748
3.967047929763794,-7.533785261721791,-5.164816129148922,0.0018070898950099945,0.0,2.368969132572869
3.986865997314453,-7.548169612319827,-5.226337477185304,0.0,0.0387810617685318,2.3218321351345237
4.006670713424683,-7.56075177579636,-5.288168752547523,0.03700438141822815,0.07683165371417999,2.2725830232488375
4.026673793792725,-7.571750573794499,-5.350307630785444,0.0,0.006831653714179986,2.2214429430090545
4.046748161315918,-7.581300011029129,-5.412751764378424,0.06998298317193985,0.003769061360508197,2.1685482466507056
4.0668206214904785,-7.589650790188887,-5.475498782967763,0.11047849804162979,0.031285728160291904,2.114152007221125
4.086702346801758,-7.5969489210160575,-5.5385462935891665,0.11187105299904943,0.0,2.058402627426891
4.10670018196106,-7.603323561454457,-5.601891880905161,0.18187105299904943,0.0,2.0014316805492953
4.126715898513794,-7.608888760574672,-5.66553310743758,0.18741736019030214,0.0,1.9433556531370924
4.1467180252075195,-7.613745067368561,-5.7294675137999835,0.12950002977624536,0.0,1.8842775535685776
4.166775941848755,-7.6179810039795655,-5.793692618930123,0.12414360575377942,0.0,1.8242883850494422
4.186804294586182,-7.621674405945957,-5.8582059203223835,0.07201444886624814,0.06183512508869171,1.7634684856235738
4.206628084182739,-7.624893634751905,-5.923004894260235,0.015703135803341872,0.0,1.70188874049167
4.22715163230896,-7.6276986697294005,-5.988086996048677,0.033143588975071914,0.0,1.6396116736807231
4.246899366378784,-7.630142087382692,-6.053449660246691,0.0,0.0,1.5766924271360017
4.2669830322265625,-7.632263524972695,-6.119090300899681,0.0,0.0,1.5131732240730136
4.286897659301758,-7.634111822987117,-6.185006311771936,0.0,0.0,1.4491055112151816
4.306931734085083,-7.633405343817098,-6.251195066579066,0.02840280905365944,0.021535005420446396,1.3822102772380322
4.326977014541626,-7.63325933369223,-6.317653919220454,0.03978572506457567,0.0,1.3156054144717757
4.346897125244141,-7.633506462476255,-6.38438020401171,0.06362439598888159,0.0,1.2491262584645453
4.366930961608887,-7.634020144797843,-6.451371235917105,0.1024274667724967,0.031273603439331055,1.1826489088807373
4.38671088218689,-7.634705431945818,-6.5186243107820365,0.09106611739844084,0.021973528899252415,1.1160811211637816
4.406558513641357,-7.635491851777053,-6.586136705565466,0.07048437837511301,0.0,1.049355146211587
4.426713466644287,-7.636327790379306,-6.653905678572375,0.14048437837511302,0.033608146011829376,0.9824221118069305
4.446656703948975,-7.637176092677524,-6.721928469686205,0.19531827855855227,0.05066498927772045,0.9152476229913189
4.466646909713745,-7.638010625639997,-6.790202300601302,0.15541952911764384,0.0,0.8478083250386952
4.486870050430298,-7.638735188464655,-6.85872437505539,0.14109055668115617,0.0,0.7800108134092651
4.506590127944946,-7.63944268460717,-6.927491879061995,0.13079696491360665,0.0,0.7119508055451753
4.526775121688843,-7.640119680580679,-6.996501981142892,0.10648024983704091,0.04057890921831131,0.6436176994377876
4.546812057495117,-7.640757649576882,-7.065751832560577,0.08279298961162568,0.09640299156308174,0.5750058170163053
4.566628456115723,-7.641351697593487,-7.135238567550685,0.09549347467720509,0.026402991563081735,0.5061131300428023
4.586725950241089,-7.641899582885053,-7.204959303554466,0.13131934560835362,0.012037400454282754,0.436940279330587
4.607283115386963,-7.6424009649927935,-7.2749111414512155,0.1841964327543974,0.0,0.367489823541578
4.626706600189209,-7.64285683302717,-7.345091165790732,0.18341788503341377,0.0,0.2977656672364377
4.646464824676514,-7.643269073523512,-7.415496445025759,0.20623607973568142,0.07,0.22777262849775237
4.6668524742126465,-7.643640146631461,-7.486124031744435,0.18067966441623867,0.08577166840434075,0.15751611488702633
4.6864728927612305,-7.643972846084951,-7.556970962902747,0.16017658862285317,0.015771668404340744,0.08700188318220459
4.706954002380371,-7.64426170424469,-7.628034260056971,0.13310297991149128,0.0,0.016227444187719264
4.727131128311157,-7.644520917719653,-7.699310929596133,0.15852352458052338,0.0,-0.054790011876479916
4.7464518547058105,-7.6563344494540555,-7.770797962974442,0.16807891095988453,0.0003728979208972305,-0.11446351352038686
4.766853094100952,-7.703658217111455,-7.842492336943746,0.17898376884870232,0.0,-0.13883411983229088
4.7870471477508545,-7.818410100257193,-7.914391013785982,0.13773947807960213,0.0,-0.09598091352878946
4.807204008102417,-8.027931616676408,-7.986490941545623,0.0685009792726487,0.04504700005054474,0.04144067513078564
4.826540470123291,-8.33945061345864,-8.058789054262123,0.018589640436694033,0.0,0.2806615591965169
4.84664511680603,-8.74371753852767,-8.131282272202366,0.08858964043669404,0.0,0.6124352663253045
4.866802453994751,-9.21101633951798,-8.203967502093121,0.15858964043669405,0.0,1.0070488374248594
4.886919021606445,-9.709780237419233,-8.276841637353488,0.08858964043669404,0.07,1.4329386000657447
4.906768560409546,-10.217254306165335,-8.349901558327335,0.09331783522851766,0.0,1.8673527478379999
4.926718473434448,-10.657856249078948,-8.423144132515766,0.16331783522851767,0.0,2.2347121165631822
4.946771860122681,-11.099945719851313,-8.496566214809553,0.10921657671220603,0.0,2.60337950504176
4.9667651653289795,-11.53141717732244,-8.570164647721592,0.045005223052576204,0.04656996577978134,2.9612525296008485
4.987830638885498,-11.94414218618141,-8.64393626161935,0.04436979609541597,0.0,3.300205924562059
5.007230997085571,-12.332968955037117,-8.717877874957317,0.10727083104662599,0.055548179894685745,3.6150910800798
5.026577472686768,-12.694948986012056,-8.791986294509446,0.0445952134113759,0.03594161942601204,3.9029626915026103
5.047066926956177,-13.02874185312203,-8.866258315601597,0.1145952134113759,0.07862811535596848,4.162483537520433
5.066617488861084,-13.334159392426278,-8.940690722344016,0.10366157951764765,0.11008890345692635,4.393468670082262
5.086593151092529,-13.611818737684516,-9.01528028786375,0.0724161746632308,0.04008890345692634,4.596538449820766
5.1065428256988525,-13.862880102180819,-9.090023774537102,0.0024161746632307968,0.0,4.7728563276437175
5.126743316650391,-14.086533986224081,-9.16491793422209,0.02244148756377401,0.0,4.9216160520019905
5.147026538848877,-14.280715998505263,-9.239959508490902,0.030338703459128757,0.0,5.0407564900143615
5.166925668716431,-14.453850577259223,-9.315145228862312,0.04830807521007957,0.0,5.138705348396911
5.1867835521698,-14.607803077260508,-9.390471817034161,0.040279664834961315,0.0,5.217331260226347
5.207059144973755,-14.744374679068715,-9.465935985115792,0.11027966483496132,0.04611320421099663,5.278438693952923
5.226998805999756,-14.865274519167665,-9.541534435860493,0.18027966483496133,0.0978788435459137,5.323740083307172
5.246711730957031,-14.972102757917463,-9.617263862897962,0.14099533497355882,0.10267224721610546,5.354838895019501
5.26634407043457,-15.066341690939607,-9.69312095096674,0.07997263981960717,0.08163185976445675,5.373220739972867
5.286792039871216,-15.14935268157174,-9.769102376146666,0.06161847352050248,0.1165702436119318,5.380250305425074
5.30705451965332,-15.222377217368265,-9.845204806091326,0.1316184735205025,0.1865702436119318,5.3771724112769395
5.326988458633423,-15.286540803238521,-9.921424900260496,0.1078532411064953,0.1165702436119318,5.365115902978026
5.34667706489563,-15.342858722254638,-9.997759310152599,0.1778532411064953,0.11736532865324989,5.345099412102039
5.366625070571899,-15.391755377409185,-10.074204679537143,0.22029853566549723,0.10500527737895027,5.317550697872042
5.386908531188965,-15.43469626627679,-10.15075764468718,0.2277775369677693,0.09801782394060865,5.283938621589609
5.406776189804077,-15.47236869390183,-10.22741483461175,0.19636344910599296,0.08929128391901031,5.24495385929008
5.426924228668213,-15.500756202482112,-10.304172871288317,0.26636344910599297,0.07788564549991861,5.196583331193795
5.446451902389526,-15.510364697853019,-10.381028369895247,0.2299980481062085,0.06272664671996608,5.1293363279577715
5.466950416564941,-15.478880250363892,-10.457977939044236,0.22550514125265186,0.11375875776866451,5.020902311319656
5.486429214477539,-15.387254345250172,-10.535018181012733,0.27306922310031956,0.08886609232285991,4.852236164237439
5.506470441818237,-15.247004759599335,-10.61214569197646,0.2280195855442435,0.03430754697183147,4.634859067622875
5.526427984237671,-15.078994728270944,-10.689357062241783,0.19175003998912876,0.0,4.389637666029161
5.546907663345337,-14.914661505985592,-10.766648876478213,0.14801783272065228,0.06783007085323334,4.148012629507379
5.566390037536621,-14.771983206771045,-10.844017713950823,0.14804116891406016,0.03659910894930363,3.9279654928202223
5.586905002593994,-14.665765038952205,-10.92146014875272,0.07804116891406015,0.0,3.7443048901994853
5.606639623641968,-14.627048650651306,-10.998972750037483,0.12893678532622294,0.0,3.6280759006138226
5.626370429992676,-14.670983264616899,-11.076552082251592,0.17945575253746943,0.07,3.594431182365307
5.646361351013184,-14.787382191366698,-11.15419470536691,0.18642389034561352,0.0,3.6331874859997875
5.666961193084717,-14.953362078021485,-11.23189717511313,0.2059722450160189,0.0,3.7214649029083553
5.686365127563477,-15.149405546598821,-11.309656043210179,0.23054483351937965,0.07,3.839749503388642
5.70693302154541,-15.363480233981987,-11.38746785760072,0.2966951486252947,0.13418540328741074,3.9760123763812665
5.727043867111206,-15.584437137343874,-11.465329162682568,0.30578370583883957,0.18442462727427483,4.119107974661306
5.7469236850738525,-15.804350997491907,-11.543236499541162,0.3757837058388396,0.19727073766291142,4.261114497950745
5.766491651535034,-16.020060921905348,-11.621186406181975,0.38562570953450637,0.23448175720870496,4.398874515723373
5.786591291427612,-16.227165862709352,-11.699175417763014,0.3878371897031321,0.21834637753665448,4.527990444946338
5.80694317817688,-16.406979659955628,-11.777200066827222,0.365913897274877,0.18213056929409505,4.629779593128406
5.826951742172241,-16.58358734743129,-11.855256883534954,0.2983953948010458,0.2504343704134226,4.728330463896336
5.846922397613525,-16.769528093568898,-11.933342395896416,0.36839539480104583,0.31880377389490605,4.836185697672482
5.867082834243774,-16.97789808370595,-12.011453130004117,0.43839539480104583,0.24880377389490604,4.966444953701831
5.88642144203186,-17.205620811056196,-12.089585610265306,0.4962202113558306,0.17880377389490604,5.11603520079089
5.906893491744995,-17.438467614474675,-12.167736359634445,0.4262202113558306,0.2237472630292177,5.27073125484023
5.926916122436523,-17.666420499976176,-12.245901899845627,0.3562202113558306,0.2857183872908354,5.420518600130549
5.9469239711761475,-17.882650143727865,-12.324078751645045,0.3042833502282156,0.24941656954586505,5.55857139208282
5.9669694900512695,-18.08272199587049,-12.402263435023443,0.3742833502282156,0.26181186486035585,5.680458560847047
5.986977815628052,-18.263981741759466,-12.480452469448537,0.39349984486296313,0.2548261078260839,5.783529272310929
6.0068628787994385,-18.42739788554679,-12.558642374097506,0.42001384419098037,0.25707589562051,5.868755511449283
6.026883125305176,-18.56927995379522,-12.636829668089394,0.39709711369767325,0.20257031644694506,5.932450285705826
6.04679536819458,-18.69729903157008,-12.715010870717592,0.36937044483318465,0.27257031644694507,5.982288160852487
6.0667829513549805,-18.809998870252606,-12.793182501682288,0.34077156257524627,0.20257031644694506,6.016816368570318
6.086953401565552,-18.909088073061195,-12.871341081322878,0.35579695102467673,0.22939689743332564,6.037746991738317
6.106974840164185,-18.998428457291972,-12.949483130850453,0.3498240915749921,0.23123398452997207,6.048945326441519
6.1267170906066895,-19.07864294663736,-13.027605172580245,0.3216988892917289,0.23973781179636716,6.051037774057114
6.146949291229248,-19.15040472369051,-13.105703730164036,0.2949463354115142,0.28501335468143224,6.044700993526474
6.1669089794158936,-19.214404138237487,-13.183775328822659,0.3649463354115142,0.35501335468143225,6.030628809414829
6.1870644092559814,-19.271325269965228,-13.26181649557841,0.43494633541151423,0.42501335468143225,6.009508774386818
6.20693039894104,-19.32182981462508,-13.33982375948753,0.46469325341924567,0.35501335468143225,5.98200605513755
6.2271928787231445,-19.364230133519523,-13.417793651872598,0.5346932534192457,0.3546959180093836,5.946436481646925
6.246839284896851,-19.401043172915227,-13.49572270655503,0.5417834964644863,0.32931652103434317,5.905320466360196
6.266533136367798,-19.420264240202123,-13.573607460087523,0.5167415903013899,0.30692053397069685,5.8466567801146
6.286848545074463,-19.408228914166124,-13.651444451986464,0.5727689617377474,0.3267143107659649,5.75678446217966
6.306871652603149,-19.349320869986165,-13.729230224964418,0.589407540584798,0.2567143107659649,5.620090645021747
6.32694935798645,-19.240877683890858,-13.806961325162593,0.5414091830205872,0.3097316103882622,5.433916358728265
6.34678316116333,-19.091620974184682,-13.884634302383203,0.5666347720724298,0.32551921558449975,5.206986671801479
6.366943359375,-18.91794963463125,-13.962245710322021,0.5381501481932356,0.25551921558449975,4.955703924309228
6.386855602264404,-18.731897460805683,-14.039792106800753,0.5201557089638664,0.2696005223400425,4.69210535400493
6.407036304473877,-18.542149187124423,-14.117270053999526,0.5673720610392048,0.31240933817694894,4.424879133124897
6.426902770996094,-18.354834470428205,-14.194676118689319,0.5675497780356091,0.30511331102694383,4.160158351738886
6.447016716003418,-18.176463062318753,-14.272006872464399,0.6051172743353528,0.25998289055074564,3.904456189854354
6.467005491256714,-18.021596451759816,-14.349258891974815,0.6090816854301375,0.2414323902770411,3.672337559785001
6.486892461776733,-17.874545315578633,-14.426428759158789,0.6276629361126107,0.19631548887933603,3.448116556419844
6.506667852401733,-17.741430868151383,-14.503513061475221,0.6246301817044151,0.229797690276755,3.237917806676162
6.5272345542907715,-17.628453833293523,-14.580508392136093,0.579947079186095,0.299797690276755,3.047945441157431
6.546849250793457,-17.550972133439874,-14.657411350338917,0.5862477096996737,0.3041156640171539,2.8935607831009573
6.566760540008545,-17.52335030126726,-14.734218541499244,0.6562477096996737,0.25022172163124196,2.7891317597680167
6.587035179138184,-17.554251608471347,-14.81092657748302,0.6564792762621074,0.2820272778987419,2.743325030988327
6.607250213623047,-17.63888563053089,-14.887532076839117,0.6472968147246867,0.25363185423309914,2.7513535536917733
6.6270294189453125,-17.75861082384987,-14.964031665031719,0.6857142471818953,0.29446778985555283,2.794579158818152
6.647083520889282,-17.899554313064904,-15.04042197467284,0.6736206351889997,0.3104548787593376,2.8591323383920635
6.666871547698975,-18.05152106457648,-15.116699645754672,0.7,0.3006375849142205,2.9348214188218087
6.687013626098633,-18.183462478134246,-15.19286132588215,0.6992237004335038,0.2829277913912665,2.990601152252095
6.706735849380493,-18.321694194582893,-15.268903670505306,0.7,0.3121448762610089,3.0527905240775866
6.7267162799835205,-18.460651950085754,-15.344823343151766,0.7,0.2834297872975003,3.115828606933988
6.746536731719971,-18.596451781220374,-15.420617015659197,0.7,0.31817296965862624,3.175834765561177
6.766660928726196,-18.72647918978344,-15.496281368407704,0.6522123895585537,0.28057623728062026,3.230197821375736
6.787313461303711,-18.849070328085404,-15.57181309055238,0.6613231355324387,0.3260203868045937,3.277257237533023
6.8070127964019775,-18.963265502203654,-15.647208880255658,0.7,0.2560203868045937,3.3160566219479968
6.826907157897949,-19.066303054185493,-15.72246544491978,0.6591866172850132,0.2542740044731181,3.3438376092657123
6.84704327583313,-19.158875196506646,-15.797579501419301,0.649895167723298,0.2583383786107879,3.3612956950873443
6.8671135902404785,-19.241738541162416,-15.872547776333471,0.6903763253241777,0.2691930652211886,3.3691907648289448
6.886825799942017,-19.317990838449184,-15.947367006178691,0.6511316400021314,0.28763650623965076,3.3706238322704927
6.906552314758301,-19.384195029767156,-16.02203393764105,0.6929071199148893,0.22763672364759258,3.3621610921261045
6.926717519760132,-19.445121779626668,-16.096545327808602,0.6229071199148892,0.22882779558072797,3.348576451818065
6.946796655654907,-19.500777203935666,-16.170897944404004,0.6144246581196784,0.17899651695857755,3.329879259531662
6.966595649719238,-19.551304475908946,-16.245088566016843,0.5787027190625667,0.18576725629041901,3.306215909892103
6.986817121505737,-19.59693819276886,-16.31911398233609,0.5887817108258604,0.15922302995692006,3.277824210432769
7.00673770904541,-19.63797027027891,-16.392970994382633,0.6074533277377485,0.11956479270826093,3.2449992758962765
7.026716232299805,-19.683990135466974,-16.466656414741607,0.5593425446376203,0.1387981982983183,3.2173337207253674
7.046791076660156,-19.755425052523893,-16.540167067794943,0.5582952469075098,0.1470386559225153,3.21525798472895
7.06672739982605,-19.87042628446878,-16.613499789953774,0.5647005082527174,0.14520954595296642,3.2569264945150067
7.086907386779785,-20.035820461514607,-16.686651429890865,0.5860934776673092,0.13231659003882668,3.3491690316237417
7.1069042682647705,-20.252704778577385,-16.75961884877311,0.5768915403122081,0.17704258927493355,3.493085929804277
7.126754283905029,-20.441009279970856,-16.832398920493937,0.5887527239928021,0.15695206889300606,3.60861035947692
7.146853446960449,-20.681658736266325,-16.90498853190577,0.521651208163239,0.22695206889300606,3.7766702043605562
7.1668784618377686,-20.97085446740244,-16.977384583052483,0.4994735305616631,0.15695206889300606,3.993469884349956
7.186714172363281,-21.295413160315476,-17.049583987401856,0.4771311895409598,0.14902013701735994,4.24582917291362
7.206720590591431,-21.63598056437793,-17.121583672077996,0.4718800855288281,0.07902013701735994,4.514396892299935
7.227019786834717,-21.978691688082428,-17.193380578093812,0.504029173166491,0.14902013701735994,4.785311109988616
7.246992826461792,-22.313859682232156,-17.26497166058345,0.5597711165854706,0.14953904737136325,5.0488880216487075
7.266772508621216,-22.637271397457557,-17.336353889034758,0.5782535353163256,0.18300495807430706,5.300917508422799
7.286649703979492,-22.943993950076926,-17.407524247521703,0.6065737863490357,0.13206946615478954,5.536469702555223
7.306898832321167,-23.231040896753694,-17.478479734936847,0.6036029991181566,0.13692356178886256,5.752561161816846
7.3267905712127686,-23.496856460910216,-17.54921736522376,0.6523571920068933,0.1567591605556663,5.947639095686455
7.346630573272705,-23.72764432030454,-17.619734167609554,0.6213448767038061,0.16216116909286937,6.107910152694988
7.366751432418823,-23.941295493240712,-17.690027186837227,0.61686246026773,0.14741630245349369,6.251268306403485
7.386578798294067,-24.137413105250292,-17.76009348339813,0.5927421965124084,0.14484979979111812,6.377319621852163
7.406684398651123,-24.316183590231756,-17.82993013376454,0.5916658776067196,0.15434032886638305,6.486253456467214
7.426755666732788,-24.47819362321136,-17.899534230621903,0.5776763666607438,0.19430047109141013,6.578659392589458
7.44692587852478,-24.624292417109988,-17.96890288310144,0.5585541702993213,0.21153931341483256,6.655389534008549
7.466710805892944,-24.75780550569882,-18.038033217012543,0.5524177314899861,0.2208299992920365,6.719772288686276
7.486830949783325,-24.890639826900806,-18.106922375075225,0.521382913570851,0.2255216163897421,6.783717451825581
7.506809711456299,-25.026450899392625,-18.17556751715255,0.5117718974314629,0.1646967267000582,6.850883382240074
7.526706695556641,-25.16075027867375,-18.243965820483144,0.5471963646076619,0.09469672670005819,6.916784458190605
7.54683780670166,-25.29046021956951,-18.312114479913568,0.47719636460766185,0.1646967267000582,6.978345739655943
7.566673755645752,-25.403077701907264,-18.380010708130758,0.485233517307788,0.09469672670005819,7.0230669937765065
7.586791753768921,-25.509024960031933,-18.447651735894606,0.555233517307788,0.07080591475008985,7.061373224137327
7.60681939125061,-25.607546982256267,-18.515034812270226,0.4934141539223491,0.08538619713275691,7.0925121699860405
7.626681566238403,-25.698315043544934,-18.582157204860565,0.4680211857147514,0.09670302090584298,7.116157838684369
7.64683198928833,-25.781305172739877,-18.649016200038737,0.45582979230210174,0.04917684016167184,7.13228897270114
7.666818857192993,-25.85670570651791,-18.715609103180515,0.47403192019090046,0.03409594209282657,7.141096603337395
7.686643838882446,-25.9271638309131,-18.781933238896777,0.4903181685321032,0.0,7.145230592016322
7.706815004348755,-25.992332138115984,-18.84798595126599,0.4330895176343619,0.0,7.144346186849994
7.726909637451172,-26.054425086116893,-18.91376460406657,0.47315331233665336,0.0,7.140660482050322
7.746859550476074,-26.115061844852864,-18.979266581009412,0.45448203256353725,0.0013378658331930637,7.135795263843452
7.766887426376343,-26.175405435780224,-19.0444892859703,0.4205936180613934,0.0,7.130916149809924
7.786626815795898,-26.227797282068398,-19.10943014322242,0.40412612130865444,0.03580194339156151,7.118367138845979
7.806635141372681,-26.295657424322496,-19.174086597668623,0.47412612130865445,0.07357193529605865,7.121570826653873
7.82660698890686,-26.40721831658505,-19.238456115074165,0.5219480752013623,0.09300688281655312,7.168762201510884
7.8468098640441895,-26.58788698441172,-19.30253618229888,0.5132878267206251,0.03297330439090729,7.285350802112841
7.866874933242798,-26.858122018495695,-19.366324307529776,0.5282060050405561,0.0,7.491797710965919
7.886571645736694,-27.20429321446225,-19.429818020513466,0.45820600504055614,0.0078071653842926025,7.774475193948785
7.906559228897095,-27.601033921180655,-19.493014872788596,0.4284400973655283,0.048173826187849045,8.108019048392059
7.926636457443237,-28.020126812908593,-19.555912437918266,0.4970873851515352,0.03736599534749985,8.464214374990327
7.946730375289917,-28.4460162942476,-19.618508311722582,0.5356626618839799,0.036155731533654034,8.827507982525017
7.966691493988037,-28.86540228165388,-19.680800112510923,0.4656626618839799,0.10615573153365404,9.184602169142956
7.986651182174683,-29.271534544423243,-19.742785481314613,0.5169416739977895,0.10482701687607915,9.52874906310863
8.006814241409302,-29.624148944008677,-19.804462082119194,0.5182978321705012,0.04713484673295171,9.819686861889483
8.026888847351074,-29.966222629342447,-19.86582760209696,0.4482978321705012,0.0,10.100395027245487
8.046772480010986,-30.296592321425912,-19.926879751839355,0.5182978321705012,0.07,10.369712569586557
8.066788673400879,-30.612442138852327,-19.987616265589445,0.4885975287202744,0.09670090086758137,10.624825873262882
8.086854219436646,-30.912198895271494,-20.048034901474406,0.5088327282015233,0.11982295446097851,10.864163993797089
8.106717109680176,-31.192877669068654,-20.108133441737923,0.45690853678621335,0.18982295446097852,11.08474422733073
8.12678599357605,-31.455224338409394,-20.167909692972657,0.4886122510675339,0.11982295446097851,11.287314645436737
8.147144794464111,-31.7025564644164,-20.22736148635267,0.558612251067534,0.09588834241032601,11.47519497806373
8.166828632354736,-31.93062502254604,-20.28648667786587,0.5865668927971273,0.1013553367741406,11.644138344680169
8.186856269836426,-32.13698641280989,-20.34528314854654,0.6081136701349168,0.14748541655018926,11.79170326426335
8.206723690032959,-32.318199100508245,-20.40374880470767,0.5963024286273866,0.1704585255868733,11.914450295800574
8.226744174957275,-32.47553258254759,-20.46188157817353,0.5583871727529912,0.1995278728939593,12.013651004374058
8.24677562713623,-32.611452748496376,-20.51967942651195,0.5778431942407041,0.16208289766684175,12.091773321984427
8.266730546951294,-32.72891748272189,-20.577140333266982,0.6281747234705835,0.1344631893374026,12.151777149454908
8.28679871559143,-32.828151316663124,-20.634262308191165,0.679713578308001,0.15471222640946508,12.19388900847196
8.307108402252197,-32.905157982734174,-20.691043387478036,0.6636109998170285,0.08471222640946507,12.214114595256138
8.32671856880188,-32.95543119826053,-20.747481633994607,0.630079825753346,0.15452952357009053,12.20794956426592
8.346629858016968,-32.97654554475596,-20.803575137513825,0.5959547547344117,0.19977517845109105,12.172970407242133
8.36690354347229,-32.9768502452496,-20.85932201494697,0.5650831976626067,0.1746145007200539,12.117528230302632
8.386637210845947,-32.96500929071487,-20.91472041057606,0.5355858741048722,0.21172700868919492,12.050288880138808
8.406643390655518,-32.942727920963584,-20.969768496286473,0.5146883161459117,0.1741851274855435,11.97295942467711
8.426592826843262,-32.91378206630688,-21.024464471799153,0.4901596357766538,0.10418512748554348,11.889317594507727
8.446617126464844,-32.88865053627117,-21.078806564903314,0.5090813612286,0.12162923516705632,11.809843971367858
8.466988801956177,-32.85915021980114,-21.132793031688678,0.5313186099473386,0.15903503151610493,11.726357188112459
8.487031936645508,-32.82739290749933,-21.186422156778058,0.5591859457734971,0.16877822188660502,11.640970750721273
8.506587266921997,-32.79490489066528,-21.239692253559717,0.5663087320234625,0.09877822188660501,11.555212637105562
8.526615142822266,-32.76276555899874,-21.29260166441986,0.583404647996649,0.0629191399924457,11.470163894578878
8.546574592590332,-32.731715445895546,-21.345148760975135,0.513404647996649,0.0931599830649793,11.38656668492041
8.566636085510254,-32.70224020511696,-21.397331944304966,0.5451154738571493,0.053846323993057,11.304908260811992
8.587649583816528,-32.67463565666606,-21.44914964518407,0.504607285549864,0.045811963398009525,11.22548601148199
8.606567621231079,-32.65137431751293,-21.500600324314938,0.4845234278496353,0.0,11.150773993197994
8.62678050994873,-32.63174273664161,-21.551682472560156,0.5012246232386677,0.013743774965405464,11.080060264081457
8.64667296409607,-32.617466051132524,-21.602394611175015,0.5029058008827267,0.08374377496540547,11.01507143995751
8.666868448257446,-32.60507066827244,-21.652735292039864,0.5179588356427847,0.04702931798994542,10.952335376232575
8.68680739402771,-32.59883939186548,-21.702703097892595,0.5879588356427847,0.06413537979125977,10.896136293972887
8.706804752349854,-32.59937015585013,-21.75229664256103,0.5781652243994175,0.009645878970623023,10.8470735132891
8.726604223251343,-32.606900060579385,-21.8015145711954,0.5434835428558289,0.0,10.805385489383983
8.746724843978882,-32.62140932970645,-21.850355560500883,0.5854781853221356,0.0,10.771053769205569
8.766708612442017,-32.64038393847663,-21.89881831896997,0.5234036619029938,0.0,10.741565619506662
8.786815166473389,-32.66196001095553,-21.94690158711479,0.5675153011642395,0.07,10.715058423840741
8.806710720062256,-32.687090722189055,-21.994604137699845,0.6285831542871891,0.07317460834048689,10.69248658448921
8.826969146728516,-32.72329349103139,-22.041924775974238,0.5585831542871891,0.04680860362015665,10.681368715057154
8.846632957458496,-32.78476335889963,-22.088862339904168,0.5693440976925193,0.07616317964158953,10.695901018995464
8.866578817367554,-32.87837766389919,-22.135415700405446,0.6172100286372004,0.10812278411351145,10.742961963493741
8.8867826461792,-32.95965599358651,-22.1815837615758,0.5567138548381625,0.07933552696369589,10.778072232010707
8.906821250915527,-33.07168498394484,-22.22736546092754,0.5935643109865485,0.10618400893174113,10.844319523017301
8.926812410354614,-33.20212026912149,-22.27275976961977,0.6248473878391085,0.11085540981031955,10.929360499501716
8.946736097335815,-33.341902598292116,-22.31776569269106,0.6340342182107268,0.14809853763319553,11.024136905601054
8.96731948852539,-33.486809600901964,-22.362382269291608,0.6320689853187649,0.07809853763319552,11.124427331610356
8.987202167510986,-33.63145709270857,-22.40660857291611,0.5620689853187648,0.12717629433609545,11.224848519792463
9.007508993148804,-33.769795816028164,-22.450443711635714,0.5969879231508819,0.09317560703493655,11.31935210439245
9.027065753936768,-33.897790341811216,-22.4938868283309,0.6406810856517402,0.1249573586974293,11.403903513480316
9.046986818313599,-34.0152267083448,-22.53693710092366,0.5825040838774291,0.17161960736848414,11.47828960742114
9.067070245742798,-34.11991821309258,-22.579593742610026,0.6438351622875778,0.13998537347652018,11.540324470482556
9.086852788925171,-34.212998252840045,-22.621856002092567,0.6345430300664154,0.06998537347652017,11.591142250747478
9.106882810592651,-34.293812719795056,-22.663723163812755,0.5645430300664154,0.1290266314242035,11.630089555982302
9.127007484436035,-34.36340891715209,-22.70519454818349,0.6345430300664154,0.12970555568579584,11.658214368968604
9.146788120269775,-34.4210625755729,-22.746269511821467,0.6754129068087784,0.0629721655929461,11.67479306375143
9.167341709136963,-34.46890172418175,-22.78694744777972,0.7,0.06682342146057635,11.681954276402028
9.187130689620972,-34.506346762631345,-22.827227785779936,0.644283876568079,0.03972286213655024,11.67911897685141
9.206599473953247,-34.53558539561925,-22.86710999244509,0.6431030703708529,0.013281187457032495,11.66847540317416
9.226657390594482,-34.5583534389481,-22.90659357153173,0.6234982347115874,0.051165925753302866,11.651759867416374
9.246721267700195,-34.57602708799876,-22.94567806416247,0.636323613859713,0.12116592575330287,11.630349023836292
9.266788005828857,-34.58969648336367,-22.984363049058487,0.6464258523657918,0.11890582961495966,11.60533343430518
9.286746263504028,-34.602540695123416,-23.022648142771956,0.6579173419624567,0.16159843502100557,11.57989255235146
9.306662321090698,-34.6144732426677,-23.060532999918436,0.6108586143702268,0.0992705806856975,11.553940242749263
9.32711124420166,-34.62483338509805,-23.098017313409326,0.5408586143702268,0.06765862030442804,11.526816071688724
9.346885442733765,-34.634453025236006,-23.135100814684435,0.6108586143702268,0.08642244746442884,11.49935221055157
9.366902589797974,-34.6433048023832,-23.171783273944303,0.6537612032145261,0.12039602210279554,11.471521528438895
9.386833906173706,-34.65138994928167,-23.208064500382708,0.6415527265518903,0.08797427301760763,11.443325448898964
9.407897233963013,-34.658729526628676,-23.24394434241901,0.6772250745445489,0.017974273017607623,11.414785184209666
9.428004741668701,-34.66535781217856,-23.27942268793082,0.7,0.024072385109029704,11.385935124247744
9.446596145629883,-34.67131736060826,-23.31449946448624,0.6961957491468638,0.06848282617982476,11.356817896122024
9.46668291091919,-34.676655354059136,-23.349174639576333,0.6540916874539107,0.048627742282114916,11.327480714482803
9.486737251281738,-34.68142094533839,-23.38344822084773,0.622432207269594,0.11862774228211492,11.29797272449066
9.506742238998413,-34.68797970870633,-23.41732025633494,0.6251448495779186,0.09213194472249597,11.27065945237139
9.526633977890015,-34.69561111879393,-23.450790834692782,0.6951448495779187,0.1452523045009002,11.244820284101145
9.5466468334198,-34.70223690387114,-23.48386008542892,0.7,0.16049680800642818,11.21837681844222
9.566588640213013,-34.70953911906219,-23.516528179136326,0.7,0.13654524588491768,11.193010939925866
9.586801528930664,-34.717118720263635,-23.548795327725493,0.6417692981660366,0.08077389502432197,11.168323392538142
9.606560230255127,-34.724691228773665,-23.580661784657337,0.7,0.08928256051149219,11.144029444116327
9.626615285873413,-34.73205923818181,-23.612127845175124,0.6931343784555792,0.0848550790688023,11.119931393006688
9.646629810333252,-34.73677467532757,-23.643193846537315,0.7,0.10082147957291454,11.093580828790252
9.66655683517456,-34.739523412859036,-23.673860168249817,0.7,0.15452675090637058,11.065663244609219
9.686614274978638,-34.74083367665102,-23.704127232298543,0.7,0.08452675090637057,11.036706444352479
9.706501007080078,-34.74111027287871,-23.733995503381678,0.7,0.08601481276098638,11.00711476949703
9.726505041122437,-34.740661614186095,-23.763465489142366,0.6299999999999999,0.016014812760986374,10.97719612504373
9.746538877487183,-34.739721031974916,-23.792537740400977,0.6515155482292174,0.014681224259547876,10.947183291573939
9.766626596450806,-34.73890439448497,-23.821212851387617,0.6323793131113051,0.01353868238162248,10.917691543097352
9.786538362503052,-34.73775453274288,-23.849491459974658,0.6622714485228061,0.03402120574843137,10.888263072768225
9.806495904922485,-34.736403524442196,-23.87737424790903,0.7,0.0,10.859029276533164
9.826492309570312,-34.73494840935957,-23.904861941044807,0.6970112012233585,0.0,10.83008646831476
9.846476793289185,-34.733459333147515,-23.93195530957547,0.7,0.05956268310546875,10.801504023572043
9.866775274276733,-34.73430226072927,-23.958655168266695,0.685879685729742,0.07202471420168877,10.775647092462577
9.887129545211792,-34.736742737230315,-23.984962376688333,0.7,0.07783614378422499,10.751780360541982
9.906505346298218,-34.749493913776334,-24.010877839447364,0.6484133273363113,0.016839339397847652,10.73861607432897
9.926502227783203,-34.78760142951143,-24.036402506419897,0.6865432120859623,0.006935098208487034,10.751198923091536
9.946540355682373,-34.856214731072555,-24.061537372983956,0.7,0.03505602199584246,10.794677358088599
9.966713905334473,-34.946524806127904,-24.08628348025168,0.6717501476407051,0.0,10.860241325876224
9.986573457717896,-35.024934319016666,-24.110641915301944,0.7,0.008635100908577442,10.914292403714722
10.006556272506714,-35.11760206388399,-24.13461381141271,0.697330815764144,0.0,10.982988252471284
10.026525497436523,-35.22004739709173,-24.15820034829357,0.627330815764144,0.01980583742260933,11.061847048798164
10.046553611755371,-35.33353316014397,-24.181402752318036,0.5622958525735884,0.08980583742260934,11.152130407825936
10.066568374633789,-35.456329180589535,-24.20422229675615,0.5965224675554781,0.020883295387029654,11.252106883833385
10.086549997329712,-35.58698834366756,-24.226660302006884,0.6455918013770132,0.08761143282055855,11.360328041660672
10.106515645980835,-35.728930975672085,-24.248718135830494,0.7,0.07553649198263884,11.480212839841592
10.126534223556519,-35.87960269750089,-24.270397213581152,0.6743080995976924,0.09278335299342871,11.609205483919741
10.146486043930054,-36.032366537028395,-24.291698998439216,0.6983733873814344,0.07432883854955435,11.740667538589179
10.166489839553833,-36.18255744579541,-24.312625001643738,0.6745356738567352,0.04087381687015296,11.869932444151672
10.186519145965576,-36.327002981777476,-24.333176782724998,0.6198728315532207,0.0023051040992140837,11.993826199052478
10.206512928009033,-36.45241428398677,-24.353355949736766,0.6898728315532208,0.0,12.099058334250003
10.226474523544312,-36.57253634201513,-24.373164159489047,0.6980446590855718,0.0,12.19937218252608
10.246551275253296,-36.68350244241108,-24.39260311778022,0.6793583254143596,0.0010462274076417089,12.290899324630864
10.266595840454102,-36.78518449407709,-24.411674579629494,0.7,0.0,12.373509914447599
10.286548852920532,-36.877738207562125,-24.43038034950977,0.7,0.011013956740498543,12.447357858052353
10.306633472442627,-36.963828660832526,-24.44872228157955,0.678702375665307,0.04310489259660244,12.515106379252977
10.326444864273071,-37.04316095532688,-24.466702279915808,0.7,0.0076918285340070724,12.576458675411075
10.346469163894653,-37.12034106700194,-24.484322298746065,0.7,0.05014749802649021,12.636018768255873
10.366546869277954,-37.2078903294813,-24.50158434268119,0.6962908667512238,0.019484424963593483,12.70630598680011
10.386640071868896,-37.30728349387417,-24.51849046694764,0.7,0.004773573949933052,12.788793026926534
10.40660309791565,-37.412283704403634,-24.535042777619964,0.7,0.021429307758808136,12.87724092678367
10.426567316055298,-37.503447567967996,-24.551243431853297,0.7,0.021395629653852666,12.952204136114698
10.446572303771973,-37.597561983899,-24.567094638115584,0.7,0.008941389070969308,13.030467345783414
10.466585159301758,-37.69124542031381,-24.58259865642043,0.6603711999952793,0.07732521687648841,13.108646763893383
10.487156629562378,-37.782160489779564,-24.597757798559215,0.6637322395574301,0.14732521687648842,13.184402691220349
10.506633758544922,-37.86875664875664,-24.612574428333577,0.6769247041549533,0.08411449109218666,13.25618222042306
10.52649450302124,-37.95007074448143,-24.62705096178808,0.6989737623836845,0.014114491092186654,13.32301978269335
10.546604633331299,-38.025572998113915,-24.641189867442435,0.6400113651063293,0.0,13.38438313067148
10.566469430923462,-38.09504860612313,-24.65499366652406,0.7,0.0,13.440054939599069
10.586612462997437,-38.153874505618056,-24.668464933200408,0.7,0.0,13.485409572417648
10.60655426979065,-38.20375297571594,-24.681606294811598,0.6658352211117744,0.0,13.522146680904346
10.626588344573975,-38.246102194720635,-24.694420432102817,0.7,0.06791659444570541,13.551681762617818
10.646533012390137,-38.28287086788742,-24.706910079456513,0.6485037177801132,0.0,13.575960788430905
10.666524410247803,-38.31402913492593,-24.719078025125285,0.7,0.0,13.594951109800647
10.686505556106567,-38.342785698958295,-24.73092711146405,0.7,0.003652330953627825,13.611858587494243
10.70660662651062,-38.369116210906114,-24.742460235162312,0.670042822882533,0.0,13.626655975743802
10.726491451263428,-38.39306769672107,-24.753680347477136,0.6835098795592784,0.028328267857432365,13.639387349243933
10.746550798416138,-38.41473551868966,-24.764590454465207,0.6139770083129406,0.03187168436124921,13.650145064224454
10.766628503799438,-38.43656244739157,-24.77519361721521,0.6839770083129406,0.008397320751100779,13.661368830176364
10.786515712738037,-38.46255733829726,-24.785492952080656,0.6477666129171848,0.0,13.677064386216603
10.806473016738892,-38.497711165826104,-24.79549163091206,0.6739526823908091,0.0,13.702219534914043
10.82651972770691,-38.54061648414141,-24.80519288128932,0.7,0.0,13.73542360285209
10.84651517868042,-38.58777507111548,-24.81459998675437,0.7,0.03645724058151245,13.77317508436111
10.866535425186157,-38.62871936034228,-24.823716287043684,0.7,0.053068872541189194,13.805003073298597
10.886518239974976,-38.66987756487252,-24.83254517832023,0.7,0.12293713167309761,13.83733238655229
10.906476736068726,-38.71241597876164,-24.841090113406693,0.6299999999999999,0.16197750717401505,13.871325865354947
10.926529169082642,-38.75710831175931,-24.849354602017204,0.564607833623886,0.23197750717401505,13.907753709742106
10.946517705917358,-38.802118853118806,-24.857342210990186,0.5614521220512687,0.16197750717401505,13.94477664212862
10.966530799865723,-38.84616416774199,-24.86505656452078,0.6291485667414962,0.09197750717401504,13.981107603221208
10.986535787582397,-38.88606189709691,-24.872501344393072,0.5591485667414962,0.021977507174015032,14.013560552703836
11.006464004516602,-38.917394598326965,-24.87968029021279,0.6291485667414962,0.0,14.037714308114175
11.02656078338623,-38.93500338441766,-24.88659719963975,0.6991485667414963,0.0,14.048406184777914
11.046502590179443,-38.91945224917042,-24.893255928619862,0.7,0.0,14.026196320550557
11.066502332687378,-38.855798901259824,-24.899660391618262,0.6815907403826713,0.0,13.956138509641562
11.086513757705688,-38.8005334394567,-24.90581456185137,0.6713910780847072,0.013498553074896336,13.894718877605332
11.106443881988525,-38.70548034607283,-24.91172247151916,0.6977721162140369,0.0,13.793757874553673
11.126437902450562,-38.58992935298284,-24.917388212038038,0.69712367443135,0.0,13.672541140944805
11.146477460861206,-38.467818950318744,-24.922815934273167,0.6981123966281302,0.0006703839171677828,13.545003016045577
11.166476488113403,-38.34668706493817,-24.928009848770614,0.7,0.03256152500398457,13.41867721616756
11.186521530151367,-38.24100899689887,-24.9329742259901,0.7,0.015505750896409154,13.308034770908769
11.206453323364258,-38.165064418720654,-24.937713396537475,0.7,0.007949714781716466,13.227351022183178
11.226457834243774,-38.1233553922761,-24.942231751396893,0.654101238399744,0.051766519667580724,13.18112364087921
11.246550559997559,-38.1111576430328,-24.946533742163624,0.6977333433926105,0.12176651966758073,13.164623900869174
11.267833232879639,-38.11977931963473,-24.95062388127607,0.6675834029912948,0.051766519667580724,13.169155438358661
11.287235260009766,-38.14495088660118,-24.95450674224877,0.7,0.0,13.190444144352409
11.306615352630615,-38.16680548370208,-24.958186959904083,0.7,0.0,13.208618523797995
11.326409816741943,-38.199929008654465,-24.961669230605544,0.7,0.0,13.23825977804892
11.346457242965698,-38.23769039523775,-24.964958312489706,0.7,0.0,13.272732082748043
11.366870880126953,-38.27767795239203,-24.96805902569843,0.6841688126325607,0.012436548247933388,13.309618926693602
11.38651180267334,-38.31815789622716,-24.970976252612086,0.7,0.0,13.347181643615077
11.406548976898193,-38.357912997593225,-24.973714938081294,0.6981766797136515,0.0,13.384198059511931
11.426541328430176,-38.39611689609628,-24.976280089659642,0.7,0.02303207851946354,13.419836806436638
11.446417093276978,-38.43686919593766,-24.978676777836206,0.7,0.013753854669630527,13.458192418101454
11.466541051864624,-38.485266587183396,-24.98091013626791,0.7,0.0,13.504356450915488
11.486465454101562,-38.54233129732959,-24.982985362011867,0.7,0.055612921714782715,13.559345935317722
11.506478071212769,-38.6039122231478,-24.984907715758098,0.6898593463003635,0.09744304046034813,13.619004507389704
11.52654504776001,-38.65737835517887,-24.986682522061756,0.7,0.16744304046034814,13.670695833117115
11.546512126922607,-38.71342772609387,-24.988315169575536,0.6609338529407978,0.19621201388537884,13.725112556518333
11.566488265991211,-38.769794188955025,-24.98981111128242,0.6485787656158208,0.12621201388537884,13.779983077672604
11.58650279045105,-38.824895365534694,-24.9911758647279,0.5785787656158208,0.05621201388537883,13.833719500806794
11.606467723846436,-38.87534916529244,-24.992415012252156,0.5559436205029487,0.0,13.882934153040285
11.626451015472412,-38.91892893546578,-24.993534201223213,0.6259436205029487,0.0,13.925394734242566
11.646573543548584,-38.95195290286792,-24.994539144268877,0.6670549109578132,0.0,13.957413758599046
11.66646432876587,-38.9721419769747,-24.995435619509188,0.6572296114638447,0.0,13.97670635746551
11.686471462249756,-38.97361871220215,-24.996229470788943,0.6337368225678801,0.0,13.97738924141321
11.706549882888794,-38.96205930393862,-24.996926607910353,0.7,0.047372348606586456,13.965132696028263
11.726500511169434,-38.94638258873412,-24.997533006865226,0.7,0.0,13.948849581868892
11.74651837348938,-38.93277166434803,-24.998054710067418,0.6938196619041264,0.031763844192028046,13.934716954280614
11.766493320465088,-38.918758226917284,-24.9984978265855,0.7,0.0,13.920260400331784
11.786494970321655,-38.907150882543746,-24.998868532374896,0.7,0.04509102925658226,13.90828235016885
11.80651044845581,-38.89983702172033,-24.999173070510714,0.6950108476914465,0.0,13.900663951209616
11.82650637626648,-38.89569808655071,-24.999417751419895,0.6328368143178522,0.0,13.896280335130815
11.846461772918701,-38.893873473787615,-24.99960895311375,0.6751908951438963,0.0,13.894264520673865
11.866536140441895,-38.89370443154069,-24.999753121420287,0.6743236274225637,0.02965638041496277,13.893951310120404
11.886484622955322,-38.897006119341064,-24.999856770217054,0.609214896033518,0.010014254599809647,13.89714934912401
11.906533479690552,-38.90263149266144,-24.999926481663117,0.6679451145930215,0.01935078203678131,13.902705010998325
11.926469087600708,-38.91203894442577,-24.999968906431747,0.6548301229951903,0.0,13.91207003799402
11.946508169174194,-38.92382542145117,-24.999990763942925,0.7,0.049978792667388916,13.923834657508245
11.966453075408936,-38.934058741727675,-24.999998842595538,0.7,0.04841345886234194,13.934059899132137
11.986494302749634,-38.94583852143679,-25.0,0.7,0.01994847843889147,13.94583852143679
12.00648808479309,-38.958381986753075,-25.0,0.6889644430950284,0.01500361051876098,13.958381986753075
12.026461124420166,-38.97112531144718,-25.0,0.6689993700012564,0.0,13.971125311447182
12.046499490737915,-38.985987953668584,-25.0,0.7,0.0,13.985987953668584
12.066511392593384,-38.9996145809179,-25.0,0.7,0.007072963751852512,13.9996145809179
12.086574077606201,-39.01202356804919,-25.0,0.6947549579665064,0.0,14.012023568049187
12.106471538543701,-39.023259768652366,-25.0,0.6897468029521405,0.012657548300921917,14.023259768652366
12.126505374908447,-39.03338524581731,-25.0,0.7,0.0,14.033385245817307
12.146461009979248,-39.04247238034957,-25.0,0.7,0.0,14.042472380349572
12.166516304016113,-39.050598811949605,-25.0,0.7,0.01997239701449871,14.050598811949605
12.186492919921875,-39.05765438734241,-25.0,0.7,0.08997239701449872,14.05765438734241
12.206464767456055,-39.06396961755068,-25.0,0.7,0.01997239701449871,14.063969617550683
12.226483583450317,-39.06960418126487,-25.0,0.7,0.0,14.069604181264872
12.246988773345947,-39.07693381711244,-25.0,0.7,0.020528992637991905,14.07693381711244
12.266464233398438,-39.08293129702455,-25.0,0.6323814213275909,0.015200094785541296,14.082931297024551
12.2864830493927,-39.087845424555,-25.0,0.6845623448491096,0.0,14.087845424554999
12.30648946762085,-39.094193913502984,-25.0,0.6680930264294147,0.0025518336333334446,14.094193913502984
12.326498031616211,-39.10137136806217,-25.0,0.6182499721646308,0.0,14.101371368062168
12.34648323059082,-39.11125179293967,-25.0,0.5948583826422691,0.0,14.111251792939669
12.366456031799316,-39.12274925054162,-25.0,0.6648583826422692,0.048343267291784286,14.122749250541617
12.386532068252563,-39.135066853146924,-25.0,0.691025425195694,0.0,14.135066853146924
12.406562805175781,-39.14576131021219,-25.0,0.7,0.016778165474534035,14.145761310212187
12.426482915878296,-39.15691468397571,-25.0,0.7,0.08677816547453404,14.156914683975707
12.4466712474823,-39.16809286631396,-25.0,0.7,0.016778165474534035,14.168092866313962
12.466561317443848,-39.17899368039467,-25.0,0.637706459313631,0.0,14.178993680394669
12.486458778381348,-39.18941455011621,-25.0,0.6523032447323203,0.0,14.189414550116211
12.50649905204773,-39.196911070882265,-25.0,0.5823032447323202,0.0,14.196911070882265
12.527117252349854,-39.202178826099725,-25.0,0.6454916113242506,0.0035550936590880156,14.202178826099725
12.546850204467773,-39.20575969326619,-25.0,0.5961261243745684,0.0,14.205759693266188
12.56685495376587,-39.20807450763957,-25.0,0.5822510766983031,0.032249026000499725,14.208074507639573
12.586849927902222,-39.209448939839035,-25.0,0.523840592354536,0.0,14.209448939839035
12.606846570968628,-39.21245032605806,-25.0,0.5312616518884896,0.07,14.212450326058061
12.626741647720337,-39.21505620620244,-25.0,0.6012616518884897,0.056174158751964576,14.21505620620244
12.64698839187622,-39.2187651531491,-25.0,0.5787996154278516,0.0,14.2187651531491
12.666942119598389,-39.22314251980132,-25.0,0.6162819627672433,0.039254751056432724,14.223142519801321
12.686822414398193,-39.22786879266364,-25.0,0.6862819627672434,0.0874481126666069,14.227868792663642
12.70688271522522,-39.232712848530475,-25.0,0.6869286036631093,0.07023895904421806,14.232712848530475
12.726825952529907,-39.237511049588925,-25.0,0.7,0.08124941308051348,14.237511049588925
12.746879816055298,-39.24215094471596,-25.0,0.7,0.06999365147203207,14.24215094471596
12.767061471939087,-39.246558599698744,-25.0,0.6992232185904868,0.0,14.246558599698744
12.786886930465698,-39.2483724338605,-25.0,0.7,0.03599824383854866,14.248372433860503
12.806917190551758,-39.24602049936331,-25.0,0.7,0.08380528539419174,14.246020499363311
12.827158212661743,-39.238520740400304,-25.0,0.7,0.08623359771445394,14.238520740400304
12.846949815750122,-39.23200925819068,-25.0,0.6299999999999999,0.05700441310182214,14.23200925819068
12.866653442382812,-39.2219896235824,-25.0,0.6889361339807509,0.0,14.221989623582402
12.886603832244873,-39.2097973613958,-25.0,0.7,0.0,14.2097973613958
12.906752824783325,-39.196417360397135,-25.0,0.6687029831111431,0.0003262608661316335,14.196417360397135
12.92660403251648,-39.18256500777442,-25.0,0.6660063092596828,0.0,14.182565007774421
12.947078704833984,-39.168749646241615,-25.0,0.5965200786478817,0.0,14.168749646241615
12.966886758804321,-39.15532408038117,-25.0,0.6352292907424271,0.06724705547094345,14.15532408038117
12.986779689788818,-39.14483943641053,-25.0,0.6950587195344269,0.09747632034122944,14.144839436410528
13.006880283355713,-39.13667382089384,-25.0,0.6902239898219704,0.04422593675553799,14.13667382089384
13.0269136428833,-39.13265050915979,-25.0,0.630556752718985,0.05519732739776373,14.132650509159788
13.046916007995605,-39.13161039450073,-25.0,0.6396016374230384,0.03892484400421381,14.131610394500733
13.066699266433716,-39.130707340398345,-25.0,0.7,0.10892484400421382,14.130707340398345
13.086914300918579,-39.13188570761738,-25.0,0.7,0.08704911794513465,14.131885707617379
13.10685920715332,-39.1344787335995,-25.0,0.7,0.057129907123744494,14.1344787335995
13.126696586608887,-39.13798601494222,-25.0,0.7,0.0,14.137986014942221
13.146612405776978,-39.13971953805051,-25.0,0.6475428164005279,0.0370924212038517,14.139719538050507
13.166585683822632,-39.14017535659319,-25.0,0.7,0.05661889538168907,14.14017535659319
13.186607122421265,-39.137415345422276,-25.0,0.6712356030941009,0.0,14.137415345422276
13.206602334976196,-39.13249442168345,-25.0,0.6579841466620564,0.07,14.132494421683447
13.226716995239258,-39.1262022607972,-25.0,0.7,0.01858286529779435,14.1262022607972
13.246665716171265,-39.11912349466202,-25.0,0.6871210232377052,0.04252855263650418,14.11912349466202
13.2667555809021,-39.111684928048184,-25.0,0.6775554612278938,0.029093132987618453,14.111684928048184
13.286586046218872,-39.10522657459844,-25.0,0.6747870094142854,0.013652329035103328,14.10522657459844
13.306640148162842,-39.098585186343136,-25.0,0.695099242310971,0.0,14.098585186343136
13.326718091964722,-39.09199169877668,-25.0,0.7,0.0,14.091991698776681
13.346630573272705,-39.08560525275535,-25.0,0.7,0.01839638128876686,14.08560525275535
13.36662769317627,-39.08184727592896,-25.0,0.667404156923294,0.08839638128876687,14.081847275928958
13.38670301437378,-39.080014023433,-25.0,0.6956692848354578,0.1529477868974209,14.080014023433002
13.407066106796265,-39.07956596195519,-25.0,0.7,0.08294778689742088,14.07956596195519
13.426603078842163,-39.082408183740235,-25.0,0.7,0.012947786897420877,14.082408183740235
13.446566581726074,-39.08746086541908,-25.0,0.7,0.052119788080453866,14.087460865419082
13.466595649719238,-39.091599378297346,-25.0,0.6729110226035118,0.12211978808045387,14.091599378297346
13.486540794372559,-39.0949938573544,-25.0,0.7,0.052119788080453866,14.094993857354403
13.506648063659668,-39.0979410307369,-25.0,0.6478463120758533,0.03420244000852107,14.097941030736898
13.527232885360718,-39.1003408951244,-25.0,0.6157922938466072,0.059457766190171235,14.100340895124397
13.546578884124756,-39.09998101314245,-25.0,0.6645554572343826,0.12945776619017124,14.099981013142447
13.566592454910278,-39.09771375000579,-25.0,0.656119043752551,0.15109350346028805,14.097713750005788
13.586649894714355,-39.094181410735196,-25.0,0.586119043752551,0.0903968047350645,14.094181410735196
13.606586217880249,-39.08986346877207,-25.0,0.656119043752551,0.0203968047350645,14.089863468772073
13.626620054244995,-39.08511366145861,-25.0,0.6898060020059347,0.03511291399598121,14.085113661458607
13.646613836288452,-39.07787272150952,-25.0,0.7,0.0,14.077872721509522
13.666592836380005,-39.06677597571465,-25.0,0.640251525491476,0.0,14.066775975714648
13.686976671218872,-39.04866082004496,-25.0,0.6450174937956035,0.04600434750318527,14.048660820044958
13.706851959228516,-39.023831889180734,-25.0,0.7,0.054704965092241764,14.023831889180734
13.726787328720093,-39.0022747774917,-25.0,0.6635464511811733,0.0007133567705750465,14.0022747774917
13.746685266494751,-38.97627763057615,-25.0,0.678729335591197,0.0,13.97627763057615
13.766723871231079,-38.9501980222352,-25.0,0.6969712980091571,0.009055950678884983,13.950198022235199
13.786819219589233,-38.92938115927773,-25.0,0.6269712980091571,0.0,13.929381159277732
13.806838512420654,-38.91276832245683,-25.0,0.6969712980091571,0.02200518548488617,13.912768322456827
13.826698303222656,-38.90182969753004,-25.0,0.7,0.0,13.90182969753004
13.846788167953491,-38.895120555409825,-25.0,0.6886769950389862,0.0198042094707489,13.895120555409825
13.86672306060791,-38.893842296066744,-25.0,0.6186769950389861,0.0,13.893842296066744
13.886713743209839,-38.89636990998016,-25.0,0.5688774037361144,0.0,13.896369909980159
13.906702995300293,-38.90147439396129,-25.0,0.6388774037361145,0.0057068741880357265,13.901474393961287
13.927234888076782,-38.90823419331614,-25.0,0.6668157044798135,0.009236672660335898,13.90823419331614
13.94679069519043,-38.9141032237019,-25.0,0.6992040786892175,0.0,13.9141032237019
13.966799259185791,-38.92337757864145,-25.0,0.7,0.07,13.92337757864145
13.986829042434692,-38.93708912880179,-25.0,0.7,0.0,13.937089128801787
14.006701231002808,-38.95352130145653,-25.0,0.7,0.04461335763335228,13.953521301456533
14.026777505874634,-38.9714100970751,-25.0,0.6391021504998207,0.06845486722886562,13.9714100970751
14.046910524368286,-38.98983917718292,-25.0,0.6605862200260162,0.0,13.989839177182922
14.066816568374634,-39.00815783187261,-25.0,0.5905862200260161,0.0,14.008157831872609
14.086800575256348,-39.02591700103031,-25.0,0.6605862200260162,0.0,14.025917001030308
14.106720447540283,-39.040503173388906,-25.0,0.6287430383265018,0.0,14.040503173388906
14.126659631729126,-39.052501027259524,-25.0,0.6412356978282332,0.018216563388705254,14.052501027259524
14.146642684936523,-39.06238488361072,-25.0,0.6038777938112616,0.05063147284090519,14.062384883610719
14.166638135910034,-39.070966300041654,-25.0,0.6172897161915898,0.0,14.070966300041654
14.186628103256226,-39.08030686360589,-25.0,0.6064398361369967,0.0,14.080306863605891
14.206618547439575,-39.08992854634822,-25.0,0.5984930338338017,0.060946084558963776,14.089928546348219
14.226691007614136,-39.0994919105423,-25.0,0.6456543298438191,0.045243220403790474,14.099491910542298
14.246611833572388,-39.10876272636705,-25.0,0.6527694145217537,0.0,14.108762726367047
14.266646385192871,-39.117586012454986,-25.0,0.6343946753069758,0.0,14.117586012454986
14.28665018081665,-39.12586591638072,-25.0,0.6754983065649867,0.0,14.125865916380718
14.306576251983643,-39.133550181705004,-25.0,0.7,0.0,14.133550181705004
14.326623916625977,-39.14061821012016,-25.0,0.7,0.0,14.14061821012016
14.34661054611206,-39.147071935303124,-25.0,0.7,0.0,14.147071935303124
14.366603374481201,-39.152928890244475,-25.0,0.7,0.0,14.152928890244475
14.386627674102783,-39.15801404805972,-25.0,0.6299999999999999,0.025211235508322716,14.15801404805972
14.40659499168396,-39.16263204467801,-25.0,0.6190683507546781,0.06178111024200916,14.162632044678013
14.42664885520935,-39.166803853463364,-25.0,0.6122248029522597,0.0,14.166803853463364
14.446669816970825,-39.17055580133676,-25.0,0.6039746046252548,0.0,14.17055580133676
14.466657638549805,-39.17391723985193,-25.0,0.5775228157825767,0.039447493851184845,14.173917239851932
14.486623287200928,-39.176918847856165,-25.0,0.5329027340002357,0.047402527183294296,14.176918847856165
14.506633043289185,-39.179591417571146,-25.0,0.6029027340002358,0.1174025271832943,14.179591417571146
14.526679992675781,-39.18196500844044,-25.0,0.6729027340002358,0.09945051714777947,14.181965008440443
14.546687841415405,-39.184068378720866,-25.0,0.7,0.16945051714777948,14.184068378720866
14.566726922988892,-39.18592862496956,-25.0,0.7,0.09945051714777947,14.185928624969563
14.587000846862793,-39.187570975432735,-25.0,0.6891008082777261,0.029450517147779465,14.187570975432735
14.606586694717407,-39.18899690603605,-25.0,0.7,0.0,14.188996906036053
14.626534700393677,-39.18794037704801,-25.0,0.6713865146040916,0.0,14.187940377048008
14.646490097045898,-39.18287107684709,-25.0,0.6948798082768917,0.0,14.182871076847093
14.666610479354858,-39.172831837095906,-25.0,0.6839175567030906,0.005704541224986315,14.172831837095906
14.686578512191772,-39.15497246154854,-25.0,0.6826846077339723,0.0,14.154972461548539
14.706612586975098,-39.12983570661751,-25.0,0.699208343331702,0.007919657044112682,14.129835706617513
14.726528882980347,-39.10262305101129,-25.0,0.7,0.0,14.102623051011292
14.746564149856567,-39.07931839824757,-25.0,0.7,0.0,14.079318398247572
14.76658844947815,-39.05934235940663,-25.0,0.7,0.015317423269152641,14.059342359406628
14.786587238311768,-39.044521125104225,-25.0,0.6828119687736034,0.0,14.044521125104225
14.806551456451416,-39.03367092918425,-25.0,0.7,0.024397987872362137,14.033670929184247
14.826447248458862,-39.02425051206785,-25.0,0.6912673560902476,0.0,14.024250512067852
14.846497058868408,-39.01768584789709,-25.0,0.7,0.00650086160749197,14.017685847897091
14.866483449935913,-39.015594092931835,-25.0,0.6466509073972702,0.029482507146894932,14.015594092931835
14.886941194534302,-39.018980609207425,-25.0,0.6890281558036804,0.012659641914069653,14.018980609207425
14.906789779663086,-39.028399322257094,-25.0,0.6677868466824293,0.0,14.028399322257094
14.926928043365479,-39.044076000008005,-25.0,0.7,0.0,14.044076000008005
14.946921586990356,-39.06368618036394,-25.0,0.6924235781654715,0.05431951954960823,14.063686180363938
14.96694278717041,-39.08551167041106,-25.0,0.6224235781654714,0.055327079724520445,14.085511670411059
14.986727714538574,-39.10830066273352,-25.0,0.6924235781654715,0.017499599140137434,14.10830066273352
15.006703853607178,-39.13347463148851,-25.0,0.6776188237592577,0.008421617094427347,14.133474631488511
15.026687145233154,-39.15964170091555,-25.0,0.642919353954494,0.0,14.15964170091555
15.046629190444946,-39.182360618669115,-25.0,0.6223056165501475,0.0,14.182360618669115
15.06676959991455,-39.2055340727299,-25.0,0.5736909097060561,0.0,14.205534072729897
15.086796283721924,-39.228412504892326,-25.0,0.5954102536663413,0.0,14.228412504892326
15.106832265853882,-39.25048306197026,-25.0,0.5901797193102538,0.0,14.250483061970257
15.1266028881073,-39.27141081764171,-25.0,0.5973758579231798,0.0,14.271410817641708
15.146673679351807,-39.29099325704929,-25.0,0.5273758579231798,0.01557905413210392,14.290993257049287
15.16673994064331,-39.30912517300449,-25.0,0.5973758579231798,0.0,14.309125173004489
15.186759233474731,-39.32577171904509,-25.0,0.5573037222959101,0.0,14.325771719045093
15.206785202026367,-39.34094783826684,-25.0,0.5178632357157766,0.03281201049685478,14.340947838266842
15.226927518844604,-39.35701901087829,-25.0,0.5718447224237024,0.05879220366477966,14.35701901087829
15.247137069702148,-39.373288316006786,-25.0,0.6078005575574934,0.011074118316173553,14.373288316006786
15.266628742218018,-39.38741374209443,-25.0,0.6181202272884547,0.0,14.38741374209443
15.286839485168457,-39.40153051986354,-25.0,0.675929423701018,0.048966098576784134,14.401530519863542
15.306740522384644,-39.4152692445016,-25.0,0.668939334154129,0.0476297753630206,14.415269244501602
15.326807498931885,-39.42838329820703,-25.0,0.6951858818531036,0.1176297753630206,14.42838329820703
15.346738576889038,-39.44071784821846,-25.0,0.7,0.0476297753630206,14.440717848218462
15.366857528686523,-39.45218589446777,-25.0,0.6299999999999999,0.009376389789395034,14.452185894467767
15.386603116989136,-39.462749845025215,-25.0,0.7,0.07937638978939504,14.462749845025215
15.406744480133057,-39.470091068534046,-25.0,0.6703223630785942,0.0954309269366786,14.470091068534046
15.42681336402893,-39.472684023670105,-25.0,0.6412374179810285,0.04693526174407453,14.472684023670105
15.446670770645142,-39.46959423940065,-25.0,0.6359653908759355,0.05531595512758941,14.46959423940065
15.466818809509277,-39.46263876651607,-25.0,0.6805216398090124,0.026101850490085787,14.462638766516072
15.486729383468628,-39.456599847376026,-25.0,0.6209484886378049,0.0,14.456599847376026
15.506694078445435,-39.44562208087684,-25.0,0.6747661780565977,0.00877672340720892,14.445622080876838
15.526833295822144,-39.43150320554985,-25.0,0.6638518597930669,0.0,14.431503205549852
15.546865463256836,-39.4155746789776,-25.0,0.6655304062180221,0.00887979380786419,14.415574678977599
15.566741943359375,-39.398808998699884,-25.0,0.6042690391652286,0.062329841777682304,14.398808998699884
15.586698055267334,-39.38190370556816,-25.0,0.6567128340713679,0.0,14.381903705568163
15.606696844100952,-39.36766332536955,-25.0,0.7,0.0,14.367663325369548
15.626954555511475,-39.355649245235725,-25.0,0.7,0.014516177587211132,14.355649245235725
15.646885395050049,-39.345498139352536,-25.0,0.7,0.0328966798260808,14.345498139352536
15.666902780532837,-39.33922489831729,-25.0,0.6928185967728495,0.01414641086012125,14.33922489831729
15.686929702758789,-39.3358104768971,-25.0,0.7,0.024029661901295185,14.335810476897102
15.706619024276733,-39.33284598904577,-25.0,0.670258954912424,0.0,14.332845989045772
15.726696491241455,-39.334214226378485,-25.0,0.6363756403326988,0.0,14.334214226378485
15.746694326400757,-39.33623948197711,-25.0,0.7,0.0,14.33623948197711
15.766936779022217,-39.34098406229012,-25.0,0.7,0.0,14.340984062290119
15.78668737411499,-39.3474923894088,-25.0,0.7,0.07,14.3474923894088
15.806613445281982,-39.35505425426354,-25.0,0.6702866058796644,0.028134002983570106,14.355054254263543
15.826648473739624,-39.36314859366187,-25.0,0.6960787873715162,0.0,14.363148593661869
15.846689462661743,-39.371399454000084,-25.0,0.6896611939184367,0.019980518147349358,14.371399454000084
15.866711139678955,-39.38185792825578,-25.0,0.7,2.1666288375854492e-05,14.381857928255783
15.88665771484375,-39.39589048403074,-25.0,0.7,0.0,14.395890484030737
15.906685829162598,-39.41203570034961,-25.0,0.7,0.0,14.412035700349612
15.926662921905518,-39.42605338936461,-25.0,0.7,0.0,14.426053389364611
15.946531772613525,-39.441393339357546,-25.0,0.7,0.0,14.441393339357546
15.96661925315857,-39.454931075105996,-25.0,0.6451791532337665,0.035344772040843964,14.454931075105996
15.986683130264282,-39.46917659061541,-25.0,0.6453595009545097,0.10534477204084397,14.469176590615412
16.006686449050903,-39.48353827704421,-25.0,0.6708174270490417,0.058776486366987235,14.483538277044211
16.026844263076782,-39.49760215279956,-25.0,0.7,0.06845714028924704,14.497602152799558
16.046645641326904,-39.511088523139435,-25.0,0.7,0.04957800049334765,14.511088523139435
16.066698789596558,-39.521501989580756,-25.0,0.7,0.0,14.521501989580756
16.086934089660645,-39.52950663132463,-25.0,0.6599123485386371,0.01635053940117359,14.52950663132463
16.106595516204834,-39.53562718910374,-25.0,0.6327543042600154,0.08366634137928486,14.535627189103742
16.126786470413208,-39.540277792391926,-25.0,0.7,0.050154050812125206,14.540277792391926
16.14668893814087,-39.54431556490227,-25.0,0.7,0.04442808451130986,14.54431556490227
16.166566371917725,-39.54729052509226,-25.0,0.7,0.0,14.547290525092258
16.186620712280273,-39.54944887188937,-25.0,0.7,0.0,14.549448871889368
16.206761360168457,-39.54866678392433,-25.0,0.7,0.0,14.548666783924332
16.226834058761597,-39.54817928746199,-25.0,0.6545220918953418,0.0,14.548179287461991
16.24689769744873,-39.54790925640826,-25.0,0.7,0.04019785299897194,14.54790925640826
16.26673197746277,-39.54779738921019,-25.0,0.7,0.08255863562226295,14.547797389210189
16.28677201271057,-39.54779832777831,-25.0,0.635970239341259,0.035949546843767166,14.54779832777831
16.3066508769989,-39.54787759428759,-25.0,0.5835849650204181,0.0,14.547877594287591
16.326746463775635,-39.54800917679111,-25.0,0.6535849650204182,0.007761357352137566,14.548009176791112
16.346686601638794,-39.54817362911723,-25.0,0.6702449735999108,0.05657912604510784,14.54817362911723
16.366660594940186,-39.548316410825436,-25.0,0.7,0.025560658425092697,14.548316410825436
16.386685609817505,-39.548480544779565,-25.0,0.6352669343352317,0.0,14.548480544779565
16.406832933425903,-39.54865518385284,-25.0,0.6711538143455982,0.07,14.548655183852837
16.427002668380737,-39.54883251698199,-25.0,0.6797911886125803,0.045351393222808845,14.548832516981989
16.446778774261475,-39.549007047753854,-25.0,0.7,0.05713227920234204,14.549007047753854
16.46685814857483,-39.5514913804074,-25.0,0.7,0.054079723246395595,14.551491380407398
16.48688054084778,-39.55319823382622,-25.0,0.659537386894226,0.024407430253922946,14.553198233826222
16.50675344467163,-39.55432008144729,-25.0,0.7,0.0,14.554320081447287
16.526875019073486,-39.55500602931785,-25.0,0.7,0.07,14.555006029317852
16.546979904174805,-39.55537113167122,-25.0,0.6928604909218847,0.0786074871942401,14.555371131671222
16.566930770874023,-39.55550375877518,-25.0,0.7,0.06356392305344344,14.555503758775181
16.58682155609131,-39.55561890901298,-25.0,0.6299999999999999,0.0,14.555618909012978
16.606683015823364,-39.55557139412475,-25.0,0.6791228401660918,0.0,14.555571394124748
16.62684917449951,-39.55309579938985,-25.0,0.6091228401660918,0.0,14.553095799389851
16.646936893463135,-39.548998951959405,-25.0,0.5859834285825489,0.0,14.548998951959405
16.666829347610474,-39.54388398612148,-25.0,0.5617934031784533,0.020942069590091705,14.543883986121479
16.687053442001343,-39.538196659548646,-25.0,0.6317934031784533,0.0,14.538196659548646
16.706807851791382,-39.532261671300915,-25.0,0.6962279315292834,0.0,14.532261671300915
16.72671675682068,-39.528627426170665,-25.0,0.7,0.0,14.528627426170665
16.746974229812622,-39.52668701231699,-25.0,0.7,0.0,14.52668701231699
16.767002820968628,-39.525974239912195,-25.0,0.7,0.0,14.525974239912195
16.786824703216553,-39.52613294826767,-25.0,0.7,0.0,14.526132948267673
16.80648422241211,-39.52627074291391,-25.0,0.6355742260813713,0.0,14.526270742913908
16.826677799224854,-39.52932877227221,-25.0,0.6908545725047588,0.0,14.529328772272208
16.8465518951416,-39.534334545458975,-25.0,0.6248256050050258,0.03366690129041672,14.534334545458975
16.866908311843872,-39.540561256761336,-25.0,0.6253180637606419,0.05413426645100117,14.540561256761336
16.886719226837158,-39.54747190346406,-25.0,0.683533171529416,0.000897606834769249,14.547471903464057
16.906810522079468,-39.55467546894817,-25.0,0.6866153775365091,0.013239124789834023,14.554675468948169
16.926952123641968,-39.561892640880934,-25.0,0.7,0.0,14.561892640880934
16.947000980377197,-39.568929055787066,-25.0,0.6384089671075344,0.0,14.568929055787066
16.966506242752075,-39.57565447643354,-25.0,0.6491267912089824,0.02863006480038166,14.575654476433542
16.9870023727417,-39.58198663880836,-25.0,0.6706462379544973,0.050230810418725014,14.58198663880836
17.006612539291382,-39.5878787682191,-25.0,0.6695835466263815,0.0,14.587878768219099
17.026501893997192,-39.592994465406704,-25.0,0.7,0.04275784641504288,14.592994465406704
17.046484231948853,-39.59775155181024,-25.0,0.699120176944416,0.0,14.59775155181024
17.06649613380432,-39.60213418167621,-25.0,0.7,0.0,14.602134181676213
17.086515188217163,-39.6061412176167,-25.0,0.6767592847347259,0.0,14.606141217616702
17.106534242630005,-39.60978176836232,-25.0,0.7,0.0,14.609781768362318
17.126566648483276,-39.61075547125325,-25.0,0.7,0.0043777055107057095,14.610755471253249
17.147034406661987,-39.609851171991714,-25.0,0.6711761809885501,0.00043182075023651123,14.609851171991714
17.166491985321045,-39.60998262999214,-25.0,0.6603925161063671,0.07043182075023652,14.609982629992139
17.18668246269226,-39.6108300401501,-25.0,0.6857521448284387,0.07860423967242242,14.610830040150098
17.206514358520508,-39.61215240325723,-25.0,0.6440235365182161,0.14860423967242242,14.612152403257227
17.22653079032898,-39.613769808646424,-25.0,0.6861699994653463,0.07860423967242242,14.613769808646424
17.24663734436035,-39.61517408129964,-25.0,0.7,0.08743042934685946,14.615174081299642
17.266641855239868,-39.616768743452404,-25.0,0.7,0.05781573493033648,14.616768743452404
17.286619186401367,-39.61613727118888,-25.0,0.6299999999999999,0.06659436009824277,14.616137271188883
17.306660652160645,-39.613976211920885,-25.0,0.7,0.0,14.613976211920885
17.32664394378662,-39.60617698978039,-25.0,0.6498171880841255,1.7472835679654963e-05,14.606176989780387
17.346606254577637,-39.59466715774676,-25.0,0.6389225924387574,0.0,14.594667157746763
17.366623163223267,-39.57856700103292,-25.0,0.7,0.0,14.578567001032923
17.3866446018219,-39.55970281257163,-25.0,0.7,0.02810484543442726,14.55970281257163
17.406588554382324,-39.54173229353143,-25.0,0.7,0.012064605951309204,14.541732293531432
17.426674365997314,-39.527172458981745,-25.0,0.6989535937784239,0.08206460595130921,14.527172458981745
17.446760892868042,-39.51536534200761,-25.0,0.7,0.012064605951309204,14.515365342007613
17.46658730506897,-39.505114101600654,-25.0,0.6902322422713041,0.016259553376585245,14.505114101600654
17.486649751663208,-39.499197343526596,-25.0,0.7,0.08127455646172166,14.499197343526596
17.506648302078247,-39.49644716756377,-25.0,0.6864920992404222,0.07799438596703112,14.496447167563772
17.526623725891113,-39.4959689181448,-25.0,0.6428963754326105,0.007994385967031115,14.495968918144797
17.546626806259155,-39.49708130864276,-25.0,0.6252174403518438,0.0,14.497081308642763
17.56666851043701,-39.499269209556836,-25.0,0.6246145531069487,0.030824026092886925,14.499269209556836
17.58687734603882,-39.50214647705663,-25.0,0.6882383390795439,0.024217482656240463,14.502146477056627
17.60669255256653,-39.50311038692907,-25.0,0.6821445180568844,0.03685562778264284,14.503110386929073
17.626651287078857,-39.505036260389474,-25.0,0.6490296116564422,0.0,14.505036260389474
17.646753311157227,-39.50757953873717,-25.0,0.6652449807617813,0.0,14.507579538737168
17.666987657546997,-39.50816827851904,-25.0,0.6533594942186027,0.0,14.508168278519037
17.686879634857178,-39.508679437428896,-25.0,0.7,0.0,14.508679437428896
17.706886053085327,-39.507827719114886,-25.0,0.6299999999999999,0.0,14.507827719114886
17.726754665374756,-39.50836816798938,-25.0,0.6701815548539161,0.015579177998006344,14.508368167989381
17.746824741363525,-39.50986134546862,-25.0,0.6835263419151305,0.007291470654308796,14.509861345468622
17.76705527305603,-39.5119769170532,-25.0,0.7,0.02144957333803177,14.511976917053197
17.786963939666748,-39.51446903573561,-25.0,0.7,0.0,14.514469035735608
17.80700373649597,-39.51715701713815,-25.0,0.6725188259035348,0.04441031068563461,14.517157017138153
17.827021837234497,-39.519910199487796,-25.0,0.6638716289773583,0.06460987217724323,14.519910199487796
17.846973419189453,-39.52263610931067,-25.0,0.6988046670332551,0.09986251406371593,14.522636109310668
17.86708402633667,-39.525271235106516,-25.0,0.6369888724759221,0.029862514063715928,14.525271235106516
17.886991262435913,-39.527773855633924,-25.0,0.7,0.0017108268290758066,14.527773855633924
17.90702509880066,-39.52994669467075,-25.0,0.6299999999999999,0.07171082682907581,14.529946694670748
17.92711353302002,-39.53200499862453,-25.0,0.6546206913143395,0.0017108268290758066,14.53200499862453
17.94643259048462,-39.53392950236963,-25.0,0.7,0.0,14.53392950236963
17.96644401550293,-39.53571035101718,-25.0,0.7,0.018865864723920822,14.53571035101718
17.986470699310303,-39.53734448556913,-25.0,0.7,0.0,14.537344485569129
18.006455659866333,-39.5388336479397,-25.0,0.7,0.009990657679736614,14.538833647939697
18.02647066116333,-39.540182868754854,-25.0,0.6822244942188262,0.06467854510992765,14.540182868754854
18.046467304229736,-39.541399330333746,-25.0,0.7,0.0994745222851634,14.541399330333746
18.066466808319092,-39.542491520230215,-25.0,0.7,0.029474522285163396,14.542491520230215
18.086555004119873,-39.54346860890001,-25.0,0.7,0.07254416432231664,14.543468608900007
18.106478691101074,-39.54433999944278,-25.0,0.7,0.08604759566485881,14.544339999442784
18.12657880783081,-39.545096562959685,-25.0,0.6487845003604888,0.05316625751554965,14.545096562959685
18.146616458892822,-39.54577187649176,-25.0,0.6615905415266752,0.012937894389033311,14.545771876491763
18.166535139083862,-39.5440566094743,-25.0,0.7,0.07512584544718265,14.544056609474303
18.18659472465515,-39.540726097682835,-25.0,0.7,0.02656295739114284,14.540726097682835
18.206779956817627,-39.53404509569007,-25.0,0.7,0.0,14.534045095690068
18.226523637771606,-39.5275293339713,-25.0,0.6689590949565172,0.0,14.527529333971302
18.24673819541931,-39.52130006712012,-25.0,0.6601902309805154,0.06461026519536972,14.521300067120123
18.266558408737183,-39.513117617577706,-25.0,0.7,0.025237135589122772,14.513117617577706
18.286623239517212,-39.506110521244096,-25.0,0.7,0.040605186484754086,14.506110521244096
18.306584358215332,-39.50010447352117,-25.0,0.6822304639965295,0.0,14.50010447352117
18.326745748519897,-39.4949520233173,-25.0,0.6936403417959809,0.0015831751516088843,14.494952023317303
18.346583366394043,-39.490478534502,-25.0,0.6436474861577153,0.0,14.490478534502003
18.36649513244629,-39.48664426031566,-25.0,0.7,0.0,14.486644260315657
18.386518239974976,-39.48567137207091,-25.0,0.6299999999999999,0.023882757872343063,14.485671372070911
18.406500339508057,-39.48671158685581,-25.0,0.5832933756709098,0.019884216599166393,14.486711586855812
18.426780700683594,-39.489122648848415,-25.0,0.6532933756709098,0.012608377262949944,14.489122648848415
18.44649076461792,-39.492422331194454,-25.0,0.6966670908033847,0.08260837726294995,14.492422331194454
18.466681957244873,-39.49625226906556,-25.0,0.7,0.08261535021785676,14.496252269065558
18.48695421218872,-39.50034957443891,-25.0,0.689696579053998,0.012615350217856758,14.500349574438907
18.506925582885742,-39.50452460399779,-25.0,0.6991638120263814,0.0,14.504524603997787
18.52647852897644,-39.50864358679402,-25.0,0.6674428831785917,0.07,14.508643586794022
18.546425342559814,-39.51261508525206,-25.0,0.5974428831785916,0.023621957451105124,14.512615085252058
18.566489219665527,-39.516063241610496,-25.0,0.6140024597942828,0.0,14.516063241610496
18.58647584915161,-39.51937325294188,-25.0,0.6171804763097315,0.00555456941947341,14.519373252941882
18.606486320495605,-39.52250007644469,-25.0,0.6568976923543959,0.0,14.522500076444693
18.626508235931396,-39.52541725416647,-25.0,0.6928910448867827,0.0,14.52541725416647
18.646497011184692,-39.52811193412363,-25.0,0.6387945212144404,0.002918929560109973,14.52811193412363
18.666436433792114,-39.53058105348491,-25.0,0.6190973970759659,0.024923112941905856,14.530581053484909
18.686479091644287,-39.53282842949321,-25.0,0.6603123735357075,0.020297399489209056,14.532828429493208
18.70646357536316,-39.534862557553225,-25.0,0.6344323869515209,0.0,14.534862557553225
18.72647738456726,-39.536694958533786,-25.0,0.5760506842005997,0.0,14.536694958533786
18.746515035629272,-39.538338951100606,-25.0,0.5416552129853516,0.019933246076107025,14.538338951100606
18.766676425933838,-39.539808751621905,-25.0,0.5621796961594372,0.03850727714598179,14.539808751621905
18.787002086639404,-39.541084869960294,-25.0,0.6045999418664723,0.03279675496742129,14.541084869960294
18.806472301483154,-39.54222678384386,-25.0,0.6445045958925038,0.1027967549674213,14.542226783843859
18.826479196548462,-39.545561735005236,-25.0,0.6626248120982199,0.03279675496742129,14.545561735005236
18.84666347503662,-39.550332034647475,-25.0,0.6636451709736138,0.04654498817399144,14.550332034647475
18.866504192352295,-39.55597357850726,-25.0,0.7,0.077286456245929,14.555973578507263
18.88642716407776,-39.562071589256874,-25.0,0.6299999999999999,0.007286456245928996,14.562071589256874
18.90648651123047,-39.56832594054736,-25.0,0.611166673824191,0.0,14.56832594054736
18.926445722579956,-39.5745240501534,-25.0,0.681166673824191,0.0,14.5745240501534
18.94647455215454,-39.57820339678202,-25.0,0.7,0.0,14.578203396782023
18.96645998954773,-39.580036291161896,-25.0,0.6299999999999999,0.0,14.580036291161896
18.986469268798828,-39.5805383702175,-25.0,0.63047331865062,0.05087275058031082,14.580538370217504
19.006463527679443,-39.58097428807227,-25.0,0.6808698057674336,0.0,14.58097428807227
19.026484966278076,-39.580481333770464,-25.0,0.7,0.0,14.580481333770464
19.04646921157837,-39.57935619480967,-25.0,0.6514207206666469,0.0,14.57935619480967
19.06648588180542,-39.57782160567755,-25.0,0.7,0.0,14.57782160567755
19.086482286453247,-39.576043064404956,-25.0,0.6752759169787168,0.07,14.576043064404956
19.106467962265015,-39.57645830010141,-25.0,0.6934841524809598,0.09493502199649811,14.576458300101407
19.12643599510193,-39.57838634684463,-25.0,0.7,0.15740107715129853,14.578386346844631
19.146480560302734,-39.581314349060555,-25.0,0.6714869204908609,0.08740107715129852,14.581314349060555
19.166424989700317,-39.58485973358634,-25.0,0.6366804976016283,0.15740107715129853,14.584859733586342
19.186450481414795,-39.5864241534626,-25.0,0.6646091647446155,0.08740107715129852,14.586424153462602
19.206422567367554,-39.58657140395112,-25.0,0.6308944642543792,0.12841220572590828,14.586571403951119
19.226466417312622,-39.586699250584736,-25.0,0.653441496938467,0.06495840474963188,14.586699250584736
19.246460437774658,-39.5835250871803,-25.0,0.7,0.08271447196602821,14.583525087180298
19.26644539833069,-39.573508370811346,-25.0,0.7,0.0698701934888959,14.573508370811346
19.286715507507324,-39.55205389633966,-25.0,0.7,0.021427609957754612,14.552053896339658
19.306548595428467,-39.516271365127125,-25.0,0.7,0.09142760995775462,14.516271365127125
19.32660222053528,-39.47147989098303,-25.0,0.6951622132211923,0.09969171293079854,14.471479890983026
19.346480131149292,-39.421611455971295,-25.0,0.7,0.02969171293079853,14.421611455971295
19.36648964881897,-39.36953094062916,-25.0,0.6830597136169672,0.0,14.369530940629161
19.38648557662964,-39.31728653403974,-25.0,0.6734496986493468,0.0,14.317286534039738
19.406736373901367,-39.26630518758322,-25.0,0.6034496986493467,0.0010645879665389657,14.266305187583221
19.426532983779907,-39.2198610940242,-25.0,0.5942721349373459,0.0,14.219861094024203
19.446548223495483,-39.17953714622225,-25.0,0.6642721349373459,0.011171034537255764,14.179537146222252
19.466575622558594,-39.14278223566143,-25.0,0.6900626549497246,0.0,14.142782235661429
19.48661160469055,-39.11410767643548,-25.0,0.6348855139687657,0.0,14.11410767643548
19.50658416748047,-39.09411763411972,-25.0,0.6165165657177567,0.0014764588559046388,14.09411763411972
19.526487112045288,-39.08300287077569,-25.0,0.6402154451236128,0.0,14.083002870775687
19.546514749526978,-39.0806619789628,-25.0,0.6543741149827837,0.0,14.080661978962802
19.56644892692566,-39.09142598477415,-25.0,0.6840416898950934,0.0,14.091425984774148
19.58646559715271,-39.11100871171695,-25.0,0.665356889180839,0.016227472573518753,14.111008711716948
19.60644841194153,-39.13620064904288,-25.0,0.7,0.04361560381948948,14.136200649042877
19.62652277946472,-39.164624703268686,-25.0,0.6744764119386673,0.032939168624579906,14.164624703268686
19.646672010421753,-39.194544609695086,-25.0,0.627586194127798,0.0,14.194544609695086
19.666797876358032,-39.22052183634598,-25.0,0.6975861941277981,0.020194096490740776,14.22052183634598
19.686657428741455,-39.247269061231975,-25.0,0.6724218618869782,0.0,14.247269061231975
19.7066171169281,-39.27384619154914,-25.0,0.61138123691082,0.0,14.27384619154914
19.72649312019348,-39.29960474006252,-25.0,0.6813812369108201,0.0,14.29960474006252
19.746933221817017,-39.324115853869344,-25.0,0.7,0.0,14.324115853869344
19.766955137252808,-39.3471145361473,-25.0,0.6955016560852527,0.0,14.347114536147302
19.786890983581543,-39.3684565852632,-25.0,0.6814503919333219,0.0,14.368456585263203
19.806974411010742,-39.38808550197636,-25.0,0.6726642239838838,0.0,14.388085501976363
19.827030181884766,-39.40600719244266,-25.0,0.7,0.029917404055595398,14.406007192442658
19.847052335739136,-39.42227075272868,-25.0,0.6410117603838443,0.03658536449074745,14.422270752728679
19.866570234298706,-39.43695398384598,-25.0,0.6747953228652477,0.05581275932490826,14.436953983845981
19.88700842857361,-39.449702339982714,-25.0,0.7,0.0,14.449702339982714
19.906962871551514,-39.461221022540464,-25.0,0.6381350241601467,0.0,14.461221022540464
19.927013397216797,-39.47158202424612,-25.0,0.6552376642823219,0.07,14.471582024246118
19.946961164474487,-39.48086586039436,-25.0,0.6099048227071762,0.0,14.48086586039436
19.96651530265808,-39.48915684391664,-25.0,0.6799048227071762,0.0,14.48915684391664
19.98644709587097,-39.49653970345015,-25.0,0.7,0.0,14.496539703450154
20.007035493850708,-39.503097223359,-25.0,0.6432126879692077,0.06992185115814209,14.503097223359
20.02649712562561,-39.50890865578009,-25.0,0.7,0.03904404491186142,14.50890865578009
20.046486377716064,-39.51404871075283,-25.0,0.7,0.08136651664972305,14.514048710752832
20.066439390182495,-39.518586974489466,-25.0,0.6441392496228218,0.011366516649723046,14.518586974489466
20.08689022064209,-39.52258764035496,-25.0,0.6709941949695348,0.0,14.522587640354963
20.106658697128296,-39.52606112060124,-25.0,0.6152044896036386,0.07,14.526061120601241
20.12665843963623,-39.5291252283708,-25.0,0.6136131606064736,0.025957904458045966,14.529125228370802
20.14674210548401,-39.531824239796784,-25.0,0.6836131606064737,0.0,14.531824239796784
20.166738271713257,-39.534198530289906,-25.0,0.6136131606064736,0.07,14.534198530289906
20.186758756637573,-39.53396835372163,-25.0,0.6381561479531228,0.04328918986022473,14.533968353721633
20.206702709197998,-39.53193523159404,-25.0,0.6483117335475981,0.0,14.53193523159404
20.22669529914856,-39.52870340149133,-25.0,0.6304669038392603,0.0,14.528703401491327
20.2466983795166,-39.52472414683284,-25.0,0.7,0.0655311793088913,14.524724146832838
20.266728162765503,-39.52033061854252,-25.0,0.7,0.0,14.520330618542523
20.286620140075684,-39.515765134868275,-25.0,0.7,0.0,14.515765134868275
20.30719494819641,-39.51120053718756,-25.0,0.6965669552329927,0.0,14.511200537187563
20.326839685440063,-39.50723743694145,-25.0,0.7,0.0,14.507237436941452
20.347157955169678,-39.503315989571114,-25.0,0.676890679448843,0.0,14.503315989571114
20.366886377334595,-39.5018431708859,-25.0,0.6463269803673029,0.030531760305166245,14.501843170885898
20.38692831993103,-39.50210993773337,-25.0,0.5763269803673028,0.0,14.502109937733373
20.4068386554718,-39.503577956027485,-25.0,0.629640667811036,0.012708424590528011,14.503577956027485
20.42693066596985,-39.50584165059572,-25.0,0.6866751603037118,0.08270842459052802,14.50584165059572
20.44682765007019,-39.50859834689873,-25.0,0.6584747444093226,0.012708424590528011,14.50859834689873
20.466984033584595,-39.51162482011801,-25.0,0.7,0.006269382778555155,14.511624820118008
20.486966848373413,-39.51475891272228,-25.0,0.7,0.0,14.514758912722279
20.5069580078125,-39.5178851569671,-25.0,0.6764094743877649,0.0,14.517885156967097
20.526890516281128,-39.52092355806015,-25.0,0.7,0.026966119185090065,14.520923558060147
20.546926736831665,-39.52356157546319,-25.0,0.6873718405142426,0.03743329085409641,14.52356157546319
20.566916704177856,-39.52611126234261,-25.0,0.7,0.10518492944538593,14.52611126234261
20.5864577293396,-39.52853239984257,-25.0,0.7,0.035184929445385926,14.528532399842568
20.606481790542603,-39.53080044063832,-25.0,0.6299999999999999,0.10518492944538593,14.530800440638323
20.626895427703857,-39.53290236948601,-25.0,0.7,0.035184929445385926,14.53290236948601
20.64713191986084,-39.53483352411474,-25.0,0.7,0.10518492944538593,14.534833524114738
20.666757106781006,-39.534278818854666,-25.0,0.6834398850798606,0.1475191656500101,14.534278818854666
20.686664819717407,-39.53201210317481,-25.0,0.7,0.13916721381247044,14.532012103174807
20.707046270370483,-39.526299649536796,-25.0,0.6654233455657959,0.06916721381247043,14.526299649536796
20.72672939300537,-39.51602805678803,-25.0,0.6832676406949758,0.0032267443090677195,14.51602805678803
20.747053384780884,-39.50054413390969,-25.0,0.7,0.02238062053918838,14.500544133909692
20.76682758331299,-39.48710059674339,-25.0,0.6658235684037208,0.02711270779371261,14.487100596743389
20.786760807037354,-39.46322683924721,-25.0,0.6364108480513095,0.0,14.463226839247213
20.806711196899414,-39.42347225288756,-25.0,0.5890468217432498,0.0,14.423472252887557
20.82673931121826,-39.37605122965107,-25.0,0.6552846290171146,0.036877721548080444,14.376051229651068
20.846795797348022,-39.32455502545994,-25.0,0.5980094268918037,0.06629779189825058,14.324555025459937
20.866883039474487,-39.271585457339874,-25.0,0.6553007259964942,0.0,14.271585457339874
20.887123584747314,-39.22362122298441,-25.0,0.670963355153799,0.0,14.223621222984413
20.907137155532837,-39.18271403586705,-25.0,0.6680475355125963,0.0,14.18271403586705
20.92704486846924,-39.15010298827391,-25.0,0.7,0.0,14.150102988273908
20.946715831756592,-39.12411373749174,-25.0,0.7,0.0,14.12411373749174
20.966941356658936,-39.10572514917997,-25.0,0.7,0.06779030710458755,14.105725149179968
20.986613988876343,-39.08975970732474,-25.0,0.7,0.06526840594597161,14.089759707324738
21.00680923461914,-39.08387155346076,-25.0,0.7,0.042790060164406896,14.08387155346076
21.02675485610962,-39.08977076441012,-25.0,0.7,0.05503657949157059,14.089770764410119
21.04724383354187,-39.10370177514298,-25.0,0.7,0.031246830942109227,14.10370177514298
21.06701421737671,-39.122844366474936,-25.0,0.6841746985912323,0.09179487195797265,14.122844366474936
21.08646512031555,-39.145102318713384,-25.0,0.6917412027716636,0.02179487195797264,14.145102318713384
21.107046604156494,-39.16893753368769,-25.0,0.6529441893100738,0.018627346092835062,14.16893753368769
21.126965284347534,-39.19324010992502,-25.0,0.7,0.0,14.193240109925021
21.14699912071228,-39.214910466248114,-25.0,0.7,0.0,14.214910466248114
21.16714572906494,-39.23418141420598,-25.0,0.7,0.05904105678200722,14.234181414205977
21.18643832206726,-39.25127789629581,-25.0,0.6877203805372119,0.026877310127019882,14.25127789629581
21.206750631332397,-39.26612149854012,-25.0,0.68248698329553,0.06142723932862282,14.266121498540123
21.22675585746765,-39.27930105543351,-25.0,0.6144239476881921,0.0,14.279301055433507
21.246915340423584,-39.29097745317819,-25.0,0.6353438201360404,0.0,14.290977453178193
21.267170190811157,-39.30130205578054,-25.0,0.7,0.0,14.301302055780539
21.28717041015625,-39.310415624133775,-25.0,0.7,0.009311417117714882,14.310415624133775
21.306825876235962,-39.318447844677905,-25.0,0.6435571953654289,0.054818348959088326,14.318447844677905
21.326764345169067,-39.32783364196633,-25.0,0.6017502553761005,0.0,14.327833641966329
21.346890211105347,-39.33791224547467,-25.0,0.598406300228089,0.07,14.33791224547467
21.366981267929077,-39.348206438096966,-25.0,0.625604801159352,0.085086242929101,14.348206438096966
21.3865966796875,-39.35837907234479,-25.0,0.6369093324057757,0.030018495097756392,14.358379072344789
21.40713620185852,-39.36819917583036,-25.0,0.6403689687605947,0.0,14.368199175830362
21.42666220664978,-39.37672524039568,-25.0,0.5727309813257306,0.0,14.376725240395679
21.44673752784729,-39.38491815750161,-25.0,0.6427309813257307,0.02059227041900158,14.384918157501609
21.466670751571655,-39.39266375344372,-25.0,0.7,0.0,14.39266375344372
21.48672580718994,-39.39989451450362,-25.0,0.7,0.0,14.399894514503622
21.506638526916504,-39.406577115392736,-25.0,0.7,0.0157309640198946,14.406577115392736
21.52665948867798,-39.412702855721015,-25.0,0.7,0.0,14.412702855721015
21.54691433906555,-39.418280368368755,-25.0,0.6835294280201196,0.0,14.418280368368755
21.566808462142944,-39.42333009804791,-25.0,0.64131482206285,0.0,14.423330098047913
21.586630821228027,-39.42788015491926,-25.0,0.6384455541148781,0.0,14.427880154919258
21.606662034988403,-39.434279580658135,-25.0,0.6418302031699568,0.0,14.434279580658135
21.626652240753174,-39.44179488562548,-25.0,0.5820144312921911,0.07,14.441794885625477
21.646788120269775,-39.44831986527298,-25.0,0.6231927508953958,0.14,14.448319865272978
21.666719913482666,-39.45555234731818,-25.0,0.6931927508953959,0.07,14.455552347318182
21.686787128448486,-39.46308563538356,-25.0,0.6644842072669417,0.048223025798797614,14.463085635383557
21.706604480743408,-39.47062931841564,-25.0,0.7,0.11822302579879762,14.47062931841564
21.726590633392334,-39.475665060539114,-25.0,0.7,0.048223025798797614,14.475665060539114
21.746704816818237,-39.478826119551826,-25.0,0.6318037331104278,0.0,14.478826119551826
21.766560077667236,-39.478285402914196,-25.0,0.6552889131009578,0.008344643749296665,14.478285402914196
21.786593914031982,-39.47518775590173,-25.0,0.6518430894240737,0.013816982507705688,14.475187755901729
21.806607961654663,-39.46807940517665,-25.0,0.6415746200829744,0.06712004542350769,14.468079405176653
21.826575994491577,-39.45605628990644,-25.0,0.5715746200829743,0.06342187337577343,14.456056289906442
21.846826314926147,-39.44325269139958,-25.0,0.6415746200829744,0.0023621339350938797,14.443252691399579
21.866650104522705,-39.432136280284524,-25.0,0.6489229875616729,0.05530410446226597,14.432136280284524
21.886723518371582,-39.42059287004733,-25.0,0.6595602233894169,0.12530410446226597,14.42059287004733
21.906594038009644,-39.40674075184467,-25.0,0.7,0.05530410446226597,14.406740751844673
21.926838636398315,-39.39165012138578,-25.0,0.7,0.06269731605425477,14.39165012138578
21.946622848510742,-39.37609695652009,-25.0,0.7,0.05995896831154823,14.376096956520087
21.966786861419678,-39.36063242631719,-25.0,0.7,0.006174169480800629,14.360632426317189
21.986576318740845,-39.345637026066555,-25.0,0.6592199325561523,0.0,14.345637026066555
22.006870985031128,-39.33367902456214,-24.99999971028634,0.7,0.0,14.333679314275798
22.02653980255127,-39.32182954454471,-24.99999219730147,0.7,0.0,14.321837347243243
22.04681921005249,-39.3103677332148,-24.999963966878045,0.6325259774923324,0.0,14.310403766336751
22.06711196899414,-39.30179361187061,-24.999901373064734,0.658442660048604,5.582620724453591e-05,14.301892238805873
22.086745023727417,-39.29434934081187,-24.99979090810078,0.6424337372183799,0.0,14.294558432711089
22.10686182975769,-39.29130423541068,-24.99961920195111,0.6366925456561148,0.0,14.291685033459569
22.12686324119568,-39.29139495779074,-24.99937302184143,0.6744515144266188,0.0,14.292021935949315
22.14674186706543,-39.29597772186922,-24.999039271793322,0.6584178035147488,0.0374690406024456,14.2969384500759
22.16708493232727,-39.303559791919156,-24.998604992159375,0.6950483818538487,0.10746904060244561,14.30495479975978
22.18673014640808,-39.31302529653473,-24.998057359158256,0.7,0.046202543824911124,14.314967937376476
22.206709146499634,-39.32354953556282,-24.997383684409836,0.6578894078731536,0.0,14.326165851152982
22.22707486152649,-39.33684813367176,-24.996571414470278,0.7,0.0,14.34027671920148
22.246755838394165,-39.349406916065654,-24.99560813036715,0.7,0.0,14.353798785698505
22.266782522201538,-39.36112085157009,-24.994481547134523,0.6299999999999999,0.021372463554143906,14.36663930443557
22.287172079086304,-39.371939253437304,-24.993179513348075,0.6142540342360734,0.03247498907148838,14.37875974008923
22.306990385055542,-39.38133206614533,-24.991690010660196,0.6842540342360734,0.0,14.389642055485137
22.327223539352417,-39.39000559714137,-24.99000115333509,0.7,0.04387170448899269,14.400004443806278
22.346983194351196,-39.39795093915231,-24.988101187783887,0.7,0.0,14.409849751368423
22.366846084594727,-39.40518109670397,-24.98597849209972,0.6496074728667736,0.057554446160793304,14.419202604604251
22.38734722137451,-39.41172395109584,-24.983621575592856,0.7,0.0,14.42810237550298
22.407291412353516,-39.41761698193453,-24.981019078325797,0.64681366533041,0.020840872079133987,14.436597903608732
22.426952123641968,-39.422903347851836,-24.97815977064836,0.7,0.0,14.444743577203475
22.447272777557373,-39.427629014578116,-24.975032552732802,0.7,0.004124495200812817,14.452596461845314
22.46710991859436,-39.4318406861775,-24.97162645410892,0.7,0.07412449520081282,14.46021423206858
22.48717474937439,-39.435584348665685,-24.96793063319915,0.7,0.055348089598119266,14.467653715466536
22.507240056991577,-39.438904277359384,-24.963934376853665,0.7,0.06094377318397165,14.47496990050572
22.527318954467773,-39.441786724213046,-24.959627099885484,0.639277708530426,0.0005349127389490671,14.482159624327561
22.547301530838013,-39.444345006436734,-24.954998344605585,0.7,0.0,14.48934666183115
22.567317008972168,-39.44661070699775,-24.95003778035799,0.6648536331951618,0.0,14.496572926639761
22.58697772026062,-39.44861347376561,-24.944735203054886,0.6277900196611881,0.0,14.503878270710725
22.606784105300903,-39.450380829162285,-24.939080534711703,0.628438686998561,0.0,14.511300294450582
22.626771688461304,-39.44962174588086,-24.93306382298225,0.6089095250237733,0.056539326906204224,14.516557922898613
22.64708161354065,-39.44944420139212,-24.92667524069379,0.6789095250237733,0.08206685073673725,14.522768960698329
22.66680073738098,-39.44967526153129,-24.919905085382158,0.7,0.06296092830598354,14.529770176149132
22.68717336654663,-39.45018404088113,-24.912743778826865,0.6932994120754301,0.11641139350831509,14.537440262054268
22.70733904838562,-39.45087230973263,-24.90518186658619,0.7,0.04641139350831508,14.54569044314644
22.727251768112183,-39.45166710922602,-24.897210017532295,0.6923038221895694,0.03418348014354705,14.554457091693727
22.746578216552734,-39.45235717443837,-24.888819023386322,0.6472760967910289,0.010566734075546258,14.563538151052047
22.767152547836304,-39.453114088197275,-24.884463502793775,0.5772760967910289,0.027633691504597657,14.5686505854035
22.786672115325928,-39.451581137182195,-24.870743378158235,0.5095725367963313,0.0,14.58083775902396
22.806570053100586,-39.44849809168042,-24.86104092057924,0.5795725367963314,0.0,14.587457171101182
22.826593160629272,-39.44441963422798,-24.850883703984607,0.5670987589284777,0.0,14.59353593024337
22.846623420715332,-39.43975727043267,-24.84026312736694,0.5895776243880391,0.037041548639535904,14.599494143065733
22.866631746292114,-39.43481221282409,-24.829170709778424,0.6454146148636937,0.10704154863953591,14.605641503045668
22.88660192489624,-39.42980112809444,-24.81759808986597,0.7,0.11564888589084149,14.612203038228468
22.90668296813965,-39.427192596908796,-24.805537025406284,0.7,0.06899189732968808,14.621655571502512
22.927284240722656,-39.42863792803117,-24.792979392840977,0.6691195003688335,0.11032246954739094,14.635658535190196
22.946558237075806,-39.4305445529259,-24.779917186811687,0.6885522183030843,0.04032246954739094,14.650627366114215
22.96708059310913,-39.43219993333795,-24.766342519695154,0.7,0.0,14.665857413642794
22.98715853691101,-39.434158578086134,-24.75224762113835,0.7,0.05007344111800194,14.681910956947785
23.007439374923706,-39.43395989634738,-24.737624837593557,0.7,0.041910020634531975,14.696335058753824
23.026662826538086,-39.43226801409666,-24.722466631853496,0.6854421792551875,0.051533366553485394,14.70980138224316
23.04740023612976,-39.42726722529258,-24.706765582586414,0.677254219353199,0.0,14.720501642706168
23.067042112350464,-39.42009993002611,-24.690514383871182,0.6861814239993691,0.04092094674706459,14.72958554615493
23.087165594100952,-39.41161671508557,-24.673705844732414,0.6713226044550538,0.06765098497271538,14.737910870353158
23.10698938369751,-39.40244306232708,-24.656332888675564,0.6013226044550537,0.05620028264820576,14.746110173651516
23.1271071434021,-39.39303161561939,-24.638388553222022,0.5498197061195969,0.0,14.75464306239737
23.14692997932434,-39.38370303956751,-24.61986598944423,0.5888006185367702,0.0,14.763837050123279
23.16699242591858,-39.374677877481695,-24.600758461500767,0.6169927102699875,0.0,14.773919415980927
23.186877965927124,-39.36684200133546,-24.581059346171482,0.5870799199864267,0.0446675568819046,14.785782655163981
23.206823110580444,-39.35929801025572,-24.56076213239256,0.5730173439905046,0.05822403822094202,14.79853587786316
23.226935386657715,-39.352155577912924,-24.53986042079166,0.6061535814031958,0.002916851080954075,14.812295157121266
23.24701452255249,-39.347796646538,-24.518347923222983,0.6294058264419435,0.05481008905917406,14.829448723315018
23.26701068878174,-39.345485959621534,-24.496218462302412,0.6994058264419436,0.08596053626388311,14.849267497319122
23.287065744400024,-39.344658841119646,-24.473465970942595,0.661819420568645,0.06709600891917944,14.871192870177051
23.30710482597351,-39.34488397881788,-24.45008449188804,0.6404921075329184,0.03305479418486357,14.894799486929845
23.32704210281372,-39.34815040767881,-24.426068177250233,0.7,0.06214358936995268,14.922082230428575
23.347017765045166,-39.353443171462374,-24.40141128804275,0.6299999999999999,0.03014442604035139,14.952031883419625
23.367053508758545,-39.36000389759045,-24.376108193716327,0.6704852777719497,0.03188651823438704,14.983895703874126
23.38729977607727,-39.364956070218376,-24.350153371694002,0.6863843641430138,0.0,15.014802698524374
23.40703558921814,-39.369255672928915,-24.323541406906184,0.7,0.022163813933730125,15.045714266022731
23.426674365997314,-39.37239348393647,-24.296266991325783,0.6299999999999999,0.032082449644804,15.076126492610687
23.447042226791382,-39.37464164049351,-24.268324923503297,0.6398825721070169,0.0,15.10631671699021
23.467275619506836,-39.37621261055701,-24.23971010810192,0.6052785032615065,0.03699259087443352,15.136502502455091
23.487149715423584,-39.37727181738894,-24.21041755543265,0.6752785032615065,0.10699259087443352,15.166854261956288
23.50752568244934,-39.377947648214466,-24.18044238098938,0.667214610427618,0.06757866933941842,15.197505267225086
23.527500867843628,-39.37833938212095,-24.149779804984014,0.6209336750209331,0.03481101214885712,15.228559577136934
23.547200679779053,-39.378523463763166,-24.118425151881567,0.6631627649068832,0.016836253628134734,15.260098311881599
23.566973209381104,-39.378558462755315,-24.086373849935264,0.6917982723563909,0.08683625362813474,15.292184612820051
23.58683967590332,-39.3784889894623,-24.05362143072164,0.6217982723563908,0.10238350681960584,15.324867558740657
23.606799125671387,-39.378348782726306,-24.02016352867566,0.5517982723563908,0.042817951515316977,15.358185254050646
23.62696385383606,-39.37822705165847,-23.985995880625797,0.5969695518165825,0.0,15.392231171032673
23.646817684173584,-39.37805745103803,-23.95111432532916,0.6669695518165826,0.0,15.42694312570887
23.666917324066162,-39.37785907096974,-23.915514803006584,0.7,0.0,15.462344267963157
23.68682885169983,-39.37532958146179,-23.87919335487773,0.6919081525877118,0.07,15.49613622658406
23.70713520050049,-39.373563961479995,-23.842146122696203,0.6731423528864979,0.08649782806634904,15.531417838783792
23.72713303565979,-39.37005909496117,-23.804369348284634,0.6031423528864979,0.10613110259175301,15.565689746676536
23.746851205825806,-39.36775490031243,-23.7658593730698,0.6731423528864979,0.036131102591753006,15.601895527242625
23.76695489883423,-39.36634539564662,-23.72661263761773,0.7,0.029136912431567907,15.639732758028888
23.78690457344055,-39.365594472475095,-23.686625681168792,0.6935075906105339,0.005148108582943678,15.678968791306303
23.807111740112305,-39.365320777618145,-23.6458951411728,0.7,0.07514810858294368,15.719425636445344
23.826866626739502,-39.36538576940563,-23.604417752824133,0.6838071279227733,0.005148108582943678,15.760968016581494
23.84682822227478,-39.365442196934836,-23.562190348596822,0.6594286512583494,0.053349103312939405,15.803251848338014
23.86687397956848,-39.36573328527639,-23.519209857779657,0.6461287949234247,0.06849597813561559,15.846523427496734
23.886988401412964,-39.36617969282239,-23.47547330601129,0.6904099237173795,0.027902015019208193,15.890706386811104
23.907244205474854,-39.366722217023984,-23.430977814815343,0.7,0.0,15.935744402208641
23.926991939544678,-39.36731720380536,-23.385720601135503,0.6861615346744656,0.07,15.981596602669853
23.947314023971558,-39.36793294925429,-23.33969897687064,0.7,0.0,16.02823397238365
23.96705651283264,-39.36854688536146,-23.292910348409887,0.7,0.030981386080384254,16.075636536951574
23.98728060722351,-39.36914338451439,-23.245352216167767,0.6827511627227068,0.04105183947831392,16.12379116834662
24.00710701942444,-39.369712051628426,-23.19702217411928,0.6644382651895284,0.07022382225841284,16.172689877509146
24.02708125114441,-39.37024639999169,-23.14791790933501,0.6560946701094508,0.020453165285289288,16.222328490656682
24.047080278396606,-39.37074282852811,-23.098037201516235,0.6856955064460635,0.012197679840028286,16.272705627011874
24.06730556488037,-39.37117384045786,-23.047377922530018,0.7,0.0,16.32379591792784
24.08701729774475,-39.371574050935415,-22.995938035944327,0.6299999999999999,0.0,16.375636014991088
24.107006549835205,-39.37194231982261,-22.943715596563123,0.6568929973244666,0.020429737865924835,16.428226723259485
24.126922607421875,-39.372278697019006,-22.890708749961465,0.5868929973244665,0.0,16.48156994705754
24.14696717262268,-39.37258405768597,-22.83691573202062,0.6568929973244666,0.0,16.53566832566535
24.16701579093933,-39.37285982713082,-22.78233486846317,0.6234261329472064,0.011794526129961014,16.590524958667647
24.186818599700928,-39.3731077752176,-22.726964574388095,0.6265303759090601,0.0,16.646143200829503
24.206824779510498,-39.37332986448819,-22.6708033538059,0.6493061302416026,0.0,16.70252651068229
24.226839303970337,-39.375844487676275,-22.613849799173703,0.6453264957480132,0.06295512616634369,16.761994688502572
24.246957540512085,-39.37988518742006,-22.55610259093034,0.6477893457002937,0.1329551261663437,16.823782596489718
24.266873121261597,-39.38487937785399,-22.49756049703148,0.6800820283778011,0.06546074122190476,16.887318880822512
24.286723613739014,-39.38921546149647,-22.438222372484706,0.7,0.023433442860841758,16.950993089011764
24.306994438171387,-39.39416892142227,-22.378087158884647,0.6847848108038306,0.03524093579500914,17.016081762537624
24.327155590057373,-39.399420650919225,-22.317153883948052,0.6716693852096796,0.0,17.082266766971173
24.346978425979614,-39.40474114384874,-22.255421661048917,0.6871990280225873,0.014270944520831108,17.14931948279982
24.366875410079956,-39.40765282940241,-22.192889688753567,0.7,0.0,17.21476314064884
24.38683271408081,-39.40881466734188,-22.12955725035578,0.6746555145829916,0.0,17.2792574169861
24.40673017501831,-39.40873047526638,-22.065423713411878,0.6840154992416501,0.07,17.343306761854503
24.426726818084717,-39.40778303400677,-22.000488529275827,0.6312016302719712,0.0,17.40729450473094
24.44706153869629,-39.40626096647573,-21.93475123263435,0.669031591899693,0.07,17.471509733841376
24.466936111450195,-39.406696236797124,-21.86821144104203,0.6771940531209111,0.0,17.538484795755096
24.486924648284912,-39.40847956417279,-21.8008688544564,0.6935815250501036,0.0,17.607610709716386
24.5069317817688,-39.41002789453085,-21.732723254773063,0.6873884106054902,0.0,17.677304639757786
24.52683997154236,-39.41249652613419,-21.663774505360784,0.7,0.062082186341285706,17.748722020773407
24.546905755996704,-39.415539320443955,-21.594022550596595,0.7,0.0686663486994803,17.82151676984736
24.566765308380127,-39.418900724409575,-21.523467415400905,0.6547362960875034,0.0060651847161352634,17.89543330900867
24.58683967590332,-39.42239483896098,-21.45210920477259,0.6370589107275009,0.0,17.970285634188393
24.606827974319458,-39.42588904466967,-21.379948103324114,0.6006044752895832,0.0,18.045940941345552
24.62683081626892,-39.42929122427421,-21.306984374816615,0.6563156217336654,0.0,18.122306849457594
24.646992683410645,-39.4325398202662,-21.233218361695023,0.6666293542832136,0.07,18.199321458571177
24.666810274124146,-39.435596123685094,-21.158650484623145,0.6285347033292055,0.13706388294696809,18.27694563906195
24.686999320983887,-39.43843831589494,-21.083281242018785,0.6985347033292055,0.16043712913990021,18.355157073876157
24.706770181655884,-39.44105688497649,-21.007111209588846,0.7,0.09043712913990021,18.433945675387644
24.726741552352905,-39.44333039350833,-20.930141039864424,0.7,0.10923019610345364,18.51318935364391
24.746703386306763,-39.44542503585339,-20.852371461735913,0.7,0.03923019610345363,18.593053574117477
24.76706075668335,-39.44734023716995,-20.77380327998811,0.7,0.030309645757079118,18.673536957181845
24.787144422531128,-39.44676397924931,-20.694437374835324,0.7,0.028261022008955472,18.752326604413987
24.80737566947937,-39.43983969356085,-20.614274701456473,0.6802609048783779,0.038217269182205194,18.825564992104376
24.826879501342773,-39.42637233277721,-20.53331628953019,0.7,0.06274681940674781,18.89305604324702
24.846996307373047,-39.40639886289184,-20.45156324276992,0.6771269652992487,0.11824503943324088,18.95483562012192
24.867162942886353,-39.384749123742644,-20.36901673845903,0.7,0.1515411402285099,19.015732385283613
24.887001991271973,-39.36250565735097,-20.28567802698591,0.7,0.185791075527668,19.076827630365063
24.907087802886963,-39.34043602383246,-20.201548431379074,0.7,0.11579107552766799,19.138887592453386
24.92716908454895,-39.319068774071496,-20.116629346842267,0.7,0.07168990805745123,19.20243942722923
24.946760892868042,-39.30051718229724,-20.030922240289573,0.6897696059197187,0.02617505997419356,19.269594942007668
24.966721534729004,-39.2803292042095,-19.9444286498805,0.6459812249988317,0.012574456296861158,19.335900554329
24.98693561553955,-39.25258763198594,-19.8571501845551,0.6146964531391859,0.03385927494615315,19.39543744743084
25.006752252578735,-39.20643251882114,-19.769088523569067,0.5446964531391858,0.10385927494615316,19.43734399525207
25.026818990707397,-39.14638778558384,-19.680245416028846,0.533732438571751,0.0916088431328535,19.466142369554994
25.04675817489624,-39.08059441478325,-19.59062268042672,0.6037324385717511,0.07702274184674024,19.48997173435653
25.066826343536377,-39.01022578207418,-19.50022220417593,0.6737324385717511,0.023028626404702657,19.51000357789825
25.086917400360107,-38.940850167927444,-19.409045943145774,0.7,0.042031080760061734,19.53180422478167
25.10672903060913,-38.87630902006009,-19.317095921196703,0.6299999999999999,0.0,19.55921309886339
25.126906871795654,-38.816826772930604,-19.224374229715423,0.5740724551677703,0.0,19.59245254321518
25.147230625152588,-38.76242598752906,-19.130883027150027,0.5767504012864082,0.07,19.631542960379036
25.167041778564453,-38.71519383672544,-19.036624538545052,0.5793343583308159,0.030252940654754645,19.67856929818039
25.186811447143555,-38.67429660175594,-18.941601055076617,0.5944392249174415,0.017355043143033988,19.732695546679324
25.20685315132141,-38.64119366568542,-18.84581493358752,0.6041243482567369,0.01290583627298475,19.7953787320979
25.22704267501831,-38.61669326950385,-18.749268596122313,0.6480379920639097,0.00035991629585624407,19.867424673381535
25.24684762954712,-38.6011300825567,-18.651964529462454,0.6197144590504466,0.03645822143182159,19.949165553094247
25.266765117645264,-38.59450102042033,-18.553905284661383,0.6897144590504467,0.0,20.04059573575895
25.286828994750977,-38.59425213472007,-18.455093476579606,0.7,0.010227255523204803,20.139158658140467
25.30676817893982,-38.598441354036375,-18.355531783419835,0.6685378298163414,0.042537055909633636,20.24290957061654
25.32681107521057,-38.6079191358753,-18.25522294626208,0.6202937632799148,0.09968115389347076,20.35269618961322
25.34677529335022,-38.6231368118694,-18.15416976859873,0.5783062137663364,0.06445476412773132,20.46896704327067
25.36695909500122,-38.639623897666866,-18.052375115869687,0.5503382019698619,0.13445476412773133,20.58724878179718
25.386888027191162,-38.65393840649151,-17.949841914997453,0.48033820196986193,0.11514892213046551,20.70409649149406
25.40683102607727,-38.668986397298774,-17.846573153922236,0.5299364785850047,0.14464989461004735,20.822413243376538
25.427058696746826,-38.68414726213424,-17.742571881137053,0.4599364785850047,0.07464989461004734,20.941575380997186
25.44670343399048,-38.69898696407817,-17.637841205222824,0.5299364785850047,0.004649894610047334,21.06114575885535
25.466680765151978,-38.710896145712134,-17.532384294383498,0.5052904087305068,0.000711812470108264,21.178511851328636
25.486722707748413,-38.71813963200295,-17.426204375981136,0.5309542725980281,0.0,21.291935256021816
25.506722927093506,-38.71731882015962,-17.31930473607103,0.5018153499066829,0.0633927434682846,21.39801408408859
25.52679443359375,-38.703969292847624,-17.211688718936777,0.5580957132577895,0.009586125612258911,21.492280573910847
25.546827793121338,-38.67532034614264,-17.103359726625424,0.6280957132577896,0.07958612561225892,21.571960619517217
25.566643953323364,-38.63448341407639,-16.99432121848254,0.6262181448284536,0.1017209642380476,21.640162195593852
25.586665391921997,-38.58625719896438,-16.884576710687323,0.6749352897051721,0.10784739365801216,21.70168048827706
25.606756925582886,-38.54438596773039,-16.77412977578772,0.6337054083589464,0.11308226704597474,21.77025619194267
25.626703023910522,-38.497815857289176,-16.66298404223552,0.6356716717593371,0.06871452525258065,21.834831815053654
25.64679765701294,-38.451525695728435,-16.551143193921437,0.6086750908754766,0.13871452525258066,21.900382501806998
25.666842460632324,-38.40433360538586,-16.438610969710254,0.6361479463987052,0.08043899700045587,21.965722635675604
25.68694043159485,-38.35775879549388,-16.32539116297589,0.6654863993637263,0.056439911350607885,22.03236763251799
25.706960201263428,-38.31284021068607,-16.211487621136527,0.7,0.1264399113506079,22.101352589549542
25.726703643798828,-38.27025583193143,-16.096904245189705,0.7,0.1964399113506079,22.173351586741724
25.747047662734985,-38.23041505378696,-15.981644989247421,0.6714870881289243,0.2557272955030203,22.248770064539542
25.766951322555542,-38.193529926395485,-15.865713860071228,0.6465594477951526,0.19227927617728713,22.327816066324257
25.787298440933228,-38.157353491689555,-15.749114916607363,0.6152841977775096,0.19350761067587885,22.408238575082194
25.806628465652466,-38.120306379059365,-15.63185226952181,0.6456010870635509,0.12350761067587884,22.488454109537557
25.8266122341156,-38.08814113001613,-15.513930080735443,0.6007003009319305,0.1339115716191009,22.57421104928069
25.847379446029663,-38.04875514861432,-15.395352562959117,0.596240237634629,0.11284763847012075,22.6534025856552
25.86655306816101,-37.98917736462857,-15.276123979228743,0.5938042446970939,0.08823236372787507,22.713053385399824
25.88782262802124,-37.89166508706469,-15.156248642440428,0.663804244697094,0.15823236372787508,22.73541644462426
25.906877040863037,-37.754159741956435,-15.035730914885578,0.6479896479099989,0.13274442669469866,22.71842882707086
25.927062511444092,-37.592499933758795,-14.914575207785965,0.6936359130591154,0.09500137608963999,22.67792472597283
25.94749927520752,-37.41832343539351,-14.792785980828867,0.6511145815998316,0.1564695340069011,22.625537454564643
25.967231035232544,-37.24004349216183,-14.670367741702156,0.6720210299640894,0.1741388746025041,22.569675750459673
25.98689556121826,-37.065928273498145,-14.547325045629393,0.6247501210123301,0.21176418740767988,22.518603227868752
26.00668740272522,-36.89929457908422,-14.423662494904955,0.5564370960742235,0.14176418740767988,22.475632084179267
26.026716470718384,-36.74456536635998,-14.299384738429112,0.48643709607422353,0.1804265055479482,22.445180627930867
26.04686665534973,-36.61022551344839,-14.174496471243152,0.5564370960742235,0.1104265055479482,22.43572904220524
26.066594123840332,-36.48322900730801,-14.049002434064475,0.5998020083457232,0.13885668244678528,22.434226573243535
26.0865478515625,-36.3646800255156,-13.922907412821667,0.5298020083457231,0.17512954351026566,22.44177261269393
26.106606245040894,-36.257439222679075,-13.796216238189677,0.5998020083457232,0.15265883271116765,22.461222984489396
26.126604080200195,-36.160879179552616,-13.66893378512484,0.6149548752978444,0.22265883271116765,22.491945394427773
26.14658808708191,-36.074282612722385,-13.541064972400033,0.6177496388368309,0.15265883271116765,22.533217640322352
26.16657543182373,-35.99688872481074,-13.412614762139754,0.6877496388368309,0.21600198511499913,22.584273962670984
26.187277793884277,-35.92792654522662,-13.283588159355233,0.7,0.27331665669102223,22.644338385871386
26.207170963287354,-35.866638356112084,-13.15399021147953,0.6406477734446525,0.21835498277563603,22.712648144632553
26.227675437927246,-35.81229561427184,-13.023826007902645,0.6660270996391773,0.17582111571449788,22.788469606369194
26.24723219871521,-35.764209241338655,-12.893100679506619,0.5968331851065158,0.10582111571449787,22.871108561832038
26.26730251312256,-35.722459424654666,-12.761819398200638,0.5360574319958686,0.0933250214951113,22.96064002645403
26.286584615707397,-35.67390573384029,-12.629987376456128,0.46605743199586863,0.10953288786578924,23.043918357384165
26.30656671524048,-35.59874235176238,-12.497609866841868,0.4642661451315507,0.17953288786578925,23.101132484920512
26.32741665840149,-35.488546537294184,-12.364692161559091,0.47728082583751524,0.13953070946503432,23.123854375735093
26.34719705581665,-35.35692208003144,-12.23123959197658,0.4647337184241041,0.16618319087196143,23.125682488054856
26.367392539978027,-35.213882655536985,-12.09725752816579,0.4906153180589899,0.09618319087196142,23.116625127371194
26.38667631149292,-35.0666844070874,-11.962751378435927,0.5433491491666063,0.035985640068538494,23.103933028651475
26.40669846534729,-34.92279326321102,-11.827726588869067,0.5110216722777112,0.0981463071005419,23.09506667434195
26.426754474639893,-34.787307753328186,-11.69218864285525,0.4553998471191152,0.08507165574003012,23.095119110472936
26.446603298187256,-34.663547686579534,-11.55614306062759,0.5162292518606408,0.15507165574003012,23.107404625951943
26.466636419296265,-34.55350991460071,-11.419595398797396,0.49574185581412156,0.1590917804138735,23.133914515803312
26.48659110069275,-34.45797231157098,-11.28255124988922,0.4294733297964557,0.21230588339734824,23.175421061681757
26.50648331642151,-34.37527157568741,-11.14501624187601,0.4994733297964557,0.14230588339734823,23.230255333811396
26.526447772979736,-34.30598299363355,-11.006996037714217,0.5637491980334743,0.21230588339734824,23.298986955919332
26.54640555381775,-34.24551997622098,-10.868496334878847,0.5021084921201691,0.21538902654778214,23.377023641342134
26.566457509994507,-34.19278051964772,-10.72952286489863,0.5721084921201691,0.17030829771887512,23.46325765474909
26.586482286453247,-34.14679564001932,-10.590081392891069,0.5021084921201691,0.10030829771887512,23.55671424712825
26.606414794921875,-34.106714283932845,-10.450177717097569,0.536209382279776,0.1268193820072338,23.65653656683528
26.62640643119812,-34.064840695365774,-10.309817668418535,0.5847961494466289,0.11441026586573572,23.75502302694724
26.64647126197815,-34.01587678692615,-10.169007109948481,0.5147961494466289,0.16876922878902406,23.84686967697767
26.666471004486084,-33.94706408311206,-10.02775193651113,0.47177973063196976,0.12100973683875055,23.91931214660093
26.686485052108765,-33.861645649901504,-9.886058074194507,0.4615838243579491,0.05100973683875054,23.975587575706996
26.706462144851685,-33.78748318535194,-9.743931479886058,0.3915838243579491,0.08094315405469388,24.04355170546588
26.726500749588013,-33.70255465066244,-9.601378140807734,0.4516399296140297,0.15094315405469388,24.10117650985471
26.74651575088501,-33.614702844992784,-9.458404074051115,0.3816399296140297,0.102283557462506,24.156298770941667
26.766470670700073,-33.52713591752825,-9.315015326112508,0.3792145944992079,0.12549251090269536,24.21212059141574
26.786447763442993,-33.44439102604265,-9.171217972428035,0.3112106121936812,0.15836021448951215,24.273173053614617
26.80641269683838,-33.36949250726476,-9.027018116908755,0.3812106121936812,0.09984369348268957,24.342474390356003
26.826430320739746,-33.3043342159658,-8.882421891475754,0.4512106121936812,0.09496650570537896,24.421912324490048
26.846433401107788,-33.24997488393723,-8.737435455595268,0.4123467521229758,0.09783985261339695,24.51253942834196
26.866411924362183,-33.204548932048255,-8.592064995813757,0.47077317698393006,0.12426728178281338,24.612483936234497
26.886431455612183,-33.16884147535309,-8.446316725293023,0.49141158326063294,0.182844726187177,24.722524750060067
26.906461000442505,-33.14082536140725,-8.300196883345329,0.46134595362935205,0.14533077721018345,24.840628478061923
26.927313566207886,-33.11650105599412,-8.153711734968468,0.39134595362935204,0.15267380169127137,24.962789321025653
26.94715929031372,-33.09777088229469,-8.006867570380894,0.3934362624445929,0.11317982739303262,25.090903311913795
26.96702742576599,-33.08573626280037,-7.859670704556816,0.4438624289492144,0.18317982739303262,25.22606555824355
26.98698878288269,-33.0740367191411,-7.7121274767612995,0.3738624289492144,0.14226320198271425,25.3619092423798
27.00716519355774,-33.06519460091206,-7.564244250085366,0.4438624289492144,0.21226320198271426,25.50095035082669
27.027079582214355,-33.05857022753918,-7.416027410981108,0.4841107223788275,0.28226320198271426,25.64254281655807
27.04714345932007,-33.05134449290326,-7.267483368796807,0.48631368699949223,0.31776561713311824,25.783861124106455
27.06706714630127,-33.03925880180605,-7.1186185553119685,0.4163136869994922,0.24776561713311823,25.92064024649408
27.087024688720703,-33.01253425676867,-6.969439424272501,0.4518950857548042,0.18564021742437037,26.043094832496166
27.107035875320435,-32.95086634395992,-6.819952450925797,0.5218950857548041,0.11564021742437036,26.130913893034126
27.1270534992218,-32.822542089605996,-6.670164131555818,0.4737205070583148,0.1678128186473623,26.152377958050177
27.14705538749695,-32.711127695702125,-6.520080983018197,0.5437205070583149,0.2378128186473623,26.191046712683928
27.167120933532715,-32.505925486205506,-6.369709542275377,0.49981421324890096,0.24354487812612208,26.13621594393013
27.187148332595825,-32.2016102608969,-6.219056365931678,0.5137524325354024,0.3135448781261221,25.98255389496522
27.20713996887207,-31.831840574209043,-6.068128029768417,0.5359542984468861,0.3835448781261221,25.763712544440626
27.227081775665283,-31.42635274072762,-5.916931128279014,0.6059542984468862,0.3775245715165511,25.509421612448605
27.247166872024536,-31.006742370438545,-5.765472274204075,0.668311593751423,0.3796946411253885,25.24127009623447
27.267102479934692,-30.58606520117633,-5.613758098066519,0.6489247285528108,0.4392522839130834,24.97230710310981
27.287195444107056,-30.175733956332106,-5.461795247706668,0.6191991788102313,0.3733581346692518,24.713938708625438
27.30714178085327,-29.78108667634594,-5.309590387817348,0.6891991788102314,0.4433581346692518,24.47149628852859
27.327274560928345,-29.405417710387667,-5.157150199479009,0.7,0.4626792652579025,24.248267510908658
27.347262620925903,-29.045882381285455,-5.004481379694802,0.6299999999999999,0.3926792652579025,24.041401001590653
27.367061853408813,-28.73372462918606,-4.851590640925714,0.7,0.4626792652579025,23.882133988260346
27.387221813201904,-28.41515821303162,-4.698484710625639,0.7,0.3926792652579025,23.716673502405982
27.407262802124023,-28.072740071316925,-4.5451703307765,0.6799816105514764,0.4626792652579025,23.527569740540425
27.42655920982361,-27.699615900830295,-4.391654257423365,0.7,0.4080023786099628,23.30796164340693
27.447190284729004,-27.30573217936502,-4.237943260209505,0.6787636753171682,0.44324097242672,23.067788919155515
27.467026233673096,-26.900860999538377,-4.084044121911528,0.7,0.51324097242672,22.81681687762685
27.487004041671753,-26.494395786975254,-3.9299636379745344,0.6299999999999999,0.47811208095867186,22.56443214900072
27.50706458091736,-26.097535737969835,-3.77570861604708,0.7,0.40811208095867185,22.321827121922755
27.527052402496338,-25.717806451978372,-3.6212858755164348,0.7,0.4395535795064643,22.096520576461938
27.5464448928833,-25.359983583630125,-3.4667022470435747,0.7,0.3834215907426551,21.89328133658655
27.567049741744995,-25.026806867837404,-3.311964572098354,0.6303373470902442,0.39688287880737333,21.71484229573905
27.58639097213745,-24.737534336780655,-3.15707970249456,0.5920050151646137,0.4239129351498559,21.580454634286095
27.60643768310547,-24.468375927165855,-3.002054499925034,0.6620050151646137,0.4939129351498559,21.46632142724082
27.626474857330322,-24.220282033859444,-2.8468958354968166,0.6367826019227505,0.47298199486453085,21.373386198362628
27.646488189697266,-23.993357629442276,-2.6916105892661797,0.6396209362242371,0.4439986030431464,21.301747040176096
27.6664400100708,-23.787117706183594,-2.5362056497737413,0.7,0.48740644183475523,21.250912056409852
27.686431884765625,-23.600680249904297,-2.380687913579642,0.7,0.5259682739945128,21.219992336324655
27.706425428390503,-23.432910738907662,-2.2250642847985596,0.6299999999999999,0.48213843431789427,21.207846454109102
27.726460456848145,-23.282529164916834,-2.069341674634863,0.6151198038086294,0.45818340581376105,21.21318749028197
27.746469736099243,-23.148188202006473,-1.913527000917675,0.6622282491251825,0.43815735158044844,21.234661201088798
27.76635432243347,-23.02852927536194,-1.75762718763605,0.6102125645801424,0.4076799600245431,21.27090208772589
27.786483764648438,-22.922221802005208,-1.6016491644739723,0.6732732133194803,0.4776799600245431,21.320572637531235
27.80641770362854,-22.82992293947821,-1.4455998663455567,0.7,0.5476799600245431,21.384323073132652
27.826437950134277,-22.74785347996522,-1.2894862329300913,0.7,0.5520874808961526,21.458367247035127
27.84644913673401,-22.675052095431095,-1.1333152082071685,0.7,0.5805977664375678,21.541736887223927
27.86641001701355,-22.608290459025085,-0.9770937399917656,0.7,0.6505977664375677,21.63119671903332
27.886436939239502,-22.547483409275166,-0.8208287794693874,0.7,0.6476507479557767,21.72665462980578
27.90640878677368,-22.49241486219122,-0.6645272807311109,0.6670419953763485,0.5776507479557766,21.82788758146011
27.926848888397217,-22.43351810009886,-0.5081962003087455,0.6488507751375436,0.5076507479557766,21.925321899790113
27.946534156799316,-22.359616464201736,-0.3518424967099101,0.5993888590484857,0.4765457995841278,22.007773967491826
27.96652865409851,-22.261025969854156,-0.19547312995311472,0.6693888590484858,0.5465457995841279,22.06555283990104
27.986555814743042,-22.131670983126977,-0.03909506110292682,0.7,0.5118441467592492,22.09257592202405
28.00651979446411,-21.972774978720206,0.11728474819501145,0.7,0.5818441467592492,22.090059726915218
28.026498317718506,-21.834817410886604,0.27365933617878824,0.7,0.5826221900526434,22.108476747065392
28.046591758728027,-21.67313707022872,0.43002174143518346,0.7,0.5604591956827789,22.103158811663903
28.066519021987915,-21.49924042414179,0.5863650033645769,0.7,0.5286016567144542,22.085605427506366
28.08650302886963,-21.321441599070805,0.7426821626457567,0.7,0.5188073227647692,22.064123761716562
28.106483221054077,-21.143301917923566,0.898966261700906,0.7,0.5888073227647692,22.04226817962447
28.12649631500244,-20.971936685272816,1.0552103451604893,0.6919341029599309,0.5533468096796423,22.027147030433305
28.1465163230896,-20.80747681635378,1.211407460328072,0.7,0.5276675585005433,22.018884276681852
28.166531562805176,-20.65214760028283,1.3675506576453174,0.7,0.5280310932244174,22.019698257928148
28.186550855636597,-20.509570390018503,1.5236329911568198,0.7,0.5116008046711795,22.033203381175323
28.206504583358765,-20.37960808059531,1.6796475189750595,0.6837614018470048,0.5646068427409046,22.05925559957037
28.226605892181396,-20.259516629132484,1.8355873037451964,0.6556677546352148,0.6219737130845897,22.09510393287768
28.246533393859863,-20.155250164892102,1.9914454131100605,0.7,0.6333565927739255,22.146695578002163
28.266639947891235,-20.05891947352833,2.1472149201750454,0.7,0.585898357599508,22.206134393703376
28.28652548789978,-19.97063959979814,2.302888903972928,0.6408271871507167,0.5480547800357454,22.273528503771068
28.30649423599243,-19.89027827309432,2.458460449928836,0.5708271871507167,0.5471149872569367,22.348738723023157
28.326509714126587,-19.81753492837672,2.6139226503251862,0.6408271871507167,0.5269023797987029,22.431457578701906
28.346518754959106,-19.752000027946117,2.769268604766406,0.5708271871507167,0.596902379798703,22.521268632712523
28.366581439971924,-19.693199137150007,2.924491420644042,0.5008271871507166,0.5993796922592447,22.61769055779405
28.386504888534546,-19.64062524885735,3.079584213601507,0.5673377974331377,0.5806542318640278,22.720209462458858
28.406532526016235,-19.593762093850206,3.2345401079990523,0.618158580213785,0.5787173781171442,22.828302201849258
28.426504373550415,-19.554416923950917,3.389352237378638,0.580257882773876,0.6161549772694708,22.943769161329556
28.446614503860474,-19.519014189031168,3.5440137449287974,0.6005415073037146,0.617350559947081,23.063027933959965
28.466485023498535,-19.488276630699094,3.6985177839496295,0.6699958419799803,0.5977195857884363,23.186794414648723
28.486488819122314,-19.442064910008167,3.8528575183175775,0.6573472110927103,0.6537573731364683,23.294922428325744
28.506524801254272,-19.36779225936588,4.0070261229504425,0.6210508173704146,0.5837573731364682,23.374818382316324
28.526477336883545,-19.266721091553073,4.161016784272185,0.5510508173704145,0.5532318936707452,23.427737875825258
28.546558618545532,-19.14969991818505,4.3148227006778335,0.5516259940434245,0.5476033036643639,23.464522618862883
28.566547393798828,-19.024684263771707,4.468437082998488,0.6030023070145396,0.5865210575098172,23.493121346770195
28.586588144302368,-18.890461529354113,4.62185315496604,0.5650981674063948,0.6153987833345309,23.512314684320152
28.60660719871521,-18.74643211904738,4.775064153678233,0.5721588740218428,0.6623151303315535,23.521496272725614
28.62658667564392,-18.594754367272312,4.928063330063438,0.627017074273899,0.6914080922538415,23.52281769733575
28.64657163619995,-18.441761678263255,5.080843949345681,0.6369618186820296,0.6584420633548871,23.522605627608936
28.66655135154724,-18.287255069487607,5.233399291509343,0.6196802323777226,0.6337713432544843,23.52065436099695
28.68656897544861,-18.15310848700754,5.385722651764301,0.5496802323777226,0.6799733844632283,23.53883113877184
28.706544876098633,-18.014666742933827,5.537807341010613,0.6196802323777226,0.7,23.55247408394444
28.726547479629517,-17.87457393306759,5.689646686303533,0.6209721037978304,0.7,23.564220619371124
28.746583223342896,-17.737026456341752,5.841234031318393,0.5599835434788836,0.6549972116947174,23.578260487660145
28.766498804092407,-17.60487196732598,5.992562736815408,0.5641663250373674,0.6891327582299709,23.59743470414139
28.786556243896484,-17.472997215270844,6.143626181104761,0.5339373935805631,0.7,23.616623396375605
28.806551218032837,-17.342475960028263,6.294417760511315,0.553349030097015,0.7,23.63689372053958
28.82659649848938,-17.214018342907803,6.444930889839561,0.61403513782192,0.7,23.658949232747364
28.846656799316406,-17.09037957528274,6.595159002838603,0.5440351378219199,0.7,23.685538578121342
28.866560697555542,-16.973346372773126,6.7450955526669425,0.5135324534075332,0.7,23.718441925440068
28.886563062667847,-16.861669316022653,6.894734012357382,0.474039309849031,0.6416962675750255,23.756403328380035
28.90662431716919,-16.76470844410123,7.044067875282103,0.544039309849031,0.6381601836066693,23.808776319383334
28.926827907562256,-16.665522821452313,7.193090655617205,0.5330159458192063,0.6874270434956997,23.858613477069518
28.946523189544678,-16.560456912792347,7.341795888808008,0.5615512299211693,0.6747539747040718,23.902252801600355
28.966534852981567,-16.44249393301537,7.490177132033686,0.49155122992116934,0.686709285294637,23.932671065049057
28.986612558364868,-16.29551832105885,7.638227964672183,0.5342693535657597,0.6744017615448683,23.933746285731033
29.00659155845642,-16.109101148510057,7.785941988765266,0.5750150812836361,0.6706462796311825,23.895043137275323
29.026507139205933,-15.897885296736552,7.933312829483214,0.5434936305554581,0.7,23.831198126219768
29.04706621170044,-15.675011339141847,8.080334135589887,0.6134936305554581,0.7,23.755345474731733
29.066493034362793,-15.449913708925232,8.226999579907549,0.6022853058623148,0.6299999999999999,23.67691328883278
29.086476802825928,-15.229203983363321,8.373302859781731,0.5322853058623147,0.6719062264263629,23.60250684314505
29.106465339660645,-15.017358791849642,8.519237697546217,0.4857479438232255,0.646273658722639,23.53659648939586
29.126543521881104,-14.833429387912881,8.664797840987873,0.4580793634103608,0.7,23.498227228900753
29.146572589874268,-14.657561685239148,8.809977063811537,0.469138255533762,0.7,23.467538749050686
29.166558980941772,-14.491928457074016,8.954769166104967,0.4558900084393096,0.6324900284409523,23.446697623178984
29.18658947944641,-14.337769140693418,9.099167974803713,0.4394061837391925,0.6965562671422958,23.43693711549713
29.206477165222168,-14.195642231241127,9.243167344155992,0.4064992006914687,0.6586825780570507,23.43880957539712
29.226495265960693,-14.065618535705214,9.386761156187625,0.39749357123393536,0.7,23.452379691892837
29.246508836746216,-13.947428256316648,9.529943321166897,0.46749357123393537,0.6576174281537532,23.477371577483545
29.266810417175293,-13.83362308414854,9.672707778069515,0.5260230189980937,0.6777287170290947,23.506330862218057
29.286742210388184,-13.698066867828821,9.815048495043406,0.45602301899809367,0.7,23.513115362872227
29.306715488433838,-13.51391380235151,9.956959469873695,0.4775379842193795,0.7,23.470873272225205
29.326809883117676,-13.273063474200011,10.098434730447522,0.5160626864107323,0.6977706468198448,23.371498204647533
29.346710443496704,-13.06395107009799,10.239468335219108,0.44606268641073227,0.7,23.3034194053171
29.36689829826355,-12.8153068458368,10.380054373674454,0.40518564593512535,0.7,23.195361219511256
29.38685894012451,-12.54575758524344,10.52018696679626,0.3750694827409458,0.6807070549577474,23.0659445520397
29.406772136688232,-12.268792037755828,10.659860267529083,0.3591466644080353,0.7,22.928652305284913
29.426521062850952,-11.993974680144033,10.799068461243806,0.4291466644080353,0.7,22.79304314138784
29.446503162384033,-11.72789219543168,10.937805766202878,0.4991466644080353,0.7,22.665697961634557
29.466657400131226,-11.463307617644428,11.076066434025087,0.5067143010767174,0.7,22.539374051669515
29.486565113067627,-11.178940378113357,11.21384475015045,0.4442090558679772,0.7,22.392785128263807
29.506716012954712,-10.865163476525618,11.351135034305102,0.39247589361388213,0.7,22.21629851083072
29.526769399642944,-10.539228756273246,11.487931640966288,0.3864283365057779,0.7,22.027160397239534
29.546690702438354,-10.213439428090224,11.624228959827136,0.3857925004069691,0.6886755822226405,21.83766838791736
29.56680941581726,-9.93058081556518,11.760021416261516,0.37177444814937166,0.6874162678606808,21.690602231826695
29.586590051651,-9.65075216040655,11.895303471789212,0.30177444814937165,0.7,21.54605563219576
29.606682300567627,-9.380402908800132,12.030069624540452,0.3599562778999095,0.7,21.410472533340585
29.626626014709473,-9.123762891144986,12.164314409721129,0.3891499493201261,0.6863814432173967,21.288077300866114
29.646785974502563,-8.883408759432957,12.298032400077474,0.37733997068600705,0.6977851994335651,21.18144115951043
29.666813850402832,-8.660700992905756,12.43121820636103,0.36163392513291887,0.6665175229310989,21.091919199266787
29.686763286590576,-8.453803137649452,12.563866477793553,0.3525335336034184,0.6964529722929,21.017669615443005
29.7066490650177,-8.247124871687264,12.69597190253198,0.4084499211912041,0.6400812797248363,20.943096774219242
29.72657823562622,-8.025198979134315,12.827529208133143,0.4298700218950396,0.6169527012854814,20.85272818726746
29.746718883514404,-7.789265824607818,12.958533162018824,0.44532062336103967,0.622941162250936,20.74779898662664
29.766663074493408,-7.5428724490760235,13.0889785719406,0.37777874096529535,0.6283769582398235,20.631851021016622
29.786646127700806,-7.328947429717708,13.218860286444837,0.361692753054667,0.6983769582398236,20.547807716162545
29.806642532348633,-7.105339420287469,13.348173195337246,0.3058146092970853,0.7,20.453512615624714
29.826745986938477,-6.883215308914114,13.47691223014833,0.2358146092970853,0.7,20.360127539062443
29.846860647201538,-6.665659593355791,13.60507236459776,0.3058146092970853,0.7,20.27073195795355
29.866716146469116,-6.4570106538739855,13.732648615059553,0.3758146092970853,0.7,20.18965926893354
29.88670778274536,-6.260047107337179,13.859636041026931,0.30660329765873007,0.6996915972733404,20.11968314836411
29.906827926635742,-6.076390959341133,13.986029745577191,0.30158650649012975,0.7,20.062420704918324
29.927026987075806,-5.899869063894652,14.111824875836533,0.23162717146100453,0.7,20.011693939731185
29.946564435958862,-5.712107563658849,14.237016623445164,0.2292216956359332,0.6308773651719093,19.94912418710401
29.966833353042603,-5.512222296005825,14.361600225021846,0.1592216956359332,0.5793464265763759,19.87382252102767
29.986700296401978,-5.302235007568128,14.485570962629225,0.17674824585439614,0.5411129340529441,19.787805970197354
30.00684928894043,-5.1199186825164515,14.608924164238388,0.14290511598112038,0.47111293405294413,19.72884284675484
30.026759147644043,-4.916259121162177,14.73165520419392,0.12003526267828396,0.4011129340529441,19.647914325356098
30.04678964614868,-4.670713518590611,14.85375950367871,0.06870201778830937,0.4264585687220096,19.52447302226932
30.066789627075195,-4.3701171468002356,14.97523253117889,0.13785925311269215,0.46864465013146395,19.345349677979126
30.086740255355835,-4.016042292931801,15.096069802948811,0.14462396445916942,0.49982742913067335,19.11211209588061
30.106558084487915,-3.627204893158282,15.216266883475846,0.21462396445916943,0.5698274291306733,18.84347177663413
30.126668691635132,-3.222153529752795,15.335819385945314,0.23401399429189018,0.4998274291306733,18.55797291569811
30.146645307540894,-2.8095663059937874,15.45472297270534,0.1968210386787539,0.500758765733335,18.264289278699128
30.16670060157776,-2.3887204250908547,15.57297335573174,0.22554734076606087,0.5150216226489281,17.961693780822596
30.186872720718384,-1.9523824583212879,15.690566297093078,0.24538647483335785,0.5392194413603282,17.642948755414366
30.206775903701782,-1.5005691961342895,15.807497609415343,0.18884347106562904,0.5132590723247266,17.308066805549633
30.226731538772583,-1.1082933865631661,15.923763156347057,0.2516117292200213,0.44325907232472656,17.032056542910222
30.246668815612793,-0.70933071405622,16.0393588530239,0.2126337299798613,0.5132590723247266,16.74868956708012
30.26669454574585,-0.31623809629672966,16.154280666533964,0.2577907751058226,0.5729513769061303,16.470518762830693
30.286543607711792,0.062417382163760894,16.26852461638233,0.3277907751058226,0.6027657133550381,16.206107234218567
30.306568384170532,0.4210656813690745,16.382086774956072,0.34266099403845124,0.5778148756385779,15.961021093586996
30.326674938201904,0.7563652476830081,16.494963267989213,0.313365139767993,0.5982981422008014,15.738598020306206
30.346763134002686,1.0642941086514355,16.60715027502765,0.2754405669425612,0.6078085624636149,15.542856166376215
30.366724967956543,1.3427800329694022,16.718644029893937,0.29845620761858277,0.6244683382124638,15.375863996924535
30.386919498443604,1.5911596548038087,16.82944082115212,0.24795234273420624,0.586171899458859,15.23828116634831
30.406676769256592,1.8097656616357765,16.939536992572947,0.2524924480845218,0.5934563046344554,15.12977133093717
30.4266939163208,1.9972974640533339,17.048928943598305,0.2554501909785902,0.5758364154049194,15.051631479544971
30.446752548217773,2.1583033516342573,17.157613129806627,0.24072152376407735,0.5578265367099082,14.99930977817237
30.46677803993225,2.2980927739075323,17.265586063377356,0.2101961039029991,0.55053827120224,14.967493289469823
30.486567735671997,2.4180103103647976,17.372844313556115,0.2663151994370853,0.5545604284876025,14.954834003191317
30.506797552108765,2.518648461909874,17.479384507119434,0.19748757034772985,0.5796771105402148,14.96073604520956
30.527132034301758,2.60324322229756,17.585203328839718,0.22255443595582597,0.5731047154427504,14.981960106542157
30.54676365852356,2.6767814193988833,17.69029752195027,0.2601985353999769,0.5416641668439841,15.013516102551387
30.566646337509155,2.74301820078649,17.794663888609932,0.3064323570602571,0.6116641668439842,15.051645687823441
30.58664321899414,2.802437898408471,17.898299290368143,0.30150556052336447,0.6272644812078214,15.095861391959673
30.606857538223267,2.8578729313576936,18.001200648629876,0.27326669777045004,0.59803130680928,15.143327717272182
30.626494884490967,2.9090793098213283,18.103364945120312,0.27499818126903824,0.5967733907117507,15.194285635298984
30.6464204788208,2.9559990089911956,18.20478922235003,0.2274913906608706,0.6286272602691314,15.248790213358834
30.666507720947266,2.996735889727281,18.30547058407973,0.26548369298921876,0.656476299331989,15.308734694352447
30.686471462249756,3.0340735008657562,18.40540619578519,0.32378484006272606,0.6037267624004743,15.371332694919435
30.7064847946167,3.068066017107823,18.504593285122063,0.25378484006272606,0.6659463448985479,15.43652726801424
30.72646713256836,3.098839226761067,18.603029142390803,0.2682547383685594,0.6070323614939115,15.504189915629736
30.746545791625977,3.1265653444047494,18.700711121001767,0.1982547383685594,0.6232130611850879,15.574145776597017
30.766509294509888,3.1514442927007,18.797636637939938,0.1955670655169522,0.5735121788992545,15.646192345239239
30.78647780418396,3.1736899708620028,18.893803174229582,0.14651448060059896,0.5819659503712318,15.720113203367578
30.80648374557495,3.1935203486496166,18.98920827539969,0.20419595916056982,0.6328165690018794,15.795687926750073
30.826608419418335,3.21115047857748,19.083849551948475,0.26302022267365804,0.6450076504214666,15.872699073370995
30.846561193466187,3.226787719210698,19.177724679808335,0.23667808216297975,0.6611844534589908,15.950936960597637
30.866528511047363,3.2406286201351744,19.27083140081089,0.29716897350037447,0.683916569740977,16.030202780675715
30.8865065574646,3.2526456436927864,19.363167523151603,0.2634885978349482,0.6980983103229663,16.110521879458815
30.90646195411682,3.2748722702706727,19.45473092185508,0.24232173491502157,0.6419859016849658,16.179858651584407
30.92658805847168,3.3128698992077337,19.545519539239542,0.20922394622350088,0.6512135156034491,16.23264964003181
30.946521997451782,3.360820334191959,19.635531385382123,0.22725992802763334,0.675858762168791,16.274711051190163
30.96649479866028,3.4144200648104306,19.724764538583216,0.24831214141333452,0.6735639290953985,16.310344473772787
30.986474990844727,3.4705310703854364,19.81321714583222,0.27741156485164514,0.6615704482491127,16.34268607544678
31.006530284881592,3.5269075587964123,19.900887423271428,0.22433030199492326,0.6823730746353975,16.373979864475015
31.02649188041687,3.581982650025925,19.9877736566618,0.20566539060557237,0.6972102157841435,16.405791006635877
31.046667098999023,3.641651362322513,20.073874201847318,0.20216756280744425,0.6817652991111389,16.432222839524805
31.066558837890625,3.707570847487109,20.159187485220052,0.27216756280744425,0.6530775649542919,16.451616637732943
31.086517810821533,3.778411044182852,20.243712004185134,0.2636876593553459,0.6525025020190514,16.46530096000228
31.106516361236572,3.839916311590205,20.32744632762551,0.2663927686610257,0.6945184792228973,16.487530016035304
31.12646245956421,3.9088352245627984,20.410389096366977,0.20901479322696082,0.6823209781968034,16.501553871804177
31.146472215652466,3.988036204245867,20.492539023642934,0.1390147932269608,0.6656367403292096,16.504502819397068
31.166554927825928,4.074607920873385,20.57389489555944,0.123353860939387,0.6595857685268856,16.499286974686058
31.18654441833496,4.164017618705996,20.654455571559872,0.14699728753650537,0.6124116426170803,16.490437952853874
31.20654845237732,4.253042139642828,20.73421998489018,0.14718669108871812,0.5847030805260873,16.481177845247352
31.226449012756348,4.3440855886249095,20.81318714306346,0.14618312582198972,0.5953087752521968,16.46910155443855
31.246492862701416,4.4503463416705,20.891356128324936,0.1695528888684928,0.5262565260590053,16.441009786654437
31.2664794921875,4.589856074308032,20.968726098116974,0.15002835929219122,0.5228822875604964,16.378870023808943
31.28655219078064,4.77657931014843,21.045296285543913,0.08002835929219121,0.5492716591642237,16.26871697539548
31.306551456451416,5.007389486654259,21.121065999836873,0.047883406726759614,0.5208637185231781,16.113676513182615
31.3265221118927,5.207784774760265,21.19603462681865,0.014803406296414079,0.5082767784432507,15.988249852058386
31.34652042388916,5.4436759611839145,21.27020162936887,0.0,0.5318949978635645,15.826525668184956
31.366556406021118,5.698005016589193,21.343566547888607,0.007578492164611816,0.6018949978635646,15.645561531299414
31.38651442527771,5.960754187716773,21.416129000765416,0.0,0.6718949978635647,15.455374813048643
31.4065420627594,6.227059776079416,21.48788868483802,0.0,0.6018949978635646,15.260828908758603
31.426517486572266,6.500398867169014,21.558845375861637,0.07,0.6511425383971072,15.058446508692622
31.446497678756714,6.796899297792005,21.62899892897248,0.14,0.6180574231431819,14.832099631180473
31.466511964797974,7.145683517721825,21.698349279152666,0.16238943614065648,0.5617232330725528,14.552665761430841
31.486525297164917,7.574866869122476,21.766896441695458,0.09276931859552862,0.5880967721925117,14.19202957257298
31.506599187850952,8.099542459650138,21.83464051266988,0.16276931859552862,0.6070689511136151,13.73509805301974
31.526577472686768,8.69756445352386,21.901581669385564,0.17059472393244507,0.5423971813754178,13.204017215861704
31.546605825424194,9.216782416831586,21.967720170857838,0.2051521484181285,0.5275086321518756,12.750937754026252
31.566680908203125,9.78156890929839,22.033056358272653,0.13750932555645706,0.4807443552301265,12.251487448974263
31.58722186088562,10.363121522109118,22.097590655450986,0.10829854760318997,0.48707699949154626,11.734469133341868
31.607271194458008,10.940992796588395,22.161323569314675,0.125841237641871,0.519237318879459,11.22033077272628
31.62651824951172,11.49644465331222,22.224255690350248,0.10293327461928131,0.5418542119325138,10.727811037038027
31.646523475646973,12.019369198568356,22.28638769307463,0.0632260758802295,0.5502732525230385,10.267018494506274
31.666515111923218,12.5012865930004,22.347720336499634,0.04713067416101696,0.4956176447332836,9.846433743499235
31.686553716659546,12.939703993371927,22.408254464597086,0.0,0.522800149268005,9.468550471225159
31.707293033599854,13.334036357290314,22.467991006763356,0.0,0.5314648811356164,9.133954649473042
31.727314949035645,13.689671878382207,22.52693097828473,0.0,0.5279356491402722,8.837259099902525
31.747297048568726,14.009056593563898,22.585075480801954,0.060374461114406586,0.531626318686176,8.576018887238057
31.766462802886963,14.28635455756365,22.642425702775235,0.0028191283345222473,0.5052179238875396,8.356071145211585
31.786515474319458,14.5356020304324,22.698982919949316,0.0,0.508870968001429,8.163380889516915
31.806535959243774,14.763429986752291,22.754748495818063,0.0,0.47405840955907474,7.991318509065772
31.82648229598999,14.975008680749538,22.809723882089614,0.0,0.4668660991475917,7.834715201340076
31.846487998962402,15.172041169299776,22.863910619150943,0.017853206023573875,0.46288591563934456,7.691869449851167
31.866506814956665,15.35609372607057,22.91731033653339,0.0,0.5328859156393446,7.56121661046282
31.886515617370605,15.533229034982892,22.969924753376667,0.029179958626627922,0.536341652313713,7.436695718393775
31.906462907791138,15.707840420943434,23.021755678894728,0.020461201667785645,0.466341652313713,7.313915257951294
31.926454305648804,15.889994963406638,23.072805012839794,0.06264819949865341,0.4781358590000309,7.182810049433156
31.946506023406982,16.09575165194657,23.123074745967912,0.048797521740198135,0.505651020782534,7.027323094021341
31.966513633728027,16.33564271431388,23.17256696050336,0.1155206449329853,0.513767516578082,6.836924246189479
31.986488103866577,16.543922259370856,23.221283830603888,0.11725613055750728,0.49036957729840647,6.677361571233032
32.00656008720398,16.783019552082628,23.26922762282542,0.13011722592636943,0.5275230709114112,6.486208070742791
32.026472330093384,17.03722086530996,23.316400696587138,0.09417525259777904,0.5704297873773612,6.27917983127718
32.046608209609985,17.295213686922615,23.36280550463607,0.13885182840749621,0.5949889294453896,6.067591817713456
32.06730341911316,17.54904064263702,23.4084445935123,0.16520474618300796,0.5475550055154599,5.859403950875279
32.086607933044434,17.79328448699481,23.45332060401377,0.15186131419613957,0.5871757812448777,5.660036117018958
32.10728979110718,18.022118721140853,23.497436271660987,0.1577638373710215,0.6506527237244881,5.475317550520135
32.126460790634155,18.234218839748397,23.540794427162304,0.22776383737102152,0.6677355359890498,5.3065755874139064
32.147308111190796,18.426789545097698,23.583397996878432,0.17034283855929971,0.6371824931004084,5.156608451780734
32.16728377342224,18.598403973722228,23.625250003287476,0.15798325480893255,0.6253877462469972,5.026846029565249
32.18654274940491,18.74862335463567,23.666353565449995,0.2011408211477101,0.5991686036461032,4.917730210814327
32.20651650428772,18.879047656427637,23.706711899473532,0.2111046381108463,0.6643172552459873,4.827664243045895
32.22646641731262,18.986311802847265,23.746328318978094,0.19174515379592777,0.6631034382036887,4.760016516130829
32.24649119377136,19.063080683102335,23.785206235560437,0.14805933756753803,0.6806602973840199,4.7221255524581025
32.26645827293396,19.102746824237308,23.82334915925899,0.15688400918617845,0.675355057453271,4.720602335021681
32.286545276641846,19.108647687878847,23.860760699019544,0.15160768309608103,0.7,4.752113011140697
32.306533098220825,19.08862398601126,23.897444563159098,0.15643471635878087,0.6613413773477077,4.808820577147838
32.32644057273865,19.05112131095053,23.933404559831615,0.18042977683246136,0.6868466034531593,4.882283248881084
32.34645366668701,19.00246646227813,23.96864459749213,0.11042977683246136,0.6826580644585192,4.966178135214001
32.36650776863098,18.94734782548673,24.003168685362382,0.06674535386264324,0.6762227176688611,5.055820859875652
32.386441230773926,18.886875865729273,24.03698093389528,0.09210005402565002,0.6715454722754657,5.150105068166006
32.40646696090698,18.826595672789917,24.070085555239928,0.10292589478194714,0.6826766704209148,5.24348988245001
32.42647194862366,18.774258870253558,24.102486863706595,0.07278204150497913,0.7,5.328227993453037
32.44643473625183,18.722597207225085,24.13418927623117,0.08460625354200602,0.6611813612282276,5.411592069006083
32.46643328666687,18.675082368607523,24.16519731284086,0.11798369605094194,0.6813589435070753,5.490114944233337
32.48649883270264,18.63401642965939,24.19551559711843,0.08049475494772196,0.6113589435070752,5.56149916745904
32.50647234916687,18.600828406726432,24.225148856667154,0.010494754947721951,0.6736501000076531,5.624320449940722
32.526482343673706,18.57630324494974,24.254101923576158,0.04790189985185861,0.6312612547725438,5.6777986786264165
32.546494245529175,18.55844149498944,24.28237973488487,0.0,0.646032539308071,5.723938239895428
32.56648302078247,18.547995113047005,24.30998733304812,0.04207626357674599,0.6788245002925395,5.761992220001115
32.58647108078003,18.54529096194412,24.336929866400816,0.046753925271332264,0.6524928818643092,5.791638904456697
32.60647678375244,18.552668376611322,24.363212589623195,0.07294268440455198,0.6277163970470427,5.810544213011873
32.626436948776245,18.576119210872342,24.388840864205633,0.07404405309353024,0.6449190183728932,5.812721653333291
32.646501302719116,18.59647982390599,24.413820158913026,0.059265968040563166,0.6274743295460938,5.817340335007035
32.66646885871887,18.64169197607197,24.43815605025057,0.027455758885480464,0.6457505366951226,5.796464074178598
32.68647289276123,18.7168720478877,24.461854222928103,0.006728115142323077,0.6761875498294829,5.744982175040402
32.70647716522217,18.815518583432144,24.484920470324624,0.046720630140043795,0.6781128183891996,5.66940188689248
32.726463317871094,18.930180994446157,24.507360694954272,0.08674568182323128,0.6674744323780759,5.577179700508115
32.74652934074402,19.05526215147399,24.529180908930414,0.06322427338454872,0.6549272318324073,5.473918757456424
32.76650309562683,19.193548857267846,24.550387234430417,0.030875301570631564,0.6461998089170082,5.356838377162571
32.786526918411255,19.346628739632923,24.57098590416131,0.022793751792050898,0.6643362822895869,5.224357164528389
32.80646872520447,19.5082656169155,24.59098326182412,0.015328678418882191,0.7,5.0827176449086195
32.82661747932434,19.671586092636268,24.610385762578638,0.05665393837261945,0.697838323470205,4.9387996699423695
32.84668803215027,19.83177166908966,24.62919997350874,0.04789603326935321,0.7,4.797428304419078
32.86659216880798,19.97084887629848,24.647432574087368,0.06517902400810272,0.7,4.676583697788889
32.88659930229187,20.106308514137186,24.665090356640462,0.0,0.7,4.558781842503276
32.90666079521179,20.23800178282593,24.682180226813387,0.0,0.6627852104604244,4.444178443987457
32.92661380767822,20.363608243125025,24.698709204034408,0.018305309116840363,0.6533844590187072,4.335100960909383
32.94666290283203,20.486309276718004,24.714684421980373,0.032123382203280926,0.6689108803868293,4.228375145262369
32.96659517288208,20.606074833174606,24.730113129041563,0.0,0.6862338192760944,4.124038295866956
32.98667359352112,20.732226796578892,24.745002688786144,0.0,0.7,4.012775892207252
33.00658941268921,20.875704348231206,24.75936058042558,0.0,0.6801393207162618,3.8836562321943724
33.02662944793701,21.043649015290402,24.773194399279497,0.025839913636446,0.6700862942263484,3.7295453839890946
33.04654002189636,21.228794594077524,24.786511857239724,0.01230535376816988,0.7,3.5577172631622
33.06660723686218,21.42100809738389,24.799320783236524,0.013813176425173879,0.6579561501741409,3.3783126858526344
33.0865375995636,21.587892768398262,24.811629123702737,0.048244641395285726,0.6268110059201717,3.2237363553044744
33.10655331611633,21.760274956474912,24.823444943038318,0.03074870933778584,0.6109683521091938,3.0631699865634054
33.12650156021118,21.934248846120667,24.834776424076075,0.024377361172810197,0.6408695194870233,2.9005275779554083
33.14649176597595,22.104743237140518,24.845631868546334,0.06661747791804373,0.7,2.7408886314058165
33.16652011871338,22.26832747496453,24.856019697541228,0.04880790621973574,0.6472868554294109,2.587692222576699
33.18659853935242,22.425117158521065,24.865948451980202,0.024023587116971612,0.661112966760993,2.440831293459137
33.20659351348877,22.57305530223461,24.87542679307495,0.044740362325683236,0.6803642723709344,2.30237149084034
33.22646141052246,22.71094644558212,24.884463502793785,0.0533499123994261,0.6917590133845806,2.173517057211665
33.246479749679565,22.83590868462853,24.893067484327247,0.02979483106173575,0.6753735642880201,2.0571587996987155
33.266658306121826,22.94859739329732,24.90124776255214,0.028542013256810606,0.678699698112905,1.952650369254819
33.286580324172974,23.049791249075902,24.909013484497542,0.032377729774452746,0.6547663899138569,1.8592222354216403
33.30664539337158,23.137650338264695,24.916373919808166,0.02102601306978613,0.6588375468738377,1.7787235815434705
33.32675361633301,23.216615556113855,24.923338461211088,0.0077958336332812905,0.6487462886609137,1.7067229050972337
33.3467230796814,23.28732214510136,24.929916624979413,0.0,0.7,1.6425944798780527
33.36661767959595,23.350428987503737,24.93611805139686,0.0,0.7,1.585689063893124
33.386505365371704,23.40659402056647,24.941952505224172,0.004857921041548252,0.7,1.5353584846577029
33.40650653839111,23.456457185268754,24.947429876162587,0.05852701608091593,0.6738599862903356,1.4909726908938339
33.426544189453125,23.500629057158992,24.952560179319285,0.023246281780302525,0.7,1.4519311221602926
33.4464647769928,23.539683723478475,24.957353555672412,0.06455222610384226,0.7,1.417669832193937
33.46656322479248,23.57415479739638,24.961820272535817,0.0640562359476462,0.6299999999999999,1.387665475139439
33.48647737503052,23.604533716265287,24.965970724023734,0.07713019906077534,0.6530769403278827,1.3614370077584468
33.50655913352966,23.631269671161963,24.969815431516196,0.11243685020599514,0.644053608290851,1.3385457603542328
33.526442766189575,23.654770671343854,24.97336504412351,0.042436850205995136,0.68319697689265,1.318594372779657
33.546534061431885,23.675174839710795,24.976630339151072,0.04763501830864697,0.7,1.3014554994402765
33.56644368171692,23.69312078886153,24.979622222564842,0.059526154254563146,0.7,1.286501433703311
33.58644151687622,23.70888634348116,24.9823517294558,0.023035561149008565,0.6913398399949073,1.2734653859746388
33.60643792152405,23.722721939223742,24.984830024504312,0.0,0.6732075538486242,1.2621080852805697
33.627201557159424,23.734852387653458,24.987068402446425,0.06073937937617302,0.681286228634417,1.2522160147929675
33.64660382270813,23.743162429374223,24.989078288537755,0.09103682078421116,0.6697901681065559,1.2459158591635315
33.66654968261719,23.750916229197006,24.990871239018375,0.0810474082827568,0.7,1.2399550098213687
33.686623096466064,23.758079323715354,24.992458941577887,0.0935014421120286,0.6987705514067784,1.2343796178625333
33.706522703170776,23.764643343297315,24.993853215820707,0.08144263457506895,0.69011506291572,1.2292098725233913
33.72663068771362,23.768301915032506,24.99506601373045,0.06547227595001459,0.7,1.2267640986979451
33.7465124130249,23.77147838042077,24.996109420134836,0.11544706020504236,0.6757971763610839,1.2246310397140654
33.76694345474243,23.772603886647282,24.996995653171,0.0992414066568017,0.684305003657937,1.2243917665237163
33.78699994087219,23.7722751741906,24.997737064749792,0.07159425038844347,0.7,1.2254618905591919
33.806564807891846,23.770945053084823,24.99834614102143,0.04554867651313543,0.657813810557127,1.227401087936606
33.8266761302948,23.76895442833441,24.99883550283979,0.046443809929769486,0.640623540431261,1.2298810745053785
33.84659719467163,23.76424114530147,24.9992179062275,0.017437345522921532,0.6664702676236629,1.2349767609260311
33.86656212806702,23.75776097519518,24.999506242840575,0.0,0.7,1.2417452676453955
33.88664221763611,23.750224344109295,24.999713540434108,0.0,0.7,1.249489196324813
33.90678119659424,23.742152543018793,24.999852963326234,0.0320063978433609,0.7,1.2577004203074402
33.92651867866516,23.73392175477923,24.999937812863493,0.03664236422628164,0.6892699290066957,1.2660160580842614
33.94673180580139,23.7257974587277,24.99998152788585,0.00477448757737875,0.7,1.2741840691581494
33.96678590774536,23.718743737472636,24.999997685191076,0.010868898592889309,0.7,1.2812539477184401
33.98684859275818,23.71646972030929,25.0,0.0,0.6740305915474891,1.2835302796907087
34.00673818588257,23.71757552352595,25.0,0.0,0.7,1.2824244764740484
34.02678322792053,23.720999740492186,25.0,0.011125375516712666,0.7,1.2790002595078143
34.046778202056885,23.725944037391507,25.0,0.017880982253700495,0.7,1.274055962608493
34.06664562225342,23.731813845637248,25.0,0.00909111788496375,0.7,1.268186154362752
34.08673167228699,23.738171797774616,25.0,0.0,0.670716506242752,1.2618282022253844
34.10676288604736,23.744701241950573,25.0,0.010887772776186466,0.6574331808835268,1.2552987580494275
34.126641511917114,23.753494066416177,25.0,0.0,0.6498389884829521,1.2465059335838227
34.14672017097473,23.76825995273893,25.0,0.0,0.6916636608541011,1.23174004726107
34.166789531707764,23.793734501791985,25.0,0.01302836649119854,0.6910638165893033,1.2062654982080154
34.1868212223053,23.815852155675973,25.0,0.038201356306672096,0.6755031476961448,1.184147844324027
34.20664024353027,23.84749515919806,25.0,0.012039106339216232,0.6634345100494101,1.1525048408019387
34.226717948913574,23.88492033612377,25.0,0.0,0.5934345100494101,1.1150796638762301
34.2467041015625,23.925375360947687,25.0,0.02643527090549469,0.5588336859317495,1.0746246390523133
34.26682949066162,23.966868670931145,25.0,0.03858127724379301,0.5854991443874313,1.0331313290688549
34.28677749633789,24.007989601685694,25.0,0.02991649881005287,0.5787616239348425,0.9920103983143065
34.306931495666504,24.047768147355924,25.0,0.04419826716184616,0.5596810707310214,0.9522318526440756
34.32686448097229,24.085565939278855,25.0,0.05557207763195038,0.5428817046293988,0.9144340607211454
34.34704613685608,24.123308129715983,25.0,0.0638668891042471,0.5840531436214222,0.8766918702840165
34.36689805984497,24.160017009030327,25.0,0.07028280850499868,0.5527024117717518,0.8399829909696734
34.38689589500427,24.195040712051593,25.0,0.06404267624020576,0.5543774262722581,0.8049592879484067
34.406912326812744,24.22544918521226,25.0,0.001262608915567398,0.5809615616407244,0.7745508147877409
34.426891565322876,24.254372291398223,25.0,0.0,0.5594826181139796,0.7456277086017771
34.446874380111694,24.281501425368997,25.0,0.0,0.5699627733509987,0.7184985746310026
34.46696090698242,24.304353167828463,25.0,0.0,0.5558601858746259,0.695646832171537
34.48711109161377,24.323631662629555,25.0,0.0,0.5424360296409576,0.6763683373704446
34.50739073753357,24.339920166871284,25.0,0.0,0.5242977755796163,0.6600798331287159
34.527042865753174,24.35370260040087,25.0,0.005451011471450329,0.5616853515338152,0.6462973995991312
34.54667544364929,24.367697479782976,25.0,0.023782133124768734,0.5907347052078693,0.6323025202170243
34.56662940979004,24.381471086336344,25.0,0.016431898809969425,0.6064703295659273,0.6185289136636563
34.58679389953613,24.394727999176922,25.0,0.052275282330811024,0.6356367486249654,0.6052720008230779
34.60660147666931,24.407276642149426,25.0,0.08567581418901682,0.6251780231203883,0.5927233578505735
34.62661957740784,24.418171694360225,25.0,0.07617268152534962,0.6499964714702218,0.5818283056397746
34.646607875823975,24.428461979076936,25.0,0.09848202392458916,0.6157706723269074,0.5715380209230645
34.66659927368164,24.43806100477015,25.0,0.05229944363236427,0.6117404656205325,0.5619389952298484
34.68643021583557,24.446926914174746,25.0,0.0,0.5822309417370706,0.5530730858252539
34.70653200149536,24.455049955255618,25.0,0.0,0.5636229825858026,0.5449500447443825
34.726502895355225,24.46244293265582,25.0,0.01278037577867508,0.5998885011021047,0.5375570673441814
34.74653673171997,24.466817632896362,25.0,0.01508734212256968,0.6372508009616284,0.5331823671036382
34.76687216758728,24.468980602144605,25.0,0.07186673791147768,0.6939004746917634,0.5310193978553954
34.78706979751587,24.469550341515564,25.0,0.060775839956477284,0.6663304933998733,0.5304496584844358
34.80669164657593,24.468998439180695,25.0,0.04667213116772473,0.6673542208690195,0.5310015608193055
34.82688617706299,24.467682011800523,25.0,0.05139313475228846,0.7,0.5323179881994768
34.84696364402771,24.46653905593907,25.0,0.0497383737238124,0.6972639512270689,0.5334609440609306
34.86707091331482,24.464876911133267,25.0,0.020397959393449128,0.6829037468880415,0.5351230888667331
34.8869104385376,24.462897953499628,25.0,0.011421951581723988,0.7,0.5371020465003724
34.90691089630127,24.460751099095575,25.0,0.0,0.6894670080393552,0.5392489009044255
34.92695760726929,24.458544207001108,25.0,0.03037416934967041,0.6993831310421228,0.5414557929988923
34.946879386901855,24.456353776308806,25.0,0.025394403375685215,0.637419245019555,0.5436462236911943
34.96696710586548,24.454232507952394,25.0,0.02440285705961287,0.6575222339481115,0.5457674920476059
34.98673152923584,24.4522151842028,25.0,0.0,0.6606378921307623,0.5477848157972005
35.00670552253723,24.450323224695477,25.0,0.0,0.591178096178919,0.5496767753045226
35.02666425704956,24.448568203128637,25.0,0.0,0.575781322363764,0.5514317968713627
35.04670238494873,24.44695454938163,25.0,0.0,0.5614771892316639,0.5530454506183702
35.06680774688721,24.445481614628058,25.0,0.0,0.5712860350497067,0.5545183853719422
35.0867223739624,24.444202775069197,25.0,0.0,0.6136103321798145,0.555797224930803
35.10673451423645,24.44303491841637,25.0,0.0,0.577007104922086,0.5569650815836305
35.126709938049316,24.441974927055583,25.0,0.024652643129229546,0.6211649079807102,0.5580250729444174
35.14672374725342,24.44101779277488,25.0,0.0,0.6393318076618015,0.5589822072251209
35.16674542427063,24.44247367426501,25.0,0.017383955419063568,0.643299327045679,0.5575263257349903
35.18672800064087,24.44325087158855,25.0,0.0,0.645904281688854,0.5567491284114503
35.206825733184814,24.443536185222353,25.0,0.0,0.6227606996428221,0.5564638147776471
35.226792097091675,24.443472326663393,25.0,0.0,0.6304944437462836,0.5565276733366069
35.24670958518982,24.443167622919933,25.0,0.0,0.6266228016931563,0.5568323770800667
35.26720595359802,24.445020011344816,25.0,0.0,0.6388049917761236,0.5549799886551838
35.28672790527344,24.44662830226902,25.0,0.0,0.6712829629424959,0.5533716977309808
35.306642293930054,24.44971821350656,25.0,0.014849717728793621,0.6250959979835897,0.5502817864934393
35.32672619819641,24.453755794928593,25.0,0.054023551754653454,0.5978339286986738,0.5462442050714067
35.34670805931091,24.456028851396535,25.0,0.03137290943413973,0.6272127917502075,0.5439711486034646
35.36700248718262,24.45701639721027,25.0,0.035782127641141415,0.6378672812599688,0.5429836027897288
35.386962890625,24.457085025822508,25.0,0.006351924501359463,0.6199075915385037,0.5429149741774921
35.40670084953308,24.45651358383463,25.0,0.032907615415751934,0.6139637376647442,0.5434864161653685
35.42674207687378,24.455512621630195,25.0,0.028854817617684603,0.6203049272764474,0.544487378369805
35.446999311447144,24.454239703343763,25.0,0.05913342023268342,0.5922919121105223,0.5457602966562369
35.466803312301636,24.45281143731252,25.0,0.06064921838697046,0.5867276965174824,0.5471885626874808
35.486814975738525,24.451312911578185,25.0,0.02225333673413843,0.6077329433057457,0.5486870884218149
35.50687885284424,24.450011853276457,25.0,0.06845316884573549,0.6540276622865349,0.5499881467235426
35.52675271034241,24.448675466280783,25.0,0.010105410940013826,0.644754620315507,0.5513245337192174
35.54693913459778,24.44734976100314,25.0,0.0056232045171782374,0.6030287351924926,0.5526502389968613
35.56671071052551,24.446066413859494,25.0,0.0,0.5953627201262861,0.5539335861405057
35.586801290512085,24.444846310324188,25.0,0.0036861973349004984,0.6089564972091466,0.5551536896758122
35.60668182373047,24.443702290260283,25.0,0.0009005870670080185,0.6390798837412148,0.5562977097397166
35.62664532661438,24.44264126681352,25.0,0.0,0.6655262671876698,0.5573587331864793
35.64665651321411,24.441665854352575,25.0,0.0022744829766452312,0.6641342547256499,0.5583341456474251
35.66666841506958,24.440775612498317,25.0,0.0,0.6771571320015937,0.5592243875016827
35.68683195114136,24.43996799070974,25.0,0.032020457088947296,0.6794490567874163,0.5600320092902606
35.706618785858154,24.439239039987925,25.0,0.02955104550346732,0.6628586105536669,0.5607609600120753
35.72658920288086,24.438606146360247,25.0,0.04897023318335414,0.6317479047458618,0.5613938536397534
35.74659037590027,24.43803444966183,25.0,0.0392221393994987,0.6718911822419613,0.5619655503381686
35.766682386398315,24.437520326158293,25.0,0.05740648461505771,0.6650789557490497,0.5624796738417075
35.787108421325684,24.437059741539237,25.0,0.04428629716858268,0.6962171392980963,0.5629402584607632
35.80644178390503,24.43664848264002,25.0,0.06817967025563121,0.7,0.5633515173599797
35.82671904563904,24.43628232310484,25.0,0.06428309553302824,0.7,0.5637176768951591
35.84667944908142,24.435957138800752,25.0,0.09936795779503882,0.6795078206807375,0.5640428611992476
35.866857051849365,24.435668985287872,25.0,0.07678177603520453,0.7,0.5643310147121277
35.887086629867554,24.43541414689291,25.0,0.11361714848317206,0.7,0.56458585310709
35.90701127052307,24.43518916476553,25.0,0.13117375248111784,0.6813574105501174,0.5648108352344714
35.926922082901,24.43267450151308,25.0,0.07647385098971426,0.6342937469482421,0.5673254984869196
35.94720125198364,24.4304912066749,25.0,0.054909890750423074,0.6507564399391412,0.5695087933250988
35.96720576286316,24.42674015193392,25.0,0.03780431323684752,0.6501876109861768,0.5732598480660798
35.98728275299072,24.419682672418418,25.0,0.0,0.6261284717940725,0.5803173275815823
36.0070104598999,24.410514614100727,25.0,0.054291218519210815,0.6848684245371259,0.5894853858992732
36.02701210975647,24.400122212264606,25.0,0.01786050945520401,0.6474917040788568,0.5998777877353945
36.04702425003052,24.389153296033417,25.0,0.0034383637830615044,0.647846978000598,0.6108467039665832
36.06676626205444,24.378073028810608,25.0,0.0,0.6061197778501082,0.6219269711893922
36.086761713027954,24.367207438634182,25.0,0.0,0.6198881257616449,0.6327925613658181
36.10686159133911,24.356777320406582,25.0,0.0,0.6326260108791757,0.6432226795934177
36.126566886901855,24.34692455712802,25.0,0.0,0.6072949048422742,0.6530754428719803
36.14676022529602,24.340048829908902,25.0,0.0,0.6076936428318731,0.659951170091098
36.166794538497925,24.334079147991613,25.0,0.020870186388492584,0.6091021560016088,0.6659208520083872
36.18681240081787,24.330239072467663,25.0,0.008757888339459896,0.6710671894135884,0.6697609275323373
36.206626892089844,24.33029573272403,25.0,0.0,0.6550642866524867,0.6697042672759714
36.2265100479126,24.333057496099645,25.0,0.0008565600146539509,0.6260541994008235,0.6669425039003549
36.246543169021606,24.33762538516907,25.0,0.0,0.6165670687216334,0.6623746148309309
36.266480445861816,24.343327387559327,25.0,0.0,0.6676879310864023,0.6566726124406728
36.287015199661255,24.349666847194733,25.0,0.03682171180844307,0.7,0.6503331528052669
36.30660843849182,24.356281996369205,25.0,0.04795378725975752,0.7,0.643718003630795
36.3267343044281,24.362914292547195,25.0,0.05757961422204971,0.7,0.6370857074528047
36.34659147262573,24.369383705237038,25.0,0.0,0.7,0.6306162947629623
36.36685609817505,24.375569481560348,25.0,0.0,0.6709584601223468,0.6244305184396524
36.38659930229187,24.380940130494615,25.0,0.0,0.6403404779732227,0.619059869505385
36.40672326087952,24.386058158661754,25.0,0.0,0.663495671749115,0.6139418413382458
36.42657256126404,24.390865836300517,25.0,0.0,0.6647773873293772,0.6091341636994834
36.44652080535889,24.395331244703996,25.0,0.0,0.6826846864307299,0.6046687552960037
36.466466665267944,24.399441234232523,25.0,0.0,0.6917557562002912,0.6005587657674774
36.48652696609497,24.40319603843047,25.0,0.02085818164050579,0.7,0.5968039615695311
36.506425857543945,24.406605180384847,25.0,0.05552223511040211,0.6916958035901188,0.5933948196151526
36.526715993881226,24.409684384537176,25.0,0.04483322147279978,0.7,0.5903156154628242
36.54685163497925,24.412453268252452,25.0,0.015829521231353283,0.6872982092201709,0.5875467317475476
36.566561460494995,24.414933635830543,25.0,0.030312257818877697,0.7,0.5850663641694567
36.58654260635376,24.417148235923452,25.0,0.0,0.7,0.5828517640765476
36.606624364852905,24.41907100826554,25.0,0.02416839264333248,0.6655137248337268,0.58092899173446
36.62670183181763,24.42078927361151,25.0,0.004153760150074959,0.6807794913649559,0.5792107263884887
36.646636724472046,24.426952903868877,25.0,0.047192541882395744,0.7,0.5730470961311234
36.66669297218323,24.436041755754957,25.0,0.031271956861019135,0.7,0.5639582442450433
36.68652534484863,24.446922873597202,25.0,0.0,0.6891968043521046,0.5530771264027976
36.7067449092865,24.458762093584244,25.0,0.009380289353430271,0.7,0.5412379064157555
36.726813316345215,24.470954771181255,25.0,0.0,0.7,0.5290452288187453
36.74658250808716,24.483071616792518,25.0,0.001126123359426856,0.665159174054861,0.5169283832074818
36.76669383049011,24.49481645281213,25.0,0.033129887422546744,0.6224815443158149,0.505183547187869
36.78662824630737,24.50599336434599,25.0,0.04424409079365432,0.6396797083318233,0.49400663565401004
36.80655264854431,24.516481240333167,25.0,0.036824013805016875,0.6676693677902221,0.48351875966683266
36.826656103134155,24.525587082033425,25.0,0.03568741586059332,0.6926411099731922,0.4744129179665748
36.84711718559265,24.534120043107475,25.0,0.046997771598398685,0.6363318309187889,0.46587995689252537
36.867220401763916,24.542030207230166,25.0,0.008795899339020252,0.6542192183434963,0.45796979276983407
36.886815547943115,24.549299317246657,25.0,0.00603908090852201,0.643966613151133,0.4507006827533431
36.906752824783325,24.55593158700744,25.0,0.0,0.6650842221453785,0.4440684129925607
36.926578760147095,24.56194672722786,25.0,0.0,0.6836260871961712,0.4380532727721409
36.9467453956604,24.56737469296842,25.0,0.0,0.6918365366756916,0.43262530703157864
36.966859340667725,24.572251765348824,25.0,0.0,0.7,0.42774823465117606
36.9869487285614,24.57661766326058,25.0,0.0005738934851251543,0.7,0.4233823367394187
37.00654172897339,24.580513446617054,25.0,0.0121049465960823,0.6513993002474308,0.4194865533829457
37.02689552307129,24.583980024649463,25.0,0.0,0.6424398439005017,0.4160199753505367
37.04659104347229,24.586989796203145,25.0,0.01752425730228424,0.5844011584296822,0.4130102037968548
37.06661534309387,24.58967028427577,25.0,0.011918274220079184,0.6061045618727803,0.41032971572423094
37.08648490905762,24.592051414509815,25.0,0.04903344949707389,0.6061444228755135,0.4079485854901854
37.106539487838745,24.59416186221478,25.0,0.0500255620572716,0.6434992311762471,0.4058381377852207
37.12656116485596,24.596028678508617,25.0,0.037672243313863873,0.6286772491650481,0.40397132149138315
37.14664173126221,24.597677073448292,25.0,0.03468965692445636,0.6506889445947308,0.4023229265517081
37.16670870780945,24.60144666200162,25.0,0.10468965692445636,0.6598895482959051,0.3985533379983792
37.18695640563965,24.60659024301073,25.0,0.10468563411070136,0.6174930103363294,0.3934097569892714
37.20681881904602,24.610236265668497,25.0,0.08543915461434154,0.6108490701073606,0.3897637343315026
37.226911544799805,24.61274602307039,25.0,0.031122678626907152,0.6763646106475789,0.3872539769296104
37.24661445617676,24.614400408478293,25.0,0.0094536298109415,0.7,0.3855995915217072
37.26692008972168,24.6158367881279,25.0,0.0,0.6784997273236513,0.38416321187209945
37.2866108417511,24.61666416957575,25.0,0.001242989324964583,0.6585585817694664,0.3833358304242509
37.30687236785889,24.6147303991595,25.0,0.0,0.7,0.3852696008404983
37.32707858085632,24.610929751021956,25.0,0.019846560433506966,0.7,0.38907024897804376
37.34671449661255,24.605932571841258,25.0,0.02098836691584438,0.7,0.39406742815874196
37.36680769920349,24.600236005746517,25.0,0.0,0.7,0.3997639942534832
37.38708472251892,24.594203791586004,25.0,0.015315682627260685,0.6681994952261447,0.4057962084139959
37.40703558921814,24.59041376929681,25.0,0.027782226912677288,0.6708218455780297,0.4095862307031908
37.42667245864868,24.58828101522523,25.0,0.012711839750409126,0.6777558932546526,0.41171898477476887
37.44673538208008,24.587355575723496,25.0,0.06426982395350933,0.6881976807955652,0.41264442427650394
37.46673369407654,24.587293103148507,25.0,0.09649929963052273,0.6397898728493601,0.41270689685149264
37.487013816833496,24.587238862863902,25.0,0.08866932801902294,0.6527992012444883,0.41276113713609774
37.50666809082031,24.587784584166396,25.0,0.12984265945851803,0.7,0.41221541583360377
37.526918172836304,24.58873264461607,25.0,0.12472578370943666,0.6762472342699766,0.4112673553839308
37.54693341255188,24.589935175929153,25.0,0.10223330790176988,0.7,0.4100648240708473
37.56694030761719,24.591282765137684,25.0,0.04522653156891465,0.7,0.4087172348623156
37.58688998222351,24.590379245066305,25.0,0.0428970935754478,0.6982115837046876,0.40962075493369454
37.6068012714386,24.587935960730125,25.0,0.1094549405388534,0.6522412518272176,0.41206403926987534
37.626729249954224,24.582171230691483,25.0,0.05950577137991786,0.6503411498153582,0.4178287693085174
37.64657926559448,24.574251418333024,25.0,0.04472557967528701,0.6532208446180447,0.4257485816669764
37.66686797142029,24.562727105710152,25.0,0.050839511677622795,0.681037289253436,0.4372728942898476
37.6867790222168,24.549002899796623,25.0,0.037657301872968674,0.6887808043276891,0.45099710020337724
37.706665992736816,24.537087193826878,25.0,0.023825191892683506,0.6587472457205876,0.46291280617312225
37.72698712348938,24.523766870909782,25.0,0.003512677736580372,0.6231412786757573,0.4762331290902182
37.74708366394043,24.509821984251776,25.0,0.005391029524616897,0.6295422657160088,0.4901780157482243
37.76643633842468,24.49581080385151,25.0,0.015437093446962535,0.6319071409991011,0.5041891961484914
37.787028312683105,24.482122840286447,25.0,0.0,0.6472582939779385,0.517877159713553
37.80703401565552,24.469020121633648,25.0,0.0,0.6431927538244053,0.5309798783663524
37.82712483406067,24.458985571482906,25.0,0.0,0.6228662251261994,0.5410144285170944
37.846917390823364,24.45134657061733,25.0,0.0,0.5995984605280682,0.5486534293826715
37.867202043533325,24.447889144532663,25.0,0.0038746765349060297,0.6607420525280758,0.5521108554673368
37.88718271255493,24.449743626617657,25.0,0.0,0.675462173926644,0.5502563733823429
37.906784772872925,24.455238781458206,25.0,0.039755988866090775,0.7,0.5447612185417938
37.92681550979614,24.46000981518874,25.0,0.0,0.6992427304969169,0.5399901848112592
37.946794748306274,24.467260185401614,25.0,0.016220735386013985,0.7,0.5327398145983864
37.96672701835632,24.47604157146537,25.0,0.0830493364483118,0.7,0.5239584285346304
37.98686385154724,24.485654938672713,25.0,0.10880357585847378,0.7,0.5143450613272869
38.00685214996338,24.495592824424936,25.0,0.1221926799044013,0.7,0.5044071755750643
38.02654981613159,24.505494202482797,25.0,0.10073765274137259,0.6738034252077341,0.4945057975172027
38.04660177230835,24.515109273244025,25.0,0.11213242262601852,0.6868072662502527,0.48489072675597455
38.06663537025452,24.524272076393103,25.0,0.07838264480233192,0.7,0.47572792360689675
38.08661341667175,24.53287925860842,25.0,0.07546404423192143,0.6637814462184906,0.4671207413915788
38.10688066482544,24.538557327942453,25.0,0.05269446084275842,0.7,0.4614426720575473
38.12663960456848,24.542051247892566,25.0,0.003793919924646616,0.6543130472302436,0.45794875210743413
38.14686679840088,24.541619670462165,25.0,0.0,0.6683352531865239,0.45838032953783525
38.16657996177673,24.54124496391839,25.0,0.021773815155029297,0.6632327035069465,0.45875503608160884
38.1865348815918,24.538147563782292,25.0,0.016888048965483904,0.6064414277672767,0.46185243621770766
38.206778049468994,24.533240665625286,25.0,0.0019952035509049892,0.5553900122642517,0.4667593343747143
38.22679376602173,24.52720624634354,25.0,0.02008287003263831,0.5047828748822212,0.47279375365646104
38.24689245223999,24.52054770943887,25.0,0.04137457860633731,0.45614470988512035,0.4794522905611309
38.26666879653931,24.513631157683136,25.0,0.05118968756869435,0.4859741654247045,0.48636884231686395
38.28671479225159,24.509034026933353,25.0,0.028209867421537638,0.5325026948004961,0.4909659730666469
38.306605100631714,24.50616907750407,25.0,0.0,0.5796120304614305,0.4938309224959312
38.32658791542053,24.506899120834483,25.0,0.02014910988509655,0.6068686999380588,0.49310087916551737
38.34662485122681,24.510106935549288,25.0,0.0,0.6144261358305811,0.4898930644507118
38.36660695075989,24.514951220149232,25.0,0.0,0.5978627538308501,0.4850487798507679
38.38655686378479,24.519157151719366,25.0,0.0,0.6678627538308501,0.48084284828063417
38.4068386554718,24.52445619126321,25.0,0.017529556527733803,0.7,0.47554380873679136
38.426830530166626,24.530374826583778,25.0,0.021649816539138556,0.7,0.46962517341622245
38.4465708732605,24.538884184081347,25.0,0.05560600524768233,0.7,0.461115815918653
38.46681189537048,24.548968743276802,25.0,0.10307671269401908,0.7,0.45103125672319777
38.486716747283936,24.557565281166646,25.0,0.06924748932942748,0.6650505781173706,0.44243471883335417
38.50701570510864,24.567218055827063,25.0,0.09328824793919921,0.7,0.43278194417293747
38.52682280540466,24.57503372593765,25.0,0.08738029981032014,0.690138323046267,0.4249662740623492
38.54696035385132,24.581367398033898,25.0,0.07646682811900973,0.6476387063041329,0.4186326019661024
38.566609144210815,24.586504780064352,25.0,0.0731829097494483,0.6758419906720519,0.41349521993564764
38.58690357208252,24.590965186306782,25.0,0.07749633071944118,0.6239118611440062,0.4090348136932178
38.606805086135864,24.59454848585417,25.0,0.03703806875273585,0.6259223386179655,0.405451514145831
38.6269907951355,24.595111778697536,25.0,0.029259975999593735,0.670477957976982,0.40488822130246405
38.64667558670044,24.593562588477976,25.0,0.0,0.7,0.40643741152202395
38.66693925857544,24.588270589534314,25.0,0.06275101006031036,0.7,0.4117294104656857
38.68689274787903,24.58051837898641,25.0,0.10182951390743256,0.6973678693640977,0.4194816210135883
38.706674098968506,24.57126166230229,25.0,0.09930567699484527,0.7,0.42873833769770897
38.72688698768616,24.561203904891464,25.0,0.07412445428781211,0.7,0.4387960951085361
38.7470543384552,24.550854831400265,25.0,0.060353851644322276,0.7,0.44914516859973475
38.7670841217041,24.54057616419451,25.0,0.0469477369915694,0.7,0.4594238358054916
38.78713607788086,24.53061729299859,25.0,0.05533016170375049,0.7,0.4693827070014116
38.80715322494507,24.521970746764236,25.0,0.017179612768813968,0.7,0.4780292532357642
38.82646560668945,24.513635858645927,25.0,0.018512776819989085,0.7,0.48636414135407335
38.84642839431763,24.505737107245146,25.0,0.0,0.7,0.494262892754854
38.866377115249634,24.498349458624954,25.0,0.0,0.7,0.5016505413750458
38.88636755943298,24.491511512685808,25.0,0.005233089439570904,0.664891143143177,0.5084884873141924
38.90638494491577,24.485235592807218,25.0,0.03316187392920256,0.6716807715594768,0.5147644071927822
38.926806926727295,24.479515446430245,25.0,0.0,0.6653110424987971,0.5204845535697551
38.947065591812134,24.476648431382408,25.0,0.0,0.6134250278584659,0.523351568617592
38.96650743484497,24.475838705382646,25.0,0.001232156646437943,0.648001108597964,0.524161294617354
38.98663806915283,24.478795620411034,25.0,0.0,0.6729263926856219,0.5212043795889656
39.00714564323425,24.48429084138404,25.0,0.0,0.7,0.5157091586159588
39.0264675617218,24.48906193253246,25.0,0.041259825229644775,0.7,0.5109380674675386
39.04641532897949,24.49554667716065,25.0,0.007311392575502396,0.6931965474970638,0.5044533228393497
39.06642389297485,24.503050787195345,25.0,0.0,0.7,0.49694921280465465
39.086435317993164,24.511065158464582,25.0,0.0,0.7,0.4889348415354178
39.10650062561035,24.519222729295624,25.0,0.030491100624203682,0.7,0.48077727070437604
39.12688422203064,24.52726477182658,25.0,0.0364530892111361,0.7,0.47273522817341984
39.14652919769287,24.535014623485274,25.0,0.009214234072715044,0.6579033553600311,0.4649853765147256
39.16713094711304,24.54235727856664,25.0,0.0,0.6660210348665714,0.45764272143335916
39.18649172782898,24.549223587981707,25.0,0.0,0.671502536907792,0.45077641201829266
39.206966400146484,24.557894424250467,25.0,0.012911989353597164,0.7,0.44210557574953313
39.22637867927551,24.56759013057948,25.0,0.0,0.6623565189540386,0.4324098694205212
39.24703788757324,24.576008190357463,25.0,0.04557907208800316,0.6448005277663469,0.423991809642537
39.26640748977661,24.585050936702793,25.0,0.0,0.6966971110552549,0.4149490632972075
39.28694176673889,24.596605605574485,25.0,0.023563336580991745,0.7,0.40339439442551495
39.30637216567993,24.60960048459152,25.0,0.0593114048242569,0.7,0.39039951540847895
39.32626438140869,24.623253226727464,25.0,0.06369545264169574,0.7,0.3767467732725365
39.34638524055481,24.637003091139622,25.0,0.08757017692551017,0.7,0.36299690886037794
39.36632704734802,24.650458038567905,25.0,0.05942444643005729,0.654058539122343,0.34954196143209515
39.3862669467926,24.66335353872221,25.0,0.03938850527629256,0.7,0.3366464612777911
39.406710386276245,24.67552059821469,25.0,0.10938850527629257,0.6620839245617389,0.324479401785311
39.42695474624634,24.684544687438294,25.0,0.06870567908510566,0.6274545200169086,0.31545531256170634
39.446404218673706,24.691147902124126,25.0,0.10258575266227127,0.5910981491208076,0.3088520978758744
39.46642065048218,24.696880981702442,25.0,0.07354099227115513,0.6033491695299744,0.30311901829755783
39.486273765563965,24.70087320378558,25.0,0.10552059782668949,0.5772360039874911,0.29912679621441995
39.5062153339386,24.70355104574104,25.0,0.10239781362935901,0.6386700382456183,0.2964489542589597
39.52622079849243,24.702929022664463,25.0,0.1012265525572002,0.7,0.29707097733553667
39.546294927597046,24.700031371283682,25.0,0.09224344527348877,0.7,0.2999686287163179
39.56698989868164,24.695629480322577,25.0,0.07404662778601051,0.7,0.30437051967742335
39.586907625198364,24.690298785363133,25.0,0.0588070016168058,0.7,0.30970121463686695
39.60691571235657,24.679830755058802,25.0,0.10332518553361297,0.6806381613016128,0.3201692449411979
39.6268105506897,24.66607031601393,25.0,0.0839012890867889,0.6900443870574235,0.3339296839860708
39.64690041542053,24.65038568921596,25.0,0.10519027447327972,0.646675730869174,0.34961431078404104
39.66693091392517,24.63377792594361,25.0,0.10286888729780913,0.6505264202598482,0.36622207405639173
39.68624019622803,24.61696666598317,25.0,0.08490956265479327,0.6439701556693762,0.3830333340168295
39.70708632469177,24.602370700873667,25.0,0.08144644781015814,0.673481188295409,0.3976292991263328
39.726428270339966,24.58778453061607,25.0,0.04470208047889174,0.7,0.4122154693839306
39.74684810638428,24.573589580638338,25.0,0.04346370795276017,0.7,0.42641041936166246
39.76629042625427,24.56004047100741,25.0,0.060347826271317906,0.7,0.4399595289925884
39.78656601905823,24.54729703478386,25.0,0.08519781106617302,0.7,0.4527029652161403
39.806318521499634,24.53544905544577,25.0,0.038652376323007054,0.7,0.4645509445542295
39.8262734413147,24.524535295168423,25.0,0.09648918831255288,0.6983535384526476,0.47546470483157677
39.84700083732605,24.514558056155906,25.0,0.09639701015868923,0.7,0.4854419438440942
39.86633515357971,24.505494255555675,25.0,0.12432852528610966,0.6873368768021464,0.49450574444432505
39.886324882507324,24.497303786897895,25.0,0.10632639146962902,0.6173368768021463,0.5026962131021051
39.906334400177,24.49019261289661,25.0,0.057964523803384516,0.6873368768021464,0.5098073871033897
39.92683792114258,24.48376167361833,25.0,0.03116014740982792,0.6287377027794718,0.5162383263816714
39.94705510139465,24.47797269878447,25.0,0.006115277778299066,0.622656393609941,0.5220273012155303
39.967100858688354,24.47278218770394,25.0,0.0,0.5889548508450388,0.5272178122960582
39.98720026016235,24.468144153199606,25.0,0.06744417548179626,0.5960951725021004,0.5318558468003936
40.00650763511658,24.464012093016958,25.0,0.051101114600896835,0.6023183165118098,0.535987906983042
40.02651786804199,24.4603403727008,25.0,0.03798610344529152,0.6313977202400565,0.5396596272992014
40.047024965286255,24.459401511327734,25.0,0.0332510843873024,0.6206399200484156,0.5405984886722663
40.06709003448486,24.46038558387249,25.0,0.0,0.6567322945222258,0.5396144161275096
40.087175369262695,24.46499570163186,25.0,0.013075556606054306,0.6952605171129107,0.5350042983681398
40.10703134536743,24.472002900253607,25.0,0.0,0.7,0.5279970997463934
40.12635898590088,24.47808672899928,25.0,0.0,0.7,0.5219132710007202
40.1470513343811,24.48577252578873,25.0,0.017363637685775757,0.6968445755075663,0.5142274742112711
40.167168378829956,24.494368459864976,25.0,0.0,0.7,0.505631540135024
40.18710422515869,24.50337001255535,25.0,0.0,0.7,0.49662998744464915
40.20636868476868,24.514732413114448,25.0,0.028848396614193916,0.7,0.48526758688555205
40.22700238227844,24.527435157529922,25.0,0.0106543879956007,0.64649738073349,0.4725648424700779
40.24701547622681,24.540734099071276,25.0,0.0361437126994133,0.6619828658178448,0.4592659009287239
40.26627969741821,24.55409665527427,25.0,0.08181920275092125,0.6973295042291283,0.44590334472572835
40.28680968284607,24.567151228226926,25.0,0.038939252495765686,0.7,0.4328487717730738
40.30704689025879,24.579647830159463,25.0,0.004158593714237213,0.6606093168258667,0.42035216984053747
40.32645773887634,24.59142752972746,25.0,0.03453639708459377,0.6495739238336682,0.4085724702725386
40.346611738204956,24.601654965642407,25.0,0.05176170915365219,0.5977487022057175,0.39834503435759316
40.36681413650513,24.61127855119602,25.0,0.010603249073028564,0.6069034196436405,0.38872144880398096
40.386966705322266,24.620229085534202,25.0,0.022516326047480106,0.6177724374458193,0.3797709144657979
40.40694832801819,24.62615989320744,25.0,0.08620734605938196,0.6450607085600495,0.3738401067925601
40.426668643951416,24.632153300128476,25.0,0.08131640404462814,0.634168660081923,0.3678466998715244
40.44665169715881,24.635715883574843,25.0,0.011316404044628137,0.590553661622107,0.3642841164251571
40.46686506271362,24.637496173110918,25.0,0.0,0.6205730380490422,0.3625038268890819
40.48698973655701,24.637991596843783,25.0,0.0159450676292181,0.6010679749771952,0.3620084031562172
40.50688171386719,24.637581521101172,25.0,0.029538978822529316,0.6106365842744708,0.36241847889882806
40.52668523788452,24.63655331065071,25.0,0.0,0.6123861397383734,0.3634466893492885
40.546831369400024,24.635122854309362,25.0,0.0,0.6062728559365496,0.3648771456906381
40.56680655479431,24.63388089559252,25.0,0.0013628849992528558,0.5795310979476198,0.3661191044074812
40.58677577972412,24.634688753188563,25.0,0.0,0.5720752218505367,0.36531124681143723
40.606651306152344,24.63458273398505,25.0,0.0012355438666418195,0.5287685917457565,0.3654172660149513
40.62670636177063,24.63616109605473,25.0,0.01458913937676698,0.5085283817490562,0.3638389039452683
40.64673137664795,24.638867798820304,25.0,0.025026627001352608,0.5340252073248848,0.36113220117969647
40.666927337646484,24.64228689008212,25.0,0.0,0.5175082405796274,0.3577131099178814
40.68686246871948,24.64611068266144,25.0,0.029715552926063538,0.46842202374245967,0.35388931733855955
40.70673370361328,24.65011479720669,25.0,0.0,0.4620213617337867,0.3498852027933097
40.72681999206543,24.656454979930388,25.0,0.0,0.5104997825575992,0.3435450200696124
40.74693179130554,24.664250655040142,25.0,0.0,0.5614564751042053,0.33574934495985786
40.76680302619934,24.67285183248066,25.0,0.033588871359825134,0.6314564751042053,0.32714816751933995
40.78697919845581,24.680319594333003,25.0,0.032412338769063354,0.6248746554879472,0.31968040566699685
40.80695557594299,24.68826951445598,25.0,0.011401517083868384,0.5822346511809156,0.3117304855440217
40.82688236236572,24.696344812975244,25.0,0.012814673711545765,0.5811648713238537,0.3036551870247557
40.846874475479126,24.704294373239758,25.0,0.043255862896330655,0.5477317953296006,0.2957056267602418
40.86629056930542,24.711947088357658,25.0,0.011349351261742413,0.5286637237109244,0.2880529116423425
40.88677167892456,24.719191934153585,25.0,0.01005303324200213,0.5147122051380575,0.28080806584641493
40.90690565109253,24.723646196677123,25.0,0.02695492305792868,0.5054039917699993,0.27635380332287696
40.92670822143555,24.726044783069838,25.0,0.0589046033564955,0.5714993364922702,0.2739552169301618
40.94688272476196,24.726952322572455,25.0,0.08507687249220908,0.5452495124004781,0.2730476774275452
40.96686863899231,24.726800291985327,25.0,0.03441044338978827,0.5907774399779737,0.27319970801467264
40.98681139945984,24.72591631150495,25.0,0.008987620705738664,0.5613592397235334,0.2740836884950504
41.00654578208923,24.725148817082793,25.0,0.035857085371389985,0.5482702627591789,0.27485118291720667
41.02670478820801,24.723880871915927,25.0,0.07374407374300063,0.6091313063912094,0.2761191280840727
41.04645490646362,24.72229874001829,25.0,0.051411725813522935,0.6165116010047496,0.27770125998171125
41.066617012023926,24.720540077085744,25.0,0.051191019476391375,0.6360075594671071,0.27945992291425625
41.08677530288696,24.718705148526688,25.0,0.03163950948510319,0.6531906006671488,0.28129485147331224
41.10670733451843,24.7168656067036,25.0,0.039629772887565196,0.6519502006517723,0.28313439329640033
41.126962661743164,24.71275499344276,25.0,0.0249241009587422,0.6321765702264384,0.2872450065572387
41.1468300819397,24.707175273193325,25.0,0.037391888559795916,0.614904839177616,0.2928247268066748
41.16684532165527,24.70072219292179,25.0,0.05240477959159762,0.6042579352902249,0.2992778070782087
41.18688106536865,24.693832564119923,25.0,0.07590704748872668,0.6074859391478822,0.3061674358800772
41.20671248435974,24.686821292689437,25.0,0.06911462370771915,0.6317049286840484,0.31317870731056274
41.2266845703125,24.68073392782723,25.0,0.06360495660919696,0.6168987633241341,0.3192660721727698
41.24678158760071,24.674625106392753,25.0,0.0008215514244511724,0.594632975156419,0.3253748936072469
41.26668906211853,24.668662378983083,25.0,0.0,0.6336271496070549,0.33133762101691744
41.28682851791382,24.662958272670632,25.0,0.0,0.6122730517340824,0.33704172732936755
41.306777000427246,24.657584130625644,25.0,0.0,0.6224894424481318,0.3424158693743564
41.32692360877991,24.652580810244405,25.0,0.0,0.6682670464320108,0.3474191897555947
41.34688138961792,24.647966917309045,25.0,0.017423240467905998,0.6555797479627654,0.352033082690955
41.366687536239624,24.643745111712658,25.0,0.02672810945659876,0.6542538694152609,0.3562548882873422
41.38674449920654,24.639906907544756,25.0,0.020932955667376518,0.6235982040921226,0.36009309245524435
41.40688753128052,24.638752648967298,25.0,0.03502073511481285,0.6527777175465599,0.3612473510327021
41.426918268203735,24.63717667873666,25.0,0.0,0.6481863223994151,0.36282332126333827
41.4467716217041,24.637665678458898,25.0,0.03628157824277878,0.6339719650382176,0.3623343215411019
41.46683049201965,24.638090240502496,25.0,0.027011776342988014,0.6148520783567801,0.3619097594975038
41.48672938346863,24.63994469395866,25.0,0.09577366150915623,0.6046445091301575,0.36005530604133895
41.50668263435364,24.642743448076008,25.0,0.0639237966388464,0.6594334711367265,0.3572565519239923
41.52691340446472,24.64612433408048,25.0,0.06692292098887265,0.6748603136325255,0.3538756659195208
41.54687190055847,24.64982045460705,25.0,0.08040421199984848,0.7,0.35017954539295104
41.56660723686218,24.65363811999815,25.0,0.02056814101524651,0.6760438743978738,0.34636188000185086
41.587018728256226,24.655123245822963,25.0,0.0,0.7,0.34487675417703656
41.60661816596985,24.654949094991238,25.0,0.005306186154484749,0.7,0.3450509050087618
41.62667942047119,24.65362703280094,25.0,0.01478935219347477,0.7,0.3463729671990592
41.64684748649597,24.651542496659946,25.0,0.0522273164242506,0.6818502012640237,0.3484575033400539
41.66689968109131,24.649732649161596,25.0,0.05900626676157117,0.6592162072658538,0.3502673508384042
41.68693709373474,24.647411942961106,25.0,0.01459093065932393,0.6673767480999231,0.3525880570388935
41.70657658576965,24.64479756627154,25.0,0.008266276679933071,0.6850492998957634,0.3552024337284614
41.72649836540222,24.642048113428764,25.0,0.07826627667993308,0.6556140191853046,0.3579518865712359
41.746742248535156,24.63927730087165,25.0,0.12462846066802741,0.6674544176086783,0.360722699128349
41.767014026641846,24.636564676745643,25.0,0.13157066533342004,0.7,0.36343532325435746
41.786813497543335,24.63396396008548,25.0,0.14069225749000908,0.7,0.36603603991451905
41.80679202079773,24.63150951377178,25.0,0.11393020970746875,0.7,0.36849048622822167
41.82680583000183,24.629221350649313,25.0,0.13230053817853332,0.7,0.3707786493506866
41.846802949905396,24.62479264078832,25.0,0.15170413179323078,0.7,0.3752073592116787
41.86662435531616,24.618993867241876,25.0,0.11071570886299015,0.7,0.3810061327581238
41.88668894767761,24.61395922399913,25.0,0.09545179193839431,0.6638793244957923,0.3860407760008684
41.90670990943909,24.60570874645125,25.0,0.09882315660826863,0.6962818101048469,0.39429125354875083
41.926695585250854,24.593125705720126,25.0,0.03396591211669148,0.6958509650896303,0.40687429427987354
41.94670867919922,24.575548628029445,25.0,0.0040600825380534,0.6712509007076732,0.42445137197055516
41.96665835380554,24.552649683956027,25.0,0.06693387071602047,0.631518209807109,0.44735031604397335
41.98683953285217,24.52434142682291,25.0,0.05339607915841044,0.6657057055155746,0.47565857317708904
42.00662016868591,24.493022027835195,25.0,0.051142911128699786,0.6514360136236064,0.5069779721648047
42.02688002586365,24.460436568091342,25.0,0.04871106513775886,0.6165095246280543,0.5395634319086575
42.046451568603516,24.42783051365904,25.0,0.0,0.610950728401076,0.572169486340961
42.06654405593872,24.396069483659694,25.0,0.0,0.6510487957741133,0.6039305163403057
42.08644485473633,24.36573244966137,25.0,0.0,0.6668883426929824,0.634267550338631
42.10656023025513,24.33939306220276,25.0,0.0016349587822332978,0.6892410456086508,0.6606069377972403
42.126481771469116,24.316631844134626,25.0,0.0,0.6888111529289744,0.6833681558653737
42.14666390419006,24.29927217005047,25.0,0.02734273485839367,0.681516063620802,0.7007278299495283
42.1666305065155,24.28843816313252,25.0,0.010802693665027618,0.7,0.7115618368674816
42.18677854537964,24.282422285989362,25.0,0.016468919347971678,0.7,0.7175777140106376
42.20653176307678,24.28222788335987,25.0,0.009088448248803616,0.6675847589969635,0.7177721166401305
42.226783990859985,24.28608208643268,25.0,0.0,0.6199861548840999,0.7139179135673217
42.24652910232544,24.297279490830533,25.0,0.0,0.6410890657454729,0.7027205091694668
42.266700744628906,24.31559858080627,25.0,0.04025634750723839,0.7,0.6844014191937298
42.28698253631592,24.340697804591308,25.0,0.020665951073169708,0.7,0.6593021954086922
42.306901931762695,24.369844889222716,25.0,0.03536564391106367,0.7,0.6301551107772845
42.32686471939087,24.395151132260107,25.0,0.03863606811501086,0.7,0.6048488677398929
42.347062826156616,24.423006896746337,25.0,0.0113171620760113,0.7,0.5769931032536633
42.36641025543213,24.451899373210402,25.0,0.0,0.7,0.5481006267895978
42.386439085006714,24.480750471372996,25.0,0.07,0.7,0.5192495286270038
42.40640878677368,24.50881246135051,25.0,0.016265161037445075,0.7,0.4911875386494913
42.42640948295593,24.535586781464996,25.0,0.03323260106146336,0.7,0.46441321853500384
42.44647455215454,24.56076107693676,25.0,0.01875883590430022,0.7,0.43923892306323964
42.466477155685425,24.58416056072964,25.0,0.02513103529810906,0.7,0.4158394392703606
42.487170696258545,24.605710604163015,25.0,0.011153363324701793,0.7,0.3942893958369851
42.50682783126831,24.62540811342037,25.0,0.03472182590514422,0.7,0.37459188657962983
42.526944637298584,24.64329976293871,25.0,0.02431583188474179,0.7,0.3567002370612897
42.54678535461426,24.65883374984604,25.0,0.04684765607118607,0.6515973702073097,0.34116625015396096
42.566821813583374,24.67295256914435,25.0,0.04822683490812779,0.661895739659667,0.32704743085565013
42.58655619621277,24.685716340740797,25.0,0.0674993821233511,0.656154360435903,0.3142836592592033
42.606696128845215,24.697202534884262,25.0,0.02702601037919522,0.6835667414590716,0.3027974651157379
42.62672758102417,24.707498631311168,25.0,0.010384890884161002,0.6555710414424538,0.29250136868883203
42.64669060707092,24.716696756632906,25.0,0.07512542203068734,0.6572130643064156,0.28330324336709367
42.666791677474976,24.724889837102193,25.0,0.005125422030687332,0.6461279712850228,0.275110162897807
42.68679118156433,24.729852557241273,25.0,0.007031942252069712,0.6571123417699709,0.27014744275872715
42.70679807662964,24.73244074036738,25.0,0.0,0.6414279941702261,0.26755925963261973
42.72642469406128,24.733311405274595,25.0,0.0,0.629825896047987,0.2666885947254052
42.746490240097046,24.732966169366314,25.0,0.008909305557608604,0.6256287576863542,0.2670338306336859
42.76645851135254,24.731785491208566,25.0,0.026040202006697655,0.6412404034519568,0.26821450879143427
42.78646636009216,24.730760396287863,25.0,0.015330403111875057,0.6048661697888746,0.26923960371213695
42.806391954422,24.729165634283483,25.0,0.0,0.6149928126716986,0.2708343657165173
42.8264524936676,24.72953357054138,25.0,0.0,0.6102414642693474,0.27046642945861876
42.84644269943237,24.731255061671394,25.0,0.0,0.6330577907385304,0.2687449383286058
42.86643648147583,24.73387133580387,25.0,0.009924729354679585,0.6406102035427466,0.2661286641961311
42.886433601379395,24.737040157067643,25.0,0.0012361826375126839,0.6417854162165895,0.2629598429323572
42.90641975402832,24.740509252804948,25.0,0.025374638848006725,0.6775194401154294,0.25949074719505205
42.926450967788696,24.744095485664094,25.0,0.028856799937784672,0.6964741511503234,0.25590451433590644
42.94641375541687,24.747668564889114,25.0,0.027561890659853816,0.7,0.25233143511088585
42.96662163734436,24.751138339733995,25.0,0.024171778233721852,0.7,0.2488616602660052
42.986385345458984,24.754444915831215,25.0,0.04831227590329945,0.7,0.24555508416878524
43.0064480304718,24.75731576961972,25.0,0.004666350083425641,0.6299999999999999,0.24268423038028075
43.02645778656006,24.760043541366745,25.0,0.0,0.6288328800536691,0.2399564586332552
43.04645037651062,24.76260004099401,25.0,0.02473798580467701,0.558832880053669,0.23739995900599098
43.066548347473145,24.764970202083475,25.0,0.02630575653165579,0.5138709693588315,0.23502979791652479
43.08643651008606,24.76714847072847,25.0,0.0,0.4528677835501729,0.23285152927153163
43.10639214515686,24.76913604659912,25.0,0.008969219401478767,0.47113274591043575,0.23086395340088117
43.126423597335815,24.770938788650618,25.0,0.027307361364364624,0.4837885787151752,0.22906121134938218
43.146451234817505,24.772565637674223,25.0,0.0,0.4137885787151752,0.22743436232577707
43.16641545295715,24.77402743941059,25.0,0.0,0.4586424224637447,0.2259725605894083
43.1864709854126,24.77533607690259,25.0,0.0,0.4130166687630115,0.22466392309740968
43.206400871276855,24.776472269384247,25.0,0.016044480726122856,0.4137754815258084,0.22352773061575348
43.22640371322632,24.779806659911678,25.0,0.026397550478577614,0.4788159357942639,0.22019334008832203
43.246445178985596,24.784579998263823,25.0,0.02104885410517454,0.5217197912372646,0.21542000173617737
43.26636099815369,24.79022700078242,25.0,0.010367043316364288,0.5620928260125218,0.20977299921758075
43.28655433654785,24.794015659093446,25.0,0.0,0.5079899991489945,0.2059843409065536
43.30649709701538,24.789464653955307,25.0,0.0,0.526839034873992,0.21053534604469348
43.32653880119324,24.77460832692313,25.0,0.03868924081325531,0.5264838525420052,0.2253916730768708
43.34672498703003,24.7529856619509,25.0,0.061702294275164604,0.534929704046808,0.24701433804910167
43.366480112075806,24.72723309413487,25.0,0.07584593817591667,0.557779207951389,0.2727669058651294
43.386486291885376,24.69929068283529,25.0,0.06330332532525063,0.5184549653297288,0.30070931716470994
43.40651059150696,24.670563668399414,25.0,0.08880161494016647,0.5471433793520553,0.3294363316005864
43.426440715789795,24.645622141030678,25.0,0.03708571940660477,0.5954448079084975,0.35437785896932184
43.44650864601135,24.620393910548152,25.0,0.013197600841522217,0.606016976884566,0.3796060894518476
43.46653985977173,24.595631429029073,25.0,0.0,0.6279895474528892,0.40436857097092727
43.48637533187866,24.569528712108404,25.0,0.06515458971261978,0.5801909734820945,0.4304712878915957
43.50638175010681,24.543183028244158,25.0,0.018657345324754715,0.5789598110225049,0.4568169717558419
43.52644157409668,24.51736292199621,25.0,0.0,0.5577012612577525,0.4826370780037905
43.546395778656006,24.492588357829312,25.0,0.008244005963206291,0.552621110351756,0.5074116421706876
43.566492319107056,24.4691929377319,25.0,0.014078506734222174,0.5518976404075508,0.5308070622680994
43.58638620376587,24.44737202791945,25.0,0.04140877118334174,0.564668798886705,0.5526279720805505
43.60634136199951,24.427219829889648,25.0,0.007232395466417074,0.5009313990105873,0.5727801701103523
43.62637519836426,24.40875779543704,25.0,0.0,0.4470217768778091,0.5912422045629597
43.646392822265625,24.392728585767166,25.0,0.0,0.48900383531348757,0.6072714142328337
43.66635727882385,24.378039311396158,25.0,0.01605369709432125,0.5091142394323831,0.621960688603842
43.68644309043884,24.364667864119895,25.0,0.0,0.5472110696812158,0.6353321358801054
43.70634198188782,24.352564156819483,25.0,0.0,0.568493781678844,0.6474358431805172
43.72640061378479,24.343976336894382,25.0,0.0,0.5609693802637046,0.6560236631056178
43.74637532234192,24.338056914598308,25.0,0.0,0.5576635669660752,0.6619430854016919
43.76635217666626,24.334146914807107,25.0,0.0,0.5376997772348111,0.665853085192893
43.78646659851074,24.33173566818238,25.0,0.0,0.5379158174857728,0.6682643318176211
43.80638241767883,24.330428974317556,25.0,0.0,0.5422728513606123,0.6695710256824441
43.82640886306763,24.329923918956094,25.0,0.000824607617687434,0.573169243080192,0.6700760810439057
43.84635949134827,24.329988976687364,25.0,0.0,0.5996081964351467,0.670011023312636
43.86633586883545,24.33004546147065,25.0,0.013178025372326374,0.6006441717274718,0.6699545385293497
43.886398792266846,24.330497350754243,25.0,0.0,0.6203522836096815,0.6695026492457572
43.90636086463928,24.331211970769623,25.0,0.039965033531188965,0.6414450542308621,0.6687880292303774
43.92639446258545,24.332090244673765,25.0,0.050878044217824936,0.6426564790547125,0.6679097553262352
43.946423053741455,24.33305904255008,25.0,0.06833120808005333,0.6596654933184616,0.6669409574499205
43.9664671421051,24.33174883595619,25.0,0.09931733086705208,0.6911083664983741,0.6682511640438094
43.98650097846985,24.33120655590862,25.0,0.08457154966890812,0.7,0.6687934440913814
44.00712513923645,24.333528302425133,24.99999976822907,0.07651290390640497,0.7,0.6664714658039372
44.026530504226685,24.340094504431036,24.999993757841175,0.0846441388130188,0.689659528248012,0.6598992534101384
44.046507596969604,24.349435770578268,24.999971173502434,0.06848716363310814,0.7,0.6505354029241666
44.06648302078247,24.360458353879235,24.999921098451786,0.08776389993727207,0.7,0.6394627445725511
44.08658218383789,24.37002844212105,24.999832726480626,0.09425043128430843,0.6925014781765639,0.6298042843595759
44.1070442199707,24.378350895014865,24.99969536156089,0.13105656765401363,0.6983003200031817,0.6213444665460237
44.126505613327026,24.385587427456638,24.99949841747314,0.15482171438634396,0.7,0.6139109900165032
44.146504640579224,24.39187898276567,24.999231417434657,0.13307077251374722,0.7,0.6073524346689858
44.166401624679565,24.39503201410037,24.9988839937275,0.1307592880912125,0.6843126703053712,0.6038519796271302
44.18648624420166,24.395921990313347,24.998445887326607,0.1132832788862288,0.7,0.6025238970132598
44.20708394050598,24.39290028942546,24.99790694752787,0.09814839856699109,0.7,0.6050066581024112
44.22648501396179,24.387241250800372,24.997257131576223,0.07323346147313714,0.7,0.6100158807758511
44.24648308753967,24.37758316428657,24.99648650429372,0.04057229543104768,0.7,0.6189033400071509
44.266340255737305,24.360769259066405,24.99558523770762,0.04424014175310731,0.7,0.634815978641214
44.286460638046265,24.339428190933898,24.99454361067846,0.11424014175310732,0.7,0.6551154197445612
44.30636215209961,24.32089933071791,24.993352008528156,0.10597900876775385,0.7,0.6724526778102451
44.326377391815186,24.299417856141343,24.992000922668073,0.07868931645527483,0.693980897590518,0.6925830665267299
44.346410274505615,24.27645169540765,24.99048095022711,0.061213988978415734,0.7,0.714029254819458
44.36630940437317,24.253059571458152,24.988782793679775,0.07744788954034448,0.6918398410081863,0.7357232222216226
44.3863365650177,24.22998807873865,24.986897260474286,0.04972660185769201,0.6986775638535618,0.7569091817356366
44.40641808509827,24.20774733693458,24.98481526266064,0.03687305113300682,0.695557185029611,0.7770679257260582
44.42639231681824,24.188986118925897,24.982527816518687,0.04445543948560954,0.7,0.79354169759279
44.44633460044861,24.173136159941077,24.980026042186243,0.04205178206786514,0.7,0.8068898822451658
44.46637177467346,24.15972602847136,24.977301163287137,0.0502852082066238,0.7,0.817575134815776
44.48634171485901,24.150680324108254,24.97434450655932,0.051326781911775476,0.7,0.8236641824510649
44.506333351135254,24.144904463957058,24.971147501482932,0.03708780783228577,0.7,0.8262430375258738
44.52631402015686,24.139889714709074,24.967701679908387,0.0032177627366036243,0.6317530915141105,0.827811965199313
44.54630398750305,24.13719806243907,24.96399867568447,0.020418102322146303,0.6572323467582464,0.8268006132453998
44.566306352615356,24.138507274149035,24.960030224286395,0.04526932950131596,0.658445023628883,0.8215229501373607
44.586320638656616,24.14256090352694,24.95578816244391,0.04086924430914224,0.6813323615817353,0.8132272589169673
44.60632276535034,24.14841391872335,24.951264427769363,0.01728102092631162,0.6856408330379054,0.8028505090460136
44.62625861167908,24.155362496492593,24.9464510583858,0.038279353575780994,0.6418847913620993,0.7910885618932078
44.64628267288208,24.162888901550385,24.94134019255503,0.06428465147502721,0.655079551669769,0.7784512910046466
44.66633462905884,24.170618296526147,24.935924068305727,0.0,0.6888075588969513,0.7653057717795804
44.686338663101196,24.178284976941992,24.93019502306149,0.009295348078012466,0.6937127124285325,0.7519100461194981
44.70628881454468,24.18802239058849,24.924145493268952,0.009739194356370717,0.7,0.7361231026804624
44.726354122161865,24.196625118416048,24.917768014025835,0.0005711999838240445,0.6954630397260189,0.7211428956097876
44.746357679367065,24.206529339791516,24.91105521870906,0.0,0.6942247456638142,0.7045258789175435
44.766491413116455,24.215128437656478,24.9039998386028,0.007487693335860968,0.6475051945773884,0.6888714009463222
44.7866747379303,24.224542484718242,24.89659470252659,0.02734145289286971,0.6855451098410412,0.6720522178083463
44.806549310684204,24.234274473329307,24.888832736463392,0.0,0.6155451098410412,0.6545582631340849
44.82656812667847,24.246287160475063,24.880706963187684,0.0,0.6353472555009647,0.6344198027126211
44.846431732177734,24.268832775421433,24.872210501893548,0.0,0.62789616453927,0.6033777264721145
44.86661672592163,24.302732864717434,24.86333656782274,0.0,0.6454558996437116,0.5606037031053042
44.8866446018219,24.348258812549062,24.854078471892777,0.0,0.6366873122705146,0.5058196593437145
44.90658521652222,24.400660022624688,24.844429620325027,0.0,0.6273231757758184,0.44376959770033864
44.92663526535034,24.456455626947225,24.834383514272783,0.0,0.69494340847712,0.3779278873255585
44.946478843688965,24.51313842384424,24.82393374944935,0.028996016830205917,0.7,0.3107953256051097
44.966588258743286,24.562351875290755,24.813074015756122,0.02205753605812788,0.7,0.250722140465367
44.98652267456055,24.61167195327151,24.801798096910677,0.020460486295633018,0.7,0.1901261436391657
45.00661301612854,24.65976626654044,24.790099870074844,0.0,0.7,0.13033360353440315
45.026684522628784,24.70574166711837,24.777973305482796,0.0,0.6857302885502576,0.07223163836442481
45.046618700027466,24.749033635621224,24.76541246606913,0.0,0.6941730387508869,0.016378830447905557
45.06657934188843,24.789320789502543,24.752411507096944,0.0,0.6911729511804878,-0.03690928240559899
45.08655261993408,24.826459094306745,24.73896467578593,0.0,0.654853166360408,-0.08749441852081574
45.106621503829956,24.860431494103356,24.725066310940452,0.0,0.584853166360408,-0.1353651831629037
45.126585960388184,24.89130957926704,24.71071084257762,0.0,0.6214377857930957,-0.18059873668942217
45.14655089378357,24.91922462540408,24.695892791555384,0.0,0.5845245771296321,-0.2233318338486967
45.16657638549805,24.94434590455961,24.680606769200615,0.0,0.6138178628124296,-0.2637391353589962
45.18655848503113,24.966156840499156,24.664847476937187,0.0,0.5922536250390111,-0.3013093635619697
45.207250356674194,24.985801430657013,24.648609705914048,0.04011852294206619,0.5509261485375463,-0.337191724742965
45.22654700279236,25.00342358835467,24.631888336633327,0.03595672873780131,0.5971571985818445,-0.37153525172134394
45.246546506881714,25.019176573960753,24.614678338578386,0.0,0.5700961850769817,-0.4044982353823663
45.26646018028259,25.03321610095911,24.596974769841932,0.0,0.5726209442317485,-0.4362413311171771
45.286442279815674,25.0456954829071,24.578772776754075,0.03284004330635071,0.5922089937329291,-0.46692270615302434
45.30642747879028,25.05907867394175,24.56006759351043,0.0,0.6020466248691081,-0.49901108043132325
45.32642936706543,25.07273692049805,24.540854541800186,0.011559396050870419,0.6273680265247821,-0.5318823786978619
45.34696960449219,25.086226253598557,24.5211290304342,0.0515534495934844,0.6167228735238313,-0.5650972231643578
45.36659288406372,25.09924275277844,24.500886554973064,0.08400418888777494,0.6083956529572605,-0.5983561978053764
45.38683605194092,25.11158778231981,24.480122697355203,0.09509660210460424,0.6191971834003924,-0.6314650849646064
45.40683674812317,25.1223060521512,24.458833125524947,0.09152794699184597,0.6226690475549548,-0.6634729266262518
45.426624059677124,25.13244694577035,24.437013593060627,0.04680207069031894,0.6138595844339578,-0.6954333527097241
45.44663739204407,25.141919543000697,24.414659938802636,0.039449380012229085,0.6003205821570008,-0.7272596041980606
45.46664547920227,25.148361957263532,24.391768086481537,0.04111156228464097,0.6028942201472818,-0.7565938707819946
45.48655581474304,25.15252987660962,24.36833404434612,0.03389256342779845,0.6185957804508506,-0.7841958322634994
45.50657606124878,25.15500813123828,24.344353904791504,0.023535676184110343,0.6110541262850164,-0.8106542264467755
45.52658200263977,25.156247463692015,24.319823843987212,0.0,0.616432977952063,-0.836423619704803
45.546562910079956,25.156593602579836,24.294740121505257,0.0,0.6031484595686196,-0.8618534810745793
45.56672215461731,25.15631022424745,24.269099079948212,0.0,0.6725795037299394,-0.8872111442992363
45.586650133132935,25.15328071589841,24.242897144577313,0.0,0.6842246690019964,-0.9103835713210984
45.60662531852722,25.148423641766062,24.216130822940528,0.0,0.6695322050899266,-0.9322928188255339
45.62683582305908,25.144206605997365,24.18879670450064,0.0,0.6629580414108931,-0.9554099014967257
45.646892786026,25.138763845767595,24.16089146026333,0.0,0.6813954306952654,-0.9778723855042664
45.667224645614624,25.13492951277251,24.13241184240527,0.02491973340511322,0.6524699205718933,-1.00251767036724
45.68693137168884,25.132313415288344,24.103354683902186,0.0011331960558891296,0.6423972040601074,-1.0289587313861581
45.706568479537964,25.130612427314325,24.073716898156963,0.04984886571764946,0.6778336778469383,-1.0568955291573623
45.72655153274536,25.12959188585009,24.043495478627705,0.07806179486215115,0.6758220453001558,-1.086096407222385
45.74644327163696,25.129070865473658,24.01268749845584,0.09542261064052582,0.6694818275235592,-1.1163833670178178
45.76690745353699,25.12891053410334,23.981290110094186,0.09102632803842425,0.5994818275235592,-1.1476204240091548
45.78656530380249,25.129004955772402,23.949300544935035,0.09148440024000593,0.5865513933263717,-1.1797044108373669
45.80658960342407,25.12927383544276,23.91671611293824,0.13395083209616132,0.6224893247149883,-1.2125577225045205
45.8264639377594,25.129656803930654,23.88353420225931,0.09455273559433408,0.5895559256337581,-1.2461226016713454
45.84652352333069,25.130108923184107,23.849752278877457,0.09996629811939783,0.6042169425077735,-1.28035664430665
45.86647057533264,25.130501464663105,23.815367886223726,0.12212438441929407,0.5959036284498869,-1.3151335784393794
45.88652515411377,25.128621624100766,23.78037864480903,0.07301409475621767,0.6150881507806478,-1.3482429792917365
45.90651559829712,25.125212974452758,23.74478225185227,0.047053396032424644,0.6146848478552418,-1.3804307226004866
45.92660093307495,25.118515930455505,23.708576480908402,0.04453446975094266,0.5980499607708769,-1.4099394495471032
45.946529150009155,25.107394983912563,23.671759181496512,0.03174966646474786,0.6239441872772293,-1.4356358024160514
45.9665162563324,25.08886167645572,23.63432827872791,0.0,0.6582983301219063,-1.4545333977278112
45.986560583114624,25.05640293921764,23.596281772934216,0.0,0.6376856376614886,-1.4601211662834253
46.00648093223572,25.01281096953148,23.557617739295424,0.0,0.591728716829093,-1.4551932302360555
46.02644371986389,24.96495128433416,23.518334327468008,0.03553427755832672,0.6306235899415331,-1.4466169568661513
46.0465452671051,24.915388664402087,23.478429761212986,0.021214515902101994,0.6722172458854037,-1.436958903189101
46.06651306152344,24.868265785005068,23.437902338024013,0.007786456495523453,0.7,-1.4303634469810547
46.08648133277893,24.827352498008334,23.396750428755464,0.0,0.6967379050794988,-1.4306020692528705
46.10654044151306,24.79087380785353,23.3549724772505,0.0,0.7,-1.4359013306030306
46.12647533416748,24.758436693861203,23.31256699996917,0.0,0.6980796696618199,-1.445869693892032
46.14665675163269,24.729661656250435,23.269532585616496,0.0,0.6756336631253361,-1.4601290706339398
46.16652750968933,24.70418858826814,23.225867894770538,0.030139660462737083,0.7,-1.4783206934976008
46.18663454055786,24.686313039922286,23.181571659510478,0.07473132573068142,0.7,-1.504741380411808
46.206501722335815,24.676502036255904,23.13664268304472,0.06387277878820896,0.6925035662017762,-1.5398593532111846
46.22661209106445,24.674867423503617,23.09107983933896,0.08104343339800835,0.7,-1.5837875841646571
46.24670481681824,24.68127139995674,23.044882072744272,0.10045335255563259,0.7,-1.6363893272124663
46.26680374145508,24.693090046997263,22.998048397625183,0.1306905411183834,0.7,-1.6950416493720795
46.28667688369751,24.708358139048347,22.950577897987763,0.16420253738760948,0.6898356441408395,-1.7577802410605834
46.30648899078369,24.72161428638,22.902469727107718,0.1833004131913185,0.7,-1.8191445592722815
46.326443910598755,24.73712908469575,22.853723107158444,0.15513854660093784,0.7,-1.8834059775373042
46.34649419784546,24.753803806910604,22.804337328839132,0.16380024794489145,0.7,-1.9494664780714714
46.3664608001709,24.768528380943668,22.754311751002852,0.15690305037423968,0.7,-2.0142166299408153
46.38645815849304,24.781510355639607,22.703645800284626,0.17657482950016856,0.6950779932551086,-2.0778645553549815
46.406574964523315,24.788307120215226,22.652338970729502,0.1423575351946056,0.7,-2.1359681494857234
46.42654585838318,24.78136323857203,22.60039082342066,0.13816141476854682,0.7,-2.18097241515137
46.44660449028015,24.748843941712682,22.547800986107482,0.1544503695331514,0.7,-2.2010429556051996
46.46648144721985,24.683203068108423,22.494569152833623,0.1453304816968739,0.7,-2.1886339152747993
46.48645281791687,24.587021161566366,22.44069508356512,0.1400379128754139,0.7,-2.1463260780012448
46.50662851333618,24.503513574665863,22.38617860381845,0.12313826195895672,0.7,-2.1173349708474127
46.52650475502014,24.397341148234556,22.331019604288628,0.11400328576564789,0.6976183311082422,-2.0663215439459286
46.54726576805115,24.280540679032796,22.275218040477277,0.05755016952753067,0.7,-2.005322638555519
46.567243576049805,24.159436443323575,22.218773932320723,0.1209859699010849,0.686232210882008,-1.9406625110028521
46.58648872375488,24.038534584910334,22.16168736381807,0.06199779361486435,0.6999688901007175,-1.8768472210922624
46.60658836364746,23.920959649438903,22.10395848265929,0.028362389653921127,0.6804989267140626,-1.8170011667796118
46.6272668838501,23.808794204451136,22.045587499853294,0.03266141191124916,0.6666301971301436,-1.7632067045978417
46.6473126411438,23.703342194048297,21.98657468935602,0.009708797559142113,0.6353828663006424,-1.7167675046922781
46.66723132133484,23.607648728507307,21.926920387698516,0.004065109882503748,0.6060931233689189,-1.6807283408087912
46.687299489974976,23.523571696405327,21.86662499361503,0.003189357928931713,0.6285277789458632,-1.6569467027902967
46.707322120666504,23.4520954009107,21.805688967671077,0.0,0.6525107191875577,-1.6464064332396227
46.726537466049194,23.390037856285783,21.744112831891538,0.0015704963589087129,0.6322444265708327,-1.645925024394245
46.74647569656372,23.339691484014136,21.68189716938873,0.0,0.6402094893157482,-1.6577943146254057
46.767173528671265,23.29880633610481,21.619042623990488,0.0,0.6157824013382196,-1.6797637121143225
46.78650188446045,23.267886641247376,21.55554989986826,0.0,0.5773822542279958,-1.712336741379115
46.80722165107727,23.249336336447033,21.49141976116518,0.016357116401195526,0.616947865858674,-1.757916575281854
46.82728028297424,23.251448199582132,21.426653031624156,0.012566879857331514,0.6404203165322542,-1.8247951679579764
46.847344636917114,23.27943768259486,21.36125059421594,0.0,0.6907700587064027,-1.9181870883789216
46.867217779159546,23.324663593968268,21.295213390767223,0.0,0.6715254008769989,-2.029450203201044
46.88729190826416,23.382986015072227,21.228542421588728,0.002399427816271782,0.651366351917386,-2.1544435934834993
46.907265424728394,23.448867934258583,21.161238745103258,0.0,0.6517522455425933,-2.287629189155325
46.926568031311035,23.520580569939025,21.093303477473814,0.0,0.59105904486496,-2.4272770924652107
46.94724726676941,23.58284331114732,21.024737792231658,0.0,0.6085640982957556,-2.5581055189156636
46.96665287017822,23.65082757790985,20.9555429199044,0.02614980936050415,0.6387886227341368,-2.695284658005452
46.987340211868286,23.720994186195604,20.88572014764408,0.03977171238511801,0.6052126408787444,-2.8352740385515247
47.007216691970825,23.793143720761456,20.815270818855254,0.09503333922475576,0.6167523748474195,-2.9778729019062027
47.02727460861206,23.86476906378748,20.744196332823076,0.131484086625278,0.5924591980176046,-3.1205727309644047
47.04659128189087,23.93414263532521,20.672498144341375,0.16275979112833738,0.5440986118512228,-3.2616444909838336
47.06658601760864,24.000123837358206,20.600177763340746,0.1635438445955515,0.5607755798147991,-3.3999460740174605
47.08652138710022,24.062009838369384,20.52723675451662,0.21421635709702969,0.6062177363084629,-3.534773083852766
47.1069450378418,24.119420393932756,20.453676736957362,0.24418417923152447,0.6042977332137525,-3.665743656975394
47.12722444534302,24.169892995518474,20.37949938377234,0.2316108886152506,0.6656751877628266,-3.7903936117461328
47.1466338634491,24.214216430029516,20.30470642172002,0.278688644990325,0.6408722701482474,-3.9095100083094962
47.16669988632202,24.25269916750302,20.229299630836042,0.25684244371950626,0.5887023325078189,-4.023399536666979
47.186482429504395,24.284195981154394,20.153280844061296,0.2513277977705002,0.5742972924374043,-4.130915137093098
47.20646595954895,24.30306136943863,20.076651946870015,0.18175620585680008,0.5791346522048115,-4.226409422568615
47.226542711257935,24.287176192693735,19.999414876897852,0.2386530041694641,0.6375381590798497,-4.287761315795883
47.2465033531189,24.210511036521886,19.921571623569964,0.21120643056929111,0.6869858110323548,-4.2889394129519225
47.26668620109558,24.05195553294099,19.843124227729106,0.2812064305692911,0.6768935702741146,-4.208831305211884
47.28653264045715,23.803637741160824,19.764074781263684,0.2637370430678129,0.6837936358526349,-4.03956295989714
47.306495904922485,23.47867007735999,19.68442542673587,0.23852928511798382,0.635413216240704,-3.794244650624119
47.326515197753906,23.106711053047093,19.604178357009662,0.28494641713798047,0.6202885990962386,-3.502532696037431
47.34646558761597,22.709599342063566,19.523335814878983,0.30859753273427487,0.6902885990962386,-3.1862635271845825
47.366543769836426,22.29621751189943,19.44190009269575,0.25924219347536565,0.7,-2.8543174192036815
47.38669419288635,21.870847669234994,19.359873531997962,0.222502054348588,0.6680525138974189,-2.5109741372370316
47.406532287597656,21.50153071162592,19.27725852313779,0.24301118560135365,0.6600045168772339,-2.2242721884881327
47.426777839660645,21.118445960722113,19.194057504909644,0.2223708999156952,0.6563927548006177,-1.924388455812469
47.4464693069458,20.72894548375847,19.11027296417826,0.22144153591245413,0.6555398540687747,-1.6186725195802083
47.46647644042969,20.34525401275057,19.0259074355068,0.2073858228325844,0.618082533229608,-1.3193465772437705
47.48648023605347,19.975709511522147,18.94096350078491,0.1830801420658827,0.6880825332296081,-1.034746010737237
47.50640392303467,19.628046872727896,18.855443788856824,0.15638319931924344,0.6726238096994348,-0.772603083871072
47.526458978652954,19.30242921106703,18.769350975149422,0.15502096787560732,0.6921113322419115,-0.533078235917607
47.546419858932495,19.00302152595472,18.682687781300338,0.13464912102092058,0.6871220481512137,-0.3203337446543806
47.566415786743164,18.73202598330743,18.595456974786032,0.13689105287659914,0.7,-0.13656900852139842
47.58646512031555,18.49022336546719,18.507661368549858,0.13391435663681478,0.7,0.017438003082666853
47.60644888877869,18.277386612133174,18.419303820630176,0.15298129576724023,0.7,0.14191720849700218
47.62644672393799,18.09259630890822,18.330387233788414,0.12138441536109895,0.6475706592202186,0.23779092488019415
47.64646124839783,17.93215496020309,18.24091455513715,0.16277325856965036,0.6940550923347473,0.3087595949340596
47.666465282440186,17.795170681459503,18.150888775768202,0.09369458961766214,0.7,0.35571809430869905
47.68650531768799,17.68040577853525,18.06031293038071,0.13249220285099,0.6662181548774242,0.37990715184546175
47.70646548271179,17.58641498401797,17.969190096909223,0.13465112778823823,0.6903271421790123,0.38277511289125243
47.72720766067505,17.51164694403423,17.877523396151766,0.18248961079400033,0.6364598840475082,0.3658764521175364
47.74641942977905,17.454517504897865,17.785315991397937,0.18725207359995694,0.6746202751994133,0.33079848650007193
47.766481161117554,17.418094177185285,17.692571088056983,0.1852508711675182,0.7,0.274476910871698
47.78644013404846,17.406278234413698,17.59929193328589,0.2007859035441652,0.7,0.19301369887219266
47.80648922920227,17.416498203616527,17.505481815617447,0.22896678960416467,0.7,0.08898361200091998
47.826422929763794,17.439438191636444,17.411144064588356,0.15936390525195748,0.7,-0.028294127048088313
47.84718608856201,17.459355274921045,17.316282050367292,0.1551177131989971,0.7,-0.1430732245537527
47.866363763809204,17.49021754308403,17.220899183382993,0.14424551120493562,0.7,-0.26931835970103535
47.886472940444946,17.525552402528508,17.124998913952343,0.11903588129673154,0.6306304082274437,-0.4005534885761648
47.90650177001953,17.560746241775252,17.028584731908463,0.1356198865035549,0.5962831534445285,-0.5321615098667891
47.926438331604004,17.594914601258857,16.931660166228774,0.18923496110830457,0.609734345972538,-0.6632544350300833
47.9464111328125,17.62978652717288,16.834228784663097,0.11923496110830456,0.6303446505218744,-0.7955577425097822
47.96662664413452,17.664228090654554,16.736294193361726,0.15446075482759625,0.6315886114491149,-0.9279338972928279
47.98725461959839,17.695146680984514,16.637860036503515,0.1909211581805721,0.654750680248253,-1.0572866444809996
48.00722050666809,17.72511977504648,16.538929995923965,0.14653662650380284,0.6716129683656618,-1.1861897791225147
48.02654266357422,17.75364620819923,16.439507790743292,0.14288601058069617,0.6264649719698354,-1.3141384174559363
48.046464920043945,17.778413585776867,16.339597176994523,0.1373325289459899,0.5882657968206331,-1.438816408782344
48.06664991378784,17.801919677441926,16.23920194725158,0.09012574714142829,0.5597889494849368,-1.5627177301903465
48.0864622592926,17.82393020405333,16.138325930257334,0.0846265951404348,0.5735672914190217,-1.6856042737959953
48.10654258728027,17.844321855363805,16.03697299055174,0.06401231943164021,0.5773901493987068,-1.8073488648120666
48.12644815444946,17.86305164777596,15.935147028099873,0.05658134876284748,0.5591650848975405,-1.927904619676088
48.146435260772705,17.882449871923313,15.832851977920026,0.1097853301325813,0.5419616980245336,-2.0495978940032877
48.166463136672974,17.904117485617032,15.730091809711803,0.12752590014133602,0.5827964415540918,-2.174025675905229
48.1872832775116,17.929106673293568,15.626870527484186,0.1448411779711023,0.5829112287930911,-2.302236145809381
48.20719933509827,17.955744373852355,15.523192169183623,0.14782235433813184,0.520224353330559,-2.432552204668731
48.22649645805359,17.985141413505453,15.419060806322115,0.1459433431737125,0.5139706731162732,-2.5660806071833377
48.246443033218384,18.01336393213831,15.314480543605294,0.16497834352776408,0.48889859955233983,-2.6988833885330177
48.266464948654175,18.037867443370477,15.20945551856051,0.13843980384990573,0.5051176362059777,-2.8284119248099664
48.28654456138611,18.061301424037772,15.103989901164903,0.16958018159493804,0.48506349514645986,-2.9573115228728692
48.30661201477051,18.08569127772416,14.998087893473496,0.1447897176258266,0.49678097947908095,-3.087603384250663
48.32651448249817,18.110102270095695,14.891753729247272,0.12109192414209247,0.48675967476738147,-3.2183485408484227
48.34653663635254,18.13388459587368,14.784991673581265,0.12975962227210402,0.4696540674514835,-3.348892922292416
48.36645531654358,18.156603481472768,14.677806022532632,0.1502796965651214,0.4841524828545516,-3.478797458940136
48.38648557662964,18.17798496852421,14.57020110274874,0.10250136954709888,0.4609390367142623,-3.6077838657754704
48.406569957733154,18.195557669820303,14.462181271095254,0.08326611062511802,0.48801580819708756,-3.7333763987250492
48.427260875701904,18.21002173641213,14.3537509142842,0.11518189078196883,0.4715664424322312,-3.8562708221279305
48.446473836898804,18.221945407251667,14.244914448502072,0.13157154014334083,0.4015664424322312,-3.9770309587495944
48.466469526290894,18.231790321851808,14.135676319037918,0.12384808529168367,0.41174928970111063,-4.09611400281389
48.48642945289612,18.24033792806026,14.026040999911375,0.11950041772797704,0.3460886789060896,-4.214296928148885
48.506484508514404,18.247353161322373,13.916012993500807,0.11233310494571924,0.3350728669710224,-4.3313401678215655
48.527148485183716,18.2531191526049,13.805596830171375,0.06080752704292536,0.3702276529319351,-4.4475223224335245
48.54641652107239,18.260181830858855,13.694797067903078,0.02754137385636568,0.3002276529319351,-4.565384762955777
48.56645750999451,18.26564267828129,13.583618291918905,0.01290153618901968,0.2645869326539104,-4.682024386362384
48.5863881111145,18.2698470053104,13.472065114312855,0.0,0.2561777966789668,-4.797781890997545
48.60634779930115,18.27306777327855,13.360142173678057,0.02378653921186924,0.2579453472740715,-4.912925599600495
48.62645363807678,18.275520497378544,13.24785413473483,0.04457249864935875,0.25570859496889164,-5.027666362643714
48.64677119255066,18.272742415790812,13.135205687958784,0.04540105041814968,0.2672103672981029,-5.137536727832028
48.66653060913086,18.264087986926498,13.022201549208905,0.04709971748525277,0.2856877363979583,-5.241886437717593
48.68650507926941,18.2515800488268,12.908846459355605,0.01653955184156075,0.27449915388075163,-5.3427335894711945
48.706387519836426,18.240720337625813,12.795145183908847,0.0,0.2392340173706179,-5.445575153716966
48.726521730422974,18.224980157414056,12.681102512646188,0.0,0.2519494380563264,-5.543877644767868
48.74651765823364,18.20394858165579,12.566723259240893,0.020749012008309364,0.24912011988868465,-5.637225322414897
48.76651859283447,18.177479642990658,12.452012260890006,0.026001982856541872,0.21240577094664326,-5.725467382100652
48.78657031059265,18.14793160455335,12.336974377942429,0.042854704428464174,0.2363819199841236,-5.81095722661092
48.80650329589844,18.11702361910151,12.221614493527005,0.03995704185217619,0.24275705909763923,-5.8954091255745045
48.826547384262085,18.08598561774723,12.105937513180605,0.05095256585627794,0.23303916996752372,-5.980048104566626
48.84650993347168,18.053358965036157,11.989948364476213,0.026161988265812397,0.21778835861419787,-6.063410600559944
48.866408348083496,18.018172390072266,11.873651996651006,0.005384123884141445,0.1892906664166366,-6.14452039342126
48.886563301086426,17.97518603741451,11.757053380234419,0.0,0.23487488313054194,-6.218132657180091
48.90656399726868,17.918649620272173,11.640157506676264,0.0,0.19965196161007037,-6.2784921135959095
48.9264760017395,17.847242560596516,11.522969387974772,0.013815647922456264,0.22007729059492698,-6.324273172621744
48.94656300544739,17.7852451282773,11.405494056304715,0.0,0.290077290594927,-6.379751071972585
48.9664626121521,17.706611771320148,11.287736563645455,0.04534025490283966,0.22683063811098686,-6.418875207674693
48.98653745651245,17.613863104358295,11.16970198140904,0.004867739975452423,0.22125467062403908,-6.4441611229492555
49.00676155090332,17.51375460063873,11.051395400068294,0.014947164803743362,0.18369029984285584,-6.462359200570436
49.02649188041687,17.411172447356034,10.932821928784886,0.0,0.17650142182072154,-6.478350518571148
49.04657435417175,17.309575687259738,10.813986695037446,0.0,0.22609564904530993,-6.495588992222292
49.066545724868774,17.211340933800056,10.694894844249577,0.0,0.17971278224547854,-6.516446089550479
49.08657264709473,17.118030330829512,10.575551539418,0.0,0.16577520557155362,-6.5424787914115115
49.10671949386597,17.030599137426066,10.455961960740636,0.0,0.21118845753779164,-6.57463717668543
49.12669539451599,16.949555906631552,10.336131305244653,0.003021781099960208,0.14118845753779163,-6.6134246013869
49.14649796485901,16.875085515357995,10.216064786414556,0.021617525024339557,0.15704783790220966,-6.659020728943439
49.166637897491455,16.810428420334915,10.095767633820302,0.03233227482996881,0.16731713053246489,-6.714660786514614
49.18666172027588,16.74868986024504,9.975245092745341,0.0009623204823583364,0.16980726683919778,-6.773444767499699
49.206660985946655,16.681340178244643,9.854502423814733,0.0,0.16586179372330656,-6.82683775442991
49.22666025161743,16.60028637409601,9.73354490262321,0.02210574597120285,0.19053142976423254,-6.8667414714728015
49.24663996696472,16.491002986601398,9.61237781936326,0.0,0.15011406030913343,-6.8786251672381375
49.26658344268799,16.344144902419075,9.491006478453217,0.014953011646866798,0.12474927392264357,-6.8531384239658575
49.286906003952026,16.154211465891933,9.369436198165335,0.043144119903445244,0.06781020101567259,-6.784775267726598
49.30661630630493,15.92546631986313,9.24767231025388,0.01901089772582054,0.07066429911588779,-6.677794009609251
49.326528549194336,15.668842829923522,9.125720159583208,0.0,0.052077762246481085,-6.543122670340313
49.346636056900024,15.39266982858346,9.003585103755842,0.0,0.06039039364492049,-6.389084724827617
49.36661171913147,15.152889377788455,8.881272512740573,0.01309196837246418,0.017481829434982443,-6.271616865047882
49.38672995567322,14.890431379729298,8.758787768500511,0.0,0.04228225669299712,-6.131643611228787
49.40660262107849,14.598291921151379,8.6361362646212,0.0,0.02348830497299781,-5.962155656530179
49.426846504211426,14.26312308041177,8.513323405938692,0.0016980163054540753,0.09348830497299782,-5.749799674473078
49.44689679145813,13.86983864296612,8.390354608167602,0.02701896906364709,0.16348830497299782,-5.479484034798517
49.46690630912781,13.411807997966017,8.267235297529222,0.007126110722310841,0.20484603828226677,-5.144572700436795
49.4866783618927,12.881499336163554,8.143970910379629,0.0,0.1701516385975992,-4.737528425783925
49.506781339645386,12.282535133996825,8.020566892837664,0.0,0.2401516385975992,-4.2619682411591615
49.5266637802124,11.628506294498434,7.897028700413145,0.0,0.24942202164267652,-3.7314775940852893
49.546724796295166,10.941885755959952,7.773361797634859,0.0,0.23169322727655522,-3.1685239583250926
49.56698155403137,10.248407124512463,7.649571657678681,0.0,0.22885764806007497,-2.5988354668337816
49.586390256881714,9.646311271339505,7.525663761995645,0.008521285839378834,0.23201055728306524,-2.1206475093438595
49.6065092086792,9.048002907754928,7.4016435999400265,0.07667300570756197,0.256290039945743,-1.646359307814901
49.62655711174011,8.477359005991351,7.277516668397453,0.07605158654041588,0.2743763858120655,-1.199842337593898
49.64653038978577,7.966449386206044,7.153288471412942,0.10371499438770115,0.32684180975367777,-0.8131609147931016
49.66657376289368,7.568403700235529,7.028964519818995,0.0924238080624491,0.2810822697024559,-0.5394391804165339
49.6865668296814,7.337997380003587,6.904550330863714,0.04944651969708502,0.2847848659980809,-0.43344704913987364
49.706443548202515,7.320439991040917,6.7800514278388455,0.03804591600783169,0.26320068860833995,-0.5403885632020717
49.72654914855957,7.522992816943283,6.655473339707893,0.06935638491995633,0.21210486764495723,-0.8675194772353905
49.746514081954956,7.900887808229766,6.530821600734139,0.06695080362260342,0.26819952899997584,-1.3700662074956265
49.76701903343201,8.385979956748733,6.406101750108842,0.053875382989645004,0.2014526235539233,-1.9798782066398903
49.786577224731445,8.932744600256985,6.281319331579176,0.050607493380084634,0.1876791170466458,-2.6514252686778086
49.807618141174316,9.407459623315107,6.156479893076444,0.022289548302069306,0.1184388450015103,-3.2509797302386634
49.82689595222473,9.922411878607136,6.031588986344072,0.05311394133605063,0.09206606584077232,-3.8908228922630634
49.84649133682251,10.451740615785393,5.906652166565735,0.036160737508907914,0.08149236670171373,-4.545088449219659
49.86645460128784,10.97478822514647,5.7816749919934125,0.0,0.15149236670171373,-5.193113233153058
49.886473655700684,11.479688221904164,5.656663023575511,0.03371671959757805,0.13655002801155203,-5.8230251983286525
49.906460762023926,11.947094915994107,5.531621824584889,0.0048297252506017685,0.08786630271410101,-6.415473091409218
49.92649745941162,12.350661213293547,5.4065569602469985,0.02968534082174301,0.11691610528563612,-6.944104253046548
49.94649410247803,12.66682040059235,5.281473997367929,0.05868048034608364,0.1395321266207611,-7.385346403224421
49.96656084060669,12.879190757227448,5.156378503962493,0.06037942587863654,0.14685215022822373,-7.722812253264955
49.98651099205017,12.986078248556773,5.031276048882344,0.028836007113568485,0.10045101087947839,-7.954802199674429
50.006529331207275,12.989086220987094,4.96872395111766,0.043571336078457534,0.0878477754484629,-8.020362269869434
50.02687454223633,12.991697819448284,4.96872395111766,0.043571336078457534,0.0878477754484629,-8.022973868330624
50.04687166213989,12.89896621386076,4.96872395111766,0.043571336078457534,0.0878477754484629,-7.9302422627431
50.066794633865356,12.721607883942902,4.96872395111766,0.043571336078457534,0.0878477754484629,-7.752883932825242
50.08688735961914,12.471612963144606,4.96872395111766,0.043571336078457534,0.0878477754484629,-7.502889012026946
50.1068229675293,12.159223893088516,4.96872395111766,0.043571336078457534,0.0878477754484629,-7.190499941970856
50.126935720443726,11.797831960572704,4.96872395111766,0.043571336078457534,0.0878477754484629,-6.8291080094550445
50.146944522857666,11.398029956506214,4.96872395111766,0.043571336078457534,0.0878477754484629,-6.429306005388554
50.166725635528564,10.970504067539359,4.96872395111766,0.043571336078457534,0.0878477754484629,-6.001780116421699
50.186681270599365,10.525723717862272,4.96872395111766,0.043571336078457534,0.0878477754484629,-5.556999766744612
50.20685267448425,10.071415504056992,4.96872395111766,0.043571336078457534,0.0878477754484629,-5.102691552939332
50.22690463066101,9.615513622792026,4.96872395111766,0.043571336078457534,0.0878477754484629,-4.646789671674366
50.24686789512634,9.219687969750009,4.96872395111766,0.043571336078457534,0.0878477754484629,-4.250964018632349
50.266700744628906,8.822221422902023,4.96872395111766,0.043571336078457534,0.0878477754484629,-3.8534974717843635
50.28660988807678,8.431773983867142,4.96872395111766,0.043571336078457534,0.0878477754484629,-3.463050032749482
50.306901693344116,8.056492080493657,4.96872395111766,0.043571336078457534,0.0878477754484629,-3.0877681293759967
50.3266875743866,7.701634376017287,4.96872395111766,0.043571336078457534,0.0878477754484629,-2.732910424899627
50.34693932533264,7.370315157391057,4.96872395111766,0.043571336078457534,0.0878477754484629,-2.4015912062733973
50.366633892059326,7.064077193076483,4.96872395111766,0.043571336078457534,0.0878477754484629,-2.095353241958823
50.38674974441528,6.783331046054506,4.96872395111766,0.043571336078457534,0.0878477754484629,-1.8146070949368465
50.40689015388489,6.5276900511984755,4.96872395111766,0.043571336078457534,0.0878477754484629,-1.5589661000808155
50.42689228057861,6.296223994862297,4.96872395111766,0.043571336078457534,0.0878477754484629,-1.327500043744637
50.44684982299805,6.087649640920071,4.96872395111766,0.043571336078457534,0.0878477754484629,-1.1189256898024107
50.466789960861206,5.9065600616712945,4.96872395111766,0.043571336078457534,0.0878477754484629,-0.9378361105536346
50.487014055252075,5.7432457741533085,4.96872395111766,0.043571336078457534,0.0878477754484629,-0.7745218230356485
50.506961822509766,5.596581987016282,4.96872395111766,0.043571336078457534,0.0878477754484629,-0.6278580358986217
50.526899337768555,5.4653486200378945,4.96872395111766,0.043571336078457534,0.0878477754484629,-0.4966246689202345
50.54685854911804,5.348291562294916,4.96872395111766,0.043571336078457534,0.0878477754484629,-0.3795676111772561
50.566689014434814,5.244166117765557,4.96872395111766,0.043571336078457534,0.0878477754484629,-0.2754421666478972
50.58689999580383,5.151766933665686,4.96872395111766,0.043571336078457534,0.0878477754484629,-0.18304298254802642
50.60691690444946,5.06994775119847,4.96872395111766,0.043571336078457534,0.0878477754484629,-0.10122380008080967
50.62689733505249,4.997633566622697,4.96872395111766,0.043571336078457534,0.0878477754484629,-0.02890961550503679
50.64686942100525,4.931510852089199,4.96872395111766,0.043571336078457534,0.0878477754484629,0.03721309902846137
50.666754484176636,4.873747616649498,4.96872395111766,0.043571336078457534,0.0878477754484629,0.09497633446816156
50.68667936325073,4.823313055684399,4.96872395111766,0.043571336078457534,0.0878477754484629,0.1454108954332609
50.70686173439026,4.779524482199011,4.96872395111766,0.043571336078457534,0.0878477754484629,0.18919946891864914
50.72707223892212,4.741279688570891,4.96872395111766,0.043571336078457534,0.0878477754484629,0.22744426254676853
50.74682831764221,4.707893433384822,4.96872395111766,0.043571336078457534,0.0878477754484629,0.2608305177328383
50.76687502861023,4.6787617151029535,4.96872395111766,0.043571336078457534,0.0878477754484629,0.2899622360147065
50.78707981109619,4.653352878212347,4.96872395111766,0.043571336078457534,0.0878477754484629,0.31537107290531274
50.80683612823486,4.631199529057351,4.96872395111766,0.043571336078457534,0.0878477754484629,0.33752442206030864
50.82727527618408,4.609574879036437,4.96872395111766,0.043571336078457534,0.0878477754484629,0.35914907208122315
50.847187519073486,4.591203716522754,4.96872395111766,0.043571336078457534,0.0878477754484629,0.3775202345949058
50.86689829826355,4.5755765327807305,4.96872395111766,0.043571336078457534,0.0878477754484629,0.39314741833692946
50.887006521224976,4.562267115747283,4.96872395111766,0.043571336078457534,0.0878477754484629,0.4064568353703768
50.9070246219635,4.550918342371151,4.96872395111766,0.043571336078457534,0.0878477754484629,0.41780560874650874
50.927128314971924,4.5410650475780505,4.96872395111766,0.043571336078457534,0.0878477754484629,0.42765890353960945
50.947021484375,4.532675607310405,4.96872395111766,0.043571336078457534,0.0878477754484629,0.4360483438072551
50.96676969528198,4.525524034548085,4.96872395111766,0.043571336078457534,0.0878477754484629,0.4431999165695748
50.986961126327515,4.51942073926402,4.96872395111766,0.043571336078457534,0.0878477754484629,0.44930321185363997
