{
  "total_losses": {
    "train": [
      0.18132801992905892,
      0.12908502182198514,
      0.12019872895720372,
      0.11471669681373571,
      0.11084285113626854,
      0.10791616160781338,
      0.10566429204805958,
      0.10390523585202179,
      0.1024674286980333,
      0.10124991613779295,
      0.10016338350717909,
      0.09920096664371093,
      0.09838398644703616,
      0.09768678189239936,
      0.09710118705019534,
      0.09659028461417314,
      0.09613192669292354,
      0.09571464535670551,
      0.09532114287948704,
      0.09495949145361998,
      0.09461903292843958,
      0.09429096302881498,
      0.09396818592950472,
      0.09364569037482859,
      0.09332704825107106,
      0.093015985194938,
      0.09273482310802475,
      0.0924851352372923,
      0.09225061357812286,
      0.09204079972659567,
      0.0918432438033273,
      0.0916577123380666,
      0.0914780604891471,
      0.09129759128935752,
      0.09111803663592286,
      0.09093865892555032,
      0.09076520975644009,
      0.09059845428986166,
      0.09043299010423576,
      0.09026225487906127,
      0.09008887569649501,
      0.08990846893647689,
      0.08971052103337891,
      0.08948540428291035,
      0.08921692478262029,
      0.08885621521602957,
      0.08829153270416097,
      0.08727394324358288,
      0.0855862348796657,
      0.08361675329468429
    ],
    "val": [
      0.12204949189847467,
      0.11200475726707346,
      0.10653581429438787,
      0.10309590553635463,
      0.10071092805377913,
      0.09884081693366559,
      0.09733811200612164,
      0.09612363865690553,
      0.09511836702146217,
      0.09420420947855994,
      0.09336617385246952,
      0.09264446164888492,
      0.09202680538638028,
      0.09150494254086522,
      0.09104688912349691,
      0.09064908380503936,
      0.09030094358017822,
      0.08996796701746008,
      0.08965798796855728,
      0.08936777819332009,
      0.08908176340027232,
      0.08880532556607737,
      0.08852765427525762,
      0.08825330716307982,
      0.08799125297926172,
      0.08774371533190234,
      0.0875366071565067,
      0.08734311753490244,
      0.08717697222325534,
      0.08702285918491844,
      0.08688317257042537,
      0.08675178757726759,
      0.08661879557347463,
      0.08648924775828185,
      0.08635906670137401,
      0.08622634714613792,
      0.08610246888319618,
      0.08598767897180751,
      0.08586900711009723,
      0.0857493545413765,
      0.08563239142974749,
      0.08550564796604822,
      0.08536775462670529,
      0.08521376595527289,
      0.0850160105437034,
      0.08470096985571758,
      0.08411039914698275,
      0.08293955690711706,
      0.0811615046686192,
      0.0795389090248189
    ]
  },
  "inference_times": [
    0.41977564493815106,
    0.3883838653564453,
    0.4096031188964844,
    0.41937828063964844,
    0.3956158955891927,
    0.3715356190999349,
    0.4020531972249349,
    0.41866302490234375,
    0.4451274871826172,
    0.5397796630859375,
    0.41484832763671875,
    0.38425127665201825,
    0.34689903259277344,
    0.4134178161621094,
    0.4459222157796224,
    0.36724408467610675,
    0.36970774332682294,
    0.5398591359456381,
    0.35842259724934894,
    0.4604657491048177,
    0.38695335388183594,
    0.44918060302734375,
    0.41548411051432294,
    0.3826618194580078,
    0.4381338755289714,
    0.32830238342285156,
    0.4031658172607422,
    0.33847490946451825,
    0.5258719126383463,
    0.3933906555175781,
    0.3636678059895833,
    0.42510032653808594,
    0.34427642822265625,
    0.37932395935058594,
    0.4153251647949219,
    0.40849049886067706,
    0.3483295440673828,
    0.3650188446044922,
    0.39776166280110675,
    0.7960796356201172,
    0.38250287373860675,
    0.3788471221923828,
    0.38703282674153644,
    0.4497369130452474,
    0.3686745961507161,
    0.4457632700602214,
    0.3668467203776042,
    0.43392181396484375,
    0.3674030303955078,
    0.3243287404378255
  ],
  "learning_rates": [
    0.000985,
    0.000970225,
    0.000955671625,
    0.000941336550625,
    0.0009272165023656249,
    0.0009133082548301405,
    0.0008996086310076885,
    0.0008861145015425731,
    0.0008728227840194345,
    0.000859730442259143,
    0.0008468344856252558,
    0.000834131968340877,
    0.0008216199888157639,
    0.0008092956889835274,
    0.0007971562536487744,
    0.0007851989098440427,
    0.0007734209261963822,
    0.0007618196123034364,
    0.0007503923181188849,
    0.0007391364333471015,
    0.000728049386846895,
    0.0007171286460441916,
    0.0007063717163535287,
    0.0006957761406082259,
    0.0006853394984991023,
    0.0006750594060216158,
    0.0006649335149312917,
    0.0006549595122073222,
    0.0006451351195242124,
    0.0006354580927313492,
    0.0006259262213403789,
    0.0006165373280202732,
    0.0006072892680999691,
    0.0005981799290784695,
    0.0005892072301422925,
    0.0005803691216901581,
    0.0005716635848648057,
    0.0005630886310918336,
    0.0005546423016254561,
    0.0005463226671010743,
    0.0005381278270945582,
    0.0005300559096881398,
    0.0005221050710428177,
    0.0005142734949771754,
    0.0005065593925525178,
    0.00049896100166423,
    0.0004914765866392665,
    0.00048410443783967756,
    0.00047684287127208237,
    0.00046969022820300113
  ],
  "model_config": {
    "MLPConfig": {
      "model_name": "residual_mlp",
      "delay_horizon": 0,
      "hidden_sizes": [
        64,
        64,
        64,
        64
      ],
      "activation": "GELU",
      "use_batch_norm": false,
      "dropout_p": 0.0,
      "num_epochs": 50,
      "batch_size": 64,
      "loss_weight": [
        1.0,
        1.0,
        10.0
      ],
      "optimizer": "Adam",
      "weight_decay": 0.0,
      "l1_lambda": 0.0001,
      "learning_rate": 0.001,
      "lr_scheduler": "LambdaLR",
      "num_workers": 0
    },
    "ModelFitConfig": {
      "label_transform": false,
      "input_transform": false,
      "ds_name": "NMPCTiltQdServo_real_machine_dataset_GROUND_EFFECT_ONLY",
      "ds_instance": "dataset_001",
      "state_feats": [
        2,
        3,
        4,
        5
      ],
      "u_feats": [
        0,
        1,
        2,
        3,
        4,
        5,
        6,
        7
      ],
      "y_reg_dims": [
        3,
        4,
        5
      ],
      "prune": true,
      "histogram_n_bins": 10,
      "histogram_thresh": 0.001,
      "vel_cap": 16
    }
  }
}
