{
  "total_losses": {
    "train": [
      0.32153005919884853,
      0.004268711836542937,
      0.0026050754194147856,
      0.0019815730879781763,
      0.001689391618943774,
      0.0015445349912159153,
      0.0013558052906999382,
      0.0011351452097296722,
      0.0009661248995456825,
      0.0008351435104035779,
      0.0007214494685875247,
      0.0006457456093281515,
      0.0005898772568092678,
      0.0005415913564618698,
      0.0004995708066504442,
      0.0004683601542725228,
      0.000445001926284749,
      0.00041255503159482034,
      0.00039145956707943715,
      0.00036934011877165165,
      0.00034971913910121684,
      0.00033204706488468224,
      0.00031577816022618243,
      0.00030022544315725123,
      0.0002854300819686617
    ],
    "val": [
      0.005977379664730097,
      0.003014494671916707,
      0.0024322219573338125,
      0.0016880052940043012,
      0.0011543077401002723,
      0.0009806698739582577,
      0.0008405318047605374,
      0.0007310411011029353,
      0.0007267131105555058,
      0.0006530567674349462,
      0.0004165958962490545,
      0.0003847828477985184,
      0.00037005813171186807,
      0.00037021364012061557,
      0.00037037685813856195,
      0.00035106687923526595,
      0.00032778821632476607,
      0.00031039423518856054,
      0.00028680022512315317,
      0.0002618815643712366,
      0.00023857937584262405,
      0.0002215767080354031,
      0.0002096639102279723,
      0.00019920104032407373,
      0.00018895777420957973
    ]
  },
  "inference_times": [
    0.35462379455566406,
    0.32515525817871094,
    0.2681732177734375,
    0.3369331359863281,
    0.298309326171875,
    0.3342628479003906,
    0.4924774169921875,
    0.29048919677734375,
    0.36149024963378906,
    0.3487586975097656,
    0.34198760986328125,
    0.3129005432128906,
    0.3880500793457031,
    0.31456947326660156,
    0.4364013671875,
    0.3273487091064453,
    0.3379344940185547,
    0.2673149108886719,
    0.3661155700683594,
    0.30612945556640625,
    0.3535747528076172,
    0.31414031982421875,
    0.3325462341308594,
    0.4961013793945313,
    0.359344482421875
  ],
  "learning_rates": [
    0.000985,
    0.000970225,
    0.000955671625,
    0.000941336550625,
    0.0009272165023656249,
    0.0009133082548301405,
    0.0008996086310076885,
    0.0008861145015425731,
    0.0008728227840194345,
    0.000859730442259143,
    0.0008468344856252558,
    0.000834131968340877,
    0.0008216199888157639,
    0.0008092956889835274,
    0.0007971562536487744,
    0.0007851989098440427,
    0.0007734209261963822,
    0.0007618196123034364,
    0.0007503923181188849,
    0.0007391364333471015,
    0.000728049386846895,
    0.0007171286460441916,
    0.0007063717163535287,
    0.0006957761406082259,
    0.0006853394984991023
  ],
  "model_config": {
    "MLPConfig": {
      "model_name": "residual_mlp",
      "delay_horizon": 0,
      "hidden_sizes": [
        64
      ],
      "activation": "GELU",
      "use_batch_norm": false,
      "dropout_p": 0.0,
      "num_epochs": 25,
      "batch_size": 64,
      "loss_weight": [
        1.0,
        1.0,
        10.0
      ],
      "optimizer": "Adam",
      "weight_decay": 0.0,
      "l1_lambda": 0.0,
      "learning_rate": 0.001,
      "lr_scheduler": "LambdaLR",
      "num_workers": 0
    },
    "ModelFitConfig": {
      "label_transform": false,
      "input_transform": false,
      "ds_name": "NMPCTiltQdServo_residual_dataset_neural_sim_nominal_control_05",
      "ds_instance": "dataset_001",
      "state_feats": [
        2,
        3,
        4,
        5
      ],
      "u_feats": [
        0,
        1,
        2,
        3,
        4,
        5,
        6,
        7
      ],
      "y_reg_dims": [
        3,
        4,
        5
      ],
      "prune": true,
      "histogram_n_bins": 10,
      "histogram_thresh": 0.001,
      "vel_cap": 16
    }
  }
}
