{
  "total_losses": {
    "train": [
      0.4292543889905018,
      0.022528172321617593,
      0.01378404304509361,
      0.01021913304428258,
      0.00855719896747418,
      0.007302249922417104,
      0.0063296313223739475,
      0.005611289258735875,
      0.0051134672993794076,
      0.004666897467647996,
      0.004242983190032339,
      0.003916113115071005,
      0.0036368560056822983,
      0.003437155746544402,
      0.003247706174229584,
      0.003046920768916608,
      0.0028444808213971555,
      0.002676338071313996,
      0.0025430583604611457,
      0.002398265460816523,
      0.002281037174786129,
      0.0021751777712876595,
      0.0020809910336198867,
      0.0020140617513097815,
      0.001931684366349753,
      0.0018416039995693913,
      0.0017683879178172605,
      0.0016972848323639482,
      0.0016350645418278873,
      0.001582238557438056,
      0.0015340314342174681,
      0.0014926311920086543,
      0.0014530450447152057,
      0.0014150658724053447,
      0.0013799803860019887,
      0.001343193971629565,
      0.0013067671946094689,
      0.0012727182338324694,
      0.0012424863031289238,
      0.0012156598044869812,
      0.0011892689631786207,
      0.0011647277381271136,
      0.0011397919401060779,
      0.0011176047355402276,
      0.0010963912035804246,
      0.0010770109295845025,
      0.0010587187166480943,
      0.0010412655598483996,
      0.0010248660265933733,
      0.0010093487488726763
    ],
    "val": [
      0.029627763104904652,
      0.016389331536310264,
      0.012703735191778868,
      0.011906594779668659,
      0.009856966820969754,
      0.009688542622108403,
      0.00890374674630415,
      0.0077579360003310355,
      0.007424170422461574,
      0.007077485434391252,
      0.006042080753808116,
      0.005506149044802212,
      0.004809508619049474,
      0.004540505232027909,
      0.0040291231361120556,
      0.0035057583393176893,
      0.003179103632222182,
      0.002993169235958488,
      0.002768086290489685,
      0.0026485385717135755,
      0.0026100868342794916,
      0.002678695179731723,
      0.0028666136074521295,
      0.0031408374991667423,
      0.003054858696487978,
      0.0029232217330186342,
      0.002746766261305077,
      0.0025380406791865625,
      0.002477846148362311,
      0.0023186013161549082,
      0.002168461550755831,
      0.0020217531223404796,
      0.0018509759831297906,
      0.0016882166592629298,
      0.001531780931749255,
      0.001439658356295788,
      0.0013796061669346655,
      0.0013303384488753019,
      0.0012899211340101709,
      0.0012520331180558314,
      0.0012212568712843313,
      0.0011920842746336007,
      0.0011648675393180156,
      0.0011387321153462726,
      0.0011136892783585848,
      0.0010921589621570797,
      0.0010716876298864006,
      0.0010538696572143433,
      0.0010430084362621575,
      0.0010390634462718502
    ]
  },
  "inference_times": [
    0.4711151123046875,
    0.3419717152913411,
    0.33656756083170575,
    0.2590020497639974,
    0.31828880310058594,
    0.28522809346516925,
    0.26615460713704425,
    0.29929478963216144,
    0.2721945444742839,
    0.3170967102050781,
    0.3521442413330078,
    0.39688746134440106,
    0.268856684366862,
    0.2449353535970052,
    0.2490679423014323,
    0.265041987101237,
    0.3019173940022786,
    0.3090699513753255,
    0.21990140279134116,
    0.23857752482096353,
    0.2656777699788411,
    0.326077143351237,
    0.30303001403808594,
    0.26035308837890625,
    0.3014405568440755,
    0.2036889394124349,
    0.2872943878173828,
    0.2741018931070964,
    0.31367937723795575,
    0.2930164337158203,
    0.3103415171305339,
    0.3744761149088542,
    0.36605199178059894,
    0.33919016520182294,
    0.2816518147786458,
    0.2662340799967448,
    0.30930836995442706,
    0.2589225769042969,
    0.22935867309570312,
    0.4741350809733073,
    0.310818354288737,
    0.2874533335367839,
    0.3287792205810547,
    0.32647450764973956,
    0.2923806508382161,
    0.4897117614746094,
    0.29397010803222656,
    0.3018379211425781,
    0.3281434377034505,
    0.25955835978190106
  ],
  "learning_rates": [
    0.00095,
    0.0009025,
    0.000857375,
    0.0008145062499999999,
    0.0007737809374999998,
    0.0007350918906249999,
    0.0006983372960937497,
    0.0006634204312890623,
    0.0006302494097246091,
    0.0005987369392383787,
    0.0005688000922764596,
    0.0005403600876626366,
    0.0005133420832795048,
    0.00048767497911552955,
    0.000463291230159753,
    0.00044012666865176535,
    0.0004181203352191771,
    0.0003972143184582182,
    0.00037735360253530727,
    0.0003584859224085419,
    0.0003405616262881148,
    0.000323533544973709,
    0.00030735686772502356,
    0.0002919890243387724,
    0.00027738957312183375,
    0.00026352009446574203,
    0.00025034408974245495,
    0.00023782688525533216,
    0.00022593554099256555,
    0.00021463876394293727,
    0.00020390682574579038,
    0.00019371148445850088,
    0.00018402591023557584,
    0.000174824614723797,
    0.00016608338398760718,
    0.0001577792147882268,
    0.00014989025404881545,
    0.00014239574134637466,
    0.00013527595427905592,
    0.00012851215656510312,
    0.00012208654873684796,
    0.00011598222130000556,
    0.00011018311023500529,
    0.00010467395472325501,
    9.944025698709225e-05,
    9.446824413773763e-05,
    8.974483193085076e-05,
    8.52575903343082e-05,
    8.099471081759279e-05,
    7.694497527671315e-05
  ],
  "model_config": {
    "NetworkConfig": {
      "model_name": "residual_mlp",
      "delay_horizon": 0,
      "hidden_sizes": [
        64,
        64
      ],
      "activation": "ReLU",
      "use_batch_norm": false,
      "dropout_p": 0.0,
      "num_epochs": 50,
      "batch_size": 64,
      "loss_weight": [
        1.0,
        1.0,
        10.0
      ],
      "optimizer": "Adam",
      "weight_decay": 0.0,
      "l1_lambda": 0.0,
      "learning_rate": 0.001,
      "lr_scheduler": "LambdaLR",
      "num_workers": 0
    },
    "ModelFitConfig": {
      "label_transform": true,
      "input_transform": true,
      "ds_name": "NMPCTiltQdServo_residual_dataset_neural_sim_nominal_control_07",
      "ds_instance": "dataset_001",
      "state_feats": [
        2,
        3,
        4,
        5,
        6,
        7,
        8,
        9
      ],
      "u_feats": [
        0,
        1,
        2,
        3,
        4,
        5,
        6,
        7
      ],
      "y_reg_dims": [
        3,
        4,
        5
      ],
      "prune": true,
      "histogram_n_bins": 10,
      "histogram_thresh": 0.001,
      "vel_cap": 16
    }
  }
}
