{
  "total_losses": {
    "train": [
      0.4360179486602598,
      0.4211516138966002,
      0.42098124690297967,
      0.4208901609363899,
      0.420836535749883,
      0.4208027574940814,
      0.4207735825494069,
      0.42074232281766955,
      0.4207142731877521,
      0.4206890236909861,
      0.42067094355984397,
      0.42065424205268437,
      0.4206396580175488,
      0.4206276242505504,
      0.42062010759592366,
      0.42061544356790875,
      0.42061101033011333,
      0.4206065869716437,
      0.42060238429663377,
      0.42059841516129265,
      0.4205945059966703,
      0.4205905720511708,
      0.4205869086733418,
      0.42058313568826694,
      0.42057961362904256,
      0.42057566028784926,
      0.4205720578185118,
      0.42056830727767114,
      0.42056481580510174,
      0.42056139225718375,
      0.4205581030849257,
      0.42055474501908835,
      0.4205514551505102,
      0.4205480754084154,
      0.42054492353106265,
      0.4205417160540714,
      0.42053860016257716,
      0.4205353682676673,
      0.4205323944425033,
      0.42052935397939956,
      0.420526342094996,
      0.42052373288893613,
      0.4205208740125829,
      0.4205182526762311,
      0.4205154876924204,
      0.4205128859947734,
      0.4205100512341323,
      0.42050755780405485,
      0.42050495225873574,
      0.420502557896086
    ],
    "val": [
      0.4542686501083677,
      0.4540553291908697,
      0.4539530138490391,
      0.4538855140874158,
      0.45385180620276827,
      0.4538290957800893,
      0.4538044394832163,
      0.4537747174395494,
      0.4537526293950377,
      0.45372944754983946,
      0.4537150058603277,
      0.4537009094428398,
      0.4536874389551236,
      0.45367570136372526,
      0.45366997067558945,
      0.4536669560364044,
      0.4536620425288208,
      0.4536589384826686,
      0.4536538376809163,
      0.4536488220055134,
      0.45364725063865513,
      0.453643946537482,
      0.4536390756740746,
      0.4536351882873059,
      0.4536322971380283,
      0.45363082801999094,
      0.45362674905843575,
      0.4536237472611044,
      0.45361986407395216,
      0.4536171049758178,
      0.453613613580476,
      0.45361007534134173,
      0.4536073545257641,
      0.4536041739954999,
      0.4536003717350805,
      0.4535967398893626,
      0.45359317612852385,
      0.4535913877461761,
      0.4535904381094731,
      0.45358581422588057,
      0.45358310625215664,
      0.4535808453132686,
      0.45357705589470293,
      0.4535747013492313,
      0.45357179752010296,
      0.4535701496691328,
      0.45356809734650144,
      0.45356446550078355,
      0.45356280060834325,
      0.4535594285032925
    ]
  },
  "inference_times": [
    0.49479802449544275,
    0.35691261291503906,
    0.29595692952473956,
    0.35579999287923175,
    0.3419717152913411,
    0.39315223693847656,
    0.3818670908610026,
    0.3427664438883464,
    0.3578662872314453,
    0.3732840220133464,
    0.406344731648763,
    0.4296302795410156,
    0.3999074300130208,
    0.4221598307291667,
    0.3284613291422526,
    0.4185040791829427,
    0.3279844919840495,
    0.4437764485677083,
    0.34729639689127606,
    0.37384033203125,
    0.4208882649739583,
    0.4115899403889974,
    0.3948211669921875,
    0.38695335388183594,
    0.35651524861653644,
    0.3604888916015625,
    0.4413922627766927,
    0.4286766052246094,
    0.4731019337972005,
    0.5426406860351562,
    0.4525184631347656,
    0.3819465637207031,
    0.3666877746582031,
    0.4030863444010417,
    0.4323323567708333,
    0.448147455851237,
    0.5636215209960938,
    0.5056858062744141,
    0.4086494445800781,
    0.37749608357747394,
    0.49908955891927087,
    0.6186962127685547,
    0.7731119791666666,
    0.3928343454996745,
    0.44997533162434894,
    0.7162094116210938,
    0.44981638590494794,
    0.5161762237548828,
    0.5742708841959635,
    0.6761550903320312
  ],
  "learning_rates": [
    0.000985,
    0.000970225,
    0.000955671625,
    0.000941336550625,
    0.0009272165023656249,
    0.0009133082548301405,
    0.0008996086310076885,
    0.0008861145015425731,
    0.0008728227840194345,
    0.000859730442259143,
    0.0008468344856252558,
    0.000834131968340877,
    0.0008216199888157639,
    0.0008092956889835274,
    0.0007971562536487744,
    0.0007851989098440427,
    0.0007734209261963822,
    0.0007618196123034364,
    0.0007503923181188849,
    0.0007391364333471015,
    0.000728049386846895,
    0.0007171286460441916,
    0.0007063717163535287,
    0.0006957761406082259,
    0.0006853394984991023,
    0.0006750594060216158,
    0.0006649335149312917,
    0.0006549595122073222,
    0.0006451351195242124,
    0.0006354580927313492,
    0.0006259262213403789,
    0.0006165373280202732,
    0.0006072892680999691,
    0.0005981799290784695,
    0.0005892072301422925,
    0.0005803691216901581,
    0.0005716635848648057,
    0.0005630886310918336,
    0.0005546423016254561,
    0.0005463226671010743,
    0.0005381278270945582,
    0.0005300559096881398,
    0.0005221050710428177,
    0.0005142734949771754,
    0.0005065593925525178,
    0.00049896100166423,
    0.0004914765866392665,
    0.00048410443783967756,
    0.00047684287127208237,
    0.00046969022820300113
  ],
  "model_config": {
    "MLPConfig": {
      "model_name": "residual_mlp",
      "delay_horizon": 0,
      "hidden_sizes": [
        64,
        64,
        64,
        64,
        64,
        64
      ],
      "activation": "GELU",
      "use_batch_norm": false,
      "dropout_p": 0.0,
      "num_epochs": 50,
      "batch_size": 64,
      "loss_weight": [
        1.0,
        1.0,
        10.0
      ],
      "optimizer": "Adam",
      "weight_decay": 0.0,
      "l1_lambda": 0.0001,
      "learning_rate": 0.001,
      "lr_scheduler": "LambdaLR",
      "num_workers": 0
    },
    "ModelFitConfig": {
      "label_transform": false,
      "input_transform": false,
      "normalize_by_T_step": false,
      "ds_name": "NMPCTiltQdServo_real_machine_dataset_GROUND_EFFECT_ONLY",
      "ds_instance": "dataset_001",
      "state_feats": [
        2,
        3,
        4,
        5
      ],
      "u_feats": [
        0,
        1,
        2,
        3,
        4,
        5,
        6,
        7
      ],
      "y_reg_dims": [
        3,
        4,
        5
      ],
      "prune": true,
      "histogram_n_bins": 10,
      "histogram_thresh": 0.001,
      "vel_cap": 16
    }
  }
}
