{
  "total_losses": {
    "train": [
      0.5283273214598491,
      0.08842627375324574,
      0.07542783437172576,
      0.06709604432185497,
      0.06063215979933741,
      0.05550517916182677,
      0.05141519200305146,
      0.04812395056088766,
      0.045382159143686304,
      0.04297592334945995,
      0.040992122257749224,
      0.03933558923006052,
      0.0378831001172463,
      0.03661546401182812,
      0.035487636163830785,
      0.034478123133381236,
      0.033597744077444064,
      0.03281379070878031,
      0.03208448972304667,
      0.03140134651462234,
      0.030774539624651272,
      0.03020213628063599,
      0.029681811320285002,
      0.029214067943394186,
      0.02877730673054854,
      0.028360658032198748,
      0.02797972280780474,
      0.02763361834983031,
      0.02731795372813941,
      0.02701441228389741,
      0.026732292147974183,
      0.026470554334421973,
      0.026222696190079053,
      0.025991020175317927,
      0.025785740688443193,
      0.025599267880121877,
      0.02542336032042901,
      0.025253073781728724,
      0.025090098008513452,
      0.024939670316874975,
      0.02479845304290452,
      0.024665043378869683,
      0.024540414698421935,
      0.024419094679256282,
      0.024304871673385308,
      0.024195067656536885,
      0.024086458963652448,
      0.023982586306830263,
      0.02388839110483726,
      0.023801869471867885
    ],
    "val": [
      0.09549585447732274,
      0.07837279075079188,
      0.06894029719503152,
      0.06177111193519087,
      0.056543550382451846,
      0.052376626937421754,
      0.048675715489659585,
      0.04594612267166662,
      0.0433604799843651,
      0.041149912662937604,
      0.03932670643541497,
      0.037662104815468174,
      0.03634660669355907,
      0.03537647745359163,
      0.03459114008910228,
      0.03386550182215115,
      0.033056078970546514,
      0.03230536513545197,
      0.03158535117154797,
      0.0308394568737383,
      0.030291274817918563,
      0.029834871681442946,
      0.029416047502580697,
      0.02904409264765246,
      0.02875653928045347,
      0.028424806853759567,
      0.027998205282103866,
      0.027550255426864317,
      0.027141716340400756,
      0.026767418818462493,
      0.026433459084281404,
      0.02615933229361571,
      0.025917007660564807,
      0.025709788871494624,
      0.02554730520753719,
      0.025392889750984974,
      0.025248977723578377,
      0.02511084576297771,
      0.02498322494378309,
      0.02485082469043702,
      0.024721666919864493,
      0.024604534107933153,
      0.02449154753494676,
      0.02439137875354595,
      0.024298450255277763,
      0.024205163150092045,
      0.024118810458610567,
      0.024047388980063773,
      0.02397197748046797,
      0.02389886879696095
    ]
  },
  "inference_times": [
    0.5373160044352213,
    0.32130877176920575,
    0.2536773681640625,
    0.329891840616862,
    0.3234545389811198,
    0.3341833750406901,
    0.25653839111328125,
    0.3151893615722656,
    0.2911090850830078,
    0.3267923990885417,
    0.31677881876627606,
    0.28642018636067706,
    0.28260548909505206,
    0.25971730550130206,
    0.26496251424153644,
    0.26408831278483075,
    0.30875205993652344,
    0.32909711201985675,
    0.2665519714355469,
    0.2655982971191406,
    0.25073687235514325,
    0.2613067626953125,
    0.24938583374023438,
    0.24660428365071613,
    0.3496805826822917,
    0.20662943522135416,
    0.2460479736328125,
    0.394900639851888,
    0.2751350402832031,
    0.28014183044433594,
    0.2924601236979167,
    0.278472900390625,
    0.2899169921875,
    0.2243518829345703,
    0.30883153279622394,
    0.3456274668375651,
    0.38687388102213544,
    0.25526682535807294,
    0.2694924672444661,
    0.3267129262288411,
    0.26226043701171875,
    0.2933343251546224,
    0.2659161885579427,
    0.287930170694987,
    0.2559820810953776,
    0.2625783284505208,
    0.22061665852864584,
    0.2976258595784505,
    0.3120899200439453,
    0.2453327178955078
  ],
  "learning_rates": [
    0.00095,
    0.0009025,
    0.000857375,
    0.0008145062499999999,
    0.0007737809374999998,
    0.0007350918906249999,
    0.0006983372960937497,
    0.0006634204312890623,
    0.0006302494097246091,
    0.0005987369392383787,
    0.0005688000922764596,
    0.0005403600876626366,
    0.0005133420832795048,
    0.00048767497911552955,
    0.000463291230159753,
    0.00044012666865176535,
    0.0004181203352191771,
    0.0003972143184582182,
    0.00037735360253530727,
    0.0003584859224085419,
    0.0003405616262881148,
    0.000323533544973709,
    0.00030735686772502356,
    0.0002919890243387724,
    0.00027738957312183375,
    0.00026352009446574203,
    0.00025034408974245495,
    0.00023782688525533216,
    0.00022593554099256555,
    0.00021463876394293727,
    0.00020390682574579038,
    0.00019371148445850088,
    0.00018402591023557584,
    0.000174824614723797,
    0.00016608338398760718,
    0.0001577792147882268,
    0.00014989025404881545,
    0.00014239574134637466,
    0.00013527595427905592,
    0.00012851215656510312,
    0.00012208654873684796,
    0.00011598222130000556,
    0.00011018311023500529,
    0.00010467395472325501,
    9.944025698709225e-05,
    9.446824413773763e-05,
    8.974483193085076e-05,
    8.52575903343082e-05,
    8.099471081759279e-05,
    7.694497527671315e-05
  ],
  "model_config": {
    "MLPConfig": {
      "model_name": "residual_mlp",
      "delay_horizon": 0,
      "hidden_sizes": [
        64,
        64
      ],
      "activation": "ReLU",
      "use_batch_norm": false,
      "dropout_p": 0.0,
      "num_epochs": 50,
      "batch_size": 64,
      "loss_weight": [
        1.0,
        1.0,
        10.0
      ],
      "optimizer": "Adam",
      "weight_decay": 0.0,
      "l1_lambda": 0.0001,
      "learning_rate": 0.001,
      "lr_scheduler": "LambdaLR",
      "num_workers": 0
    },
    "ModelFitConfig": {
      "label_transform": true,
      "input_transform": true,
      "normalize_by_T_step": false,
      "ds_name": "NMPCTiltQdServo_residual_dataset_neural_sim_nominal_control_07",
      "ds_instance": "dataset_001",
      "state_feats": [
        2,
        3,
        4,
        5,
        6,
        7,
        8,
        9
      ],
      "u_feats": [
        0,
        1,
        2,
        3,
        4,
        5,
        6,
        7
      ],
      "y_reg_dims": [
        3,
        4,
        5
      ],
      "prune": true,
      "histogram_n_bins": 10,
      "histogram_thresh": 0.001,
      "vel_cap": 16
    }
  }
}
