{
  "total_losses": {
    "train": [
      0.4090665313104784,
      0.09569537192583084,
      0.08014112219711154,
      0.06954773199558266,
      0.06172280433277289,
      0.05601689935227235,
      0.0516164417018493,
      0.048073946322004,
      0.045164553970098505,
      0.0427274989883105,
      0.040674465691049926,
      0.03892058497667311,
      0.03738060323894019,
      0.03605389556040365,
      0.03490128443638477,
      0.03389065084109706,
      0.033001068567236246,
      0.03222064488132794,
      0.03151987850417695,
      0.03088729932407538,
      0.030323034497598808,
      0.029816342189908026,
      0.029359807662665844,
      0.02893495916326841,
      0.028542432722946008,
      0.02819287495563428,
      0.027874336138367654,
      0.02758022879064084,
      0.027308580537637083,
      0.027058209526042144,
      0.0268236837685108,
      0.02660389672468106,
      0.02639391772945722,
      0.026194258724649748,
      0.026003731141487768,
      0.025831127136945724,
      0.02567197425166766,
      0.02552624500791232,
      0.025390147720774026,
      0.025261385083198546,
      0.025138472569485495,
      0.025032613304754106,
      0.02493479574968417,
      0.024841266530255486,
      0.02475215423355499,
      0.02466784555713336,
      0.02458843285342058,
      0.024512526921927923,
      0.02443949500719706,
      0.02437220773845911
    ],
    "val": [
      0.1095930350459066,
      0.0890755775852478,
      0.07453682386306969,
      0.06734696658275871,
      0.062404398026863504,
      0.05721148455579294,
      0.052836712297064874,
      0.04932419318634712,
      0.046519575285599656,
      0.04418584136277594,
      0.04220101702547045,
      0.040496310036799855,
      0.038989072347862426,
      0.0376355937316501,
      0.036370777379035074,
      0.03515983938875322,
      0.03405060311370408,
      0.03302396411670167,
      0.03209866956404056,
      0.03130496061612602,
      0.03063870029788287,
      0.030062063408487986,
      0.029552090248924457,
      0.02909093823679069,
      0.028685070530049463,
      0.028331198991176913,
      0.028008625615329488,
      0.027711519849652023,
      0.027447170840011182,
      0.0272103089337279,
      0.027002246988166344,
      0.026811513703966148,
      0.026629447161439865,
      0.02644251448197515,
      0.026250703153830202,
      0.026066339684718748,
      0.025897990663401406,
      0.025741203206398618,
      0.025600601776437297,
      0.02546718026491272,
      0.02535184047003059,
      0.02526029858341784,
      0.025185157546851,
      0.025125891021914197,
      0.02508097796103113,
      0.02504492965011202,
      0.02501061294017067,
      0.024969913480768758,
      0.024917614715090495,
      0.024856931588530005
    ]
  },
  "inference_times": [
    0.5460580190022787,
    0.31439463297526044,
    0.270843505859375,
    0.28578440348307294,
    0.2733071645100911,
    0.2685387929280599,
    0.2721945444742839,
    0.24731953938802081,
    0.25661786397298175,
    0.2525647481282552,
    0.2818902333577474,
    0.23063023885091147,
    0.5095005035400391,
    0.2773602803548177,
    0.37225087483723956,
    0.286102294921875,
    0.2626578013102214,
    0.2714792887369792,
    0.24445851643880206,
    0.469207763671875,
    0.2720355987548828,
    0.32512346903483075,
    0.2720355987548828,
    0.33934911092122394,
    0.4154046376546224,
    0.3140767415364583,
    0.3306865692138672,
    0.3197987874348958,
    0.24739901224772137,
    0.30732154846191406,
    0.29404958089192706,
    0.2704461415608724,
    0.26480356852213544,
    0.2795855204264323,
    0.32130877176920575,
    0.301361083984375,
    0.253756841023763,
    0.303347905476888,
    0.2872149149576823,
    0.32401084899902344,
    0.3077189127604167,
    0.3986358642578125,
    0.28713544209798175,
    0.3162225087483724,
    0.24771690368652344,
    0.23849805196126303,
    0.26988983154296875,
    0.36327044169108075,
    0.2056757609049479,
    0.4115104675292969
  ],
  "learning_rates": [
    0.00095,
    0.0009025,
    0.000857375,
    0.0008145062499999999,
    0.0007737809374999998,
    0.0007350918906249999,
    0.0006983372960937497,
    0.0006634204312890623,
    0.0006302494097246091,
    0.0005987369392383787,
    0.0005688000922764596,
    0.0005403600876626366,
    0.0005133420832795048,
    0.00048767497911552955,
    0.000463291230159753,
    0.00044012666865176535,
    0.0004181203352191771,
    0.0003972143184582182,
    0.00037735360253530727,
    0.0003584859224085419,
    0.0003405616262881148,
    0.000323533544973709,
    0.00030735686772502356,
    0.0002919890243387724,
    0.00027738957312183375,
    0.00026352009446574203,
    0.00025034408974245495,
    0.00023782688525533216,
    0.00022593554099256555,
    0.00021463876394293727,
    0.00020390682574579038,
    0.00019371148445850088,
    0.00018402591023557584,
    0.000174824614723797,
    0.00016608338398760718,
    0.0001577792147882268,
    0.00014989025404881545,
    0.00014239574134637466,
    0.00013527595427905592,
    0.00012851215656510312,
    0.00012208654873684796,
    0.00011598222130000556,
    0.00011018311023500529,
    0.00010467395472325501,
    9.944025698709225e-05,
    9.446824413773763e-05,
    8.974483193085076e-05,
    8.52575903343082e-05,
    8.099471081759279e-05,
    7.694497527671315e-05
  ],
  "model_config": {
    "MLPConfig": {
      "model_name": "residual_mlp",
      "delay_horizon": 0,
      "hidden_sizes": [
        64
      ],
      "activation": "GELU",
      "use_batch_norm": false,
      "dropout_p": 0.0,
      "num_epochs": 50,
      "batch_size": 64,
      "loss_weight": [
        1.0,
        1.0,
        10.0
      ],
      "optimizer": "Adam",
      "weight_decay": 0.0,
      "l1_lambda": 0.0001,
      "learning_rate": 0.001,
      "lr_scheduler": "LambdaLR",
      "num_workers": 0
    },
    "ModelFitConfig": {
      "label_transform": true,
      "input_transform": true,
      "ds_name": "NMPCTiltQdServo_residual_dataset_neural_sim_nominal_control_07",
      "ds_instance": "dataset_001",
      "state_feats": [
        2,
        3,
        4,
        5,
        6,
        7,
        8,
        9
      ],
      "u_feats": [
        0,
        1,
        2,
        3,
        4,
        5,
        6,
        7
      ],
      "y_reg_dims": [
        3,
        4,
        5
      ],
      "prune": true,
      "histogram_n_bins": 10,
      "histogram_thresh": 0.001,
      "vel_cap": 16
    }
  }
}
