{
  "total_losses": {
    "train": [
      0.18409085834233477,
      0.13102339446266092,
      0.12506385423702693,
      0.12118033205718828,
      0.11833340527790277,
      0.11604050428047963,
      0.1140875138620749,
      0.11234917840636506,
      0.11046778058170671,
      0.09419371578238883,
      0.08305990333996884,
      0.08095084190133658,
      0.07958719692701192,
      0.07843343732606073,
      0.0773981524416088,
      0.07643772938711904,
      0.07554243167895411,
      0.0746781146289247,
      0.07386424292620768,
      0.07310103511494234,
      0.07238568095560612,
      0.0717144228288662,
      0.07109232590877401,
      0.07050553550573395,
      0.06997688535337028,
      0.06944201919217731,
      0.06894778858286013,
      0.06848212529532786,
      0.06804280375395014,
      0.06762890984576567,
      0.0672384600717068,
      0.06686903241222195,
      0.06651974957238783,
      0.06618941542199716,
      0.06587554259208067,
      0.06557857212030238,
      0.06529555140660229,
      0.06502645644225678,
      0.06476937922434153,
      0.0645228229061013,
      0.06428470285083897,
      0.06405269151670663,
      0.06382469602392354,
      0.06359790326398479,
      0.0633687669539836,
      0.06313283608709443,
      0.06288578955611303,
      0.0626232339423919,
      0.062341081349427147,
      0.06203787551084927
    ],
    "val": [
      0.12270393700602658,
      0.11888847869191453,
      0.11751433315009202,
      0.11619666663178227,
      0.1149973000525034,
      0.11393985014063374,
      0.1130180294277674,
      0.11221885880332444,
      0.10987037883366559,
      0.08797766209121734,
      0.08514916084538725,
      0.08437185293202014,
      0.08391358249617699,
      0.08358856333527051,
      0.08331506422338829,
      0.08307438089808725,
      0.08285860503800431,
      0.0826419170077582,
      0.08244733044950785,
      0.08226842141290855,
      0.08209372324901715,
      0.08191964418667003,
      0.08174231750524931,
      0.08154842728062679,
      0.0813470473427422,
      0.08113156044941298,
      0.08090775104592816,
      0.08068190931452247,
      0.08045546205071678,
      0.08023164469247673,
      0.08001024707056327,
      0.07979279005263583,
      0.07958148137892697,
      0.0793777169564812,
      0.07918155972932216,
      0.07899346365068192,
      0.07881425919264878,
      0.07864409149527152,
      0.07848095206066082,
      0.07832404565915727,
      0.07817143675503177,
      0.07802086137390774,
      0.07787026274473147,
      0.07771565950628909,
      0.0775531172976458,
      0.07737649165548278,
      0.07718111408770134,
      0.07696097505371473,
      0.07671157232701231,
      0.0764310529693625
    ]
  },
  "inference_times": [
    3.628333409627279,
    0.36152203877766925,
    0.3448327382405599,
    0.3655751546223958,
    0.326077143351237,
    0.3097057342529297,
    0.32011667887369794,
    0.36080678304036456,
    0.35500526428222656,
    0.4333655039469401,
    0.4215240478515625,
    0.3287792205810547,
    0.3597736358642578,
    0.30303001403808594,
    0.30493736267089844,
    0.3294150034586589,
    0.3185272216796875,
    0.3112951914469401,
    0.3387133280436198,
    0.3247261047363281,
    0.2834796905517578,
    0.3055731455485026,
    0.31383832295735675,
    0.3552436828613281,
    0.3727277119954427,
    0.34809112548828125,
    0.33775965372721356,
    0.38631757100423175,
    0.3496011098225911,
    0.402371088663737,
    0.33394495646158856,
    0.34626324971516925,
    0.402530034383138,
    0.3330707550048828,
    0.4190603892008464,
    0.4467964172363281,
    0.4430611928304036,
    0.34316380818684894,
    0.379641850789388,
    0.41985511779785156,
    0.3941853841145833,
    0.4069805145263672,
    0.31940142313639325,
    0.36644935607910156,
    0.2876122792561849,
    0.387271245320638,
    0.3237724304199219,
    0.6433327992757162,
    0.3324349721272786,
    0.3457069396972656
  ],
  "learning_rates": [
    0.00095,
    0.0009025,
    0.000857375,
    0.0008145062499999999,
    0.0007737809374999998,
    0.0007350918906249999,
    0.0006983372960937497,
    0.0006634204312890623,
    0.0006302494097246091,
    0.0005987369392383787,
    0.0005688000922764596,
    0.0005403600876626366,
    0.0005133420832795048,
    0.00048767497911552955,
    0.000463291230159753,
    0.00044012666865176535,
    0.0004181203352191771,
    0.0003972143184582182,
    0.00037735360253530727,
    0.0003584859224085419,
    0.0003405616262881148,
    0.000323533544973709,
    0.00030735686772502356,
    0.0002919890243387724,
    0.00027738957312183375,
    0.00026352009446574203,
    0.00025034408974245495,
    0.00023782688525533216,
    0.00022593554099256555,
    0.00021463876394293727,
    0.00020390682574579038,
    0.00019371148445850088,
    0.00018402591023557584,
    0.000174824614723797,
    0.00016608338398760718,
    0.0001577792147882268,
    0.00014989025404881545,
    0.00014239574134637466,
    0.00013527595427905592,
    0.00012851215656510312,
    0.00012208654873684796,
    0.00011598222130000556,
    0.00011018311023500529,
    0.00010467395472325501,
    9.944025698709225e-05,
    9.446824413773763e-05,
    8.974483193085076e-05,
    8.52575903343082e-05,
    8.099471081759279e-05,
    7.694497527671315e-05
  ],
  "model_config": {
    "MLPConfig": {
      "model_name": "residual_mlp",
      "delay_horizon": 0,
      "hidden_sizes": [
        64,
        64,
        64,
        64,
        64
      ],
      "activation": "GELU",
      "use_batch_norm": false,
      "dropout_p": 0.0,
      "num_epochs": 50,
      "batch_size": 64,
      "loss_weight": [
        1.0,
        1.0,
        10.0
      ],
      "optimizer": "Adam",
      "weight_decay": 0.0,
      "l1_lambda": 1e-05,
      "learning_rate": 0.001,
      "lr_scheduler": "LambdaLR",
      "num_workers": 0
    },
    "ModelFitConfig": {
      "label_transform": true,
      "input_transform": true,
      "ds_name": "NMPCTiltQdServo_real_machine_dataset_GROUND_EFFECT_ONLY",
      "ds_instance": "dataset_001",
      "state_feats": [
        0,
        1,
        2,
        3,
        4,
        5,
        6,
        7,
        8,
        9,
        10,
        11,
        12
      ],
      "u_feats": [
        0,
        1,
        2,
        3,
        4,
        5,
        6,
        7
      ],
      "y_reg_dims": [
        3,
        4,
        5
      ],
      "prune": true,
      "histogram_n_bins": 10,
      "histogram_thresh": 0.001,
      "vel_cap": 16
    }
  }
}
