{
    "total_losses": {
        "train": [
            0.07577075349643307,
            0.059906045089652936,
            0.053020152903043447,
            0.048325704510272474,
            0.04497432965208504,
            0.041866168399175265,
            0.03976939321112612,
            0.037262921840068096,
            0.03571474887625086,
            0.03425853873232786,
            0.032988103367682396,
            0.03199899847506201,
            0.031290194913535546,
            0.030302093290806985,
            0.029510998470060928,
            0.027454387107842843,
            0.027126602395206482,
            0.027016242969183948,
            0.02691150759814749,
            0.026823589714286625,
            0.02670712262939398,
            0.026680747797508536,
            0.02657835397372843,
            0.026487507393478226,
            0.026428670673529563,
            0.026202475867674956,
            0.026151941189332797,
            0.02613942466888595,
            0.026131295639396965,
            0.026125529411221562
        ],
        "val": [
            0.09111245425038977,
            0.08303581193928987,
            0.06597583667493202,
            0.05970516621129295,
            0.059134920916079955,
            0.05076124404220977,
            0.05198634955751601,
            0.04509270922862076,
            0.04457632376033959,
            0.0478722093072315,
            0.0462300662474183,
            0.04602233046641362,
            0.04844367301300523,
            0.045806823358493357,
            0.04367352429019299,
            0.04394861723505768,
            0.044180308365963684,
            0.04528563485208097,
            0.04419065437642853,
            0.04491183821757828,
            0.046305002070214346,
            0.04627086835153014,
            0.046452148876733254,
            0.04434814439899224,
            0.04376103148957142,
            0.04452970876182498,
            0.04468046879778503,
            0.04459488452577284,
            0.04464078341231235,
            0.0446667510540292
        ]
    },
    "inference_times": [
        0.22487640380859375,
        0.13532638549804688,
        0.09112358093261719,
        0.15325546264648438,
        0.18558502197265625,
        0.34623146057128906,
        0.1422405242919922,
        0.22101402282714844,
        0.183868408203125,
        0.10662078857421875,
        0.19598007202148438,
        0.1377105712890625,
        0.14662742614746094,
        0.23059844970703125,
        0.16813278198242188,
        0.16655921936035156,
        0.08931159973144531,
        0.09016990661621094,
        0.10609626770019531,
        0.1361846923828125,
        0.14443397521972656,
        0.10113716125488281,
        0.16756057739257812,
        0.1639842987060547,
        0.13751983642578125,
        0.18482208251953125,
        0.1613616943359375,
        0.13828277587890625,
        0.18672943115234375,
        0.13794898986816406
    ],
    "learning_rates": [
        0.001,
        0.001,
        0.001,
        0.001,
        0.001,
        0.001,
        0.001,
        0.001,
        0.001,
        0.001,
        0.001,
        0.001,
        0.001,
        0.001,
        0.0001,
        0.0001,
        0.0001,
        0.0001,
        0.0001,
        0.0001,
        0.0001,
        0.0001,
        0.0001,
        0.0001,
        1e-05,
        1e-05,
        1e-05,
        1e-05,
        1e-05,
        1e-05
    ],
    "model_config": {
        "NetworkConfig": {
            "model_name": "residual_mlp",
            "delay_horizon": 0,
            "hidden_sizes": [
                32,
                32
            ],
            "activation": "GELU",
            "use_batch_norm": false,
            "dropout_p": 0.0,
            "num_epochs": 30,
            "batch_size": 64,
            "loss_weight": [
                1.0,
                1.0,
                1.0
            ],
            "optimizer": "AdamW",
            "weight_decay": 0.0,
            "zero_out_lambda": 0.0,
            "l1_lambda": 0.0,
            "gradient_lambda": 0.0,
            "consistency_lambda": 0.0,
            "consistency_epsilon": 0.2,
            "consistency_num_samples": 10,
            "learning_rate": 0.001,
            "lr_milestones": [
                15,
                25
            ],
            "lr_scheduler": "MultiStepLR",
            "num_workers": 0
        },
        "ModelFitConfig": {
            "prop_long_horizon": true,
            "use_low_pass_filter": false,
            "low_pass_filter_cutoff_input": 1.0,
            "low_pass_filter_cutoff_label": 0.1,
            "use_moving_average_filter": false,
            "use_moving_average_filter_only_label": true,
            "control_filtering": false,
            "window_size": 5,
            "input_transform": false,
            "label_transform": false,
            "prune": false,
            "histogram_n_bins": 10,
            "histogram_thresh": 0.001,
            "vel_cap": 16,
            "plot_dataset": false,
            "save_plots": false,
            "train_ds_name": "NMPCTiltQdServo_real_machine_dataset_TRAIN_WITH_REF_ALL_PROP",
            "train_ds_instance": "dataset_001",
            "val_ds_name": "NMPCTiltQdServo_real_machine_dataset_VAL_WITH_REF_ALL_PROP",
            "val_ds_instance": "dataset_001",
            "state_feats": [
                2,
                3,
                4,
                5,
                6,
                7,
                8,
                9
            ],
            "u_feats": [
                0,
                1,
                2,
                3,
                4,
                5,
                6,
                7
            ],
            "y_reg_dims": [
                3,
                4,
                5
            ]
        }
    }
}