{
  "total_losses": {
    "train": [
      0.1899386224636135,
      0.13632347067633596,
      0.1251146983147613,
      0.11842137268250964,
      0.11400822495322505,
      0.11094156307839428,
      0.10860519975003606,
      0.10676364858136993,
      0.1052882109929065,
      0.10401255072689398,
      0.10288475270368731,
      0.10186754591015103,
      0.10095933298662982,
      0.10014722061733437,
      0.09940779681518534,
      0.0987386281412695,
      0.09813743555103481,
      0.09760566539673965,
      0.09713018633842134,
      0.09669502600704254,
      0.09628947540065015,
      0.09590679946241683,
      0.09554584736855253,
      0.09521590673402883,
      0.09490512388587267,
      0.09461206291476963,
      0.09433363611118337,
      0.09407280407624187,
      0.09383654672436055,
      0.09361677425122832,
      0.09341350001377743,
      0.09322397704867959,
      0.09304737670525412,
      0.09288137790615086,
      0.09272461854813424,
      0.09257501575171773,
      0.09243089060889559,
      0.09229112658104957,
      0.09215481941298413,
      0.09202049700721207,
      0.0918904689485978,
      0.09176667631560384,
      0.091646823262826,
      0.09152956245256717,
      0.09141355143451114,
      0.09129909560019303,
      0.09118590819845164,
      0.09107438831290021,
      0.09096649893581737,
      0.09086120082872341,
      0.09075688201859813,
      0.09065311090919494,
      0.09055325459961804,
      0.09045614124456662,
      0.0903602678500009,
      0.09026599800768112,
      0.09017372316176107,
      0.09008374075909305,
      0.08999560871871888,
      0.0899102820958134,
      0.08982911268337014,
      0.08975054754569668,
      0.08967424770376851,
      0.0896003501563217,
      0.08952873978513898,
      0.08945995084482829,
      0.08939485635463469,
      0.08933262048551611,
      0.08927298321137257,
      0.08921607631058764,
      0.08916127385523759,
      0.08910843339081691,
      0.08905831963161513,
      0.08901135536668234,
      0.08896663303457092
    ],
    "val": [
      0.13107049377947055,
      0.11743374888851581,
      0.11004698685577367,
      0.10521408774857488,
      0.10202834157796178,
      0.09974005649354252,
      0.09798066649829745,
      0.09663502679767405,
      0.09553150365025136,
      0.09455855771316636,
      0.09366253449712217,
      0.09284249244220033,
      0.09211195180375233,
      0.09144675966407523,
      0.09083162952847693,
      0.0902689502932974,
      0.08975542098215228,
      0.08929545069691677,
      0.08887416432616901,
      0.08848330693347868,
      0.08811211783361814,
      0.08775982718674079,
      0.08743416154556585,
      0.08713169664474753,
      0.08684937740198469,
      0.08658410002347593,
      0.08633665686437034,
      0.08611471667502581,
      0.08591417937430283,
      0.08573150624328893,
      0.08556522190502291,
      0.08541022057148694,
      0.0852686312721784,
      0.08513837957261323,
      0.08501684387782465,
      0.08490301824104529,
      0.08479368750542596,
      0.08468916102038151,
      0.08458679229388695,
      0.0844867984021829,
      0.08439178042816313,
      0.08430113109732532,
      0.08421437758987428,
      0.08412796022620082,
      0.08404202840267404,
      0.08395799760498962,
      0.08387437840554098,
      0.08379303877999936,
      0.08371538162144213,
      0.08363830090229565,
      0.08356072733417455,
      0.08348461432285496,
      0.0834127584187625,
      0.08334100914536074,
      0.08326995725907617,
      0.0831999104752741,
      0.08313143172636457,
      0.08306358454150434,
      0.08299704286566395,
      0.08293323858422812,
      0.0828719454958253,
      0.08281221319423818,
      0.08275427501052836,
      0.08269759973216301,
      0.08264276119560071,
      0.08259040731784816,
      0.08254087234537845,
      0.08249327079000618,
      0.08244786023183918,
      0.08240420639689387,
      0.08236225182083444,
      0.08232185722469113,
      0.08228446162042323,
      0.08224898570349794,
      0.08221520605774921
    ]
  },
  "inference_times": [
    0.6077289581298828,
    0.4088083902994792,
    0.3420511881510417,
    0.34348169962565106,
    0.35119056701660156,
    0.3712177276611328,
    0.35182634989420575,
    0.33863385518391925,
    0.4039605458577474,
    0.3486474355061849,
    0.3924369812011719,
    0.3209908803304036,
    0.514825185139974,
    0.4382133483886719,
    0.46523412068684894,
    0.48891703287760413,
    0.38305918375651044,
    0.4572868347167969,
    0.3513495127360026,
    0.36780039469401044,
    0.36986668904622394,
    0.4531542460123698,
    0.4016558329264323,
    0.3464221954345703,
    0.37797292073567706,
    0.3542900085449219,
    0.48271814982096356,
    0.32146771748860675,
    0.4875659942626953,
    0.4028479258219401,
    0.4583994547526042,
    0.7473627726236979,
    0.3845691680908203,
    0.4424254099527995,
    0.4355112711588542,
    0.3701051076253255,
    0.4642804463704427,
    0.36652882893880206,
    0.3475348154703776,
    0.4208882649739583,
    0.4069805145263672,
    0.37789344787597656,
    0.4430611928304036,
    0.3408590952555339,
    0.3876686096191406,
    0.39275487263997394,
    0.39323170979817706,
    0.35842259724934894,
    0.4344781239827474,
    0.3916422526041667,
    0.3711382548014323,
    0.4812876383463542,
    0.34991900126139325,
    0.39577484130859375,
    0.4259745279947917,
    0.4286766052246094,
    0.38552284240722656,
    0.40411949157714844,
    0.3784497578938802,
    0.4737377166748047,
    0.42891502380371094,
    0.5404154459635416,
    0.33728281656901044,
    0.31185150146484375,
    0.3269513448079427,
    0.3162225087483724,
    0.3494421641031901,
    0.3319581349690755,
    0.3147125244140625,
    0.34610430399576825,
    0.3744761149088542,
    0.32838185628255206,
    0.3701051076253255,
    0.44981638590494794,
    0.36255518595377606
  ],
  "learning_rates": [
    0.00095,
    0.0009025,
    0.000857375,
    0.0008145062499999999,
    0.0007737809374999998,
    0.0007350918906249999,
    0.0006983372960937497,
    0.0006634204312890623,
    0.0006302494097246091,
    0.0005987369392383787,
    0.0005688000922764596,
    0.0005403600876626366,
    0.0005133420832795048,
    0.00048767497911552955,
    0.000463291230159753,
    0.00044012666865176535,
    0.0004181203352191771,
    0.0003972143184582182,
    0.00037735360253530727,
    0.0003584859224085419,
    0.0003405616262881148,
    0.000323533544973709,
    0.00030735686772502356,
    0.0002919890243387724,
    0.00027738957312183375,
    0.00026352009446574203,
    0.00025034408974245495,
    0.00023782688525533216,
    0.00022593554099256555,
    0.00021463876394293727,
    0.00020390682574579038,
    0.00019371148445850088,
    0.00018402591023557584,
    0.000174824614723797,
    0.00016608338398760718,
    0.0001577792147882268,
    0.00014989025404881545,
    0.00014239574134637466,
    0.00013527595427905592,
    0.00012851215656510312,
    0.00012208654873684796,
    0.00011598222130000556,
    0.00011018311023500529,
    0.00010467395472325501,
    9.944025698709225e-05,
    9.446824413773763e-05,
    8.974483193085076e-05,
    8.52575903343082e-05,
    8.099471081759279e-05,
    7.694497527671315e-05,
    7.30977265128775e-05,
    6.94428401872336e-05,
    6.597069817787194e-05,
    6.267216326897833e-05,
    5.953855510552941e-05,
    5.656162735025293e-05,
    5.373354598274029e-05,
    5.1046868683603266e-05,
    4.8494525249423105e-05,
    4.6069798986951947e-05,
    4.3766309037604346e-05,
    4.157799358572413e-05,
    3.949909390643792e-05,
    3.752413921111602e-05,
    3.564793225056022e-05,
    3.386553563803221e-05,
    3.217225885613059e-05,
    3.0563645913324066e-05,
    2.903546361765786e-05,
    2.7583690436774966e-05,
    2.6204505914936218e-05,
    2.4894280619189404e-05,
    2.3649566588229933e-05,
    2.2467088258818436e-05,
    2.134373384587751e-05
  ],