{
  "total_losses": {
    "train": [
      1.27569441279555,
      0.15527114314355686,
      0.14035869149466926,
      0.13933707008120474,
      0.15533426713898185,
      0.2052016320074133,
      0.17426909205374713,
      0.2211095793070373,
      0.17312504214936608,
      0.24966510654083454,
      0.14530812418900366,
      0.1704602408576463,
      0.14490215245875734,
      0.13805448684733904,
      0.1378724037303169,
      0.13725125502756347,
      0.13716831357526577,
      NaN,
      NaN,
      NaN,
      NaN,
      NaN,
      NaN,
      NaN,
      NaN,
      NaN,
      NaN,
      NaN,
      NaN,
      NaN,
      NaN,
      NaN,
      NaN,
      NaN,
      NaN,
      NaN,
      NaN,
      NaN,
      NaN,
      NaN,
      NaN,
      NaN,
      NaN,
      NaN,
      NaN,
      NaN,
      NaN,
      NaN,
      NaN,
      NaN,
      NaN,
      NaN,
      NaN,
      NaN,
      NaN,
      NaN,
      NaN,
      NaN,
      NaN,
      NaN,
      NaN,
      NaN,
      NaN,
      NaN,
      NaN,
      NaN,
      NaN,
      NaN,
      NaN,
      NaN,
      NaN,
      NaN,
      NaN,
      NaN,
      NaN,
      NaN,
      NaN,
      NaN,
      NaN,
      NaN,
      NaN,
      NaN,
      NaN,
      NaN,
      NaN,
      NaN,
      NaN,
      NaN,
      NaN,
      NaN,
      NaN,
      NaN,
      NaN,
      NaN,
      NaN,
      NaN,
      NaN,
      NaN,
      NaN,
      NaN,
      NaN,
      NaN,
      NaN,
      NaN,
      NaN,
      NaN,
      NaN,
      NaN,
      NaN,
      NaN,
      NaN,
      NaN,
      NaN,
      NaN,
      NaN,
      NaN,
      NaN,
      NaN,
      NaN,
      NaN,
      NaN,
      NaN,
      NaN,
      NaN,
      NaN,
      NaN,
      NaN,
      NaN,
      NaN,
      NaN,
      NaN,
      NaN,
      NaN,
      NaN,
      NaN,
      NaN,
      NaN,
      NaN,
      NaN,
      NaN,
      NaN,
      NaN,
      NaN,
      NaN,
      NaN,
      NaN,
      NaN,
      NaN,
      NaN,
      NaN
    ],
    "val": [
      0.1431014336292854,
      0.14297585746395253,
      0.14196983773727687,
      0.14105674361985507,
      0.14157138439961817,
      0.14032307067782504,
      0.14118726108798235,
      0.14040504915214508,
      0.14132572169147553,
      0.14063766112504608,
      0.14104004741584275,
      0.14045381286776726,
      0.14190956959982018,
      0.141523568062392,
      0.14128404536876663,
      0.14117263007747988,
      0.1412435187838143,
      NaN,
      NaN,
      NaN,
      NaN,
      NaN,
      NaN,
      NaN,
      NaN,
      NaN,
      NaN,
      NaN,
      NaN,
      NaN,
      NaN,
      NaN,
      NaN,
      NaN,
      NaN,
      NaN,
      NaN,
      NaN,
      NaN,
      NaN,
      NaN,
      NaN,
      NaN,
      NaN,
      NaN,
      NaN,
      NaN,
      NaN,
      NaN,
      NaN,
      NaN,
      NaN,
      NaN,
      NaN,
      NaN,
      NaN,
      NaN,
      NaN,
      NaN,
      NaN,
      NaN,
      NaN,
      NaN,
      NaN,
      NaN,
      NaN,
      NaN,
      NaN,
      NaN,
      NaN,
      NaN,
      NaN,
      NaN,
      NaN,
      NaN,
      NaN,
      NaN,
      NaN,
      NaN,
      NaN,
      NaN,
      NaN,
      NaN,
      NaN,
      NaN,
      NaN,
      NaN,
      NaN,
      NaN,
      NaN,
      NaN,
      NaN,
      NaN,
      NaN,
      NaN,
      NaN,
      NaN,
      NaN,
      NaN,
      NaN,
      NaN,
      NaN,
      NaN,
      NaN,
      NaN,
      NaN,
      NaN,
      NaN,
      NaN,
      NaN,
      NaN,
      NaN,
      NaN,
      NaN,
      NaN,
      NaN,
      NaN,
      NaN,
      NaN,
      NaN,
      NaN,
      NaN,
      NaN,
      NaN,
      NaN,
      NaN,
      NaN,
      NaN,
      NaN,
      NaN,
      NaN,
      NaN,
      NaN,
      NaN,
      NaN,
      NaN,
      NaN,
      NaN,
      NaN,
      NaN,
      NaN,
      NaN,
      NaN,
      NaN,
      NaN,
      NaN,
      NaN,
      NaN,
      NaN,
      NaN
    ]
  },
  "inference_times": [
    0.1788616180419922,
    0.11487007141113281,
    0.1555919647216797,
    0.1723766326904297,
    0.10180473327636719,
    0.11992454528808594,
    0.16393661499023438,
    0.1324176788330078,
    0.13251304626464844,
    0.10638236999511719,
    0.11854171752929688,
    0.10595321655273438,
    0.11186599731445312,
    0.1377105712890625,
    0.1540660858154297,
    0.09794235229492188,
    0.10285377502441406,
    0.10938644409179688,
    0.09756088256835938,
    0.10051727294921875,
    0.14171600341796875,
    0.14600753784179688,
    0.10061264038085938,
    0.14090538024902344,
    0.11792182922363281,
    0.10275840759277344,
    0.11248588562011719,
    0.10166168212890625,
    0.16150474548339844,
    0.10852813720703125,
    0.12340545654296875,
    0.11582374572753906,
    0.09403228759765625,
    0.12063980102539062,
    0.09889602661132812,
    0.14858245849609375,
    0.11415481567382812,
    0.09684562683105469,
    0.10738372802734375,
    0.1224994659423828,
    0.10104179382324219,
    0.10251998901367188,
    0.1575946807861328,
    0.09560585021972656,
    0.11744499206542969,
    0.10228157043457031,
    0.11153221130371094,
    0.10523796081542969,
    0.09469985961914062,
    0.10285377502441406,
    0.31719207763671875,
    0.14963150024414062,
    0.09822845458984375,
    0.10995864868164062,
    0.10151863098144531,
    0.10523796081542969,
    0.1209259033203125,
    0.1384735107421875,
    0.10294914245605469,
    0.10519027709960938,
    0.12764930725097656,
    0.10318756103515625,
    0.1633167266845703,
    0.11043548583984375,
    0.14395713806152344,
    0.12211799621582033,
    0.09641647338867188,
    0.10881423950195312,
    0.11487007141113281,
    0.10242462158203125,
    0.12030601501464844,
    0.11973381042480469,
    0.16756057739257812,
    0.09932518005371094,
    0.109100341796875,
    0.17876625061035156,
    0.09593963623046875,
    0.1357555389404297,
    0.09617805480957031,
    0.1064300537109375,
    0.148773193359375,
    0.12283325195312501,
    0.11625289916992188,
    0.09632110595703125,
    0.11262893676757812,
    0.09789466857910156,
    0.13494491577148438,
    0.09937286376953125,
    0.167083740234375,
    0.13289451599121094,
    0.10585784912109375,
    0.11377334594726562,
    0.09794235229492188,
    0.1560211181640625,
    0.10476112365722656,
    0.1667022705078125,
    0.2254486083984375,
    0.10967254638671875,
    0.13790130615234375,
    0.12679100036621094,
    0.12478828430175781,
    0.10962486267089844,
    0.14710426330566406,
    0.11949539184570312,
    0.14052391052246094,
    0.104522705078125,
    0.1087188720703125,
    0.10828971862792969,
    0.109100341796875,
    0.1399993896484375,
    0.09584426879882812,
    0.10561943054199219,
    0.09608268737792969,
    0.10762214660644531,
    0.10371208190917969,
    0.11391639709472656,
    0.0988006591796875,
    0.154876708984375,
    0.11243820190429688,
    0.10218620300292969,
    0.1636505126953125,
    0.10075569152832031,
    0.09865760803222656,
    0.10170936584472656,
    0.15625953674316406,
    0.12083053588867188,
    0.11239051818847656,
    0.11873245239257812,
    0.1102447509765625,
    0.14286041259765625,
    0.10838508605957031,
    0.09698867797851562,
    0.1636028289794922,
    0.12159347534179688,
    0.11248588562011719,
    0.10547637939453125,
    0.106048583984375,
    0.10142326354980469,
    0.13980865478515625,
    0.10027885437011719,
    0.14553070068359375,
    0.1259326934814453,
    0.10552406311035156,
    0.10333061218261719,
    0.10204315185546875,
    0.1254558563232422,
    0.1259326934814453,
    0.10552406311035156,
    0.1533985137939453,
    0.10166168212890625
  ],