{
  "total_losses": {
    "train": [
      0.11810285316191821,
      0.08382312704561244,
      0.07001137839168226,
      0.06630499396567903,
      0.06435310061384956,
      0.06129145915297645,
      0.05790658372098277,
      0.05485328636155911,
      0.05291675801065173,
      0.05142737545922599,
      0.0503348040407653,
      0.04943509630746348,
      0.04865198137920483,
      0.04794728465915129,
      0.0473038391469969,
      0.046692657213852524,
      0.04610814642090249,
      0.04556482220592128,
      0.04506312069831574,
      0.04460358191276199,
      0.04416839323690693,
      0.043754957021288454,
      0.043351310156944906,
      0.04296715657481315,
      0.04258066060098578,
      0.04223793782877468,
      0.04188629520447879,
      0.04158685598600792,
      0.04125526882027037,
      0.04094929820586675,
      0.04061659015630416,
      0.040315104370507684,
      0.040009106219765486,
      0.03974142389163297,
      0.03947479896492443,
      0.03920960151621691,
      0.03893755678973157,
      0.038674370785783514,
      0.03840048199430579,
      0.03812897938294379,
      0.03785559048763865,
      0.03758626381950346,
      0.03733075526307475,
      0.03704954946343878,
      0.03680593105536833,
      0.03654552083872362,
      0.03634457556389225,
      0.03611120825324136,
      0.035948245074354915,
      0.03575261288036491
    ],
    "val": [
      0.09184813931874095,
      0.07485021885617642,
      0.07071697407955284,
      0.06934150870863723,
      0.06810085230882562,
      0.06567284785493034,
      0.06392902961986448,
      0.06326931336718998,
      0.06274736349802124,
      0.06231852837129664,
      0.06194871342377809,
      0.061694824060659986,
      0.061535202354635124,
      0.06140424351739679,
      0.061183485478792085,
      0.06089777668917401,
      0.060535241724518636,
      0.060123421191801564,
      0.05970259777813707,
      0.05934170441409546,
      0.0589916780731206,
      0.05866747456749762,
      0.05833083720258183,
      0.05803916579727321,
      0.057667654914267015,
      0.05738747038512631,
      0.0570427014841187,
      0.05683320935659022,
      0.056625539943585206,
      0.05651148596979848,
      0.05654177399277812,
      0.056563065825222976,
      0.05661839979034623,
      0.05664678826108777,
      0.056685835009348484,
      0.05664331907184084,
      0.05662219023467132,
      0.05652468692656967,
      0.056467848614764816,
      0.05638731142204974,
      0.056345247986979395,
      0.05629205418127166,
      0.05619381677290024,
      0.05616665889023987,
      0.056031297955419786,
      0.05607297291273156,
      0.055830171644475804,
      0.055895087679335195,
      0.0556327606933575,
      0.05560465402762536
    ]
  },
  "inference_times": [
    0.4794597625732422,
    0.41286150614420575,
    0.38814544677734375,
    0.4069805145263672,
    0.3723303476969401,
    0.3496011098225911,
    0.3523826599121094,
    0.3928343454996745,
    0.37487347920735675,
    0.4564921061197917,
    0.360568364461263,
    0.41937828063964844,
    0.3844896952311198,
    0.37749608357747394,
    0.3217061360677083,
    0.40920575459798175,
    0.3809134165445964,
    0.39887428283691406,
    0.4821618398030599,
    0.40539105733235675,
    0.36644935607910156,
    0.3655751546223958,
    0.5166530609130859,
    0.4012584686279297,
    0.35309791564941406,
    0.4031658172607422,
    0.4190603892008464,
    0.35492579142252606,
    0.3559589385986328,
    0.377655029296875,
    0.45808156331380206,
    0.5540847778320312,
    0.5811850229899088,
    0.5366802215576172,
    0.5567073822021484,
    0.4607836405436198,
    0.5110899607340494,
    0.4151662190755208,
    0.5963643391927084,
    0.400543212890625,
    0.38313865661621094,
    0.3490447998046875,
    0.3725687662760417,
    0.3921190897623698,
    0.36223729451497394,
    0.44608116149902344,
    0.4940032958984375,
    0.4306634267171224,
    0.3953774770100911,
    0.5459785461425781
  ],
  "learning_rates": [
    0.000985,
    0.000970225,
    0.000955671625,
    0.000941336550625,
    0.0009272165023656249,
    0.0009133082548301405,
    0.0008996086310076885,
    0.0008861145015425731,
    0.0008728227840194345,
    0.000859730442259143,
    0.0008468344856252558,
    0.000834131968340877,
    0.0008216199888157639,
    0.0008092956889835274,
    0.0007971562536487744,
    0.0007851989098440427,
    0.0007734209261963822,
    0.0007618196123034364,
    0.0007503923181188849,
    0.0007391364333471015,
    0.000728049386846895,
    0.0007171286460441916,
    0.0007063717163535287,
    0.0006957761406082259,
    0.0006853394984991023,
    0.0006750594060216158,
    0.0006649335149312917,
    0.0006549595122073222,
    0.0006451351195242124,
    0.0006354580927313492,
    0.0006259262213403789,
    0.0006165373280202732,
    0.0006072892680999691,
    0.0005981799290784695,
    0.0005892072301422925,
    0.0005803691216901581,
    0.0005716635848648057,
    0.0005630886310918336,
    0.0005546423016254561,
    0.0005463226671010743,
    0.0005381278270945582,
    0.0005300559096881398,
    0.0005221050710428177,
    0.0005142734949771754,
    0.0005065593925525178,
    0.00049896100166423,
    0.0004914765866392665,
    0.00048410443783967756,
    0.00047684287127208237,
    0.00046969022820300113
  ],
  "model_config": {
    "NetworkConfig": {
      "model_name": "residual_mlp",
      "delay_horizon": 0,
      "hidden_sizes": [
        64,
        64,
        64,
        64,
        64
      ],
      "activation": "GELU",
      "use_batch_norm": false,
      "dropout_p": 0.0,
      "num_epochs": 50,
      "batch_size": 64,
      "loss_weight": [
        1.0,
        1.0,
        10.0
      ],
      "optimizer": "Adam",
      "weight_decay": 0.0,
      "l1_lambda": 1e-06,
      "learning_rate": 0.001,
      "lr_scheduler": "LambdaLR",
      "num_workers": 0
    },
    "ModelFitConfig": {
      "label_transform": false,
      "input_transform": false,
      "ds_name": "NMPCTiltQdServo_real_machine_dataset_GROUND_EFFECT_ONLY",
      "ds_instance": "dataset_001",
      "state_feats": [
        2,
        3,
        4,
        5
      ],
      "u_feats": [
        0,
        1,
        2,
        3,
        4,
        5,
        6,
        7
      ],
      "y_reg_dims": [
        3,
        4,
        5
      ],
      "prune": true,
      "histogram_n_bins": 10,
      "histogram_thresh": 0.001,
      "vel_cap": 16
    }
  }
}
