{
  "total_losses": {
    "train": [
      0.10831500987042782,
      0.07221673163929895,
      0.06478121926389752,
      0.06057192138787953,
      0.057720960020978894,
      0.05544752602063865,
      0.05347164367843488,
      0.05186970769737688,
      0.05047997343443378,
      0.049383564432921086,
      0.04845659445008454,
      0.04766816095099333,
      0.046920669039629714,
      0.04621970707977716,
      0.045570115408746795,
      0.045002303612477056,
      0.04449857200915009,
      0.0439992409365086,
      0.043475519720489963,
      0.04295327661978755,
      0.04246625233504583,
      0.04199457378205175,
      0.04151516038003137,
      0.041022561834314325,
      0.04050719840288266,
      0.039989712706242006,
      0.039482584417043866,
      0.03896556758566604,
      0.03838630585399634,
      0.03786671274672108,
      0.03740852653679024,
      0.036993770338504366,
      0.036650403489079816,
      0.0362877552658596,
      0.035995201368950076,
      0.035638106380521485,
      0.03539959809711494,
      0.03502124224644885,
      0.03490441680781901,
      0.034447100370611425,
      0.03429519250206964,
      0.03390696579512799,
      0.03366321836949031,
      0.03332584438195097,
      0.0331078148610907,
      0.03286874380581017,
      0.03250764627573829,
      0.03245400553580632,
      0.032706534589978194,
      0.031896146467057324
    ],
    "val": [
      0.07038364036329217,
      0.05776079177090047,
      0.052098823474113,
      0.049664726853526436,
      0.04813781524742594,
      0.04689307528844494,
      0.045741703355820784,
      0.04501404344549544,
      0.04430119155320243,
      0.04371471479130095,
      0.04318675780078868,
      0.042650934740256094,
      0.04219375931298212,
      0.04181765331593663,
      0.04152330977305966,
      0.041261582487943704,
      0.041050040425770505,
      0.04089689286304597,
      0.04076592334996525,
      0.04065841528213774,
      0.04057230088745304,
      0.040522915358084055,
      0.04050580276471911,
      0.04051750044340547,
      0.04060186468767317,
      0.04073396734013209,
      0.040918997601655994,
      0.04114679625745027,
      0.041415865818701006,
      0.04163612219474442,
      0.041866418760882845,
      0.04209985136720966,
      0.04228427196936006,
      0.042517450044818335,
      0.04261692919922802,
      0.042795885054419135,
      0.04298193042211121,
      0.043020460649486766,
      0.043306136243286775,
      0.04350024149345225,
      0.04372999223485393,
      0.04402551530526817,
      0.04431635833935535,
      0.04450356746265735,
      0.0448804183425189,
      0.045172636114651256,
      0.04481202953331719,
      0.045879469075737304,
      0.04503988328103787,
      0.04502312507859688
    ]
  },
  "inference_times": [
    0.6879170735677084,
    0.3546873728434245,
    0.4685719807942708,
    0.671545664469401,
    0.362396240234375,
    0.35564104715983075,
    0.3782113393147786,
    0.4048347473144531,
    0.4195372263590495,
    0.4424254099527995,
    0.4386107126871745,
    0.3370443979899089,
    0.4677772521972656,
    0.3654956817626953,
    0.3980000813802083,
    0.3801186879475911,
    0.413974126180013,
    0.3515879313151042,
    0.3658135732014974,
    0.345150629679362,
    0.3585020701090495,
    0.4467964172363281,
    0.39132436116536456,
    0.34610430399576825,
    0.3986358642578125,
    0.37749608357747394,
    0.36652882893880206,
    0.3307660420735677,
    0.3535747528076172,
    0.34300486246744794,
    0.3635088602701823,
    0.3472169240315755,
    0.5633036295572916,
    0.37741661071777344,
    0.3763834635416667,
    0.4066626230875651,
    0.348965326944987,
    0.37034352620442706,
    0.391085942586263,
    0.4756450653076172,
    0.5520184834798177,
    0.35842259724934894,
    0.43272972106933594,
    0.44345855712890625,
    0.4132588704427083,
    0.4991690317789713,
    0.40340423583984375,
    0.2846717834472656,
    0.4321734110514323,
    0.37161509195963544
  ],
  "learning_rates": [
    0.000985,
    0.000970225,
    0.000955671625,
    0.000941336550625,
    0.0009272165023656249,
    0.0009133082548301405,
    0.0008996086310076885,
    0.0008861145015425731,
    0.0008728227840194345,
    0.000859730442259143,
    0.0008468344856252558,
    0.000834131968340877,
    0.0008216199888157639,
    0.0008092956889835274,
    0.0007971562536487744,
    0.0007851989098440427,
    0.0007734209261963822,
    0.0007618196123034364,
    0.0007503923181188849,
    0.0007391364333471015,
    0.000728049386846895,
    0.0007171286460441916,
    0.0007063717163535287,
    0.0006957761406082259,
    0.0006853394984991023,
    0.0006750594060216158,
    0.0006649335149312917,
    0.0006549595122073222,
    0.0006451351195242124,
    0.0006354580927313492,
    0.0006259262213403789,
    0.0006165373280202732,
    0.0006072892680999691,
    0.0005981799290784695,
    0.0005892072301422925,
    0.0005803691216901581,
    0.0005716635848648057,
    0.0005630886310918336,
    0.0005546423016254561,
    0.0005463226671010743,
    0.0005381278270945582,
    0.0005300559096881398,
    0.0005221050710428177,
    0.0005142734949771754,
    0.0005065593925525178,
    0.00049896100166423,
    0.0004914765866392665,
    0.00048410443783967756,
    0.00047684287127208237,
    0.00046969022820300113
  ],
  "model_config": {
    "MLPConfig": {
      "model_name": "residual_mlp",
      "delay_horizon": 0,
      "hidden_sizes": [
        64,
        64,
        64,
        64
      ],
      "activation": "GELU",
      "use_batch_norm": false,
      "dropout_p": 0.0,
      "num_epochs": 50,
      "batch_size": 64,
      "loss_weight": [
        1.0,
        1.0,
        10.0
      ],
      "optimizer": "Adam",
      "weight_decay": 0.0,
      "l1_lambda": 0.0,
      "learning_rate": 0.001,
      "lr_scheduler": "LambdaLR",
      "num_workers": 0
    },
    "ModelFitConfig": {
      "label_transform": false,
      "input_transform": false,
      "ds_name": "NMPCTiltQdServo_real_machine_dataset_GROUND_EFFECT_ONLY",
      "ds_instance": "dataset_001",
      "state_feats": [
        2,
        3,
        4,
        5
      ],
      "u_feats": [
        0,
        1,
        2,
        3,
        4,
        5,
        6,
        7
      ],
      "y_reg_dims": [
        3,
        4,
        5
      ],
      "prune": true,
      "histogram_n_bins": 10,
      "histogram_thresh": 0.001,
      "vel_cap": 16
    }
  }
}
